Timestamp,User Count,Type,Name,Requests/s,Failures/s,50%,66%,75%,80%,90%,95%,98%,99%,99.9%,99.99%,100%,Total Request Count,Total Failure Count,Total Median Response Time,Total Average Response Time,Total Min Response Time,Total Max Response Time,Total Average Content Size
1788774425,0,,Aggregated,0.000000,0.000000,N/A,N/A,N/A,N/A,N/A,N/A,N/A,N/A,N/A,N/A,N/A,0,0,0,0.0,0,0,0
1788774426,30,,Aggregated,0.000000,0.000000,N/A,N/A,N/A,N/A,N/A,N/A,N/A,N/A,N/A,N/A,N/A,0,0,0,0.0,0,0,0
1788774427,30,,Aggregated,0.000000,0.000000,1700,1800,1800,1900,1900,1900,1900,1900,1900,1900,1900,5,0,1700,1632.0774973999733,1291.474942999912,1868.2693019999306,718.2
1788774428,30,,Aggregated,0.000000,0.000000,1300,1700,1900,2300,2900,2900,2900,2900,2900,2900,2900,19,0,1300,1288.3753959999924,198.37516199993388,2947.6675020000584,731.3157894736842
1788774429,30,,Aggregated,1.000000,0.000000,900,1500,1900,2900,3600,3800,3900,3900,3900,3900,3900,33,0,900,1375.7983238787774,198.37516199993388,3913.4823449999203,729.3636363636364
1788774430,30,,Aggregated,3.333333,0.000000,800,1300,1700,1900,3600,3800,4300,4300,4300,4300,4300,47,0,800,1254.3268785319087,198.37516199993388,4324.96034199994,727.8723404255319
1788774431,30,,Aggregated,6.250000,0.000000,900,1500,2300,2900,5100,5600,5600,5700,5700,5700,5700,67,0,900,1671.764718059699,198.37516199993388,5729.676459000075,724.6417910447761
1788774432,30,,Aggregated,8.400000,0.000000,900,1500,2500,3000,5100,5600,6800,6900,6900,6900,6900,83,0,900,1714.7734710602388,198.37516199993388,6876.957925999932,724.9156626506024
1788774433,30,,Aggregated,9.500000,0.000000,860,1500,2300,2900,5100,5600,6900,7700,7700,7700,7700,97,0,860,1678.904701216493,198.37516199993388,7745.599486999936,725.8762886597938
1788774434,30,,Aggregated,10.714286,0.000000,840,1500,2300,2900,4300,5600,6800,6900,7700,7700,7700,115,0,840,1612.6562469043472,198.37516199993388,7745.599486999936,725.0173913043478
1788774435,30,,Aggregated,11.500000,0.000000,860,1500,2300,2900,4200,5600,6800,6900,7700,7700,7700,131,0,860,1618.162471167938,198.37516199993388,7745.599486999936,724.587786259542
1788774436,30,,Aggregated,12.000000,0.000000,860,1600,2300,3000,4300,5500,6800,6900,7700,7700,7700,147,0,860,1638.7530197959175,198.37516199993388,7745.599486999936,724.1972789115646
1788774437,30,,Aggregated,12.100000,0.000000,860,1500,2300,2900,4300,5500,5700,6900,7700,7700,7700,160,0,840,1585.3036179062462,198.37516199993388,7745.599486999936,724.3375
1788774438,30,,Aggregated,13.800000,0.000000,860,1500,2300,2900,4300,5500,5700,6900,7700,7700,7700,178,0,840,1604.8183978202205,198.37516199993388,7745.599486999936,724.5393258426966
1788774439,30,,Aggregated,15.200000,0.000000,840,1500,2300,2900,4200,5400,5700,6900,7700,7700,7700,194,0,810,1569.5765634020584,198.37516199993388,7745.599486999936,724.3041237113403
1788774440,30,,Aggregated,15.900000,0.000000,860,1600,2500,2900,4200,5200,5700,6800,7700,7700,7700,212,0,840,1600.3543788160353,198.37516199993388,7745.599486999936,723.9716981132076
1788774441,30,,Aggregated,16.000000,0.000000,840,1500,2300,2900,4300,5200,5700,6900,7700,7700,7700,228,0,810,1591.2659761798216,198.37516199993388,7745.599486999936,724.4736842105264
1788774442,30,,Aggregated,16.200000,0.000000,840,1600,2300,2900,4200,5100,5700,6900,7700,7700,7700,244,0,840,1575.1682197458986,197.99239999997553,7745.599486999936,724.3524590163935
1788774443,30,,Aggregated,16.400000,0.000000,840,1500,2300,2900,4200,5100,5700,6900,7700,7700,7700,261,0,840,1567.4002135670469,197.99239999997553,7745.599486999936,724.4444444444445
1788774444,30,,Aggregated,16.100000,0.000000,840,1600,2500,2900,4200,5200,5700,6900,7700,7700,7700,279,0,840,1581.474716516125,197.99239999997553,7745.599486999936,724.1971326164875
1788774445,30,,Aggregated,16.300000,0.000000,810,1500,2400,2900,4200,5100,5700,6900,7700,7700,7700,295,0,810,1563.4965156576222,197.99239999997553,7745.599486999936,724.5050847457627
1788774446,30,,Aggregated,16.400000,0.000000,810,1500,2300,2900,4200,5000,5700,6800,7700,7700,7700,310,0,800,1547.1768772193502,197.99239999997553,7745.599486999936,724.5225806451613
1788774447,30,,Aggregated,16.800000,0.000000,810,1500,2300,2900,4200,5000,5700,6900,22000,22000,22000,329,0,810,1598.2458333525801,197.99239999997553,21895.880585999977,724.5440729483282
1788774448,30,,Aggregated,16.600000,0.000000,810,1500,2500,2900,4200,5100,5700,7400,22000,22000,22000,348,0,810,1620.6358068017198,197.99239999997553,21895.880585999977,724.3678160919541
1788774449,30,,Aggregated,16.800000,0.000000,810,1500,2300,2900,4200,5000,5700,7400,22000,22000,22000,362,0,810,1598.612831317676,197.99239999997553,21895.880585999977,724.3701657458563
1788774450,30,,Aggregated,16.900000,0.000000,840,1500,2400,2900,4200,5100,5700,7400,22000,22000,22000,380,0,810,1604.320256531574,197.99239999997553,21895.880585999977,724.5289473684211
1788774451,30,,Aggregated,17.000000,0.000000,840,1500,2400,2900,4200,5000,5700,7400,22000,22000,22000,395,0,840,1603.3657611848053,197.99239999997553,21895.880585999977,724.4506329113924
1788774452,30,,Aggregated,17.000000,0.000000,810,1500,2300,2900,4200,5000,5700,6900,22000,22000,22000,412,0,810,1583.464659218442,197.99239999997553,21895.880585999977,724.507281553398
1788774453,30,,Aggregated,17.000000,0.000000,840,1500,2400,2900,4200,5000,5700,6900,22000,22000,22000,430,0,810,1593.8771382185998,197.99239999997553,21895.880585999977,724.4697674418604
1788774454,30,,Aggregated,16.900000,0.000000,840,1500,2300,2900,4200,5000,5700,6900,22000,22000,22000,446,0,810,1579.9241023654658,197.99239999997553,21895.880585999977,724.2847533632287
1788774455,30,,Aggregated,16.900000,0.000000,840,1500,2300,2900,4200,5000,5700,7400,22000,22000,22000,463,0,840,1585.9192262267768,197.99239999997553,21895.880585999977,724.3002159827214
1788774456,30,,Aggregated,16.800000,0.000000,840,1500,2300,2900,4200,5000,5700,7400,22000,22000,22000,478,0,840,1588.7654583451838,197.99239999997553,21895.880585999977,724.468619246862
1788774457,30,,Aggregated,16.700000,0.000000,840,1500,2400,2900,4200,5000,5700,7400,22000,22000,22000,496,0,840,1591.0863606814469,197.99239999997553,21895.880585999977,724.3427419354839
1788774458,30,,Aggregated,17.100000,0.000000,840,1500,2300,2900,4200,5000,5700,6900,22000,22000,22000,508,0,840,1579.0048993917273,197.99239999997553,21895.880585999977,724.5216535433071
1788774459,30,,Aggregated,16.700000,0.000000,840,1500,2300,2900,4200,5000,5700,6900,22000,22000,22000,524,0,840,1577.633416944652,197.99239999997553,21895.880585999977,724.412213740458
1788774460,30,,Aggregated,16.500000,0.000000,850,1500,2400,3000,4200,5000,5700,6900,22000,22000,22000,544,0,850,1588.3995388235246,197.99239999997553,21895.880585999977,724.2316176470588
1788774461,30,,Aggregated,16.300000,0.000000,850,1500,2400,3000,4200,5000,5700,6900,22000,22000,22000,560,0,840,1585.3971446928524,197.99239999997553,21895.880585999977,724.3571428571429
1788774462,30,,Aggregated,16.000000,0.000000,840,1500,2300,2900,4200,5000,5700,6900,22000,22000,22000,573,0,840,1570.493720204184,197.99239999997553,21895.880585999977,724.4450261780105
1788774463,30,,Aggregated,16.100000,0.000000,840,1500,2300,3000,4200,5000,5700,7400,22000,22000,22000,592,0,840,1578.3181478260087,197.99239999997553,21895.880585999977,724.2787162162163
1788774464,30,,Aggregated,16.100000,0.000000,840,1500,2300,3000,4200,5000,5700,6900,22000,22000,22000,609,0,840,1581.5436602857096,197.99239999997553,21895.880585999977,724.192118226601
1788774465,30,,Aggregated,15.900000,0.000000,850,1500,2400,3000,4200,5000,5700,6900,22000,22000,22000,625,0,850,1584.8477402927956,197.99239999997553,21895.880585999977,724.4064
1788774466,30,,Aggregated,16.300000,0.000000,840,1500,2300,2900,4200,4900,5700,6900,22000,22000,22000,641,0,840,1569.1724986240204,197.99239999997553,21895.880585999977,724.3588143525741
1788774467,30,,Aggregated,16.100000,0.000000,840,1500,2300,2900,4200,5000,5700,6900,22000,22000,22000,658,0,840,1565.2140507993881,197.99239999997553,21895.880585999977,724.4392097264438
1788774468,30,,Aggregated,15.900000,0.000000,840,1500,2300,3000,4200,5000,5700,7400,22000,22000,22000,675,0,840,1594.768424724441,197.99239999997553,21895.880585999977,724.4
1788774469,30,,Aggregated,15.700000,0.000000,850,1500,2400,3000,4200,5000,5700,7400,44000,44000,44000,696,0,850,1662.9317354726977,197.99239999997553,43664.0732840001,724.1048850574713
1788774470,30,,Aggregated,16.000000,0.000000,850,1500,2400,3000,4200,5000,5700,7400,44000,44000,44000,707,0,850,1667.338448427154,197.99239999997553,43664.0732840001,724.2277227722773
1788774471,30,,Aggregated,16.600000,0.000000,850,1500,2300,3000,4200,5000,5700,7400,44000,44000,44000,722,0,850,1652.293997243764,197.99239999997553,43664.0732840001,724.3393351800554
1788774472,30,,Aggregated,16.300000,0.000000,850,1500,2400,3000,4200,5000,5700,7400,44000,44000,44000,738,0,850,1650.9450547777742,197.99239999997553,43664.0732840001,724.2953929539295
1788774473,30,,Aggregated,16.200000,0.000000,850,1500,2400,3000,4200,5000,5700,7400,44000,44000,44000,755,0,850,1649.6915052331096,197.99239999997553,43664.0732840001,724.1192052980133
1788774474,30,,Aggregated,16.600000,0.000000,850,1500,2400,3000,4200,5000,5700,7400,44000,44000,44000,772,0,850,1646.6379278562151,197.99239999997553,43664.0732840001,724.2875647668394
1788774475,30,,Aggregated,16.600000,0.000000,850,1500,2400,3000,4200,5000,5700,7400,44000,44000,44000,789,0,850,1649.6444403320631,197.99239999997553,43664.0732840001,724.1292775665399
1788774476,30,,Aggregated,16.300000,0.000000,850,1500,2300,2900,4200,5000,5700,7400,44000,44000,44000,806,0,850,1633.1566828126524,197.99239999997553,43664.0732840001,724.2679900744417
1788774477,30,,Aggregated,16.300000,0.000000,850,1500,2400,3000,4200,4900,5700,7400,44000,44000,44000,823,0,850,1637.8037780048578,197.99239999997553,43664.0732840001,724.2235722964763
1788774478,30,,Aggregated,16.300000,0.000000,850,1500,2400,3000,4200,5000,5700,7400,44000,44000,44000,840,0,850,1641.9052422785687,197.99239999997553,43664.0732840001,724.1440476190476
1788774479,30,,Aggregated,16.800000,0.000000,850,1500,2400,2900,4200,5000,5700,7400,44000,44000,44000,856,0,850,1640.543186206773,197.99239999997553,43664.0732840001,724.1378504672897
1788774480,30,,Aggregated,17.200000,0.000000,850,1500,2400,2900,4200,5000,5700,7400,44000,44000,44000,871,0,850,1633.6075438737053,197.99239999997553,43664.0732840001,724.2973593570608
1788774481,30,,Aggregated,16.300000,0.000000,850,1500,2400,2900,4200,5000,5700,7400,44000,44000,44000,889,0,850,1633.6219505702998,197.99239999997553,43664.0732840001,724.1293588301462
1788774482,30,,Aggregated,16.700000,0.000000,850,1500,2400,2900,4200,4900,5700,7400,44000,44000,44000,906,0,850,1628.0430619878553,197.99239999997553,43664.0732840001,724.2461368653421
1788774483,30,,Aggregated,16.800000,0.000000,850,1500,2300,2900,4200,4900,5700,7400,44000,44000,44000,921,0,850,1623.04399493485,197.99239999997553,43664.0732840001,724.3365906623236
1788774484,30,,Aggregated,16.500000,0.000000,850,1500,2300,2900,4200,4900,5700,7400,44000,44000,44000,938,0,850,1617.598041904048,197.99239999997553,43664.0732840001,724.3091684434968
1788774485,30,,Aggregated,16.300000,0.000000,850,1500,2400,3000,4200,5000,5700,7400,44000,44000,44000,957,0,850,1631.2242694315544,197.99239999997553,43664.0732840001,724.2288401253918
1788774486,30,,Aggregated,16.400000,0.000000,850,1500,2400,3000,4200,5000,5700,7400,44000,44000,44000,974,0,850,1627.2223320112914,197.99239999997553,43664.0732840001,724.3028747433265
1788774487,30,,Aggregated,16.700000,0.000000,850,1500,2400,2900,4200,4900,5700,7400,44000,44000,44000,988,0,850,1620.1263616993904,197.99239999997553,43664.0732840001,724.2257085020243
1788774488,30,,Aggregated,16.600000,0.000000,850,1500,2300,2900,4200,4900,5700,7300,22000,44000,44000,1003,0,850,1615.0905332352916,197.99239999997553,43664.0732840001,724.3290129611166
1788774489,30,,Aggregated,16.700000,0.000000,850,1500,2300,2900,4200,4900,5700,7300,22000,44000,44000,1019,0,850,1614.5340400117743,197.99239999997553,43664.0732840001,724.3277723258096
1788774490,30,,Aggregated,15.900000,0.000000,850,1500,2400,3000,4200,4900,5700,7300,22000,44000,44000,1033,0,850,1620.5295637521758,197.99239999997553,43664.0732840001,724.2952565343659
1788774491,30,,Aggregated,16.200000,0.000000,850,1500,2400,3000,4200,5000,5700,7400,22000,44000,44000,1051,0,850,1643.7813070761163,197.99239999997553,43664.0732840001,724.1941008563273
1788774492,30,,Aggregated,16.200000,0.000000,850,1500,2400,3000,4200,5000,5700,7400,22000,44000,44000,1068,0,850,1642.654613781833,197.99239999997553,43664.0732840001,724.2284644194757
1788774493,30,,Aggregated,15.900000,0.000000,850,1500,2400,3000,4200,5000,5800,7400,44000,67000,67000,1082,0,850,1694.0013983622896,197.99239999997553,67260.481928,724.1700554528651
1788774494,30,,Aggregated,16.200000,0.000000,850,1500,2400,3000,4200,5000,5800,7400,44000,67000,67000,1098,0,850,1694.8149802768646,197.99239999997553,67260.481928,724.1930783242259
1788774495,30,,Aggregated,16.400000,0.000000,850,1500,2400,3000,4200,5000,5700,7400,44000,67000,67000,1114,0,850,1702.601043965886,197.99239999997553,67260.481928,724.1921005385997
1788774496,30,,Aggregated,15.900000,0.000000,850,1500,2400,3000,4200,5000,5700,7400,44000,67000,67000,1130,0,850,1697.7788973336255,197.99239999997553,67260.481928,724.1557522123894
1788774497,30,,Aggregated,16.000000,0.000000,850,1500,2400,3000,4200,5000,5700,7400,44000,67000,67000,1146,0,850,1686.8484587905732,197.99239999997553,67260.481928,724.2164048865619
1788774498,30,,Aggregated,15.800000,0.000000,850,1500,2400,3000,4200,5000,5700,7400,44000,67000,67000,1164,0,850,1687.0889501683832,197.99239999997553,67260.481928,724.1039518900344
1788774499,30,,Aggregated,15.600000,0.000000,850,1500,2400,3000,4200,5000,5700,7400,44000,67000,67000,1176,0,850,1684.4798117559515,197.99239999997553,67260.481928,724.079081632653
1788774500,30,,Aggregated,15.900000,0.000000,850,1500,2400,3000,4200,5000,5800,7400,44000,67000,67000,1197,0,850,1691.7156868512934,197.99239999997553,67260.481928,724.1495405179616
1788774501,30,,Aggregated,15.900000,0.000000,850,1500,2400,3000,4200,5000,5700,7400,44000,67000,67000,1211,0,850,1688.3606445813364,197.99239999997553,67260.481928,724.168455821635
1788774502,30,,Aggregated,15.800000,0.000000,850,1500,2400,3000,4200,5000,5700,7400,44000,67000,67000,1226,0,850,1684.9667810456751,197.99239999997553,67260.481928,724.0848287112561
1788774503,30,,Aggregated,16.200000,0.000000,850,1500,2400,3000,4200,5000,5700,7400,44000,67000,67000,1242,0,850,1681.5889117954898,197.99239999997553,67260.481928,724.0772946859903
1788774504,30,,Aggregated,15.800000,0.000000,850,1500,2400,3000,4200,5000,5700,7400,44000,67000,67000,1259,0,850,1673.7447842700544,197.7201749999722,67260.481928,724.1397934868944
1788774505,30,,Aggregated,15.900000,0.000000,850,1500,2400,3000,4200,4900,5700,7400,44000,67000,67000,1277,0,850,1673.0874272036015,197.7201749999722,67260.481928,724.1816758026625
1788774506,30,,Aggregated,16.200000,0.000000,850,1500,2400,3000,4200,5000,5700,7400,44000,67000,67000,1293,0,850,1672.9344602258298,197.7201749999722,67260.481928,724.2745552977572
1788774507,30,,Aggregated,16.100000,0.000000,850,1500,2400,3000,4200,5000,5700,7400,44000,67000,67000,1311,0,850,1674.7010737627754,197.7201749999722,67260.481928,724.2601067887109
1788774508,30,,Aggregated,16.100000,0.000000,850,1500,2400,3000,4200,5000,5800,7400,44000,67000,67000,1326,0,850,1675.4266554298629,197.7201749999722,67260.481928,724.106334841629
1788774509,30,,Aggregated,16.400000,0.000000,850,1500,2400,3000,4200,5000,5800,7400,44000,67000,67000,1340,0,850,1667.1742497582075,197.7201749999722,67260.481928,724.194776119403
1788774510,30,,Aggregated,16.400000,0.000000,850,1500,2400,3000,4200,4900,5700,7400,44000,67000,67000,1361,0,850,1667.4998686715635,197.7201749999722,67260.481928,724.2248346803821
1788774511,30,,Aggregated,16.500000,0.000000,850,1500,2400,3000,4200,5000,5800,7400,44000,67000,67000,1376,0,850,1695.7506419106087,197.7201749999722,67260.481928,724.0886627906976
1788774512,30,,Aggregated,16.500000,0.000000,850,1500,2400,3000,4200,5000,5800,7400,44000,67000,67000,1395,0,850,1711.8313521892453,197.7201749999722,67260.481928,724.005017921147
1788774513,30,,Aggregated,16.200000,0.000000,850,1500,2400,3000,4200,5000,5800,7400,44000,67000,67000,1407,0,850,1705.3578906332602,197.7201749999722,67260.481928,724.0817341862117
1788774514,30,,Aggregated,16.600000,0.000000,850,1500,2400,3000,4200,5000,5800,7400,44000,67000,67000,1426,0,850,1707.2607763744725,197.7201749999722,67260.481928,724.0743338008415
1788774515,30,,Aggregated,16.600000,0.000000,850,1500,2400,3000,4200,4900,5800,7400,44000,67000,67000,1441,0,850,1705.082303235252,197.7201749999722,67260.481928,724.0693962526024
1788774516,30,,Aggregated,16.100000,0.000000,850,1500,2400,3000,4200,4900,5800,7400,44000,67000,67000,1456,0,850,1702.3211411071422,197.7201749999722,67260.481928,724.084478021978
1788774517,30,,Aggregated,16.200000,0.000000,850,1500,2400,3000,4200,5000,5800,7400,67000,92000,92000,1473,0,850,1761.1795002885262,197.7201749999722,91781.25315099998,724.0787508486083
1788774518,30,,Aggregated,16.800000,0.000000,850,1500,2400,3000,4200,5000,5800,7400,67000,92000,92000,1494,0,850,1756.822307372824,197.7201749999722,91781.25315099998,724.0796519410977
1788774519,30,,Aggregated,16.300000,0.000000,850,1500,2400,3000,4200,5000,5800,7400,67000,92000,92000,1509,0,850,1755.7062411968186,197.7201749999722,91781.25315099998,724.0854870775348
1788774520,30,,Aggregated,16.200000,0.000000,850,1500,2400,3000,4200,5000,5800,7400,67000,92000,92000,1523,0,850,1754.6713257511485,197.7201749999722,91781.25315099998,723.9980302035457
1788774521,30,,Aggregated,16.500000,0.000000,850,1500,2400,3000,4200,5000,5800,7400,67000,92000,92000,1538,0,850,1748.41391453186,197.7201749999722,91781.25315099998,724.0988296488947
1788774522,30,,Aggregated,16.400000,0.000000,850,1500,2400,3000,4200,5000,5800,7400,67000,92000,92000,1555,0,850,1748.502769562701,197.7201749999722,91781.25315099998,724.0636655948553
1788774523,30,,Aggregated,16.300000,0.000000,850,1600,2400,3000,4200,5000,5800,7400,67000,92000,92000,1573,0,850,1748.0339766694215,197.7201749999722,91781.25315099998,724.0737444373808
1788774524,30,,Aggregated,16.100000,0.000000,850,1600,2400,3000,4200,5000,5800,7400,67000,92000,92000,1590,0,850,1747.9370638522014,197.7201749999722,91781.25315099998,724.077358490566
1788774525,30,,Aggregated,16.000000,0.000000,850,1500,2400,3000,4200,5000,5800,7400,67000,92000,92000,1606,0,850,1743.0115855716065,197.7201749999722,91781.25315099998,724.1351183063512
1788774526,30,,Aggregated,16.800000,0.000000,850,1500,2400,3000,4200,4900,5800,7400,67000,92000,92000,1621,0,850,1734.9413320012338,197.7201749999722,91781.25315099998,724.119679210364
1788774527,30,,Aggregated,16.600000,0.000000,850,1500,2400,3000,4200,5000,5800,7400,67000,92000,92000,1640,0,850,1733.7037975225605,197.7201749999722,91781.25315099998,724.1835365853658
1788774528,30,,Aggregated,16.000000,0.000000,850,1500,2400,3000,4200,5000,5800,7400,67000,92000,92000,1658,0,850,1735.3794066724965,197.7201749999722,91781.25315099998,724.0669481302774
1788774529,30,,Aggregated,16.200000,0.000000,850,1600,2400,3000,4200,5000,5800,7400,67000,92000,92000,1672,0,850,1737.1630413648322,197.7201749999722,91781.25315099998,724.0825358851674
1788774530,30,,Aggregated,16.400000,0.000000,850,1500,2400,3000,4200,5000,5800,7400,67000,92000,92000,1687,0,850,1732.5765590877295,197.7201749999722,91781.25315099998,724.176052163604
1788774531,30,,Aggregated,16.500000,0.000000,850,1500,2400,3000,4200,5000,5800,7400,67000,92000,92000,1705,0,850,1729.7800588480936,197.7201749999722,91781.25315099998,724.1143695014663
1788774532,30,,Aggregated,16.500000,0.000000,850,1500,2400,3000,4200,5000,5800,7400,67000,92000,92000,1716,0,850,1725.7148333426571,197.7201749999722,91781.25315099998,724.1381118881119
1788774533,30,,Aggregated,16.700000,0.000000,850,1600,2400,3000,4200,5000,5800,7400,67000,92000,92000,1736,0,850,1738.3926636157837,197.7201749999722,91781.25315099998,724.1163594470046
1788774534,30,,Aggregated,16.400000,0.000000,850,1500,2400,3000,4200,5000,5800,7400,67000,92000,92000,1753,0,850,1737.6963193696529,197.7201749999722,91781.25315099998,724.1203650884198
1788774535,30,,Aggregated,16.600000,0.000000,850,1600,2400,3000,4200,5000,5800,7400,67000,92000,92000,1769,0,850,1737.6913322176374,197.7201749999722,91781.25315099998,724.0491803278688
1788774536,30,,Aggregated,15.900000,0.000000,850,1600,2400,3000,4200,5000,5800,7400,67000,92000,92000,1784,0,850,1731.8101117017948,197.7201749999722,91781.25315099998,724.1227578475336
1788774537,30,,Aggregated,16.100000,0.000000,850,1600,2400,3000,4200,5000,5800,7400,67000,92000,92000,1800,0,850,1731.0476297750006,197.7201749999722,91781.25315099998,724.1227777777777
1788774538,30,,Aggregated,16.300000,0.000000,850,1500,2400,3000,4200,5000,5800,7400,67000,92000,92000,1817,0,850,1727.359567546506,197.7201749999722,91781.25315099998,724.1414419372592
1788774539,30,,Aggregated,16.400000,0.000000,850,1600,2400,3000,4200,5000,5800,7400,67000,92000,92000,1834,0,850,1728.7221731150498,197.7201749999722,91781.25315099998,724.1810250817884
1788774540,30,,Aggregated,16.200000,0.000000,850,1600,2400,3000,4200,5000,5800,7400,67000,92000,92000,1851,0,850,1727.0695249924377,197.7201749999722,91781.25315099998,724.1301998919503
1788774541,30,,Aggregated,16.000000,0.000000,850,1600,2400,3000,4200,5000,5800,7400,67000,92000,92000,1863,0,850,1725.9608992023627,197.7201749999722,91781.25315099998,724.0719269994632
1788774542,30,,Aggregated,16.400000,0.000000,850,1600,2400,3000,4200,4900,5800,7400,67000,92000,92000,1881,0,850,1723.7409424598623,197.7201749999722,91781.25315099998,724.1313131313132
1788774543,30,,Aggregated,16.000000,0.000000,850,1500,2400,3000,4200,5000,5800,7400,67000,92000,92000,1898,0,850,1720.5905373335092,197.7201749999722,91781.25315099998,724.126975763962
1788774544,30,,Aggregated,16.400000,0.000000,850,1500,2400,3000,4200,5000,5800,7400,67000,92000,92000,1916,0,850,1720.744745902923,197.7201749999722,91781.25315099998,724.1049060542797
1788774545,30,,Aggregated,16.000000,0.000000,850,1600,2400,3000,4200,5000,5800,7400,67000,92000,92000,1931,0,850,1721.989444065769,197.7201749999722,91781.25315099998,724.0580010357328
1788774546,30,,Aggregated,16.400000,0.000000,850,1500,2400,3000,4200,5000,5800,7400,67000,92000,92000,1945,0,850,1720.077634639589,197.7201749999722,91781.25315099998,724.1033419023137
1788774547,30,,Aggregated,16.300000,0.000000,850,1600,2400,3000,4200,4900,5800,7400,67000,92000,92000,1961,0,850,1718.8314983508415,197.7201749999722,91781.25315099998,724.0158082610913
1788774548,30,,Aggregated,16.300000,0.000000,850,1500,2400,3000,4200,4900,5800,7400,67000,92000,92000,1975,0,850,1715.1940896693673,197.7201749999722,91781.25315099998,724.0693670886076
1788774549,30,,Aggregated,15.900000,0.000000,850,1500,2400,3000,4200,4900,5800,7400,67000,92000,92000,1990,0,850,1713.6167497391957,197.7201749999722,91781.25315099998,724.1271356783919
1788774550,30,,Aggregated,16.200000,0.000000,850,1500,2400,3000,4200,4900,5800,7400,44000,92000,92000,2007,0,850,1712.4455082291972,197.7201749999722,91781.25315099998,724.0976581963129
1788774551,30,,Aggregated,15.800000,0.000000,850,1500,2400,3000,4200,4900,5800,7400,44000,92000,92000,2025,0,850,1715.6923852572834,197.7201749999722,91781.25315099998,724.0444444444445
1788774552,30,,Aggregated,15.500000,0.000000,850,1500,2400,3000,4200,4900,5800,7400,44000,92000,92000,2042,0,850,1713.5266979720864,197.7201749999722,91781.25315099998,724.081292850147
1788774553,30,,Aggregated,16.000000,0.000000,850,1500,2400,3000,4200,5000,5800,7400,44000,92000,92000,2057,0,850,1728.2681113471076,197.7201749999722,91781.25315099998,724.059309674283
1788774554,30,,Aggregated,15.900000,0.000000,850,1500,2400,3000,4200,5000,5800,7400,44000,92000,92000,2076,0,850,1730.8816869051066,197.7201749999722,91781.25315099998,724.0915221579961
1788774555,30,,Aggregated,16.000000,0.000000,850,1500,2400,3000,4200,5000,5800,7400,44000,92000,92000,2091,0,850,1736.0209677608805,197.7201749999722,91781.25315099998,724.0970827355333
1788774556,30,,Aggregated,15.900000,0.000000,850,1500,2400,3000,4200,5000,5800,7400,44000,92000,92000,2108,0,850,1733.756949398957,197.7201749999722,91781.25315099998,724.0792220113852
1788774557,30,,Aggregated,16.000000,0.000000,850,1500,2400,3000,4200,5000,5800,7400,44000,92000,92000,2124,0,850,1732.695195711394,197.7201749999722,91781.25315099998,724.1082862523541
1788774558,30,,Aggregated,16.000000,0.000000,850,1500,2400,3000,4200,5000,5800,7400,44000,92000,92000,2140,0,850,1731.2077484392526,197.7201749999722,91781.25315099998,724.081308411215
1788774559,30,,Aggregated,16.400000,0.000000,850,1500,2400,3000,4200,5000,5800,7400,44000,92000,92000,2157,0,850,1732.9490165785817,197.7201749999722,91781.25315099998,724.1084840055632
1788774560,30,,Aggregated,16.200000,0.000000,850,1600,2400,3000,4200,5000,5900,7400,67000,92000,92000,2173,0,850,1762.5992442107693,197.7201749999722,91781.25315099998,724.0934192360792
1788774561,30,,Aggregated,16.500000,0.000000,850,1500,2400,3000,4200,5000,5900,7400,67000,92000,92000,2187,0,850,1758.0047217146785,197.7201749999722,91781.25315099998,724.135345221765
1788774562,30,,Aggregated,16.800000,0.000000,850,1500,2400,3000,4200,5000,5800,7400,67000,92000,92000,2204,0,850,1754.8003674097106,197.7201749999722,91781.25315099998,724.1506352087114
1788774563,30,,Aggregated,16.100000,0.000000,850,1500,2500,3000,4200,5000,5900,7400,67000,92000,92000,2220,0,850,1758.0999831040551,197.7201749999722,91781.25315099998,724.0490990990991
1788774564,30,,Aggregated,15.900000,0.000000,850,1500,2400,3000,4200,5000,5900,7400,67000,92000,92000,2235,0,850,1753.9635452125292,197.7201749999722,91781.25315099998,724.1302013422819
1788774565,30,,Aggregated,16.500000,0.000000,850,1500,2400,3000,4200,5000,5900,7400,67000,92000,92000,2249,0,850,1753.2498592458878,197.7201749999722,91781.25315099998,724.0942641173855
1788774566,30,,Aggregated,16.100000,0.000000,850,1500,2400,3000,4200,5000,6000,7400,67000,141000,141000,2270,0,850,1815.181334594274,197.7201749999722,141202.82597099993,724.1299559471365
1788774567,30,,Aggregated,15.900000,0.000000,850,1500,2400,3000,4200,5000,6000,7400,67000,141000,141000,2285,0,850,1812.2874864862154,197.7201749999722,141202.82597099993,724.0919037199125
1788774568,30,,Aggregated,15.900000,0.000000,850,1500,2400,3000,4200,5000,6000,7400,67000,141000,141000,2300,0,850,1807.2516713365228,197.7201749999722,141202.82597099993,724.1347826086957
1788774569,30,,Aggregated,16.000000,0.000000,850,1500,2400,3000,4200,5000,6000,7400,67000,141000,141000,2317,0,850,1809.5922069728108,197.7201749999722,141202.82597099993,724.1217091066034
1788774570,30,,Aggregated,16.000000,0.000000,850,1500,2400,3000,4200,5000,6000,7400,67000,141000,141000,2335,0,850,1807.2133165473238,197.7201749999722,141202.82597099993,724.1700214132762
1788774571,30,,Aggregated,15.800000,0.000000,850,1500,2400,3000,4200,5000,6000,7400,67000,141000,141000,2355,0,850,1804.7529897176219,197.7201749999722,141202.82597099993,724.1193205944799
1788774572,30,,Aggregated,15.600000,0.000000,850,1500,2400,3000,4200,5000,6000,7400,67000,141000,141000,2368,0,850,1800.1125614826851,197.7201749999722,141202.82597099993,724.1765202702703
1788774573,30,,Aggregated,16.500000,0.000000,850,1500,2400,3000,4200,5000,6000,7400,67000,141000,141000,2383,0,850,1795.8545335811996,197.7201749999722,141202.82597099993,724.1867394041125
1788774574,30,,Aggregated,16.600000,0.000000,850,1500,2400,3000,4200,5000,6000,7400,67000,141000,141000,2397,0,850,1798.3834724430535,197.7201749999722,141202.82597099993,724.2273675427618
1788774575,30,,Aggregated,15.900000,0.000000,850,1500,2400,3000,4200,5000,6000,7400,67000,141000,141000,2416,0,850,1800.1088903650657,197.7201749999722,141202.82597099993,724.1543874172186
1788774576,30,,Aggregated,16.500000,0.000000,850,1500,2400,3000,4200,5000,6000,7400,67000,141000,141000,2432,0,850,1796.361703910361,197.7201749999722,141202.82597099993,724.1784539473684
1788774577,30,,Aggregated,16.900000,0.000000,850,1500,2400,3000,4200,5000,6000,7400,67000,141000,141000,2450,0,850,1801.4695242738765,197.7201749999722,141202.82597099993,724.1963265306123
1788774578,30,,Aggregated,16.600000,0.000000,850,1500,2400,3000,4200,5000,6000,7400,67000,141000,141000,2464,0,850,1798.610345883928,197.7201749999722,141202.82597099993,724.1696428571429
1788774579,30,,Aggregated,16.300000,0.000000,850,1500,2400,3000,4200,5000,6000,7400,67000,141000,141000,2483,0,850,1797.3219146677393,197.7201749999722,141202.82597099993,724.2009665726944
1788774580,30,,Aggregated,16.200000,0.000000,850,1500,2400,3000,4200,5000,6000,7400,67000,141000,141000,2498,0,850,1793.8368542477972,197.7201749999722,141202.82597099993,724.2273819055245
1788774581,30,,Aggregated,16.300000,0.000000,850,1500,2400,3000,4200,5000,6000,7400,67000,141000,141000,2518,0,850,1798.2185433832396,197.7201749999722,141202.82597099993,724.1687847498014
1788774582,30,,Aggregated,16.500000,0.000000,850,1500,2400,3000,4200,5000,6000,7400,67000,141000,141000,2531,0,850,1795.9218346349257,197.7201749999722,141202.82597099993,724.1872777558277
1788774583,30,,Aggregated,16.100000,0.000000,850,1500,2400,3000,4200,5000,6000,7400,67000,141000,141000,2544,0,850,1792.1041479245268,197.7201749999722,141202.82597099993,724.2421383647799
1788774584,30,,Aggregated,16.400000,0.000000,850,1500,2400,3000,4200,5000,6000,7400,67000,141000,141000,2563,0,850,1793.37626011861,197.7201749999722,141202.82597099993,724.2200546234881
1788774585,30,,Aggregated,16.300000,0.000000,850,1500,2400,3000,4200,5000,6000,7400,67000,141000,141000,2574,0,850,1788.257322039626,197.7201749999722,141202.82597099993,724.2498057498058
1788774586,30,,Aggregated,16.400000,0.000000,850,1500,2400,3000,4200,5000,6000,7400,67000,141000,141000,2594,0,850,1787.4092796522734,197.7201749999722,141202.82597099993,724.2413261372398
1788774587,30,,Aggregated,15.700000,0.000000,850,1500,2400,3000,4200,5000,6000,7400,67000,141000,141000,2608,0,850,1787.011103537192,197.7201749999722,141202.82597099993,724.2423312883435
1788774588,30,,Aggregated,15.700000,0.000000,850,1500,2400,3000,4200,5000,6000,7400,67000,141000,141000,2626,0,850,1786.3798165285593,197.7201749999722,141202.82597099993,724.1911652703732
1788774589,30,,Aggregated,15.800000,0.000000,850,1500,2400,3000,4200,5000,6000,7400,67000,141000,141000,2642,0,850,1784.462630663889,197.7201749999722,141202.82597099993,724.2426192278576
1788774590,30,,Aggregated,16.300000,0.000000,850,1500,2400,3000,4200,5000,6000,7400,67000,141000,141000,2664,0,850,1783.0584106644128,197.7201749999722,141202.82597099993,724.2278528528528
1788774591,30,,Aggregated,16.300000,0.000000,850,1500,2400,3000,4200,5000,6000,7400,67000,141000,141000,2674,0,850,1779.5088272180237,197.7201749999722,141202.82597099993,724.2501869857891
1788774592,30,,Aggregated,15.900000,0.000000,850,1500,2400,3000,4200,5000,6000,7400,67000,141000,141000,2689,0,850,1781.9797690661933,197.7201749999722,141202.82597099993,724.2420974339904
1788774593,30,,Aggregated,16.200000,0.000000,850,1500,2400,3000,4200,5000,6000,7400,67000,141000,141000,2705,0,850,1780.0233776887221,197.7201749999722,141202.82597099993,724.226247689464
1788774594,30,,Aggregated,15.800000,0.000000,850,1500,2400,3000,4200,5000,6000,7400,67000,141000,141000,2723,0,850,1779.6227421285325,197.7201749999722,141202.82597099993,724.225119353654
1788774595,30,,Aggregated,16.100000,0.000000,850,1500,2400,3000,4200,5000,6000,7400,67000,141000,141000,2737,0,850,1790.6968965911553,197.7201749999722,141202.82597099993,724.2513701132627
1788774596,30,,Aggregated,15.400000,0.000000,850,1500,2400,3000,4200,5000,6000,7400,67000,141000,141000,2752,0,850,1789.6903034465815,197.7201749999722,141202.82597099993,724.234375
1788774597,30,,Aggregated,15.900000,0.000000,850,1500,2400,3000,4200,5000,6000,7400,67000,141000,141000,2768,0,850,1786.7877975971787,197.7201749999722,141202.82597099993,724.2348265895954
1788774598,30,,Aggregated,16.100000,0.000000,850,1500,2500,3000,4200,5000,6000,7400,67000,141000,141000,2789,0,850,1798.5833039601978,197.7201749999722,141202.82597099993,724.1964861957691
1788774599,30,,Aggregated,16.100000,0.000000,850,1500,2400,3000,4200,5000,6000,7400,67000,141000,141000,2802,0,850,1795.7517032905039,197.7201749999722,141202.82597099993,724.1877230549608
1788774600,30,,Aggregated,15.900000,0.000000,850,1500,2400,3000,4200,5000,6000,7400,67000,141000,141000,2819,0,850,1792.8134462412174,197.7201749999722,141202.82597099993,724.2160340546293
1788774601,30,,Aggregated,16.600000,0.000000,850,1500,2400,3000,4200,5000,6000,7400,67000,141000,141000,2834,0,850,1789.4129550282262,197.7201749999722,141202.82597099993,724.242060691602
1788774602,30,,Aggregated,15.900000,0.000000,850,1500,2400,3000,4200,5000,6000,7400,67000,141000,141000,2851,0,850,1788.4080515734804,197.7201749999722,141202.82597099993,724.2339529989478
1788774603,30,,Aggregated,15.800000,0.000000,850,1500,2400,3000,4200,5000,6000,7400,67000,141000,141000,2869,0,850,1788.2012361537097,197.7201749999722,141202.82597099993,724.2551411641687
1788774604,30,,Aggregated,15.800000,0.000000,850,1500,2400,3000,4200,5000,6000,7400,67000,141000,141000,2887,0,850,1788.0396977315522,197.7201749999722,141202.82597099993,724.2566678212678
1788774605,30,,Aggregated,16.100000,0.000000,850,1500,2400,3000,4200,5000,6000,7400,67000,141000,141000,2901,0,850,1786.3556000675603,197.7201749999722,141202.82597099993,724.2461220268873
1788774606,30,,Aggregated,16.500000,0.000000,850,1500,2400,3000,4200,5000,6000,7400,67000,141000,141000,2918,0,850,1783.416251726865,197.7201749999722,141202.82597099993,724.256339958876
1788774607,30,,Aggregated,16.400000,0.000000,850,1500,2400,3000,4200,5000,6000,7400,90000,141000,141000,2935,0,850,1811.4738181386692,197.7201749999722,141202.82597099993,724.258262350937
1788774608,30,,Aggregated,16.500000,0.000000,850,1500,2400,3000,4200,5000,6000,7400,90000,141000,141000,2951,0,850,1810.830634633003,197.7201749999722,141202.82597099993,724.2355133852931
1788774609,30,,Aggregated,16.500000,0.000000,850,1500,2400,3000,4200,5000,6000,7400,90000,141000,141000,2967,0,850,1809.3950274475878,197.7201749999722,141202.82597099993,724.2662622177284
1788774610,30,,Aggregated,16.400000,0.000000,850,1500,2400,3000,4200,5000,6000,7400,90000,141000,141000,2984,0,850,1807.3784494540864,197.7201749999722,141202.82597099993,724.2714477211796
1788774611,30,,Aggregated,15.900000,0.000000,850,1500,2400,3000,4200,5000,6000,7400,67000,141000,141000,3001,0,850,1808.1725762575782,197.7201749999722,141202.82597099993,724.2352549150283
1788774612,30,,Aggregated,16.600000,0.000000,850,1500,2400,3000,4200,5000,6000,7400,67000,141000,141000,3014,0,850,1804.7990693742506,197.7201749999722,141202.82597099993,724.2538155275381
1788774613,30,,Aggregated,16.400000,0.000000,850,1500,2400,3000,4200,5000,6000,7400,67000,141000,141000,3031,0,850,1802.7109065074194,197.7201749999722,141202.82597099993,724.2929726162982
1788774614,30,,Aggregated,16.700000,0.000000,850,1500,2400,3000,4200,5000,6000,7400,67000,141000,141000,3051,0,850,1805.2795301140575,197.7201749999722,141202.82597099993,724.2209111766634
1788774615,30,,Aggregated,16.000000,0.000000,850,1500,2400,3000,4200,5000,6000,7400,67000,141000,141000,3064,0,850,1802.7915731341345,197.7201749999722,141202.82597099993,724.251958224543
1788774616,30,,Aggregated,16.100000,0.000000,850,1500,2400,3000,4200,5000,6000,7400,67000,141000,141000,3082,0,850,1799.2159923945453,197.7201749999722,141202.82597099993,724.2832576249189
1788774617,30,,Aggregated,16.500000,0.000000,850,1500,2400,3000,4200,5000,6000,7400,67000,141000,141000,3095,0,850,1796.4599096978968,197.7201749999722,141202.82597099993,724.2930533117932
1788774618,30,,Aggregated,16.300000,0.000000,850,1500,2400,3000,4200,5000,6000,7400,67000,141000,141000,3113,0,850,1798.8039653398619,197.7201749999722,141202.82597099993,724.2637327336975
1788774619,30,,Aggregated,16.300000,0.000000,850,1500,2400,3000,4200,5000,6000,7400,67000,141000,141000,3127,0,850,1796.5811631666106,197.7201749999722,141202.82597099993,724.270546850016
1788774620,30,,Aggregated,16.000000,0.000000,850,1500,2400,3000,4200,5000,6000,7400,67000,141000,141000,3144,0,850,1796.5036083851755,197.7201749999722,141202.82597099993,724.2426844783715
1788774621,30,,Aggregated,16.200000,0.000000,850,1500,2400,3000,4200,5000,6000,7400,67000,141000,141000,3162,0,850,1802.6115971182771,197.7201749999722,141202.82597099993,724.2400379506641
1788774622,30,,Aggregated,15.900000,0.000000,850,1500,2400,3000,4200,5000,6000,7400,67000,141000,141000,3178,0,850,1799.1910156246042,197.7201749999722,141202.82597099993,724.2633731906859
1788774623,30,,Aggregated,16.000000,0.000000,850,1500,2400,3000,4200,5000,6000,7400,67000,141000,141000,3196,0,850,1797.5611460488083,197.7201749999722,141202.82597099993,724.2418648310388
1788774624,30,,Aggregated,16.100000,0.000000,850,1500,2400,3000,4200,5000,6000,7400,67000,141000,141000,3209,0,850,1795.04679428264,197.25946700009445,141202.82597099993,724.2708008725459
1788774625,30,,Aggregated,16.300000,0.000000,850,1500,2400,3000,4200,5000,6000,7400,67000,141000,141000,3225,0,850,1794.3878832821679,197.25946700009445,141202.82597099993,724.3023255813954
1788774626,30,,Aggregated,16.500000,0.000000,850,1500,2400,3000,4200,5000,6100,7400,67000,141000,141000,3243,0,850,1816.511973938943,197.25946700009445,141202.82597099993,724.2463768115942
1788774627,30,,Aggregated,16.000000,0.000000,850,1500,2400,3000,4200,5000,6000,7400,67000,141000,141000,3260,0,850,1814.9302659447833,197.25946700009445,141202.82597099993,724.2211656441718
1788774628,30,,Aggregated,16.200000,0.000000,850,1500,2400,3000,4200,5000,6000,7400,67000,141000,141000,3276,0,850,1812.3932592756391,197.25946700009445,141202.82597099993,724.258547008547
1788774629,30,,Aggregated,16.200000,0.000000,850,1500,2400,3000,4200,5000,6000,7400,67000,141000,141000,3291,0,850,1808.1879578304445,197.25946700009445,141202.82597099993,724.2564570039501
1788774630,30,,Aggregated,16.400000,0.000000,850,1500,2400,3000,4200,5000,6000,7400,67000,141000,141000,3309,0,850,1808.5863207518864,197.25946700009445,141202.82597099993,724.2085222121486
1788774631,30,,Aggregated,16.100000,0.000000,850,1500,2400,3000,4200,5000,6000,7400,67000,141000,141000,3329,0,850,1808.8610099375167,197.25946700009445,141202.82597099993,724.2279963953139
1788774632,30,,Aggregated,16.600000,0.000000,850,1500,2400,3000,4200,5000,6000,7400,67000,141000,141000,3342,0,850,1804.8552416819248,197.25946700009445,141202.82597099993,724.2483542788749
1788774633,30,,Aggregated,16.500000,0.000000,850,1500,2400,3000,4200,5000,6000,7400,67000,141000,141000,3359,0,850,1805.3781485906504,197.25946700009445,141202.82597099993,724.2557308722834
1788774634,30,,Aggregated,16.700000,0.000000,850,1500,2400,3000,4200,5000,6000,7400,67000,141000,141000,3372,0,850,1804.4754162755025,197.25946700009445,141202.82597099993,724.2740213523132
1788774635,30,,Aggregated,16.400000,0.000000,850,1500,2400,3000,4200,5000,6000,7400,67000,141000,141000,3390,0,850,1801.8601231970486,197.25946700009445,141202.82597099993,724.2666666666667
1788774636,30,,Aggregated,16.500000,0.000000,850,1500,2400,3000,4200,5000,6000,7400,67000,141000,141000,3408,0,850,1800.8532887743527,197.25946700009445,141202.82597099993,724.2517605633802
1788774637,30,,Aggregated,16.200000,0.000000,850,1500,2400,3000,4200,5000,6000,7400,67000,141000,141000,3425,0,850,1810.952898844378,197.25946700009445,141202.82597099993,724.2402919708029
1788774638,30,,Aggregated,16.400000,0.000000,850,1500,2400,3000,4200,5000,6000,7400,67000,141000,141000,3442,0,850,1809.7249170918055,197.25946700009445,141202.82597099993,724.2574084834399
1788774639,30,,Aggregated,16.400000,0.000000,850,1500,2400,3000,4200,5000,6000,7400,67000,141000,141000,3459,0,850,1807.1406526296605,197.25946700009445,141202.82597099993,724.2682856316854
1788774640,30,,Aggregated,16.700000,0.000000,850,1500,2400,3000,4200,5000,6000,7400,67000,141000,141000,3474,0,850,1805.039195303107,197.25946700009445,141202.82597099993,724.2702936096719
1788774641,30,,Aggregated,16.500000,0.000000,850,1500,2400,3000,4200,5000,6000,7400,67000,141000,141000,3489,0,850,1804.503650076524,197.25946700009445,141202.82597099993,724.2582401834336
1788774642,30,,Aggregated,16.500000,0.000000,850,1500,2400,3000,4200,5000,6000,7400,67000,141000,141000,3509,0,850,1809.530217616697,197.25946700009445,141202.82597099993,724.2462239954403
1788774643,30,,Aggregated,16.600000,0.000000,850,1500,2400,3000,4200,5000,6000,7400,67000,141000,141000,3525,0,850,1808.2027539829758,197.25946700009445,141202.82597099993,724.2953191489362
1788774644,30,,Aggregated,16.400000,0.000000,850,1500,2400,3000,4200,5000,6000,7400,67000,141000,141000,3542,0,850,1807.1166360225834,197.25946700009445,141202.82597099993,724.2447769621683
1788774645,30,,Aggregated,16.700000,0.000000,850,1500,2400,3000,4200,5000,6000,7400,67000,141000,141000,3560,0,850,1805.9024850662888,197.25946700009445,141202.82597099993,724.2216292134832
1788774646,30,,Aggregated,16.300000,0.000000,850,1500,2400,3000,4200,5000,6000,7400,67000,141000,141000,3572,0,850,1803.4020934493253,197.25946700009445,141202.82597099993,724.2469204927212
1788774647,30,,Aggregated,16.800000,0.000000,850,1500,2400,3000,4200,5000,6000,7400,67000,141000,141000,3587,0,850,1801.2721591800919,197.25946700009445,141202.82597099993,724.2757178700864
1788774648,30,,Aggregated,16.900000,0.000000,850,1500,2400,3000,4200,5000,6000,7400,67000,141000,141000,3608,0,850,1803.9419822114714,197.25946700009445,141202.82597099993,724.2164634146342
1788774649,30,,Aggregated,16.600000,0.000000,850,1500,2400,3000,4200,5000,6000,7400,67000,141000,141000,3621,0,850,1805.0117001842004,197.25946700009445,141202.82597099993,724.2311516155758
1788774650,30,,Aggregated,16.200000,0.000000,850,1500,2400,3000,4200,5000,6000,7400,67000,141000,141000,3635,0,850,1801.0139603546054,197.25946700009445,141202.82597099993,724.2371389270977
1788774651,30,,Aggregated,16.700000,0.000000,850,1500,2400,3000,4200,5000,6000,7400,67000,141000,141000,3653,0,850,1798.6692710687078,197.25946700009445,141202.82597099993,724.2425403777717
1788774652,30,,Aggregated,16.200000,0.000000,850,1500,2400,3000,4200,5000,6000,7400,67000,141000,141000,3669,0,850,1796.2738565682716,197.25946700009445,141202.82597099993,724.244480784955
1788774653,30,,Aggregated,15.900000,0.000000,850,1500,2400,3000,4200,5000,6000,7400,67000,141000,141000,3689,0,850,1796.931026089994,197.25946700009445,141202.82597099993,724.2529140688533
1788774654,30,,Aggregated,16.000000,0.000000,850,1500,2400,3000,4200,5000,6000,7400,67000,141000,141000,3704,0,850,1795.352307015656,197.25946700009445,141202.82597099993,724.268898488121
1788774655,30,,Aggregated,16.000000,0.000000,850,1500,2400,3000,4200,5000,6000,7400,67000,141000,141000,3718,0,850,1794.7267928590607,197.25946700009445,141202.82597099993,724.2703066164605
1788774656,30,,Aggregated,16.400000,0.000000,850,1500,2400,3000,4200,5000,6000,7400,67000,141000,141000,3734,0,850,1793.7577339908914,197.25946700009445,141202.82597099993,724.2632565613284
1788774657,30,,Aggregated,16.100000,0.000000,850,1500,2400,3000,4200,5000,6000,7400,67000,141000,141000,3751,0,850,1793.3399679114875,197.25946700009445,141202.82597099993,724.2276726206345
1788774658,30,,Aggregated,15.800000,0.000000,850,1500,2400,3000,4200,5000,6000,7400,67000,141000,141000,3764,0,850,1791.9948968142905,197.25946700009445,141202.82597099993,724.2659404888417
1788774659,30,,Aggregated,16.000000,0.000000,850,1500,2400,3000,4200,5000,6000,7400,67000,141000,141000,3782,0,850,1790.4850238606527,197.25946700009445,141202.82597099993,724.2776308831307
1788774660,30,,Aggregated,16.100000,0.000000,850,1500,2400,3000,4200,5000,6000,7400,67000,141000,141000,3798,0,850,1790.0346460918872,197.25946700009445,141202.82597099993,724.2727751448131
1788774661,30,,Aggregated,15.500000,0.000000,850,1500,2400,3000,4200,5000,6000,7400,67000,141000,141000,3816,0,850,1794.1596444572817,197.25946700009445,141202.82597099993,724.2177672955975
1788774662,30,,Aggregated,16.100000,0.000000,850,1500,2400,3000,4200,5000,6000,7400,67000,141000,141000,3830,0,850,1790.9114608180123,197.25946700009445,141202.82597099993,724.2355091383812
1788774663,30,,Aggregated,16.200000,0.000000,860,1500,2400,3000,4200,5000,6000,7400,67000,141000,141000,3849,0,860,1793.6597575957358,197.25946700009445,141202.82597099993,724.234086775786
1788774664,30,,Aggregated,16.100000,0.000000,860,1500,2400,3000,4200,5000,6000,7400,67000,141000,141000,3864,0,850,1791.1619371216323,197.25946700009445,141202.82597099993,724.2600931677018
1788774665,30,,Aggregated,16.000000,0.000000,860,1500,2400,3000,4200,5000,6000,7400,67000,141000,141000,3880,0,850,1789.5204643409763,197.25946700009445,141202.82597099993,724.239175257732
1788774666,30,,Aggregated,16.000000,0.000000,860,1500,2400,3000,4200,5000,6000,7400,67000,141000,141000,3900,0,860,1788.8655712523046,197.25946700009445,141202.82597099993,724.245641025641
1788774667,30,,Aggregated,16.100000,0.000000,860,1500,2400,3000,4200,5000,6000,7400,67000,141000,141000,3914,0,850,1786.9725816093483,197.25946700009445,141202.82597099993,724.2519161982626
1788774668,30,,Aggregated,16.100000,0.000000,850,1500,2400,3000,4200,5000,6000,7400,67000,141000,141000,3930,0,850,1784.9636483493607,197.25946700009445,141202.82597099993,724.2809160305344
1788774669,30,,Aggregated,16.500000,0.000000,850,1500,2400,3000,4200,5000,6000,7400,67000,141000,141000,3947,0,850,1784.6247821479576,197.25946700009445,141202.82597099993,724.2655181150241
1788774670,30,,Aggregated,16.300000,0.000000,850,1500,2400,3000,4200,5000,6000,7400,67000,141000,141000,3963,0,850,1782.9496939152127,197.25946700009445,141202.82597099993,724.2503154176129
1788774672,30,,Aggregated,16.500000,0.000000,850,1500,2400,3000,4200,5000,6000,7400,67000,141000,141000,3980,0,850,1783.0546995934644,197.25946700009445,141202.82597099993,724.2389447236181
1788774673,30,,Aggregated,16.400000,0.000000,850,1500,2400,3000,4200,5000,6000,7400,67000,141000,141000,3997,0,850,1782.8713452882137,197.25946700009445,141202.82597099993,724.250688016012
1788774674,30,,Aggregated,16.500000,0.000000,860,1500,2400,3000,4200,5000,6000,7400,67000,141000,141000,4012,0,860,1782.6391198651515,197.25946700009445,141202.82597099993,724.2447657028913
1788774675,30,,Aggregated,16.400000,0.000000,860,1500,2400,3000,4200,5000,6000,7400,67000,141000,141000,4025,0,860,1780.4152477739099,197.25946700009445,141202.82597099993,724.2554037267081
1788774676,30,,Aggregated,16.700000,0.000000,850,1500,2400,3000,4200,5000,6000,7400,67000,141000,141000,4043,0,850,1779.7266980779093,197.25946700009445,141202.82597099993,724.2263170912688
1788774677,30,,Aggregated,16.300000,0.000000,860,1500,2400,3000,4200,5000,6000,7400,67000,141000,141000,4058,0,850,1779.5630581453888,197.25946700009445,141202.82597099993,724.2368161655988
1788774678,30,,Aggregated,16.000000,0.000000,860,1500,2400,3000,4200,5000,6000,7400,67000,141000,141000,4075,0,860,1779.1307259918992,197.25946700009445,141202.82597099993,724.2451533742332
1788774679,30,,Aggregated,16.200000,0.000000,860,1500,2400,3000,4200,5000,6000,7400,67000,141000,141000,4091,0,860,1788.6437722099702,197.25946700009445,141202.82597099993,724.2371058420924
1788774680,30,,Aggregated,15.800000,0.000000,850,1500,2400,3000,4200,5000,6000,7400,67000,141000,141000,4106,0,850,1786.8498699262027,197.25946700009445,141202.82597099993,724.2284461763273
1788774681,30,,Aggregated,16.100000,0.000000,850,1500,2400,3000,4200,5000,6000,7400,67000,141000,141000,4122,0,850,1784.0497494451695,197.25946700009445,141202.82597099993,724.2590975254731
1788774682,30,,Aggregated,16.100000,0.000000,850,1500,2400,3000,4200,5000,6000,7400,67000,141000,141000,4139,0,850,1785.14092322324,197.25946700009445,141202.82597099993,724.2573085286301
1788774683,30,,Aggregated,15.700000,0.000000,860,1500,2400,3000,4200,5000,6000,7400,67000,141000,141000,4156,0,850,1784.2445392211241,197.25946700009445,141202.82597099993,724.2608277189605
1788774684,30,,Aggregated,15.900000,0.000000,860,1500,2400,3000,4200,5000,6000,7400,67000,141000,141000,4170,0,850,1783.9305983901659,197.25946700009445,141202.82597099993,724.2330935251798
1788774685,30,,Aggregated,15.800000,0.000000,860,1500,2400,3000,4200,5000,6000,7400,67000,141000,141000,4186,0,860,1781.8338525764432,197.25946700009445,141202.82597099993,724.2510750119445
1788774686,30,,Aggregated,15.800000,0.000000,860,1500,2400,3000,4200,5000,6000,7400,67000,141000,141000,4201,0,860,1786.8882226131857,197.25946700009445,141202.82597099993,724.2413711021186
1788774687,30,,Aggregated,16.000000,0.000000,860,1500,2400,3000,4200,5000,6000,7400,67000,141000,141000,4215,0,860,1786.8570345131657,197.25946700009445,141202.82597099993,724.2251482799526
1788774688,30,,Aggregated,15.800000,0.000000,860,1500,2400,3000,4200,5000,6000,7400,67000,141000,141000,4234,0,860,1786.8257171034466,197.25946700009445,141202.82597099993,724.2120925838451
1788774689,30,,Aggregated,15.600000,0.000000,860,1500,2400,3000,4200,5000,6000,7400,67000,141000,141000,4253,0,860,1786.0252277239579,197.25946700009445,141202.82597099993,724.2111450740654
1788774690,30,,Aggregated,15.800000,0.000000,860,1500,2400,3000,4200,5000,6000,7400,67000,141000,141000,4264,0,860,1784.3034819122875,197.25946700009445,141202.82597099993,724.2171669793621
1788774691,30,,Aggregated,15.800000,0.000000,860,1500,2400,3000,4200,5000,6000,7400,67000,141000,141000,4282,0,860,1783.4131300354964,197.25946700009445,141202.82597099993,724.2302662307333
1788774692,30,,Aggregated,16.000000,0.000000,860,1500,2400,3000,4200,5000,6000,7400,67000,141000,141000,4297,0,860,1781.6203322278325,197.25946700009445,141202.82597099993,724.2189899930183
1788774693,30,,Aggregated,16.200000,0.000000,860,1500,2400,3000,4200,5000,6000,7400,67000,141000,141000,4314,0,860,1781.7627382311073,197.25946700009445,141202.82597099993,724.2209086694484
1788774694,30,,Aggregated,15.800000,0.000000,860,1500,2400,3000,4200,5000,6000,7400,67000,141000,141000,4334,0,860,1796.1264424305482,197.25946700009445,141202.82597099993,724.2053530226119
1788774695,30,,Aggregated,15.700000,0.000000,860,1500,2400,3000,4200,5000,6000,7400,67000,141000,141000,4348,0,860,1796.0160930190884,197.25946700009445,141202.82597099993,724.2065317387304
1788774696,30,,Aggregated,16.300000,0.000000,860,1500,2400,3000,4200,5000,6000,7400,67000,141000,141000,4364,0,860,1794.2537043512825,197.25946700009445,141202.82597099993,724.1993583868011
1788774697,30,,Aggregated,16.100000,0.000000,860,1500,2400,3000,4200,4900,6000,7400,67000,141000,141000,4382,0,860,1791.4819867902775,197.25946700009445,141202.82597099993,724.2170241898676
1788774698,30,,Aggregated,16.100000,0.000000,860,1500,2400,3000,4200,4900,6000,7400,67000,141000,141000,4396,0,860,1791.3784063139208,197.25946700009445,141202.82597099993,724.2345313921747
1788774699,30,,Aggregated,16.700000,0.000000,860,1500,2400,3000,4200,5000,6000,7400,67000,141000,141000,4415,0,860,1811.0416416086061,197.25946700009445,141202.82597099993,724.1932049830125
1788774700,30,,Aggregated,16.300000,0.000000,860,1500,2400,3000,4200,5000,6000,7400,67000,141000,141000,4433,0,860,1808.6029869429271,197.25946700009445,141202.82597099993,724.1944507105798
1788774701,30,,Aggregated,16.300000,0.000000,860,1500,2400,3000,4200,5000,6000,7400,67000,141000,141000,4449,0,860,1810.405963286355,197.25946700009445,141202.82597099993,724.1924027871431
1788774702,30,,Aggregated,16.800000,0.000000,860,1500,2400,3000,4200,5000,6000,7400,67000,141000,141000,4463,0,860,1807.8491136249147,197.25946700009445,141202.82597099993,724.2016580775263
1788774703,30,,Aggregated,16.600000,0.000000,860,1500,2400,3000,4200,5000,6000,7400,67000,141000,141000,4482,0,860,1807.466978422132,197.25946700009445,141202.82597099993,724.1767068273092
1788774704,30,,Aggregated,16.300000,0.000000,860,1500,2400,3000,4200,5000,6000,7400,67000,141000,141000,4496,0,860,1806.1601004103638,197.25946700009445,141202.82597099993,724.2012900355871
1788774705,30,,Aggregated,16.900000,0.000000,860,1500,2400,3000,4200,5000,6000,7400,67000,141000,141000,4513,0,860,1805.2495307620195,197.25946700009445,141202.82597099993,724.1961001551075
1788774706,30,,Aggregated,16.200000,0.000000,860,1500,2400,3000,4200,5000,6000,7400,67000,141000,141000,4530,0,860,1803.5476054214118,197.25946700009445,141202.82597099993,724.2145695364238
1788774707,30,,Aggregated,16.500000,0.000000,860,1500,2400,3000,4200,5000,6000,7400,67000,141000,141000,4548,0,860,1807.102630708882,197.25946700009445,141202.82597099993,724.1897537379068
1788774708,30,,Aggregated,16.500000,0.000000,860,1500,2400,3000,4200,4900,6000,7400,67000,141000,141000,4561,0,860,1805.0834685547022,197.25946700009445,141202.82597099993,724.2056566542425
1788774709,30,,Aggregated,16.600000,0.000000,860,1500,2400,3000,4200,5000,6000,7400,90000,142000,142000,4582,0,860,1836.8226854216489,197.25946700009445,141747.42550500002,724.1798341335661
1788774710,30,,Aggregated,16.500000,0.000000,860,1500,2400,3000,4200,5000,6000,7400,90000,142000,142000,4594,0,860,1836.316525388985,197.25946700009445,141747.42550500002,724.1963430561602
1788774711,30,,Aggregated,16.600000,0.000000,860,1500,2400,3000,4200,5000,6000,7400,90000,142000,142000,4610,0,860,1834.2511556789586,197.25946700009445,141747.42550500002,724.1839479392625
1788774712,30,,Aggregated,16.200000,0.000000,860,1500,2500,3000,4200,5000,6000,7400,90000,142000,142000,4628,0,860,1834.5494958299478,197.25946700009445,141747.42550500002,724.1970613656007
1788774713,30,,Aggregated,15.900000,0.000000,860,1500,2400,3000,4200,5000,6000,7400,90000,142000,142000,4643,0,860,1832.6673152769752,197.25946700009445,141747.42550500002,724.1860865819514
1788774714,30,,Aggregated,16.600000,0.000000,860,1500,2400,3000,4200,5000,6000,7400,90000,142000,142000,4658,0,860,1830.683787228424,197.25946700009445,141747.42550500002,724.1934306569343
1788774715,30,,Aggregated,15.900000,0.000000,860,1500,2400,3000,4200,5000,6000,7400,90000,142000,142000,4677,0,860,1830.9217977453495,197.25946700009445,141747.42550500002,724.1710498182596
1788774716,30,,Aggregated,16.300000,0.000000,860,1500,2400,3000,4200,5000,6000,7400,90000,142000,142000,4691,0,860,1830.6454626467707,197.25946700009445,141747.42550500002,724.1728842464294
1788774717,30,,Aggregated,16.500000,0.000000,860,1500,2400,3000,4200,4900,6000,7400,90000,142000,142000,4704,0,860,1829.552247716199,197.25946700009445,141747.42550500002,724.1798469387755
1788774718,30,,Aggregated,16.400000,0.000000,860,1500,2400,3000,4200,4900,6000,7400,90000,142000,142000,4723,0,860,1828.8188676339194,197.25946700009445,141747.42550500002,724.1685369468559
1788774719,30,,Aggregated,15.500000,0.000000,860,1500,2500,3000,4200,5000,6000,7400,90000,142000,142000,4740,0,860,1828.9119846198319,197.25946700009445,141747.42550500002,724.1481012658228
1788774720,30,,Aggregated,15.800000,0.000000,860,1500,2400,3000,4200,4900,6000,7400,90000,142000,142000,4754,0,860,1826.5866238233077,197.25946700009445,141747.42550500002,724.1619688683214
1788774721,30,,Aggregated,15.700000,0.000000,860,1500,2400,3000,4200,5000,6000,7400,90000,142000,142000,4771,0,860,1833.7278080016786,197.25946700009445,141747.42550500002,724.1569901488158
1788774722,30,,Aggregated,15.900000,0.000000,860,1500,2500,3000,4200,5000,6000,7400,90000,142000,142000,4789,0,860,1833.1679234842363,197.25946700009445,141747.42550500002,724.1545207767801
1788774723,30,,Aggregated,16.300000,0.000000,860,1500,2500,3000,4200,5000,6000,7400,90000,142000,142000,4804,0,860,1833.8965316355143,197.25946700009445,141747.42550500002,724.1402997502082
1788774724,30,,Aggregated,16.300000,0.000000,860,1500,2500,3000,4200,5000,6000,7400,90000,142000,142000,4820,0,860,1832.4889553097537,197.25946700009445,141747.42550500002,724.143153526971
1788774725,30,,Aggregated,16.000000,0.000000,860,1500,2500,3000,4200,5000,6000,7400,90000,142000,142000,4839,0,860,1830.6245663670204,197.25946700009445,141747.42550500002,724.1570572432321
1788774726,30,,Aggregated,16.300000,0.000000,860,1500,2400,3000,4200,5000,6000,7400,90000,142000,142000,4852,0,860,1828.8806726607606,197.25946700009445,141747.42550500002,724.161788953009
1788774727,30,,Aggregated,15.900000,0.000000,860,1500,2400,3000,4200,4900,6000,7400,90000,142000,142000,4871,0,860,1828.0784503732316,197.25946700009445,141747.42550500002,724.1498665571751
1788774728,30,,Aggregated,16.100000,0.000000,860,1500,2400,3000,4200,4900,6000,7400,90000,142000,142000,4885,0,860,1827.3899320910969,197.25946700009445,141747.42550500002,724.1369498464688
1788774729,30,,Aggregated,16.700000,0.000000,860,1500,2400,3000,4200,4900,6000,7400,90000,142000,142000,4901,0,860,1826.8922201607845,197.25946700009445,141747.42550500002,724.1550703937971
1788774730,30,,Aggregated,16.300000,0.000000,860,1500,2400,3000,4200,4900,6000,7400,90000,142000,142000,4917,0,860,1824.17202428005,197.25946700009445,141747.42550500002,724.176937156803
1788774731,30,,Aggregated,16.200000,0.000000,860,1500,2400,3000,4200,4900,6000,7400,90000,142000,142000,4935,0,860,1828.4299059098287,197.25946700009445,141747.42550500002,724.1527862208713
1788774732,30,,Aggregated,16.300000,0.000000,860,1500,2400,3000,4200,5000,6000,7400,90000,142000,142000,4951,0,860,1827.8743368927503,197.25946700009445,141747.42550500002,724.1676429004242
1788774733,30,,Aggregated,16.300000,0.000000,860,1500,2500,3000,4200,5000,6000,7400,90000,142000,142000,4969,0,860,1827.6986555214337,197.25946700009445,141747.42550500002,724.1561682431072
1788774734,30,,Aggregated,16.300000,0.000000,860,1500,2400,3000,4200,4900,6000,7400,90000,142000,142000,4987,0,860,1825.4994544078613,196.85984800003098,141747.42550500002,724.1429717264889
1788774735,30,,Aggregated,16.800000,0.000000,860,1500,2400,3000,4200,5000,6000,7400,90000,142000,142000,4999,0,860,1824.3623901812368,196.85984800003098,141747.42550500002,724.1330266053211
1788774736,30,,Aggregated,16.800000,0.000000,860,1500,2400,3000,4200,4900,6000,7400,67000,142000,142000,5016,0,860,1823.0715699421855,196.85984800003098,141747.42550500002,724.1588915470494
1788774737,30,,Aggregated,16.200000,0.000000,860,1500,2400,3000,4200,4900,6000,7400,67000,142000,142000,5033,0,860,1822.355426221737,196.85984800003098,141747.42550500002,724.1567653486986
1788774738,30,,Aggregated,16.500000,0.000000,860,1500,2400,3000,4200,5000,6000,7400,67000,142000,142000,5049,0,860,1823.4500253412557,196.85984800003098,141747.42550500002,724.1263616557734
1788774739,30,,Aggregated,15.900000,0.000000,860,1500,2400,3000,4200,4900,6000,7400,67000,142000,142000,5067,0,860,1821.2640394095124,196.85984800003098,141747.42550500002,724.1420959147424
1788774740,30,,Aggregated,16.600000,0.000000,860,1500,2400,3000,4200,4900,6000,7400,67000,142000,142000,5083,0,860,1820.5658138337596,196.85984800003098,141747.42550500002,724.1379106826677
1788774741,30,,Aggregated,16.500000,0.000000,860,1500,2400,3000,4200,4900,6000,7400,67000,142000,142000,5097,0,860,1818.9167254135766,196.85984800003098,141747.42550500002,724.1445948597215
1788774742,30,,Aggregated,16.500000,0.000000,860,1500,2400,3000,4200,4900,6000,7400,67000,142000,142000,5113,0,860,1818.365379990221,196.85984800003098,141747.42550500002,724.1294738900841
1788774743,30,,Aggregated,16.200000,0.000000,860,1500,2400,3000,4200,4900,6000,7400,67000,142000,142000,5131,0,860,1817.9127757754823,196.85984800003098,141747.42550500002,724.1356460728903
1788774744,30,,Aggregated,16.100000,0.000000,860,1500,2400,3000,4200,4900,6000,7400,67000,142000,142000,5145,0,860,1815.8120687821183,196.85984800003098,141747.42550500002,724.1337220602527
1788774745,30,,Aggregated,16.100000,0.000000,860,1500,2400,3000,4200,4900,6000,7400,67000,142000,142000,5163,0,860,1815.763108450901,196.85984800003098,141747.42550500002,724.1423590935502
1788774746,30,,Aggregated,15.800000,0.000000,860,1500,2400,3000,4200,4900,6000,7400,67000,142000,142000,5181,0,860,1814.782197796179,196.85984800003098,141747.42550500002,724.135881104034
1788774747,30,,Aggregated,16.300000,0.000000,860,1500,2400,3000,4200,4900,6000,7400,67000,142000,142000,5198,0,860,1813.8202757806853,196.85984800003098,141747.42550500002,724.1529434397845
1788774748,30,,Aggregated,16.100000,0.000000,860,1500,2400,3000,4200,4900,6000,7400,67000,142000,142000,5214,0,860,1812.3251350368243,196.85984800003098,141747.42550500002,724.1476793248945
1788774749,30,,Aggregated,16.600000,0.000000,860,1500,2500,3000,4200,4900,6000,7400,67000,142000,142000,5232,0,860,1812.876469572631,196.85984800003098,141747.42550500002,724.1204128440367
1788774750,30,,Aggregated,16.200000,0.000000,860,1500,2400,3000,4200,4900,6000,7400,67000,142000,142000,5248,0,860,1810.447446536968,196.85984800003098,141747.42550500002,724.1516768292682
1788774751,30,,Aggregated,16.500000,0.000000,860,1500,2400,3000,4200,4900,6000,7400,67000,142000,142000,5262,0,850,1807.837309939378,196.85984800003098,141747.42550500002,724.1668567084758
1788774752,30,,Aggregated,16.300000,0.000000,860,1500,2400,3000,4200,4900,6000,7400,67000,142000,142000,5281,0,860,1812.7263791329303,196.85984800003098,141747.42550500002,724.1297102821435
1788774753,30,,Aggregated,16.400000,0.000000,860,1500,2500,3000,4200,4900,6000,7400,67000,142000,142000,5302,0,860,1813.35677136326,196.85984800003098,141747.42550500002,724.1259901923802
1788774754,30,,Aggregated,16.800000,0.000000,860,1500,2500,3000,4200,4900,6000,7400,67000,142000,142000,5315,0,860,1812.2058250831606,196.85984800003098,141747.42550500002,724.1294449670743
1788774755,30,,Aggregated,16.600000,0.000000,860,1500,2400,3000,4200,4900,6000,7400,67000,142000,142000,5329,0,860,1810.1239040213918,196.85984800003098,141747.42550500002,724.1413023081253
1788774756,30,,Aggregated,16.900000,0.000000,860,1500,2400,3000,4200,4900,6000,7400,67000,142000,142000,5346,0,860,1809.0977722227826,196.85984800003098,141747.42550500002,724.1522633744856
1788774757,30,,Aggregated,16.700000,0.000000,860,1500,2400,3000,4200,4900,6000,7400,67000,142000,142000,5365,0,860,1809.2807522900275,196.85984800003098,141747.42550500002,724.1493010251631
1788774758,30,,Aggregated,16.300000,0.000000,860,1500,2500,3000,4200,4900,6000,7400,67000,142000,142000,5376,0,860,1808.9471120513388,196.85984800003098,141747.42550500002,724.1223958333334
1788774759,30,,Aggregated,16.800000,0.000000,860,1500,2400,3000,4200,4900,6000,7400,67000,142000,142000,5392,0,860,1806.2151781921361,196.85984800003098,141747.42550500002,724.1364985163204
1788774760,30,,Aggregated,16.500000,0.000000,860,1500,2400,3000,4200,4900,6000,7400,67000,142000,142000,5410,0,860,1806.7967641011091,196.85984800003098,141747.42550500002,724.1384473197782
1788774761,30,,Aggregated,15.900000,0.000000,860,1500,2400,3000,4200,4900,6000,7400,67000,142000,142000,5428,0,860,1817.7207962236555,196.85984800003098,141747.42550500002,724.0943257184966
1788774762,30,,Aggregated,16.300000,0.000000,860,1500,2400,3000,4200,4900,6000,7400,67000,142000,142000,5446,0,860,1817.0339009594204,196.85984800003098,141747.42550500002,724.1145795078957
1788774763,30,,Aggregated,16.400000,0.000000,860,1500,2500,3000,4200,4900,6000,7400,67000,142000,142000,5463,0,860,1823.5916588002935,196.85984800003098,141747.42550500002,724.1008603331503
1788774764,30,,Aggregated,16.100000,0.000000,860,1500,2400,3000,4200,4900,6000,7400,67000,142000,142000,5479,0,860,1821.7214994533683,196.85984800003098,141747.42550500002,724.1018434020807
1788774765,30,,Aggregated,16.400000,0.000000,850,1500,2400,3000,4200,4900,6000,7400,67000,142000,142000,5495,0,850,1821.3726219601467,196.85984800003098,141747.42550500002,724.0933575978162
1788774766,30,,Aggregated,16.200000,0.000000,850,1500,2400,3000,4200,4900,6000,7400,67000,142000,142000,5511,0,850,1820.4938840587922,196.85984800003098,141747.42550500002,724.1032480493558
1788774767,30,,Aggregated,16.400000,0.000000,850,1500,2400,3000,4200,4900,6000,7400,67000,142000,142000,5528,0,850,1818.8496136832498,196.85984800003098,141747.42550500002,724.1154124457308
1788774768,30,,Aggregated,16.800000,0.000000,850,1500,2400,3000,4200,4900,6000,7400,67000,142000,142000,5544,0,850,1819.0208428677865,196.85984800003098,141747.42550500002,724.1049783549784
1788774769,30,,Aggregated,16.300000,0.000000,850,1500,2400,3000,4200,4900,6000,7400,67000,142000,142000,5561,0,850,1817.9220025901832,196.85984800003098,141747.42550500002,724.1111310915303
1788774770,30,,Aggregated,16.400000,0.000000,850,1500,2400,3000,4200,4900,6000,7400,67000,142000,142000,5582,0,850,1817.0327192355803,196.85984800003098,141747.42550500002,724.0981726979577
1788774771,30,,Aggregated,16.800000,0.000000,850,1500,2400,3000,4200,4900,6000,7400,67000,142000,142000,5596,0,850,1818.776183212296,196.85984800003098,141747.42550500002,724.1154395997141
1788774772,30,,Aggregated,17.100000,0.000000,850,1500,2400,3000,4200,4900,6000,7400,67000,142000,142000,5613,0,850,1817.858221182079,196.85984800003098,141747.42550500002,724.1227507571708
1788774773,30,,Aggregated,16.700000,0.000000,850,1500,2400,3000,4200,4900,6000,7400,67000,142000,142000,5627,0,850,1816.97642039595,196.85984800003098,141747.42550500002,724.1068064688111
1788774774,30,,Aggregated,16.800000,0.000000,850,1500,2400,3000,4200,4900,6000,7400,67000,142000,142000,5644,0,850,1817.5289930044316,196.85984800003098,141747.42550500002,724.1041814316088
1788774775,30,,Aggregated,16.300000,0.000000,850,1500,2400,3000,4200,4900,6000,7400,67000,142000,142000,5660,0,850,1817.0143373885178,196.85984800003098,141747.42550500002,724.1134275618375
1788774776,30,,Aggregated,16.500000,0.000000,850,1500,2400,3000,4200,4900,6000,7400,67000,142000,142000,5675,0,850,1815.1152602577997,196.85984800003098,141747.42550500002,724.1201762114538
1788774777,30,,Aggregated,16.400000,0.000000,850,1500,2400,3000,4200,4900,6000,7400,67000,142000,142000,5693,0,850,1814.439610573338,196.85984800003098,141747.42550500002,724.1262954505534
1788774778,30,,Aggregated,16.400000,0.000000,850,1500,2400,3000,4200,4900,6000,7400,67000,142000,142000,5707,0,850,1813.472990928161,196.85984800003098,141747.42550500002,724.1231820571228
1788774779,30,,Aggregated,16.300000,0.000000,850,1500,2400,3000,4200,4900,6000,7400,67000,142000,142000,5726,0,850,1811.9130796266172,196.85984800003098,141747.42550500002,724.1079287460706
1788774780,30,,Aggregated,16.500000,0.000000,850,1500,2400,3000,4200,4900,6000,7400,67000,142000,142000,5743,0,850,1811.8035647919226,196.85984800003098,141747.42550500002,724.1232805154101
1788774781,30,,Aggregated,16.300000,0.000000,850,1500,2400,3000,4200,4900,6000,7400,67000,142000,142000,5756,0,850,1811.1996323803005,196.85984800003098,141747.42550500002,724.1172689367617
1788774782,30,,Aggregated,15.900000,0.000000,850,1500,2400,3000,4200,4900,6000,7400,67000,142000,142000,5774,0,850,1811.8775195812275,196.85984800003098,141747.42550500002,724.1155178385868
1788774783,30,,Aggregated,16.200000,0.000000,850,1500,2400,3000,4200,4900,6000,7400,67000,142000,142000,5789,0,850,1810.5351366714472,196.85984800003098,141747.42550500002,724.1183278631888
1788774784,30,,Aggregated,15.800000,0.000000,850,1500,2400,3000,4200,4900,6000,7400,67000,142000,142000,5807,0,850,1809.745177579302,196.85984800003098,141747.42550500002,724.1155501980369
1788774785,30,,Aggregated,16.200000,0.000000,850,1500,2400,3000,4200,4900,6000,7400,67000,142000,142000,5821,0,850,1808.3866112351839,196.85984800003098,141747.42550500002,724.1224875450954
1788774786,30,,Aggregated,16.100000,0.000000,850,1500,2400,3000,4200,4900,6000,7400,67000,142000,142000,5837,0,850,1807.6915629313007,196.85984800003098,141747.42550500002,724.1336302895323
1788774787,30,,Aggregated,16.000000,0.000000,850,1500,2400,3000,4200,4900,6000,7400,67000,142000,142000,5852,0,850,1807.2261319367735,196.85984800003098,141747.42550500002,724.1315789473684
1788774788,30,,Aggregated,15.900000,0.000000,850,1500,2400,3000,4200,4900,6000,7400,67000,142000,142000,5872,0,850,1806.9270250701627,196.85984800003098,141747.42550500002,724.117166212534
1788774789,30,,Aggregated,16.100000,0.000000,850,1500,2400,3000,4200,4900,6000,7400,90000,142000,142000,5886,0,850,1820.3653621155274,196.85984800003098,141747.42550500002,724.1238532110092
1788774790,30,,Aggregated,15.900000,0.000000,850,1500,2400,3000,4200,4900,6000,7400,90000,142000,142000,5901,0,850,1819.8880500828668,196.85984800003098,141747.42550500002,724.1079478054567
1788774791,30,,Aggregated,16.200000,0.000000,850,1500,2400,3000,4200,4900,6000,7400,90000,142000,142000,5921,0,850,1820.5485010933958,196.85984800003098,141747.42550500002,724.0954230704273
1788774792,30,,Aggregated,15.900000,0.000000,850,1500,2400,3000,4200,4900,6000,7400,90000,142000,142000,5936,0,850,1819.4347593760099,196.85984800003098,141747.42550500002,724.1036051212938
1788774793,30,,Aggregated,16.500000,0.000000,850,1500,2400,3000,4200,4900,6000,7400,90000,142000,142000,5953,0,850,1820.9076107688552,196.85984800003098,141747.42550500002,724.1024693431883
1788774794,30,,Aggregated,16.500000,0.000000,850,1500,2400,3000,4200,4900,6000,7400,90000,142000,142000,5967,0,850,1820.4024244422649,196.85984800003098,141747.42550500002,724.0982068040892
1788774795,30,,Aggregated,16.200000,0.000000,850,1500,2400,3000,4200,4900,6000,7400,90000,142000,142000,5984,0,850,1819.678667973095,196.85984800003098,141747.42550500002,724.1087901069519
1788774796,30,,Aggregated,16.300000,0.000000,850,1500,2400,3000,4200,4900,6000,7400,90000,142000,142000,6000,0,850,1818.5374254325002,196.85984800003098,141747.42550500002,724.1101666666667
1788774797,30,,Aggregated,16.400000,0.000000,850,1500,2400,3000,4200,4900,6000,7400,67000,142000,142000,6020,0,850,1819.2115798662794,196.85984800003098,141747.42550500002,724.0968438538206
1788774798,30,,Aggregated,16.500000,0.000000,850,1500,2400,3000,4200,4900,6000,7400,67000,142000,142000,6032,0,850,1817.7864364129646,196.85984800003098,141747.42550500002,724.1067639257294
1788774799,30,,Aggregated,16.300000,0.000000,850,1500,2400,3000,4200,4900,6000,7400,67000,142000,142000,6050,0,850,1817.0867196119016,196.85984800003098,141747.42550500002,724.110082644628
1788774800,30,,Aggregated,16.600000,0.000000,850,1500,2400,3000,4200,4900,6000,7400,67000,142000,142000,6064,0,850,1816.3621893764853,196.85984800003098,141747.42550500002,724.1060356200528
1788774801,30,,Aggregated,16.500000,0.000000,850,1500,2400,3000,4200,4900,6000,7400,67000,142000,142000,6080,0,850,1815.6727911493438,196.85984800003098,141747.42550500002,724.1289473684211
1788774802,30,,Aggregated,16.700000,0.000000,850,1500,2400,3000,4200,4900,6000,7400,67000,142000,142000,6095,0,850,1813.8486715501242,196.85984800003098,141747.42550500002,724.1333880229696
1788774803,30,,Aggregated,16.100000,0.000000,850,1500,2400,3000,4200,4900,6000,7400,67000,142000,142000,6113,0,850,1813.3369067413726,196.85984800003098,141747.42550500002,724.11958122035
1788774804,30,,Aggregated,15.900000,0.000000,850,1500,2400,3000,4200,4900,6000,7400,67000,142000,142000,6132,0,850,1813.8330680492518,196.85984800003098,141747.42550500002,724.1011089367254
1788774805,30,,Aggregated,16.000000,0.000000,850,1500,2400,3000,4200,4900,6000,7400,67000,142000,142000,6145,0,850,1820.0659898979682,196.85984800003098,141747.42550500002,724.1091944670463
1788774806,30,,Aggregated,16.200000,0.000000,850,1500,2400,3000,4200,4900,6000,7400,67000,142000,142000,6162,0,850,1818.0995361866298,196.85984800003098,141747.42550500002,724.1197663096398
1788774807,30,,Aggregated,16.300000,0.000000,850,1500,2400,3000,4200,4900,6000,7400,67000,142000,142000,6180,0,850,1817.8459823022674,196.85984800003098,141747.42550500002,724.1082524271844
1788774808,30,,Aggregated,16.000000,0.000000,850,1500,2500,3000,4200,4900,6000,7400,67000,142000,142000,6196,0,850,1818.3820276438046,196.85984800003098,141747.42550500002,724.0961910910264
1788774809,30,,Aggregated,16.200000,0.000000,850,1500,2400,3000,4200,4900,6000,7400,67000,142000,142000,6212,0,850,1816.266394351579,196.85984800003098,141747.42550500002,724.1207340631037
1788774810,30,,Aggregated,16.500000,0.000000,850,1500,2400,3000,4200,4900,6000,7400,67000,142000,142000,6226,0,850,1814.3634539343095,196.85984800003098,141747.42550500002,724.1292964985545
1788774811,30,,Aggregated,16.200000,0.000000,850,1500,2400,3000,4200,4900,6000,7400,67000,142000,142000,6242,0,850,1813.500441542136,196.85984800003098,141747.42550500002,724.147869272669
1788774812,30,,Aggregated,16.000000,0.000000,850,1500,2400,3000,4200,4900,6000,7400,67000,142000,142000,6263,0,850,1815.050535310557,196.85984800003098,141747.42550500002,724.1186332428549
1788774813,30,,Aggregated,16.100000,0.000000,850,1500,2400,3000,4200,4900,6000,7400,67000,142000,142000,6279,0,850,1814.0444273620037,196.85984800003098,141747.42550500002,724.1140308966396
1788774814,30,,Aggregated,16.800000,0.000000,850,1500,2400,3000,4200,4900,6000,7400,67000,142000,142000,6293,0,850,1816.0570871827456,196.85984800003098,141747.42550500002,724.1107579850627
1788774815,30,,Aggregated,16.400000,0.000000,850,1500,2400,3000,4200,4900,6000,7400,67000,142000,142000,6310,0,850,1813.6736076572136,196.85984800003098,141747.42550500002,724.126941362916
1788774816,30,,Aggregated,16.200000,0.000000,850,1500,2500,3000,4200,4900,6000,7400,67000,142000,142000,6329,0,850,1815.6648905160405,196.85984800003098,141747.42550500002,724.1101279823037
1788774817,30,,Aggregated,16.200000,0.000000,850,1500,2400,3000,4200,4900,6000,7400,67000,142000,142000,6344,0,850,1813.6729928775253,196.85984800003098,141747.42550500002,724.1199558638083
1788774818,30,,Aggregated,17.000000,0.000000,850,1500,2400,3000,4200,4900,6000,7400,67000,142000,142000,6357,0,850,1811.9360947646717,196.85984800003098,141747.42550500002,724.1313512663206
1788774819,30,,Aggregated,16.400000,0.000000,850,1500,2400,3000,4200,4900,6000,7400,67000,142000,142000,6374,0,850,1811.3841733140914,196.85984800003098,141747.42550500002,724.1310009413241
1788774820,30,,Aggregated,15.900000,0.000000,850,1500,2400,3000,4200,4900,6000,7400,67000,142000,142000,6393,0,850,1811.9521563561736,196.85984800003098,141747.42550500002,724.126857500391
1788774821,30,,Aggregated,16.200000,0.000000,850,1500,2400,3000,4200,4900,6000,7400,67000,142000,142000,6410,0,850,1811.7923173850256,196.85984800003098,141747.42550500002,724.1218408736349
1788774822,30,,Aggregated,16.400000,0.000000,850,1500,2400,3000,4200,4900,6000,7400,67000,142000,142000,6426,0,850,1810.6105300077834,196.85984800003098,141747.42550500002,724.1330532212885
1788774823,30,,Aggregated,16.600000,0.000000,850,1500,2400,3000,4200,4900,6000,7400,67000,142000,142000,6438,0,850,1809.444695858033,196.85984800003098,141747.42550500002,724.1508232370302
1788774824,30,,Aggregated,16.000000,0.000000,850,1500,2400,3000,4200,4900,6000,7400,67000,142000,142000,6456,0,850,1808.2990386739484,196.85984800003098,141747.42550500002,724.1270136307311
1788774825,30,,Aggregated,16.400000,0.000000,850,1500,2400,3000,4200,4900,6000,7400,67000,142000,142000,6473,0,850,1809.3884321154042,196.85984800003098,141747.42550500002,724.1296153251969
1788774826,30,,Aggregated,16.400000,0.000000,850,1500,2400,3000,4200,4900,6000,7400,67000,142000,142000,6489,0,850,1807.3008027115131,196.85984800003098,141747.42550500002,724.1333025119433
1788774827,30,,Aggregated,16.300000,0.000000,850,1500,2400,3000,4200,4900,6000,7400,67000,142000,142000,6507,0,850,1807.1791737991407,196.85984800003098,141747.42550500002,724.129860150607
1788774828,30,,Aggregated,15.900000,0.000000,850,1500,2400,3000,4200,4900,6000,7400,67000,142000,142000,6523,0,850,1816.7622438569688,196.85984800003098,141747.42550500002,724.1188103633298
1788774829,30,,Aggregated,16.000000,0.000000,850,1500,2400,3000,4200,4900,6000,7400,67000,142000,142000,6540,0,850,1815.2566455912856,196.85984800003098,141747.42550500002,724.1296636085627
1788774830,30,,Aggregated,16.700000,0.000000,850,1500,2400,3000,4200,4900,6000,7400,67000,142000,142000,6554,0,850,1815.07127416265,196.85984800003098,141747.42550500002,724.1197741837046
1788774831,30,,Aggregated,16.300000,0.000000,850,1500,2400,3000,4200,4900,6000,7400,67000,142000,142000,6575,0,850,1814.5264049706473,196.85984800003098,141747.42550500002,724.1183269961978
1788774832,30,,Aggregated,16.300000,0.000000,850,1500,2400,3000,4200,4900,6000,7400,67000,142000,142000,6588,0,850,1812.828089176686,196.85984800003098,141747.42550500002,724.1272009714633
1788774833,30,,Aggregated,16.100000,0.000000,850,1500,2400,3000,4200,4900,6000,7400,67000,142000,142000,6607,0,850,1812.4538321598322,196.85984800003098,141747.42550500002,724.1216891176025
1788774834,30,,Aggregated,16.300000,0.000000,850,1500,2400,3000,4200,4900,6000,7400,67000,142000,142000,6619,0,850,1810.96286105983,196.85984800003098,141747.42550500002,724.1337059978849
1788774835,30,,Aggregated,16.400000,0.000000,850,1500,2400,3000,4200,4900,6000,7400,67000,142000,142000,6638,0,850,1812.0122909418524,196.85984800003098,141747.42550500002,724.1291051521542
1788774836,30,,Aggregated,16.400000,0.000000,850,1500,2400,3000,4200,4900,6000,7400,67000,142000,142000,6652,0,850,1811.3401152830752,196.85984800003098,141747.42550500002,724.1262778111847
1788774837,30,,Aggregated,16.500000,0.000000,850,1500,2400,3000,4200,4900,6000,7400,67000,142000,142000,6669,0,850,1813.9624931031665,196.85984800003098,141747.42550500002,724.1184585395112
1788774838,30,,Aggregated,16.200000,0.000000,850,1500,2400,3000,4200,4900,6000,7400,67000,142000,142000,6687,0,850,1813.0405460681939,196.85984800003098,141747.42550500002,724.1102138477643
1788774839,30,,Aggregated,16.600000,0.000000,850,1500,2400,3000,4200,4900,6000,7400,67000,142000,142000,6700,0,850,1812.342754691345,196.85984800003098,141747.42550500002,724.1102985074626
1788774840,30,,Aggregated,15.800000,0.000000,850,1500,2400,3000,4200,4900,6000,7400,67000,142000,142000,6717,0,850,1812.0042427269634,196.85984800003098,141747.42550500002,724.1042131904123
1788774841,30,,Aggregated,16.300000,0.000000,850,1500,2400,3000,4200,4900,6000,7400,67000,142000,142000,6733,0,850,1810.5535621424349,196.85984800003098,141747.42550500002,724.1057478092974
1788774842,30,,Aggregated,16.200000,0.000000,850,1500,2400,3000,4200,4900,6000,7400,67000,142000,142000,6751,0,850,1811.4587096708651,196.85984800003098,141747.42550500002,724.1100577692193
1788774843,30,,Aggregated,15.900000,0.000000,850,1500,2400,3000,4200,4900,6000,7400,67000,142000,142000,6767,0,850,1809.9238016661745,196.85984800003098,141747.42550500002,724.1063986995714
1788774844,30,,Aggregated,16.300000,0.000000,850,1500,2400,3000,4200,4900,6000,7400,67000,142000,142000,6784,0,850,1809.3699824576945,196.85984800003098,141747.42550500002,724.1130601415094
1788774845,30,,Aggregated,16.200000,0.000000,850,1500,2400,3000,4200,4900,6000,7400,67000,142000,142000,6798,0,850,1808.671333236834,196.85984800003098,141747.42550500002,724.1297440423654
1788774846,30,,Aggregated,16.200000,0.000000,850,1500,2400,3000,4200,4900,6000,7400,67000,142000,142000,6817,0,850,1814.4803436856382,196.85984800003098,141747.42550500002,724.0991638550682
1788774847,30,,Aggregated,15.600000,0.000000,850,1500,2400,3000,4200,4900,6000,7400,67000,142000,142000,6832,0,850,1812.9778475465448,196.85984800003098,141747.42550500002,724.0993852459017
1788774848,30,,Aggregated,16.200000,0.000000,850,1500,2400,3000,4200,4900,6000,7400,67000,142000,142000,6846,0,850,1812.1795514075368,196.85984800003098,141747.42550500002,724.1168565585743
1788774849,30,,Aggregated,16.100000,0.000000,850,1500,2400,3000,4200,4900,6000,7400,67000,142000,142000,6866,0,850,1812.0588856629765,196.85984800003098,141747.42550500002,724.1089426157879
1788774850,30,,Aggregated,16.200000,0.000000,850,1500,2400,3000,4200,4900,6000,7400,67000,142000,142000,6882,0,850,1811.60359833188,196.85984800003098,141747.42550500002,724.1267073525138
1788774851,30,,Aggregated,16.000000,0.000000,850,1500,2400,3000,4200,4900,6000,7400,67000,142000,142000,6899,0,850,1810.6231432438033,196.85984800003098,141747.42550500002,724.1234961588636
1788774852,30,,Aggregated,16.200000,0.000000,850,1500,2400,3000,4200,4900,6000,7400,90000,144000,144000,6917,0,850,1830.0379611293915,196.85984800003098,143507.19928199987,724.1011999421714
1788774853,30,,Aggregated,16.800000,0.000000,850,1500,2400,3000,4200,4900,6000,7400,90000,144000,144000,6933,0,850,1829.015231904082,196.85984800003098,143507.19928199987,724.1078898023943
1788774854,30,,Aggregated,16.500000,0.000000,850,1500,2400,3000,4200,4900,6000,7400,90000,144000,144000,6949,0,850,1828.3072316028213,196.85984800003098,143507.19928199987,724.1323931500935
1788774855,30,,Aggregated,16.400000,0.000000,850,1500,2400,3000,4200,4900,6000,7400,90000,144000,144000,6967,0,850,1828.7695940859771,196.85984800003098,143507.19928199987,724.1076503516579
1788774856,30,,Aggregated,16.300000,0.000000,850,1500,2400,3000,4200,4900,6000,7400,90000,144000,144000,6983,0,850,1827.2591072805392,196.85984800003098,143507.19928199987,724.1092653587283
1788774857,30,,Aggregated,17.200000,0.000000,850,1500,2400,3000,4200,4900,6000,7400,90000,144000,144000,6998,0,850,1826.2826462314952,196.85984800003098,143507.19928199987,724.1253215204345
1788774858,30,,Aggregated,16.400000,0.000000,850,1500,2400,3000,4200,4900,6000,7400,67000,144000,144000,7015,0,850,1826.0610442410562,196.85984800003098,143507.19928199987,724.1176051318603
1788774859,30,,Aggregated,16.600000,0.000000,850,1500,2400,3000,4200,4900,6000,7400,67000,144000,144000,7030,0,850,1826.0674481355636,196.85984800003098,143507.19928199987,724.1146514935989
1788774860,30,,Aggregated,16.800000,0.000000,850,1500,2400,3000,4200,4900,6000,7400,67000,144000,144000,7047,0,850,1825.0015370950775,196.85984800003098,143507.19928199987,724.1143749113098
1788774861,30,,Aggregated,16.900000,0.000000,850,1500,2400,3000,4200,4900,6000,7400,67000,144000,144000,7064,0,850,1823.5616574970297,196.85984800003098,143507.19928199987,724.1203284258211
1788774862,30,,Aggregated,16.600000,0.000000,850,1500,2400,3000,4200,4900,6000,7400,67000,144000,144000,7079,0,850,1822.8267444297246,196.85984800003098,143507.19928199987,724.1217686113857
1788774863,30,,Aggregated,16.300000,0.000000,850,1500,2400,3000,4200,4900,6000,7400,67000,144000,144000,7097,0,850,1822.7659305567167,196.85984800003098,143507.19928199987,724.1206143440891
1788774864,30,,Aggregated,16.100000,0.000000,850,1500,2400,3000,4200,4900,6000,7400,67000,144000,144000,7112,0,850,1822.1469110066112,196.85984800003098,143507.19928199987,724.1233127109111
1788774865,30,,Aggregated,16.500000,0.000000,850,1500,2400,3000,4200,4900,6000,7400,67000,144000,144000,7128,0,850,1824.861092125985,196.85984800003098,143507.19928199987,724.1338383838383
1788774866,30,,Aggregated,16.300000,0.000000,850,1500,2400,3000,4200,4900,6000,7400,67000,144000,144000,7145,0,850,1825.0653862377922,196.85984800003098,143507.19928199987,724.1244226731981
1788774867,30,,Aggregated,16.200000,0.000000,850,1500,2400,3000,4200,4900,6000,7400,67000,144000,144000,7160,0,850,1824.2421219004225,196.85984800003098,143507.19928199987,724.1150837988827
1788774868,30,,Aggregated,16.500000,0.000000,850,1500,2400,3000,4200,4900,6000,7400,67000,144000,144000,7175,0,850,1823.536884099655,196.85984800003098,143507.19928199987,724.1232055749128
1788774869,30,,Aggregated,16.500000,0.000000,850,1500,2400,3000,4200,4900,6000,7400,67000,144000,144000,7192,0,850,1822.4528720463045,196.85984800003098,143507.19928199987,724.1427975528364
1788774870,30,,Aggregated,16.300000,0.000000,850,1600,2400,3000,4200,4900,6000,7400,67000,144000,144000,7211,0,850,1822.2778153017646,196.85984800003098,143507.19928199987,724.1091388156982
1788774871,30,,Aggregated,15.900000,0.000000,850,1600,2400,3000,4200,4900,6000,7400,67000,144000,144000,7227,0,850,1821.9583747299048,196.85984800003098,143507.19928199987,724.1284073612841
1788774872,30,,Aggregated,15.900000,0.000000,850,1600,2400,3000,4200,4900,6000,7400,67000,144000,144000,7243,0,850,1821.8985354502304,196.85984800003098,143507.19928199987,724.1368217589396
1788774873,30,,Aggregated,16.100000,0.000000,850,1600,2400,3000,4200,4900,6000,7400,67000,144000,144000,7258,0,850,1820.2688620235629,196.85984800003098,143507.19928199987,724.1403968035271
1788774874,30,,Aggregated,16.400000,0.000000,850,1600,2400,3000,4200,4900,6000,7400,67000,144000,144000,7278,0,850,1819.9479714950558,196.85984800003098,143507.19928199987,724.1210497389393
1788774875,30,,Aggregated,16.100000,0.000000,850,1600,2400,3000,4200,4900,6000,7400,67000,144000,144000,7290,0,850,1818.9610011482878,196.85984800003098,143507.19928199987,724.1358024691358
1788774876,30,,Aggregated,16.100000,0.000000,850,1600,2400,3000,4200,4900,6000,7400,67000,144000,144000,7308,0,850,1818.5314785188857,196.85984800003098,143507.19928199987,724.1269841269841
1788774877,30,,Aggregated,16.200000,0.000000,850,1500,2400,3000,4200,4900,6000,7400,67000,144000,144000,7323,0,850,1817.0742112036078,196.85984800003098,143507.19928199987,724.1342346033047
1788774878,30,,Aggregated,16.000000,0.000000,850,1600,2400,3000,4200,4900,6000,7400,67000,144000,144000,7340,0,850,1816.8999491656705,196.85984800003098,143507.19928199987,724.1361035422343
1788774879,30,,Aggregated,15.900000,0.000000,850,1600,2400,3000,4200,4900,6000,7400,67000,144000,144000,7357,0,850,1817.2340095163822,196.85984800003098,143507.19928199987,724.1322549952426
1788774880,30,,Aggregated,16.000000,0.000000,850,1500,2400,3000,4200,4900,6000,7400,67000,144000,144000,7372,0,850,1815.2988627063246,196.85984800003098,143507.19928199987,724.1390396093326
1788774881,30,,Aggregated,16.200000,0.000000,850,1600,2400,3000,4200,4900,6000,7400,90000,144000,144000,7392,0,850,1827.2007031194569,196.85984800003098,143507.19928199987,724.1287878787879
1788774882,30,,Aggregated,16.600000,0.000000,850,1600,2400,3000,4200,4900,6000,7400,90000,144000,144000,7407,0,850,1826.9928915559638,196.85984800003098,143507.19928199987,724.118671526934
1788774883,30,,Aggregated,16.400000,0.000000,850,1600,2400,3000,4200,4900,6000,7400,90000,144000,144000,7424,0,850,1825.9798777945887,196.85984800003098,143507.19928199987,724.133755387931
1788774884,30,,Aggregated,16.400000,0.000000,850,1600,2400,3000,4200,4900,6000,7400,90000,144000,144000,7438,0,850,1825.3772710635963,196.85984800003098,143507.19928199987,724.145603656897
1788774885,30,,Aggregated,16.300000,0.000000,850,1600,2400,3000,4200,4900,6000,7400,90000,144000,144000,7454,0,850,1824.4377660080538,196.85984800003098,143507.19928199987,724.1277166621948
1788774886,30,,Aggregated,16.600000,0.000000,850,1600,2400,3000,4200,4900,6000,7400,90000,144000,144000,7474,0,850,1827.2995837590363,196.85984800003098,143507.19928199987,724.1173401123896
1788774887,30,,Aggregated,16.300000,0.000000,850,1600,2400,3000,4200,4900,6000,7400,90000,144000,144000,7489,0,850,1826.7532222330133,196.85984800003098,143507.19928199987,724.1251168380292
1788774888,30,,Aggregated,16.200000,0.000000,850,1600,2400,3000,4200,4900,6000,7400,90000,144000,144000,7503,0,850,1830.7809226817317,196.85984800003098,143507.19928199987,724.1203518592563
1788774889,30,,Aggregated,16.600000,0.000000,850,1600,2400,3000,4200,4900,6000,7400,90000,144000,144000,7522,0,850,1830.8222387339838,196.85984800003098,143507.19928199987,724.1301515554374
1788774890,30,,Aggregated,16.400000,0.000000,850,1600,2400,3000,4200,4900,6000,7400,90000,144000,144000,7537,0,850,1829.8893857617124,196.85984800003098,143507.19928199987,724.1260448454292
1788774891,30,,Aggregated,16.300000,0.000000,850,1600,2400,3000,4200,4900,6000,7400,90000,144000,144000,7554,0,850,1829.4242283178482,196.85984800003098,143507.19928199987,724.1066984379137
1788774892,30,,Aggregated,16.500000,0.000000,850,1600,2400,3000,4200,4900,6000,7400,90000,144000,144000,7569,0,850,1828.0773323559288,196.85984800003098,143507.19928199987,724.1141498216409
1788774893,30,,Aggregated,16.300000,0.000000,850,1600,2400,3000,4200,4900,6000,7400,90000,144000,144000,7587,0,850,1827.2192473904086,196.85984800003098,143507.19928199987,724.1327270330829
1788774894,30,,Aggregated,16.000000,0.000000,850,1600,2400,3000,4200,4900,6000,7400,90000,144000,144000,7604,0,850,1827.9761120501091,196.85984800003098,143507.19928199987,724.1177012098896
1788774895,30,,Aggregated,16.200000,0.000000,850,1600,2500,3000,4200,4900,6000,7400,90000,144000,144000,7619,0,850,1836.636166124955,196.85984800003098,143507.19928199987,724.1046069037932
1788774896,30,,Aggregated,16.400000,0.000000,850,1600,2400,3000,4200,4900,6000,7400,90000,144000,144000,7635,0,850,1835.3956994647067,196.85984800003098,143507.19928199987,724.1191879502292
1788774897,30,,Aggregated,16.500000,0.000000,850,1600,2400,3000,4200,4900,6000,7400,90000,144000,144000,7651,0,850,1833.9862194889602,196.85984800003098,143507.19928199987,724.117370278395
1788774898,30,,Aggregated,16.600000,0.000000,850,1600,2400,3000,4200,4900,6000,7400,90000,144000,144000,7667,0,850,1832.9968439912652,196.85984800003098,143507.19928199987,724.116212338594
1788774899,30,,Aggregated,15.900000,0.000000,850,1600,2400,3000,4200,4900,6000,7400,90000,144000,144000,7683,0,850,1833.1170398521451,196.85984800003098,143507.19928199987,724.1280749707146
1788774900,30,,Aggregated,16.200000,0.000000,850,1600,2400,3000,4200,4900,6000,7400,90000,144000,144000,7700,0,850,1832.741316086627,196.85984800003098,143507.19928199987,724.1294805194805
1788774901,30,,Aggregated,16.400000,0.000000,850,1600,2400,3000,4200,4900,6000,7400,90000,144000,144000,7716,0,850,1832.8964072649076,196.85984800003098,143507.19928199987,724.1232503888025
1788774902,30,,Aggregated,16.100000,0.000000,850,1600,2400,3000,4200,4900,6000,7400,90000,144000,144000,7729,0,850,1832.3892094404227,196.85984800003098,143507.19928199987,724.1133393711993
1788774903,30,,Aggregated,16.000000,0.000000,850,1600,2400,3000,4200,4900,6000,7400,90000,144000,144000,7747,0,850,1831.7570458396833,196.85984800003098,143507.19928199987,724.1111397960501
1788774904,30,,Aggregated,16.500000,0.000000,850,1600,2400,3000,4200,4900,6000,7400,90000,144000,144000,7760,0,850,1831.1489818953635,196.85984800003098,143507.19928199987,724.1293814432989
1788774905,30,,Aggregated,16.100000,0.000000,850,1600,2400,3000,4200,4900,6000,7400,90000,144000,144000,7777,0,850,1830.7885707556927,196.85984800003098,143507.19928199987,724.1350135013502
1788774906,30,,Aggregated,15.700000,0.000000,850,1600,2400,3000,4200,4900,6000,7400,90000,144000,144000,7793,0,850,1829.9418059565023,196.85984800003098,143507.19928199987,724.1347363018093
1788774907,30,,Aggregated,15.600000,0.000000,850,1600,2400,3000,4200,4900,6000,7400,90000,144000,144000,7810,0,850,1829.327414213447,196.85984800003098,143507.19928199987,724.121766965429
1788774908,30,,Aggregated,15.900000,0.000000,850,1600,2400,3000,4200,4900,6000,7400,90000,144000,144000,7823,0,850,1828.6007539621658,196.85984800003098,143507.19928199987,724.13255784226
1788774909,30,,Aggregated,16.100000,0.000000,850,1600,2400,3000,4200,4900,6000,7400,90000,144000,144000,7841,0,850,1831.1401831660528,196.85984800003098,143507.19928199987,724.1238362453769
1788774910,30,,Aggregated,16.100000,0.000000,850,1600,2500,3000,4200,4900,6000,7400,90000,144000,144000,7860,0,850,1830.9386949853713,196.85984800003098,143507.19928199987,724.1151399491094
1788774911,30,,Aggregated,15.900000,0.000000,850,1600,2400,3000,4200,4900,6000,7400,90000,144000,144000,7875,0,850,1829.8882841088277,196.85984800003098,143507.19928199987,724.1315555555556
1788774912,30,,Aggregated,16.100000,0.000000,850,1600,2400,3000,4200,4900,6000,7400,90000,144000,144000,7890,0,850,1828.2531676282658,196.85984800003098,143507.19928199987,724.133586818758
1788774913,30,,Aggregated,16.300000,0.000000,850,1600,2400,3000,4200,4900,6000,7400,90000,144000,144000,7910,0,850,1828.5696900465252,196.85984800003098,143507.19928199987,724.1175726927939
1788774914,30,,Aggregated,15.900000,0.000000,850,1600,2400,3000,4200,4900,6000,7400,90000,144000,144000,7924,0,850,1828.0490535152724,196.85984800003098,143507.19928199987,724.1417213528521
1788774915,30,,Aggregated,16.000000,0.000000,850,1600,2400,3000,4200,4900,6000,7400,90000,144000,144000,7938,0,850,1826.9095893640742,196.85984800003098,143507.19928199987,724.1390778533636
1788774916,30,,Aggregated,16.600000,0.000000,850,1600,2400,3000,4200,4900,6000,7400,90000,144000,144000,7955,0,850,1827.3034708834723,196.85984800003098,143507.19928199987,724.1274670018856
1788774917,30,,Aggregated,16.300000,0.000000,850,1600,2400,3000,4200,4900,6000,7400,90000,144000,144000,7973,0,850,1826.5488624103882,196.85984800003098,143507.19928199987,724.1323215853506
1788774918,30,,Aggregated,16.300000,0.000000,850,1600,2400,3000,4200,4900,6000,7400,90000,144000,144000,7987,0,850,1826.1011864035338,196.85984800003098,143507.19928199987,724.138975835733
1788774919,30,,Aggregated,16.200000,0.000000,850,1600,2400,3000,4200,4900,6000,7400,67000,144000,144000,8004,0,850,1825.4996582736164,196.85984800003098,143507.19928199987,724.1294352823588
1788774920,30,,Aggregated,16.200000,0.000000,850,1600,2400,3000,4200,4900,6000,7400,67000,144000,144000,8021,0,850,1824.2672866699947,196.85984800003098,143507.19928199987,724.1383867348211
1788774921,30,,Aggregated,16.200000,0.000000,850,1600,2400,3000,4200,4900,6000,7400,67000,144000,144000,8038,0,850,1823.6506005005012,196.85984800003098,143507.19928199987,724.1402090072157
1788774922,30,,Aggregated,16.000000,0.000000,850,1600,2400,3000,4200,4900,6000,7400,67000,144000,144000,8053,0,850,1823.0862644133897,196.85984800003098,143507.19928199987,724.1475226623619
1788774923,30,,Aggregated,15.600000,0.000000,850,1600,2400,3000,4200,4900,6000,7400,67000,144000,144000,8075,0,850,1822.9222816152353,196.85984800003098,143507.19928199987,724.1457585139319
1788774924,30,,Aggregated,16.000000,0.000000,850,1600,2400,3000,4200,4900,6000,7400,67000,144000,144000,8089,0,850,1822.2525169677374,196.85984800003098,143507.19928199987,724.1426628755099
1788774925,30,,Aggregated,16.300000,0.000000,850,1600,2400,3000,4200,4900,6000,7400,67000,144000,144000,8105,0,850,1821.5230722175231,196.85984800003098,143507.19928199987,724.1284392350401
1788774926,30,,Aggregated,16.000000,0.000000,850,1600,2400,3000,4200,4900,6000,7400,67000,144000,144000,8119,0,850,1820.4467261862324,196.85984800003098,143507.19928199987,724.1462002709693
1788774927,30,,Aggregated,16.500000,0.000000,850,1600,2400,3000,4200,4900,6000,7400,67000,144000,144000,8136,0,850,1820.120347700961,196.85984800003098,143507.19928199987,724.1493362831858
1788774928,30,,Aggregated,16.300000,0.000000,850,1600,2400,3000,4200,4900,6000,7400,67000,144000,144000,8155,0,850,1819.7402337975495,196.85984800003098,143507.19928199987,724.1525444512569
1788774929,30,,Aggregated,16.500000,0.000000,850,1600,2400,3000,4200,4900,6000,7400,67000,144000,144000,8170,0,850,1818.7498492696473,196.85984800003098,143507.19928199987,724.1550795593636
1788774930,30,,Aggregated,16.300000,0.000000,850,1600,2400,3000,4200,4900,6000,7400,67000,144000,144000,8188,0,850,1822.9982209466314,196.85984800003098,143507.19928199987,724.1452125061065
1788774931,30,,Aggregated,16.700000,0.000000,850,1600,2400,3000,4200,4900,6000,7400,67000,144000,144000,8203,0,850,1822.2034620352329,196.85984800003098,143507.19928199987,724.1473851030111
1788774932,30,,Aggregated,16.400000,0.000000,850,1600,2400,3000,4200,4900,6000,7400,67000,144000,144000,8223,0,850,1822.4038532361685,196.85984800003098,143507.19928199987,724.1486075641493
1788774933,30,,Aggregated,16.900000,0.000000,850,1600,2400,3000,4200,4900,6000,7400,67000,144000,144000,8238,0,850,1824.6686819826432,196.85984800003098,143507.19928199987,724.145180869143
1788774934,30,,Aggregated,16.700000,0.000000,850,1600,2400,3000,4200,4900,6000,7400,67000,144000,144000,8257,0,850,1824.2517176337674,196.85984800003098,143507.19928199987,724.1400024221872
1788774935,30,,Aggregated,16.500000,0.000000,850,1600,2400,3000,4200,4900,6000,7400,67000,144000,144000,8271,0,850,1822.587380255956,196.85984800003098,143507.19928199987,724.1518558819973
1788774936,30,,Aggregated,16.600000,0.000000,850,1600,2400,3000,4200,4900,6000,7400,67000,144000,144000,8287,0,850,1821.5526124626535,196.85984800003098,143507.19928199987,724.153734765295
1788774937,30,,Aggregated,16.600000,0.000000,850,1600,2400,3000,4200,4900,6000,7400,67000,144000,144000,8305,0,850,1821.22457689079,196.85984800003098,143507.19928199987,724.1448524984949
1788774938,30,,Aggregated,16.500000,0.000000,850,1600,2400,3000,4200,4900,6000,7400,67000,144000,144000,8322,0,850,1822.1924138711863,196.85984800003098,143507.19928199987,724.1607786589763
1788774939,30,,Aggregated,16.400000,0.000000,850,1600,2400,3000,4200,4900,6000,7400,67000,144000,144000,8335,0,850,1820.525990677746,196.85984800003098,143507.19928199987,724.1697660467906
1788774940,30,,Aggregated,16.600000,0.000000,850,1600,2400,3000,4200,4900,6000,7400,67000,144000,144000,8353,0,850,1820.256173427034,196.85984800003098,143507.19928199987,724.1467736142703
1788774941,30,,Aggregated,16.400000,0.000000,850,1600,2400,3000,4200,4900,6000,7400,67000,144000,144000,8369,0,850,1819.6170437910164,196.85984800003098,143507.19928199987,724.155096188314
1788774942,30,,Aggregated,16.600000,0.000000,850,1600,2400,3000,4200,4900,6000,7400,67000,144000,144000,8385,0,850,1818.6688891020892,196.85984800003098,143507.19928199987,724.1639833035182
1788774943,30,,Aggregated,16.700000,0.000000,850,1600,2400,3000,4200,4900,6000,7400,67000,144000,144000,8401,0,850,1817.8883938071674,196.85984800003098,143507.19928199987,724.1675990953457
1788774944,30,,Aggregated,16.400000,0.000000,850,1600,2400,3000,4200,4900,6000,7400,67000,144000,144000,8419,0,850,1817.9167245266676,196.85984800003098,143507.19928199987,724.1670032070317
1788774945,30,,Aggregated,16.600000,0.000000,850,1600,2400,3000,4200,4900,6000,7400,67000,144000,144000,8434,0,850,1816.870217473917,196.85984800003098,143507.19928199987,724.1680104339578
1788774946,30,,Aggregated,16.200000,0.000000,850,1600,2400,3000,4200,4900,6000,7400,67000,144000,144000,8453,0,850,1817.1669638287015,196.85984800003098,143507.19928199987,724.166331479948
1788774947,30,,Aggregated,16.100000,0.000000,850,1600,2400,3000,4200,4900,6000,7400,67000,144000,144000,8466,0,850,1816.4660817147433,196.85984800003098,143507.19928199987,724.1684384597212
1788774948,30,,Aggregated,16.300000,0.000000,850,1600,2400,3000,4200,4900,6000,7400,67000,144000,144000,8481,0,850,1815.4285338418838,196.85984800003098,143507.19928199987,724.1743898125221
1788774949,30,,Aggregated,16.300000,0.000000,850,1600,2400,3000,4200,4900,6000,7400,67000,144000,144000,8501,0,850,1815.3808732963205,196.85984800003098,143507.19928199987,724.1718621338666
1788774950,30,,Aggregated,16.400000,0.000000,850,1600,2400,3000,4200,4900,6000,7400,67000,144000,144000,8514,0,850,1814.8345444603028,196.85984800003098,143507.19928199987,724.1822879962415
1788774951,30,,Aggregated,16.300000,0.000000,850,1600,2400,3000,4200,4900,6000,7400,67000,144000,144000,8529,0,850,1814.0271339158187,196.85984800003098,143507.19928199987,724.1852503224294
1788774952,30,,Aggregated,16.300000,0.000000,850,1600,2400,3000,4200,4900,6000,7400,67000,144000,144000,8549,0,850,1813.7435943442529,196.85984800003098,143507.19928199987,724.1786173821499
1788774953,30,,Aggregated,15.900000,0.000000,850,1600,2400,3000,4200,4900,6000,7400,67000,144000,144000,8567,0,850,1815.7906781736922,196.85984800003098,143507.19928199987,724.1662192132602
1788774954,30,,Aggregated,16.000000,0.000000,850,1600,2400,3000,4200,4900,6000,7400,67000,144000,144000,8581,0,850,1814.342891371288,196.85984800003098,143507.19928199987,724.1780678242629
1788774955,30,,Aggregated,16.100000,0.000000,850,1600,2400,3000,4200,4900,6000,7400,67000,144000,144000,8603,0,850,1814.4606658757439,196.85984800003098,143507.19928199987,724.1865628269209
1788774956,30,,Aggregated,16.600000,0.000000,850,1600,2400,3000,4200,4900,6000,7400,67000,144000,144000,8615,0,850,1813.6615286118426,196.85984800003098,143507.19928199987,724.1815438189204
1788774957,30,,Aggregated,16.200000,0.000000,850,1600,2400,3000,4200,4900,6000,7400,67000,144000,144000,8633,0,850,1813.3760673373133,196.85984800003098,143507.19928199987,724.1764160778408
1788774958,30,,Aggregated,16.400000,0.000000,850,1600,2400,3000,4200,4900,6000,7400,67000,144000,144000,8649,0,850,1812.5090968159354,196.85984800003098,143507.19928199987,724.179327089837
1788774959,30,,Aggregated,16.500000,0.000000,850,1600,2400,3000,4200,4900,6000,7400,67000,144000,144000,8662,0,850,1811.2102999915753,196.85984800003098,143507.19928199987,724.1895636111752
1788774960,30,,Aggregated,16.500000,0.000000,850,1600,2400,3000,4200,4900,6000,7400,67000,144000,144000,8679,0,850,1810.2302247672574,196.85984800003098,143507.19928199987,724.189883627146
1788774961,30,,Aggregated,16.500000,0.000000,850,1600,2400,3000,4200,4900,6000,7400,67000,144000,144000,8697,0,850,1812.0997456844918,196.85984800003098,143507.19928199987,724.1836265378867
1788774962,30,,Aggregated,16.200000,0.000000,850,1600,2400,3000,4200,4900,6000,7400,67000,144000,144000,8714,0,850,1818.297822389032,196.85984800003098,143507.19928199987,724.1857929768189
1788774963,30,,Aggregated,16.700000,0.000000,850,1600,2400,3000,4200,4900,6000,7400,67000,144000,144000,8730,0,850,1817.345920421652,196.85984800003098,143507.19928199987,724.1879725085911
1788774964,30,,Aggregated,16.900000,0.000000,850,1600,2400,3000,4200,4900,6000,7400,67000,144000,144000,8746,0,850,1816.9006208826918,196.85984800003098,143507.19928199987,724.1853418705695
1788774965,30,,Aggregated,16.600000,0.000000,850,1600,2400,3000,4200,4900,6000,7400,67000,144000,144000,8762,0,850,1816.1257799987475,196.85984800003098,143507.19928199987,724.1953891805524
1788774966,30,,Aggregated,16.400000,0.000000,850,1600,2400,3000,4200,4900,6000,7400,67000,144000,144000,8779,0,850,1815.6098205242083,196.85984800003098,143507.19928199987,724.190112769108
1788774967,30,,Aggregated,16.500000,0.000000,850,1600,2400,3000,4200,4900,6000,7400,67000,144000,144000,8797,0,850,1815.2920559157694,196.85984800003098,143507.19928199987,724.1926793224964
1788774968,30,,Aggregated,16.600000,0.000000,850,1600,2400,3000,4200,4900,6000,7400,67000,144000,144000,8812,0,850,1815.022014244215,196.85984800003098,143507.19928199987,724.1966636404902
1788774969,30,,Aggregated,16.300000,0.000000,850,1600,2400,3000,4200,4900,6000,7400,67000,144000,144000,8828,0,850,1814.736849864185,196.85984800003098,143507.19928199987,724.1828273674671
1788774970,30,,Aggregated,16.300000,0.000000,850,1600,2400,3000,4200,4900,6000,7400,67000,144000,144000,8845,0,850,1813.8836680697598,196.85984800003098,143507.19928199987,724.1862068965518
1788774971,30,,Aggregated,16.200000,0.000000,850,1600,2400,3000,4200,4900,6000,7400,67000,144000,144000,8861,0,850,1812.7270265271445,196.85984800003098,143507.19928199987,724.1909491028101
1788774972,30,,Aggregated,16.500000,0.000000,850,1600,2400,3000,4200,4900,6000,7400,90000,144000,144000,8876,0,850,1827.5629120482229,196.85984800003098,143507.19928199987,724.1893871113114
1788774973,30,,Aggregated,16.100000,0.000000,850,1600,2400,3000,4200,4900,6000,7400,90000,144000,144000,8897,0,850,1826.9173550675541,196.85984800003098,143507.19928199987,724.1874789254805
1788774974,30,,Aggregated,16.300000,0.000000,850,1600,2400,3000,4200,4900,6000,7400,90000,144000,144000,8912,0,850,1826.3761732088228,196.85984800003098,143507.19928199987,724.1807675044884
1788774975,30,,Aggregated,16.600000,0.000000,850,1600,2400,3000,4200,4900,6000,7400,90000,144000,144000,8927,0,850,1824.9871983423357,196.85984800003098,143507.19928199987,724.182816175647
1788774976,30,,Aggregated,16.600000,0.000000,850,1600,2400,3000,4200,4900,6000,7400,90000,144000,144000,8943,0,850,1824.9407566159036,196.85984800003098,143507.19928199987,724.1821536397182
1788774977,30,,Aggregated,16.600000,0.000000,850,1600,2400,3000,4200,4900,6000,7400,90000,144000,144000,8960,0,850,1824.4178811950921,196.85984800003098,143507.19928199987,724.1934151785714
1788774978,30,,Aggregated,16.100000,0.000000,850,1600,2400,3000,4200,4900,6000,7400,90000,144000,144000,8977,0,850,1826.5369610802081,196.85984800003098,143507.19928199987,724.1838030522446
1788774979,30,,Aggregated,16.500000,0.000000,850,1600,2400,3000,4200,4900,6000,7400,90000,144000,144000,8997,0,850,1826.6479890820299,196.85984800003098,143507.19928199987,724.1666110925864
1788774980,30,,Aggregated,16.300000,0.000000,850,1600,2400,3000,4200,4900,6000,7400,67000,144000,144000,9010,0,850,1825.398673788571,196.85984800003098,143507.19928199987,724.1733629300777
1788774981,30,,Aggregated,16.800000,0.000000,850,1600,2400,3000,4200,4900,6000,7400,67000,144000,144000,9024,0,850,1824.3558679797236,196.85984800003098,143507.19928199987,724.1807402482269
1788774982,30,,Aggregated,16.800000,0.000000,850,1600,2400,3000,4200,4900,6000,7400,67000,144000,144000,9042,0,850,1824.1308491735263,196.85984800003098,143507.19928199987,724.1921035169211
1788774983,30,,Aggregated,16.800000,0.000000,850,1600,2400,3000,4200,4900,6000,7400,67000,144000,144000,9061,0,850,1824.846758536036,196.85984800003098,143507.19928199987,724.1867343560314
1788774984,30,,Aggregated,16.300000,0.000000,850,1600,2400,3000,4200,4900,6000,7400,67000,144000,144000,9075,0,850,1823.8941269074408,196.85984800003098,143507.19928199987,724.1910743801653
1788774985,30,,Aggregated,16.300000,0.000000,850,1600,2400,3000,4200,4900,6000,7400,67000,144000,144000,9092,0,850,1823.9116337933374,196.85984800003098,143507.19928199987,724.1855477342718
1788774986,30,,Aggregated,16.300000,0.000000,850,1600,2400,3000,4200,4900,6000,7400,67000,144000,144000,9106,0,850,1822.552780954428,196.85984800003098,143507.19928199987,724.1871293652537
1788774987,30,,Aggregated,16.000000,0.000000,850,1600,2400,3000,4200,4900,6000,7400,67000,144000,144000,9124,0,850,1821.8085204487093,196.85984800003098,143507.19928199987,724.1905962297238
1788774988,30,,Aggregated,16.500000,0.000000,850,1600,2400,3000,4200,4900,6000,7400,67000,144000,144000,9142,0,850,1822.3229233147038,196.85984800003098,143507.19928199987,724.1919711222927
1788774989,30,,Aggregated,15.900000,0.000000,850,1600,2400,3000,4200,4900,6000,7400,67000,144000,144000,9155,0,850,1821.676083819227,196.85984800003098,143507.19928199987,724.192026215183
1788774990,30,,Aggregated,16.000000,0.000000,850,1600,2400,3000,4200,4900,6000,7400,67000,144000,144000,9172,0,850,1821.1643660753405,196.85984800003098,143507.19928199987,724.1964675098125
1788774991,30,,Aggregated,16.200000,0.000000,850,1600,2400,3000,4200,4900,6000,7400,67000,144000,144000,9190,0,850,1820.4037660057695,196.85984800003098,143507.19928199987,724.1893362350381
1788774992,30,,Aggregated,15.800000,0.000000,850,1600,2400,3000,4200,4900,6000,7400,67000,144000,144000,9207,0,850,1819.7416599615538,196.85984800003098,143507.19928199987,724.198110133594
1788774993,30,,Aggregated,15.900000,0.000000,850,1600,2400,3000,4200,4900,6000,7400,90000,144000,144000,9221,0,850,1834.098027479669,196.85984800003098,143507.19928199987,724.2024726168528
1788774994,30,,Aggregated,16.300000,0.000000,850,1600,2400,3000,4200,4900,6000,7400,90000,144000,144000,9240,0,850,1833.0609935189436,196.85984800003098,143507.19928199987,724.2071428571429
1788774995,30,,Aggregated,16.200000,0.000000,850,1600,2400,3000,4200,4900,6000,7400,90000,144000,144000,9258,0,850,1833.6238272133332,196.85984800003098,143507.19928199987,724.1917260747462
1788774996,30,,Aggregated,16.200000,0.000000,850,1600,2400,3000,4200,4900,6000,7400,90000,144000,144000,9270,0,850,1832.554938741321,196.85984800003098,143507.19928199987,724.1930960086299
1788774997,30,,Aggregated,16.500000,0.000000,850,1600,2400,3000,4200,4900,6000,7400,90000,144000,144000,9287,0,850,1832.0330245677867,196.85984800003098,143507.19928199987,724.2046947345752
1788774998,30,,Aggregated,16.500000,0.000000,850,1600,2400,3000,4200,4900,6000,7400,90000,144000,144000,9305,0,850,1831.2291878993055,196.85984800003098,143507.19928199987,724.2151531434713
1788774999,30,,Aggregated,16.800000,0.000000,850,1600,2400,3000,4200,4900,6000,7400,90000,144000,144000,9322,0,850,1830.596166322681,196.85984800003098,143507.19928199987,724.2076807552028
1788775000,30,,Aggregated,16.900000,0.000000,850,1600,2400,3000,4200,4900,6000,7400,90000,144000,144000,9343,0,850,1830.3992386101922,196.85984800003098,143507.19928199987,724.2095686610296
1788775001,30,,Aggregated,16.400000,0.000000,850,1600,2400,3000,4200,4900,6000,7400,90000,144000,144000,9356,0,850,1829.6626283070784,196.85984800003098,143507.19928199987,724.2072466866182
1788775002,30,,Aggregated,16.600000,0.000000,850,1600,2400,3000,4200,4900,6000,7400,90000,144000,144000,9372,0,850,1829.3696979401436,196.85984800003098,143507.19928199987,724.2157490396927
1788775003,30,,Aggregated,17.000000,0.000000,850,1600,2400,3000,4200,4900,6000,7400,90000,144000,144000,9388,0,850,1828.71674179506,196.63827899989883,143507.19928199987,724.2097358329783
1788775004,30,,Aggregated,16.600000,0.000000,850,1600,2400,3000,4200,4900,6000,7400,90000,144000,144000,9404,0,850,1830.2137599538526,196.63827899989883,143507.19928199987,724.204487452148
1788775005,30,,Aggregated,16.700000,0.000000,850,1600,2400,3000,4200,4900,6000,7400,90000,144000,144000,9423,0,850,1830.255445798369,196.63827899989883,143507.19928199987,724.2146874668365
1788775006,30,,Aggregated,16.300000,0.000000,850,1600,2400,3000,4200,4900,6000,7400,90000,144000,144000,9437,0,850,1830.1121436833769,196.63827899989883,143507.19928199987,724.2072692592985
1788775007,30,,Aggregated,16.500000,0.000000,850,1600,2400,3000,4200,4900,6000,7400,90000,144000,144000,9456,0,850,1829.6701767871214,196.63827899989883,143507.19928199987,724.2054780033841
1788775008,30,,Aggregated,16.300000,0.000000,850,1600,2400,3000,4200,4900,6000,7400,90000,144000,144000,9469,0,850,1828.8443768974573,196.63827899989883,143507.19928199987,724.206146372373
1788775009,30,,Aggregated,16.500000,0.000000,850,1600,2400,3000,4200,4900,6000,7400,90000,144000,144000,9486,0,850,1828.0935458239533,196.63827899989883,143507.19928199987,724.2109424414928
1788775010,30,,Aggregated,16.300000,0.000000,850,1600,2400,3000,4200,4900,6000,7400,90000,144000,144000,9501,0,850,1827.3908611371453,196.63827899989883,143507.19928199987,724.2170297863382
1788775011,30,,Aggregated,16.500000,0.000000,850,1600,2400,3000,4200,4900,6000,7400,90000,144000,144000,9518,0,850,1826.64550163459,196.63827899989883,143507.19928199987,724.2221054843454
1788775012,30,,Aggregated,16.600000,0.000000,850,1600,2400,3000,4200,4900,6000,7400,90000,144000,144000,9540,0,850,1827.795608709122,196.63827899989883,143507.19928199987,724.2061844863732
1788775013,30,,Aggregated,16.000000,0.000000,850,1600,2400,3000,4200,4900,6000,7400,90000,144000,144000,9552,0,850,1826.4304871560958,196.63827899989883,143507.19928199987,724.2146147403685
1788775014,30,,Aggregated,16.200000,0.000000,850,1600,2400,3000,4200,4900,6000,7400,90000,144000,144000,9569,0,850,1829.9298473518684,196.63827899989883,143507.19928199987,724.2010659421047
1788775015,30,,Aggregated,16.500000,0.000000,850,1600,2400,3000,4200,4900,6000,7400,90000,144000,144000,9584,0,850,1829.5166224155919,196.63827899989883,143507.19928199987,724.2095158597663
1788775016,30,,Aggregated,16.400000,0.000000,850,1600,2400,3000,4200,4900,6000,7400,90000,144000,144000,9603,0,850,1828.5415433377107,196.63827899989883,143507.19928199987,724.2057690305113
1788775017,30,,Aggregated,16.500000,0.000000,850,1600,2400,3000,4200,4900,6000,7400,90000,144000,144000,9620,0,850,1828.2221645320203,196.63827899989883,143507.19928199987,724.2258835758836
1788775018,30,,Aggregated,16.400000,0.000000,850,1600,2400,3000,4200,4900,6000,7400,90000,144000,144000,9635,0,850,1828.0787700268852,196.63827899989883,143507.19928199987,724.2085106382979
1788775019,30,,Aggregated,16.300000,0.000000,850,1600,2400,3000,4200,4900,6000,7400,90000,144000,144000,9652,0,850,1826.7290283158975,196.63827899989883,143507.19928199987,724.2145669291339
1788775020,30,,Aggregated,16.500000,0.000000,850,1600,2400,3000,4200,4900,6000,7400,90000,144000,144000,9667,0,850,1826.4227957070486,196.63827899989883,143507.19928199987,724.215992551981
1788775021,30,,Aggregated,16.100000,0.000000,850,1600,2400,3000,4200,4900,6000,7400,90000,144000,144000,9685,0,850,1826.309865489317,196.63827899989883,143507.19928199987,724.2108415074858
1788775022,30,,Aggregated,16.400000,0.000000,850,1600,2400,3000,4200,4900,6000,7400,90000,144000,144000,9701,0,850,1826.1223584895413,196.63827899989883,143507.19928199987,724.1974023296567
1788775023,30,,Aggregated,16.400000,0.000000,850,1600,2400,3000,4200,4900,6000,7400,90000,144000,144000,9719,0,850,1825.4369334293694,196.63827899989883,143507.19928199987,724.210927050108
1788775024,30,,Aggregated,16.700000,0.000000,850,1600,2400,3000,4200,4900,6000,7400,90000,144000,144000,9736,0,850,1824.5623516891987,196.63827899989883,143507.19928199987,724.2135373870173
1788775025,30,,Aggregated,16.300000,0.000000,850,1600,2400,3000,4200,4900,6000,7400,90000,144000,144000,9750,0,850,1823.5533436007224,196.63827899989883,143507.19928199987,724.2108717948718
1788775026,30,,Aggregated,16.700000,0.000000,850,1600,2400,3000,4200,4900,6000,7400,90000,144000,144000,9769,0,850,1825.838153505174,196.63827899989883,143507.19928199987,724.2059576210462
1788775027,30,,Aggregated,16.500000,0.000000,850,1600,2400,3000,4200,4900,6000,7400,90000,144000,144000,9787,0,850,1825.8368463253348,196.63827899989883,143507.19928199987,724.2100745887402
1788775028,30,,Aggregated,16.300000,0.000000,850,1600,2400,3000,4200,4900,6000,7400,90000,144000,144000,9800,0,850,1831.6420902128627,196.63827899989883,143507.19928199987,724.2047959183674
1788775029,30,,Aggregated,16.800000,0.000000,850,1600,2400,3000,4200,4900,6000,7400,90000,144000,144000,9816,0,850,1830.9711875704006,196.63827899989883,143507.19928199987,724.2132233088835
1788775030,30,,Aggregated,16.600000,0.000000,850,1600,2400,3000,4200,4900,6000,7400,90000,144000,144000,9834,0,850,1831.290668964618,196.63827899989883,143507.19928199987,724.1937156802928
1788775031,30,,Aggregated,16.600000,0.000000,850,1600,2400,3000,4200,4900,6000,7400,90000,144000,144000,9849,0,850,1830.250765258103,196.63827899989883,143507.19928199987,724.2071276271703
1788775032,30,,Aggregated,16.400000,0.000000,850,1600,2400,3000,4200,4900,6000,7400,90000,144000,144000,9869,0,850,1829.3908702093488,196.63827899989883,143507.19928199987,724.2102543317459
1788775033,30,,Aggregated,16.700000,0.000000,850,1600,2400,3000,4200,4900,6000,7400,90000,144000,144000,9882,0,850,1828.4474537085675,196.63827899989883,143507.19928199987,724.2191863995142
1788775034,30,,Aggregated,16.400000,0.000000,850,1600,2400,3000,4200,4900,6000,7400,90000,144000,144000,9902,0,850,1828.335521597361,196.63827899989883,143507.19928199987,724.2036962229853
1788775035,30,,Aggregated,16.600000,0.000000,850,1600,2400,3000,4200,4900,6000,7400,90000,144000,144000,9918,0,850,1828.3252651253345,196.63827899989883,143507.19928199987,724.2022585198629
1788775036,30,,Aggregated,16.500000,0.000000,850,1600,2400,3000,4200,4900,6000,7400,90000,144000,144000,9935,0,850,1828.0097891460562,196.63827899989883,143507.19928199987,724.2124811273276
1788775037,30,,Aggregated,16.600000,0.000000,850,1600,2400,3000,4200,4900,6000,7400,90000,144000,144000,9947,0,850,1827.3733830645488,196.63827899989883,143507.19928199987,724.2150397104655
1788775038,30,,Aggregated,16.800000,0.000000,850,1600,2400,3000,4200,4900,6000,7400,90000,144000,144000,9963,0,850,1826.563620123865,196.63827899989883,143507.19928199987,724.2142928836696
1788775039,30,,Aggregated,16.400000,0.000000,850,1600,2400,3000,4200,4900,6000,7400,90000,144000,144000,9979,0,850,1826.2702081469156,196.63827899989883,143507.19928199987,724.217356448542
1788775040,30,,Aggregated,16.200000,0.000000,850,1600,2400,3000,4200,4900,6000,7400,90000,144000,144000,9997,0,850,1825.755849577679,196.63827899989883,143507.19928199987,724.2125637691307
1788775041,30,,Aggregated,16.300000,0.000000,850,1600,2400,3000,4200,4900,6000,7400,67000,142000,144000,10014,0,850,1825.2978804955117,196.63827899989883,143507.19928199987,724.2134012382664
1788775042,30,,Aggregated,16.400000,0.000000,850,1600,2400,3000,4200,4900,6000,7400,67000,142000,144000,10030,0,850,1825.0342092144615,196.63827899989883,143507.19928199987,724.2127617148554
1788775043,30,,Aggregated,16.500000,0.000000,850,1600,2400,3000,4200,4900,6000,7400,67000,142000,144000,10047,0,850,1824.9389242429631,196.63827899989883,143507.19928199987,724.2137951627351
1788775044,30,,Aggregated,16.400000,0.000000,850,1600,2400,3000,4200,4900,6000,7400,67000,142000,144000,10060,0,850,1823.8070077452335,196.63827899989883,143507.19928199987,724.2262425447316
1788775045,30,,Aggregated,16.100000,0.000000,850,1600,2400,3000,4200,4900,6000,7400,67000,142000,144000,10078,0,850,1823.2232768900633,196.63827899989883,143507.19928199987,724.2249454256797
1788775046,30,,Aggregated,16.200000,0.000000,850,1600,2400,3000,4200,4900,6000,7400,67000,142000,144000,10095,0,850,1822.8531720522108,196.63827899989883,143507.19928199987,724.2159484893511
1788775047,30,,Aggregated,15.900000,0.000000,850,1600,2400,3000,4200,4900,6000,7400,67000,142000,144000,10112,0,850,1822.4104213399,196.63827899989883,143507.19928199987,724.2239912974684
1788775048,30,,Aggregated,16.000000,0.000000,850,1600,2400,3000,4200,4900,6000,7400,67000,142000,144000,10131,0,850,1822.0586871229964,196.63827899989883,143507.19928199987,724.2306781166716
1788775049,30,,Aggregated,16.000000,0.000000,850,1600,2400,3000,4200,4900,6000,7400,67000,142000,144000,10144,0,850,1822.0233675670415,196.63827899989883,143507.19928199987,724.2266364353312
1788775050,30,,Aggregated,16.400000,0.000000,850,1600,2400,3000,4200,4900,6000,7400,67000,142000,144000,10159,0,850,1822.933654239598,196.63827899989883,143507.19928199987,724.2281720641795
1788775051,30,,Aggregated,16.700000,0.000000,850,1600,2400,3000,4200,4900,6000,7400,67000,142000,144000,10180,0,850,1823.0558577833078,196.63827899989883,143507.19928199987,724.2208251473478
1788775052,30,,Aggregated,16.300000,0.000000,850,1600,2400,3000,4200,4900,6000,7400,67000,142000,144000,10191,0,850,1822.692625591608,196.63827899989883,143507.19928199987,724.2298106172112
1788775053,30,,Aggregated,16.000000,0.000000,850,1600,2400,3000,4200,4900,6000,7400,67000,142000,144000,10209,0,850,1822.2569279919758,196.63827899989883,143507.19928199987,724.2237241649525
1788775054,30,,Aggregated,16.600000,0.000000,850,1600,2400,3000,4200,4900,6000,7400,67000,142000,144000,10225,0,850,1821.462019065827,196.63827899989883,143507.19928199987,724.2284596577017
1788775055,30,,Aggregated,16.100000,0.000000,850,1600,2400,3000,4200,4900,6000,7400,67000,142000,144000,10242,0,850,1824.5575436265462,196.63827899989883,143507.19928199987,724.2247607889084
1788775057,30,,Aggregated,16.200000,0.000000,850,1600,2400,3000,4200,4900,6000,7400,67000,142000,144000,10257,0,850,1823.5575802803044,196.63827899989883,143507.19928199987,724.2339865457736
1788775058,30,,Aggregated,16.400000,0.000000,850,1600,2400,3000,4200,4900,6000,7400,67000,142000,144000,10277,0,850,1825.0548571907245,196.63827899989883,143507.19928199987,724.2208815802277
1788775059,30,,Aggregated,16.400000,0.000000,850,1600,2400,3000,4200,4900,6000,7400,67000,142000,144000,10291,0,850,1824.0441748526944,196.63827899989883,143507.19928199987,724.2279661840444
1788775060,30,,Aggregated,16.200000,0.000000,850,1600,2400,3000,4200,4900,6000,7400,67000,142000,144000,10306,0,850,1823.1884024904987,196.63827899989883,143507.19928199987,724.225693770619
1788775061,30,,Aggregated,16.400000,0.000000,850,1600,2400,3000,4200,4900,6000,7400,67000,142000,144000,10326,0,850,1822.8415033857325,196.63827899989883,143507.19928199987,724.2339724966105
1788775062,30,,Aggregated,16.000000,0.000000,850,1600,2400,3000,4200,4900,6000,7400,67000,142000,144000,10340,0,850,1822.5865612783434,196.63827899989883,143507.19928199987,724.2207930367505
1788775063,30,,Aggregated,16.700000,0.000000,850,1600,2400,3000,4200,4900,6000,7400,90000,142000,144000,10355,0,850,1830.3343533004413,196.63827899989883,143507.19928199987,724.2195074843071
1788775064,30,,Aggregated,16.700000,0.000000,850,1600,2400,3000,4200,4900,6000,7400,90000,142000,144000,10370,0,850,1830.3428663189072,196.63827899989883,143507.19928199987,724.2221793635487
1788775065,30,,Aggregated,16.000000,0.000000,850,1600,2400,3000,4200,4900,6000,7400,90000,142000,144000,10387,0,850,1830.4663983676778,196.63827899989883,143507.19928199987,724.2194088764802
1788775066,30,,Aggregated,16.300000,0.000000,850,1600,2400,3000,4200,4900,6000,7400,90000,142000,144000,10402,0,850,1829.6954937142928,196.63827899989883,143507.19928199987,724.2232263026341
1788775067,30,,Aggregated,16.200000,0.000000,850,1600,2400,3000,4200,4900,6000,7400,90000,142000,144000,10418,0,850,1828.9502376095284,196.63827899989883,143507.19928199987,724.2287387214436
1788775068,30,,Aggregated,16.200000,0.000000,850,1600,2400,3000,4200,4900,6000,7400,90000,142000,144000,10436,0,850,1829.1600456513095,196.63827899989883,143507.19928199987,724.221924108854
1788775069,30,,Aggregated,16.000000,0.000000,850,1600,2400,3000,4200,4900,6000,7400,90000,142000,144000,10451,0,850,1828.1612987755302,196.63827899989883,143507.19928199987,724.223806334322
1788775070,30,,Aggregated,16.000000,0.000000,850,1600,2400,3000,4200,4900,6000,7400,90000,142000,144000,10466,0,850,1827.7018103018409,196.63827899989883,143507.19928199987,724.228645136633
1788775071,30,,Aggregated,16.000000,0.000000,850,1600,2400,3000,4200,4900,6000,7400,90000,142000,144000,10483,0,850,1827.278487304309,196.63827899989883,143507.19928199987,724.2298006295907
1788775072,30,,Aggregated,16.000000,0.000000,850,1600,2400,3000,4200,4900,6000,7400,90000,142000,144000,10496,0,850,1826.8173826320563,196.63827899989883,143507.19928199987,724.2307545731708
1788775073,30,,Aggregated,15.500000,0.000000,850,1600,2400,3000,4200,4900,6000,7400,90000,142000,144000,10513,0,850,1827.0185173880966,196.63827899989883,143507.19928199987,724.2295253495672
1788775074,30,,Aggregated,15.600000,0.000000,850,1600,2400,3000,4200,4900,6000,7400,90000,142000,144000,10529,0,850,1827.2750365082204,196.63827899989883,143507.19928199987,724.2157849748314
1788775075,30,,Aggregated,15.800000,0.000000,850,1600,2400,3000,4200,4900,6000,7400,90000,142000,144000,10546,0,850,1828.7981281462214,196.63827899989883,143507.19928199987,724.2142044377015
1788775076,30,,Aggregated,15.800000,0.000000,850,1600,2400,3000,4200,4900,6000,7400,90000,142000,144000,10561,0,850,1828.1095736966245,196.63827899989883,143507.19928199987,724.2227061831265
1788775077,30,,Aggregated,15.800000,0.000000,850,1600,2400,3000,4200,4900,6000,7400,90000,142000,144000,10576,0,850,1828.2023208359547,196.63827899989883,143507.19928199987,724.2208774583963
1788775078,30,,Aggregated,15.800000,0.000000,850,1600,2400,3000,4200,4900,6000,7400,90000,142000,144000,10595,0,850,1827.661645385565,196.63827899989883,143507.19928199987,724.2240679565833
1788775079,30,,Aggregated,15.800000,0.000000,850,1600,2400,3000,4200,4900,6000,7400,90000,142000,144000,10609,0,850,1826.6187838380683,196.63827899989883,143507.19928199987,724.2310302573287
1788775080,30,,Aggregated,15.900000,0.000000,850,1600,2400,3000,4200,4900,6000,7400,90000,142000,144000,10627,0,850,1826.4722036714095,196.63827899989883,143507.19928199987,724.2205702456008
1788775081,30,,Aggregated,15.900000,0.000000,850,1600,2400,3000,4200,4900,6000,7400,90000,142000,144000,10644,0,850,1826.0811569048362,196.63827899989883,143507.19928199987,724.2185268695979
1788775082,30,,Aggregated,15.800000,0.000000,850,1600,2400,3000,4200,4900,6000,7400,90000,142000,144000,10663,0,850,1826.1707043925794,196.63827899989883,143507.19928199987,724.2313607802682
1788775083,30,,Aggregated,16.300000,0.000000,850,1600,2400,3000,4200,4900,6000,7400,90000,142000,144000,10678,0,850,1825.1625009179695,196.63827899989883,143507.19928199987,724.2287881625773
1788775084,30,,Aggregated,16.700000,0.000000,850,1600,2400,3000,4200,4900,6000,7400,90000,142000,144000,10694,0,850,1824.4630229971085,196.63827899989883,143507.19928199987,724.2185337572471
1788775085,30,,Aggregated,16.500000,0.000000,850,1600,2400,3000,4200,4900,6000,7400,90000,142000,144000,10708,0,850,1824.00048846396,196.63827899989883,143507.19928199987,724.222730668659
1788775086,30,,Aggregated,16.500000,0.000000,850,1600,2400,3000,4200,4900,6000,7400,90000,142000,144000,10725,0,850,1824.1070652037376,196.63827899989883,143507.19928199987,724.2114685314685
1788775087,30,,Aggregated,16.500000,0.000000,850,1600,2400,3000,4200,4900,6000,7400,90000,142000,144000,10741,0,850,1824.0442873299592,196.63827899989883,143507.19928199987,724.2209291499861
1788775088,30,,Aggregated,16.300000,0.000000,850,1600,2400,3000,4200,4900,6000,7400,90000,142000,144000,10756,0,850,1823.7377386392793,196.63827899989883,143507.19928199987,724.2260133878765
1788775089,30,,Aggregated,16.500000,0.000000,850,1600,2400,3000,4200,4900,6000,7400,90000,142000,144000,10773,0,850,1822.8184340012149,196.63827899989883,143507.19928199987,724.2237074166899
1788775090,30,,Aggregated,16.000000,0.000000,850,1600,2400,3000,4200,4900,6000,7400,90000,142000,144000,10787,0,850,1822.5865923493184,196.63827899989883,143507.19928199987,724.2163715583573
1788775091,30,,Aggregated,16.100000,0.000000,850,1600,2400,3000,4200,4900,6000,7400,90000,142000,144000,10804,0,850,1821.7271110616523,196.63827899989883,143507.19928199987,724.2286190299889
1788775092,30,,Aggregated,15.900000,0.000000,850,1600,2400,3000,4200,4900,6000,7400,90000,142000,144000,10822,0,850,1821.814049733145,196.63827899989883,143507.19928199987,724.2298096470154
1788775093,30,,Aggregated,15.900000,0.000000,850,1600,2400,3000,4200,4900,6000,7400,90000,142000,144000,10838,0,850,1821.1604923810762,196.63827899989883,143507.19928199987,724.2337147075106
1788775094,30,,Aggregated,15.700000,0.000000,850,1600,2400,3000,4200,4900,6000,7400,90000,142000,144000,10855,0,850,1820.1053464740762,196.63827899989883,143507.19928199987,724.2378627360663
1788775095,30,,Aggregated,15.700000,0.000000,850,1600,2400,3000,4200,4900,6000,7400,90000,142000,144000,10868,0,850,1819.9610494936603,196.63827899989883,143507.19928199987,724.2366580787633
1788775096,30,,Aggregated,16.000000,0.000000,850,1600,2400,3000,4200,4900,6000,7400,90000,142000,144000,10888,0,850,1826.1824548341383,196.63827899989883,143507.19928199987,724.2256612784718
1788775097,30,,Aggregated,16.100000,0.000000,850,1600,2400,3000,4200,4900,6000,7400,90000,142000,144000,10901,0,850,1825.7489271567838,196.63827899989883,143507.19928199987,724.2323640033025
1788775098,30,,Aggregated,16.400000,0.000000,850,1600,2400,3000,4200,4900,6000,7400,90000,142000,144000,10919,0,850,1828.37825670392,196.63827899989883,143507.19928199987,724.2329883688983
1788775099,30,,Aggregated,15.900000,0.000000,850,1600,2400,3000,4200,4900,6000,7400,90000,142000,144000,10938,0,850,1828.3780398214576,196.63827899989883,143507.19928199987,724.2323093801426
1788775100,30,,Aggregated,16.200000,0.000000,850,1600,2400,3000,4200,4900,6000,7400,90000,142000,144000,10953,0,850,1830.1404535140239,196.63827899989883,143507.19928199987,724.2362822970875
1788775101,30,,Aggregated,16.600000,0.000000,850,1600,2400,3000,4200,4900,6000,7400,90000,142000,144000,10967,0,850,1829.4598594644938,196.63827899989883,143507.19928199987,724.2293243366463
1788775102,30,,Aggregated,16.600000,0.000000,850,1600,2400,3000,4200,4900,6000,7400,90000,142000,144000,10982,0,850,1829.69224809298,196.63827899989883,143507.19928199987,724.2236386814787
1788775103,30,,Aggregated,16.400000,0.000000,850,1600,2400,3000,4200,4900,6000,7400,67000,142000,144000,11001,0,850,1829.526227502873,196.63827899989883,143507.19928199987,724.2297972911554
1788775104,30,,Aggregated,16.100000,0.000000,850,1600,2400,3000,4200,4900,6000,7400,67000,142000,144000,11015,0,850,1829.2665221055022,196.63827899989883,143507.19928199987,724.2283250113481
1788775105,30,,Aggregated,15.900000,0.000000,850,1600,2400,3000,4200,4900,6000,7400,67000,142000,144000,11033,0,850,1828.6662394270925,196.63827899989883,143507.19928199987,724.2306716214991
1788775106,30,,Aggregated,15.900000,0.000000,850,1600,2400,3000,4200,4900,6000,7400,67000,142000,144000,11046,0,850,1827.4532067065102,196.63827899989883,143507.19928199987,724.2351982618143
1788775107,30,,Aggregated,16.400000,0.000000,850,1600,2400,3000,4200,4900,6000,7400,67000,142000,144000,11066,0,850,1827.4979188909379,196.63827899989883,143507.19928199987,724.2318814386409
1788775108,30,,Aggregated,15.800000,0.000000,850,1600,2400,3000,4200,4900,6000,7400,67000,142000,144000,11082,0,850,1827.0337163170107,196.63827899989883,143507.19928199987,724.2220718281899
1788775109,30,,Aggregated,16.500000,0.000000,850,1600,2400,3000,4200,4900,6000,7400,67000,142000,144000,11097,0,850,1826.7527692024075,196.63827899989883,143507.19928199987,724.2333964134451
1788775110,30,,Aggregated,16.300000,0.000000,850,1600,2400,3000,4200,4900,6000,7400,67000,142000,144000,11115,0,850,1826.4051706829612,196.63827899989883,143507.19928199987,724.2331983805668
1788775111,30,,Aggregated,15.900000,0.000000,850,1600,2400,3000,4200,4900,6000,7400,67000,142000,144000,11129,0,850,1825.501904090225,161.288667000008,143507.19928199987,724.2363195255639
1788775112,30,,Aggregated,16.200000,0.000000,850,1600,2400,3000,4200,4900,6000,7400,67000,142000,144000,11147,0,850,1825.62425315799,161.288667000008,143507.19928199987,724.2351305283933
1788775113,30,,Aggregated,16.300000,0.000000,850,1600,2400,3000,4200,4900,6000,7400,67000,142000,144000,11164,0,850,1824.9731128815938,161.288667000008,143507.19928199987,724.2297563597277
1788775114,30,,Aggregated,16.300000,0.000000,850,1600,2400,3000,4200,4900,6000,7400,67000,142000,144000,11178,0,850,1824.1464837742092,161.288667000008,143507.19928199987,724.2388620504563
1788775115,30,,Aggregated,16.400000,0.000000,850,1600,2400,3000,4200,4900,6000,7400,67000,142000,144000,11195,0,850,1823.6101156753107,161.288667000008,143507.19928199987,724.2521661456008
1788775116,30,,Aggregated,16.600000,0.000000,850,1600,2400,3000,4200,4900,6000,7400,67000,142000,144000,11212,0,850,1824.0538812517934,161.288667000008,143507.19928199987,724.2351944345344
1788775117,30,,Aggregated,15.900000,0.000000,850,1600,2400,3000,4200,4900,6000,7400,67000,142000,144000,11227,0,850,1823.8112072557324,161.288667000008,143507.19928199987,724.2470829250913
1788775118,30,,Aggregated,16.500000,0.000000,850,1600,2400,3000,4200,4900,6000,7400,67000,142000,144000,11241,0,850,1822.7454963542482,161.288667000008,143507.19928199987,724.2572724846544
1788775119,30,,Aggregated,15.900000,0.000000,850,1600,2400,3000,4200,4900,6000,7400,67000,142000,144000,11256,0,850,1822.8121713441813,161.288667000008,143507.19928199987,724.2493781094528
1788775120,30,,Aggregated,15.800000,0.000000,850,1600,2400,3000,4200,4900,6000,7400,67000,142000,144000,11273,0,850,1823.0350505149565,161.288667000008,143507.19928199987,724.2372039386144
1788775121,30,,Aggregated,15.900000,0.000000,850,1600,2400,3000,4200,4900,6000,7400,67000,142000,144000,11291,0,850,1822.7989126901166,161.288667000008,143507.19928199987,724.2494907448411
1788775122,30,,Aggregated,15.600000,0.000000,850,1600,2400,3000,4200,4900,6000,7400,67000,142000,144000,11304,0,850,1821.6239646214708,161.288667000008,143507.19928199987,724.2498230714791
1788775123,30,,Aggregated,16.000000,0.000000,850,1600,2400,3000,4200,4900,6000,7400,67000,142000,144000,11322,0,850,1821.276267400823,161.288667000008,143507.19928199987,724.251015721604
1788775124,30,,Aggregated,15.500000,0.000000,850,1600,2400,3000,4200,4900,6000,7400,67000,142000,144000,11338,0,850,1821.3595900709222,161.288667000008,143507.19928199987,724.2521608749339
1788775125,30,,Aggregated,15.500000,0.000000,850,1600,2400,3000,4200,4900,6000,7400,67000,142000,144000,11354,0,850,1820.8844037787667,161.288667000008,143507.19928199987,724.2385943279901
1788775126,30,,Aggregated,15.800000,0.000000,850,1600,2400,3000,4200,4900,6000,7400,67000,142000,144000,11373,0,850,1822.2729335104302,161.288667000008,143507.19928199987,724.2422403939154
1788775127,30,,Aggregated,16.000000,0.000000,850,1600,2400,3000,4200,4900,6000,7400,67000,142000,144000,11386,0,850,1821.9134146256038,161.288667000008,143507.19928199987,724.2509221851396
1788775128,30,,Aggregated,15.900000,0.000000,850,1600,2400,3000,4200,4900,6000,7400,67000,142000,144000,11406,0,850,1821.458237130118,161.288667000008,143507.19928199987,724.2452218130809
1788775129,30,,Aggregated,15.900000,0.000000,850,1600,2400,3000,4200,4900,6000,7400,67000,142000,144000,11420,0,850,1821.4944752510614,161.288667000008,143507.19928199987,724.2310858143608
1788775130,30,,Aggregated,16.200000,0.000000,850,1600,2400,3000,4200,4900,6000,7400,67000,142000,144000,11437,0,850,1820.3981474950715,161.288667000008,143507.19928199987,724.2503278831862
1788775131,30,,Aggregated,16.100000,0.000000,850,1600,2400,3000,4200,4900,6000,7400,67000,142000,144000,11451,0,850,1819.5777733391087,161.288667000008,143507.19928199987,724.2503711466247
1788775132,30,,Aggregated,16.400000,0.000000,850,1600,2400,3000,4200,4900,6000,7400,67000,142000,144000,11467,0,850,1820.4638379336477,161.288667000008,143507.19928199987,724.2487137001831
1788775133,30,,Aggregated,15.800000,0.000000,850,1600,2400,3000,4200,4900,6000,7400,67000,142000,144000,11486,0,850,1820.4495758349422,161.288667000008,143507.19928199987,724.247431655929
1788775134,30,,Aggregated,16.500000,0.000000,850,1600,2400,3000,4200,4900,6000,7400,67000,142000,144000,11501,0,850,1819.2913664015425,161.288667000008,143507.19928199987,724.2458047126337
1788775135,30,,Aggregated,16.900000,0.000000,850,1600,2400,3000,4200,4900,6000,7400,90000,142000,144000,11517,0,850,1830.8265764227783,161.288667000008,143507.19928199987,724.2402535382478
1788775136,30,,Aggregated,16.000000,0.000000,850,1600,2400,3000,4200,4900,6000,7400,90000,142000,144000,11533,0,850,1829.8994525500862,161.288667000008,143507.19928199987,724.2435619526576
1788775137,30,,Aggregated,16.200000,0.000000,850,1600,2400,3000,4200,4900,6000,7400,90000,142000,144000,11552,0,850,1830.5137700085825,161.288667000008,143507.19928199987,724.2463642659279
1788775138,30,,Aggregated,16.200000,0.000000,850,1600,2400,3000,4200,4900,6000,7400,90000,142000,144000,11567,0,850,1830.0306072313604,161.288667000008,143507.19928199987,724.2445750842916
1788775139,30,,Aggregated,16.300000,0.000000,850,1600,2400,3000,4200,4900,6000,7400,90000,142000,144000,11587,0,850,1829.8209526010305,161.288667000008,143507.19928199987,724.245015966169
1788775140,30,,Aggregated,16.600000,0.000000,850,1600,2400,3000,4200,4900,6000,7400,90000,142000,144000,11598,0,850,1832.4661026399497,161.288667000008,143507.19928199987,724.240989825832
1788775141,30,,Aggregated,16.500000,0.000000,850,1600,2400,3000,4200,4900,6000,7400,90000,142000,144000,11617,0,850,1831.6759643130877,161.288667000008,143507.19928199987,724.2431781010588
1788775142,30,,Aggregated,16.300000,0.000000,850,1600,2400,3000,4200,4900,6000,7400,90000,142000,144000,11632,0,850,1831.6164802870658,161.288667000008,143507.19928199987,724.2473349381017
1788775143,30,,Aggregated,16.500000,0.000000,850,1600,2400,3000,4200,4900,6000,7400,90000,142000,144000,11651,0,850,1831.682245826379,161.288667000008,143507.19928199987,724.2508797528109
1788775144,30,,Aggregated,16.300000,0.000000,850,1600,2400,3000,4200,4900,6000,7400,90000,142000,144000,11665,0,850,1830.7860206800808,161.288667000008,143507.19928199987,724.2491213030432
1788775145,30,,Aggregated,15.900000,0.000000,850,1600,2400,3000,4200,4900,6000,7400,90000,142000,144000,11680,0,850,1830.1111087383683,161.288667000008,143507.19928199987,724.2553938356165
1788775146,30,,Aggregated,16.500000,0.000000,850,1600,2400,3000,4200,4900,6000,7400,90000,142000,144000,11697,0,850,1830.3613119594036,161.288667000008,143507.19928199987,724.2513464991023
1788775147,30,,Aggregated,16.200000,0.000000,850,1600,2400,3000,4200,4900,6000,7400,90000,142000,144000,11716,0,850,1830.1183153399745,161.288667000008,143507.19928199987,724.2393308296347
1788775148,30,,Aggregated,16.200000,0.000000,850,1600,2400,3000,4200,4900,6000,7400,90000,142000,144000,11730,0,850,1829.0369923249914,161.288667000008,143507.19928199987,724.2484228473999
1788775149,30,,Aggregated,16.300000,0.000000,850,1600,2400,3000,4200,4900,6000,7400,90000,142000,144000,11746,0,850,1828.6993457042522,161.288667000008,143507.19928199987,724.2532777115614
1788775150,30,,Aggregated,15.900000,0.000000,850,1600,2400,3000,4200,4900,6000,7400,90000,142000,144000,11765,0,850,1830.4594675057497,161.288667000008,143507.19928199987,724.2366340841479
1788775151,30,,Aggregated,16.300000,0.000000,850,1600,2400,3000,4200,4900,6000,7400,90000,142000,144000,11781,0,850,1830.0996967649724,161.288667000008,143507.19928199987,724.24064171123
1788775152,30,,Aggregated,16.600000,0.000000,850,1600,2400,3000,4200,4900,6000,7400,90000,142000,144000,11794,0,850,1829.432918738693,161.288667000008,143507.19928199987,724.2467356282856
1788775153,30,,Aggregated,16.700000,0.000000,850,1600,2400,3000,4200,4900,6000,7400,90000,142000,144000,11812,0,850,1835.551358382166,161.288667000008,143507.19928199987,724.2454283779208
1788775154,30,,Aggregated,16.600000,0.000000,850,1600,2500,3000,4200,4900,6000,7400,90000,142000,144000,11832,0,850,1836.601237346614,161.288667000008,143507.19928199987,724.2425625422583
1788775155,30,,Aggregated,16.300000,0.000000,850,1600,2400,3000,4200,4900,6000,7400,90000,142000,144000,11847,0,850,1836.0542239114666,161.288667000008,143507.19928199987,724.2359247066768
1788775156,30,,Aggregated,16.600000,0.000000,850,1600,2400,3000,4200,4900,6000,7400,90000,142000,144000,11863,0,850,1835.6992375123616,161.288667000008,143507.19928199987,724.2353536205007
1788775157,30,,Aggregated,16.800000,0.000000,850,1600,2400,3000,4200,4900,6000,7400,90000,142000,144000,11878,0,850,1834.800399756874,161.288667000008,143507.19928199987,724.2507997979458
1788775158,30,,Aggregated,16.600000,0.000000,850,1600,2400,3000,4200,4900,6000,7400,90000,142000,144000,11893,0,850,1833.7263521477466,161.288667000008,143507.19928199987,724.2564533759354
1788775159,30,,Aggregated,16.400000,0.000000,850,1600,2400,3000,4200,4900,6000,7400,90000,142000,144000,11909,0,850,1833.891696420703,161.288667000008,143507.19928199987,724.2357880594508
1788775160,30,,Aggregated,16.400000,0.000000,850,1600,2500,3000,4200,4900,6000,7400,90000,142000,144000,11924,0,850,1834.5293579315792,161.288667000008,143507.19928199987,724.2385944313988
1788775161,30,,Aggregated,16.200000,0.000000,850,1600,2400,3000,4200,4900,6000,7400,90000,142000,144000,11941,0,850,1834.1498663710868,161.288667000008,143507.19928199987,724.2450381040114
1788775162,30,,Aggregated,16.100000,0.000000,850,1600,2400,3000,4200,4900,6000,7400,90000,142000,144000,11956,0,850,1833.5962106147665,161.288667000008,143507.19928199987,724.2423051187689
1788775163,30,,Aggregated,15.900000,0.000000,850,1600,2500,3000,4200,4900,6000,7400,90000,142000,144000,11974,0,850,1838.96106846218,161.288667000008,143507.19928199987,724.2260731585101
1788775164,30,,Aggregated,16.000000,0.000000,850,1600,2400,3000,4200,4900,6000,7400,90000,142000,144000,11987,0,850,1838.0730691542622,161.288667000008,143507.19928199987,724.235254859431
1788775165,30,,Aggregated,16.100000,0.000000,850,1600,2400,3000,4200,4900,6000,7400,90000,142000,144000,12002,0,850,1837.9764439908467,161.288667000008,143507.19928199987,724.2353774370938
1788775166,30,,Aggregated,15.600000,0.000000,850,1600,2400,3000,4200,4900,6000,7400,90000,142000,144000,12022,0,850,1837.991896904936,161.288667000008,143507.19928199987,724.2391449010148
1788775167,30,,Aggregated,15.700000,0.000000,850,1600,2500,3000,4200,4900,6000,7400,90000,142000,144000,12035,0,850,1837.6582232865926,161.288667000008,143507.19928199987,724.2377233070212
1788775168,30,,Aggregated,15.600000,0.000000,850,1600,2500,3000,4200,4900,6000,7400,90000,142000,144000,12055,0,850,1837.33472232917,161.288667000008,143507.19928199987,724.2325176275405
1788775169,30,,Aggregated,15.700000,0.000000,850,1600,2400,3000,4200,4900,6000,7400,90000,142000,144000,12068,0,850,1836.182019570695,161.288667000008,143507.19928199987,724.2401392111369
1788775170,30,,Aggregated,16.000000,0.000000,850,1600,2400,3000,4200,4900,6000,7400,90000,142000,144000,12084,0,850,1835.40663349124,161.288667000008,143507.19928199987,724.2401522674611
1788775171,30,,Aggregated,15.900000,0.000000,850,1600,2500,3000,4200,4900,6000,7400,90000,142000,144000,12105,0,850,1836.070086483118,161.288667000008,143507.19928199987,724.230565881867
1788775172,30,,Aggregated,15.500000,0.000000,850,1600,2500,3000,4200,4900,6000,7400,90000,142000,144000,12118,0,850,1835.9562994221935,161.288667000008,143507.19928199987,724.2369202838752
1788775173,30,,Aggregated,16.100000,0.000000,850,1600,2400,3000,4200,4900,6000,7400,90000,142000,144000,12132,0,850,1834.6405149949835,161.288667000008,143507.19928199987,724.246867787669
1788775174,30,,Aggregated,16.100000,0.000000,850,1600,2400,3000,4200,4900,6000,7400,90000,142000,144000,12150,0,850,1834.3386665195171,161.288667000008,143507.19928199987,724.2369547325103
1788775175,30,,Aggregated,15.900000,0.000000,850,1600,2400,3000,4200,4900,6000,7400,90000,142000,144000,12169,0,850,1835.9856051815377,161.288667000008,143507.19928199987,724.2321472594297
1788775176,30,,Aggregated,16.100000,0.000000,850,1600,2400,3000,4200,4900,6000,7400,90000,142000,144000,12183,0,850,1836.0736227387451,161.288667000008,143507.19928199987,724.2299105310678
1788775177,30,,Aggregated,16.100000,0.000000,850,1600,2400,3000,4200,4900,6000,7400,90000,142000,144000,12199,0,850,1835.6510570655907,161.288667000008,143507.19928199987,724.2386261168948
1788775178,30,,Aggregated,16.300000,0.000000,850,1600,2400,3000,4200,4900,6000,7400,90000,142000,144000,12215,0,850,1835.1668612506865,161.288667000008,143507.19928199987,724.2371674171101
1788775179,30,,Aggregated,16.400000,0.000000,850,1600,2400,3000,4200,4900,6000,7400,90000,142000,144000,12233,0,850,1834.9362599400097,161.288667000008,143507.19928199987,724.2311779612523
1788775180,30,,Aggregated,16.400000,0.000000,850,1600,2400,3000,4200,4900,6000,7400,90000,142000,144000,12248,0,850,1834.0310359179573,161.288667000008,143507.19928199987,724.2337524493795
1788775181,30,,Aggregated,16.500000,0.000000,850,1600,2400,3000,4200,4900,6000,7400,90000,142000,144000,12267,0,850,1833.3394006007286,161.288667000008,143507.19928199987,724.2372218146246
1788775182,30,,Aggregated,16.500000,0.000000,850,1600,2400,3000,4200,4900,6000,7400,90000,142000,144000,12284,0,850,1836.0221928193694,161.288667000008,143507.19928199987,724.2234614132204
1788775183,30,,Aggregated,16.500000,0.000000,850,1600,2500,3000,4200,4900,6000,7400,90000,142000,144000,12304,0,850,1836.3735556148515,161.288667000008,143507.19928199987,724.2273244473342
1788775184,30,,Aggregated,16.200000,0.000000,850,1600,2400,3000,4200,4900,6000,7400,90000,142000,144000,12319,0,850,1835.8873096270097,161.288667000008,143507.19928199987,724.2263982466109
1788775185,30,,Aggregated,16.600000,0.000000,850,1600,2400,3000,4200,4900,6000,7400,90000,142000,144000,12331,0,850,1835.1333969464058,161.288667000008,143507.19928199987,724.2273132754846
1788775186,30,,Aggregated,16.800000,0.000000,850,1600,2400,3000,4200,4900,6000,7400,90000,142000,144000,12349,0,850,1834.5762770340216,161.288667000008,143507.19928199987,724.2333792209896
1788775187,30,,Aggregated,16.600000,0.000000,850,1600,2400,3000,4200,4900,6000,7400,90000,142000,144000,12364,0,850,1834.0703261034566,161.288667000008,143507.19928199987,724.2436104820447
1788775188,30,,Aggregated,16.300000,0.000000,850,1600,2400,3000,4200,4900,6000,7400,90000,142000,144000,12383,0,850,1834.097032930319,161.288667000008,143507.19928199987,724.2329806993458
1788775189,30,,Aggregated,16.500000,0.000000,850,1600,2400,3000,4200,4900,6000,7400,90000,142000,144000,12399,0,850,1833.6101299012937,161.288667000008,143507.19928199987,724.2351802564723
1788775190,30,,Aggregated,16.400000,0.000000,850,1600,2400,3000,4200,4900,6000,7400,90000,142000,144000,12416,0,850,1832.8020898829855,161.288667000008,143507.19928199987,724.2371134020618
1788775191,30,,Aggregated,16.500000,0.000000,850,1600,2400,3000,4200,4900,6000,7400,90000,142000,144000,12431,0,850,1832.8570800822258,161.288667000008,143507.19928199987,724.2427801464082
1788775192,30,,Aggregated,16.600000,0.000000,850,1600,2400,3000,4200,4900,6000,7400,90000,142000,144000,12448,0,850,1832.324053514713,161.288667000008,143507.19928199987,724.237146529563
1788775193,30,,Aggregated,16.200000,0.000000,850,1600,2400,3000,4200,4900,6000,7400,90000,142000,144000,12466,0,850,1832.0610783771167,161.288667000008,143507.19928199987,724.2356810524627
1788775194,30,,Aggregated,16.900000,0.000000,850,1600,2400,3000,4200,4900,6000,7400,90000,142000,144000,12483,0,850,1831.3987044474993,161.288667000008,143507.19928199987,724.239605863975
1788775195,30,,Aggregated,16.600000,0.000000,850,1600,2400,3000,4200,4900,6000,7400,90000,142000,144000,12500,0,850,1830.8607126511306,161.288667000008,143507.19928199987,724.24552
1788775196,30,,Aggregated,16.200000,0.000000,850,1600,2400,3000,4200,4900,6000,7400,90000,142000,144000,12516,0,850,1830.3355507403433,161.288667000008,143507.19928199987,724.2473633748801
1788775197,30,,Aggregated,16.500000,0.000000,850,1600,2400,3000,4200,4900,6000,7400,90000,142000,144000,12529,0,850,1829.3608871661056,161.288667000008,143507.19928199987,724.2550881953867
1788775198,30,,Aggregated,16.700000,0.000000,850,1600,2400,3000,4200,4900,6000,7400,90000,142000,144000,12549,0,850,1829.7888886101787,161.288667000008,143507.19928199987,724.2424894413898
1788775199,30,,Aggregated,16.500000,0.000000,850,1600,2400,3000,4200,4900,6000,7400,90000,142000,144000,12565,0,850,1829.4793740911366,161.288667000008,143507.19928199987,724.242499005173
1788775200,30,,Aggregated,16.500000,0.000000,850,1600,2400,3000,4200,4900,6000,7400,90000,142000,144000,12583,0,850,1829.1065218304961,161.288667000008,143507.19928199987,724.2442183898911
1788775201,30,,Aggregated,16.700000,0.000000,850,1600,2400,3000,4200,4900,6000,7400,90000,142000,144000,12598,0,850,1828.3600722273486,161.288667000008,143507.19928199987,724.2478171138276
1788775202,30,,Aggregated,16.300000,0.000000,850,1600,2400,3000,4200,4900,6000,7400,90000,142000,144000,12615,0,850,1828.0807224095242,161.288667000008,143507.19928199987,724.2412207689259
1788775203,30,,Aggregated,16.500000,0.000000,850,1600,2400,3000,4200,4900,6000,7400,90000,142000,144000,12630,0,850,1827.481572818302,161.288667000008,143507.19928199987,724.2333333333333
1788775204,30,,Aggregated,16.300000,0.000000,850,1600,2400,3000,4200,4900,6000,7400,90000,142000,144000,12646,0,850,1826.8049026025744,161.288667000008,143507.19928199987,724.2448995729875
1788775205,30,,Aggregated,16.500000,0.000000,850,1600,2400,3000,4200,4900,6000,7400,90000,142000,144000,12663,0,850,1827.0580539557882,161.288667000008,143507.19928199987,724.2466240227434
1788775206,30,,Aggregated,16.400000,0.000000,850,1600,2400,3000,4200,4900,6000,7400,90000,142000,144000,12679,0,850,1826.7576690097912,161.288667000008,143507.19928199987,724.239608801956
1788775207,30,,Aggregated,16.600000,0.000000,850,1600,2400,3000,4200,4900,6000,7400,90000,142000,144000,12693,0,850,1826.2922801136176,161.288667000008,143507.19928199987,724.242180729536
1788775208,30,,Aggregated,16.700000,0.000000,850,1600,2400,3000,4200,4900,6000,7400,90000,142000,144000,12711,0,850,1828.038507295268,161.288667000008,143507.19928199987,724.2456140350877
1788775209,30,,Aggregated,16.600000,0.000000,850,1600,2400,3000,4200,4900,6000,7400,90000,142000,144000,12727,0,850,1827.854748721077,161.288667000008,143507.19928199987,724.2388622613341
1788775210,30,,Aggregated,16.500000,0.000000,850,1600,2400,3000,4200,4900,6000,7400,90000,142000,144000,12744,0,850,1827.70611842068,161.288667000008,143507.19928199987,724.2358757062146
1788775211,30,,Aggregated,16.100000,0.000000,850,1600,2400,3000,4200,4900,6000,7400,90000,142000,144000,12762,0,850,1827.5587726701258,161.288667000008,143507.19928199987,724.2415765553989
1788775212,30,,Aggregated,16.300000,0.000000,850,1600,2400,3000,4200,4900,6000,7400,90000,142000,144000,12774,0,850,1826.7199831662863,161.288667000008,143507.19928199987,724.2488648817912
1788775213,30,,Aggregated,16.600000,0.000000,850,1600,2400,3000,4200,4900,6000,7400,90000,142000,144000,12793,0,850,1826.935150929034,161.288667000008,143507.19928199987,724.2420855155164
1788775214,30,,Aggregated,16.200000,0.000000,850,1600,2400,3000,4200,4900,6000,7400,90000,142000,144000,12810,0,850,1826.1554272596518,161.288667000008,143507.19928199987,724.2308352849336
1788775215,30,,Aggregated,16.300000,0.000000,850,1600,2400,3000,4200,4900,6000,7400,90000,142000,144000,12828,0,850,1825.963571428916,161.288667000008,143507.19928199987,724.2404895541003
1788775216,30,,Aggregated,16.400000,0.000000,850,1600,2400,3000,4200,4900,6000,7400,90000,142000,144000,12843,0,850,1825.2176397798128,161.288667000008,143507.19928199987,724.2482286070233
1788775217,30,,Aggregated,16.000000,0.000000,850,1600,2400,3000,4200,4900,6000,7400,90000,142000,144000,12860,0,850,1825.15840955802,161.288667000008,143507.19928199987,724.2386469673406
1788775218,30,,Aggregated,16.100000,0.000000,850,1600,2400,3000,4200,4900,6000,7400,90000,142000,144000,12875,0,850,1824.209009553564,161.288667000008,143507.19928199987,724.244349514563
1788775219,30,,Aggregated,16.400000,0.000000,850,1600,2400,3000,4200,4900,6000,7400,90000,142000,144000,12893,0,850,1824.0123727739194,161.288667000008,143507.19928199987,724.2411386023424
1788775220,30,,Aggregated,16.300000,0.000000,850,1600,2400,3000,4200,4900,6000,7400,90000,142000,144000,12909,0,850,1823.3590786637333,161.288667000008,143507.19928199987,724.2427763575799
1788775221,30,,Aggregated,16.600000,0.000000,850,1600,2400,3000,4200,4900,6000,7400,90000,142000,144000,12930,0,850,1823.559619058092,161.288667000008,143507.19928199987,724.2455529775715
1788775222,30,,Aggregated,16.600000,0.000000,850,1600,2400,3000,4200,4900,6000,7400,90000,142000,144000,12945,0,850,1823.3619308420336,161.288667000008,143507.19928199987,724.2511394360757
1788775223,30,,Aggregated,16.200000,0.000000,850,1600,2400,3000,4200,4900,6000,7400,90000,142000,144000,12961,0,850,1825.9272642702817,161.288667000008,143507.19928199987,724.2304606126071
1788775224,30,,Aggregated,16.500000,0.000000,850,1600,2400,3000,4200,4900,6000,7400,90000,142000,144000,12976,0,850,1824.937398368305,161.288667000008,143507.19928199987,724.2344327990136
1788775225,30,,Aggregated,16.600000,0.000000,850,1600,2400,3000,4200,4900,6000,7400,90000,142000,144000,12992,0,850,1824.7363369967,161.288667000008,143507.19928199987,724.2408405172414
1788775226,30,,Aggregated,16.600000,0.000000,850,1600,2400,3000,4200,4900,6000,7400,67000,142000,144000,13009,0,850,1824.7724544306352,161.288667000008,143507.19928199987,724.2349911599662
1788775227,30,,Aggregated,16.400000,0.000000,850,1600,2400,3000,4200,4900,6000,7400,67000,142000,144000,13024,0,850,1824.0477009722154,161.288667000008,143507.19928199987,724.2351812039312
1788775228,30,,Aggregated,16.600000,0.000000,850,1600,2400,3000,4200,4900,6000,7400,67000,142000,144000,13040,0,850,1823.82599318475,161.288667000008,143507.19928199987,724.246319018405
1788775229,30,,Aggregated,16.200000,0.000000,850,1600,2400,3000,4200,4900,6000,7400,67000,142000,144000,13058,0,850,1823.485717363466,161.288667000008,143507.19928199987,724.2327308929392
1788775230,30,,Aggregated,16.500000,0.000000,850,1600,2400,3000,4200,4900,6000,7400,67000,142000,144000,13076,0,850,1828.7029453429284,161.288667000008,143507.19928199987,724.229198531661
1788775231,30,,Aggregated,16.200000,0.000000,850,1600,2400,3000,4200,4900,6000,7400,67000,142000,144000,13092,0,850,1827.751275357862,161.288667000008,143507.19928199987,724.23670944088
1788775232,30,,Aggregated,16.400000,0.000000,850,1600,2400,3000,4200,4900,6000,7400,67000,142000,144000,13109,0,850,1827.1177240862103,161.288667000008,143507.19928199987,724.238385841788
1788775233,30,,Aggregated,16.500000,0.000000,850,1600,2400,3000,4200,4900,6000,7400,67000,142000,144000,13123,0,850,1826.4325946836188,161.288667000008,143507.19928199987,724.2394269602987
1788775234,30,,Aggregated,16.300000,0.000000,850,1600,2400,3000,4200,4900,6000,7400,67000,142000,144000,13143,0,850,1826.326817157736,161.288667000008,143507.19928199987,724.2471277486114
1788775235,30,,Aggregated,16.300000,0.000000,850,1600,2400,3000,4200,4900,6000,7400,67000,142000,144000,13157,0,850,1826.2632539124513,161.288667000008,143507.19928199987,724.2398723113172
1788775236,30,,Aggregated,16.300000,0.000000,850,1600,2400,3000,4200,4900,6000,7400,67000,142000,144000,13175,0,850,1825.9219183477899,161.288667000008,143507.19928199987,724.2390891840607
1788775237,30,,Aggregated,16.800000,0.000000,850,1600,2400,3000,4200,4900,6000,7400,67000,142000,144000,13192,0,850,1825.4538280447337,161.288667000008,143507.19928199987,724.2455275924802
1788775238,30,,Aggregated,16.700000,0.000000,850,1600,2400,3000,4200,4900,6000,7400,67000,142000,144000,13207,0,850,1824.8535740100044,161.288667000008,143507.19928199987,724.2407056863784
1788775239,30,,Aggregated,16.600000,0.000000,850,1600,2400,3000,4200,4900,6000,7400,67000,142000,144000,13226,0,850,1824.9825559115477,161.288667000008,143507.19928199987,724.2362770300922
1788775240,30,,Aggregated,16.300000,0.000000,850,1600,2400,3000,4200,4900,6000,7400,67000,142000,144000,13239,0,850,1824.7291223326636,161.288667000008,143507.19928199987,724.2402749452375
1788775241,30,,Aggregated,16.500000,0.000000,850,1600,2400,3000,4200,4900,6000,7400,67000,142000,144000,13254,0,850,1823.9440496776167,161.288667000008,143507.19928199987,724.2385694884563
1788775242,30,,Aggregated,16.800000,0.000000,850,1600,2400,3000,4200,4900,6000,7400,67000,142000,144000,13272,0,850,1823.1405953674002,161.288667000008,143507.19928199987,724.2451024713683
1788775243,30,,Aggregated,16.500000,0.000000,850,1600,2400,3000,4200,4900,6000,7400,90000,142000,144000,13292,0,850,1832.6750506339256,161.288667000008,143507.19928199987,724.2415738790249
1788775244,30,,Aggregated,16.400000,0.000000,850,1600,2400,3000,4200,4900,6000,7400,90000,142000,144000,13306,0,850,1832.1979461629442,161.288667000008,143507.19928199987,724.2286938223358
1788775245,30,,Aggregated,16.700000,0.000000,850,1600,2400,3000,4200,4900,6000,7400,90000,142000,144000,13325,0,850,1832.0646758493156,161.288667000008,143507.19928199987,724.2282926829268
1788775246,30,,Aggregated,16.600000,0.000000,850,1600,2400,3000,4200,4900,6000,7400,90000,142000,144000,13340,0,850,1831.4064789335177,161.288667000008,143507.19928199987,724.235832083958
1788775247,30,,Aggregated,16.300000,0.000000,850,1600,2400,3000,4200,4900,6000,7400,90000,142000,144000,13357,0,850,1830.7695851401604,161.288667000008,143507.19928199987,724.232986449053
1788775248,30,,Aggregated,16.300000,0.000000,850,1600,2400,3000,4200,4900,6000,7400,90000,142000,144000,13371,0,850,1830.6627305313086,161.288667000008,143507.19928199987,724.2262358836288
1788775249,30,,Aggregated,16.400000,0.000000,850,1600,2400,3000,4200,4900,6000,7400,90000,142000,144000,13387,0,850,1829.9773034484292,161.288667000008,143507.19928199987,724.2371703891836
1788775250,30,,Aggregated,16.400000,0.000000,850,1600,2400,3000,4200,4900,6000,7400,90000,142000,144000,13406,0,850,1829.4102972320693,161.288667000008,143507.19928199987,724.2342980754886
1788775251,30,,Aggregated,16.500000,0.000000,850,1600,2400,3000,4200,4900,6000,7400,90000,142000,144000,13421,0,850,1829.7413067121768,161.288667000008,143507.19928199987,724.2382832873855
1788775252,30,,Aggregated,16.000000,0.000000,850,1600,2400,3000,4200,4900,6000,7400,90000,142000,144000,13437,0,850,1829.2440277721314,161.288667000008,143507.19928199987,724.2342784847808
1788775253,30,,Aggregated,16.400000,0.000000,850,1600,2400,3000,4200,4900,6000,7400,90000,142000,144000,13455,0,850,1828.7723032461638,161.288667000008,143507.19928199987,724.2269044964697
1788775254,30,,Aggregated,16.700000,0.000000,850,1600,2400,3000,4200,4900,6000,7400,90000,142000,144000,13470,0,850,1828.3344797103296,161.288667000008,143507.19928199987,724.2325167037862
1788775255,30,,Aggregated,16.200000,0.000000,850,1600,2400,3000,4200,4900,6000,7400,90000,142000,144000,13488,0,850,1827.8878729501882,161.288667000008,143507.19928199987,724.240584223013
1788775256,30,,Aggregated,16.600000,0.000000,850,1600,2400,3000,4200,4900,6000,7400,90000,142000,144000,13504,0,850,1827.3230262075044,161.288667000008,143507.19928199987,724.2274881516588
1788775257,30,,Aggregated,16.700000,0.000000,850,1600,2400,3000,4200,4900,6000,7400,90000,142000,144000,13523,0,850,1827.1665881574456,161.288667000008,143507.19928199987,724.2323448938845
1788775258,30,,Aggregated,16.400000,0.000000,850,1600,2400,3000,4200,4900,6000,7400,90000,142000,144000,13539,0,850,1826.8133435640843,161.288667000008,143507.19928199987,724.237979171283
1788775259,30,,Aggregated,16.500000,0.000000,850,1600,2400,3000,4200,4900,6000,7400,90000,142000,144000,13551,0,850,1826.3132645252854,161.288667000008,143507.19928199987,724.2368828868719
1788775260,30,,Aggregated,16.500000,0.000000,850,1600,2400,3000,4200,4900,6000,7400,90000,142000,144000,13568,0,850,1826.4402079779734,161.288667000008,143507.19928199987,724.2419663915094
1788775261,30,,Aggregated,16.100000,0.000000,850,1600,2400,3000,4200,4900,6000,7400,90000,142000,144000,13585,0,850,1825.6925440527893,161.288667000008,143507.19928199987,724.2446080235554
1788775262,30,,Aggregated,16.700000,0.000000,850,1600,2400,3000,4200,4900,6000,7400,90000,142000,144000,13602,0,850,1825.723120687189,161.288667000008,143507.19928199987,724.2390089692692
1788775263,30,,Aggregated,16.400000,0.000000,850,1600,2400,3000,4200,4900,6000,7400,90000,142000,144000,13618,0,850,1824.9681684189416,158.9327140000023,143507.19928199987,724.2430606550154
1788775264,30,,Aggregated,16.500000,0.000000,850,1600,2400,3000,4200,4900,6000,7400,90000,142000,144000,13632,0,850,1824.766214910809,158.9327140000023,143507.19928199987,724.2452318075117
1788775265,30,,Aggregated,16.000000,0.000000,850,1600,2400,3000,4200,4900,6000,7400,90000,142000,144000,13651,0,850,1827.4190265219513,158.9327140000023,143507.19928199987,724.2397626547506
1788775266,30,,Aggregated,16.300000,0.000000,850,1600,2400,3000,4200,4900,6000,7400,90000,142000,144000,13665,0,850,1827.5106570906075,158.9327140000023,143507.19928199987,724.2398097328943
1788775267,30,,Aggregated,15.900000,0.000000,850,1600,2400,3000,4200,4900,6000,7400,90000,142000,144000,13682,0,850,1826.6243159568883,158.9327140000023,143507.19928199987,724.2532524484725
1788775268,30,,Aggregated,16.100000,0.000000,850,1600,2400,3000,4200,4900,6000,7400,90000,142000,144000,13697,0,850,1827.0203821071148,158.9327140000023,143507.19928199987,724.2360370884135
1788775269,30,,Aggregated,16.400000,0.000000,850,1600,2400,3000,4200,4900,6000,7400,90000,142000,144000,13714,0,850,1826.1075165087614,158.9327140000023,143507.19928199987,724.2437654951145
1788775270,30,,Aggregated,16.500000,0.000000,850,1600,2400,3000,4200,4900,6000,7400,90000,142000,144000,13730,0,850,1825.7103189802,158.9327140000023,143507.19928199987,724.2477785870357
1788775271,30,,Aggregated,16.500000,0.000000,850,1600,2400,3000,4200,4900,6000,7400,90000,142000,144000,13747,0,850,1825.3694931023606,158.9327140000023,143507.19928199987,724.2488542954826
1788775272,30,,Aggregated,16.100000,0.000000,850,1600,2400,3000,4200,4900,6000,7400,90000,142000,144000,13767,0,850,1826.8688092982604,158.9327140000023,143507.19928199987,724.2431176000581
1788775273,30,,Aggregated,16.100000,0.000000,850,1600,2400,3000,4200,4900,6000,7400,90000,142000,144000,13783,0,850,1826.203749745422,158.9327140000023,143507.19928199987,724.2556772836102
1788775274,30,,Aggregated,16.200000,0.000000,850,1600,2400,3000,4200,4900,6000,7400,90000,142000,144000,13802,0,850,1826.3889884674068,158.9327140000023,143507.19928199987,724.2374293580641
1788775275,30,,Aggregated,16.800000,0.000000,850,1600,2400,3000,4200,4900,6000,7400,90000,142000,144000,13818,0,850,1826.3212348125016,158.9327140000023,143507.19928199987,724.2502532928065
1788775276,30,,Aggregated,16.300000,0.000000,850,1600,2400,3000,4200,4900,6000,7400,90000,142000,144000,13833,0,850,1836.1309551738702,158.9327140000023,143507.19928199987,724.2456444733608
1788775277,30,,Aggregated,16.500000,0.000000,850,1600,2400,3000,4200,4900,6000,7400,90000,142000,144000,13848,0,850,1835.1921648360155,158.9327140000023,143507.19928199987,724.2532495667244
1788775278,30,,Aggregated,16.700000,0.000000,850,1600,2400,3000,4200,4900,6000,7400,90000,142000,144000,13866,0,850,1835.0669074239972,158.9327140000023,143507.19928199987,724.2448435020915
1788775279,30,,Aggregated,16.300000,0.000000,850,1600,2400,3000,4200,4900,6000,7400,90000,142000,144000,13881,0,850,1834.443399452571,158.9327140000023,143507.19928199987,724.2534399538938
1788775280,30,,Aggregated,16.600000,0.000000,850,1600,2400,3000,4200,4900,6000,7400,90000,142000,144000,13897,0,850,1834.255570243803,158.9327140000023,143507.19928199987,724.2486867669281
1788775281,30,,Aggregated,16.700000,0.000000,850,1600,2400,3000,4200,4900,6000,7400,90000,142000,144000,13916,0,850,1834.0642139978536,158.9327140000023,143507.19928199987,724.2558924978442
1788775282,30,,Aggregated,16.800000,0.000000,850,1600,2400,3000,4200,4900,6000,7400,90000,142000,144000,13928,0,850,1833.8632159954143,158.9327140000023,143507.19928199987,724.248133256749
1788775283,30,,Aggregated,16.900000,0.000000,850,1600,2400,3000,4200,4900,6000,7400,90000,142000,144000,13943,0,850,1833.452755790657,158.9327140000023,143507.19928199987,724.2354586530876
1788775284,30,,Aggregated,16.700000,0.000000,850,1600,2400,3000,4200,4900,6000,7400,90000,142000,144000,13960,0,850,1833.5621660791637,158.9327140000023,143507.19928199987,724.2375358166189
1788775285,30,,Aggregated,16.100000,0.000000,850,1600,2400,3000,4200,4900,6000,7400,90000,142000,144000,13975,0,850,1833.5025285619408,158.9327140000023,143507.19928199987,724.2416457960644
1788775286,30,,Aggregated,15.800000,0.000000,850,1600,2400,3000,4200,4900,6000,7400,90000,142000,144000,13991,0,850,1832.5813642113585,158.9327140000023,143507.19928199987,724.2375813022658
1788775287,30,,Aggregated,16.500000,0.000000,850,1600,2400,3000,4200,4900,6000,7400,90000,142000,144000,14008,0,850,1832.5576086195115,158.9327140000023,143507.19928199987,724.2392918332381
1788775288,30,,Aggregated,15.700000,0.000000,850,1600,2400,3000,4200,4900,6000,7400,90000,142000,144000,14022,0,850,1832.2049336425703,158.9327140000023,143507.19928199987,724.2436171730138
1788775289,30,,Aggregated,15.700000,0.000000,850,1600,2400,3000,4200,4900,6000,7400,90000,142000,144000,14039,0,850,1831.890298982486,158.9327140000023,143507.19928199987,724.2442481658238
1788775290,30,,Aggregated,15.500000,0.000000,850,1600,2400,3000,4200,4900,6000,7400,90000,142000,144000,14056,0,850,1831.8866163498953,158.9327140000023,143507.19928199987,724.244593056346
1788775291,30,,Aggregated,15.400000,0.000000,850,1600,2400,3000,4200,4900,6000,7400,90000,142000,144000,14071,0,850,1831.8336552645958,158.9327140000023,143507.19928199987,724.2402814298913
1788775292,30,,Aggregated,15.400000,0.000000,850,1600,2400,3000,4200,4900,6000,7400,90000,142000,144000,14085,0,850,1830.845284590354,158.9327140000023,143507.19928199987,724.2404685835995
1788775293,30,,Aggregated,15.600000,0.000000,850,1600,2400,3000,4200,4900,6000,7400,90000,142000,144000,14104,0,850,1830.6713106101197,158.9327140000023,143507.19928199987,724.2502836074873
1788775294,30,,Aggregated,15.200000,0.000000,850,1600,2400,3000,4200,4900,6000,7400,90000,142000,144000,14120,0,850,1830.2334693546834,158.9327140000023,143507.19928199987,724.2545325779037
1788775295,30,,Aggregated,15.800000,0.000000,850,1600,2400,3000,4200,4900,6000,7400,90000,142000,144000,14136,0,850,1829.8740330250514,158.9327140000023,143507.19928199987,724.247311827957
1788775296,30,,Aggregated,16.100000,0.000000,850,1600,2400,3000,4200,4900,6000,7400,90000,142000,144000,14151,0,850,1829.9269376718344,158.9327140000023,143507.19928199987,724.25538831178
1788775297,30,,Aggregated,15.500000,0.000000,850,1600,2400,3000,4200,4900,6000,7400,90000,142000,144000,14166,0,850,1834.139992343366,158.9327140000023,143507.19928199987,724.2486940561909
1788775298,30,,Aggregated,16.300000,0.000000,850,1600,2400,3000,4200,4900,6000,7400,90000,142000,144000,14186,0,850,1833.847137729601,158.9327140000023,143507.19928199987,724.2427040744396
1788775299,30,,Aggregated,16.500000,0.000000,850,1600,2400,3000,4200,4900,6000,7400,90000,142000,144000,14202,0,850,1833.8492788301735,158.9327140000023,143507.19928199987,724.2505985072524
1788775300,30,,Aggregated,16.300000,0.000000,850,1600,2400,3000,4200,4900,6000,7400,90000,142000,144000,14214,0,850,1833.0357727520843,158.9327140000023,143507.19928199987,724.2496130575489
1788775301,30,,Aggregated,16.400000,0.000000,850,1600,2400,3000,4200,4900,6000,7400,90000,142000,144000,14234,0,850,1834.409194360554,158.9327140000023,143507.19928199987,724.2400590136293
1788775302,30,,Aggregated,16.400000,0.000000,850,1600,2400,3000,4200,4900,6000,7400,90000,142000,144000,14252,0,850,1834.2054612998966,158.9327140000023,143507.19928199987,724.2448077462813
1788775303,30,,Aggregated,15.900000,0.000000,850,1600,2400,3000,4200,4900,6000,7400,90000,142000,144000,14268,0,850,1833.9689457367629,158.9327140000023,143507.19928199987,724.2441827866554
1788775304,30,,Aggregated,16.600000,0.000000,850,1600,2400,3000,4200,4900,6000,7400,90000,142000,144000,14285,0,850,1833.6789912482418,158.9327140000023,143507.19928199987,724.2465523276164
1788775305,30,,Aggregated,16.500000,0.000000,850,1600,2400,3000,4200,4900,6000,7400,90000,142000,144000,14302,0,850,1833.4420282408153,158.9327140000023,143507.19928199987,724.2509439239267
1788775306,30,,Aggregated,16.500000,0.000000,850,1600,2400,3000,4200,4900,6000,7400,90000,142000,144000,14317,0,850,1832.880572612359,158.9327140000023,143507.19928199987,724.2486554445763
1788775307,30,,Aggregated,16.500000,0.000000,850,1600,2400,3000,4200,4900,6000,7400,90000,142000,144000,14334,0,850,1835.1334564196416,158.9327140000023,143507.19928199987,724.2480814845821
1788775308,30,,Aggregated,16.400000,0.000000,850,1600,2400,3000,4200,4900,6000,7400,90000,142000,144000,14351,0,850,1834.9597734665278,158.9327140000023,143507.19928199987,724.242909901749
1788775309,30,,Aggregated,16.400000,0.000000,850,1600,2400,3000,4200,4900,6000,7400,90000,142000,144000,14371,0,850,1834.6270633335985,158.9327140000023,143507.19928199987,724.2503653190453
1788775310,30,,Aggregated,16.500000,0.000000,850,1600,2400,3000,4200,4900,6000,7400,90000,142000,144000,14385,0,850,1834.0466536445704,158.9327140000023,143507.19928199987,724.2458811261731
1788775311,30,,Aggregated,16.600000,0.000000,850,1600,2400,3000,4200,4900,6000,7400,90000,142000,144000,14401,0,850,1833.9824856527432,158.9327140000023,143507.19928199987,724.2465106589821
1788775312,30,,Aggregated,16.500000,0.000000,850,1600,2400,3000,4200,4900,6000,7400,90000,142000,144000,14419,0,850,1832.881752974905,158.9327140000023,143507.19928199987,724.2534849850891
1788775313,30,,Aggregated,16.900000,0.000000,850,1600,2400,3000,4200,4900,6000,7400,90000,142000,144000,14436,0,850,1832.8260536537932,158.9327140000023,143507.19928199987,724.2519395954558
1788775314,30,,Aggregated,16.600000,0.000000,850,1600,2400,3000,4200,4900,6000,7400,90000,142000,144000,14454,0,850,1832.8574623480115,158.9327140000023,143507.19928199987,724.2516258475163
1788775315,30,,Aggregated,16.600000,0.000000,850,1600,2400,3000,4200,4900,6000,7400,90000,142000,144000,14471,0,850,1832.11624491681,158.9327140000023,143507.19928199987,724.2614193905051
1788775316,30,,Aggregated,16.700000,0.000000,850,1600,2400,3000,4200,4900,6000,7400,90000,142000,144000,14485,0,850,1830.8876074626276,158.9327140000023,143507.19928199987,724.2616499827408
1788775317,30,,Aggregated,17.000000,0.000000,850,1600,2400,3000,4200,4900,6000,7400,90000,142000,144000,14505,0,850,1831.138749769539,158.9327140000023,143507.19928199987,724.2521199586349
1788775318,30,,Aggregated,16.800000,0.000000,850,1600,2400,3000,4200,4900,6000,7400,90000,142000,144000,14519,0,850,1830.9029616805674,158.9327140000023,143507.19928199987,724.2488463392796
1788775319,30,,Aggregated,16.600000,0.000000,850,1600,2400,3000,4200,4900,6000,7400,90000,142000,144000,14536,0,850,1830.7667697134805,158.9327140000023,143507.19928199987,724.2564667033572
1788775320,30,,Aggregated,16.900000,0.000000,850,1600,2400,3000,4200,4900,6000,7400,90000,142000,144000,14552,0,850,1830.3049330027593,158.9327140000023,143507.19928199987,724.2613386476086
1788775321,30,,Aggregated,16.800000,0.000000,850,1600,2400,3000,4200,4900,6000,7400,90000,142000,144000,14568,0,850,1829.7336722758891,158.9327140000023,143507.19928199987,724.261875343218
1788775322,30,,Aggregated,16.800000,0.000000,850,1600,2400,3000,4200,4900,6000,7400,90000,142000,144000,14586,0,850,1829.420868681006,158.9327140000023,143507.19928199987,724.2599067599068
1788775323,30,,Aggregated,16.700000,0.000000,850,1600,2400,3000,4200,4900,6000,7400,90000,142000,144000,14602,0,850,1829.1240847966137,158.9327140000023,143507.19928199987,724.2592110669772
1788775324,30,,Aggregated,16.600000,0.000000,850,1600,2400,3000,4200,4900,6000,7400,90000,142000,144000,14616,0,850,1828.8271893644742,158.9327140000023,143507.19928199987,724.2634099616859
1788775325,30,,Aggregated,16.600000,0.000000,850,1600,2400,3000,4200,4900,6000,7400,90000,142000,144000,14634,0,850,1828.227027880084,158.9327140000023,143507.19928199987,724.2671860051934
1788775326,30,,Aggregated,16.600000,0.000000,850,1600,2400,3000,4200,4900,6000,7400,90000,142000,144000,14651,0,850,1828.7451362570573,158.9327140000023,143507.19928199987,724.2604600368576
1788775327,30,,Aggregated,15.900000,0.000000,850,1600,2400,3000,4200,4900,6000,7400,90000,142000,144000,14668,0,850,1828.2509538752486,158.9327140000023,143507.19928199987,724.2551131715298
1788775328,30,,Aggregated,16.500000,0.000000,850,1600,2400,3000,4200,4900,6000,7400,90000,142000,144000,14682,0,850,1828.9436343750267,158.9327140000023,143507.19928199987,724.2604549788857
1788775329,30,,Aggregated,16.500000,0.000000,850,1600,2400,3000,4200,4900,6000,7400,90000,142000,144000,14703,0,850,1828.706371488481,158.9327140000023,143507.19928199987,724.2609671495613
1788775330,30,,Aggregated,16.300000,0.000000,850,1600,2400,3000,4200,4900,6000,7400,90000,142000,144000,14719,0,850,1828.5622142297123,158.9327140000023,143507.19928199987,724.25769413683
1788775331,30,,Aggregated,16.300000,0.000000,850,1600,2400,3000,4200,4900,6000,7400,90000,142000,144000,14733,0,850,1828.4150485180976,158.9327140000023,143507.19928199987,724.2667481164732
1788775332,30,,Aggregated,16.500000,0.000000,850,1600,2400,3000,4200,4900,6000,7400,90000,142000,144000,14750,0,850,1827.6186075721455,158.9327140000023,143507.19928199987,724.2682711864406
1788775333,30,,Aggregated,16.300000,0.000000,850,1600,2400,3000,4200,4900,6000,7400,90000,142000,144000,14767,0,850,1833.6652230426048,158.9327140000023,143507.19928199987,724.262951174917
1788775334,30,,Aggregated,16.400000,0.000000,850,1600,2400,3000,4200,4900,6000,7400,90000,142000,144000,14784,0,850,1833.5650699899995,158.9327140000023,143507.19928199987,724.250946969697
1788775335,30,,Aggregated,16.600000,0.000000,850,1600,2400,3000,4200,4900,6000,7400,90000,142000,144000,14800,0,850,1833.3102037275103,158.9327140000023,143507.19928199987,724.2600675675676
1788775336,30,,Aggregated,16.800000,0.000000,850,1600,2400,3000,4200,4900,6000,7400,90000,142000,144000,14814,0,850,1832.829955015333,158.9327140000023,143507.19928199987,724.2644120426623
1788775337,30,,Aggregated,17.100000,0.000000,850,1600,2400,3000,4200,4900,6000,7400,90000,142000,144000,14829,0,850,1832.4439221480977,158.9327140000023,143507.19928199987,724.266235079911
1788775338,30,,Aggregated,16.600000,0.000000,850,1600,2400,3000,4200,4900,6000,7400,90000,142000,144000,14848,0,850,1832.291328499807,158.9327140000023,143507.19928199987,724.2600350215517
1788775339,30,,Aggregated,16.300000,0.000000,850,1600,2400,3000,4200,4900,6000,7400,90000,142000,144000,14863,0,850,1831.8206916317124,158.9327140000023,143507.19928199987,724.2604454013322
1788775340,30,,Aggregated,16.400000,0.000000,850,1600,2400,3000,4200,4900,6000,7400,90000,142000,144000,14876,0,850,1831.281973685678,158.9327140000023,143507.19928199987,724.2641839204088
1788775341,30,,Aggregated,16.500000,0.000000,850,1600,2400,3000,4200,4900,6000,7400,90000,142000,144000,14897,0,850,1831.4516281829992,158.9327140000023,143507.19928199987,724.2652211854736
1788775342,30,,Aggregated,16.200000,0.000000,850,1600,2400,3000,4200,4900,6000,7400,90000,142000,144000,14911,0,850,1831.0668261929538,158.9327140000023,143507.19928199987,724.2622225202871
1788775343,30,,Aggregated,16.400000,0.000000,850,1600,2400,3000,4200,4900,6000,7400,90000,142000,144000,14928,0,850,1830.616228281024,158.9327140000023,143507.19928199987,724.2646034297964
1788775344,30,,Aggregated,16.500000,0.000000,850,1600,2400,3000,4200,4900,6000,7400,90000,142000,144000,14943,0,850,1830.5376315153,158.9327140000023,143507.19928199987,724.2594525864954
1788775345,30,,Aggregated,16.200000,0.000000,850,1600,2400,3000,4200,4900,6000,7400,90000,142000,144000,14959,0,850,1830.1607575902888,158.9327140000023,143507.19928199987,724.2589745303831
1788775346,30,,Aggregated,15.700000,0.000000,850,1600,2400,3000,4200,4900,6000,7400,90000,142000,144000,14974,0,850,1829.2115033034677,158.9327140000023,143507.19928199987,724.268732469614
1788775347,30,,Aggregated,15.700000,0.000000,850,1600,2400,3000,4200,4900,6000,7400,90000,142000,144000,14993,0,850,1829.0763249844017,158.9327140000023,143507.19928199987,724.260988461282
1788775348,30,,Aggregated,15.600000,0.000000,850,1600,2400,3000,4200,4900,6000,7400,90000,142000,144000,15012,0,850,1829.042972319287,158.9327140000023,143507.19928199987,724.271516120437
1788775349,30,,Aggregated,16.100000,0.000000,850,1600,2400,3000,4200,4900,6000,7400,90000,142000,144000,15030,0,850,1831.4694517212997,158.9327140000023,143507.19928199987,724.2616101131072
1788775350,30,,Aggregated,16.100000,0.000000,850,1600,2400,3000,4200,4900,6000,7400,90000,142000,144000,15044,0,850,1831.1298762722104,158.9327140000023,143507.19928199987,724.2625631480989
1788775351,30,,Aggregated,16.100000,0.000000,850,1600,2400,3000,4200,4900,6000,7400,90000,142000,144000,15060,0,850,1830.4733462614292,158.9327140000023,143507.19928199987,724.2638778220452
1788775352,30,,Aggregated,16.600000,0.000000,850,1600,2400,3000,4200,4900,6000,7400,90000,142000,144000,15076,0,850,1830.0839506493846,158.9327140000023,143507.19928199987,724.2714911117007
1788775353,30,,Aggregated,16.400000,0.000000,850,1600,2400,3000,4200,4900,6000,7400,90000,142000,144000,15095,0,850,1830.0368768521441,158.9327140000023,143507.19928199987,724.2726730705532
1788775354,30,,Aggregated,16.200000,0.000000,850,1600,2400,3000,4200,4900,6000,7400,90000,142000,144000,15111,0,850,1829.334812177163,158.9327140000023,143507.19928199987,724.2782741049566
1788775355,30,,Aggregated,16.500000,0.000000,850,1600,2400,3000,4200,4900,6000,7400,90000,142000,144000,15125,0,850,1828.863124879413,158.9327140000023,143507.19928199987,724.2724628099173
1788775356,30,,Aggregated,16.700000,0.000000,850,1600,2400,3000,4200,4900,6000,7400,90000,142000,144000,15143,0,850,1829.1241546380584,158.9327140000023,143507.19928199987,724.2657993792511
1788775357,30,,Aggregated,16.700000,0.000000,850,1600,2400,3000,4200,4900,6000,7400,90000,142000,144000,15161,0,850,1828.5490357512772,158.9327140000023,143507.19928199987,724.2633731284216
1788775358,30,,Aggregated,16.700000,0.000000,850,1600,2400,3000,4200,4900,6000,7400,90000,142000,144000,15176,0,850,1827.9798110075853,158.9327140000023,143507.19928199987,724.2770822351081
1788775359,30,,Aggregated,16.900000,0.000000,850,1600,2400,3000,4200,4900,6000,7400,90000,142000,144000,15195,0,850,1829.7094168128401,158.9327140000023,143507.19928199987,724.2750904902929
1788775360,30,,Aggregated,16.700000,0.000000,850,1600,2400,3000,4200,4900,6000,7400,90000,142000,144000,15210,0,850,1829.223553391657,158.9327140000023,143507.19928199987,724.2779750164366
1788775361,30,,Aggregated,16.500000,0.000000,850,1600,2400,3000,4200,4900,6000,7400,90000,142000,144000,15226,0,850,1828.714554686924,158.9327140000023,143507.19928199987,724.277223170892
1788775362,30,,Aggregated,16.600000,0.000000,850,1600,2400,3000,4200,4900,6000,7400,90000,142000,144000,15243,0,850,1828.2491162531724,158.9327140000023,143507.19928199987,724.2761267467034
1788775363,30,,Aggregated,16.900000,0.000000,850,1600,2400,3000,4200,4900,6000,7400,90000,142000,144000,15261,0,850,1828.1550351861674,158.9327140000023,143507.19928199987,724.2783565952428
1788775364,30,,Aggregated,16.500000,0.000000,850,1600,2400,3000,4200,4900,6000,7400,90000,142000,144000,15276,0,850,1832.5850853825675,158.9327140000023,143507.19928199987,724.2750720083792
1788775365,30,,Aggregated,16.600000,0.000000,850,1600,2400,3000,4200,4900,6000,7400,90000,142000,144000,15296,0,850,1832.439898463984,158.9327140000023,143507.19928199987,724.2688938284518
1788775366,30,,Aggregated,17.000000,0.000000,850,1600,2400,3000,4200,4900,6000,7400,90000,142000,144000,15311,0,850,1831.5062578853178,158.9327140000023,143507.19928199987,724.2754882110901
1788775367,30,,Aggregated,16.800000,0.000000,850,1600,2400,3000,4200,4900,6000,7400,90000,142000,144000,15324,0,850,1830.5663664221545,158.9327140000023,143507.19928199987,724.2800835291047
1788775368,30,,Aggregated,16.900000,0.000000,850,1600,2400,3000,4200,4900,6000,7400,90000,142000,144000,15344,0,850,1831.1354611980641,158.9327140000023,143507.19928199987,724.2705943691345
1788775369,30,,Aggregated,16.500000,0.000000,850,1600,2400,3000,4200,4900,6000,7400,90000,142000,144000,15358,0,850,1831.0572729845096,158.9327140000023,143507.19928199987,724.2729522073187
1788775370,30,,Aggregated,16.100000,0.000000,850,1600,2400,3000,4200,4900,6000,7400,90000,142000,144000,15376,0,850,1830.904312508006,158.9327140000023,143507.19928199987,724.2784209157128
1788775371,30,,Aggregated,16.800000,0.000000,850,1600,2400,3000,4200,4900,6000,7400,90000,142000,144000,15390,0,850,1830.2609569022807,158.9327140000023,143507.19928199987,724.2797270955166
1788775372,30,,Aggregated,15.900000,0.000000,850,1600,2400,3000,4200,4900,6000,7400,90000,142000,144000,15402,0,850,1829.9522708778143,158.9327140000023,143507.19928199987,724.2755486300481
1788775373,30,,Aggregated,16.000000,0.000000,850,1600,2400,3000,4200,4900,6000,7400,90000,142000,144000,15420,0,850,1830.2671411594092,158.9327140000023,143507.19928199987,724.2675097276265
1788775374,30,,Aggregated,16.200000,0.000000,850,1600,2400,3000,4200,4900,6000,7400,90000,142000,144000,15436,0,850,1829.9771669241445,158.9327140000023,143507.19928199987,724.2641228297487
1788775375,30,,Aggregated,15.700000,0.000000,850,1600,2400,3000,4200,4900,6000,7400,90000,142000,144000,15452,0,850,1829.450595871932,158.9327140000023,143507.19928199987,724.2727155060834
1788775376,30,,Aggregated,15.200000,0.000000,850,1600,2400,3000,4200,4900,6000,7400,90000,142000,144000,15470,0,850,1828.9157911745372,158.9327140000023,143507.19928199987,724.2704589528119
1788775377,30,,Aggregated,15.700000,0.000000,850,1600,2400,3000,4200,4900,6000,7400,90000,142000,144000,15490,0,850,1828.7239159567523,158.9327140000023,143507.19928199987,724.2714654615881
1788775378,30,,Aggregated,15.400000,0.000000,850,1600,2400,3000,4200,4900,6000,7400,90000,142000,144000,15503,0,850,1828.532481819525,158.9327140000023,143507.19928199987,724.2758175836934
1788775379,30,,Aggregated,15.800000,0.000000,850,1600,2400,3000,4200,4900,6000,7400,90000,142000,144000,15516,0,850,1827.6652393433935,158.9327140000023,143507.19928199987,724.2796468161897
1788775380,30,,Aggregated,16.600000,0.000000,850,1600,2400,3000,4200,4900,6000,7400,90000,142000,144000,15538,0,850,1827.999643012878,158.9327140000023,143507.19928199987,724.2724288840262
1788775381,30,,Aggregated,15.700000,0.000000,850,1600,2400,3000,4200,4900,6000,7400,90000,142000,144000,15554,0,850,1827.8516602357654,158.9327140000023,143507.19928199987,724.2677124855343
1788775382,30,,Aggregated,15.900000,0.000000,850,1600,2400,3000,4200,4900,6000,7400,90000,142000,144000,15567,0,850,1827.130481201137,158.9327140000023,143507.19928199987,724.2730134258367
1788775383,30,,Aggregated,16.100000,0.000000,850,1600,2400,3000,4200,4900,6000,7400,90000,142000,144000,15585,0,850,1828.0986638879112,158.9327140000023,143507.19928199987,724.2719923002887
1788775384,30,,Aggregated,16.300000,0.000000,850,1600,2400,3000,4200,4900,6000,7400,90000,142000,144000,15602,0,850,1827.62634327965,158.9327140000023,143507.19928199987,724.2705422381746
1788775385,30,,Aggregated,16.400000,0.000000,850,1600,2400,3000,4200,4900,6000,7400,90000,142000,144000,15618,0,850,1827.2758470736394,158.9327140000023,143507.19928199987,724.2708413369189
1788775386,30,,Aggregated,16.600000,0.000000,850,1600,2400,3000,4200,4900,6000,7400,90000,142000,144000,15640,0,850,1827.5219108785227,158.9327140000023,143507.19928199987,724.2654092071612
1788775387,30,,Aggregated,16.600000,0.000000,850,1600,2400,3000,4200,4900,6000,7400,90000,142000,144000,15650,0,850,1827.2317961042872,158.9327140000023,143507.19928199987,724.2688817891374
1788775388,30,,Aggregated,16.500000,0.000000,850,1600,2400,3000,4200,4900,6000,7400,90000,142000,144000,15669,0,850,1826.8623516968596,158.9327140000023,143507.19928199987,724.272767885634
1788775389,30,,Aggregated,17.100000,0.000000,850,1600,2400,3000,4200,4900,6000,7400,90000,142000,144000,15683,0,850,1826.2920652984176,158.9327140000023,143507.19928199987,724.2730982592616
1788775390,30,,Aggregated,16.300000,0.000000,850,1600,2400,3000,4200,4900,6000,7400,90000,142000,144000,15699,0,850,1828.61782893567,158.9327140000023,143507.19928199987,724.2726288298618
1788775391,30,,Aggregated,16.500000,0.000000,850,1600,2400,3000,4200,4900,6000,7400,90000,142000,144000,15712,0,850,1827.9000976234145,158.9327140000023,143507.19928199987,724.275267311609
1788775392,30,,Aggregated,16.600000,0.000000,850,1600,2400,3000,4200,4900,6000,7400,90000,142000,144000,15737,0,850,1828.5627871213767,158.9327140000023,143507.19928199987,724.2670775878503
1788775393,30,,Aggregated,16.300000,0.000000,850,1600,2400,3000,4200,4900,6000,7400,90000,142000,144000,15746,0,850,1828.5005694500892,158.9327140000023,143507.19928199987,724.2615902451416
1788775394,30,,Aggregated,16.000000,0.000000,850,1600,2400,3000,4200,4900,6000,7400,90000,142000,144000,15762,0,850,1828.2513848631586,158.9327140000023,143507.19928199987,724.2672249714503
1788775395,30,,Aggregated,17.100000,0.000000,850,1600,2400,3000,4200,4900,6000,7400,90000,142000,144000,15777,0,850,1827.66502635375,158.9327140000023,143507.19928199987,724.2684921087659
1788775396,30,,Aggregated,16.000000,0.000000,850,1600,2400,3000,4200,4900,6000,7400,90000,142000,144000,15792,0,850,1826.9957738446753,158.9327140000023,143507.19928199987,724.2706433637285
1788775397,30,,Aggregated,15.900000,0.000000,850,1600,2400,3000,4200,4900,6000,7400,90000,142000,144000,15809,0,850,1826.8564339411798,158.9327140000023,143507.19928199987,724.2726295148333
1788775398,30,,Aggregated,16.100000,0.000000,850,1600,2400,3000,4200,4900,6000,7400,90000,142000,144000,15826,0,850,1827.1408100095482,158.9327140000023,143507.19928199987,724.2689877416909
1788775399,30,,Aggregated,15.200000,0.000000,850,1600,2400,3000,4200,4900,6000,7400,90000,142000,144000,15840,0,850,1826.6281166531003,158.9327140000023,143507.19928199987,724.2669191919192
1788775400,30,,Aggregated,15.600000,0.000000,850,1600,2400,3000,4200,4900,6000,7400,90000,142000,144000,15856,0,850,1826.5658866514952,158.9327140000023,143507.19928199987,724.2690464177598
1788775401,30,,Aggregated,15.800000,0.000000,850,1600,2400,3000,4200,4900,6000,7400,90000,142000,144000,15873,0,850,1826.2278977262708,158.9327140000023,143507.19928199987,724.2623322623323
1788775402,30,,Aggregated,15.600000,0.000000,850,1600,2400,3000,4200,4900,6000,7400,90000,142000,144000,15886,0,850,1825.7133488454049,158.9327140000023,143507.19928199987,724.2622434848294
1788775403,30,,Aggregated,15.800000,0.000000,850,1600,2400,3000,4200,4900,6000,7400,90000,142000,144000,15902,0,850,1825.3230722901583,158.9327140000023,143507.19928199987,724.2578920890454
1788775404,30,,Aggregated,16.200000,0.000000,850,1600,2400,3000,4200,4900,6000,7400,90000,142000,144000,15924,0,850,1825.564931887472,158.9327140000023,143507.19928199987,724.2555890479779
1788775405,30,,Aggregated,14.800000,0.000000,850,1600,2400,3000,4200,4900,6000,7400,90000,142000,144000,15936,0,850,1825.4160763626446,158.9327140000023,143507.19928199987,724.2513805220883
1788775406,30,,Aggregated,15.900000,0.000000,850,1600,2400,3000,4200,4900,6000,7400,90000,142000,144000,15952,0,850,1824.466990874756,158.9327140000023,143507.19928199987,724.2588390170512
1788775407,30,,Aggregated,16.200000,0.000000,850,1600,2400,3000,4200,4900,6000,7400,90000,142000,144000,15969,0,850,1824.1670393773002,158.9327140000023,143507.19928199987,724.2590018160186
1788775408,30,,Aggregated,15.800000,0.000000,850,1600,2400,3000,4200,4900,6000,7400,90000,142000,144000,15988,0,850,1824.2293490783782,158.9327140000023,143507.19928199987,724.2549412059044
1788775409,30,,Aggregated,15.800000,0.000000,850,1600,2400,3000,4200,4900,6000,7400,67000,142000,144000,16005,0,850,1824.4704895792008,158.9327140000023,143507.19928199987,724.2560449859419
1788775410,30,,Aggregated,16.000000,0.000000,850,1600,2400,3000,4200,4900,6000,7400,67000,142000,144000,16018,0,850,1823.7853698862596,158.9327140000023,143507.19928199987,724.2542764390062
1788775411,30,,Aggregated,16.100000,0.000000,850,1600,2400,3000,4200,4900,6000,7400,67000,142000,144000,16035,0,850,1823.4112845082068,158.9327140000023,143507.19928199987,724.2542563143124
1788775412,30,,Aggregated,16.500000,0.000000,850,1600,2400,3000,4200,4900,6000,7400,67000,142000,144000,16052,0,850,1823.0765076137607,158.9327140000023,143507.19928199987,724.2600299028159
1788775413,30,,Aggregated,16.000000,0.000000,850,1600,2400,3000,4200,4900,6000,7400,67000,142000,144000,16069,0,850,1822.2995772982817,158.9327140000023,143507.19928199987,724.2610616715415
1788775414,30,,Aggregated,15.900000,0.000000,850,1600,2400,3000,4200,4900,6000,7400,67000,142000,144000,16083,0,850,1821.7522284144807,158.9327140000023,143507.19928199987,724.267300876702
1788775415,30,,Aggregated,16.400000,0.000000,850,1600,2400,3000,4200,4900,6000,7400,67000,142000,144000,16106,0,850,1824.4944334734316,158.9327140000023,143507.19928199987,724.2508381969452
1788775416,30,,Aggregated,16.500000,0.000000,850,1600,2400,3000,4200,4900,6000,7400,90000,142000,144000,16120,0,850,1832.726723867189,158.9327140000023,143507.19928199987,724.2488833746899
1788775417,30,,Aggregated,16.100000,0.000000,850,1600,2400,3000,4200,4900,6000,7400,90000,142000,144000,16136,0,850,1831.9660466192418,158.9327140000023,143507.19928199987,724.2560733763014
1788775418,30,,Aggregated,16.900000,0.000000,850,1600,2400,3000,4200,4900,6000,7400,90000,142000,144000,16152,0,850,1831.681733450723,158.9327140000023,143507.19928199987,724.2569960376424
1788775419,30,,Aggregated,16.800000,0.000000,850,1600,2400,3000,4200,4900,6000,7400,90000,142000,144000,16169,0,850,1831.227843899318,158.9327140000023,143507.19928199987,724.2501082318016
1788775420,30,,Aggregated,16.600000,0.000000,850,1600,2400,3000,4200,4900,6000,7400,90000,142000,144000,16187,0,850,1831.0693081097845,158.9327140000023,143507.19928199987,724.2552665719404
1788775421,30,,Aggregated,16.400000,0.000000,850,1600,2400,3000,4200,4900,6000,7400,90000,142000,144000,16204,0,850,1830.6451012427228,158.9327140000023,143507.19928199987,724.2549987657369
1788775422,30,,Aggregated,16.400000,0.000000,850,1600,2400,3000,4200,4900,6000,7400,90000,142000,144000,16219,0,850,1830.605070319322,158.9327140000023,143507.19928199987,724.256859239164
1788775423,30,,Aggregated,16.800000,0.000000,850,1600,2400,3000,4200,4900,6000,7400,90000,142000,144000,16235,0,850,1830.0964359952627,158.9327140000023,143507.19928199987,724.2575300277178
1788775424,30,,Aggregated,16.900000,0.000000,850,1600,2400,3000,4200,4900,6000,7400,90000,142000,144000,16252,0,850,1829.8907916136532,158.9327140000023,143507.19928199987,724.2613832143736
1788775426,30,,Aggregated,16.700000,0.000000,850,1600,2400,3000,4200,4900,6000,7400,90000,142000,144000,16266,0,850,1834.7993165180799,158.9327140000023,143507.19928199987,724.2537194147301
1788775427,30,,Aggregated,16.500000,0.000000,850,1600,2400,3000,4200,4900,6000,7400,90000,142000,144000,16285,0,850,1834.524071321344,158.9327140000023,143507.19928199987,724.2596254221677
1788775428,30,,Aggregated,16.600000,0.000000,850,1600,2400,3000,4200,4900,6000,7400,90000,142000,144000,16301,0,850,1834.325222197785,158.9327140000023,143507.19928199987,724.2574688669407
1788775429,30,,Aggregated,16.000000,0.000000,850,1600,2400,3000,4200,4900,6000,7400,90000,142000,144000,16321,0,850,1834.2248781394585,158.9327140000023,143507.19928199987,724.2535996568838
1788775430,30,,Aggregated,16.500000,0.000000,850,1600,2400,3000,4200,4900,6000,7400,90000,142000,144000,16334,0,850,1833.4601589762522,158.9327140000023,143507.19928199987,724.2627035631199
1788775431,30,,Aggregated,16.500000,0.000000,850,1600,2400,3000,4200,4900,6000,7400,90000,142000,144000,16352,0,850,1837.1243074244194,158.9327140000023,143507.19928199987,724.2644936399217
1788775432,30,,Aggregated,16.900000,0.000000,850,1600,2400,3000,4200,4900,6000,7400,90000,142000,144000,16369,0,850,1836.7251629358605,158.9327140000023,143507.19928199987,724.2557272893885
1788775433,30,,Aggregated,16.500000,0.000000,850,1600,2400,3000,4200,4900,6000,7400,90000,142000,144000,16391,0,850,1839.6460076498745,158.9327140000023,143507.19928199987,724.250442315905
1788775434,30,,Aggregated,16.500000,0.000000,850,1600,2400,3000,4200,4900,6000,7400,90000,142000,144000,16404,0,850,1838.9652289895814,158.9327140000023,143507.19928199987,724.2589612289686
1788775435,30,,Aggregated,16.500000,0.000000,850,1600,2400,3000,4200,4900,6000,7400,90000,142000,144000,16418,0,850,1838.2973534990917,158.9327140000023,143507.19928199987,724.257887684249
1788775436,30,,Aggregated,17.200000,0.000000,850,1600,2400,3000,4200,4900,6000,7400,90000,142000,144000,16435,0,850,1837.7708872609116,158.9327140000023,143507.19928199987,724.2599939154244
1788775437,30,,Aggregated,16.600000,0.000000,850,1600,2400,3000,4200,4900,6000,7400,90000,142000,144000,16451,0,850,1836.9524992804743,158.9327140000023,143507.19928199987,724.2711689259012
1788775438,30,,Aggregated,16.900000,0.000000,850,1600,2400,3000,4200,4900,6000,7400,90000,142000,144000,16473,0,850,1837.7426240844457,158.9327140000023,143507.19928199987,724.257694409033
1788775439,30,,Aggregated,16.500000,0.000000,850,1600,2400,3000,4200,4900,6000,7400,90000,142000,144000,16488,0,850,1837.5686755705406,158.9327140000023,143507.19928199987,724.258430373605
1788775440,30,,Aggregated,17.100000,0.000000,850,1600,2400,3000,4200,4900,6000,7400,90000,142000,144000,16503,0,850,1836.9292625014891,158.9327140000023,143507.19928199987,724.2634672483791
1788775441,30,,Aggregated,16.600000,0.000000,850,1600,2400,3000,4200,4900,6000,7400,90000,142000,144000,16518,0,850,1836.305071636765,158.9327140000023,143507.19928199987,724.2634701537717
1788775442,30,,Aggregated,16.600000,0.000000,850,1600,2400,3000,4200,4900,6000,7400,90000,142000,144000,16535,0,850,1835.787524249052,158.9327140000023,143507.19928199987,724.2661626852132
1788775443,30,,Aggregated,16.400000,0.000000,850,1600,2400,3000,4200,4900,6000,7400,90000,142000,144000,16554,0,850,1836.2092926395476,158.9327140000023,143507.19928199987,724.2631992267729
1788775444,30,,Aggregated,16.600000,0.000000,850,1600,2400,3000,4200,4900,6000,7400,90000,142000,144000,16569,0,850,1835.6878125344358,158.9327140000023,143507.19928199987,724.2647715613496
1788775445,30,,Aggregated,16.200000,0.000000,850,1600,2400,3000,4200,4900,6000,7400,90000,142000,144000,16585,0,850,1836.67757052572,158.9327140000023,143507.19928199987,724.2656617425384
1788775446,30,,Aggregated,16.400000,0.000000,850,1600,2400,3000,4200,4900,6000,7400,90000,142000,144000,16601,0,850,1836.8186813897396,158.9327140000023,143507.19928199987,724.2669116318294
1788775447,30,,Aggregated,16.400000,0.000000,850,1600,2400,3000,4200,4900,6000,7400,90000,142000,144000,16617,0,850,1836.4403409750296,158.9327140000023,143507.19928199987,724.2645483540952
1788775448,30,,Aggregated,16.400000,0.000000,850,1600,2400,3000,4200,4900,6000,7400,90000,142000,144000,16632,0,850,1835.9833436375102,158.9327140000023,143507.19928199987,724.2696007696007
1788775449,30,,Aggregated,16.400000,0.000000,850,1600,2400,3000,4200,4900,6000,7400,90000,142000,144000,16651,0,850,1835.814182621048,158.9327140000023,143507.19928199987,724.2705543210618
1788775450,30,,Aggregated,16.700000,0.000000,850,1600,2400,3000,4200,4900,6000,7400,90000,142000,144000,16667,0,850,1835.5658965469534,158.9327140000023,143507.19928199987,724.2692746145077
1788775451,30,,Aggregated,15.900000,0.000000,850,1600,2400,3000,4200,4900,6000,7400,90000,142000,144000,16682,0,850,1835.0423153965992,158.9327140000023,143507.19928199987,724.2658554130201
1788775452,30,,Aggregated,16.600000,0.000000,850,1600,2400,3000,4200,4900,6000,7400,90000,142000,144000,16700,0,850,1834.6503783523992,158.9327140000023,143507.19928199987,724.2700598802395
1788775453,30,,Aggregated,16.600000,0.000000,850,1600,2400,3000,4200,4900,6000,7400,90000,142000,144000,16717,0,850,1834.762072424721,158.9327140000023,143507.19928199987,724.2642220494108
1788775454,30,,Aggregated,16.600000,0.000000,850,1600,2400,3000,4200,4900,6000,7400,90000,142000,144000,16733,0,850,1833.998598744999,158.9327140000023,143507.19928199987,724.2690491842467
1788775455,30,,Aggregated,16.400000,0.000000,850,1600,2400,3000,4200,4900,6000,7400,90000,142000,144000,16751,0,850,1834.0495761626808,158.9327140000023,143507.19928199987,724.2703719180945
1788775456,30,,Aggregated,16.500000,0.000000,850,1600,2400,3000,4200,4900,6000,7400,90000,142000,144000,16768,0,850,1833.6853913460197,158.9327140000023,143507.19928199987,724.2678315839695
1788775457,30,,Aggregated,16.400000,0.000000,850,1600,2400,3000,4200,4900,6000,7400,90000,142000,144000,16783,0,850,1833.384218468454,158.9327140000023,143507.19928199987,724.2699159864148
1788775458,30,,Aggregated,16.400000,0.000000,850,1600,2400,3000,4200,4900,6000,7400,90000,142000,144000,16795,0,850,1832.7683620617483,158.9327140000023,143507.19928199987,724.2813337302769
1788775459,30,,Aggregated,16.700000,0.000000,850,1600,2400,3000,4200,4900,6000,7400,90000,142000,144000,16812,0,850,1832.758851885086,158.9327140000023,143507.19928199987,724.2635022602902
1788775460,30,,Aggregated,16.400000,0.000000,850,1600,2400,3000,4200,4900,6000,7400,90000,142000,144000,16830,0,850,1832.6716290215131,158.9327140000023,143507.19928199987,724.2657754010695
1788775461,30,,Aggregated,16.400000,0.000000,850,1600,2400,3000,4200,4900,6000,7400,90000,142000,144000,16845,0,850,1832.8023820574688,158.9327140000023,143507.19928199987,724.2712971208074
1788775462,30,,Aggregated,16.000000,0.000000,850,1600,2400,3000,4200,4900,6000,7400,90000,142000,144000,16859,0,850,1832.2978474397685,158.9327140000023,143507.19928199987,724.2759950174981
1788775463,30,,Aggregated,16.300000,0.000000,850,1600,2400,3000,4200,4900,6000,7400,90000,142000,144000,16875,0,850,1832.016341119648,158.9327140000023,143507.19928199987,724.2779851851852
1788775464,30,,Aggregated,15.900000,0.000000,850,1600,2400,3000,4200,4900,6000,7400,90000,142000,144000,16892,0,850,1831.6600042106356,158.9327140000023,143507.19928199987,724.2778830215486
1788775465,30,,Aggregated,15.700000,0.000000,850,1600,2400,3000,4200,4900,6000,7400,90000,142000,144000,16910,0,850,1831.0685938588447,158.9327140000023,143507.19928199987,724.2641040804258
1788775466,30,,Aggregated,15.800000,0.000000,850,1600,2400,3000,4200,4900,6000,7400,90000,142000,144000,16926,0,850,1830.7032706127893,158.9327140000023,143507.19928199987,724.2691716885265
1788775467,30,,Aggregated,15.800000,0.000000,850,1600,2400,3000,4200,4900,6000,7400,90000,142000,144000,16943,0,850,1830.7719441757104,158.9327140000023,143507.19928199987,724.2759841822582
1788775468,30,,Aggregated,15.800000,0.000000,850,1600,2400,3000,4200,4900,6000,7400,90000,142000,144000,16960,0,850,1830.9789145235295,158.9327140000023,143507.19928199987,724.2667452830188
1788775469,30,,Aggregated,15.800000,0.000000,850,1600,2400,3000,4200,4900,6000,7400,90000,142000,144000,16974,0,850,1830.367912505129,158.9327140000023,143507.19928199987,724.2648167786026
1788775470,30,,Aggregated,16.500000,0.000000,850,1600,2400,3000,4200,4900,6000,7400,90000,142000,144000,16991,0,850,1829.9936216533497,158.9327140000023,143507.19928199987,724.2675534106291
1788775471,30,,Aggregated,16.200000,0.000000,850,1600,2400,3000,4200,4900,6000,7400,90000,142000,144000,17005,0,850,1829.5567263956523,158.9327140000023,143507.19928199987,724.273390179359
1788775472,30,,Aggregated,16.200000,0.000000,850,1600,2400,3000,4200,4900,6000,7400,90000,142000,144000,17022,0,850,1829.5236558523127,158.9327140000023,143507.19928199987,724.2714722124309
1788775473,30,,Aggregated,15.800000,0.000000,850,1600,2400,3000,4200,4900,6000,7400,90000,142000,144000,17038,0,850,1829.220174188465,158.9327140000023,143507.19928199987,724.2730954337363
1788775474,30,,Aggregated,16.300000,0.000000,850,1600,2400,3000,4200,4900,6000,7400,90000,142000,144000,17057,0,850,1828.5171592335155,158.9327140000023,143507.19928199987,724.2713255554904
1788775475,30,,Aggregated,16.300000,0.000000,850,1600,2400,3000,4200,4900,6000,7400,90000,142000,144000,17073,0,850,1830.8351289193508,158.9327140000023,143507.19928199987,724.2639254963979
1788775476,30,,Aggregated,16.300000,0.000000,850,1600,2400,3000,4200,4900,6000,7400,90000,142000,144000,17091,0,850,1830.6133364661562,158.9327140000023,143507.19928199987,724.2623603065941
1788775477,30,,Aggregated,16.500000,0.000000,850,1600,2400,3000,4200,4900,6000,7400,90000,142000,144000,17109,0,850,1830.4268444342204,158.9327140000023,143507.19928199987,724.2619089368169
1788775478,30,,Aggregated,16.600000,0.000000,850,1600,2400,3000,4200,4900,6000,7400,90000,142000,144000,17126,0,850,1830.072990546133,158.9327140000023,143507.19928199987,724.2649772276071
1788775479,30,,Aggregated,16.300000,0.000000,850,1600,2400,3000,4200,4900,6000,7400,90000,142000,144000,17140,0,850,1829.6328977986036,158.9327140000023,143507.19928199987,724.2661610268378
1788775480,30,,Aggregated,16.300000,0.000000,850,1600,2400,3000,4200,4900,6000,7400,90000,142000,144000,17157,0,850,1831.2723462255096,158.9327140000023,143507.19928199987,724.265664160401
1788775481,30,,Aggregated,16.300000,0.000000,850,1600,2400,3000,4200,4900,6000,7400,90000,142000,144000,17175,0,850,1830.794421918956,158.9327140000023,143507.19928199987,724.2624163027657
1788775482,30,,Aggregated,16.500000,0.000000,850,1600,2400,3000,4200,4900,6000,7400,90000,142000,144000,17191,0,850,1830.5847536562776,158.9327140000023,143507.19928199987,724.2664184747833
1788775483,30,,Aggregated,16.800000,0.000000,850,1600,2400,3000,4200,4900,6000,7400,90000,142000,144000,17209,0,850,1830.1692716722105,158.9327140000023,143507.19928199987,724.263350572375
1788775484,30,,Aggregated,16.800000,0.000000,850,1600,2400,3000,4200,4900,6000,7400,90000,142000,144000,17227,0,850,1830.2762611977168,158.9327140000023,143507.19928199987,724.2630754048877
1788775485,30,,Aggregated,16.700000,0.000000,850,1600,2400,3000,4200,4900,6000,7400,90000,142000,144000,17243,0,850,1829.8045833836377,158.9327140000023,143507.19928199987,724.2650930812504
1788775486,30,,Aggregated,17.000000,0.000000,850,1600,2400,3000,4200,4900,6000,7400,90000,142000,144000,17258,0,850,1829.2759709763625,158.9327140000023,143507.19928199987,724.2629505157029
1788775487,30,,Aggregated,16.900000,0.000000,850,1600,2400,3000,4200,4900,6000,7400,90000,142000,144000,17274,0,850,1828.9496235544211,158.9327140000023,143507.19928199987,724.2635753155031
1788775488,30,,Aggregated,16.500000,0.000000,850,1600,2400,3000,4200,4900,6000,7400,90000,142000,144000,17289,0,850,1828.7943683778742,158.9327140000023,143507.19928199987,724.2672797732662
1788775489,30,,Aggregated,16.400000,0.000000,850,1600,2400,3000,4200,4900,6000,7400,90000,142000,144000,17309,0,850,1828.6222627545826,158.9327140000023,143507.19928199987,724.2609047316425
1788775490,30,,Aggregated,16.400000,0.000000,850,1600,2400,3000,4200,4900,6000,7400,90000,142000,144000,17326,0,850,1828.3976632950516,158.9327140000023,143507.19928199987,724.2605910192774
1788775491,30,,Aggregated,16.800000,0.000000,850,1600,2400,3000,4200,4900,6000,7400,90000,142000,144000,17340,0,850,1827.7778199030026,158.9327140000023,143507.19928199987,724.2659746251442
1788775492,30,,Aggregated,16.700000,0.000000,850,1600,2400,3000,4200,4900,6000,7400,90000,142000,144000,17356,0,850,1827.5514017781788,158.9327140000023,143507.19928199987,724.263539986172
1788775493,30,,Aggregated,16.700000,0.000000,850,1600,2400,3000,4200,4900,6000,7400,90000,142000,144000,17376,0,850,1827.656921164944,158.9327140000023,143507.19928199987,724.256503222836
1788775494,30,,Aggregated,16.300000,0.000000,850,1600,2400,3000,4200,4900,6000,7400,90000,142000,144000,17389,0,850,1827.2371658484715,158.9327140000023,143507.19928199987,724.265052619472
1788775495,30,,Aggregated,16.600000,0.000000,850,1600,2400,3000,4200,4900,6000,7400,90000,142000,144000,17404,0,850,1826.5778939085878,158.9327140000023,143507.19928199987,724.270225235578
1788775496,30,,Aggregated,16.400000,0.000000,850,1600,2400,3000,4200,4900,6000,7400,90000,142000,144000,17420,0,850,1825.998387095239,158.9327140000023,143507.19928199987,724.2703788748565
1788775497,30,,Aggregated,16.000000,0.000000,850,1600,2400,3000,4200,4900,6000,7400,90000,142000,144000,17441,0,850,1825.9407939552816,158.9327140000023,143507.19928199987,724.2725761137549
1788775498,30,,Aggregated,16.000000,0.000000,850,1600,2400,3000,4200,4900,6000,7400,90000,142000,144000,17453,0,850,1830.1443106711201,158.9327140000023,143507.19928199987,724.260241792242
1788775499,30,,Aggregated,16.300000,0.000000,850,1600,2400,3000,4200,4900,6000,7400,90000,142000,144000,17469,0,850,1829.7409953145036,158.9327140000023,143507.19928199987,724.2629228919801
1788775500,30,,Aggregated,16.600000,0.000000,850,1600,2400,3000,4200,4900,6000,7400,90000,142000,144000,17484,0,850,1829.4496424176996,158.9327140000023,143507.19928199987,724.2708190345459
1788775501,30,,Aggregated,16.300000,0.000000,850,1600,2400,3000,4200,4900,6000,7400,90000,142000,144000,17503,0,850,1829.1254226098988,158.9327140000023,143507.19928199987,724.2720676455465
1788775502,30,,Aggregated,16.100000,0.000000,850,1600,2400,3000,4200,4900,6000,7400,90000,142000,144000,17516,0,850,1829.0896060762195,158.9327140000023,143507.19928199987,724.2621032199132
1788775503,30,,Aggregated,15.800000,0.000000,850,1600,2400,3000,4200,4900,6000,7400,90000,142000,144000,17532,0,850,1828.5767348228414,158.9327140000023,143507.19928199987,724.2704768423454
1788775504,30,,Aggregated,16.300000,0.000000,850,1600,2400,3000,4200,4900,6000,7400,90000,142000,144000,17546,0,850,1828.4189024093841,158.9327140000023,143507.19928199987,724.2699190698735
1788775505,30,,Aggregated,15.900000,0.000000,850,1600,2400,3000,4200,4900,6000,7400,90000,142000,144000,17568,0,850,1828.5058844851462,158.9327140000023,143507.19928199987,724.2710040983607
1788775506,30,,Aggregated,15.500000,0.000000,850,1600,2400,3000,4200,4900,6000,7400,90000,142000,144000,17583,0,850,1828.4899202210688,158.9327140000023,143507.19928199987,724.2732184496389
1788775507,30,,Aggregated,16.300000,0.000000,850,1600,2400,3000,4200,4900,6000,7400,90000,142000,144000,17596,0,850,1827.883648332749,158.9327140000023,143507.19928199987,724.2766537849511
1788775508,30,,Aggregated,16.200000,0.000000,850,1600,2400,3000,4200,4900,6000,7400,90000,142000,144000,17614,0,850,1827.534107860625,158.9327140000023,143507.19928199987,724.2721698648802
1788775509,30,,Aggregated,16.100000,0.000000,850,1600,2400,3000,4200,4900,6000,7400,90000,142000,144000,17628,0,850,1827.1564514905863,158.9327140000023,143507.19928199987,724.2766054004992
1788775510,30,,Aggregated,15.700000,0.000000,850,1600,2400,3000,4200,4900,6000,7400,90000,142000,144000,17645,0,850,1826.8762992371805,158.9327140000023,143507.19928199987,724.2725417965429
1788775511,30,,Aggregated,15.800000,0.000000,850,1600,2400,3000,4200,4900,6000,7400,90000,142000,144000,17664,0,850,1828.0982117300753,158.9327140000023,143507.19928199987,724.2708899456521
1788775512,30,,Aggregated,16.000000,0.000000,850,1600,2400,3000,4200,4900,6000,7400,90000,142000,144000,17680,0,850,1828.1601937784533,158.9327140000023,143507.19928199987,724.2764140271494
1788775513,30,,Aggregated,16.400000,0.000000,850,1600,2400,3000,4200,4900,6000,7400,90000,142000,144000,17697,0,850,1827.957441311864,158.9327140000023,143507.19928199987,724.2771091145391
1788775514,30,,Aggregated,16.200000,0.000000,850,1600,2400,3000,4200,4900,6000,7400,90000,142000,144000,17713,0,850,1827.5488936185318,158.9327140000023,143507.19928199987,724.2751086772427
1788775515,30,,Aggregated,16.300000,0.000000,850,1600,2400,3000,4200,4900,6000,7400,90000,142000,144000,17730,0,850,1827.374875332772,158.9327140000023,143507.19928199987,724.2751269035533
1788775516,30,,Aggregated,16.500000,0.000000,850,1600,2400,3000,4200,4900,6000,7400,90000,142000,144000,17745,0,850,1829.149839517613,158.9327140000023,143507.19928199987,724.2737109044801
1788775517,30,,Aggregated,16.400000,0.000000,850,1600,2400,3000,4200,4900,6000,7400,90000,142000,144000,17765,0,850,1834.196688086014,158.9327140000023,143507.19928199987,724.2711511398818
1788775518,30,,Aggregated,16.200000,0.000000,850,1600,2400,3000,4200,4900,6000,7400,90000,142000,144000,17776,0,850,1833.6149537082042,158.9327140000023,143507.19928199987,724.275202520252
1788775519,30,,Aggregated,16.500000,0.000000,850,1600,2400,3000,4200,4900,6000,7400,90000,142000,144000,17794,0,850,1833.2528577037785,158.9327140000023,143507.19928199987,724.2735753624818
1788775520,30,,Aggregated,16.500000,0.000000,850,1600,2400,3000,4200,4900,6000,7400,90000,142000,144000,17813,0,850,1833.3368758250738,158.9327140000023,143507.19928199987,724.2703082018751
1788775521,30,,Aggregated,16.500000,0.000000,850,1600,2400,3000,4200,4900,6000,7400,90000,142000,144000,17830,0,850,1833.287200276727,158.9327140000023,143507.19928199987,724.2683679192372
1788775522,30,,Aggregated,16.600000,0.000000,850,1600,2400,3000,4200,4900,6000,7400,90000,142000,144000,17845,0,850,1832.5781967573012,158.9327140000023,143507.19928199987,724.2711683945083
1788775523,30,,Aggregated,16.400000,0.000000,850,1600,2400,3000,4200,4900,6000,7400,90000,142000,144000,17863,0,850,1832.6487641877086,158.9327140000023,143507.19928199987,724.273414320103
1788775524,30,,Aggregated,16.100000,0.000000,850,1600,2400,3000,4200,4900,6000,7400,90000,142000,144000,17878,0,850,1832.260056273187,158.9327140000023,143507.19928199987,724.2668083678263
1788775525,30,,Aggregated,16.300000,0.000000,850,1600,2400,3000,4200,4900,6000,7400,90000,142000,144000,17891,0,850,1831.636082348054,158.9327140000023,143507.19928199987,724.270527080655
1788775526,30,,Aggregated,16.300000,0.000000,850,1600,2400,3000,4200,4900,6000,7400,90000,142000,144000,17910,0,850,1831.85871074534,158.9327140000023,143507.19928199987,724.2754885538806
1788775527,30,,Aggregated,15.800000,0.000000,850,1600,2400,3000,4200,4900,6000,7400,90000,142000,144000,17926,0,850,1831.5689390741402,158.9327140000023,143507.19928199987,724.278645542787
1788775528,30,,Aggregated,16.400000,0.000000,850,1600,2400,3000,4200,4900,6000,7400,90000,142000,144000,17941,0,850,1831.1494618421511,158.9327140000023,143507.19928199987,724.2744551585753
1788775529,30,,Aggregated,16.400000,0.000000,850,1600,2400,3000,4200,4900,6000,7400,90000,142000,144000,17960,0,850,1830.8383500027858,158.9327140000023,143507.19928199987,724.2813474387527
1788775530,30,,Aggregated,16.200000,0.000000,850,1600,2400,3000,4200,4900,6000,7400,90000,142000,144000,17977,0,850,1830.5493581911346,158.9327140000023,143507.19928199987,724.2826389275185
1788775531,30,,Aggregated,16.300000,0.000000,850,1600,2400,3000,4200,4900,6000,7400,90000,142000,144000,17993,0,850,1830.0208200303468,158.9327140000023,143507.19928199987,724.2868337686879
1788775532,30,,Aggregated,16.300000,0.000000,850,1600,2400,3000,4200,4900,6000,7400,90000,142000,144000,18011,0,850,1830.1730125578829,158.9327140000023,143507.19928199987,724.2807728610294
1788775533,30,,Aggregated,16.400000,0.000000,850,1600,2400,3000,4200,4900,6000,7400,90000,142000,144000,18027,0,850,1829.3974576639498,158.9327140000023,143507.19928199987,724.2809674377323
1788775534,30,,Aggregated,17.100000,0.000000,850,1600,2400,3000,4200,4900,6000,7400,90000,142000,144000,18041,0,850,1829.005774110306,158.9327140000023,143507.19928199987,724.2862369048279
1788775535,30,,Aggregated,16.500000,0.000000,850,1600,2400,3000,4200,4900,6000,7400,90000,142000,144000,18061,0,850,1829.243426295445,158.9327140000023,143507.19928199987,724.2852001550302
1788775536,30,,Aggregated,16.400000,0.000000,850,1600,2400,3000,4200,4900,6000,7400,90000,142000,144000,18075,0,850,1829.118206037623,158.9327140000023,143507.19928199987,724.2785615491009
1788775537,30,,Aggregated,16.900000,0.000000,850,1600,2400,3000,4200,4900,6000,7400,90000,142000,144000,18091,0,850,1828.7242562914178,158.9327140000023,143507.19928199987,724.2834558620308
1788775538,30,,Aggregated,16.500000,0.000000,850,1600,2400,3000,4200,4900,6000,7400,90000,142000,144000,18107,0,850,1828.287121151767,158.9327140000023,143507.19928199987,724.2884519798973
1788775539,30,,Aggregated,16.500000,0.000000,850,1600,2400,3000,4200,4900,6000,7400,90000,142000,144000,18123,0,850,1827.790304476193,158.9327140000023,143507.19928199987,724.2902941014181
1788775540,30,,Aggregated,16.600000,0.000000,850,1600,2400,3000,4200,4900,6000,7400,90000,142000,144000,18142,0,850,1827.7971409442205,158.9327140000023,143507.19928199987,724.2818873332599
1788775541,30,,Aggregated,16.500000,0.000000,850,1600,2400,3000,4200,4900,6000,7400,90000,142000,144000,18159,0,850,1827.4759769568284,158.9327140000023,143507.19928199987,724.2874056941462
1788775542,30,,Aggregated,16.500000,0.000000,850,1600,2400,3000,4200,4900,6000,7400,90000,142000,144000,18174,0,850,1827.3492991296387,158.9327140000023,143507.19928199987,724.2874436007484
1788775543,30,,Aggregated,16.400000,0.000000,850,1600,2400,3000,4200,4900,6000,7400,90000,142000,144000,18185,0,850,1828.6570491620043,158.9327140000023,143507.19928199987,724.2887544679681
1788775544,30,,Aggregated,15.800000,0.000000,850,1600,2400,3000,4200,4900,6000,7400,90000,142000,144000,18206,0,850,1828.9626195113726,158.9327140000023,143507.19928199987,724.2765022520049
1788775545,30,,Aggregated,16.100000,0.000000,850,1600,2400,3000,4200,4900,6000,7400,90000,142000,144000,18221,0,850,1828.623745823942,158.9327140000023,143507.19928199987,724.2774271445036
1788775546,30,,Aggregated,16.700000,0.000000,850,1600,2400,3000,4200,4900,6000,7400,90000,142000,144000,18235,0,850,1828.036065564741,158.9327140000023,143507.19928199987,724.2814367973677
1788775547,30,,Aggregated,16.000000,0.000000,850,1600,2400,3000,4200,4900,6000,7400,90000,142000,144000,18253,0,850,1827.5274116003425,158.9327140000023,143507.19928199987,724.2841176792856
1788775548,30,,Aggregated,16.200000,0.000000,850,1600,2400,3000,4200,4900,6000,7400,90000,142000,144000,18270,0,850,1827.7835476954046,158.9327140000023,143507.19928199987,724.2734537493158
1788775549,30,,Aggregated,15.900000,0.000000,850,1600,2400,3000,4200,4900,6000,7400,90000,142000,144000,18285,0,850,1827.3048196044322,158.9327140000023,143507.19928199987,724.2782608695652
1788775550,30,,Aggregated,16.200000,0.000000,850,1600,2400,3000,4200,4900,6000,7400,90000,142000,144000,18300,0,850,1826.9878112539368,158.9327140000023,143507.19928199987,724.2820765027323
1788775551,30,,Aggregated,16.100000,0.000000,850,1600,2400,3000,4200,4900,6000,7400,90000,142000,144000,18319,0,850,1827.0110097143972,158.9327140000023,143507.19928199987,724.2855505213166
1788775552,30,,Aggregated,16.000000,0.000000,850,1600,2400,3000,4200,4900,6000,7400,90000,142000,144000,18332,0,850,1826.690963159505,158.9327140000023,143507.19928199987,724.2846934322496
1788775553,30,,Aggregated,16.200000,0.000000,850,1600,2400,3000,4200,4900,6000,7400,90000,142000,144000,18352,0,850,1826.6370323654123,158.9327140000023,143507.19928199987,724.2765366172624
1788775554,30,,Aggregated,16.100000,0.000000,850,1600,2400,3000,4200,4900,6000,7400,90000,142000,144000,18364,0,850,1826.102148311046,158.9327140000023,143507.19928199987,724.2813112611632
1788775555,30,,Aggregated,16.500000,0.000000,850,1600,2400,3000,4200,4900,6000,7400,90000,142000,144000,18381,0,850,1825.6884676928378,158.9327140000023,143507.19928199987,724.2832816495294
1788775556,30,,Aggregated,15.900000,0.000000,850,1600,2400,3000,4200,4900,6000,7400,90000,142000,144000,18400,0,850,1825.6766552419049,158.9327140000023,143507.19928199987,724.2808152173913
1788775557,30,,Aggregated,16.200000,0.000000,850,1600,2400,3000,4200,4900,6000,7400,90000,142000,144000,18414,0,850,1825.5146275369314,158.9327140000023,143507.19928199987,724.2784294558488
1788775558,30,,Aggregated,16.000000,0.000000,850,1600,2400,3000,4200,4900,6000,7400,90000,142000,144000,18433,0,850,1835.1466616108628,158.9327140000023,143507.19928199987,724.271578147887
1788775559,30,,Aggregated,16.100000,0.000000,850,1600,2400,3000,4200,4900,6000,7400,90000,142000,144000,18448,0,850,1834.9067925733432,158.9327140000023,143507.19928199987,724.2767237640936
1788775560,30,,Aggregated,15.800000,0.000000,850,1600,2400,3000,4200,4900,6000,7400,90000,142000,144000,18465,0,850,1834.6016647016538,158.9327140000023,143507.19928199987,724.2758191172488
1788775561,30,,Aggregated,16.300000,0.000000,850,1600,2400,3000,4200,4900,6000,7400,90000,142000,144000,18477,0,850,1834.229537947883,158.9327140000023,143507.19928199987,724.2808356334903
1788775562,30,,Aggregated,16.200000,0.000000,850,1600,2400,3000,4200,4900,6000,7400,90000,142000,144000,18495,0,850,1834.0281576093548,158.9327140000023,143507.19928199987,724.279535009462
1788775563,30,,Aggregated,15.900000,0.000000,850,1600,2400,3000,4200,4900,6000,7400,90000,142000,144000,18511,0,850,1833.9404056177955,158.9327140000023,143507.19928199987,724.2759980552104
1788775564,30,,Aggregated,16.100000,0.000000,850,1600,2400,3000,4200,4900,6000,7400,90000,142000,144000,18528,0,850,1833.6883016498828,158.9327140000023,143507.19928199987,724.2774719343696
1788775565,30,,Aggregated,15.900000,0.000000,850,1600,2400,3000,4200,4900,6000,7400,90000,142000,144000,18549,0,850,1836.907271397488,158.9327140000023,143507.19928199987,724.2756482829263
1788775566,30,,Aggregated,16.100000,0.000000,850,1600,2400,3000,4200,4900,6000,7400,90000,142000,144000,18560,0,850,1836.65939957333,158.9327140000023,143507.19928199987,724.2761853448276
1788775567,30,,Aggregated,16.100000,0.000000,850,1600,2400,3000,4200,4900,6000,7400,90000,142000,144000,18579,0,850,1836.3987994589056,158.9327140000023,143507.19928199987,724.2696054685398
1788775568,30,,Aggregated,16.400000,0.000000,850,1600,2400,3000,4200,4900,6000,7400,90000,142000,144000,18594,0,850,1836.191701100463,158.9327140000023,143507.19928199987,724.2749811767237
1788775569,30,,Aggregated,16.200000,0.000000,850,1600,2400,3000,4200,4900,6000,7400,90000,142000,144000,18612,0,850,1835.765176162584,158.9327140000023,143507.19928199987,724.2777777777778
1788775570,30,,Aggregated,16.600000,0.000000,850,1600,2400,3000,4200,4900,6000,7400,90000,142000,144000,18626,0,850,1835.260854747934,158.9327140000023,143507.19928199987,724.2769784172662
1788775571,30,,Aggregated,16.300000,0.000000,850,1600,2400,3000,4200,4900,6000,7400,90000,142000,144000,18645,0,850,1835.0229544856004,158.9327140000023,143507.19928199987,724.2784660766962
1788775572,30,,Aggregated,16.100000,0.000000,850,1600,2400,3000,4200,4900,6000,7400,90000,142000,144000,18661,0,850,1836.7023239488792,158.9327140000023,143507.19928199987,724.2786560205777
1788775573,30,,Aggregated,16.300000,0.000000,850,1600,2400,3000,4200,4900,6000,7400,90000,142000,144000,18675,0,850,1836.3742608556374,158.9327140000023,143507.19928199987,724.2762516733601
1788775574,30,,Aggregated,16.400000,0.000000,850,1600,2400,3000,4200,4900,6000,7400,90000,142000,144000,18691,0,850,1836.074576234714,158.9327140000023,143507.19928199987,724.2769782248141
1788775575,30,,Aggregated,16.500000,0.000000,850,1600,2400,3000,4200,4900,6000,7400,90000,142000,144000,18707,0,850,1835.8472450876707,158.9327140000023,143507.19928199987,724.2766344149248
1788775576,30,,Aggregated,16.300000,0.000000,850,1600,2400,3000,4200,4900,6000,7400,90000,142000,144000,18724,0,850,1835.63424934384,158.9327140000023,143507.19928199987,724.2791604358043
1788775577,30,,Aggregated,16.600000,0.000000,850,1600,2400,3000,4200,4900,6000,7400,90000,142000,144000,18742,0,850,1835.2344857264466,158.9327140000023,143507.19928199987,724.2800661615622
1788775578,30,,Aggregated,16.100000,0.000000,850,1600,2400,3000,4200,4900,6000,7400,90000,142000,144000,18755,0,850,1834.6258919303687,158.9327140000023,143507.19928199987,724.2852572647294
1788775579,30,,Aggregated,16.300000,0.000000,850,1600,2400,3000,4200,4900,6000,7400,90000,142000,144000,18773,0,850,1834.5642022323586,158.9327140000023,143507.19928199987,724.2769402865817
1788775580,30,,Aggregated,16.000000,0.000000,850,1600,2400,3000,4200,4900,6000,7400,90000,142000,144000,18791,0,850,1834.574349387104,158.9327140000023,143507.19928199987,724.2821031344793
1788775581,30,,Aggregated,16.000000,0.000000,850,1600,2400,3000,4200,4900,6000,7400,90000,142000,144000,18807,0,850,1834.6379499711315,158.9327140000023,143507.19928199987,724.2834051151167
1788775582,30,,Aggregated,16.400000,0.000000,850,1600,2400,3000,4200,4900,6000,7400,90000,142000,144000,18821,0,850,1834.0395835791433,158.9327140000023,143507.19928199987,724.2867010254503
1788775583,30,,Aggregated,16.700000,0.000000,850,1600,2400,3000,4200,4900,6000,7400,90000,142000,144000,18837,0,850,1833.719058506718,158.9327140000023,143507.19928199987,724.2860858947815
1788775584,30,,Aggregated,16.100000,0.000000,850,1600,2400,3000,4200,4900,6000,7400,90000,142000,144000,18853,0,850,1833.22724947128,158.9327140000023,143507.19928199987,724.2844640110327
1788775585,30,,Aggregated,16.100000,0.000000,850,1600,2400,3000,4200,4900,6000,7400,90000,142000,144000,18870,0,850,1833.270700086435,158.9327140000023,143507.19928199987,724.2867514573397
1788775586,30,,Aggregated,16.300000,0.000000,850,1600,2400,3000,4200,4900,6000,7400,90000,142000,144000,18888,0,850,1832.9835160344678,158.9327140000023,143507.19928199987,724.2899724692927
1788775587,30,,Aggregated,16.300000,0.000000,850,1600,2400,3000,4200,4900,6000,7400,90000,142000,144000,18904,0,850,1833.1951455228536,158.9327140000023,143507.19928199987,724.2872936944563
1788775588,30,,Aggregated,16.100000,0.000000,850,1600,2400,3000,4200,4900,6000,7400,90000,142000,144000,18916,0,850,1832.5324652494726,158.9327140000023,143507.19928199987,724.2901776274053
1788775589,30,,Aggregated,16.400000,0.000000,850,1600,2400,3000,4200,4900,6000,7400,90000,142000,144000,18932,0,850,1832.2887877099631,158.9327140000023,143507.19928199987,724.2927847031481
1788775590,30,,Aggregated,16.100000,0.000000,850,1600,2400,3000,4200,4900,6000,7400,90000,142000,144000,18950,0,850,1832.4336327030082,158.9327140000023,143507.19928199987,724.2908179419525
1788775591,30,,Aggregated,16.200000,0.000000,850,1600,2400,3000,4200,4900,6000,7400,90000,142000,144000,18965,0,850,1832.255092220881,158.9327140000023,143507.19928199987,724.2858950698655
1788775592,30,,Aggregated,15.800000,0.000000,850,1600,2400,3000,4200,4900,6000,7400,90000,142000,144000,18980,0,850,1831.7359728332465,158.9327140000023,143507.19928199987,724.2888830347734
1788775593,30,,Aggregated,15.600000,0.000000,850,1600,2400,3000,4200,4900,6000,7400,90000,142000,144000,18997,0,850,1831.4999785397704,158.9327140000023,143507.19928199987,724.2911512344054
1788775594,30,,Aggregated,16.000000,0.000000,850,1600,2400,3000,4200,4900,6000,7400,90000,142000,144000,19010,0,850,1830.8807312504473,158.9327140000023,143507.19928199987,724.2925302472383
1788775595,30,,Aggregated,15.700000,0.000000,850,1600,2400,3000,4200,4900,6000,7400,90000,142000,144000,19028,0,850,1831.1180689099747,158.9327140000023,143507.19928199987,724.2933046037418
1788775596,30,,Aggregated,15.600000,0.000000,850,1600,2400,3000,4200,4900,6000,7400,90000,142000,144000,19046,0,850,1831.3620234379393,158.9327140000023,143507.19928199987,724.2837866218629
1788775597,30,,Aggregated,15.600000,0.000000,850,1600,2400,3000,4200,4900,6000,7400,90000,142000,144000,19059,0,850,1830.841820475943,158.9327140000023,143507.19928199987,724.2890497927489
1788775598,30,,Aggregated,16.300000,0.000000,850,1600,2400,3000,4200,4900,6000,7400,90000,142000,144000,19075,0,850,1830.5943158695673,158.9327140000023,143507.19928199987,724.2868152031455
1788775599,30,,Aggregated,15.900000,0.000000,850,1600,2400,3000,4200,4900,6000,7400,90000,142000,144000,19090,0,850,1830.250160762912,158.9327140000023,143507.19928199987,724.2920900995285
1788775600,30,,Aggregated,15.900000,0.000000,850,1600,2400,3000,4200,4900,6000,7400,90000,142000,144000,19108,0,850,1832.290120803903,158.9327140000023,143507.19928199987,724.2833368222734
1788775601,30,,Aggregated,15.700000,0.000000,850,1600,2400,3000,4200,4900,6000,7400,90000,142000,144000,19125,0,850,1831.537461102901,158.9327140000023,143507.19928199987,724.2893071895425
1788775602,30,,Aggregated,16.200000,0.000000,850,1600,2400,3000,4200,4900,6000,7400,90000,142000,144000,19142,0,850,1831.9180693367973,158.9327140000023,143507.19928199987,724.2825201128409
1788775603,30,,Aggregated,15.900000,0.000000,850,1600,2400,3000,4200,4900,6000,7400,90000,142000,144000,19158,0,850,1831.568969295436,158.9327140000023,143507.19928199987,724.2859379893517
1788775604,30,,Aggregated,16.400000,0.000000,850,1600,2400,3000,4200,4900,6000,7400,90000,142000,144000,19176,0,850,1831.1159848043364,158.9327140000023,143507.19928199987,724.2905193992491
1788775605,30,,Aggregated,16.400000,0.000000,850,1600,2400,3000,4200,4900,6000,7400,90000,142000,144000,19191,0,850,1830.76065143317,158.9327140000023,143507.19928199987,724.2907091865978
1788775606,30,,Aggregated,16.300000,0.000000,850,1600,2400,3000,4200,4900,6000,7400,90000,142000,144000,19211,0,850,1832.3601717409276,158.9327140000023,143507.19928199987,724.2811930664724
1788775607,30,,Aggregated,16.300000,0.000000,850,1600,2400,3000,4200,4900,6000,7400,90000,142000,144000,19228,0,850,1836.4102463196882,158.9327140000023,143507.19928199987,724.28385687539
1788775608,30,,Aggregated,15.900000,0.000000,850,1600,2400,3000,4200,4900,6000,7400,90000,142000,144000,19244,0,850,1836.2983963728416,158.9327140000023,143507.19928199987,724.282737476616
1788775609,30,,Aggregated,16.300000,0.000000,850,1600,2400,3000,4200,4900,6000,7400,90000,142000,144000,19258,0,850,1835.8688161945156,158.9327140000023,143507.19928199987,724.2854398172188
1788775610,30,,Aggregated,16.500000,0.000000,850,1600,2400,3000,4200,4900,6000,7400,90000,142000,144000,19277,0,850,1836.240432563365,158.9327140000023,143507.19928199987,724.2804897027546
1788775611,30,,Aggregated,16.700000,0.000000,850,1600,2400,3000,4200,4900,6000,7400,90000,142000,144000,19293,0,850,1835.7745313984333,158.9327140000023,143507.19928199987,724.28341885658
1788775612,30,,Aggregated,16.400000,0.000000,850,1600,2400,3000,4200,4900,6000,7400,90000,142000,144000,19307,0,850,1835.0526974809127,158.9327140000023,143507.19928199987,724.2866317915782
1788775613,30,,Aggregated,17.100000,0.000000,850,1600,2400,3000,4200,4900,6000,7400,90000,142000,144000,19324,0,850,1834.9395854160105,158.9327140000023,143507.19928199987,724.2903125646864
1788775614,30,,Aggregated,16.300000,0.000000,850,1600,2400,3000,4200,4900,6000,7400,90000,142000,144000,19341,0,850,1834.9220810012396,158.9327140000023,143507.19928199987,724.2849387311928
1788775615,30,,Aggregated,16.400000,0.000000,850,1600,2400,3000,4200,4900,6000,7400,90000,142000,144000,19358,0,850,1834.6386234892022,158.9327140000023,143507.19928199987,724.2919723111892
1788775616,30,,Aggregated,16.900000,0.000000,850,1600,2400,3000,4200,4900,6000,7400,90000,142000,144000,19374,0,850,1834.1535940321037,158.9327140000023,143507.19928199987,724.2872922473418
1788775617,30,,Aggregated,16.400000,0.000000,850,1600,2400,3000,4200,4900,6000,7400,90000,142000,144000,19390,0,850,1834.1454323554908,158.9327140000023,143507.19928199987,724.2849922640536
1788775618,30,,Aggregated,16.400000,0.000000,850,1600,2400,3000,4200,4900,6000,7400,90000,142000,144000,19407,0,850,1833.777712786312,158.9327140000023,143507.19928199987,724.2874220642036
1788775619,30,,Aggregated,16.500000,0.000000,850,1600,2400,3000,4200,4900,6000,7400,90000,142000,144000,19423,0,850,1833.8318494806651,158.9327140000023,143507.19928199987,724.2908922411574
1788775620,30,,Aggregated,16.200000,0.000000,850,1600,2400,3000,4200,4900,6000,7400,90000,142000,144000,19439,0,850,1833.4373542217165,158.9327140000023,143507.19928199987,724.291475898966
1788775621,30,,Aggregated,16.500000,0.000000,850,1600,2400,3000,4200,4900,6000,7400,90000,142000,144000,19455,0,850,1832.9007210143898,158.9327140000023,143507.19928199987,724.2950398355179
1788775622,30,,Aggregated,16.600000,0.000000,850,1600,2400,3000,4200,4900,6000,7400,90000,142000,144000,19473,0,850,1832.6426618479918,158.9327140000023,143507.19928199987,724.2883479689827
1788775623,30,,Aggregated,15.700000,0.000000,850,1600,2400,3000,4200,4900,6000,7400,90000,142000,144000,19490,0,850,1832.5209550639272,158.9327140000023,143507.19928199987,724.2879938429965
1788775624,30,,Aggregated,16.200000,0.000000,850,1600,2400,3000,4200,4900,6000,7400,90000,142000,144000,19504,0,850,1832.1279703632044,158.9327140000023,143507.19928199987,724.2934269893356
1788775625,30,,Aggregated,16.400000,0.000000,850,1600,2400,3000,4200,4900,6000,7400,90000,142000,144000,19525,0,850,1832.1610380898815,158.9327140000023,143507.19928199987,724.2920870678618
1788775626,30,,Aggregated,15.900000,0.000000,850,1600,2400,3000,4200,4900,6000,7400,90000,142000,144000,19539,0,850,1831.6758261543034,158.9327140000023,143507.19928199987,724.2875786887763
1788775627,30,,Aggregated,16.600000,0.000000,850,1600,2400,3000,4200,4900,6000,7400,90000,142000,144000,19560,0,850,1831.5190387542914,158.9327140000023,143507.19928199987,724.2906952965235
1788775628,30,,Aggregated,16.700000,0.000000,850,1600,2400,3000,4200,4900,6000,7400,90000,142000,144000,19571,0,850,1830.9256776824352,158.9327140000023,143507.19928199987,724.294875070257
1788775629,30,,Aggregated,16.500000,0.000000,850,1600,2400,3000,4200,4900,6000,7400,90000,142000,144000,19588,0,850,1830.3823580203157,158.9327140000023,143507.19928199987,724.2929855013274
1788775630,30,,Aggregated,16.800000,0.000000,850,1600,2400,3000,4200,4900,6000,7400,90000,142000,144000,19607,0,850,1830.664610766254,158.9327140000023,143507.19928199987,724.2940786453818
1788775631,30,,Aggregated,16.200000,0.000000,850,1600,2400,3000,4200,4900,6000,7400,90000,142000,144000,19622,0,850,1830.4278735699704,158.9327140000023,143507.19928199987,724.2915095301192
1788775632,30,,Aggregated,16.200000,0.000000,850,1600,2400,3000,4200,4900,6000,7400,90000,142000,144000,19637,0,850,1833.7886333342142,158.9327140000023,143507.19928199987,724.288027702806
1788775633,30,,Aggregated,17.000000,0.000000,850,1600,2400,3000,4200,4900,6000,7400,90000,142000,144000,19653,0,850,1833.232601359587,158.9327140000023,143507.19928199987,724.2945097440594
1788775634,30,,Aggregated,17.000000,0.000000,850,1600,2400,3000,4200,4900,6000,7400,90000,142000,144000,19668,0,850,1832.7521003702952,158.9327140000023,143507.19928199987,724.2905226764287
1788775635,30,,Aggregated,16.600000,0.000000,850,1600,2400,3000,4200,4900,6000,7400,90000,142000,144000,19688,0,850,1832.6475918582871,158.9327140000023,143507.19928199987,724.2943417310037
1788775636,30,,Aggregated,16.700000,0.000000,850,1600,2400,3000,4200,4900,6000,7400,90000,142000,144000,19704,0,850,1832.5826445419184,158.9327140000023,143507.19928199987,724.2971477872513
1788775637,30,,Aggregated,16.300000,0.000000,850,1600,2400,3000,4200,4900,6000,7400,90000,142000,144000,19719,0,850,1832.2992848442595,158.9327140000023,143507.19928199987,724.2949439626756
1788775638,30,,Aggregated,16.400000,0.000000,850,1600,2400,3000,4200,4900,6000,7400,90000,142000,144000,19735,0,850,1831.7406395804385,158.9327140000023,143507.19928199987,724.2951608816822
1788775639,30,,Aggregated,16.500000,0.000000,850,1600,2400,3000,4200,4900,6000,7400,90000,142000,144000,19755,0,850,1831.7683714473276,158.9327140000023,143507.19928199987,724.2959250822577
1788775640,30,,Aggregated,16.300000,0.000000,850,1600,2400,3000,4200,4900,6000,7400,90000,142000,144000,19768,0,850,1831.2342062255643,158.9327140000023,143507.19928199987,724.2996256576284
1788775641,30,,Aggregated,16.600000,0.000000,850,1600,2400,3000,4200,4900,6000,7400,90000,142000,144000,19788,0,850,1831.5388880052535,158.9327140000023,143507.19928199987,724.2913887204367
1788775642,30,,Aggregated,16.400000,0.000000,850,1600,2400,3000,4200,4900,6000,7400,90000,142000,144000,19805,0,850,1834.8184807690966,158.9327140000023,143507.19928199987,724.2889674324665
1788775643,30,,Aggregated,16.300000,0.000000,850,1600,2400,3000,4200,4900,6000,7400,90000,142000,144000,19822,0,850,1834.3059722253026,158.9327140000023,143507.19928199987,724.294319443043
1788775644,30,,Aggregated,16.100000,0.000000,850,1600,2400,3000,4200,4900,6000,7400,90000,142000,144000,19839,0,850,1834.0288085840994,158.9327140000023,143507.19928199987,724.2954786027522
1788775645,30,,Aggregated,16.600000,0.000000,850,1600,2400,3000,4200,4900,6000,7400,90000,142000,144000,19858,0,850,1833.671876222225,158.9327140000023,143507.19928199987,724.2940376674388
1788775646,30,,Aggregated,16.600000,0.000000,850,1600,2400,3000,4200,4900,6000,7400,90000,142000,144000,19871,0,850,1833.515494047101,158.9327140000023,143507.19928199987,724.2999345780282
1788775647,30,,Aggregated,16.900000,0.000000,850,1600,2400,3000,4200,4900,6000,7400,90000,142000,144000,19889,0,850,1833.7148219378018,158.9327140000023,143507.19928199987,724.2942329931118
1788775648,30,,Aggregated,16.800000,0.000000,850,1600,2400,3000,4200,4900,6000,7400,90000,142000,144000,19905,0,850,1833.2789988799775,158.9327140000023,143507.19928199987,724.2959557900025
1788775649,30,,Aggregated,17.000000,0.000000,850,1600,2400,3000,4200,4900,6000,7400,90000,142000,144000,19921,0,850,1832.8945432041546,158.9327140000023,143507.19928199987,724.2974248280709
1788775650,30,,Aggregated,16.700000,0.000000,850,1600,2400,3000,4200,4900,6000,7400,90000,142000,144000,19939,0,850,1832.467463935953,158.9327140000023,143507.19928199987,724.2966046441647
1788775651,30,,Aggregated,16.600000,0.000000,850,1600,2400,3000,4200,4900,6000,7400,90000,142000,144000,19953,0,850,1832.1037119927307,158.9327140000023,143507.19928199987,724.2968977096176
1788775652,30,,Aggregated,16.800000,0.000000,850,1600,2400,3000,4200,4900,6000,7400,90000,142000,144000,19972,0,850,1832.0196094920357,158.9327140000023,143507.19928199987,724.2958642098938
1788775653,30,,Aggregated,16.400000,0.000000,850,1600,2400,3000,4200,4900,6000,7400,90000,142000,144000,19986,0,850,1831.8432138046105,158.9327140000023,143507.19928199987,724.2910037025919
1788775654,30,,Aggregated,16.400000,0.000000,850,1600,2400,3000,4200,4900,6000,7400,90000,142000,144000,20003,0,850,1831.7734273097508,158.9327140000023,143507.19928199987,724.2992051192322
1788775655,30,,Aggregated,16.300000,0.000000,850,1600,2400,3000,4200,4900,6000,7400,90000,142000,144000,20020,0,850,1831.4816980315657,158.9327140000023,143507.19928199987,724.2977022977022
1788775656,30,,Aggregated,16.500000,0.000000,850,1600,2400,3000,4200,4900,6000,7400,90000,142000,144000,20036,0,850,1831.0234506970924,158.9327140000023,143507.19928199987,724.2969155520063
1788775657,30,,Aggregated,16.200000,0.000000,850,1600,2400,3000,4200,4900,6000,7400,90000,142000,144000,20050,0,850,1830.596049555957,158.9327140000023,143507.19928199987,724.2999501246883
1788775658,30,,Aggregated,16.400000,0.000000,850,1600,2400,3000,4200,4900,6000,7400,90000,142000,144000,20067,0,850,1830.5887076432914,158.9327140000023,143507.19928199987,724.3046793242637
1788775659,30,,Aggregated,15.900000,0.000000,850,1600,2400,3000,4200,4900,6000,7400,90000,142000,144000,20086,0,850,1830.3979310916031,158.9327140000023,143507.19928199987,724.2996614557403
1788775660,30,,Aggregated,16.400000,0.000000,850,1600,2400,3000,4200,4900,6000,7400,90000,142000,144000,20102,0,850,1830.1747404644289,158.9327140000023,143507.19928199987,724.2947965376579
1788775661,30,,Aggregated,16.200000,0.000000,850,1600,2400,3000,4200,4900,6000,7400,90000,142000,144000,20120,0,850,1829.970896146121,158.9327140000023,143507.19928199987,724.2990556660039
1788775662,30,,Aggregated,16.500000,0.000000,850,1600,2400,3000,4200,4900,6000,7400,90000,142000,144000,20134,0,850,1829.361586498905,158.9327140000023,143507.19928199987,724.3012814145227
1788775663,30,,Aggregated,16.400000,0.000000,850,1600,2400,3000,4200,4900,6000,7400,90000,142000,144000,20150,0,850,1829.1881473929009,158.9327140000023,143507.19928199987,724.3013399503722
1788775664,30,,Aggregated,16.500000,0.000000,850,1600,2400,3000,4200,4900,6000,7400,90000,142000,144000,20169,0,850,1829.549314874062,158.9327140000023,143507.19928199987,724.2956517427735
1788775665,30,,Aggregated,16.600000,0.000000,850,1600,2400,3000,4200,4900,6000,7400,90000,142000,144000,20183,0,850,1829.2062457758489,158.9327140000023,143507.19928199987,724.2981717286825
1788775666,30,,Aggregated,16.000000,0.000000,850,1600,2400,3000,4200,4900,6000,7400,90000,142000,144000,20198,0,850,1828.692038846121,158.9327140000023,143507.19928199987,724.3001782354688
1788775667,30,,Aggregated,16.500000,0.000000,850,1600,2400,3000,4200,4900,6000,7400,90000,142000,144000,20212,0,850,1827.985147511229,158.9327140000023,143507.19928199987,724.3076885018801
1788775668,30,,Aggregated,16.100000,0.000000,850,1600,2400,3000,4200,4900,6000,7400,90000,142000,144000,20230,0,850,1827.8550408762214,158.9327140000023,143507.19928199987,724.2957488877904
1788775669,30,,Aggregated,16.100000,0.000000,850,1600,2400,3000,4200,4900,6000,7400,90000,142000,144000,20247,0,850,1828.5148039286796,158.9327140000023,143507.19928199987,724.2975749493752
1788775670,30,,Aggregated,15.900000,0.000000,850,1600,2400,3000,4200,4900,6000,7400,90000,142000,144000,20263,0,850,1828.2291668730186,158.9327140000023,143507.19928199987,724.3012880619849
1788775671,30,,Aggregated,16.400000,0.000000,850,1600,2400,3000,4200,4900,6000,7400,90000,142000,144000,20277,0,850,1827.6084170149416,158.9327140000023,143507.19928199987,724.3055185678355
1788775672,30,,Aggregated,15.900000,0.000000,850,1600,2400,3000,4200,4900,6000,7400,90000,142000,144000,20294,0,850,1827.2664216915823,158.9327140000023,143507.19928199987,724.304572780132
1788775673,30,,Aggregated,16.100000,0.000000,850,1600,2400,3000,4200,4900,6000,7400,90000,142000,144000,20314,0,850,1828.3960279631772,158.9327140000023,143507.19928199987,724.3006793344491
1788775674,30,,Aggregated,16.000000,0.000000,850,1600,2400,3000,4200,4900,6000,7400,90000,142000,144000,20329,0,850,1828.3475320931166,158.9327140000023,143507.19928199987,724.300211520488
1788775675,30,,Aggregated,15.900000,0.000000,850,1600,2400,3000,4200,4900,6000,7400,90000,142000,144000,20346,0,850,1828.1576215764753,158.9327140000023,143507.19928199987,724.3062026934041
1788775676,30,,Aggregated,16.500000,0.000000,850,1600,2400,3000,4200,4900,6000,7400,90000,142000,144000,20361,0,850,1828.200588603259,158.9327140000023,143507.19928199987,724.3032758705368
1788775677,30,,Aggregated,16.200000,0.000000,850,1600,2400,3000,4200,4900,6000,7400,90000,142000,144000,20376,0,850,1827.683610100999,158.9327140000023,143507.19928199987,724.3009913623871
1788775678,30,,Aggregated,16.300000,0.000000,850,1600,2400,3000,4200,4900,6000,7400,90000,142000,144000,20394,0,850,1827.4736635106383,158.9327140000023,143507.19928199987,724.3046484260077
1788775679,30,,Aggregated,16.400000,0.000000,850,1600,2400,3000,4200,4900,6000,7400,90000,142000,144000,20411,0,850,1827.0316848809937,158.9327140000023,143507.19928199987,724.3103718583117
1788775680,30,,Aggregated,16.600000,0.000000,850,1600,2400,3000,4200,4900,6000,7400,90000,142000,144000,20425,0,850,1826.6604104537555,158.9327140000023,143507.19928199987,724.3080048959608
1788775681,30,,Aggregated,16.100000,0.000000,850,1600,2400,3000,4200,4900,6000,7400,90000,142000,144000,20444,0,850,1826.7381023635278,158.9327140000023,143507.19928199987,724.3064957933868
1788775682,30,,Aggregated,16.500000,0.000000,850,1600,2400,3000,4200,4900,6000,7400,90000,142000,144000,20461,0,850,1826.3719435711341,158.9327140000023,143507.19928199987,724.3075607252822
1788775683,30,,Aggregated,16.300000,0.000000,850,1600,2400,3000,4200,4900,6000,7400,90000,142000,144000,20479,0,850,1828.0561247832406,158.9327140000023,143507.19928199987,724.3041164119342
1788775684,30,,Aggregated,16.700000,0.000000,850,1600,2400,3000,4200,4900,6000,7400,90000,142000,144000,20494,0,850,1827.8448767747136,158.9327140000023,143507.19928199987,724.3074070459646
1788775685,30,,Aggregated,16.700000,0.000000,850,1600,2400,3000,4200,4900,6000,7400,90000,142000,144000,20510,0,850,1827.564703094733,158.9327140000023,143507.19928199987,724.3139444173573
1788775686,30,,Aggregated,16.400000,0.000000,850,1600,2400,3000,4200,4900,6000,7400,90000,142000,144000,20527,0,850,1827.466173233545,158.9327140000023,143507.19928199987,724.3012617528134
1788775687,30,,Aggregated,16.200000,0.000000,850,1600,2400,3000,4200,4900,6000,7400,90000,142000,144000,20544,0,850,1827.1995584723024,158.9327140000023,143507.19928199987,724.3088492990654
1788775688,30,,Aggregated,16.500000,0.000000,850,1600,2400,3000,4200,4900,6000,7400,90000,142000,144000,20558,0,850,1826.6667675617755,158.9327140000023,143507.19928199987,724.3092226870318
1788775689,30,,Aggregated,16.500000,0.000000,850,1600,2400,3000,4200,4900,6000,7400,90000,142000,144000,20575,0,850,1826.4745047790511,158.9327140000023,143507.19928199987,724.3070716889429
1788775690,30,,Aggregated,16.600000,0.000000,850,1600,2400,3000,4200,4900,6000,7400,90000,142000,144000,20592,0,850,1826.3811160601197,158.9327140000023,143507.19928199987,724.3082264957264
1788775691,30,,Aggregated,16.800000,0.000000,850,1600,2400,3000,4200,4900,6000,7400,90000,142000,144000,20611,0,850,1826.0102999081546,158.9327140000023,143507.19928199987,724.3124059967978
1788775692,30,,Aggregated,16.600000,0.000000,850,1600,2400,3000,4200,4900,6000,7400,90000,142000,144000,20624,0,850,1826.2973258457132,158.9327140000023,143507.19928199987,724.3037723041117
1788775693,30,,Aggregated,16.700000,0.000000,850,1600,2400,3000,4200,4900,6000,7400,90000,142000,144000,20640,0,850,1825.8117264494667,158.9327140000023,143507.19928199987,724.3093023255814
1788775694,30,,Aggregated,16.400000,0.000000,850,1600,2400,3000,4200,4900,6000,7400,90000,142000,144000,20657,0,850,1825.7931347844794,158.9327140000023,143507.19928199987,724.3118555453357
1788775695,30,,Aggregated,16.200000,0.000000,850,1600,2400,3000,4200,4900,6000,7400,90000,142000,144000,20673,0,850,1825.3667556493488,158.9327140000023,143507.19928199987,724.309872780922
1788775696,30,,Aggregated,16.100000,0.000000,850,1600,2400,3000,4200,4900,6000,7400,90000,142000,144000,20685,0,850,1825.260842769494,158.9327140000023,143507.19928199987,724.3111916847957
1788775697,30,,Aggregated,16.100000,0.000000,850,1600,2400,3000,4200,4900,6000,7400,90000,142000,144000,20703,0,850,1829.0604084259764,158.9327140000023,143507.19928199987,724.3105347051152
1788775698,30,,Aggregated,16.100000,0.000000,850,1600,2400,3000,4200,4900,6000,7400,90000,142000,144000,20722,0,850,1830.4444159072955,158.9327140000023,143507.19928199987,724.2995849821446
1788775699,30,,Aggregated,15.900000,0.000000,850,1600,2400,3000,4200,4900,6000,7400,90000,142000,144000,20741,0,850,1840.2632408675074,158.9327140000023,143507.19928199987,724.2963212959838
1788775700,30,,Aggregated,15.800000,0.000000,850,1600,2400,3000,4200,4900,6000,7400,90000,142000,144000,20755,0,850,1839.6883321887246,158.9327140000023,143507.19928199987,724.3004095398699
1788775701,30,,Aggregated,16.200000,0.000000,850,1600,2400,3000,4200,4900,6000,7400,90000,142000,144000,20773,0,850,1839.4310657597835,158.9327140000023,143507.19928199987,724.2981755162951
1788775702,30,,Aggregated,16.200000,0.000000,850,1600,2400,3000,4200,4900,6000,7400,90000,142000,144000,20789,0,850,1839.103853978546,158.9327140000023,143507.19928199987,724.3052094857858
1788775703,30,,Aggregated,16.000000,0.000000,850,1600,2400,3000,4200,4900,6000,7400,90000,142000,144000,20803,0,850,1838.9165289272219,158.9327140000023,143507.19928199987,724.3017833966255
1788775704,30,,Aggregated,16.300000,0.000000,850,1600,2400,3000,4200,4900,6000,7400,90000,142000,144000,20821,0,850,1838.774385178858,158.9327140000023,143507.19928199987,724.2993612218434
1788775705,30,,Aggregated,16.500000,0.000000,850,1600,2400,3000,4200,4900,6000,7400,90000,142000,144000,20838,0,850,1838.3634531610999,158.9327140000023,143507.19928199987,724.3062194068528
1788775706,30,,Aggregated,16.500000,0.000000,850,1600,2400,3000,4200,4900,6000,7400,90000,142000,144000,20853,0,850,1838.3286001069393,158.9327140000023,143507.19928199987,724.307773461852
1788775707,30,,Aggregated,16.500000,0.000000,850,1600,2400,3000,4200,4900,6000,7400,90000,142000,144000,20871,0,850,1838.1669563601642,158.9327140000023,143507.19928199987,724.301279287049
1788775708,30,,Aggregated,16.700000,0.000000,850,1600,2400,3000,4200,4900,6000,7400,90000,142000,144000,20886,0,850,1838.0052682567741,158.9327140000023,143507.19928199987,724.3006798812602
1788775709,30,,Aggregated,16.400000,0.000000,850,1600,2400,3000,4200,4900,6000,7400,90000,142000,144000,20903,0,850,1837.6617985426487,158.9327140000023,143507.19928199987,724.3057934267808
1788775710,30,,Aggregated,16.700000,0.000000,850,1600,2400,3000,4200,4900,6000,7400,90000,142000,144000,20916,0,850,1837.5068133575246,158.9327140000023,143507.19928199987,724.3010613884107
1788775711,30,,Aggregated,16.100000,0.000000,850,1600,2400,3000,4200,4900,6000,7400,90000,142000,144000,20933,0,850,1837.0397760110827,158.9327140000023,143507.19928199987,724.3046863803564
1788775712,30,,Aggregated,16.200000,0.000000,850,1600,2400,3000,4200,4900,6000,7400,90000,142000,144000,20950,0,850,1836.868559766634,158.9327140000023,143507.19928199987,724.3031980906921
1788775713,30,,Aggregated,16.500000,0.000000,850,1600,2400,3000,4200,4900,6000,7400,90000,142000,144000,20968,0,850,1836.7660925716318,158.9327140000023,143507.19928199987,724.3029378099961
1788775714,30,,Aggregated,16.300000,0.000000,850,1600,2400,3000,4200,4900,6000,7400,90000,142000,144000,20983,0,850,1836.700240441881,158.9327140000023,143507.19928199987,724.2987180098174
1788775715,30,,Aggregated,15.700000,0.000000,850,1600,2400,3000,4200,4900,6000,7400,90000,142000,144000,20999,0,850,1836.4902485289774,158.9327140000023,143507.19928199987,724.3008238487547
1788775716,30,,Aggregated,16.200000,0.000000,850,1600,2400,3000,4200,4900,6000,7400,90000,142000,144000,21017,0,850,1836.2105538343724,158.9327140000023,143507.19928199987,724.2974258933244
1788775717,30,,Aggregated,16.200000,0.000000,850,1600,2400,3000,4200,4900,6000,7400,90000,142000,144000,21030,0,850,1835.644554867808,158.9327140000023,143507.19928199987,724.3058012363291
1788775718,30,,Aggregated,15.600000,0.000000,850,1600,2400,3000,4200,4900,6000,7400,90000,142000,144000,21046,0,850,1835.8112212466976,158.9327140000023,143507.19928199987,724.3024327663214
1788775719,30,,Aggregated,16.200000,0.000000,850,1600,2400,3000,4200,4900,6000,7400,90000,142000,144000,21064,0,850,1835.5543337167205,158.9327140000023,143507.19928199987,724.301272312951
1788775720,30,,Aggregated,16.000000,0.000000,850,1600,2400,3000,4200,4900,6000,7400,90000,142000,144000,21081,0,850,1835.2218550522743,158.9327140000023,143507.19928199987,724.3037806555666
1788775721,30,,Aggregated,16.200000,0.000000,850,1600,2400,3000,4200,4900,6000,7400,90000,142000,144000,21094,0,850,1835.06793552451,158.9327140000023,143507.19928199987,724.3091874466674
1788775722,30,,Aggregated,16.000000,0.000000,850,1600,2400,3000,4200,4900,6000,7400,90000,142000,144000,21112,0,850,1834.6785589236454,158.9327140000023,143507.19928199987,724.3047555892383
1788775723,30,,Aggregated,16.100000,0.000000,850,1600,2400,3000,4200,4900,6000,7400,90000,142000,144000,21128,0,850,1834.3489145348349,158.9327140000023,143507.19928199987,724.3099678152215
1788775724,30,,Aggregated,15.800000,0.000000,850,1600,2400,3000,4200,4900,6000,7400,90000,142000,144000,21147,0,850,1834.4131164207693,158.9327140000023,143507.19928199987,724.3056225469334
1788775725,30,,Aggregated,16.400000,0.000000,850,1600,2400,3000,4200,4900,6000,7400,90000,142000,144000,21161,0,850,1835.8121554224751,158.9327140000023,143507.19928199987,724.3036718491564
1788775726,30,,Aggregated,16.200000,0.000000,850,1600,2400,3000,4200,4900,6000,7400,90000,142000,144000,21181,0,850,1835.8726025327423,158.9327140000023,143507.19928199987,724.3025352910628
1788775727,30,,Aggregated,16.300000,0.000000,850,1600,2400,3000,4200,4900,6000,7400,90000,142000,144000,21194,0,850,1835.3524081796268,158.9327140000023,143507.19928199987,724.3052278946872
1788775728,30,,Aggregated,16.800000,0.000000,850,1600,2400,3000,4200,4900,6000,7400,90000,142000,144000,21209,0,850,1835.1306280573829,158.9327140000023,143507.19928199987,724.3101985006365
1788775729,30,,Aggregated,16.600000,0.000000,850,1600,2400,3000,4200,4900,6000,7400,90000,142000,144000,21229,0,850,1835.1565519715498,158.9327140000023,143507.19928199987,724.3081633614396
1788775730,30,,Aggregated,16.300000,0.000000,850,1600,2400,3000,4200,4900,6000,7400,90000,142000,144000,21247,0,850,1836.444840146704,158.9327140000023,143507.19928199987,724.297689085518
1788775731,30,,Aggregated,16.300000,0.000000,850,1600,2400,3000,4200,4900,6000,7400,90000,142000,144000,21260,0,850,1835.8503688635005,158.9327140000023,143507.19928199987,724.3021636876764
1788775732,30,,Aggregated,16.800000,0.000000,850,1600,2400,3000,4200,4900,6000,7400,90000,142000,144000,21279,0,850,1835.607080896941,158.9327140000023,143507.19928199987,724.3049955355045
1788775733,30,,Aggregated,16.600000,0.000000,850,1600,2400,3000,4200,4900,6000,7400,90000,142000,144000,21295,0,850,1835.4691913001643,158.9327140000023,143507.19928199987,724.3072082648509
1788775734,30,,Aggregated,16.700000,0.000000,850,1600,2400,3000,4200,4900,6000,7400,90000,142000,144000,21310,0,850,1834.9886992616614,158.9327140000023,143507.19928199987,724.3065696855937
1788775735,30,,Aggregated,16.600000,0.000000,850,1600,2400,3000,4200,4900,6000,7400,90000,142000,144000,21329,0,850,1835.3202974996025,158.9327140000023,143507.19928199987,724.3030146748558
1788775736,30,,Aggregated,16.700000,0.000000,850,1600,2400,3000,4200,4900,6000,7400,90000,142000,144000,21342,0,850,1834.7788665401563,158.9327140000023,143507.19928199987,724.306766001312
1788775737,30,,Aggregated,16.400000,0.000000,850,1600,2400,3000,4200,4900,6000,7400,90000,142000,144000,21361,0,850,1834.3831277973422,158.9327140000023,143507.19928199987,724.311829970507
1788775738,30,,Aggregated,16.300000,0.000000,850,1600,2400,3000,4200,4900,6000,7400,90000,142000,144000,21378,0,850,1834.515971532184,158.9327140000023,143507.19928199987,724.3088689306763
1788775739,30,,Aggregated,16.200000,0.000000,850,1600,2400,3000,4200,4900,6000,7400,90000,142000,144000,21392,0,850,1834.128518597841,158.9327140000023,143507.19928199987,724.308339566193
1788775740,30,,Aggregated,17.000000,0.000000,850,1600,2400,3000,4200,4900,6000,7400,90000,142000,144000,21409,0,850,1833.6769214877866,158.9327140000023,143507.19928199987,724.3101032276146
1788775741,30,,Aggregated,16.800000,0.000000,850,1600,2400,3000,4200,4900,6000,7400,90000,142000,144000,21425,0,850,1833.4644022806544,158.9327140000023,143507.19928199987,724.3154259043174
1788775742,30,,Aggregated,16.300000,0.000000,850,1600,2400,3000,4200,4900,6000,7400,90000,142000,144000,21441,0,850,1833.276281808126,158.9327140000023,143507.19928199987,724.3083344993237
1788775743,30,,Aggregated,16.000000,0.000000,850,1600,2400,3000,4200,4900,6000,7400,90000,142000,144000,21458,0,850,1833.4841234308888,158.9327140000023,143507.19928199987,724.3090688787398
1788775744,30,,Aggregated,16.200000,0.000000,850,1600,2400,3000,4200,4900,6000,7400,90000,142000,144000,21474,0,850,1832.9237900937417,158.9327140000023,143507.19928199987,724.3167551457576
1788775745,30,,Aggregated,16.200000,0.000000,850,1600,2400,3000,4200,4900,6000,7400,90000,142000,144000,21492,0,850,1832.6989628920064,158.9327140000023,143507.19928199987,724.3160710962219
1788775746,30,,Aggregated,16.100000,0.000000,850,1600,2400,3000,4200,4900,6000,7400,90000,142000,144000,21505,0,850,1832.6228950070683,158.9327140000023,143507.19928199987,724.3117414554755
1788775747,30,,Aggregated,16.300000,0.000000,850,1600,2400,3000,4200,4900,6000,7400,90000,142000,144000,21524,0,850,1832.3648307597114,158.9327140000023,143507.19928199987,724.3136498792046
1788775748,30,,Aggregated,16.100000,0.000000,850,1600,2400,3000,4200,4900,6000,7400,90000,142000,144000,21537,0,850,1831.9294966843127,158.9327140000023,143507.19928199987,724.3175465478015
1788775749,30,,Aggregated,16.300000,0.000000,850,1600,2400,3000,4200,4900,6000,7400,90000,142000,144000,21553,0,850,1831.9007926308186,158.9327140000023,143507.19928199987,724.3150373497889
1788775750,30,,Aggregated,15.900000,0.000000,850,1600,2400,3000,4200,4900,6000,7400,90000,142000,144000,21572,0,850,1832.102116718248,158.9327140000023,143507.19928199987,724.3085017615427
1788775751,30,,Aggregated,15.500000,0.000000,850,1600,2400,3000,4200,4900,6000,7400,90000,142000,144000,21586,0,850,1831.8154599852242,158.9327140000023,143507.19928199987,724.3118688038544
1788775752,30,,Aggregated,15.700000,0.000000,850,1600,2400,3000,4200,4900,6000,7400,90000,142000,144000,21599,0,850,1831.291602022735,158.9327140000023,143507.19928199987,724.3143201074124
1788775753,30,,Aggregated,16.200000,0.000000,850,1600,2400,3000,4200,4900,6000,7400,90000,142000,144000,21619,0,850,1831.3212857939343,158.9327140000023,143507.19928199987,724.3193024654239
1788775754,30,,Aggregated,15.900000,0.000000,850,1600,2400,3000,4200,4900,6000,7400,90000,142000,144000,21634,0,850,1831.0910787150347,158.9327140000023,143507.19928199987,724.3130720162707
1788775755,30,,Aggregated,15.900000,0.000000,850,1600,2400,3000,4200,4900,6000,7400,90000,142000,144000,21649,0,850,1830.7920776295473,158.9327140000023,143507.19928199987,724.308282137743
1788775756,30,,Aggregated,16.200000,0.000000,850,1600,2400,3000,4200,4900,6000,7400,90000,142000,144000,21667,0,850,1830.5642834273353,158.9327140000023,143507.19928199987,724.3119490469377
1788775757,30,,Aggregated,16.000000,0.000000,850,1600,2400,3000,4200,4900,6000,7400,90000,142000,144000,21683,0,850,1830.3309531444947,158.9327140000023,143507.19928199987,724.3170686713094
1788775758,30,,Aggregated,16.000000,0.000000,850,1600,2400,3000,4200,4900,6000,7400,90000,142000,144000,21697,0,850,1830.3408486804203,158.9327140000023,143507.19928199987,724.310227220353
1788775759,30,,Aggregated,16.000000,0.000000,850,1600,2400,3000,4200,4900,6000,7400,90000,142000,144000,21716,0,850,1830.199055037764,158.9327140000023,143507.19928199987,724.3047062074047
1788775760,30,,Aggregated,15.700000,0.000000,850,1600,2400,3000,4200,4900,6000,7400,90000,142000,144000,21730,0,850,1829.822828775659,158.9327140000023,143507.19928199987,724.30782328578
1788775761,30,,Aggregated,16.100000,0.000000,850,1600,2400,3000,4200,4900,6000,7400,90000,142000,144000,21744,0,850,1829.5439648484212,158.9327140000023,143507.19928199987,724.3113962472406
1788775762,30,,Aggregated,16.300000,0.000000,850,1600,2400,3000,4200,4900,6000,7400,90000,142000,144000,21765,0,850,1830.9872660844978,158.9327140000023,143507.19928199987,724.3118309212038
1788775763,30,,Aggregated,15.800000,0.000000,850,1600,2400,3000,4200,4900,6000,7400,90000,142000,144000,21783,0,850,1830.6215246603356,158.9327140000023,143507.19928199987,724.3103796538585
1788775764,30,,Aggregated,16.300000,0.000000,850,1600,2400,3000,4200,4900,6000,7400,90000,142000,144000,21792,0,850,1830.1551922403676,158.9327140000023,143507.19928199987,724.3132342143906
1788775765,30,,Aggregated,16.300000,0.000000,850,1600,2400,3000,4200,4900,6000,7400,90000,142000,144000,21813,0,850,1830.4657475597162,158.9327140000023,143507.19928199987,724.3076605693852
1788775766,30,,Aggregated,16.100000,0.000000,850,1600,2400,3000,4200,4900,6000,7400,90000,142000,144000,21827,0,850,1833.2682208197677,158.9327140000023,143507.19928199987,724.306684381729
1788775767,30,,Aggregated,15.600000,0.000000,850,1600,2400,3000,4200,4900,6000,7400,90000,142000,144000,21846,0,850,1834.861209394629,158.9327140000023,143507.19928199987,724.3022521285361
1788775768,30,,Aggregated,16.200000,0.000000,850,1600,2400,3000,4200,4900,6000,7400,90000,142000,144000,21862,0,850,1834.5585730112555,158.9327140000023,143507.19928199987,724.306239136401
1788775769,30,,Aggregated,16.000000,0.000000,850,1600,2400,3000,4200,4900,6000,7400,90000,142000,144000,21878,0,850,1834.1379058510854,158.9327140000023,143507.19928199987,724.3054209708383
1788775770,30,,Aggregated,16.300000,0.000000,850,1600,2400,3000,4200,4900,6000,7400,90000,142000,144000,21895,0,850,1833.7592716205097,158.9327140000023,143507.19928199987,724.3070107330441
1788775771,30,,Aggregated,16.600000,0.000000,850,1600,2400,3000,4200,4900,6000,7400,90000,142000,144000,21913,0,850,1833.8873788236233,158.9327140000023,143507.19928199987,724.3011454387806
1788775772,30,,Aggregated,16.200000,0.000000,850,1600,2400,3000,4200,4900,6000,7400,90000,142000,144000,21924,0,850,1834.0699540904511,158.9327140000023,143507.19928199987,724.3017697500457
1788775773,30,,Aggregated,16.500000,0.000000,850,1600,2400,3000,4200,4900,6000,7400,90000,142000,144000,21939,0,850,1833.7790091000984,158.9327140000023,143507.19928199987,724.3010620356442
1788775774,30,,Aggregated,16.600000,0.000000,850,1600,2400,3000,4200,4900,6000,7400,90000,142000,144000,21957,0,850,1833.351235181266,158.9327140000023,143507.19928199987,724.3030468643258
1788775775,30,,Aggregated,16.000000,0.000000,850,1600,2400,3000,4200,4900,6000,7400,90000,142000,144000,21971,0,850,1833.0270522673547,158.9327140000023,143507.19928199987,724.305448090665
1788775776,30,,Aggregated,15.800000,0.000000,850,1600,2400,3000,4200,4900,6000,7400,90000,142000,144000,21987,0,850,1832.7884751983017,158.9327140000023,143507.19928199987,724.3003593032246
1788775777,30,,Aggregated,16.500000,0.000000,850,1600,2400,3000,4200,4900,6000,7400,90000,142000,144000,22005,0,850,1832.9591265800077,158.9327140000023,143507.19928199987,724.2983412860714
1788775778,30,,Aggregated,15.800000,0.000000,850,1600,2400,3000,4200,4900,6000,7400,90000,142000,144000,22019,0,850,1832.4686360065875,158.9327140000023,143507.19928199987,724.2994232253963
1788775779,30,,Aggregated,15.900000,0.000000,850,1600,2400,3000,4200,4900,6000,7400,90000,142000,144000,22037,0,850,1832.0831695803897,158.9327140000023,143507.19928199987,724.3043971502473
1788775780,30,,Aggregated,15.900000,0.000000,850,1600,2400,3000,4200,4900,6000,7400,90000,142000,144000,22054,0,850,1832.3122261877672,158.9327140000023,143507.19928199987,724.3016232882924
1788775781,30,,Aggregated,15.800000,0.000000,850,1600,2400,3000,4200,4900,6000,7400,90000,142000,144000,22070,0,850,1831.942111885773,158.9327140000023,143507.19928199987,724.302356139556
1788775782,30,,Aggregated,15.800000,0.000000,850,1600,2400,3000,4200,4900,6000,7400,90000,142000,144000,22084,0,850,1831.7401791966593,158.9327140000023,143507.19928199987,724.3033870675603
1788775783,30,,Aggregated,15.900000,0.000000,850,1600,2400,3000,4200,4900,6000,7400,90000,142000,144000,22100,0,850,1831.532379317919,158.9327140000023,143507.19928199987,724.3047963800905
1788775784,30,,Aggregated,15.500000,0.000000,850,1600,2400,3000,4200,4900,6000,7400,90000,142000,144000,22119,0,850,1831.5728175472218,158.9327140000023,143507.19928199987,724.3049414530494
1788775785,30,,Aggregated,16.000000,0.000000,850,1600,2400,3000,4200,4900,6000,7400,90000,142000,144000,22131,0,850,1831.3584465062127,158.9327140000023,143507.19928199987,724.3038723961863
1788775786,30,,Aggregated,15.900000,0.000000,850,1600,2400,3000,4200,4900,6000,7400,90000,142000,144000,22149,0,850,1830.8648159508327,158.9327140000023,143507.19928199987,724.3051605038602
1788775787,30,,Aggregated,16.300000,0.000000,850,1600,2400,3000,4200,4900,6000,7400,90000,142000,144000,22167,0,850,1831.868010226327,158.9327140000023,143507.19928199987,724.3059502864619
1788775788,30,,Aggregated,16.000000,0.000000,850,1600,2400,3000,4200,4900,6000,7400,90000,142000,144000,22181,0,850,1835.5397447474863,158.9327140000023,143507.19928199987,724.304720256075
1788775789,30,,Aggregated,16.400000,0.000000,850,1600,2400,3000,4200,4900,6000,7400,90000,142000,144000,22200,0,850,1835.7517641517118,158.9327140000023,143507.19928199987,724.2986036036036
1788775790,30,,Aggregated,16.200000,0.000000,850,1600,2400,3000,4200,4900,6000,7400,90000,142000,144000,22217,0,850,1835.4079102446333,158.9327140000023,143507.19928199987,724.2958545258135
1788775792,30,,Aggregated,15.900000,0.000000,850,1600,2400,3000,4200,4900,6000,7400,90000,142000,144000,22230,0,850,1834.8336916884846,158.9327140000023,143507.19928199987,724.2994152046783
1788775793,30,,Aggregated,16.300000,0.000000,850,1600,2400,3000,4200,4900,6000,7400,90000,142000,144000,22249,0,850,1834.6925298284427,158.9327140000023,143507.19928199987,724.302395613286
1788775794,30,,Aggregated,16.300000,0.000000,850,1600,2400,3000,4200,4900,6000,7400,90000,142000,144000,22267,0,850,1834.3731579116638,158.9327140000023,143507.19928199987,724.2983787667849
1788775795,30,,Aggregated,16.000000,0.000000,850,1600,2400,3000,4200,4900,6000,7400,90000,142000,144000,22284,0,850,1834.2826213577462,158.9327140000023,143507.19928199987,724.3036707951894
1788775796,30,,Aggregated,16.400000,0.000000,850,1600,2400,3000,4200,4900,6000,7400,90000,142000,144000,22299,0,850,1834.0479887712463,158.9327140000023,143507.19928199987,724.3050809453339
1788775797,30,,Aggregated,16.700000,0.000000,850,1600,2400,3000,4200,4900,6000,7400,90000,142000,144000,22315,0,850,1833.7470934562402,158.9327140000023,143507.19928199987,724.3028904324445
1788775798,30,,Aggregated,16.400000,0.000000,850,1600,2400,3000,4200,4900,6000,7400,90000,142000,144000,22331,0,850,1833.6908647147916,158.9327140000023,143507.19928199987,724.3001656889526
1788775799,30,,Aggregated,16.700000,0.000000,850,1600,2400,3000,4200,4900,6000,7400,90000,142000,144000,22350,0,850,1833.4950893617456,158.9327140000023,143507.19928199987,724.3
1788775800,30,,Aggregated,16.400000,0.000000,850,1600,2400,3000,4200,4900,6000,7400,90000,142000,144000,22362,0,850,1832.8551979247388,158.9327140000023,143507.19928199987,724.3057866022717
1788775801,30,,Aggregated,16.400000,0.000000,850,1600,2400,3000,4200,4900,6000,7400,90000,142000,144000,22380,0,850,1832.5350788743974,158.9327140000023,143507.19928199987,724.3067470956211
1788775802,30,,Aggregated,16.900000,0.000000,850,1600,2400,3000,4200,4900,6000,7400,90000,142000,144000,22399,0,850,1832.614435523997,158.9327140000023,143507.19928199987,724.305772579133
1788775803,30,,Aggregated,16.100000,0.000000,850,1600,2400,3000,4200,4900,6000,7400,90000,142000,144000,22414,0,850,1832.8273675478722,158.9327140000023,143507.19928199987,724.3045418042295
1788775804,30,,Aggregated,16.300000,0.000000,850,1600,2400,3000,4200,4900,6000,7400,90000,142000,144000,22429,0,850,1832.2903497227699,158.9327140000023,143507.19928199987,724.3062552944848
1788775805,30,,Aggregated,16.900000,0.000000,850,1600,2400,3000,4200,4900,6000,7400,90000,142000,144000,22448,0,850,1832.0681746877672,158.9327140000023,143507.19928199987,724.306931575196
1788775806,30,,Aggregated,16.500000,0.000000,850,1600,2400,3000,4200,4900,6000,7400,90000,142000,144000,22460,0,850,1831.9863109896257,158.9327140000023,143507.19928199987,724.3087266251113
1788775807,30,,Aggregated,16.400000,0.000000,850,1600,2400,3000,4200,4900,6000,7400,90000,142000,144000,22476,0,850,1831.7326004736158,158.9327140000023,143507.19928199987,724.3107759387791
1788775808,30,,Aggregated,16.100000,0.000000,850,1600,2400,3000,4200,4900,6000,7400,90000,142000,144000,22492,0,850,1831.5475932107852,158.9327140000023,143507.19928199987,724.312244353548
1788775809,30,,Aggregated,16.000000,0.000000,850,1600,2400,3000,4200,4900,6000,7400,90000,142000,144000,22511,0,850,1831.3493218307049,158.9327140000023,143507.19928199987,724.3062058549153
1788775810,30,,Aggregated,16.000000,0.000000,850,1600,2400,3000,4200,4900,6000,7400,90000,142000,144000,22529,0,850,1832.9730219612495,158.9327140000023,143507.19928199987,724.302055128945
1788775811,30,,Aggregated,16.000000,0.000000,850,1600,2400,3000,4200,4900,6000,7400,90000,142000,144000,22545,0,850,1832.6031415440666,158.9327140000023,143507.19928199987,724.3034375693059
1788775812,30,,Aggregated,16.600000,0.000000,850,1600,2400,3000,4200,4900,6000,7400,90000,142000,144000,22563,0,850,1832.316999122323,158.9327140000023,143507.19928199987,724.3039932633072
1788775813,30,,Aggregated,16.400000,0.000000,850,1600,2400,3000,4200,4900,6000,7400,90000,142000,144000,22577,0,850,1832.3121501662304,158.9327140000023,143507.19928199987,724.3026974354432
1788775814,30,,Aggregated,16.300000,0.000000,850,1600,2400,3000,4200,4900,6000,7400,90000,142000,144000,22595,0,850,1832.2426202360693,158.9327140000023,143507.19928199987,724.3014826289002
1788775815,30,,Aggregated,16.300000,0.000000,850,1600,2400,3000,4200,4900,6000,7400,90000,142000,144000,22607,0,850,1831.6816313992558,158.9327140000023,143507.19928199987,724.3064095191755
1788775816,30,,Aggregated,16.200000,0.000000,850,1600,2400,3000,4200,4900,6000,7400,90000,142000,144000,22623,0,850,1832.3776136045174,158.9327140000023,143507.19928199987,724.3038058612916
1788775817,30,,Aggregated,15.900000,0.000000,850,1600,2400,3000,4200,4900,6000,7400,90000,142000,144000,22643,0,850,1832.443776104094,158.9327140000023,143507.19928199987,724.3066289802588
1788775818,30,,Aggregated,16.300000,0.000000,850,1600,2400,3000,4200,4900,6000,7400,90000,142000,144000,22657,0,850,1832.9124420348237,158.9327140000023,143507.19928199987,724.3031292757205
1788775819,30,,Aggregated,16.300000,0.000000,850,1600,2400,3000,4200,4900,6000,7400,90000,142000,144000,22670,0,850,1832.6961527309224,158.9327140000023,143507.19928199987,724.3019408910454
1788775820,30,,Aggregated,16.500000,0.000000,850,1600,2400,3000,4200,4900,6000,7400,90000,142000,144000,22688,0,850,1832.2640717002384,158.9327140000023,143507.19928199987,724.3076956981664
1788775821,30,,Aggregated,16.500000,0.000000,850,1600,2400,3000,4200,4900,6000,7400,90000,142000,144000,22701,0,850,1831.8461676060974,158.9327140000023,143507.19928199987,724.302673891018
1788775822,30,,Aggregated,15.900000,0.000000,850,1600,2400,3000,4200,4900,6000,7400,90000,142000,144000,22719,0,850,1831.6560248207682,158.9327140000023,143507.19928199987,724.3040626788151
1788775823,30,,Aggregated,15.700000,0.000000,850,1600,2400,3000,4200,4900,6000,7400,90000,142000,144000,22737,0,850,1831.789039181336,158.9327140000023,143507.19928199987,724.3031182653824
1788775824,30,,Aggregated,15.400000,0.000000,850,1600,2400,3000,4200,4900,6000,7400,90000,142000,144000,22751,0,850,1831.5684807676598,158.9327140000023,143507.19928199987,724.3020966111379
1788775825,30,,Aggregated,15.600000,0.000000,850,1600,2400,3000,4200,4900,6000,7400,90000,142000,144000,22768,0,850,1831.4356640592507,158.9327140000023,143507.19928199987,724.3003338018272
1788775826,30,,Aggregated,15.400000,0.000000,850,1600,2400,3000,4200,4900,6000,7400,90000,142000,144000,22785,0,850,1830.926446362388,158.9327140000023,143507.19928199987,724.3096335308317
1788775827,30,,Aggregated,15.900000,0.000000,850,1600,2400,3000,4200,4900,6000,7400,90000,142000,144000,22800,0,850,1830.996990964869,158.9327140000023,143507.19928199987,724.3075877192982
1788775828,30,,Aggregated,15.800000,0.000000,850,1600,2400,3000,4200,4900,6000,7400,90000,142000,144000,22817,0,850,1830.6763785075605,158.9327140000023,143507.19928199987,724.3063067011439
1788775829,30,,Aggregated,15.800000,0.000000,850,1600,2400,3000,4200,4900,6000,7400,90000,142000,144000,22834,0,850,1830.3916443355527,158.9327140000023,143507.19928199987,724.3049837960936
1788775830,30,,Aggregated,15.800000,0.000000,850,1600,2400,3000,4200,4900,6000,7400,90000,142000,144000,22850,0,850,1830.053750832648,158.9327140000023,143507.19928199987,724.3066520787746
1788775831,30,,Aggregated,16.100000,0.000000,850,1600,2400,3000,4200,4900,6000,7400,90000,142000,144000,22867,0,850,1829.721209942843,158.9327140000023,143507.19928199987,724.3102287138671
1788775832,30,,Aggregated,16.400000,0.000000,850,1600,2400,3000,4200,4900,6000,7400,90000,142000,144000,22885,0,850,1829.4668029406162,158.9327140000023,143507.19928199987,724.3146165610661
1788775833,30,,Aggregated,16.300000,0.000000,850,1600,2400,3000,4200,4900,6000,7400,90000,142000,144000,22902,0,850,1829.50495737167,158.9327140000023,143507.19928199987,724.3080953628504
1788775834,30,,Aggregated,16.700000,0.000000,850,1600,2400,3000,4200,4900,6000,7400,90000,142000,144000,22918,0,850,1832.13926620281,158.9327140000023,143507.19928199987,724.307356662885
1788775835,30,,Aggregated,16.800000,0.000000,850,1600,2400,3000,4200,4900,6000,7400,90000,142000,144000,22934,0,850,1831.9501169271825,158.9327140000023,143507.19928199987,724.3108921252289
1788775836,30,,Aggregated,16.800000,0.000000,850,1600,2400,3000,4200,4900,6000,7400,90000,142000,144000,22952,0,850,1831.576210975776,158.9327140000023,143507.19928199987,724.3097769257581
1788775837,30,,Aggregated,16.700000,0.000000,850,1600,2400,3000,4200,4900,6000,7400,90000,142000,144000,22966,0,850,1831.5855765961853,158.9327140000023,143507.19928199987,724.310720195071
1788775838,30,,Aggregated,16.600000,0.000000,850,1600,2400,3000,4200,4900,6000,7400,90000,142000,144000,22981,0,850,1831.1506945403148,158.9327140000023,143507.19928199987,724.311213611244
1788775839,30,,Aggregated,16.600000,0.000000,850,1600,2400,3000,4200,4900,6000,7400,90000,142000,144000,23000,0,850,1830.7397749842596,158.9327140000023,143507.19928199987,724.3074347826087
1788775840,30,,Aggregated,16.400000,0.000000,850,1600,2400,3000,4200,4900,6000,7400,90000,142000,144000,23017,0,850,1830.7510463066421,158.9327140000023,143507.19928199987,724.3089890081244
1788775841,30,,Aggregated,16.600000,0.000000,850,1600,2400,3000,4200,4900,6000,7400,90000,142000,144000,23037,0,850,1830.7025703521717,158.9327140000023,143507.19928199987,724.3089812041499
1788775842,30,,Aggregated,16.400000,0.000000,850,1600,2400,3000,4200,4900,6000,7400,90000,142000,144000,23050,0,850,1836.472431465769,158.9327140000023,143507.19928199987,724.3112798264642
1788775843,30,,Aggregated,16.800000,0.000000,850,1600,2400,3000,4200,4900,6000,7400,90000,142000,144000,23068,0,850,1835.9452936454388,158.9327140000023,143507.19928199987,724.3121640367609
1788775844,30,,Aggregated,16.800000,0.000000,850,1600,2400,3000,4200,4900,6000,7400,90000,142000,144000,23083,0,850,1835.9675039121428,158.9327140000023,143507.19928199987,724.3085820733874
1788775845,30,,Aggregated,16.400000,0.000000,850,1600,2400,3000,4200,4900,6000,7400,90000,142000,144000,23098,0,850,1835.5980825183126,158.9327140000023,143507.19928199987,724.3047882933587
1788775846,30,,Aggregated,16.700000,0.000000,850,1600,2400,3000,4200,4900,6000,7400,90000,142000,144000,23116,0,850,1835.3896863331022,158.9327140000023,143507.19928199987,724.3101747707216
1788775847,30,,Aggregated,16.300000,0.000000,850,1600,2400,3000,4200,4900,6000,7400,90000,142000,144000,23134,0,850,1835.4550752231341,158.9327140000023,143507.19928199987,724.3136509034322
1788775848,30,,Aggregated,16.800000,0.000000,850,1600,2400,3000,4200,4900,6000,7400,90000,142000,144000,23151,0,850,1836.3724384145394,158.9327140000023,143507.19928199987,724.3088851453501
1788775849,30,,Aggregated,16.700000,0.000000,850,1600,2400,3000,4200,4900,6000,7400,90000,142000,144000,23167,0,850,1836.0241644944101,158.9327140000023,143507.19928199987,724.3089308067509
1788775850,30,,Aggregated,17.000000,0.000000,850,1600,2400,3000,4200,4900,6000,7400,90000,142000,144000,23186,0,850,1835.757573702536,158.9327140000023,143507.19928199987,724.3091952040024
1788775851,30,,Aggregated,16.900000,0.000000,850,1600,2400,3000,4200,4900,6000,7400,90000,142000,144000,23203,0,850,1837.3122969036328,158.9327140000023,143507.19928199987,724.3072447528336
1788775852,30,,Aggregated,16.900000,0.000000,850,1600,2400,3000,4200,4900,6000,7400,90000,142000,144000,23218,0,850,1837.2914490914807,158.9327140000023,143507.19928199987,724.3099319493497
1788775853,30,,Aggregated,16.500000,0.000000,850,1600,2400,3000,4200,4900,6000,7400,90000,142000,144000,23233,0,850,1836.9031953925016,158.9327140000023,143507.19928199987,724.3115826625921
1788775854,30,,Aggregated,17.100000,0.000000,850,1600,2400,3000,4200,4900,6000,7400,90000,142000,144000,23251,0,850,1836.5948362677298,158.9327140000023,143507.19928199987,724.3059653348244
1788775855,30,,Aggregated,16.700000,0.000000,850,1600,2400,3000,4200,4900,6000,7400,90000,142000,144000,23264,0,850,1836.4653232774667,158.9327140000023,143507.19928199987,724.3114253782669
1788775856,30,,Aggregated,16.500000,0.000000,850,1600,2400,3000,4200,4900,6000,7400,90000,142000,144000,23282,0,850,1836.3996679586369,158.9327140000023,143507.19928199987,724.3100249119492
1788775857,30,,Aggregated,16.700000,0.000000,850,1600,2400,3000,4200,4900,6000,7400,90000,142000,144000,23298,0,850,1836.4606639927879,158.9327140000023,143507.19928199987,724.3091252468023
1788775858,30,,Aggregated,16.500000,0.000000,850,1600,2400,3000,4200,4900,6000,7400,90000,142000,144000,23317,0,850,1835.9946853188228,158.9327140000023,143507.19928199987,724.3097310974825
1788775859,30,,Aggregated,16.600000,0.000000,850,1600,2400,3000,4200,4900,6000,7400,90000,142000,144000,23332,0,850,1835.453624794488,158.9327140000023,143507.19928199987,724.3092748157037
1788775860,30,,Aggregated,16.400000,0.000000,850,1600,2400,3000,4200,4900,6000,7400,90000,142000,144000,23349,0,850,1835.4654950140043,158.9327140000023,143507.19928199987,724.3062657929676
1788775861,30,,Aggregated,16.200000,0.000000,850,1600,2400,3000,4200,4900,6000,7400,90000,142000,144000,23364,0,850,1835.20890440999,158.9327140000023,143507.19928199987,724.312403697997
1788775862,30,,Aggregated,16.000000,0.000000,850,1600,2400,3000,4200,4900,6000,7400,90000,142000,144000,23380,0,850,1835.1276087231392,158.9327140000023,143507.19928199987,724.3122326775022
1788775863,30,,Aggregated,16.300000,0.000000,850,1600,2400,3000,4200,4900,6000,7400,90000,142000,144000,23396,0,850,1835.0880510542397,158.9327140000023,143507.19928199987,724.3062061890921
1788775864,30,,Aggregated,15.800000,0.000000,850,1600,2400,3000,4200,4900,6000,7400,90000,142000,144000,23415,0,850,1834.8207656899847,158.9327140000023,143507.19928199987,724.3100149476832
1788775865,30,,Aggregated,15.800000,0.000000,850,1600,2400,3000,4200,4900,6000,7400,90000,142000,144000,23428,0,850,1834.5642696222892,158.9327140000023,143507.19928199987,724.309928290934
1788775866,30,,Aggregated,16.400000,0.000000,850,1600,2400,3000,4200,4900,6000,7400,90000,142000,144000,23444,0,850,1834.2201970654316,158.9327140000023,143507.19928199987,724.3082238525849
1788775867,30,,Aggregated,16.500000,0.000000,850,1600,2400,3000,4200,4900,6000,7400,90000,142000,144000,23460,0,850,1833.9413190180726,158.9327140000023,143507.19928199987,724.3070332480819
1788775868,30,,Aggregated,16.400000,0.000000,850,1600,2400,3000,4200,4900,6000,7400,90000,142000,144000,23478,0,850,1833.9458037675695,158.9327140000023,143507.19928199987,724.30833120368
1788775869,30,,Aggregated,16.200000,0.000000,850,1600,2400,3000,4200,4900,6000,7400,90000,142000,144000,23493,0,850,1833.762388041161,158.9327140000023,143507.19928199987,724.3080492061465
1788775870,30,,Aggregated,16.200000,0.000000,850,1600,2400,3000,4200,4900,6000,7400,90000,142000,144000,23512,0,850,1833.6370350849345,158.9327140000023,143507.19928199987,724.3080979925145
1788775871,30,,Aggregated,16.400000,0.000000,850,1600,2400,3000,4200,4900,6000,7400,90000,142000,144000,23527,0,850,1833.4777702676063,158.9327140000023,143507.19928199987,724.3045862200876
1788775872,30,,Aggregated,16.200000,0.000000,850,1600,2400,3000,4200,4900,6000,7400,90000,142000,144000,23545,0,850,1832.9062620991708,158.9327140000023,143507.19928199987,724.3060522403907
1788775873,30,,Aggregated,16.400000,0.000000,850,1600,2400,3000,4200,4900,6000,7400,90000,142000,144000,23558,0,850,1832.804862588801,158.9327140000023,143507.19928199987,724.3105526784956
1788775874,30,,Aggregated,16.100000,0.000000,850,1600,2400,3000,4200,4900,6000,7400,90000,142000,144000,23575,0,850,1832.7096707044739,158.9327140000023,143507.19928199987,724.3131283138919
1788775875,30,,Aggregated,15.900000,0.000000,850,1600,2400,3000,4200,4900,6000,7400,90000,142000,144000,23592,0,850,1832.4670846223287,158.9327140000023,143507.19928199987,724.3052305866396
1788775876,30,,Aggregated,16.400000,0.000000,850,1600,2400,3000,4200,4900,5900,7400,90000,142000,144000,23609,0,850,1832.2129675146332,158.9327140000023,143507.19928199987,724.3100088949129
1788775877,30,,Aggregated,16.100000,0.000000,850,1600,2400,3000,4200,4900,6000,7400,90000,142000,144000,23628,0,850,1832.055666204122,158.9327140000023,143507.19928199987,724.3115794819705
1788775878,30,,Aggregated,16.100000,0.000000,850,1600,2400,3000,4200,4900,6000,7400,90000,142000,144000,23643,0,850,1831.6610489607076,158.9327140000023,143507.19928199987,724.311762466692
1788775879,30,,Aggregated,16.500000,0.000000,850,1600,2400,3000,4200,4900,6000,7400,90000,142000,144000,23660,0,850,1835.194104153297,158.9327140000023,143507.19928199987,724.3131868131868
1788775880,30,,Aggregated,16.300000,0.000000,850,1600,2400,3000,4200,4900,6000,7400,90000,142000,144000,23677,0,850,1835.1899394703298,158.9327140000023,143507.19928199987,724.308485027664
1788775881,30,,Aggregated,16.400000,0.000000,850,1600,2400,3000,4200,4900,6000,7400,90000,142000,144000,23695,0,850,1836.2815534443553,158.9327140000023,143507.19928199987,724.3068579869171
1788775882,30,,Aggregated,16.800000,0.000000,850,1600,2400,3000,4200,4900,6000,7400,90000,142000,144000,23710,0,850,1835.7307145502737,158.9327140000023,143507.19928199987,724.3113454238718
1788775883,30,,Aggregated,16.800000,0.000000,850,1600,2400,3000,4200,4900,6000,7400,90000,142000,144000,23725,0,850,1835.3827864535297,158.9327140000023,143507.19928199987,724.3132982086407
1788775884,30,,Aggregated,16.800000,0.000000,850,1600,2400,3000,4200,4900,6000,7400,90000,142000,144000,23747,0,850,1835.4461574847344,158.9327140000023,143507.19928199987,724.3073651408599
1788775885,30,,Aggregated,16.900000,0.000000,850,1600,2400,3000,4200,4900,6000,7400,90000,142000,144000,23761,0,850,1835.462516169058,158.9327140000023,143507.19928199987,724.3076048987837
1788775886,30,,Aggregated,16.500000,0.000000,850,1600,2400,3000,4200,4900,6000,7400,90000,142000,144000,23776,0,850,1835.1978349189933,158.9327140000023,143507.19928199987,724.3087567294751
1788775887,30,,Aggregated,16.800000,0.000000,850,1600,2400,3000,4200,4900,6000,7400,90000,142000,144000,23794,0,850,1834.8635404167853,158.9327140000023,143507.19928199987,724.3110027738085
1788775888,30,,Aggregated,16.600000,0.000000,850,1600,2400,3000,4200,4900,5900,7400,90000,142000,144000,23810,0,850,1834.6933167351108,158.9327140000023,143507.19928199987,724.307517849643
1788775889,30,,Aggregated,16.300000,0.000000,850,1600,2400,3000,4200,4900,5900,7400,90000,142000,144000,23825,0,850,1834.2477990023922,158.9327140000023,143507.19928199987,724.309926547744
1788775890,30,,Aggregated,16.600000,0.000000,850,1600,2400,3000,4200,4900,5900,7400,90000,142000,144000,23841,0,850,1833.9353355759827,158.9327140000023,143507.19928199987,724.3097604966234
1788775891,30,,Aggregated,16.500000,0.000000,850,1600,2400,3000,4200,4900,5900,7400,90000,142000,144000,23856,0,850,1834.0900619961433,158.9327140000023,143507.19928199987,724.3153923541247
1788775892,30,,Aggregated,16.300000,0.000000,850,1600,2400,3000,4200,4900,5900,7400,90000,142000,144000,23874,0,850,1834.0963776852645,158.9327140000023,143507.19928199987,724.3114266566139
1788775893,30,,Aggregated,16.200000,0.000000,850,1600,2400,3000,4200,4900,6000,7400,90000,142000,144000,23892,0,850,1835.477864650594,158.9327140000023,143507.19928199987,724.3062112841118
1788775894,30,,Aggregated,16.600000,0.000000,850,1600,2400,3000,4200,4900,5900,7400,90000,142000,144000,23908,0,850,1835.0746679102806,158.9327140000023,143507.19928199987,724.3061736657186
1788775895,30,,Aggregated,16.300000,0.000000,850,1600,2400,3000,4200,4900,5900,7400,90000,142000,144000,23923,0,850,1834.5651162034858,158.9327140000023,143507.19928199987,724.3088659449065
1788775896,30,,Aggregated,16.500000,0.000000,850,1600,2400,3000,4200,4900,5900,7400,90000,142000,144000,23943,0,850,1834.6984070606852,158.9327140000023,143507.19928199987,724.3118656809924
1788775897,30,,Aggregated,16.200000,0.000000,850,1600,2400,3000,4200,4900,5900,7400,90000,142000,144000,23955,0,850,1834.7169240408678,158.9327140000023,143507.19928199987,724.3050302650804
1788775898,30,,Aggregated,16.500000,0.000000,850,1600,2400,3000,4200,4900,5900,7400,90000,142000,144000,23972,0,850,1834.4010196534696,158.9327140000023,143507.19928199987,724.3040630735859
1788775899,30,,Aggregated,16.500000,0.000000,850,1600,2400,3000,4200,4900,5900,7400,90000,142000,144000,23989,0,850,1834.1501078319213,158.9327140000023,143507.19928199987,724.3073492017174
1788775900,30,,Aggregated,16.600000,0.000000,850,1600,2400,3000,4200,4900,5900,7400,90000,142000,144000,24005,0,850,1836.579960181419,158.9327140000023,143507.19928199987,724.3082691106019
1788775901,30,,Aggregated,16.100000,0.000000,850,1600,2400,3000,4200,4900,5900,7400,90000,142000,144000,24021,0,850,1836.3613745366954,158.9327140000023,143507.19928199987,724.3053578119145
1788775902,30,,Aggregated,16.200000,0.000000,850,1600,2400,3000,4200,4900,5900,7400,90000,142000,144000,24043,0,850,1836.4747780148891,158.9327140000023,143507.19928199987,724.3008360021628
1788775903,30,,Aggregated,16.400000,0.000000,850,1600,2400,3000,4200,4900,5900,7400,90000,142000,144000,24056,0,850,1836.094820761306,158.9327140000023,143507.19928199987,724.3039574326572
1788775904,30,,Aggregated,16.200000,0.000000,850,1600,2400,3000,4200,4900,5900,7400,90000,142000,144000,24069,0,850,1835.5668652015443,158.9327140000023,143507.19928199987,724.3061199052723
1788775905,30,,Aggregated,16.400000,0.000000,850,1600,2400,3000,4200,4900,5900,7400,90000,142000,144000,24088,0,850,1835.501969700347,158.9327140000023,143507.19928199987,724.3063766190635
1788775906,30,,Aggregated,16.100000,0.000000,850,1600,2400,3000,4200,4900,5900,7400,90000,142000,144000,24105,0,850,1835.34228003385,158.9327140000023,143507.19928199987,724.3023439120515
1788775907,30,,Aggregated,16.300000,0.000000,850,1600,2400,3000,4200,4900,5900,7400,90000,142000,144000,24119,0,850,1835.353237296196,158.9327140000023,143507.19928199987,724.3046975413574
1788775908,30,,Aggregated,16.100000,0.000000,850,1600,2400,3000,4200,4900,5900,7400,90000,142000,144000,24138,0,850,1835.1948862924828,158.9327140000023,143507.19928199987,724.3065705526556
1788775909,30,,Aggregated,16.400000,0.000000,850,1600,2400,3000,4200,4900,5900,7400,90000,142000,144000,24150,0,850,1834.9021973917993,158.9327140000023,143507.19928199987,724.3066252587992
1788775910,30,,Aggregated,16.300000,0.000000,850,1600,2400,3000,4200,4900,5900,7400,90000,142000,144000,24167,0,850,1834.7653525715214,158.9327140000023,143507.19928199987,724.3054992344934
1788775911,30,,Aggregated,16.200000,0.000000,850,1600,2400,3000,4200,4900,5900,7400,90000,142000,144000,24184,0,850,1834.561033267613,158.9327140000023,143507.19928199987,724.305325835263
1788775912,30,,Aggregated,16.300000,0.000000,850,1600,2400,3000,4200,4900,5900,7400,90000,142000,144000,24200,0,850,1834.3351805296675,158.9327140000023,143507.19928199987,724.3082644628099
1788775913,30,,Aggregated,16.100000,0.000000,850,1600,2400,3000,4200,4900,5900,7400,90000,142000,144000,24216,0,850,1835.2807160691254,158.9327140000023,143507.19928199987,724.305128840436
1788775914,30,,Aggregated,16.200000,0.000000,850,1600,2400,3000,4200,4900,5900,7400,90000,142000,144000,24235,0,850,1835.232652940084,158.9327140000023,143507.19928199987,724.3020425005158
1788775915,30,,Aggregated,15.900000,0.000000,850,1600,2400,3000,4200,4900,5900,7400,90000,142000,144000,24251,0,850,1835.337822202257,158.9327140000023,143507.19928199987,724.2996989814853
1788775916,30,,Aggregated,16.600000,0.000000,850,1600,2400,3000,4200,4900,5900,7400,90000,142000,144000,24266,0,850,1834.781150355021,158.9327140000023,143507.19928199987,724.3009560702217
1788775917,30,,Aggregated,16.200000,0.000000,850,1600,2400,3000,4200,4900,5900,7400,90000,142000,144000,24283,0,850,1834.431611513814,158.9327140000023,143507.19928199987,724.3038751389861
1788775918,30,,Aggregated,16.400000,0.000000,850,1600,2400,3000,4200,4900,5900,7400,90000,142000,144000,24297,0,850,1834.3295320480288,158.9327140000023,143507.19928199987,724.3013129192905
1788775919,30,,Aggregated,16.200000,0.000000,850,1600,2400,3000,4200,4900,5900,7400,90000,142000,144000,24316,0,850,1834.1977821267053,158.9327140000023,143507.19928199987,724.2998437242968
1788775920,30,,Aggregated,15.800000,0.000000,850,1600,2400,3000,4200,4900,5900,7400,90000,142000,144000,24333,0,850,1834.016725266755,158.9327140000023,143507.19928199987,724.301606871327
1788775921,30,,Aggregated,16.700000,0.000000,850,1600,2400,3000,4200,4900,5900,7400,90000,142000,144000,24347,0,850,1833.6286971062127,158.9327140000023,143507.19928199987,724.3038978108186
1788775922,30,,Aggregated,16.800000,0.000000,850,1600,2400,3000,4200,4900,5900,7400,90000,142000,144000,24364,0,850,1833.5726541359372,158.9327140000023,143507.19928199987,724.299335084551
1788775923,30,,Aggregated,16.400000,0.000000,850,1600,2400,3000,4200,4900,5900,7400,90000,142000,144000,24381,0,850,1833.5749194922266,158.9327140000023,143507.19928199987,724.2968705139248
1788775924,30,,Aggregated,16.500000,0.000000,850,1600,2400,3000,4200,4900,5900,7400,90000,142000,144000,24395,0,850,1833.2702015059633,158.9327140000023,143507.19928199987,724.2982988317278
1788775925,30,,Aggregated,16.600000,0.000000,850,1600,2400,3000,4200,4900,5900,7400,90000,142000,144000,24412,0,850,1833.2567206216197,158.9327140000023,143507.19928199987,724.2991561527118
1788775926,30,,Aggregated,15.900000,0.000000,850,1600,2400,3000,4200,4900,5900,7400,90000,142000,144000,24427,0,850,1832.8855351955613,158.9327140000023,143507.19928199987,724.2989724485201
1788775927,30,,Aggregated,16.500000,0.000000,850,1600,2400,3000,4200,4900,5900,7400,90000,142000,144000,24446,0,850,1832.4837999048102,158.9327140000023,143507.19928199987,724.295508467643
1788775928,30,,Aggregated,16.200000,0.000000,850,1600,2400,3000,4200,4900,5900,7400,90000,142000,144000,24460,0,850,1832.1603270544554,158.9327140000023,143507.19928199987,724.2974652493867
1788775929,30,,Aggregated,16.000000,0.000000,850,1600,2400,3000,4200,4900,5900,7400,90000,142000,144000,24478,0,850,1832.4018002941818,158.9327140000023,143507.19928199987,724.2960209167416
1788775930,30,,Aggregated,16.100000,0.000000,850,1600,2400,3000,4200,4900,5900,7400,90000,142000,144000,24495,0,850,1832.3509273385991,158.9327140000023,143507.19928199987,724.3007552561747
1788775931,30,,Aggregated,16.100000,0.000000,850,1600,2400,3000,4200,4900,5900,7400,90000,142000,144000,24508,0,850,1831.9608693422554,158.9327140000023,143507.19928199987,724.3027582830097
1788775932,30,,Aggregated,15.900000,0.000000,850,1600,2400,3000,4200,4900,5900,7400,90000,142000,144000,24525,0,850,1831.8830706808558,158.9327140000023,143507.19928199987,724.3002650356779
1788775933,30,,Aggregated,15.800000,0.000000,850,1600,2400,3000,4200,4900,5900,7400,90000,142000,144000,24542,0,850,1831.6063615311298,158.9327140000023,143507.19928199987,724.3020536223617
1788775934,30,,Aggregated,16.200000,0.000000,850,1600,2400,3000,4200,4900,5900,7400,90000,142000,144000,24554,0,850,1831.1305254158995,158.9327140000023,143507.19928199987,724.3027205343325
1788775935,30,,Aggregated,16.200000,0.000000,850,1600,2400,3000,4200,4900,5900,7400,90000,142000,144000,24572,0,850,1832.8010270260047,158.9327140000023,143507.19928199987,724.3007488197949
1788775936,30,,Aggregated,16.000000,0.000000,850,1600,2400,3000,4200,4900,5900,7400,90000,142000,144000,24593,0,850,1833.1688864682226,158.9327140000023,143507.19928199987,724.296385150246
1788775937,30,,Aggregated,15.700000,0.000000,850,1600,2400,3000,4200,4900,5900,7400,90000,142000,144000,24604,0,850,1832.7430862363435,158.9327140000023,143507.19928199987,724.2979596813526
1788775938,30,,Aggregated,16.100000,0.000000,850,1600,2400,3000,4200,4900,5900,7400,90000,142000,144000,24624,0,850,1832.336265994964,158.9327140000023,143507.19928199987,724.2997482131254
1788775939,30,,Aggregated,16.100000,0.000000,850,1600,2400,3000,4200,4900,5900,7400,90000,142000,144000,24640,0,850,1832.035516736404,158.9327140000023,143507.19928199987,724.2987418831169
1788775940,30,,Aggregated,16.200000,0.000000,850,1600,2400,3000,4200,4900,5900,7400,90000,142000,144000,24654,0,850,1832.089185249695,158.9327140000023,143507.19928199987,724.3010464833293
1788775941,30,,Aggregated,15.900000,0.000000,850,1600,2400,3000,4200,4900,5900,7400,90000,142000,144000,24671,0,850,1831.5700450188883,158.9327140000023,143507.19928199987,724.3045681164119
1788775942,30,,Aggregated,15.900000,0.000000,850,1600,2400,3000,4200,4900,5900,7400,90000,142000,144000,24688,0,850,1831.5557834916563,158.9327140000023,143507.19928199987,724.3005913804277
1788775943,30,,Aggregated,16.400000,0.000000,850,1600,2400,3000,4200,4900,5900,7400,90000,142000,144000,24701,0,850,1831.2729019615813,158.9327140000023,143507.19928199987,724.30249787458
1788775944,30,,Aggregated,15.800000,0.000000,850,1600,2400,3000,4200,4900,5900,7400,90000,142000,144000,24720,0,850,1831.3821243078485,158.9327140000023,143507.19928199987,724.2996359223301
1788775945,30,,Aggregated,15.900000,0.000000,850,1600,2400,3000,4200,4900,5900,7400,90000,142000,144000,24735,0,850,1830.9868234706291,158.9327140000023,143507.19928199987,724.3024054982818
1788775946,30,,Aggregated,16.400000,0.000000,850,1600,2400,3000,4200,4900,5900,7400,90000,142000,144000,24750,0,850,1830.661744184525,158.9327140000023,143507.19928199987,724.305898989899
1788775947,30,,Aggregated,16.400000,0.000000,850,1600,2400,3000,4200,4900,5900,7400,90000,142000,144000,24768,0,850,1830.60077418758,158.9327140000023,143507.19928199987,724.3076954134367
1788775948,30,,Aggregated,16.100000,0.000000,850,1600,2400,3000,4200,4900,5900,7400,90000,142000,144000,24786,0,850,1831.8964398102958,158.9327140000023,143507.19928199987,724.2955297345276
1788775949,30,,Aggregated,16.500000,0.000000,850,1600,2400,3000,4200,4900,5900,7400,90000,142000,144000,24802,0,850,1831.539696206354,158.9327140000023,143507.19928199987,724.2985646318846
1788775950,30,,Aggregated,16.400000,0.000000,850,1600,2400,3000,4200,4900,5900,7400,90000,142000,144000,24819,0,850,1831.096643509045,158.9327140000023,143507.19928199987,724.305169426649
1788775951,30,,Aggregated,16.500000,0.000000,850,1600,2400,3000,4200,4900,5900,7400,90000,142000,144000,24837,0,850,1831.0846095638353,158.9327140000023,143507.19928199987,724.3034182872327
1788775952,30,,Aggregated,16.400000,0.000000,850,1600,2400,3000,4200,4900,5900,7400,90000,142000,144000,24854,0,850,1831.0259496448855,158.9327140000023,143507.19928199987,724.2943992918645
1788775953,30,,Aggregated,16.300000,0.000000,850,1600,2400,3000,4200,4900,5900,7400,90000,142000,144000,24871,0,850,1830.9097015775794,158.9327140000023,143507.19928199987,724.300510634876
1788775954,30,,Aggregated,16.700000,0.000000,850,1600,2400,3000,4200,4900,5900,7400,90000,142000,144000,24884,0,850,1830.4129247045073,158.9327140000023,143507.19928199987,724.3005545732198
1788775955,30,,Aggregated,16.800000,0.000000,850,1600,2400,3000,4200,4900,5900,7400,90000,142000,144000,24900,0,850,1830.2507242687532,158.9327140000023,143507.19928199987,724.3042570281125
1788775956,30,,Aggregated,16.400000,0.000000,850,1600,2400,3000,4200,4900,5900,7400,90000,142000,144000,24916,0,850,1830.0482245022854,158.9327140000023,143507.19928199987,724.30659014288
1788775957,30,,Aggregated,16.300000,0.000000,850,1600,2400,3000,4200,4900,5900,7400,90000,142000,144000,24934,0,850,1829.8856146120938,158.9327140000023,143507.19928199987,724.3050854255234
1788775958,30,,Aggregated,16.700000,0.000000,850,1600,2400,3000,4200,4900,5900,7400,90000,142000,144000,24948,0,850,1829.6070734865298,158.9327140000023,143507.19928199987,724.305114638448
1788775959,30,,Aggregated,16.300000,0.000000,850,1600,2400,3000,4200,4900,5900,7400,90000,142000,144000,24970,0,850,1829.7366842313957,158.9327140000023,143507.19928199987,724.3088506207449
1788775960,30,,Aggregated,16.300000,0.000000,850,1600,2400,3000,4200,4900,5900,7400,90000,142000,144000,24982,0,850,1829.4206470050817,158.9327140000023,143507.19928199987,724.3056200464334
1788775961,30,,Aggregated,16.500000,0.000000,850,1600,2400,3000,4200,4900,5900,7400,90000,142000,144000,25001,0,850,1829.229622504618,158.9327140000023,143507.19928199987,724.3061477540898
1788775962,30,,Aggregated,16.700000,0.000000,850,1600,2400,3000,4200,4900,5900,7400,90000,142000,144000,25015,0,850,1828.9773956306597,158.9327140000023,143507.19928199987,724.307455526684
1788775963,30,,Aggregated,16.200000,0.000000,850,1600,2400,3000,4200,4900,5900,7400,90000,142000,144000,25031,0,850,1828.7966658576142,158.9327140000023,143507.19928199987,724.3040629619272
1788775964,30,,Aggregated,15.900000,0.000000,850,1600,2400,3000,4200,4900,5900,7400,90000,142000,144000,25047,0,850,1828.7025347687534,158.9327140000023,143507.19928199987,724.310136942548
1788775965,30,,Aggregated,15.900000,0.000000,850,1600,2400,3000,4200,4900,5900,7400,90000,142000,144000,25064,0,850,1828.389328905161,158.9327140000023,143507.19928199987,724.3123204596234
1788775966,30,,Aggregated,16.200000,0.000000,850,1600,2400,3000,4200,4900,5900,7400,90000,142000,144000,25080,0,850,1828.3528866373993,158.9327140000023,143507.19928199987,724.3089314194577
1788775967,30,,Aggregated,16.400000,0.000000,850,1600,2400,3000,4200,4900,5900,7400,90000,142000,144000,25095,0,850,1830.9663050590539,158.9327140000023,143507.19928199987,724.2992229527795
1788775968,30,,Aggregated,16.300000,0.000000,850,1600,2400,3000,4200,4900,5900,7400,90000,142000,144000,25108,0,850,1830.6731179474652,158.9327140000023,143507.19928199987,724.3023339174765
1788775969,30,,Aggregated,15.700000,0.000000,850,1600,2400,3000,4200,4900,5900,7400,90000,142000,144000,25128,0,850,1834.0751263168556,158.9327140000023,143507.19928199987,724.2949299586119
1788775970,30,,Aggregated,16.200000,0.000000,850,1600,2400,3000,4200,4900,5900,7400,90000,142000,144000,25144,0,850,1833.9721289362453,158.9327140000023,143507.19928199987,724.2971285396119
1788775971,30,,Aggregated,15.700000,0.000000,850,1600,2400,3000,4200,4900,5900,7400,90000,142000,144000,25163,0,850,1833.7384625329635,158.9327140000023,143507.19928199987,724.3014743869968
1788775972,30,,Aggregated,15.900000,0.000000,850,1600,2400,3000,4200,4900,5900,7400,90000,142000,144000,25175,0,850,1833.3235996731662,158.9327140000023,143507.19928199987,724.2999801390268
1788775973,30,,Aggregated,16.100000,0.000000,850,1600,2400,3000,4200,4900,5900,7400,90000,142000,144000,25190,0,850,1833.220180595314,158.9327140000023,143507.19928199987,724.3028185788011
1788775974,30,,Aggregated,16.500000,0.000000,850,1600,2400,3000,4200,4900,5900,7400,90000,142000,144000,25207,0,850,1833.1980846807223,158.9327140000023,143507.19928199987,724.3052326734637
1788775975,30,,Aggregated,16.000000,0.000000,850,1600,2400,3000,4200,4900,5900,7400,90000,142000,144000,25228,0,850,1833.1506333881787,158.9327140000023,143507.19928199987,724.2961788488981
1788775976,30,,Aggregated,16.500000,0.000000,850,1600,2400,3000,4200,4900,5900,7400,90000,142000,144000,25242,0,850,1833.892855445684,158.9327140000023,143507.19928199987,724.2979161714603
1788775977,30,,Aggregated,16.100000,0.000000,850,1600,2400,3000,4200,4900,5900,7400,90000,142000,144000,25258,0,850,1835.1718816228904,158.9327140000023,143507.19928199987,724.3005780346821
1788775978,30,,Aggregated,15.800000,0.000000,850,1600,2400,3000,4200,4900,5900,7400,90000,142000,144000,25274,0,850,1834.7909658891733,158.9327140000023,143507.19928199987,724.3009416791961
1788775979,30,,Aggregated,16.500000,0.000000,850,1600,2400,3000,4200,4900,5900,7400,90000,142000,144000,25291,0,850,1834.7983096725695,158.9327140000023,143507.19928199987,724.3025977620497
1788775980,30,,Aggregated,16.100000,0.000000,850,1600,2400,3000,4200,4900,5900,7400,90000,142000,144000,25308,0,850,1834.5315746637405,158.9327140000023,143507.19928199987,724.3029476845267
1788775981,30,,Aggregated,16.300000,0.000000,850,1600,2400,3000,4200,4900,5900,7400,90000,142000,144000,25325,0,850,1834.5831766639267,158.9327140000023,143507.19928199987,724.2996643632774
1788775982,30,,Aggregated,16.600000,0.000000,850,1600,2400,3000,4200,4900,5900,7400,90000,142000,144000,25339,0,850,1834.2068810187043,158.9327140000023,143507.19928199987,724.2999329097439
1788775983,30,,Aggregated,16.700000,0.000000,850,1600,2400,3000,4200,4900,5900,7400,90000,142000,144000,25360,0,850,1839.4979283827658,158.9327140000023,143507.19928199987,724.3005520504731
1788775984,30,,Aggregated,16.000000,0.000000,850,1600,2400,3000,4200,4900,5900,7400,90000,142000,144000,25373,0,850,1839.6445356461572,158.9327140000023,143507.19928199987,724.2995309975171
1788775985,30,,Aggregated,16.800000,0.000000,850,1600,2400,3000,4200,4900,5900,7400,90000,142000,144000,25392,0,850,1839.1735485943977,158.9327140000023,143507.19928199987,724.3033238815375
1788775986,30,,Aggregated,16.100000,0.000000,850,1600,2400,3000,4200,4900,5900,7400,90000,142000,144000,25405,0,850,1838.7582693181628,158.9327140000023,143507.19928199987,724.3034835662271
1788775987,30,,Aggregated,16.300000,0.000000,850,1600,2400,3000,4200,4900,5900,7400,90000,142000,144000,25421,0,850,1838.9269533380643,158.9327140000023,143507.19928199987,724.2983360213997
1788775988,30,,Aggregated,16.300000,0.000000,850,1600,2400,3000,4200,4900,5900,7400,90000,142000,144000,25439,0,850,1838.874618366404,158.9327140000023,143507.19928199987,724.3003655804081
1788775989,30,,Aggregated,16.600000,0.000000,850,1600,2400,3000,4200,4900,5900,7400,90000,142000,144000,25453,0,850,1838.4998516926473,158.9327140000023,143507.19928199987,724.3050328055632
1788775990,30,,Aggregated,16.400000,0.000000,850,1600,2400,3000,4200,4900,5900,7400,90000,142000,144000,25470,0,850,1838.1554246337632,158.9327140000023,143507.19928199987,724.3047506870828
1788775991,30,,Aggregated,16.800000,0.000000,850,1600,2400,3000,4200,4900,5900,7400,90000,142000,144000,25487,0,850,1838.3171233716382,158.9327140000023,143507.19928199987,724.3023894534468
1788775992,30,,Aggregated,16.000000,0.000000,850,1600,2400,3000,4200,4900,5900,7400,90000,142000,144000,25504,0,850,1837.8062489426732,158.9327140000023,143507.19928199987,724.3012076537013
1788775993,30,,Aggregated,16.000000,0.000000,850,1600,2400,3000,4200,4900,5900,7400,90000,142000,144000,25521,0,850,1837.5905835382594,158.9327140000023,143507.19928199987,724.3030837349634
1788775994,30,,Aggregated,16.200000,0.000000,850,1600,2400,3000,4200,4900,5900,7400,90000,142000,144000,25534,0,850,1837.344241053925,158.9327140000023,143507.19928199987,724.3096263805122
1788775995,30,,Aggregated,15.900000,0.000000,850,1600,2400,3000,4200,4900,5900,7400,90000,142000,144000,25554,0,850,1837.6934790337295,158.9327140000023,143507.19928199987,724.3024966737106
1788775996,30,,Aggregated,16.300000,0.000000,850,1600,2400,3000,4200,4900,5900,7400,90000,142000,144000,25569,0,850,1837.3300881055939,158.9327140000023,143507.19928199987,724.3007548202902
1788775997,30,,Aggregated,16.400000,0.000000,850,1600,2400,3000,4200,4900,5900,7400,90000,142000,144000,25584,0,850,1836.8971257238481,158.9327140000023,143507.19928199987,724.3066760475297
1788775998,30,,Aggregated,16.600000,0.000000,850,1600,2400,3000,4200,4900,5900,7400,90000,142000,144000,25600,0,850,1836.6269846101145,158.9327140000023,143507.19928199987,724.308984375
1788775999,30,,Aggregated,16.000000,0.000000,850,1600,2400,3000,4200,4900,5900,7400,90000,142000,144000,25619,0,850,1836.7130396310142,158.9327140000023,143507.19928199987,724.3020804871385
1788776000,30,,Aggregated,16.400000,0.000000,850,1600,2400,3000,4200,4900,5900,7400,90000,142000,144000,25631,0,850,1836.3936519387444,158.9327140000023,143507.19928199987,724.304943232804
1788776001,30,,Aggregated,15.900000,0.000000,850,1600,2400,3000,4200,4900,5900,7400,90000,142000,144000,25649,0,850,1836.244947152948,158.9327140000023,143507.19928199987,724.3050801200826
1788776002,30,,Aggregated,16.000000,0.000000,850,1600,2400,3000,4200,4900,5900,7400,90000,142000,144000,25664,0,850,1835.8665260066225,158.9327140000023,143507.19928199987,724.3050187032419
1788776003,30,,Aggregated,16.200000,0.000000,850,1600,2400,3000,4200,4900,5900,7400,90000,142000,144000,25683,0,850,1835.6865001546535,158.9327140000023,143507.19928199987,724.30650624927
1788776004,30,,Aggregated,16.500000,0.000000,850,1600,2400,3000,4200,4900,5900,7400,90000,142000,144000,25699,0,850,1835.8783276762897,158.9327140000023,143507.19928199987,724.3071325732519
1788776005,30,,Aggregated,16.300000,0.000000,850,1600,2400,3000,4200,4900,5900,7400,90000,142000,144000,25715,0,850,1835.6279679692384,158.9327140000023,143507.19928199987,724.3004860976084
1788776006,30,,Aggregated,16.400000,0.000000,850,1600,2400,3000,4200,4900,5900,7400,90000,142000,144000,25731,0,850,1836.3030688859342,158.9327140000023,143507.19928199987,724.306517430337
1788776007,30,,Aggregated,16.200000,0.000000,850,1600,2400,3000,4200,4900,5900,7400,90000,142000,144000,25748,0,850,1836.3074129170795,158.9327140000023,143507.19928199987,724.3051887525245
1788776008,30,,Aggregated,15.900000,0.000000,850,1600,2400,3000,4200,4900,5900,7400,90000,142000,144000,25763,0,850,1835.9956311965204,158.9327140000023,143507.19928199987,724.3020999107247
1788776009,30,,Aggregated,16.100000,0.000000,850,1600,2400,3000,4200,4900,5900,7400,90000,142000,144000,25781,0,850,1835.6672205482316,158.9327140000023,143507.19928199987,724.3065047903494
1788776010,30,,Aggregated,16.300000,0.000000,850,1600,2400,3000,4200,4900,5900,7400,90000,142000,144000,25797,0,850,1835.5473537593116,158.9327140000023,143507.19928199987,724.3088731247819
1788776011,30,,Aggregated,16.300000,0.000000,850,1600,2400,3000,4200,4900,5900,7400,90000,142000,144000,25814,0,850,1835.6406377649328,158.9327140000023,143507.19928199987,724.3007282869761
1788776012,30,,Aggregated,16.500000,0.000000,850,1600,2400,3000,4200,4900,5900,7400,90000,142000,144000,25831,0,850,1835.4979084429935,158.9327140000023,143507.19928199987,724.3037435639349
1788776013,30,,Aggregated,16.300000,0.000000,850,1600,2400,3000,4200,4900,5900,7400,90000,142000,144000,25847,0,850,1835.1793592391375,158.9327140000023,143507.19928199987,724.3027817541688
1788776014,30,,Aggregated,16.100000,0.000000,850,1600,2400,3000,4200,4900,5900,7400,90000,142000,144000,25862,0,850,1834.8459005760183,158.9327140000023,143507.19928199987,724.3012528033408
1788776015,30,,Aggregated,16.400000,0.000000,850,1600,2400,3000,4200,4900,5900,7400,90000,142000,144000,25880,0,850,1834.5615205666143,158.9327140000023,143507.19928199987,724.3066460587327
1788776016,30,,Aggregated,16.100000,0.000000,850,1600,2400,3000,4200,4900,5900,7400,90000,142000,144000,25896,0,850,1834.3528657706204,158.9327140000023,143507.19928199987,724.304796107507
1788776017,30,,Aggregated,16.200000,0.000000,850,1600,2400,3000,4200,4900,5900,7400,90000,142000,144000,25913,0,850,1834.1711450638286,158.9327140000023,143507.19928199987,724.3021263458496
1788776018,30,,Aggregated,16.700000,0.000000,850,1600,2400,3000,4200,4900,5900,7400,90000,142000,144000,25931,0,850,1834.186366731017,158.9327140000023,143507.19928199987,724.3070456210713
1788776019,30,,Aggregated,16.500000,0.000000,850,1600,2400,3000,4200,4900,5900,7400,90000,142000,144000,25948,0,850,1835.2989440356096,158.9327140000023,143507.19928199987,724.3080776938492
1788776020,30,,Aggregated,16.600000,0.000000,850,1600,2400,3000,4200,4900,5900,7400,90000,142000,144000,25963,0,850,1834.8720111953928,158.9327140000023,143507.19928199987,724.308092285175
1788776021,30,,Aggregated,16.700000,0.000000,850,1600,2400,3000,4200,4900,5900,7400,90000,142000,144000,25983,0,850,1834.8319087379825,158.9327140000023,143507.19928199987,724.3088557903244
1788776022,30,,Aggregated,16.600000,0.000000,850,1600,2400,3000,4200,4900,5900,7400,90000,142000,144000,25997,0,850,1834.3966979672268,158.9327140000023,143507.19928199987,724.3103050351964
1788776023,30,,Aggregated,16.800000,0.000000,850,1600,2400,3000,4200,4900,5900,7400,90000,142000,144000,26016,0,850,1834.2526520460485,158.9327140000023,143507.19928199987,724.3118465559655
1788776024,30,,Aggregated,17.000000,0.000000,850,1600,2400,3000,4200,4900,5900,7400,90000,142000,144000,26028,0,850,1834.0231506821501,158.9327140000023,143507.19928199987,724.3179652681728
1788776025,30,,Aggregated,16.700000,0.000000,850,1600,2400,3000,4200,4900,5900,7400,90000,142000,144000,26047,0,850,1834.0502721763353,158.9327140000023,143507.19928199987,724.3143164279955
1788776026,30,,Aggregated,16.700000,0.000000,850,1600,2400,3000,4200,4900,5900,7400,90000,142000,144000,26063,0,850,1833.9889838957138,158.9327140000023,143507.19928199987,724.3081763419407
1788776027,30,,Aggregated,16.600000,0.000000,850,1600,2400,3000,4200,4900,5900,7400,90000,142000,144000,26081,0,850,1833.6056233802378,158.9327140000023,143507.19928199987,724.3154403588819
1788776028,30,,Aggregated,16.600000,0.000000,850,1600,2400,3000,4200,4900,5900,7400,90000,142000,144000,26098,0,850,1833.305429963253,158.9327140000023,143507.19928199987,724.31603954326
1788776029,30,,Aggregated,16.900000,0.000000,850,1600,2400,3000,4200,4900,5900,7400,90000,142000,144000,26116,0,850,1834.0652645378298,158.9327140000023,143507.19928199987,724.3122606831062
1788776030,30,,Aggregated,16.600000,0.000000,850,1600,2400,3000,4200,4900,5900,7400,90000,142000,144000,26130,0,850,1833.821047760236,158.9327140000023,143507.19928199987,724.3140834290087
1788776031,30,,Aggregated,16.500000,0.000000,850,1600,2400,3000,4200,4900,5900,7400,90000,142000,144000,26146,0,850,1833.520149735446,158.9327140000023,143507.19928199987,724.3179453836151
1788776032,30,,Aggregated,16.800000,0.000000,850,1600,2400,3000,4200,4900,5900,7400,90000,142000,144000,26162,0,850,1833.086462979625,158.9327140000023,143507.19928199987,724.3207323599113
1788776033,30,,Aggregated,16.700000,0.000000,850,1600,2400,3000,4200,4900,5900,7400,90000,142000,144000,26181,0,850,1832.9167910056506,158.9327140000023,143507.19928199987,724.3255032275314
1788776034,30,,Aggregated,16.400000,0.000000,850,1600,2400,3000,4200,4900,5900,7400,90000,142000,144000,26198,0,850,1835.6386276569187,158.9327140000023,143507.19928199987,724.3159019772502
1788776035,30,,Aggregated,16.700000,0.000000,850,1600,2400,3000,4200,4900,5900,7400,90000,142000,144000,26214,0,850,1835.3052373055602,158.9327140000023,143507.19928199987,724.3160143434806
1788776036,30,,Aggregated,16.800000,0.000000,850,1600,2400,3000,4200,4900,5900,7400,90000,142000,144000,26229,0,850,1834.7433805583503,158.9327140000023,143507.19928199987,724.3226581265012
1788776037,30,,Aggregated,16.700000,0.000000,850,1600,2400,3000,4200,4900,5900,7400,90000,142000,144000,26244,0,850,1834.5114511837357,158.9327140000023,143507.19928199987,724.3250647767109
1788776038,30,,Aggregated,16.400000,0.000000,850,1600,2400,3000,4200,4900,5900,7400,90000,142000,144000,26262,0,850,1834.5771011612196,158.9327140000023,143507.19928199987,724.3209961160612
1788776039,30,,Aggregated,16.300000,0.000000,850,1600,2400,3000,4200,4900,5900,7400,90000,142000,144000,26278,0,850,1834.313109208842,158.9327140000023,143507.19928199987,724.3255955552173
1788776040,30,,Aggregated,16.300000,0.000000,850,1600,2400,3000,4200,4900,5900,7400,90000,142000,144000,26294,0,850,1834.18384247619,158.9327140000023,143507.19928199987,724.3281356963566
1788776041,30,,Aggregated,16.400000,0.000000,850,1600,2400,3000,4200,4900,5900,7400,90000,142000,144000,26312,0,850,1833.9439212439927,158.9327140000023,143507.19928199987,724.328367284889
1788776042,30,,Aggregated,16.300000,0.000000,850,1600,2400,3000,4200,4900,5900,7400,90000,142000,144000,26326,0,850,1833.6824901839984,158.9327140000023,143507.19928199987,724.3274709412748
1788776043,30,,Aggregated,16.000000,0.000000,850,1600,2400,3000,4200,4900,5900,7400,90000,142000,144000,26343,0,850,1833.5503331290643,158.9327140000023,143507.19928199987,724.3324981968644
1788776044,30,,Aggregated,16.300000,0.000000,850,1600,2400,3000,4200,4900,5900,7400,90000,142000,144000,26357,0,850,1833.1984377261424,158.9327140000023,143507.19928199987,724.3327009902492
1788776045,30,,Aggregated,15.900000,0.000000,850,1600,2400,3000,4200,4900,5900,7400,90000,142000,144000,26377,0,850,1833.796504871097,158.9327140000023,143507.19928199987,724.3315009288395
1788776046,30,,Aggregated,16.200000,0.000000,850,1600,2400,3000,4200,4900,5900,7400,90000,142000,144000,26391,0,850,1833.514769234623,158.9327140000023,143507.19928199987,724.331362964647
1788776047,30,,Aggregated,16.200000,0.000000,850,1600,2400,3000,4200,4900,5900,7400,90000,142000,144000,26410,0,850,1833.2604882628902,158.9327140000023,143507.19928199987,724.3347595607725
1788776048,30,,Aggregated,16.400000,0.000000,850,1600,2400,3000,4200,4900,5900,7400,90000,142000,144000,26425,0,850,1833.097416438105,158.9327140000023,143507.19928199987,724.3386944181647
1788776049,30,,Aggregated,16.600000,0.000000,850,1600,2400,3000,4200,4900,5900,7400,90000,142000,144000,26443,0,850,1832.729440029003,158.9327140000023,143507.19928199987,724.33838823129
1788776050,30,,Aggregated,16.600000,0.000000,850,1600,2400,3000,4200,4900,5900,7400,90000,142000,144000,26461,0,850,1832.488953136463,158.9327140000023,143507.19928199987,724.3412191527153
1788776051,30,,Aggregated,16.100000,0.000000,850,1600,2400,3000,4200,4900,5900,7400,90000,142000,144000,26474,0,850,1832.3957243812397,158.9327140000023,143507.19928199987,724.3386719045101
1788776052,30,,Aggregated,16.200000,0.000000,850,1600,2400,3000,4200,4900,5900,7400,90000,142000,144000,26490,0,850,1831.9074121261208,158.9327140000023,143507.19928199987,724.3440543601359
1788776053,30,,Aggregated,16.600000,0.000000,850,1600,2400,3000,4200,4900,5900,7400,90000,142000,144000,26508,0,850,1831.8192980070146,158.9327140000023,143507.19928199987,724.3461973743775
1788776054,30,,Aggregated,16.300000,0.000000,850,1600,2400,3000,4200,4900,5900,7400,90000,142000,144000,26525,0,850,1831.4595677569444,158.9327140000023,143507.19928199987,724.3484260131951
1788776055,30,,Aggregated,16.600000,0.000000,850,1600,2400,3000,4200,4900,5900,7400,90000,142000,144000,26541,0,850,1831.5814585227738,158.9327140000023,143507.19928199987,724.3486304208583
1788776056,30,,Aggregated,16.300000,0.000000,850,1600,2400,3000,4200,4900,5900,7400,90000,142000,144000,26552,0,850,1831.3012208322139,158.9327140000023,143507.19928199987,724.3476197649894
1788776057,30,,Aggregated,16.600000,0.000000,850,1600,2400,3000,4200,4900,5900,7400,90000,142000,144000,26562,0,850,1831.360180104734,158.9327140000023,143507.19928199987,724.3407122957609
1788776058,30,,Aggregated,16.200000,0.000000,850,1600,2400,3000,4200,4900,5900,7400,90000,142000,144000,26575,0,850,1831.5723059397528,158.9327140000023,143507.19928199987,724.3343744120414
1788776059,30,,Aggregated,15.500000,0.000000,850,1600,2400,3000,4200,4900,5900,7400,90000,142000,144000,26586,0,850,1832.5824463371298,158.9327140000023,143507.19928199987,724.3284811554954
1788776060,30,,Aggregated,14.900000,0.000000,850,1600,2400,3000,4200,4900,5900,7400,90000,142000,144000,26596,0,850,1837.300503521542,158.9327140000023,143507.19928199987,724.3197097307866
1788776061,30,,Aggregated,14.800000,0.000000,850,1600,2400,3000,4200,4900,5900,7400,90000,142000,144000,26605,0,850,1837.2120984696458,158.9327140000023,143507.19928199987,724.3149783875211
1788776062,30,,Aggregated,14.100000,0.000000,850,1600,2400,3000,4200,4900,5900,7400,90000,142000,144000,26621,0,850,1837.7278547822746,158.9327140000023,143507.19928199987,724.3113707223621
1788776063,30,,Aggregated,13.300000,0.000000,850,1600,2400,3000,4200,4900,5900,7400,90000,142000,144000,26636,0,850,1838.9484424877205,158.9327140000023,143507.19928199987,724.3007583721279
1788776064,30,,Aggregated,13.000000,0.000000,850,1600,2400,3000,4200,4900,6000,7400,90000,142000,144000,26650,0,850,1838.7510964496034,158.9327140000023,143507.19928199987,724.3035272045029
1788776065,30,,Aggregated,12.800000,0.000000,850,1600,2400,3000,4200,4900,5900,7400,90000,142000,144000,26667,0,850,1838.3746444574167,158.9327140000023,143507.19928199987,724.3056586792665
1788776066,30,,Aggregated,12.500000,0.000000,850,1600,2400,3000,4200,4900,5900,7400,90000,142000,144000,26682,0,850,1838.3510593850513,158.9327140000023,143507.19928199987,724.3061239787122
1788776067,30,,Aggregated,12.300000,0.000000,850,1600,2400,3000,4200,4900,5900,7400,90000,142000,144000,26701,0,850,1838.2617275783655,158.9327140000023,143507.19928199987,724.307516572413
1788776068,30,,Aggregated,12.500000,0.000000,850,1600,2400,3000,4200,4900,5900,7400,90000,142000,144000,26715,0,850,1838.0023143510361,158.9327140000023,143507.19928199987,724.3050346247427
1788776069,30,,Aggregated,13.200000,0.000000,850,1600,2400,3000,4200,4900,5900,7400,90000,142000,144000,26732,0,850,1837.8204199310164,158.9327140000023,143507.19928199987,724.3054391740236
1788776070,30,,Aggregated,14.100000,0.000000,850,1600,2400,3000,4200,4900,5900,7400,90000,142000,144000,26746,0,850,1837.3633283435256,158.9327140000023,143507.19928199987,724.3107754430569
1788776071,30,,Aggregated,14.400000,0.000000,850,1600,2400,3000,4200,4900,5900,7400,90000,142000,144000,26765,0,850,1837.296607607806,158.9327140000023,143507.19928199987,724.3120119559126
1788776072,30,,Aggregated,14.900000,0.000000,850,1600,2400,3000,4200,4900,5900,7400,90000,142000,144000,26782,0,850,1837.1587361785498,158.9327140000023,143507.19928199987,724.3080800537674
1788776073,30,,Aggregated,15.500000,0.000000,850,1600,2400,3000,4200,4900,5900,7400,90000,142000,144000,26799,0,850,1836.7830404683355,158.9327140000023,143507.19928199987,724.3122131422814
1788776074,30,,Aggregated,16.000000,0.000000,850,1600,2400,3000,4200,4900,5900,7400,90000,142000,144000,26815,0,850,1836.3085879138514,158.9327140000023,143507.19928199987,724.3140779414507
1788776075,30,,Aggregated,16.300000,0.000000,850,1600,2400,3000,4200,4900,5900,7400,90000,142000,144000,26830,0,850,1836.2136547246337,158.9327140000023,143507.19928199987,724.3120760342899
1788776076,30,,Aggregated,16.200000,0.000000,850,1600,2400,3000,4200,4900,5900,7400,90000,142000,144000,26846,0,850,1836.0470330992666,158.9327140000023,143507.19928199987,724.3109960515533
1788776077,30,,Aggregated,16.200000,0.000000,850,1600,2400,3000,4200,4900,5900,7400,90000,142000,144000,26864,0,850,1836.0624158114922,158.9327140000023,143507.19928199987,724.3173764145324
1788776078,30,,Aggregated,16.400000,0.000000,850,1600,2400,3000,4200,4900,5900,7400,90000,142000,144000,26877,0,850,1835.7453926218304,158.9327140000023,143507.19928199987,724.3139859359303
1788776079,30,,Aggregated,16.200000,0.000000,850,1600,2400,3000,4200,4900,5900,7400,90000,142000,144000,26893,0,850,1835.6074285893703,158.9327140000023,143507.19928199987,724.3170713568587
1788776080,30,,Aggregated,15.900000,0.000000,850,1600,2400,3000,4200,4900,5900,7400,90000,142000,144000,26911,0,850,1835.513494443868,158.9327140000023,143507.19928199987,724.3142209505406
1788776081,30,,Aggregated,16.000000,0.000000,850,1600,2400,3000,4200,4900,5900,7400,90000,142000,144000,26926,0,850,1834.960473436602,158.9327140000023,143507.19928199987,724.3170541484068
1788776082,30,,Aggregated,16.100000,0.000000,850,1600,2400,3000,4200,4900,5900,7400,90000,142000,144000,26944,0,850,1835.3445826560258,158.9327140000023,143507.19928199987,724.316174287411
1788776083,30,,Aggregated,16.200000,0.000000,850,1600,2400,3000,4200,4900,5900,7400,90000,142000,144000,26959,0,850,1835.3420030417283,158.9327140000023,143507.19928199987,724.3187061834637
1788776084,30,,Aggregated,15.900000,0.000000,850,1600,2400,3000,4200,4900,5900,7400,90000,142000,144000,26977,0,850,1835.2239084398175,158.9327140000023,143507.19928199987,724.3153426993365
1788776085,30,,Aggregated,15.900000,0.000000,850,1600,2400,3000,4200,4900,5900,7400,90000,142000,144000,26992,0,850,1834.9779277644839,158.9327140000023,143507.19928199987,724.3161307053942
1788776086,30,,Aggregated,16.100000,0.000000,850,1600,2400,3000,4200,4900,5900,7400,90000,142000,144000,27003,0,850,1834.9465605626026,158.9327140000023,143507.19928199987,724.3161130244788
1788776087,30,,Aggregated,16.300000,0.000000,850,1600,2400,3000,4200,4900,5900,7400,90000,142000,144000,27016,0,850,1834.8854716751537,158.9327140000023,143507.19928199987,724.3096683446846
1788776088,30,,Aggregated,16.500000,0.000000,850,1600,2400,3000,4200,4900,5900,7400,90000,142000,144000,27025,0,850,1834.8797519640689,158.9327140000023,143507.19928199987,724.3032007400556
1788776089,30,,Aggregated,15.800000,0.000000,850,1600,2400,3000,4200,4900,5900,7400,90000,142000,144000,27037,0,850,1834.9879492103767,158.9327140000023,143507.19928199987,724.2994045197322
1788776090,30,,Aggregated,15.200000,0.000000,850,1600,2400,3000,4200,4900,5900,7400,90000,142000,144000,27046,0,850,1836.026984910706,158.9327140000023,143507.19928199987,724.2923537676551
1788776091,30,,Aggregated,14.600000,0.000000,850,1600,2400,3000,4200,4900,5900,7400,90000,142000,144000,27055,0,850,1835.7882353571968,158.9327140000023,143507.19928199987,724.2885233783035
1788776092,30,,Aggregated,14.100000,0.000000,850,1600,2400,3000,4200,4900,5900,7400,90000,142000,144000,27070,0,850,1836.2480676384178,158.9327140000023,143507.19928199987,724.284041374215
1788776093,30,,Aggregated,13.500000,0.000000,850,1600,2400,3000,4200,4900,5900,7400,90000,142000,144000,27079,0,850,1836.1104926697801,158.9327140000023,143507.19928199987,724.2777429004025
1788776094,30,,Aggregated,13.300000,0.000000,850,1600,2400,3000,4200,4900,5900,7400,90000,142000,144000,27090,0,850,1836.107308122738,158.9327140000023,143507.19928199987,724.2717977113326
1788776095,30,,Aggregated,12.700000,0.000000,850,1600,2400,3000,4200,4900,5900,7400,90000,142000,144000,27107,0,850,1836.7166018253579,158.9327140000023,143507.19928199987,724.2742096137529
1788776096,30,,Aggregated,12.100000,0.000000,850,1600,2400,3000,4200,4900,6000,7400,90000,142000,144000,27124,0,850,1836.9235417521002,158.9327140000023,143507.19928199987,724.270682790149
1788776097,30,,Aggregated,11.600000,0.000000,850,1600,2400,3000,4200,4900,6000,7400,90000,142000,144000,27140,0,850,1836.6152924655105,158.9327140000023,143507.19928199987,724.2739130434783
1788776098,30,,Aggregated,11.000000,0.000000,850,1600,2400,3000,4200,4900,5900,7400,90000,142000,144000,27153,0,850,1836.3591768560732,158.9327140000023,143507.19928199987,724.276470371598
1788776099,30,,Aggregated,12.100000,0.000000,850,1600,2400,3000,4200,4900,6000,7400,90000,142000,144000,27172,0,850,1836.4171291754735,158.9327140000023,143507.19928199987,724.2774179302223
1788776100,30,,Aggregated,12.600000,0.000000,850,1600,2400,3000,4200,4900,6000,7400,90000,142000,144000,27188,0,850,1836.6582228979312,158.9327140000023,143507.19928199987,724.274201853759
1788776101,30,,Aggregated,13.300000,0.000000,850,1600,2400,3000,4200,4900,6000,7400,90000,142000,144000,27207,0,850,1838.9045142807347,158.9327140000023,143507.19928199987,724.2734590362775
1788776102,30,,Aggregated,14.000000,0.000000,850,1600,2400,3000,4200,4900,6000,7400,90000,142000,144000,27221,0,850,1840.198844084896,158.9327140000023,143507.19928199987,724.2721795672459
1788776103,30,,Aggregated,13.900000,0.000000,850,1600,2400,3000,4200,4900,6000,7400,90000,142000,144000,27238,0,850,1839.923794239223,158.9327140000023,143507.19928199987,724.2727806740583
1788776104,30,,Aggregated,14.900000,0.000000,850,1600,2400,3000,4200,4900,6000,7400,90000,142000,144000,27254,0,850,1839.8119290188954,158.9327140000023,143507.19928199987,724.271299625743
1788776105,30,,Aggregated,15.000000,0.000000,850,1600,2400,3000,4200,4900,6000,7400,90000,142000,144000,27270,0,850,1839.5057461392366,158.9327140000023,143507.19928199987,724.2752108544188
1788776106,30,,Aggregated,15.600000,0.000000,850,1600,2400,3000,4200,4900,6000,7400,90000,142000,144000,27285,0,850,1839.519566070441,158.9327140000023,143507.19928199987,724.2728605460876
1788776107,30,,Aggregated,16.400000,0.000000,850,1600,2400,3000,4200,4900,6000,7400,90000,142000,144000,27303,0,850,1839.4125954642343,158.9327140000023,143507.19928199987,724.2757572427938
1788776108,30,,Aggregated,16.400000,0.000000,850,1600,2400,3000,4200,4900,6000,7400,90000,142000,144000,27320,0,850,1839.0975310802708,158.9327140000023,143507.19928199987,724.2740849194729
1788776109,30,,Aggregated,16.100000,0.000000,850,1600,2400,3000,4200,4900,6000,7400,90000,142000,144000,27334,0,850,1838.7848444989022,158.9327140000023,143507.19928199987,724.2778956610814
1788776110,30,,Aggregated,16.200000,0.000000,850,1600,2400,3000,4200,4900,6000,7400,90000,142000,144000,27351,0,850,1838.5154876867027,158.9327140000023,143507.19928199987,724.2773207560966
1788776111,30,,Aggregated,16.100000,0.000000,850,1600,2400,3000,4200,4900,6000,7400,90000,142000,144000,27369,0,850,1838.278178758157,158.9327140000023,143507.19928199987,724.2801344586942
1788776112,30,,Aggregated,15.800000,0.000000,850,1600,2400,3000,4200,4900,6000,7400,90000,142000,144000,27383,0,850,1837.991742085235,158.9327140000023,143507.19928199987,724.2822188949348
1788776113,30,,Aggregated,16.500000,0.000000,850,1600,2400,3000,4200,4900,6000,7400,90000,142000,144000,27401,0,850,1838.345264380606,158.9327140000023,143507.19928199987,724.2805737016897
1788776114,30,,Aggregated,15.900000,0.000000,850,1600,2400,3000,4200,4900,6000,7400,90000,142000,144000,27414,0,850,1837.9691987880276,158.9327140000023,143507.19928199987,724.2814985044138
1788776115,30,,Aggregated,16.400000,0.000000,850,1600,2400,3000,4200,4900,6000,7400,90000,142000,144000,27427,0,850,1837.5370880228968,158.9327140000023,143507.19928199987,724.282969336785
1788776116,30,,Aggregated,16.400000,0.000000,850,1600,2400,3000,4200,4900,6000,7400,90000,142000,144000,27442,0,850,1837.6499938230813,158.9327140000023,143507.19928199987,724.2848188907514
1788776117,30,,Aggregated,15.600000,0.000000,850,1600,2400,3000,4200,4900,5900,7400,90000,142000,144000,27454,0,850,1837.9035031033732,158.9327140000023,143507.19928199987,724.2788664675458
1788776118,30,,Aggregated,15.600000,0.000000,850,1600,2400,3000,4200,4900,5900,7400,90000,142000,144000,27465,0,850,1837.7924707517932,158.9327140000023,143507.19928199987,724.2720917531403
1788776119,30,,Aggregated,15.400000,0.000000,850,1600,2400,3000,4200,4900,6000,7400,90000,142000,144000,27484,0,850,1838.3198142583317,158.9327140000023,143507.19928199987,724.2669553194586
1788776120,30,,Aggregated,15.000000,0.000000,850,1600,2400,3000,4200,4900,6000,7400,90000,142000,144000,27498,0,850,1837.7940406526657,158.9327140000023,143507.19928199987,724.2715470216016
1788776121,30,,Aggregated,14.800000,0.000000,850,1600,2400,3000,4200,4900,6000,7400,90000,142000,144000,27516,0,850,1838.0094851230197,158.9327140000023,143507.19928199987,724.2699883704026
1788776122,30,,Aggregated,14.900000,0.000000,850,1600,2400,3000,4200,4900,6000,7400,90000,142000,144000,27532,0,850,1837.830486248075,158.9327140000023,143507.19928199987,724.2757518523899
1788776123,30,,Aggregated,14.500000,0.000000,850,1600,2400,3000,4200,4900,6000,7400,90000,142000,144000,27549,0,850,1842.7724563679262,158.9327140000023,143507.19928199987,724.2712621147773
1788776124,30,,Aggregated,15.000000,0.000000,850,1600,2400,3000,4200,4900,6000,7400,90000,142000,144000,27563,0,850,1842.2243754231765,158.9327140000023,143507.19928199987,724.2752965932591
1788776125,30,,Aggregated,14.500000,0.000000,850,1600,2400,3000,4200,4900,6000,7400,90000,142000,144000,27583,0,850,1842.0629560971256,158.9327140000023,143507.19928199987,724.2757495558859
1788776126,30,,Aggregated,14.800000,0.000000,850,1600,2400,3000,4200,4900,6000,7400,90000,142000,144000,27597,0,850,1843.133282988912,158.9327140000023,143507.19928199987,724.274595064681
1788776127,30,,Aggregated,15.000000,0.000000,850,1600,2400,3000,4200,4900,6000,7400,90000,142000,144000,27614,0,850,1842.9081405780403,158.9327140000023,143507.19928199987,724.2717100021728
1788776128,30,,Aggregated,15.500000,0.000000,850,1600,2400,3000,4200,4900,6000,7400,90000,142000,144000,27629,0,850,1842.9028255271994,158.9327140000023,143507.19928199987,724.276991566832
1788776129,30,,Aggregated,15.700000,0.000000,850,1600,2400,3000,4200,4900,6000,7400,90000,142000,144000,27648,0,850,1842.7083557934031,158.9327140000023,143507.19928199987,724.2795138888889
1788776130,30,,Aggregated,16.000000,0.000000,850,1600,2400,3000,4200,4900,6000,7400,90000,142000,144000,27660,0,850,1842.429644575091,158.9327140000023,143507.19928199987,724.2805856832972
1788776131,30,,Aggregated,16.200000,0.000000,850,1600,2400,3000,4200,4900,6000,7400,90000,142000,144000,27677,0,850,1842.3675076864913,158.9327140000023,143507.19928199987,724.2792571449218
1788776132,30,,Aggregated,16.300000,0.000000,850,1600,2400,3000,4200,4900,6000,7400,90000,142000,144000,27692,0,850,1841.9398315052006,158.9327140000023,143507.19928199987,724.2826809186769
1788776133,30,,Aggregated,16.600000,0.000000,850,1600,2400,3000,4200,4900,5900,7400,90000,142000,144000,27708,0,850,1841.783933252419,158.9327140000023,143507.19928199987,724.2836725855349
1788776134,30,,Aggregated,15.800000,0.000000,850,1600,2400,3000,4200,4900,5900,7400,90000,142000,144000,27726,0,850,1841.653879815481,158.9327140000023,143507.19928199987,724.2840294308592
1788776135,30,,Aggregated,16.100000,0.000000,850,1600,2400,3000,4200,4900,5900,7400,90000,142000,144000,27742,0,850,1841.3240321399696,158.9327140000023,143507.19928199987,724.2881190973975
1788776136,30,,Aggregated,15.900000,0.000000,850,1600,2400,3000,4200,4900,5900,7400,90000,142000,144000,27758,0,850,1841.1550053742715,158.9327140000023,143507.19928199987,724.2877728943007
1788776137,30,,Aggregated,16.300000,0.000000,850,1600,2400,3000,4200,4900,6000,7400,90000,142000,144000,27777,0,850,1841.5628580603382,158.9327140000023,143507.19928199987,724.2879720632178
1788776138,30,,Aggregated,16.000000,0.000000,850,1600,2400,3000,4200,4900,6000,7400,90000,142000,144000,27792,0,850,1841.285135590494,158.9327140000023,143507.19928199987,724.2862334484744
1788776139,30,,Aggregated,16.000000,0.000000,850,1600,2400,3000,4200,4900,5900,7400,90000,142000,144000,27809,0,850,1841.0863790159665,158.9327140000023,143507.19928199987,724.2880722068395
1788776140,30,,Aggregated,16.200000,0.000000,850,1600,2400,3000,4200,4900,5900,7400,90000,142000,144000,27828,0,850,1840.8565422337583,158.9327140000023,143507.19928199987,724.2917565042403
1788776141,30,,Aggregated,16.200000,0.000000,850,1600,2400,3000,4200,4900,5900,7400,90000,142000,144000,27842,0,850,1840.5736783449834,158.9327140000023,143507.19928199987,724.297069176065
1788776142,30,,Aggregated,16.100000,0.000000,850,1600,2400,3000,4200,4900,5900,7400,90000,142000,144000,27859,0,850,1840.3055537898717,158.9327140000023,143507.19928199987,724.2920420689903
1788776143,30,,Aggregated,16.500000,0.000000,850,1600,2400,3000,4200,4900,5900,7400,90000,142000,144000,27876,0,850,1840.1046578507332,158.9327140000023,143507.19928199987,724.297209068733
1788776144,30,,Aggregated,16.700000,0.000000,850,1600,2400,3000,4200,4900,6000,7400,90000,142000,144000,27892,0,850,1841.2882260280023,158.9327140000023,143507.19928199987,724.2952459486592
1788776145,30,,Aggregated,16.600000,0.000000,850,1600,2400,3000,4200,4900,5900,7400,90000,142000,144000,27909,0,850,1841.12793140514,158.9327140000023,143507.19928199987,724.2957110609481
1788776146,30,,Aggregated,16.900000,0.000000,850,1600,2400,3000,4200,4900,5900,7400,90000,142000,144000,27928,0,850,1841.1536689117033,158.9327140000023,143507.19928199987,724.296011171584
1788776147,30,,Aggregated,16.500000,0.000000,850,1600,2400,3000,4200,4900,5900,7400,90000,142000,144000,27942,0,850,1840.7156140173945,158.9327140000023,143507.19928199987,724.2992269701524
1788776148,30,,Aggregated,16.700000,0.000000,850,1600,2400,3000,4200,4900,5900,7400,90000,142000,144000,27958,0,850,1840.277902965951,158.9327140000023,143507.19928199987,724.2990199585092
1788776149,30,,Aggregated,16.900000,0.000000,850,1600,2400,3000,4200,4900,5900,7400,90000,142000,144000,27968,0,850,1840.3421720772335,158.9327140000023,143507.19928199987,724.2973398169337
1788776150,30,,Aggregated,16.500000,0.000000,850,1600,2400,3000,4200,4900,6000,7400,90000,142000,144000,27982,0,850,1843.890109324926,158.9327140000023,143507.19928199987,724.2863983989707
1788776151,30,,Aggregated,16.700000,0.000000,850,1600,2400,3000,4200,4900,6000,7400,90000,142000,144000,27993,0,850,1843.8712927962015,158.9327140000023,143507.19928199987,724.283356553424
1788776152,30,,Aggregated,15.900000,0.000000,850,1600,2400,3000,4200,4900,5900,7400,90000,142000,144000,28003,0,850,1843.6379622218712,158.9327140000023,143507.19928199987,724.2805413705674
1788776153,30,,Aggregated,15.300000,0.000000,850,1600,2400,3000,4200,4900,5900,7400,90000,142000,144000,28015,0,850,1843.6449177914353,158.9327140000023,143507.19928199987,724.2709262894878
1788776155,30,,Aggregated,14.900000,0.000000,850,1600,2400,3000,4200,4900,5900,7400,90000,142000,144000,28024,0,850,1843.6293550484959,158.9327140000023,143507.19928199987,724.2642734798744
1788776156,30,,Aggregated,14.400000,0.000000,850,1600,2500,3000,4200,4900,6000,7400,90000,142000,144000,28043,0,850,1845.8170154445334,158.9327140000023,143507.19928199987,724.2622044717042
1788776157,30,,Aggregated,13.700000,0.000000,850,1600,2500,3000,4200,4900,6000,7400,90000,142000,144000,28059,0,850,1845.5217994226111,158.9327140000023,143507.19928199987,724.2669731636907
1788776158,30,,Aggregated,13.200000,0.000000,850,1600,2500,3000,4200,4900,6000,7400,90000,142000,144000,28078,0,850,1845.2433466500831,158.9327140000023,143507.19928199987,724.2642282213833
1788776159,30,,Aggregated,13.300000,0.000000,850,1600,2500,3000,4200,4900,6000,7400,90000,142000,144000,28097,0,850,1845.1687533020977,158.9327140000023,143507.19928199987,724.263373313877
1788776160,30,,Aggregated,13.100000,0.000000,850,1600,2400,3000,4200,4900,6000,7400,90000,142000,144000,28109,0,850,1844.908381916256,158.9327140000023,143507.19928199987,724.2658223344836
1788776161,30,,Aggregated,13.800000,0.000000,850,1600,2400,3000,4200,4900,6000,7400,90000,142000,144000,28124,0,850,1844.5980674313057,158.9327140000023,143507.19928199987,724.271298535059
1788776162,30,,Aggregated,14.100000,0.000000,850,1600,2500,3000,4200,4900,6000,7400,90000,142000,144000,28142,0,850,1844.5917818116352,158.9327140000023,143507.19928199987,724.2689574301755
1788776163,30,,Aggregated,14.100000,0.000000,850,1600,2400,3000,4200,4900,6000,7400,90000,142000,144000,28158,0,850,1844.3114397170627,158.9327140000023,143507.19928199987,724.2701541302649
1788776164,30,,Aggregated,14.800000,0.000000,850,1600,2400,3000,4200,4900,6000,7400,90000,142000,144000,28174,0,850,1844.0281612044453,158.9327140000023,143507.19928199987,724.274330943423
1788776165,30,,Aggregated,14.800000,0.000000,850,1600,2400,3000,4200,4900,6000,7400,90000,142000,144000,28192,0,850,1843.6308069248032,158.9327140000023,143507.19928199987,724.2735173098752
1788776166,30,,Aggregated,15.300000,0.000000,850,1600,2400,3000,4200,4900,6000,7400,90000,142000,144000,28210,0,850,1843.6640706563999,158.9327140000023,143507.19928199987,724.2720666430343
1788776167,30,,Aggregated,16.800000,0.000000,850,1600,2400,3000,4200,4900,6000,7400,90000,142000,144000,28225,0,850,1843.1288384573973,158.9327140000023,143507.19928199987,724.2753232949512
1788776168,30,,Aggregated,16.700000,0.000000,850,1600,2500,3000,4200,4900,6000,7400,90000,142000,144000,28247,0,850,1845.6818311458221,158.9327140000023,143507.19928199987,724.2719226820548
1788776169,30,,Aggregated,16.700000,0.000000,850,1600,2400,3000,4200,4900,6000,7400,90000,142000,144000,28256,0,850,1845.4146512867724,158.9327140000023,143507.19928199987,724.2765784258211
1788776170,30,,Aggregated,16.400000,0.000000,850,1600,2400,3000,4200,4900,6000,7400,90000,142000,144000,28270,0,850,1845.0799733725876,158.9327140000023,143507.19928199987,724.2770428015564
1788776171,30,,Aggregated,15.900000,0.000000,850,1600,2400,3000,4200,4900,6000,7400,90000,142000,144000,28290,0,850,1844.7960103087335,158.9327140000023,143507.19928199987,724.2737363025805
1788776172,30,,Aggregated,15.900000,0.000000,850,1600,2400,3000,4200,4900,6000,7400,90000,142000,144000,28305,0,850,1844.5144651772155,158.9327140000023,143507.19928199987,724.2752517223106
1788776173,30,,Aggregated,16.100000,0.000000,850,1600,2400,3000,4200,4900,6000,7400,90000,142000,144000,28325,0,850,1844.5285910810974,158.9327140000023,143507.19928199987,724.2784819064431
1788776174,30,,Aggregated,16.400000,0.000000,850,1600,2400,3000,4200,4900,6000,7400,90000,142000,144000,28341,0,850,1844.4246024270515,158.9327140000023,143507.19928199987,724.2770544440916
1788776175,30,,Aggregated,16.900000,0.000000,850,1600,2400,3000,4200,4900,6000,7400,90000,142000,144000,28353,0,850,1844.112373590416,158.9327140000023,143507.19928199987,724.2771488025959
1788776176,30,,Aggregated,16.900000,0.000000,850,1600,2400,3000,4200,4900,6000,7400,90000,142000,144000,28372,0,850,1844.6281684787846,158.9327140000023,143507.19928199987,724.2785845199493
1788776177,30,,Aggregated,16.000000,0.000000,850,1600,2400,3000,4200,4900,6000,7400,90000,142000,144000,28386,0,850,1844.3054615361116,158.9327140000023,143507.19928199987,724.2784471218206
1788776178,30,,Aggregated,16.000000,0.000000,850,1600,2400,3000,4200,4900,6000,7400,90000,142000,144000,28400,0,850,1844.182488399263,158.9327140000023,143507.19928199987,724.2757042253521
1788776179,30,,Aggregated,16.100000,0.000000,850,1600,2400,3000,4200,4900,6000,7400,90000,142000,144000,28418,0,850,1844.0987796785164,158.9327140000023,143507.19928199987,724.2810894503484
1788776180,30,,Aggregated,16.100000,0.000000,850,1600,2400,3000,4200,4900,6000,7400,90000,142000,144000,28432,0,850,1844.0129010618,158.9327140000023,143507.19928199987,724.274268429938
1788776181,30,,Aggregated,15.600000,0.000000,850,1600,2400,3000,4200,4900,6000,7400,90000,142000,144000,28450,0,850,1844.0214150553988,158.9327140000023,143507.19928199987,724.273848857645
1788776182,30,,Aggregated,15.800000,0.000000,850,1600,2400,3000,4200,4900,6000,7400,90000,142000,144000,28466,0,850,1843.8368336816234,158.9327140000023,143507.19928199987,724.2768214712288
1788776183,30,,Aggregated,16.200000,0.000000,850,1600,2400,3000,4200,4900,6000,7400,90000,142000,144000,28482,0,850,1844.3799030116948,158.9327140000023,143507.19928199987,724.273154975072
1788776184,30,,Aggregated,16.100000,0.000000,850,1600,2400,3000,4200,4900,6000,7400,90000,142000,144000,28499,0,850,1844.057606317418,158.9327140000023,143507.19928199987,724.2709568756799
1788776185,30,,Aggregated,15.700000,0.000000,850,1600,2400,3000,4200,4900,6000,7400,90000,142000,144000,28517,0,850,1844.1845197271834,158.9327140000023,143507.19928199987,724.2736613248238
1788776186,30,,Aggregated,15.800000,0.000000,850,1600,2500,3000,4200,4900,6000,7400,90000,142000,144000,28530,0,850,1845.4922643200528,158.9327140000023,143507.19928199987,724.2719943918682
1788776187,30,,Aggregated,16.300000,0.000000,850,1600,2400,3000,4200,4900,6000,7400,90000,142000,144000,28543,0,850,1845.165043879449,158.9327140000023,143507.19928199987,724.2736572890026
1788776188,30,,Aggregated,15.700000,0.000000,850,1600,2400,3000,4200,4900,6000,7400,90000,142000,144000,28560,0,850,1845.0683710486383,158.9327140000023,143507.19928199987,724.2699929971989
1788776189,30,,Aggregated,15.700000,0.000000,850,1600,2500,3000,4200,4900,6000,7400,90000,142000,144000,28578,0,850,1845.0329514321895,158.9327140000023,143507.19928199987,724.2710476590385
1788776190,30,,Aggregated,15.800000,0.000000,850,1600,2500,3000,4200,4900,6000,7400,90000,142000,144000,28592,0,850,1844.9225462548657,158.9327140000023,143507.19928199987,724.2706001678791
1788776191,30,,Aggregated,16.100000,0.000000,850,1600,2400,3000,4200,4900,6000,7400,90000,142000,144000,28608,0,850,1844.7649938250177,158.9327140000023,143507.19928199987,724.2739793064877
1788776192,30,,Aggregated,15.700000,0.000000,850,1600,2500,3000,4200,4900,6000,7400,90000,142000,144000,28627,0,850,1844.6124255511265,158.9327140000023,143507.19928199987,724.2742515806756
1788776193,30,,Aggregated,15.500000,0.000000,850,1600,2500,3000,4200,4900,6000,7400,90000,142000,144000,28644,0,850,1844.3565547569858,158.9327140000023,143507.19928199987,724.2738095238095
1788776194,30,,Aggregated,15.800000,0.000000,850,1600,2400,3000,4200,4900,6000,7400,90000,142000,144000,28658,0,850,1843.9269255479135,158.9327140000023,143507.19928199987,724.273501291088
1788776195,30,,Aggregated,15.900000,0.000000,850,1600,2400,3000,4200,4900,6000,7400,90000,142000,144000,28676,0,850,1843.6198317232206,158.9327140000023,143507.19928199987,724.276607616125
1788776196,30,,Aggregated,15.900000,0.000000,850,1600,2500,3000,4200,4900,6000,7400,90000,142000,144000,28695,0,850,1843.9585876269407,158.9327140000023,143507.19928199987,724.2769123540686
1788776197,30,,Aggregated,15.900000,0.000000,850,1600,2500,3000,4200,4900,6000,7400,90000,142000,144000,28709,0,850,1843.880749042358,158.9327140000023,143507.19928199987,724.2775087951513
1788776198,30,,Aggregated,16.300000,0.000000,850,1600,2500,3000,4200,4900,6000,7400,90000,142000,144000,28724,0,850,1843.6130645577236,158.9327140000023,143507.19928199987,724.2769112936917
1788776199,30,,Aggregated,16.300000,0.000000,850,1600,2400,3000,4200,4900,6000,7400,90000,142000,144000,28738,0,850,1843.2063368112274,158.9327140000023,143507.19928199987,724.2768807850233
1788776200,30,,Aggregated,16.500000,0.000000,850,1600,2400,3000,4200,4900,6000,7400,90000,142000,144000,28755,0,850,1842.7227374723375,158.9327140000023,143507.19928199987,724.2804729612242
1788776201,30,,Aggregated,16.500000,0.000000,850,1600,2500,3000,4200,4900,6000,7400,90000,142000,144000,28772,0,850,1842.9219107254646,158.9327140000023,143507.19928199987,724.2777352982066
1788776202,30,,Aggregated,16.200000,0.000000,850,1600,2400,3000,4200,4900,6000,7400,90000,142000,144000,28789,0,850,1842.8567376455962,158.9327140000023,143507.19928199987,724.2811143144951
1788776203,30,,Aggregated,16.700000,0.000000,850,1600,2400,3000,4200,4900,6000,7400,90000,142000,144000,28803,0,850,1842.5934772016476,158.9327140000023,143507.19928199987,724.2849355969864
1788776204,30,,Aggregated,16.400000,0.000000,850,1600,2400,3000,4200,4900,6000,7400,90000,142000,144000,28820,0,850,1842.233496714853,158.9327140000023,143507.19928199987,724.2855308813324
1788776205,30,,Aggregated,16.100000,0.000000,850,1600,2400,3000,4200,4900,6000,7400,90000,142000,144000,28836,0,850,1842.1625902512503,158.9327140000023,143507.19928199987,724.2784713552504
1788776206,30,,Aggregated,16.100000,0.000000,850,1600,2400,3000,4200,4900,5900,7400,90000,142000,144000,28856,0,850,1841.8512428936813,158.9327140000023,143507.19928199987,724.2849320765179
1788776207,30,,Aggregated,16.000000,0.000000,850,1600,2400,3000,4200,4900,5900,7400,90000,142000,144000,28870,0,850,1841.640454548911,158.9327140000023,143507.19928199987,724.2863179771389
1788776208,30,,Aggregated,16.000000,0.000000,850,1600,2400,3000,4200,4900,6000,7400,90000,142000,144000,28886,0,850,1842.5320170542154,158.9327140000023,143507.19928199987,724.2815896974313
1788776209,30,,Aggregated,16.100000,0.000000,850,1600,2400,3000,4200,4900,6000,7400,90000,142000,144000,28904,0,850,1842.3476797653293,158.9327140000023,143507.19928199987,724.2810337669526
1788776210,30,,Aggregated,16.000000,0.000000,850,1600,2400,3000,4200,4900,6000,7400,90000,142000,144000,28922,0,850,1842.3538074620385,158.9327140000023,143507.19928199987,724.2813083465874
1788776211,30,,Aggregated,16.500000,0.000000,850,1600,2400,3000,4200,4900,6000,7400,90000,142000,144000,28934,0,850,1842.0631324153967,158.9327140000023,143507.19928199987,724.2859611529689
1788776212,30,,Aggregated,16.600000,0.000000,850,1600,2400,3000,4200,4900,6000,7400,90000,142000,144000,28953,0,850,1841.6629780568196,158.9327140000023,143507.19928199987,724.2873277380583
1788776213,30,,Aggregated,16.100000,0.000000,850,1600,2500,3000,4200,4900,6000,7400,90000,142000,144000,28972,0,850,1841.9401050716249,158.9327140000023,143507.19928199987,724.2815822173133
1788776214,30,,Aggregated,16.100000,0.000000,850,1600,2400,3000,4200,4900,6000,7400,90000,142000,144000,28986,0,850,1841.6403853432041,158.9327140000023,143507.19928199987,724.2836541778789
1788776215,30,,Aggregated,16.800000,0.000000,850,1600,2400,3000,4200,4900,5900,7400,90000,142000,144000,29001,0,850,1841.2010650872423,158.9327140000023,143507.19928199987,724.2874728457639
1788776216,30,,Aggregated,16.500000,0.000000,850,1600,2400,3000,4200,4900,5900,7400,90000,142000,144000,29018,0,850,1840.9513345726136,158.9327140000023,143507.19928199987,724.2862016679303
1788776217,30,,Aggregated,16.400000,0.000000,850,1600,2400,3000,4200,4900,5900,7400,90000,142000,144000,29033,0,850,1840.8323584096415,158.9327140000023,143507.19928199987,724.2843660662005
1788776218,30,,Aggregated,16.400000,0.000000,850,1600,2400,3000,4200,4900,6000,7400,90000,142000,144000,29049,0,850,1841.0625591549149,158.9327140000023,143507.19928199987,724.2847258081173
1788776219,30,,Aggregated,16.300000,0.000000,850,1600,2400,3000,4200,4900,5900,7400,90000,142000,144000,29066,0,850,1840.84926879024,158.9327140000023,143507.19928199987,724.287483657882
1788776220,30,,Aggregated,16.600000,0.000000,850,1600,2400,3000,4200,4900,5900,7400,90000,142000,144000,29083,0,850,1840.393847732872,158.9327140000023,143507.19928199987,724.2882096069869
1788776221,30,,Aggregated,16.200000,0.000000,850,1600,2400,3000,4200,4900,5900,7400,90000,142000,144000,29100,0,850,1840.2278240241274,158.9327140000023,143507.19928199987,724.2904467353952
1788776222,30,,Aggregated,16.300000,0.000000,850,1600,2400,3000,4200,4900,5900,7400,90000,142000,144000,29118,0,850,1840.046032795285,158.9327140000023,143507.19928199987,724.2886187238134
1788776223,30,,Aggregated,16.500000,0.000000,850,1600,2400,3000,4200,4900,5900,7400,90000,142000,144000,29132,0,850,1839.8220682156089,158.9327140000023,143507.19928199987,724.2916380612385
1788776224,30,,Aggregated,16.300000,0.000000,850,1600,2400,3000,4200,4900,5900,7400,90000,142000,144000,29147,0,850,1839.6619016356094,158.9327140000023,143507.19928199987,724.2941297560641
1788776225,30,,Aggregated,15.700000,0.000000,850,1600,2400,3000,4200,4900,5900,7400,90000,142000,144000,29161,0,850,1839.63621940582,158.9327140000023,143507.19928199987,724.2941600082302
1788776226,30,,Aggregated,16.400000,0.000000,850,1600,2400,3000,4200,4900,5900,7400,90000,142000,144000,29181,0,850,1839.5629643541731,158.9327140000023,143507.19928199987,724.2927932558857
1788776227,30,,Aggregated,16.200000,0.000000,850,1600,2400,3000,4200,4900,5900,7400,90000,142000,144000,29195,0,850,1839.1931400052447,158.9327140000023,143507.19928199987,724.299229320089
1788776228,30,,Aggregated,16.500000,0.000000,850,1600,2400,3000,4200,4900,5900,7400,90000,142000,144000,29213,0,850,1840.3619634960505,158.9327140000023,143507.19928199987,724.2947660288228
1788776229,30,,Aggregated,16.200000,0.000000,850,1600,2400,3000,4200,4900,5900,7400,90000,142000,144000,29230,0,850,1840.781898394736,158.9327140000023,143507.19928199987,724.2951077659939
1788776230,30,,Aggregated,16.100000,0.000000,850,1600,2400,3000,4200,4900,5900,7400,90000,142000,144000,29246,0,850,1840.688717193467,158.9327140000023,143507.19928199987,724.2959720987485
1788776231,30,,Aggregated,16.100000,0.000000,850,1600,2400,3000,4200,4900,5900,7400,90000,142000,144000,29265,0,850,1840.4725348676275,158.9327140000023,143507.19928199987,724.2949598496498
1788776232,30,,Aggregated,16.200000,0.000000,850,1600,2400,3000,4200,4900,5900,7400,90000,142000,144000,29280,0,850,1840.1179882695394,158.9327140000023,143507.19928199987,724.2968237704918
1788776233,30,,Aggregated,16.200000,0.000000,850,1600,2400,3000,4200,4900,6000,7400,90000,142000,144000,29298,0,850,1840.3724697470518,158.9327140000023,143507.19928199987,724.2969144651512
1788776234,30,,Aggregated,16.500000,0.000000,850,1600,2400,3000,4200,4900,5900,7400,90000,142000,144000,29314,0,850,1839.961111608383,158.9327140000023,143507.19928199987,724.2946032612404
1788776235,30,,Aggregated,16.600000,0.000000,850,1600,2400,3000,4200,4900,6000,7400,90000,142000,144000,29330,0,850,1842.2597898750473,158.9327140000023,143507.19928199987,724.2922604841459
1788776236,30,,Aggregated,16.100000,0.000000,850,1600,2400,3000,4200,4900,6000,7400,90000,142000,144000,29347,0,850,1842.177539995473,158.9327140000023,143507.19928199987,724.2971342897059
1788776237,30,,Aggregated,16.800000,0.000000,850,1600,2400,3000,4200,4900,5900,7400,90000,142000,144000,29365,0,850,1841.8948565711273,158.9327140000023,143507.19928199987,724.2938532266303
1788776238,30,,Aggregated,16.500000,0.000000,850,1600,2400,3000,4200,4900,5900,7400,90000,142000,144000,29379,0,850,1841.450088765109,158.9327140000023,143507.19928199987,724.2968787228973
1788776239,30,,Aggregated,16.800000,0.000000,850,1600,2400,3000,4200,4900,5900,7400,90000,142000,144000,29395,0,850,1841.3671380073192,158.9327140000023,143507.19928199987,724.2942677326076
1788776240,30,,Aggregated,16.500000,0.000000,850,1600,2400,3000,4200,4900,5900,7400,90000,142000,144000,29415,0,850,1841.3435968805761,158.9327140000023,143507.19928199987,724.2924358320585
1788776241,30,,Aggregated,16.700000,0.000000,850,1600,2400,3000,4200,4900,5900,7400,90000,142000,144000,29429,0,850,1841.2010953351162,158.9327140000023,143507.19928199987,724.2980733290292
1788776242,30,,Aggregated,16.900000,0.000000,850,1600,2400,3000,4200,4900,6000,7400,90000,142000,144000,29445,0,850,1843.872991361424,158.9327140000023,143507.19928199987,724.2995415180845
1788776243,30,,Aggregated,16.500000,0.000000,850,1600,2400,3000,4200,4900,5900,7400,90000,142000,144000,29465,0,850,1843.823413803873,158.9327140000023,143507.19928199987,724.2923468521975
1788776244,30,,Aggregated,16.600000,0.000000,850,1600,2400,3000,4200,4900,5900,7400,90000,142000,144000,29478,0,850,1843.4972941579522,158.9327140000023,143507.19928199987,724.2956442092408
1788776245,30,,Aggregated,16.700000,0.000000,850,1600,2400,3000,4200,4900,5900,7400,90000,142000,144000,29494,0,850,1843.0243051216903,158.9327140000023,143507.19928199987,724.3026378246423
1788776246,30,,Aggregated,16.800000,0.000000,850,1600,2400,3000,4200,4900,5900,7400,90000,142000,144000,29510,0,850,1842.8939423483275,158.9327140000023,143507.19928199987,724.3047780413419
1788776247,30,,Aggregated,16.100000,0.000000,850,1600,2400,3000,4200,4900,5900,7400,90000,142000,144000,29530,0,850,1843.2369649742689,158.9327140000023,143507.19928199987,724.3001693193363
1788776248,30,,Aggregated,16.200000,0.000000,850,1600,2400,3000,4200,4900,5900,7400,90000,142000,144000,29543,0,850,1842.9900727040636,158.9327140000023,143507.19928199987,724.302609755272
1788776249,30,,Aggregated,16.600000,0.000000,850,1600,2400,3000,4200,4900,5900,7400,90000,142000,144000,29559,0,850,1842.4700958626188,158.9327140000023,143507.19928199987,724.3041374877364
1788776250,30,,Aggregated,16.600000,0.000000,850,1600,2400,3000,4200,4900,5900,7400,90000,142000,144000,29573,0,850,1842.0737826877266,158.9327140000023,143507.19928199987,724.3068677509891
1788776251,30,,Aggregated,16.300000,0.000000,850,1600,2400,3000,4200,4900,5900,7400,90000,142000,144000,29595,0,850,1842.0992456319361,158.9327140000023,143507.19928199987,724.309275215408
1788776252,30,,Aggregated,16.000000,0.000000,850,1600,2400,3000,4200,4900,5900,7400,90000,142000,144000,29605,0,850,1842.103718272493,158.9327140000023,143507.19928199987,724.3052862692113
1788776253,30,,Aggregated,16.200000,0.000000,850,1600,2400,3000,4200,4900,5900,7400,90000,142000,144000,29621,0,850,1842.6445546714888,158.9327140000023,143507.19928199987,724.3020829816684
1788776254,30,,Aggregated,16.100000,0.000000,850,1600,2400,3000,4200,4900,5900,7400,90000,142000,144000,29633,0,850,1842.23899423876,158.9327140000023,143507.19928199987,724.3021293827827
1788776255,30,,Aggregated,15.500000,0.000000,850,1600,2400,3000,4200,4900,5900,7400,90000,142000,144000,29650,0,850,1842.1125251904946,158.9327140000023,143507.19928199987,724.2984485666104
1788776256,30,,Aggregated,15.500000,0.000000,850,1600,2400,3000,4200,4900,5900,7400,90000,142000,144000,29671,0,850,1842.1632985667209,158.9327140000023,143507.19928199987,724.3007987597317
1788776257,30,,Aggregated,15.700000,0.000000,850,1600,2400,3000,4200,4900,5900,7400,90000,142000,144000,29684,0,850,1841.9548669572894,158.9327140000023,143507.19928199987,724.3045074787765
1788776258,30,,Aggregated,16.000000,0.000000,850,1600,2400,3000,4200,4900,5900,7400,90000,142000,144000,29700,0,850,1841.7266265791982,158.9327140000023,143507.19928199987,724.3019865319866
1788776259,30,,Aggregated,15.400000,0.000000,850,1600,2400,3000,4200,4900,5900,7400,90000,142000,144000,29716,0,850,1841.5233708688309,158.9327140000023,143507.19928199987,724.300444205142
1788776260,30,,Aggregated,15.400000,0.000000,850,1600,2400,3000,4200,4900,5900,7400,90000,142000,144000,29731,0,850,1841.4567391603437,158.9327140000023,143507.19928199987,724.304295180115
1788776261,30,,Aggregated,15.300000,0.000000,850,1600,2400,3000,4200,4900,5900,7400,90000,142000,144000,29749,0,850,1841.1805689089106,158.9327140000023,143507.19928199987,724.3037413022287
1788776262,30,,Aggregated,15.500000,0.000000,850,1600,2400,3000,4200,4900,5900,7400,90000,142000,144000,29769,0,850,1841.004831459612,158.9327140000023,143507.19928199987,724.3038731566395
1788776263,30,,Aggregated,15.900000,0.000000,850,1600,2400,3000,4200,4900,5900,7400,90000,142000,144000,29782,0,850,1840.790511714263,158.9327140000023,143507.19928199987,724.3035054731046
1788776264,30,,Aggregated,15.700000,0.000000,850,1600,2400,3000,4200,4900,5900,7400,90000,142000,144000,29802,0,850,1846.5478497178776,158.9327140000023,143507.19928199987,724.2992416616335
1788776265,30,,Aggregated,16.100000,0.000000,850,1600,2400,3000,4200,4900,5900,7400,90000,142000,144000,29818,0,850,1846.418643892454,158.9327140000023,143507.19928199987,724.3013615936683
1788776266,30,,Aggregated,16.700000,0.000000,850,1600,2400,3000,4200,4900,5900,7400,90000,142000,144000,29834,0,850,1846.0925360447206,158.9327140000023,143507.19928199987,724.2990547697258
1788776267,30,,Aggregated,16.600000,0.000000,850,1600,2400,3000,4200,4900,5900,7400,90000,142000,144000,29852,0,850,1845.6709831477685,158.9327140000023,143507.19928199987,724.3010853544151
1788776268,30,,Aggregated,16.300000,0.000000,850,1600,2400,3000,4200,4900,5900,7400,90000,142000,144000,29866,0,850,1845.5678744508534,158.9327140000023,143507.19928199987,724.3004754570414
1788776269,30,,Aggregated,16.800000,0.000000,850,1600,2400,3000,4200,4900,5900,7400,90000,142000,144000,29884,0,850,1845.2928621061837,158.9327140000023,143507.19928199987,724.3028041761478
1788776270,30,,Aggregated,16.600000,0.000000,850,1600,2400,3000,4200,4900,5900,7400,90000,142000,144000,29902,0,850,1846.8533272558086,158.9327140000023,143507.19928199987,724.2998796067153
1788776271,30,,Aggregated,17.000000,0.000000,850,1600,2400,3000,4200,4900,5900,7400,90000,142000,144000,29918,0,850,1846.4386770170531,158.9327140000023,143507.19928199987,724.3054348552711
1788776272,30,,Aggregated,17.200000,0.000000,850,1600,2400,3000,4200,4900,5900,7400,90000,142000,144000,29931,0,850,1846.2365743314022,158.9327140000023,143507.19928199987,724.3022284587886
1788776273,30,,Aggregated,16.900000,0.000000,850,1600,2400,3000,4200,4900,5900,7400,90000,142000,144000,29946,0,850,1846.0467315953783,158.9327140000023,143507.19928199987,724.300941695051
1788776274,30,,Aggregated,16.900000,0.000000,850,1600,2400,3000,4200,4900,5900,7400,90000,142000,144000,29965,0,850,1845.9482270383178,158.9327140000023,143507.19928199987,724.3030201902219
1788776275,30,,Aggregated,16.700000,0.000000,850,1600,2400,3000,4200,4900,5900,7400,90000,142000,144000,29983,0,850,1845.6971605010237,158.9327140000023,143507.19928199987,724.3059400326852
1788776276,30,,Aggregated,16.300000,0.000000,850,1600,2400,3000,4200,4900,5900,7400,90000,142000,144000,29995,0,850,1845.5233451512986,158.9327140000023,143507.19928199987,724.304150691782
1788776277,30,,Aggregated,16.100000,0.000000,850,1600,2400,3000,4200,4900,5900,7400,90000,142000,144000,30016,0,850,1845.5121474632265,158.9327140000023,143507.19928199987,724.3054704157782
1788776278,30,,Aggregated,16.100000,0.000000,850,1600,2400,3000,4200,4900,5900,7400,90000,142000,144000,30027,0,850,1845.5992068316582,158.9327140000023,143507.19928199987,724.3016618376794
1788776279,30,,Aggregated,16.000000,0.000000,850,1600,2400,3000,4200,4900,5900,7400,90000,142000,144000,30043,0,850,1845.3993876052389,158.9327140000023,143507.19928199987,724.3023333222382
1788776280,30,,Aggregated,16.000000,0.000000,850,1600,2400,3000,4200,4900,5900,7400,90000,142000,144000,30062,0,850,1845.2933498415669,158.9327140000023,143507.19928199987,724.3039717916306
1788776281,30,,Aggregated,15.800000,0.000000,850,1600,2400,3000,4200,4900,5900,7400,90000,142000,144000,30078,0,850,1845.043402932947,158.9327140000023,143507.19928199987,724.3087971274686
1788776282,30,,Aggregated,15.900000,0.000000,850,1600,2400,3000,4200,4900,5900,7400,90000,142000,144000,30094,0,850,1844.8875154819955,158.9327140000023,143507.19928199987,724.2996610620057
1788776283,30,,Aggregated,15.500000,0.000000,850,1600,2400,3000,4200,4900,5900,7400,90000,142000,144000,30109,0,850,1844.7651464275518,158.9327140000023,143507.19928199987,724.3057557540934
1788776284,30,,Aggregated,15.800000,0.000000,850,1600,2400,3000,4200,4900,5900,7400,90000,142000,144000,30125,0,850,1844.5972230644038,158.9327140000023,143507.19928199987,724.3062240663901
1788776285,30,,Aggregated,16.100000,0.000000,850,1600,2400,3000,4200,4900,5900,7400,90000,142000,144000,30143,0,850,1844.4996473180888,158.9327140000023,143507.19928199987,724.306008028398
1788776286,30,,Aggregated,16.200000,0.000000,850,1600,2400,3000,4200,4900,5900,7400,90000,142000,144000,30158,0,850,1844.298766596895,158.9327140000023,143507.19928199987,724.3083095696
1788776287,30,,Aggregated,16.300000,0.000000,850,1600,2400,3000,4200,4900,5900,7400,90000,142000,144000,30176,0,850,1844.777579228962,158.9327140000023,143507.19928199987,724.3090866914104
1788776288,30,,Aggregated,16.400000,0.000000,850,1600,2400,3000,4200,4900,5900,7400,90000,142000,144000,30192,0,850,1844.5297417638833,158.9327140000023,143507.19928199987,724.3075980392157
1788776289,30,,Aggregated,16.300000,0.000000,850,1600,2400,3000,4200,4900,5900,7400,90000,142000,144000,30209,0,850,1844.148985281677,158.9327140000023,143507.19928199987,724.3126220662716
1788776290,30,,Aggregated,16.700000,0.000000,850,1600,2400,3000,4200,4900,5900,7400,90000,142000,144000,30227,0,850,1843.9762552915004,158.9327140000023,143507.19928199987,724.3117742415722
1788776291,30,,Aggregated,16.400000,0.000000,850,1600,2400,3000,4200,4900,5900,7400,90000,142000,144000,30244,0,850,1843.6950640949347,158.9327140000023,143507.19928199987,724.3122933474408
1788776292,30,,Aggregated,16.200000,0.000000,850,1600,2400,3000,4200,4900,5900,7400,90000,142000,144000,30261,0,850,1843.6658836593374,158.9327140000023,143507.19928199987,724.3158520868444
1788776293,30,,Aggregated,16.500000,0.000000,850,1600,2400,3000,4200,4900,5900,7400,90000,142000,144000,30278,0,850,1843.3790308757907,158.9327140000023,143507.19928199987,724.3159389655856
1788776294,30,,Aggregated,16.600000,0.000000,850,1600,2400,3000,4200,4900,5900,7400,90000,142000,144000,30290,0,850,1843.1492607023174,158.9327140000023,143507.19928199987,724.3145922746781
1788776295,30,,Aggregated,16.400000,0.000000,850,1600,2400,3000,4200,4900,5900,7400,90000,142000,144000,30310,0,850,1842.9615424884262,158.9327140000023,143507.19928199987,724.317354008578
1788776296,30,,Aggregated,16.300000,0.000000,850,1600,2400,3000,4200,4900,5900,7400,90000,142000,144000,30325,0,850,1842.7123927738894,158.9327140000023,143507.19928199987,724.3184501236603
1788776297,30,,Aggregated,16.600000,0.000000,850,1600,2400,3000,4200,4900,5900,7400,90000,142000,144000,30341,0,850,1842.5323163778453,158.9327140000023,143507.19928199987,724.3169968030058
1788776298,30,,Aggregated,16.400000,0.000000,850,1600,2400,3000,4200,4900,5900,7400,90000,142000,144000,30357,0,850,1842.405632225061,158.9327140000023,143507.19928199987,724.3194320914452
1788776299,30,,Aggregated,16.200000,0.000000,850,1600,2400,3000,4200,4900,5900,7400,90000,142000,144000,30374,0,850,1842.9344937193052,158.9327140000023,143507.19928199987,724.3166194771844
1788776300,30,,Aggregated,16.300000,0.000000,850,1600,2400,3000,4200,4900,5900,7400,90000,142000,144000,30388,0,850,1842.4970733599177,158.9327140000023,143507.19928199987,724.3166052389101
1788776301,30,,Aggregated,16.500000,0.000000,850,1600,2400,3000,4200,4900,5900,7400,90000,142000,144000,30407,0,850,1842.4479965424798,158.9327140000023,143507.19928199987,724.3185121846943
1788776302,30,,Aggregated,16.200000,0.000000,850,1600,2400,3000,4200,4900,5900,7400,90000,142000,144000,30422,0,850,1844.3462458866338,158.9327140000023,143507.19928199987,724.3166787193478
1788776303,30,,Aggregated,16.500000,0.000000,850,1600,2400,3000,4200,4900,5900,7400,90000,142000,144000,30438,0,850,1844.1826595984026,158.9327140000023,143507.19928199987,724.3155923516657
1788776304,30,,Aggregated,16.200000,0.000000,850,1600,2400,3000,4200,4900,5900,7400,90000,142000,144000,30454,0,850,1844.0727424740323,158.9327140000023,143507.19928199987,724.3190713863532
1788776305,30,,Aggregated,16.100000,0.000000,850,1600,2400,3000,4200,4900,5900,7400,90000,142000,144000,30469,0,850,1843.7911085888663,158.9327140000023,143507.19928199987,724.316780990515
1788776306,30,,Aggregated,16.400000,0.000000,850,1600,2400,3000,4200,4900,5900,7400,90000,142000,144000,30485,0,850,1843.6979117376798,158.9327140000023,143507.19928199987,724.3154338199114
1788776307,30,,Aggregated,15.900000,0.000000,850,1600,2400,3000,4200,4900,5900,7400,90000,142000,144000,30504,0,850,1843.6429828790046,158.9327140000023,143507.19928199987,724.3165486493575
1788776308,30,,Aggregated,15.900000,0.000000,850,1600,2400,3000,4200,4900,5900,7400,90000,142000,144000,30517,0,850,1843.194450689686,158.9327140000023,143507.19928199987,724.3198545073238
1788776309,30,,Aggregated,16.600000,0.000000,850,1600,2400,3000,4200,4900,5900,7400,90000,142000,144000,30535,0,850,1843.2592392288893,158.9327140000023,143507.19928199987,724.3177337481578
1788776310,30,,Aggregated,16.000000,0.000000,850,1600,2400,3000,4200,4900,5900,7400,90000,142000,144000,30550,0,850,1843.5371173337194,158.9327140000023,143507.19928199987,724.3208510638298
1788776311,30,,Aggregated,16.200000,0.000000,850,1600,2400,3000,4200,4900,5900,7400,90000,142000,144000,30569,0,850,1843.2879322341303,158.9327140000023,143507.19928199987,724.3220910072296
1788776312,30,,Aggregated,16.300000,0.000000,850,1600,2400,3000,4200,4900,5900,7400,90000,142000,144000,30578,0,850,1844.475814695864,158.9327140000023,143507.19928199987,724.3161096212964
1788776313,30,,Aggregated,16.000000,0.000000,850,1600,2400,3000,4200,4900,5900,7400,90000,142000,144000,30592,0,850,1844.7734922414077,158.9327140000023,143507.19928199987,724.3108655857741
1788776314,30,,Aggregated,15.900000,0.000000,850,1600,2400,3000,4200,4900,5900,7400,90000,142000,144000,30600,0,850,1844.6853748589913,158.9327140000023,143507.19928199987,724.307091503268
1788776315,30,,Aggregated,15.800000,0.000000,850,1600,2400,3000,4200,4900,5900,7400,90000,142000,144000,30615,0,850,1844.7694434955783,158.9327140000023,143507.19928199987,724.3012575534868
1788776316,30,,Aggregated,14.800000,0.000000,850,1600,2400,3000,4200,4900,5900,7400,90000,142000,144000,30623,0,850,1844.736416058098,158.9327140000023,143507.19928199987,724.2980439538909
1788776317,30,,Aggregated,14.900000,0.000000,850,1600,2400,3000,4200,4900,5900,7400,90000,142000,144000,30634,0,850,1844.661469564051,158.9327140000023,143507.19928199987,724.2908859437226
1788776318,30,,Aggregated,14.100000,0.000000,850,1600,2500,3000,4200,4900,6000,7400,90000,142000,144000,30650,0,850,1845.7630866860075,158.9327140000023,143507.19928199987,724.2857748776509
1788776319,30,,Aggregated,12.900000,0.000000,850,1600,2500,3000,4200,4900,6000,7400,90000,142000,144000,30666,0,850,1845.6608366785406,158.9327140000023,143507.19928199987,724.2915280766973
1788776320,30,,Aggregated,13.100000,0.000000,850,1600,2500,3000,4200,4900,6000,7400,90000,142000,144000,30684,0,850,1845.572368714872,158.9327140000023,143507.19928199987,724.2893364619997
1788776321,30,,Aggregated,13.200000,0.000000,850,1600,2500,3000,4200,4900,6000,7400,90000,142000,144000,30700,0,850,1845.5953198383759,158.9327140000023,143507.19928199987,724.287687296417
1788776322,30,,Aggregated,13.100000,0.000000,850,1600,2500,3000,4200,4900,6000,7400,90000,142000,144000,30713,0,850,1845.1867104541118,158.9327140000023,143507.19928199987,724.2899749291831
1788776323,30,,Aggregated,13.300000,0.000000,850,1600,2400,3000,4200,4900,6000,7400,90000,142000,144000,30730,0,850,1844.9005742035843,158.9327140000023,143507.19928199987,724.2910836316303
1788776324,30,,Aggregated,13.200000,0.000000,850,1600,2500,3000,4200,4900,6000,7400,90000,142000,144000,30746,0,850,1844.809533034936,158.9327140000023,143507.19928199987,724.2902491380993
1788776325,30,,Aggregated,13.500000,0.000000,850,1600,2500,3000,4200,4900,5900,7400,90000,142000,144000,30764,0,850,1844.5871721939652,158.9327140000023,143507.19928199987,724.2929723052919
1788776326,30,,Aggregated,14.200000,0.000000,850,1600,2400,3000,4200,4900,5900,7400,90000,142000,144000,30779,0,850,1844.3577500777849,158.9327140000023,143507.19928199987,724.2945514799052
1788776327,30,,Aggregated,14.700000,0.000000,850,1600,2400,3000,4200,4900,5900,7400,90000,142000,144000,30797,0,850,1844.0888484001407,158.9327140000023,143507.19928199987,724.2965873299347
1788776328,30,,Aggregated,15.400000,0.000000,850,1600,2500,3000,4200,4900,5900,7400,90000,142000,144000,30810,0,850,1844.1479858294106,158.9327140000023,143507.19928199987,724.2971762414801
1788776329,30,,Aggregated,16.000000,0.000000,850,1600,2400,3000,4200,4900,5900,7400,90000,142000,144000,30829,0,850,1844.0486190339332,158.9327140000023,143507.19928199987,724.2971552758767
1788776330,30,,Aggregated,16.100000,0.000000,850,1600,2400,3000,4200,4900,5900,7400,90000,142000,144000,30842,0,850,1843.7801706034672,158.9327140000023,143507.19928199987,724.2989754231243
1788776331,30,,Aggregated,16.000000,0.000000,850,1600,2400,3000,4200,4900,5900,7400,90000,142000,144000,30859,0,850,1843.553469757644,158.9327140000023,143507.19928199987,724.302018859976
1788776332,30,,Aggregated,16.300000,0.000000,850,1600,2400,3000,4200,4900,5900,7400,90000,142000,144000,30876,0,850,1846.1870447553808,158.9327140000023,143507.19928199987,724.2999093146781
1788776333,30,,Aggregated,15.800000,0.000000,850,1600,2400,3000,4200,4900,5900,7400,90000,142000,144000,30892,0,850,1845.8916745309511,158.9327140000023,143507.19928199987,724.3010164443868
1788776334,30,,Aggregated,16.200000,0.000000,850,1600,2400,3000,4200,4900,5900,7400,90000,142000,144000,30908,0,850,1845.8365987714883,158.9327140000023,143507.19928199987,724.3018635951858
1788776335,30,,Aggregated,16.100000,0.000000,850,1600,2400,3000,4200,4900,6000,7400,90000,142000,144000,30925,0,850,1846.2879613202642,158.9327140000023,143507.19928199987,724.2999191592563
1788776336,30,,Aggregated,16.100000,0.000000,850,1600,2400,3000,4200,4900,6000,7400,90000,142000,144000,30942,0,850,1846.0432291298605,158.9327140000023,143507.19928199987,724.2996574235667
1788776337,30,,Aggregated,16.100000,0.000000,850,1600,2400,3000,4200,4900,5900,7400,90000,142000,144000,30958,0,850,1845.8938155270412,158.9327140000023,143507.19928199987,724.3023451127334
1788776338,30,,Aggregated,16.300000,0.000000,850,1600,2500,3000,4200,4900,5900,7400,90000,142000,144000,30972,0,850,1845.816966107876,158.9327140000023,143507.19928199987,724.300981531706
1788776339,30,,Aggregated,16.100000,0.000000,850,1600,2500,3000,4200,4900,6000,7400,90000,142000,144000,30990,0,850,1846.4124896296591,158.9327140000023,143507.19928199987,724.3041626331075
1788776340,30,,Aggregated,16.500000,0.000000,850,1600,2500,3000,4200,4900,5900,7400,90000,142000,144000,31007,0,850,1846.2742666223478,158.9327140000023,143507.19928199987,724.3033831070403
1788776341,30,,Aggregated,15.900000,0.000000,850,1600,2400,3000,4200,4900,5900,7400,90000,142000,144000,31024,0,850,1845.7535527193186,158.9327140000023,143507.19928199987,724.3066335740073
1788776342,30,,Aggregated,15.900000,0.000000,850,1600,2500,3000,4200,4900,6000,7400,90000,142000,144000,31036,0,850,1845.9887318210513,158.9327140000023,143507.19928199987,724.3025840958886
1788776343,30,,Aggregated,16.100000,0.000000,850,1600,2500,3000,4200,4900,6000,7400,90000,142000,144000,31045,0,850,1846.04987964349,158.9327140000023,143507.19928199987,724.2998872604284
1788776344,30,,Aggregated,15.800000,0.000000,850,1600,2500,3000,4200,4900,5900,7400,90000,142000,144000,31056,0,850,1846.0318632118476,158.9327140000023,143507.19928199987,724.2945002575992
1788776345,30,,Aggregated,15.700000,0.000000,850,1600,2500,3000,4200,4900,5900,7400,90000,142000,144000,31066,0,850,1845.902723513878,158.9327140000023,143507.19928199987,724.2926028455546
1788776346,30,,Aggregated,15.100000,0.000000,850,1600,2500,3000,4200,4900,5900,7400,90000,142000,144000,31078,0,850,1846.0508348461976,158.9327140000023,143507.19928199987,724.285893558144
1788776347,30,,Aggregated,14.300000,0.000000,850,1600,2500,3000,4200,4900,5900,7400,90000,142000,144000,31085,0,850,1845.8266109210274,158.9327140000023,143507.19928199987,724.2818722856683
1788776348,30,,Aggregated,13.700000,0.000000,850,1600,2500,3000,4200,4900,5900,7400,90000,142000,144000,31101,0,850,1846.1518262328266,158.9327140000023,143507.19928199987,724.2790585511719
1788776349,30,,Aggregated,13.400000,0.000000,850,1600,2500,3000,4200,4900,5900,7400,90000,142000,144000,31108,0,850,1845.955051652505,158.9327140000023,143507.19928199987,724.2756847113283
1788776350,30,,Aggregated,12.500000,0.000000,850,1600,2500,3000,4200,4900,5900,7400,90000,142000,144000,31123,0,850,1846.0576759174605,158.9327140000023,143507.19928199987,724.2668444558686
1788776351,30,,Aggregated,12.600000,0.000000,850,1600,2500,3000,4200,4900,5900,7400,90000,142000,144000,31132,0,850,1846.1354132844058,158.9327140000023,143507.19928199987,724.2631376076063
1788776352,30,,Aggregated,11.700000,0.000000,850,1600,2500,3000,4200,4900,6000,7400,90000,142000,144000,31146,0,850,1847.2556830476829,158.9327140000023,143507.19928199987,724.2584601553972
1788776353,30,,Aggregated,11.200000,0.000000,850,1600,2500,3000,4200,4900,6000,7400,90000,142000,144000,31163,0,850,1848.8280907741273,158.9327140000023,143507.19928199987,724.2561691749831
1788776354,30,,Aggregated,10.800000,0.000000,850,1600,2500,3000,4200,4900,6000,7400,90000,142000,144000,31181,0,850,1848.747108608997,158.9327140000023,143507.19928199987,724.2567909945159
1788776355,30,,Aggregated,11.200000,0.000000,850,1600,2500,3000,4200,4900,6000,7400,90000,142000,144000,31197,0,850,1848.5197297068028,158.9327140000023,143507.19928199987,724.2568516203481
1788776356,30,,Aggregated,11.800000,0.000000,850,1600,2500,3000,4200,4900,6000,7400,90000,142000,144000,31208,0,850,1848.1879121581364,158.9327140000023,143507.19928199987,724.2578185080748
1788776357,30,,Aggregated,12.300000,0.000000,850,1600,2500,3000,4200,4900,6000,7400,90000,142000,144000,31227,0,850,1848.2186574419932,158.9327140000023,143507.19928199987,724.262433150799
1788776358,30,,Aggregated,13.000000,0.000000,850,1600,2500,3000,4200,4900,6000,7400,90000,142000,144000,31243,0,850,1848.133453520601,158.9327140000023,143507.19928199987,724.2612425183241
1788776359,30,,Aggregated,13.500000,0.000000,850,1600,2500,3000,4200,4900,6000,7400,90000,142000,144000,31260,0,850,1847.8970324980532,158.9327140000023,143507.19928199987,724.2577095329494
1788776360,30,,Aggregated,13.800000,0.000000,850,1600,2500,3000,4200,4900,6000,7400,90000,142000,144000,31275,0,850,1847.5516375765358,158.9327140000023,143507.19928199987,724.2640447641886
1788776361,30,,Aggregated,14.500000,0.000000,850,1600,2500,3000,4200,4900,6000,7400,90000,142000,144000,31292,0,850,1847.3640975250912,158.9327140000023,143507.19928199987,724.2633580467851
1788776362,30,,Aggregated,15.200000,0.000000,850,1600,2500,3000,4200,4900,6000,7400,90000,142000,144000,31305,0,850,1847.293850556465,158.9327140000023,143507.19928199987,724.2643667145824
1788776363,30,,Aggregated,15.600000,0.000000,850,1600,2500,3000,4200,4900,6000,7400,90000,142000,144000,31324,0,850,1847.193818103376,158.9327140000023,143507.19928199987,724.2646852253863
1788776364,30,,Aggregated,16.100000,0.000000,850,1600,2500,3000,4200,4900,6000,7400,90000,142000,144000,31340,0,850,1847.307833422181,158.9327140000023,143507.19928199987,724.261582641991
1788776365,30,,Aggregated,16.100000,0.000000,850,1600,2500,3000,4200,4900,6000,7400,90000,142000,144000,31359,0,850,1847.123555054534,158.9327140000023,143507.19928199987,724.2659842469467
1788776366,30,,Aggregated,16.300000,0.000000,850,1600,2500,3000,4200,4900,6000,7400,90000,142000,144000,31371,0,850,1846.9172544779296,158.9327140000023,143507.19928199987,724.2674763316438
1788776367,30,,Aggregated,16.100000,0.000000,850,1600,2500,3000,4200,4900,6000,7400,90000,142000,144000,31389,0,850,1846.8218984336268,158.9327140000023,143507.19928199987,724.2617796043199
1788776368,30,,Aggregated,16.100000,0.000000,850,1600,2500,3000,4200,4900,6000,7400,90000,142000,144000,31405,0,850,1846.700517500242,158.9327140000023,143507.19928199987,724.2609457092819
1788776369,30,,Aggregated,16.000000,0.000000,850,1600,2500,3000,4200,4900,6000,7400,90000,142000,144000,31421,0,850,1848.3966904990325,158.9327140000023,143507.19928199987,724.2643773272652
1788776370,30,,Aggregated,16.200000,0.000000,850,1600,2500,3000,4200,4900,6000,7400,90000,142000,144000,31437,0,850,1849.0445907465437,158.9327140000023,143507.19928199987,724.2618888570793
1788776371,30,,Aggregated,16.000000,0.000000,850,1600,2500,3000,4200,4900,6000,7400,90000,142000,144000,31457,0,850,1849.233656519347,158.9327140000023,143507.19928199987,724.2599103538163
1788776372,30,,Aggregated,16.000000,0.000000,850,1600,2500,3000,4200,4900,6000,7400,90000,142000,144000,31471,0,850,1849.1006026474245,158.9327140000023,143507.19928199987,724.2600489339392
1788776373,30,,Aggregated,16.400000,0.000000,850,1600,2500,3000,4200,4900,6000,7400,90000,142000,144000,31487,0,850,1848.9201811721373,158.9327140000023,143507.19928199987,724.2630609457872
1788776374,30,,Aggregated,16.500000,0.000000,850,1600,2500,3000,4200,4900,6000,7400,90000,142000,144000,31504,0,850,1848.6128376946772,158.9327140000023,143507.19928199987,724.2638077704419
1788776375,30,,Aggregated,16.300000,0.000000,850,1600,2500,3000,4200,4900,6000,7400,90000,142000,144000,31523,0,850,1848.3780191396156,158.9327140000023,143507.19928199987,724.265044570631
1788776376,30,,Aggregated,16.200000,0.000000,850,1600,2500,3000,4200,4900,6000,7400,90000,142000,144000,31536,0,850,1848.1833762328165,158.9327140000023,143507.19928199987,724.2649987316083
1788776377,30,,Aggregated,16.500000,0.000000,850,1600,2500,3000,4200,4900,6000,7400,90000,142000,144000,31551,0,850,1847.8909726635954,158.9327140000023,143507.19928199987,724.2701340686508
1788776378,30,,Aggregated,16.400000,0.000000,850,1600,2500,3000,4200,4900,6000,7400,90000,142000,144000,31569,0,850,1847.819022947325,158.9327140000023,143507.19928199987,724.2697899838449
1788776379,30,,Aggregated,16.300000,0.000000,850,1600,2500,3000,4200,4900,6000,7400,90000,142000,144000,31587,0,850,1847.8504913771203,158.9327140000023,143507.19928199987,724.2679899958844
1788776380,30,,Aggregated,16.600000,0.000000,850,1600,2500,3000,4200,4900,6000,7400,90000,142000,144000,31605,0,850,1847.542127501506,158.9327140000023,143507.19928199987,724.2708115804461
1788776381,30,,Aggregated,16.500000,0.000000,850,1600,2500,3000,4200,4900,6000,7400,90000,142000,144000,31618,0,850,1847.089484062309,158.9327140000023,143507.19928199987,724.2733569485736
1788776382,30,,Aggregated,16.600000,0.000000,850,1600,2500,3000,4200,4900,6000,7400,90000,142000,144000,31638,0,850,1847.023707783365,158.9327140000023,143507.19928199987,724.2703078576395
1788776383,30,,Aggregated,16.400000,0.000000,850,1600,2500,3000,4200,4900,6000,7400,90000,142000,144000,31653,0,850,1847.2290627329826,158.9327140000023,143507.19928199987,724.2717909834771
1788776384,30,,Aggregated,16.300000,0.000000,850,1600,2500,3000,4200,4900,6000,7400,90000,142000,144000,31666,0,850,1846.9853282123447,158.9327140000023,143507.19928199987,724.2719951998989
1788776385,30,,Aggregated,16.500000,0.000000,850,1600,2500,3000,4200,4900,6000,7400,90000,142000,144000,31683,0,850,1846.7791584891932,158.9327140000023,143507.19928199987,724.2730170754032
1788776386,30,,Aggregated,16.400000,0.000000,850,1600,2500,3000,4200,4900,6000,7400,90000,142000,144000,31700,0,850,1846.776058319688,158.9327140000023,143507.19928199987,724.2738485804416
1788776387,30,,Aggregated,16.400000,0.000000,850,1600,2500,3000,4200,4900,6000,7400,90000,142000,144000,31715,0,850,1846.3126459798239,158.9327140000023,143507.19928199987,724.2765883651269
1788776388,30,,Aggregated,16.400000,0.000000,850,1600,2500,3000,4200,4900,6000,7400,90000,142000,144000,31734,0,850,1846.3174625632794,158.9327140000023,143507.19928199987,724.2754774059368
1788776389,30,,Aggregated,16.700000,0.000000,850,1600,2500,3000,4200,4900,6000,7400,90000,142000,144000,31750,0,850,1846.1621283981767,158.9327140000023,143507.19928199987,724.2788346456692
1788776390,30,,Aggregated,16.100000,0.000000,850,1600,2500,3000,4200,4900,6000,7400,90000,142000,144000,31764,0,850,1845.896153226171,158.9327140000023,143507.19928199987,724.2791839818663
1788776391,30,,Aggregated,16.400000,0.000000,850,1600,2500,3000,4200,4900,6000,7400,90000,142000,144000,31781,0,850,1845.5981903325294,158.9327140000023,143507.19928199987,724.2825272961833
1788776392,30,,Aggregated,16.500000,0.000000,850,1600,2500,3000,4200,4900,6000,7400,90000,142000,144000,31799,0,850,1845.3529992346332,158.9327140000023,143507.19928199987,724.2857637032611
1788776393,30,,Aggregated,16.400000,0.000000,850,1600,2500,3000,4200,4900,6000,7400,90000,142000,144000,31815,0,850,1845.2115351450288,158.9327140000023,143507.19928199987,724.2853371051391
1788776394,30,,Aggregated,16.400000,0.000000,850,1600,2500,3000,4200,4900,6000,7400,90000,142000,144000,31831,0,850,1845.2139277110705,158.9327140000023,143507.19928199987,724.2852879268637
1788776395,30,,Aggregated,16.200000,0.000000,850,1600,2500,3000,4200,4900,6000,7400,90000,142000,144000,31849,0,850,1847.111265191625,158.9327140000023,143507.19928199987,724.2846243210148
1788776396,30,,Aggregated,16.300000,0.000000,850,1600,2500,3000,4200,4900,6000,7400,90000,142000,144000,31863,0,850,1846.761304798609,158.9327140000023,143507.19928199987,724.2851897184822
1788776397,30,,Aggregated,16.000000,0.000000,850,1600,2500,3000,4200,4900,6000,7400,90000,142000,144000,31882,0,850,1846.5838022549112,158.9327140000023,143507.19928199987,724.2849883947055
1788776398,30,,Aggregated,16.300000,0.000000,850,1600,2500,3000,4200,4900,6000,7400,90000,142000,144000,31897,0,850,1846.2283732503083,158.9327140000023,143507.19928199987,724.2862965169138
1788776399,30,,Aggregated,16.100000,0.000000,850,1600,2500,3000,4200,4900,6000,7400,90000,142000,144000,31913,0,850,1846.1848019798226,158.9327140000023,143507.19928199987,724.2892238272805
1788776400,30,,Aggregated,16.700000,0.000000,850,1600,2500,3000,4200,4900,6000,7400,90000,142000,144000,31928,0,850,1845.9061113696152,158.9327140000023,143507.19928199987,724.289244550238
1788776401,30,,Aggregated,16.400000,0.000000,850,1600,2500,3000,4200,4900,6000,7400,90000,142000,144000,31943,0,850,1846.1749326020747,158.9327140000023,143507.19928199987,724.2818770935729
1788776402,30,,Aggregated,16.200000,0.000000,850,1600,2500,3000,4200,4900,6000,7400,90000,142000,144000,31954,0,850,1846.1575358418063,158.9327140000023,143507.19928199987,724.2794642298304
1788776403,30,,Aggregated,16.000000,0.000000,850,1600,2500,3000,4200,4900,6000,7400,90000,142000,144000,31973,0,850,1846.5643587854463,158.9327140000023,143507.19928199987,724.2778594439058
1788776404,30,,Aggregated,15.800000,0.000000,850,1600,2500,3000,4200,4900,6000,7400,90000,142000,144000,31988,0,850,1850.5856862007963,158.9327140000023,143507.19928199987,724.2789483556334
1788776405,30,,Aggregated,15.400000,0.000000,850,1600,2500,3000,4200,4900,6000,7400,90000,142000,144000,32008,0,850,1850.4588889836,158.9327140000023,143507.19928199987,724.2792426893277
1788776406,30,,Aggregated,15.500000,0.000000,850,1600,2500,3000,4200,4900,6000,7400,90000,142000,144000,32020,0,850,1850.2163986256423,158.9327140000023,143507.19928199987,724.2776702061212
1788776407,30,,Aggregated,15.700000,0.000000,850,1600,2500,3000,4200,4900,6000,7400,90000,142000,144000,32039,0,850,1850.1581197482778,158.9327140000023,143507.19928199987,724.2805955242048
1788776408,30,,Aggregated,15.400000,0.000000,850,1600,2500,3000,4200,4900,6000,7400,90000,142000,144000,32054,0,850,1850.0567489191387,158.9327140000023,143507.19928199987,724.280370624571
1788776409,30,,Aggregated,15.600000,0.000000,850,1600,2500,3000,4200,4900,6000,7400,90000,142000,144000,32072,0,850,1849.868827513846,158.9327140000023,143507.19928199987,724.2793402344724
1788776410,30,,Aggregated,15.400000,0.000000,850,1600,2500,3000,4200,4900,6000,7400,90000,142000,144000,32088,0,850,1849.6913755774146,158.9327140000023,143507.19928199987,724.2821927200199
1788776411,30,,Aggregated,15.300000,0.000000,850,1600,2500,3000,4200,4900,6000,7400,90000,142000,144000,32100,0,850,1849.3693239952672,158.9327140000023,143507.19928199987,724.2823364485981
1788776412,30,,Aggregated,15.900000,0.000000,850,1600,2500,3000,4200,4900,6000,7400,90000,142000,144000,32123,0,850,1849.4741534074055,158.9327140000023,143507.19928199987,724.2820720356132
1788776413,30,,Aggregated,15.900000,0.000000,850,1600,2500,3000,4200,4900,6000,7400,90000,142000,144000,32136,0,850,1849.3152189377356,158.9327140000023,143507.19928199987,724.2825491660443
1788776414,30,,Aggregated,15.900000,0.000000,850,1600,2500,3000,4200,4900,6000,7400,90000,142000,144000,32149,0,850,1848.981384184985,158.9327140000023,143507.19928199987,724.2829948054372
1788776415,30,,Aggregated,16.800000,0.000000,850,1600,2500,3000,4200,4900,6000,7400,90000,142000,144000,32166,0,850,1848.8403111799134,158.9327140000023,143507.19928199987,724.2802648759559
1788776416,30,,Aggregated,16.300000,0.000000,850,1600,2500,3000,4200,4900,6000,7400,90000,142000,144000,32183,0,850,1848.9655162101144,158.9327140000023,143507.19928199987,724.2840008700246
1788776417,30,,Aggregated,16.200000,0.000000,850,1600,2500,3000,4200,4900,6000,7400,90000,142000,144000,32199,0,850,1848.9181453677475,158.9327140000023,143507.19928199987,724.2843256001739
1788776418,30,,Aggregated,16.300000,0.000000,850,1600,2500,3000,4200,4900,6000,7400,90000,142000,144000,32215,0,850,1848.5938247603638,158.9327140000023,143507.19928199987,724.2821666925346
1788776419,30,,Aggregated,16.200000,0.000000,850,1600,2500,3000,4200,4900,6000,7400,90000,142000,144000,32233,0,850,1848.9487543166981,158.9327140000023,143507.19928199987,724.2856079173517
1788776420,30,,Aggregated,16.300000,0.000000,850,1600,2500,3000,4200,4900,6000,7400,90000,142000,144000,32247,0,850,1848.556629383916,158.9327140000023,143507.19928199987,724.2862591869011
1788776421,30,,Aggregated,16.400000,0.000000,850,1600,2500,3000,4200,4900,6000,7400,90000,142000,144000,32266,0,850,1851.2215909255606,158.9327140000023,143507.19928199987,724.2808839025599
1788776422,30,,Aggregated,15.800000,0.000000,850,1600,2500,3000,4200,4900,6000,7400,90000,142000,144000,32283,0,850,1851.1896101101247,158.9327140000023,143507.19928199987,724.2827184586315
1788776423,30,,Aggregated,16.000000,0.000000,850,1600,2500,3000,4200,4900,6000,7400,90000,142000,144000,32299,0,850,1851.1034266923475,158.9327140000023,143507.19928199987,724.2854267933992
1788776424,30,,Aggregated,16.600000,0.000000,850,1600,2500,3000,4200,4900,6000,7400,90000,142000,144000,32316,0,850,1850.7710604294195,158.9327140000023,143507.19928199987,724.2856479762347
1788776425,30,,Aggregated,16.200000,0.000000,850,1600,2500,3000,4200,4900,6000,7400,90000,142000,144000,32329,0,850,1850.9400190009626,158.9327140000023,143507.19928199987,724.283800921773
1788776426,30,,Aggregated,16.200000,0.000000,850,1600,2500,3000,4200,4900,6000,7400,90000,142000,144000,32347,0,850,1850.7257736820143,158.9327140000023,143507.19928199987,724.2869199616657
1788776427,30,,Aggregated,16.800000,0.000000,850,1600,2500,3000,4200,4900,6000,7400,90000,142000,144000,32363,0,850,1850.4721000306565,158.9327140000023,143507.19928199987,724.2864691159658
1788776428,30,,Aggregated,16.100000,0.000000,850,1600,2500,3000,4200,4900,6000,7400,90000,142000,144000,32379,0,850,1850.3212781228615,158.9327140000023,143507.19928199987,724.2875011581581
1788776429,30,,Aggregated,16.600000,0.000000,850,1600,2500,3000,4200,4900,6000,7400,90000,142000,144000,32396,0,850,1850.1739967099063,158.9327140000023,143507.19928199987,724.2877824422768
1788776430,30,,Aggregated,16.100000,0.000000,850,1600,2500,3000,4200,4900,6000,7400,90000,142000,144000,32409,0,850,1850.029010274557,158.9327140000023,143507.19928199987,724.2841803202814
1788776431,30,,Aggregated,16.200000,0.000000,850,1600,2500,3000,4200,4900,6000,7400,90000,142000,144000,32423,0,850,1850.1352765223492,158.9327140000023,143507.19928199987,724.280850013879
1788776432,30,,Aggregated,16.400000,0.000000,850,1600,2500,3000,4200,4900,6000,7400,90000,142000,144000,32431,0,850,1849.975104494808,158.9327140000023,143507.19928199987,724.274983811785
1788776433,30,,Aggregated,16.000000,0.000000,850,1600,2500,3000,4200,4900,6000,7400,90000,142000,144000,32444,0,850,1850.0794391743657,158.9327140000023,143507.19928199987,724.2691098508199
1788776434,30,,Aggregated,15.300000,0.000000,850,1600,2500,3000,4200,4900,6000,7400,90000,142000,144000,32455,0,850,1850.0741548719802,158.9327140000023,143507.19928199987,724.2671391156987
1788776435,30,,Aggregated,14.600000,0.000000,850,1600,2500,3000,4200,4900,6000,7400,90000,142000,144000,32465,0,850,1852.0356012203335,158.9327140000023,143507.19928199987,724.2605883258894
1788776436,30,,Aggregated,14.500000,0.000000,850,1600,2500,3000,4200,4900,6000,7400,90000,142000,144000,32475,0,850,1851.9788194472094,158.9327140000023,143507.19928199987,724.2553348729792
1788776437,30,,Aggregated,13.400000,0.000000,850,1600,2500,3000,4200,4900,6000,7400,90000,142000,144000,32491,0,850,1853.4505604112255,158.9327140000023,143507.19928199987,724.2499461389308
1788776438,30,,Aggregated,13.500000,0.000000,850,1600,2500,3000,4200,4900,6000,7400,90000,142000,144000,32498,0,850,1853.185152085363,158.9327140000023,143507.19928199987,724.2450612345375
1788776439,30,,Aggregated,12.600000,0.000000,850,1600,2500,3000,4200,4900,6000,7400,90000,142000,144000,32511,0,850,1853.3308400196586,158.9327140000023,143507.19928199987,724.2421334317615
1788776440,30,,Aggregated,12.700000,0.000000,850,1600,2500,3000,4200,4900,6000,7400,90000,142000,144000,32522,0,850,1853.2766339567406,158.9327140000023,143507.19928199987,724.2370702908801
1788776441,30,,Aggregated,11.600000,0.000000,850,1600,2500,3000,4200,4900,6000,7400,90000,142000,144000,32536,0,850,1853.9253790584626,158.9327140000023,143507.19928199987,724.2357696090485
1788776442,30,,Aggregated,11.200000,0.000000,850,1600,2500,3000,4200,4900,6000,7500,90000,142000,144000,32552,0,850,1853.819360918996,158.9327140000023,143507.19928199987,724.2382649299582
1788776443,30,,Aggregated,11.300000,0.000000,850,1600,2500,3000,4200,4900,6000,7500,90000,142000,144000,32568,0,850,1854.0256032809248,158.9327140000023,143507.19928199987,724.2359985261606
1788776444,30,,Aggregated,11.400000,0.000000,850,1600,2500,3000,4200,4900,6000,7500,90000,142000,144000,32585,0,850,1854.3956836217328,158.9327140000023,143507.19928199987,724.234739911002
1788776445,30,,Aggregated,12.000000,0.000000,850,1600,2500,3000,4200,4900,6000,7500,90000,142000,144000,32602,0,850,1854.2862495098818,158.9327140000023,143507.19928199987,724.2392491258205
1788776446,30,,Aggregated,12.200000,0.000000,850,1600,2500,3000,4200,4900,6000,7500,90000,142000,144000,32620,0,850,1854.0560557083438,158.9327140000023,143507.19928199987,724.2381361128142
1788776447,30,,Aggregated,13.300000,0.000000,850,1600,2500,3000,4200,4900,6000,7500,90000,142000,144000,32632,0,850,1853.6962331377536,158.9327140000023,143507.19928199987,724.239764648198
1788776448,30,,Aggregated,14.100000,0.000000,850,1600,2500,3000,4200,4900,6000,7500,90000,142000,144000,32650,0,850,1853.5115528358708,158.9327140000023,143507.19928199987,724.2385298621746
1788776449,30,,Aggregated,14.400000,0.000000,850,1600,2500,3000,4200,4900,6000,7500,90000,142000,144000,32666,0,850,1853.3561794080747,158.9327140000023,143507.19928199987,724.2389640604911
1788776450,30,,Aggregated,14.400000,0.000000,850,1600,2500,3000,4200,4900,6000,7500,90000,142000,144000,32683,0,850,1853.277786733689,158.9327140000023,143507.19928199987,724.2383502126488
1788776451,30,,Aggregated,15.400000,0.000000,850,1600,2500,3000,4200,4900,6000,7500,90000,142000,144000,32700,0,850,1853.946851851228,158.9327140000023,143507.19928199987,724.2403975535168
1788776452,30,,Aggregated,15.700000,0.000000,850,1600,2500,3000,4200,4900,6000,7500,90000,142000,144000,32717,0,850,1853.8125119884207,158.9327140000023,143507.19928199987,724.2394779472445
1788776453,30,,Aggregated,16.300000,0.000000,850,1600,2500,3000,4200,4900,6000,7500,90000,142000,144000,32733,0,850,1853.5045521220834,158.9327140000023,143507.19928199987,724.2404912473651
1788776454,30,,Aggregated,16.600000,0.000000,850,1600,2500,3000,4200,4900,6000,7500,90000,142000,144000,32749,0,850,1853.3146329517897,158.9327140000023,143507.19928199987,724.2429081804024
1788776455,30,,Aggregated,16.700000,0.000000,850,1600,2500,3000,4200,4900,6000,7500,90000,142000,144000,32767,0,850,1853.1308255338959,158.9327140000023,143507.19928199987,724.2446363719596
1788776456,30,,Aggregated,16.800000,0.000000,850,1600,2500,3000,4200,4900,6000,7500,90000,142000,144000,32783,0,850,1853.128642346221,158.9327140000023,143507.19928199987,724.2413751029497
1788776457,30,,Aggregated,16.500000,0.000000,850,1600,2500,3000,4200,4900,6000,7500,90000,142000,144000,32799,0,850,1852.642944220683,158.9327140000023,143507.19928199987,724.2464709289917
1788776458,30,,Aggregated,16.000000,0.000000,850,1600,2500,3000,4200,4900,6000,7500,90000,142000,144000,32816,0,850,1852.4242430781076,158.9327140000023,143507.19928199987,724.2468003412969
1788776459,30,,Aggregated,16.500000,0.000000,850,1600,2500,3000,4200,4900,6000,7500,90000,142000,144000,32834,0,850,1852.357134105384,158.9327140000023,143507.19928199987,724.24337576902
1788776460,30,,Aggregated,16.500000,0.000000,850,1600,2500,3000,4200,4900,6000,7500,90000,142000,144000,32847,0,850,1852.3076224627569,158.9327140000023,143507.19928199987,724.2453496514141
1788776461,30,,Aggregated,16.600000,0.000000,850,1600,2500,3000,4200,4900,6000,7500,90000,142000,144000,32861,0,850,1852.8609165953005,158.9327140000023,143507.19928199987,724.2435105444143
1788776462,30,,Aggregated,16.600000,0.000000,850,1600,2500,3000,4200,4900,6000,7500,90000,142000,144000,32878,0,850,1852.6011849900594,158.9327140000023,143507.19928199987,724.2422896769876
1788776463,30,,Aggregated,16.200000,0.000000,850,1600,2500,3000,4200,4900,6000,7500,90000,142000,144000,32892,0,850,1852.477085606597,158.9327140000023,143507.19928199987,724.2425209777454
1788776464,30,,Aggregated,16.000000,0.000000,850,1600,2500,3000,4200,4900,6000,7500,90000,142000,144000,32908,0,850,1852.1694463515003,158.9327140000023,143507.19928199987,724.2442263279446
1788776465,30,,Aggregated,15.800000,0.000000,850,1600,2500,3000,4200,4900,6000,7500,90000,142000,144000,32923,0,850,1851.9963072675387,158.9327140000023,143507.19928199987,724.2445099170792
1788776466,30,,Aggregated,16.000000,0.000000,850,1600,2500,3000,4200,4900,6000,7500,90000,142000,144000,32940,0,850,1851.9474614005517,158.9327140000023,143507.19928199987,724.2462962962964
1788776467,30,,Aggregated,15.500000,0.000000,850,1600,2500,3000,4200,4900,6000,7500,90000,142000,144000,32957,0,850,1852.0612899465723,158.9327140000023,143507.19928199987,724.2476863792214
1788776468,30,,Aggregated,15.500000,0.000000,850,1600,2500,3000,4200,4900,6000,7500,90000,142000,144000,32972,0,850,1851.6969115438308,158.9327140000023,143507.19928199987,724.2462998908164
1788776469,30,,Aggregated,15.400000,0.000000,850,1600,2500,3000,4200,4900,6000,7500,90000,142000,144000,32990,0,850,1851.3913257738761,158.9327140000023,143507.19928199987,724.251530766899
1788776470,30,,Aggregated,15.900000,0.000000,850,1600,2500,3000,4200,4900,6000,7400,90000,142000,144000,33006,0,850,1851.231754766563,158.9327140000023,143507.19928199987,724.2529540083622
1788776471,30,,Aggregated,15.500000,0.000000,850,1600,2500,3000,4200,4900,6000,7400,90000,142000,144000,33021,0,850,1850.8983117642767,158.9327140000023,143507.19928199987,724.2523242784895
1788776472,30,,Aggregated,15.600000,0.000000,850,1600,2500,3000,4200,4900,6000,7400,90000,142000,144000,33038,0,850,1850.7810973601365,158.9327140000023,143507.19928199987,724.2557660875356
1788776473,30,,Aggregated,15.700000,0.000000,850,1600,2500,3000,4200,4900,6000,7400,90000,142000,144000,33055,0,850,1850.8397653911716,158.9327140000023,143507.19928199987,724.2545454545455
1788776474,30,,Aggregated,15.700000,0.000000,850,1600,2500,3000,4200,4900,6000,7400,90000,142000,144000,33071,0,850,1850.5333387851952,158.9327140000023,143507.19928199987,724.2552689667684
1788776475,30,,Aggregated,16.300000,0.000000,850,1600,2500,3000,4200,4900,6000,7400,90000,142000,144000,33087,0,850,1850.4133723094021,158.9327140000023,143507.19928199987,724.2575936168283
1788776476,30,,Aggregated,15.900000,0.000000,850,1600,2500,3000,4200,4900,6000,7400,90000,142000,144000,33102,0,850,1850.084313608156,158.9327140000023,143507.19928199987,724.2607395323546
1788776477,30,,Aggregated,16.400000,0.000000,850,1600,2500,3000,4200,4900,6000,7400,90000,142000,144000,33119,0,850,1849.8512154217876,158.9327140000023,143507.19928199987,724.2587638515656
1788776478,30,,Aggregated,16.500000,0.000000,850,1600,2500,3000,4200,4900,6000,7400,90000,142000,144000,33137,0,850,1849.766035616778,158.9327140000023,143507.19928199987,724.2619126656003
1788776479,30,,Aggregated,16.100000,0.000000,850,1600,2500,3000,4200,4900,6000,7400,90000,142000,144000,33150,0,850,1850.8520030051334,158.9327140000023,143507.19928199987,724.2612669683258
1788776480,30,,Aggregated,16.000000,0.000000,850,1600,2500,3000,4200,4900,6000,7500,90000,142000,144000,33170,0,850,1851.1722670667828,158.9327140000023,143507.19928199987,724.2575821525475
1788776481,30,,Aggregated,16.500000,0.000000,850,1600,2500,3000,4200,4900,6000,7500,90000,142000,144000,33183,0,850,1852.0455198406767,158.9327140000023,143507.19928199987,724.2594400747371
1788776482,30,,Aggregated,15.900000,0.000000,850,1600,2500,3000,4200,4900,6000,7500,90000,142000,144000,33199,0,850,1851.790457906057,158.9327140000023,143507.19928199987,724.2585017621012
1788776483,30,,Aggregated,16.500000,0.000000,850,1600,2500,3000,4200,4900,6000,7500,90000,142000,144000,33217,0,850,1851.7298072944932,158.9327140000023,143507.19928199987,724.2582713670711
1788776484,30,,Aggregated,16.200000,0.000000,850,1600,2500,3000,4200,4900,6000,7500,90000,142000,144000,33232,0,850,1851.5649404124697,158.9327140000023,143507.19928199987,724.2624578719307
1788776485,30,,Aggregated,15.900000,0.000000,850,1600,2500,3000,4200,4900,6000,7500,90000,142000,144000,33247,0,850,1851.2415564971634,158.9327140000023,143507.19928199987,724.2671519234818
1788776486,30,,Aggregated,16.500000,0.000000,850,1600,2500,3000,4200,4900,6000,7500,90000,142000,144000,33265,0,850,1851.1167698463312,158.9327140000023,143507.19928199987,724.2629189839171
1788776487,30,,Aggregated,16.100000,0.000000,850,1600,2500,3000,4200,4900,6000,7500,90000,142000,144000,33282,0,850,1850.8569053247459,158.9327140000023,143507.19928199987,724.2659996394448
1788776488,30,,Aggregated,16.000000,0.000000,850,1600,2500,3000,4200,4900,6000,7500,90000,142000,144000,33297,0,850,1850.7048055193318,158.9327140000023,143507.19928199987,724.2673213803046
1788776489,30,,Aggregated,16.400000,0.000000,850,1600,2500,3000,4200,4900,6000,7400,90000,142000,144000,33314,0,850,1850.5299305079002,158.9327140000023,143507.19928199987,724.2688659422465
1788776490,30,,Aggregated,16.300000,0.000000,850,1600,2500,3000,4200,4900,6000,7400,90000,142000,144000,33328,0,850,1850.50654533969,158.9327140000023,143507.19928199987,724.2663826212193
1788776491,30,,Aggregated,16.000000,0.000000,850,1600,2500,3000,4200,4900,6000,7400,90000,142000,144000,33341,0,850,1850.5754210176715,158.9327140000023,143507.19928199987,724.2618997630545
1788776492,30,,Aggregated,16.400000,0.000000,850,1600,2500,3000,4200,4900,6000,7400,90000,142000,144000,33349,0,850,1850.4136845450896,158.9327140000023,143507.19928199987,724.25694923386
1788776493,30,,Aggregated,15.800000,0.000000,850,1600,2500,3000,4200,4900,6000,7400,90000,142000,144000,33359,0,850,1850.2370822548698,158.9327140000023,143507.19928199987,724.2546539164844
1788776494,30,,Aggregated,15.800000,0.000000,850,1600,2500,3000,4200,4900,6000,7400,90000,142000,144000,33370,0,850,1850.3549999151696,158.9327140000023,143507.19928199987,724.2483068624513
1788776495,30,,Aggregated,15.000000,0.000000,850,1600,2500,3000,4200,4900,6000,7400,90000,142000,144000,33383,0,850,1850.6437557878623,158.9327140000023,143507.19928199987,724.2457238714316
1788776496,30,,Aggregated,13.900000,0.000000,850,1600,2500,3000,4200,4900,6000,7400,90000,142000,144000,33394,0,850,1850.671885451734,158.9327140000023,143507.19928199987,724.2418697969695
1788776497,30,,Aggregated,13.700000,0.000000,850,1600,2500,3000,4200,4900,6000,7400,90000,142000,144000,33403,0,850,1850.4590861101756,158.9327140000023,143507.19928199987,724.237882824896
1788776498,30,,Aggregated,13.500000,0.000000,850,1600,2500,3000,4200,4900,6000,7400,90000,142000,144000,33412,0,850,1850.3278879351194,158.9327140000023,143507.19928199987,724.2329103316174
1788776499,30,,Aggregated,12.800000,0.000000,850,1600,2500,3000,4200,4900,6000,7500,90000,142000,144000,33429,0,850,1851.7192270377882,158.9327140000023,143507.19928199987,724.2263304316612
1788776501,30,,Aggregated,12.100000,0.000000,850,1600,2500,3000,4200,4900,6000,7500,90000,142000,144000,33447,0,850,1851.7736243515176,158.9327140000023,143507.19928199987,724.2272550602446
1788776502,30,,Aggregated,11.400000,0.000000,850,1600,2500,3000,4200,4900,6000,7500,90000,142000,144000,33463,0,850,1851.4963708614948,158.9327140000023,143507.19928199987,724.2320473358635
1788776503,30,,Aggregated,11.500000,0.000000,850,1600,2500,3000,4200,4900,6000,7500,90000,142000,144000,33479,0,850,1853.2948155116403,158.9327140000023,143507.19928199987,724.2257534573912
1788776504,30,,Aggregated,11.800000,0.000000,850,1600,2500,3000,4200,4900,6000,7500,90000,142000,144000,33496,0,850,1853.0329478660503,158.9327140000023,143507.19928199987,724.2270121805589
1788776505,30,,Aggregated,12.200000,0.000000,850,1600,2500,3000,4200,4900,6000,7500,90000,142000,144000,33514,0,850,1852.9713354186674,158.9327140000023,143507.19928199987,724.231634540789
1788776506,30,,Aggregated,12.900000,0.000000,850,1600,2500,3000,4200,4900,6000,7500,90000,142000,144000,33529,0,850,1852.7232079158407,158.9327140000023,143507.19928199987,724.2292343941066
1788776507,30,,Aggregated,13.700000,0.000000,850,1600,2500,3000,4200,4900,6000,7500,90000,142000,144000,33545,0,850,1852.5104690021826,158.9327140000023,143507.19928199987,724.2342524966463
1788776508,30,,Aggregated,14.400000,0.000000,850,1600,2500,3000,4200,4900,6000,7500,90000,142000,144000,33563,0,850,1852.3093886188424,158.9327140000023,143507.19928199987,724.2353484491852
1788776509,30,,Aggregated,15.100000,0.000000,850,1600,2500,3000,4200,4900,6000,7500,90000,142000,144000,33580,0,850,1852.0583617808284,158.9327140000023,143507.19928199987,724.234752829065
1788776510,30,,Aggregated,15.100000,0.000000,850,1600,2500,3000,4200,4900,6000,7500,90000,142000,144000,33597,0,850,1851.8384231363582,158.9327140000023,143507.19928199987,724.2374914426883
1788776511,30,,Aggregated,15.900000,0.000000,850,1600,2500,3000,4200,4900,6000,7500,90000,142000,144000,33614,0,850,1851.6770316444406,158.9327140000023,143507.19928199987,724.2404057833046
1788776512,30,,Aggregated,16.700000,0.000000,850,1600,2500,3000,4200,4900,6000,7500,90000,142000,144000,33631,0,850,1854.1540054732307,158.9327140000023,143507.19928199987,724.2362106389938
1788776513,30,,Aggregated,16.700000,0.000000,850,1600,2500,3000,4200,4900,6000,7500,90000,142000,144000,33648,0,850,1854.9422854470765,158.9327140000023,143507.19928199987,724.2355860675226
1788776514,30,,Aggregated,16.700000,0.000000,850,1600,2500,3000,4200,4900,6000,7500,90000,142000,144000,33664,0,850,1854.7942612294212,158.9327140000023,143507.19928199987,724.2373158269962
1788776515,30,,Aggregated,16.700000,0.000000,850,1600,2500,3000,4200,4900,6000,7500,90000,142000,144000,33679,0,850,1854.5124410420215,158.9327140000023,143507.19928199987,724.2392885774518
1788776516,30,,Aggregated,16.800000,0.000000,850,1600,2500,3000,4200,4900,6000,7500,90000,142000,144000,33696,0,850,1854.5923474432054,158.9327140000023,143507.19928199987,724.2371794871794
1788776517,30,,Aggregated,16.400000,0.000000,850,1600,2500,3000,4200,4900,6000,7500,90000,142000,144000,33711,0,850,1854.5014647355242,158.9327140000023,143507.19928199987,724.2373705912017
1788776518,30,,Aggregated,16.600000,0.000000,850,1600,2500,3000,4200,4900,6000,7500,90000,142000,144000,33730,0,850,1854.599162928647,158.9327140000023,143507.19928199987,724.2365549955529
1788776519,30,,Aggregated,16.600000,0.000000,850,1600,2500,3000,4200,4900,6000,7500,90000,142000,144000,33746,0,850,1854.2648358282545,158.9327140000023,143507.19928199987,724.2409767083507
1788776520,30,,Aggregated,16.500000,0.000000,850,1600,2500,3000,4200,4900,6000,7500,90000,142000,144000,33762,0,850,1854.0034705724565,158.9327140000023,143507.19928199987,724.2448907055269
1788776521,30,,Aggregated,16.500000,0.000000,850,1600,2500,3000,4200,4900,6000,7500,90000,142000,144000,33776,0,850,1853.9905400035025,158.9327140000023,143507.19928199987,724.240081714827
1788776522,30,,Aggregated,16.500000,0.000000,850,1600,2500,3000,4200,4900,6000,7500,90000,142000,144000,33788,0,850,1855.0445403965107,158.9327140000023,143507.19928199987,724.2323901977034
1788776523,30,,Aggregated,16.200000,0.000000,850,1600,2500,3000,4200,4900,6000,7500,90000,142000,144000,33799,0,850,1854.9429204733362,158.9327140000023,143507.19928199987,724.2306577117666
1788776524,30,,Aggregated,15.600000,0.000000,850,1600,2500,3000,4200,4900,6000,7500,90000,142000,144000,33810,0,850,1855.0415890116913,158.9327140000023,143507.19928199987,724.2261756876663
1788776525,30,,Aggregated,15.600000,0.000000,850,1600,2500,3000,4200,4900,6000,7500,90000,142000,144000,33826,0,850,1855.3099501928186,158.9327140000023,143507.19928199987,724.2272807899249
1788776526,30,,Aggregated,14.500000,0.000000,850,1600,2500,3000,4200,4900,6000,7500,90000,142000,144000,33841,0,850,1855.169638509893,158.9327140000023,143507.19928199987,724.2291303448479
1788776527,30,,Aggregated,14.800000,0.000000,850,1600,2500,3000,4200,4900,6000,7500,90000,142000,144000,33857,0,850,1854.9211003282128,158.9327140000023,143507.19928199987,724.2295832471867
1788776528,30,,Aggregated,14.500000,0.000000,850,1600,2500,3000,4200,4900,6000,7500,90000,142000,144000,33871,0,850,1854.7590290028725,158.9327140000023,143507.19928199987,724.2314664462224
1788776529,30,,Aggregated,14.600000,0.000000,850,1600,2500,3000,4200,4900,6000,7500,90000,142000,144000,33889,0,850,1854.634390725642,158.9327140000023,143507.19928199987,724.2352385729882
1788776530,30,,Aggregated,14.200000,0.000000,850,1600,2500,3000,4200,4900,6000,7500,90000,142000,144000,33906,0,850,1854.6408221869372,158.9327140000023,143507.19928199987,724.2311095381349
1788776531,30,,Aggregated,14.000000,0.000000,850,1600,2500,3000,4200,4900,6000,7500,90000,142000,144000,33923,0,850,1854.229822990133,158.9327140000023,143507.19928199987,724.2352091501341
1788776532,30,,Aggregated,14.300000,0.000000,850,1600,2500,3000,4200,4900,6000,7500,90000,142000,144000,33938,0,850,1853.884437066394,158.9327140000023,143507.19928199987,724.2381696033945
1788776533,30,,Aggregated,14.400000,0.000000,850,1600,2500,3000,4200,4900,6000,7500,90000,142000,144000,33952,0,850,1854.3217297861179,158.9327140000023,143507.19928199987,724.235243873704
1788776534,30,,Aggregated,14.800000,0.000000,850,1600,2500,3000,4200,4900,6000,7500,90000,142000,144000,33971,0,850,1854.4611669286528,158.9327140000023,143507.19928199987,724.2318742456802
1788776535,30,,Aggregated,15.400000,0.000000,850,1600,2500,3000,4200,4900,6000,7500,90000,142000,144000,33987,0,850,1854.297515038464,158.9327140000023,143507.19928199987,724.2370906523082
1788776536,30,,Aggregated,15.400000,0.000000,850,1600,2500,3000,4200,4900,6000,7500,90000,142000,144000,34001,0,850,1853.9829010569183,158.9327140000023,143507.19928199987,724.2364048116232
1788776537,30,,Aggregated,16.000000,0.000000,850,1600,2500,3000,4200,4900,6000,7500,90000,142000,144000,34016,0,850,1853.6859618635724,158.9327140000023,143507.19928199987,724.2394167450611
1788776538,30,,Aggregated,16.000000,0.000000,850,1600,2500,3000,4200,4900,6000,7500,90000,142000,144000,34034,0,850,1853.6001398748683,158.9327140000023,143507.19928199987,724.2357348533819
1788776539,30,,Aggregated,16.100000,0.000000,850,1600,2500,3000,4200,4900,6000,7500,90000,142000,144000,34049,0,850,1853.4044852698837,158.9327140000023,143507.19928199987,724.2374812769832
1788776540,30,,Aggregated,16.400000,0.000000,850,1600,2500,3000,4200,4900,6000,7500,90000,142000,144000,34066,0,850,1853.362581350798,158.9327140000023,143507.19928199987,724.2394176011272
1788776541,30,,Aggregated,16.300000,0.000000,850,1600,2500,3000,4200,4900,6000,7500,90000,142000,144000,34083,0,850,1853.2389090321362,158.9327140000023,143507.19928199987,724.2424375788516
1788776542,30,,Aggregated,15.800000,0.000000,850,1600,2500,3000,4200,4900,6000,7500,90000,142000,144000,34096,0,850,1854.0825020078105,158.9327140000023,143507.19928199987,724.2366846550915
1788776543,30,,Aggregated,15.800000,0.000000,850,1600,2500,3000,4200,4900,6000,7500,90000,142000,144000,34113,0,850,1853.8116843642104,158.9327140000023,143507.19928199987,724.2390291091373
1788776544,30,,Aggregated,15.900000,0.000000,850,1600,2500,3000,4200,4900,6000,7500,90000,142000,144000,34127,0,850,1853.582213776403,158.9327140000023,143507.19928199987,724.2426524452779
1788776545,30,,Aggregated,15.800000,0.000000,850,1600,2500,3000,4200,4900,6000,7500,90000,142000,144000,34145,0,850,1857.3826066007116,158.9327140000023,143507.19928199987,724.2424952408844
1788776546,30,,Aggregated,15.600000,0.000000,850,1600,2500,3000,4200,4900,6000,7500,90000,142000,144000,34162,0,850,1857.2713927926145,158.9327140000023,143507.19928199987,724.2423452959429
1788776547,30,,Aggregated,15.600000,0.000000,850,1600,2500,3000,4200,4900,6000,7500,90000,142000,144000,34177,0,850,1857.393599040386,158.9327140000023,143507.19928199987,724.2444919097638
1788776548,30,,Aggregated,15.500000,0.000000,850,1600,2500,3000,4200,4900,6000,7500,90000,142000,144000,34192,0,850,1857.0957735496106,158.9327140000023,143507.19928199987,724.2458762283575
1788776549,30,,Aggregated,16.000000,0.000000,850,1600,2500,3000,4200,4900,6000,7500,90000,142000,144000,34210,0,850,1857.2574041091573,158.9327140000023,143507.19928199987,724.2448406898568
1788776550,30,,Aggregated,15.500000,0.000000,850,1600,2500,3000,4200,4900,6000,7500,90000,142000,144000,34224,0,850,1856.8859322324763,158.9327140000023,143507.19928199987,724.2457924263674
1788776551,30,,Aggregated,16.000000,0.000000,850,1600,2500,3000,4200,4900,6000,7500,90000,142000,144000,34245,0,850,1856.857185082794,158.9327140000023,143507.19928199987,724.244736457877
1788776552,30,,Aggregated,16.000000,0.000000,850,1600,2500,3000,4200,4900,6000,7500,90000,142000,144000,34262,0,850,1856.7587729491936,158.9327140000023,143507.19928199987,724.2456073784367
1788776553,30,,Aggregated,16.300000,0.000000,850,1600,2500,3000,4200,4900,6000,7500,90000,142000,144000,34277,0,850,1856.3853322488335,158.9327140000023,143507.19928199987,724.2496426174986
1788776554,30,,Aggregated,16.500000,0.000000,850,1600,2500,3000,4200,4900,6000,7500,90000,142000,144000,34291,0,850,1856.1972617134604,158.9327140000023,143507.19928199987,724.2502114257385
1788776555,30,,Aggregated,16.400000,0.000000,850,1600,2500,3000,4200,4900,6000,7500,90000,142000,144000,34309,0,850,1856.3184407117162,158.9327140000023,143507.19928199987,724.246087032557
1788776556,30,,Aggregated,16.500000,0.000000,850,1600,2500,3000,4200,4900,6000,7500,90000,142000,144000,34325,0,850,1856.2493235550555,158.9327140000023,143507.19928199987,724.2474289876184
1788776557,30,,Aggregated,16.500000,0.000000,850,1600,2500,3000,4200,4900,6000,7500,90000,142000,144000,34340,0,850,1855.9144478033866,158.9327140000023,143507.19928199987,724.2504368083867
1788776558,30,,Aggregated,16.600000,0.000000,850,1600,2500,3000,4200,4900,6000,7500,90000,142000,144000,34355,0,850,1855.7921762990045,158.9327140000023,143507.19928199987,724.246805414059
1788776559,30,,Aggregated,16.000000,0.000000,850,1600,2500,3000,4200,4900,6000,7500,90000,142000,144000,34374,0,850,1855.608010769369,158.9327140000023,143507.19928199987,724.2506545644965
1788776560,30,,Aggregated,16.500000,0.000000,850,1600,2500,3000,4200,4900,6000,7500,90000,142000,144000,34387,0,850,1855.473978544022,158.9327140000023,143507.19928199987,724.2514031465379
1788776561,30,,Aggregated,16.200000,0.000000,850,1600,2500,3000,4200,4900,6000,7500,90000,142000,144000,34406,0,850,1855.277293637833,158.9327140000023,143507.19928199987,724.2521071906062
1788776562,30,,Aggregated,16.200000,0.000000,850,1600,2500,3000,4200,4900,6000,7500,90000,142000,144000,34422,0,850,1855.216859855275,158.9327140000023,143507.19928199987,724.2538783336238
1788776563,30,,Aggregated,15.900000,0.000000,850,1600,2500,3000,4200,4900,6000,7500,90000,142000,144000,34431,0,850,1856.246498830161,158.9327140000023,143507.19928199987,724.2487874299323
1788776564,30,,Aggregated,16.000000,0.000000,850,1600,2500,3000,4200,4900,6000,7500,90000,142000,144000,34446,0,850,1856.4810672661927,158.9327140000023,143507.19928199987,724.2445857283865
1788776565,30,,Aggregated,15.700000,0.000000,850,1600,2500,3000,4200,4900,6000,7500,90000,142000,144000,34460,0,850,1856.7637796850343,158.9327140000023,143507.19928199987,724.2332269297737
1788776566,30,,Aggregated,15.400000,0.000000,850,1600,2500,3000,4200,4900,6000,7500,90000,142000,144000,34472,0,850,1856.4179052652669,158.9327140000023,143507.19928199987,724.2376131352983
1788776567,30,,Aggregated,14.800000,0.000000,850,1600,2500,3000,4200,4900,6000,7500,90000,142000,144000,34488,0,850,1856.2957529017713,158.9327140000023,143507.19928199987,724.2400255161216
1788776568,30,,Aggregated,14.900000,0.000000,850,1600,2500,3000,4200,4900,6000,7500,90000,142000,144000,34505,0,850,1856.201623603834,158.9327140000023,143507.19928199987,724.2375018113316
1788776569,30,,Aggregated,15.100000,0.000000,850,1600,2500,3000,4200,4900,6000,7500,90000,142000,144000,34523,0,850,1856.2312019281144,158.9327140000023,143507.19928199987,724.2385945601483
1788776570,30,,Aggregated,14.800000,0.000000,850,1600,2500,3000,4200,4900,6000,7500,90000,142000,144000,34541,0,850,1857.8876649824929,158.9327140000023,143507.19928199987,724.2408442141224
1788776571,30,,Aggregated,15.100000,0.000000,850,1600,2500,3000,4200,4900,6000,7500,90000,142000,144000,34554,0,850,1857.5086534882005,158.9327140000023,143507.19928199987,724.2412745268276
1788776572,30,,Aggregated,15.400000,0.000000,850,1600,2500,3000,4200,4900,6000,7500,90000,142000,144000,34575,0,850,1858.2103091361187,158.9327140000023,143507.19928199987,724.2385249457701
1788776573,30,,Aggregated,15.100000,0.000000,850,1600,2500,3000,4200,4900,6000,7500,90000,142000,144000,34587,0,850,1858.14206667824,158.9327140000023,143507.19928199987,724.2403793332755
1788776574,30,,Aggregated,14.900000,0.000000,850,1600,2500,3000,4200,4900,6000,7500,90000,142000,144000,34605,0,850,1858.0448963427045,158.9327140000023,143507.19928199987,724.2424216153735
1788776575,30,,Aggregated,15.500000,0.000000,850,1600,2500,3000,4200,4900,6000,7500,90000,142000,144000,34615,0,850,1857.7665728891895,158.9327140000023,143507.19928199987,724.2432471471906
1788776576,30,,Aggregated,15.700000,0.000000,850,1600,2500,3000,4200,4900,6000,7500,90000,142000,144000,34634,0,850,1857.6247137895505,158.9327140000023,143507.19928199987,724.2442975111162
1788776577,30,,Aggregated,15.800000,0.000000,850,1600,2500,3000,4200,4900,6000,7500,90000,142000,144000,34651,0,850,1857.5338460083776,158.9327140000023,143507.19928199987,724.2440045020346
1788776578,30,,Aggregated,16.000000,0.000000,850,1600,2500,3000,4200,4900,6000,7500,90000,142000,144000,34667,0,850,1857.4165901018632,158.9327140000023,143507.19928199987,724.246170709897
1788776579,30,,Aggregated,16.000000,0.000000,850,1600,2500,3000,4200,4900,6000,7500,90000,142000,144000,34685,0,850,1857.2247554291569,158.9327140000023,143507.19928199987,724.2480611215223
1788776580,30,,Aggregated,16.100000,0.000000,850,1600,2500,3000,4200,4900,6000,7500,90000,142000,144000,34702,0,850,1857.0732577853812,158.9327140000023,143507.19928199987,724.2473920811481
1788776581,30,,Aggregated,15.800000,0.000000,850,1600,2500,3000,4200,4900,6000,7500,90000,142000,144000,34716,0,850,1856.880852698361,158.9327140000023,143507.19928199987,724.2447286553751
1788776582,30,,Aggregated,15.700000,0.000000,850,1600,2500,3000,4200,4900,6000,7500,90000,142000,144000,34733,0,850,1856.9995710549135,158.9327140000023,143507.19928199987,724.2460196355051
1788776583,30,,Aggregated,16.000000,0.000000,850,1600,2500,3000,4200,4900,6000,7500,90000,142000,144000,34750,0,850,1856.7159354734476,158.9327140000023,143507.19928199987,724.2496978417266
1788776584,30,,Aggregated,15.900000,0.000000,850,1600,2500,3000,4200,4900,6000,7500,90000,142000,144000,34767,0,850,1856.8822597644692,158.9327140000023,143507.19928199987,724.2460954353267
1788776585,30,,Aggregated,15.900000,0.000000,850,1600,2500,3000,4200,4900,6000,7500,90000,142000,144000,34784,0,850,1856.6186849313565,158.9327140000023,143507.19928199987,724.249367525299
1788776586,30,,Aggregated,16.200000,0.000000,850,1600,2500,3000,4200,4900,6000,7500,90000,142000,144000,34799,0,850,1856.4259415741913,158.9327140000023,143507.19928199987,724.2509842236846
1788776587,30,,Aggregated,16.700000,0.000000,850,1600,2500,3000,4200,4900,6000,7500,90000,142000,144000,34812,0,850,1856.1531303596253,158.9327140000023,143507.19928199987,724.2507468688958
1788776588,30,,Aggregated,16.700000,0.000000,850,1600,2500,3000,4200,4900,6000,7500,90000,142000,144000,34831,0,850,1855.9970448439972,158.9327140000023,143507.19928199987,724.2536820648273
1788776589,30,,Aggregated,16.100000,0.000000,850,1600,2500,3000,4200,4900,6000,7500,90000,142000,144000,34847,0,850,1855.963670932656,158.9327140000023,143507.19928199987,724.2536803742072
1788776590,30,,Aggregated,16.300000,0.000000,850,1600,2500,3000,4200,4900,6000,7500,90000,142000,144000,34860,0,850,1855.706442245475,158.9327140000023,143507.19928199987,724.2503155479059
1788776591,30,,Aggregated,15.900000,0.000000,850,1600,2500,3000,4200,4900,6000,7500,90000,142000,144000,34879,0,850,1855.6708476753427,158.9327140000023,143507.19928199987,724.2546517962097
1788776592,30,,Aggregated,16.100000,0.000000,850,1600,2500,3000,4200,4900,6000,7500,90000,142000,144000,34893,0,850,1855.37224659368,158.9327140000023,143507.19928199987,724.2544636460035
1788776593,30,,Aggregated,16.100000,0.000000,850,1600,2500,3000,4200,4900,6000,7500,90000,142000,144000,34904,0,850,1855.4115412083224,158.9327140000023,143507.19928199987,724.249942699977
1788776594,30,,Aggregated,16.100000,0.000000,850,1600,2500,3000,4200,4900,6000,7500,90000,142000,144000,34917,0,850,1855.4367930183662,158.9327140000023,143507.19928199987,724.2466133974855
1788776595,30,,Aggregated,15.700000,0.000000,850,1600,2500,3000,4200,4900,6000,7500,90000,142000,144000,34929,0,850,1855.4990075660426,158.9327140000023,143507.19928199987,724.2452976037104
1788776596,30,,Aggregated,15.400000,0.000000,850,1600,2500,3000,4200,4900,6000,7500,90000,142000,144000,34944,0,850,1855.330702312623,158.9327140000023,143507.19928199987,724.2450778388278
1788776597,30,,Aggregated,14.500000,0.000000,850,1600,2500,3000,4200,4900,6000,7500,90000,142000,144000,34959,0,850,1855.2284208401356,158.9327140000023,143507.19928199987,724.2499213364226
1788776598,30,,Aggregated,14.300000,0.000000,850,1600,2500,3000,4200,4900,6000,7500,90000,142000,144000,34977,0,850,1855.3600181740658,158.9327140000023,143507.19928199987,724.246390485176
1788776599,30,,Aggregated,14.900000,0.000000,850,1600,2500,3000,4200,4900,6000,7500,90000,142000,144000,34994,0,850,1855.4321447140737,158.9327140000023,143507.19928199987,724.2473281133908
1788776600,30,,Aggregated,14.800000,0.000000,850,1600,2500,3000,4200,4900,6000,7500,90000,142000,144000,35010,0,850,1855.3308712886685,158.9327140000023,143507.19928199987,724.247472150814
1788776601,30,,Aggregated,15.100000,0.000000,850,1600,2500,3000,4200,4900,6000,7500,90000,142000,144000,35025,0,850,1855.9082936298153,158.9327140000023,143507.19928199987,724.2448822269807
1788776602,30,,Aggregated,15.000000,0.000000,850,1600,2500,3000,4200,4900,6000,7500,90000,142000,144000,35041,0,850,1858.1696363001704,158.9327140000023,143507.19928199987,724.243999885848
1788776603,30,,Aggregated,14.800000,0.000000,850,1600,2500,3000,4200,4900,6000,7500,90000,142000,144000,35062,0,850,1858.3231959448203,158.9327140000023,143507.19928199987,724.2421995322571
1788776604,30,,Aggregated,14.900000,0.000000,850,1600,2500,3000,4200,4900,6000,7500,90000,142000,144000,35074,0,850,1858.0751723975966,158.9327140000023,143507.19928199987,724.2416319781034
1788776605,30,,Aggregated,15.500000,0.000000,850,1600,2500,3000,4200,4900,6000,7500,90000,142000,144000,35088,0,850,1858.951098187708,158.9327140000023,143507.19928199987,724.2388850889192
1788776606,30,,Aggregated,15.200000,0.000000,850,1600,2500,3000,4200,4900,6000,7500,90000,142000,144000,35108,0,850,1858.9633269378287,158.9327140000023,143507.19928199987,724.2427366981884
1788776607,30,,Aggregated,16.000000,0.000000,850,1600,2500,3000,4200,4900,6000,7500,90000,142000,144000,35126,0,850,1858.9274546083611,158.9327140000023,143507.19928199987,724.2380572795081
1788776608,30,,Aggregated,16.200000,0.000000,850,1600,2500,3000,4200,4900,6000,7500,90000,142000,144000,35141,0,850,1858.7776847585806,158.9327140000023,143507.19928199987,724.239833812356
1788776609,30,,Aggregated,16.200000,0.000000,850,1600,2500,3000,4200,4900,6000,7500,90000,142000,144000,35157,0,850,1858.518664901706,158.9327140000023,143507.19928199987,724.2415166254231
1788776610,30,,Aggregated,16.200000,0.000000,850,1600,2500,3000,4200,4900,6000,7500,90000,142000,144000,35175,0,850,1858.2039606284652,158.9327140000023,143507.19928199987,724.240170575693
1788776611,30,,Aggregated,16.400000,0.000000,850,1600,2500,3000,4200,4900,6000,7500,90000,142000,144000,35191,0,850,1858.1201210459287,158.9327140000023,143507.19928199987,724.2388394760023
1788776612,30,,Aggregated,16.100000,0.000000,850,1600,2500,3000,4200,4900,6000,7500,90000,142000,144000,35206,0,850,1857.9863353789208,158.9327140000023,143507.19928199987,724.237374311197
1788776613,30,,Aggregated,16.600000,0.000000,850,1600,2500,3000,4200,4900,6000,7500,90000,142000,144000,35225,0,850,1857.9899208300435,158.9327140000023,143507.19928199987,724.2369056068134
1788776614,30,,Aggregated,16.400000,0.000000,850,1600,2500,3000,4200,4900,6000,7500,90000,142000,144000,35236,0,850,1857.7734945431741,158.9327140000023,143507.19928199987,724.2406061982064
1788776615,30,,Aggregated,16.300000,0.000000,850,1600,2500,3000,4200,4900,6000,7500,90000,142000,144000,35255,0,850,1857.6868763795849,158.9327140000023,143507.19928199987,724.241100553113
1788776616,30,,Aggregated,16.400000,0.000000,850,1600,2500,3000,4200,4900,6000,7500,90000,142000,144000,35270,0,850,1857.4256796700959,158.9327140000023,143507.19928199987,724.2412531896796
1788776617,30,,Aggregated,16.400000,0.000000,850,1600,2500,3000,4200,4900,6000,7500,90000,142000,144000,35287,0,850,1857.1224044343032,158.9327140000023,143507.19928199987,724.2422421855074
1788776618,30,,Aggregated,16.100000,0.000000,850,1600,2500,3000,4200,4900,6000,7500,90000,142000,144000,35302,0,850,1856.9990577632498,158.9327140000023,143507.19928199987,724.2465582686533
1788776619,30,,Aggregated,16.000000,0.000000,850,1600,2500,3000,4200,4900,6000,7500,90000,142000,144000,35321,0,850,1856.8483921791922,158.9327140000023,143507.19928199987,724.2433396562951
1788776620,30,,Aggregated,16.100000,0.000000,850,1600,2500,3000,4200,4900,6000,7500,90000,142000,144000,35337,0,850,1856.7104157399112,158.9327140000023,143507.19928199987,724.2447293205422
1788776621,30,,Aggregated,16.200000,0.000000,850,1600,2500,3000,4200,4900,6000,7500,90000,142000,144000,35354,0,850,1856.5078884203267,158.9327140000023,143507.19928199987,724.2475816032132
1788776622,30,,Aggregated,16.200000,0.000000,850,1600,2500,3000,4200,4900,6000,7500,90000,142000,144000,35367,0,850,1856.3452685471268,158.9327140000023,143507.19928199987,724.2476885231996
1788776623,30,,Aggregated,16.200000,0.000000,850,1600,2500,3000,4200,4900,6000,7500,90000,142000,144000,35380,0,850,1856.4659291993,158.9327140000023,143507.19928199987,724.242085924251
1788776624,30,,Aggregated,16.200000,0.000000,850,1600,2500,3000,4200,4900,6000,7500,90000,142000,144000,35391,0,850,1856.4197648716975,158.9327140000023,143507.19928199987,724.2383939419626
1788776625,30,,Aggregated,15.600000,0.000000,850,1600,2500,3000,4200,4900,6000,7500,90000,142000,144000,35403,0,850,1856.395635718251,158.9327140000023,143507.19928199987,724.2390192921504
1788776626,30,,Aggregated,15.500000,0.000000,850,1600,2500,3000,4200,4900,6000,7500,90000,142000,144000,35418,0,850,1856.0866441968842,158.9327140000023,143507.19928199987,724.2386074877181
1788776627,30,,Aggregated,14.700000,0.000000,850,1600,2500,3000,4200,4900,6000,7500,90000,142000,144000,35436,0,850,1856.0585607303656,158.9327140000023,143507.19928199987,724.2400665989389
1788776628,30,,Aggregated,14.800000,0.000000,850,1600,2500,3000,4200,4900,6000,7500,90000,142000,144000,35452,0,850,1856.6688946440886,158.9327140000023,143507.19928199987,724.234880965813
1788776629,30,,Aggregated,15.400000,0.000000,850,1600,2500,3000,4200,4900,6000,7500,90000,142000,144000,35466,0,850,1856.289840347325,158.9327140000023,143507.19928199987,724.2377206338465
1788776630,30,,Aggregated,15.300000,0.000000,850,1600,2500,3000,4200,4900,6000,7500,90000,142000,144000,35485,0,850,1856.097837457214,158.9327140000023,143507.19928199987,724.2392560236719
1788776631,30,,Aggregated,14.600000,0.000000,850,1600,2500,3000,4200,4900,6000,7500,90000,142000,144000,35504,0,850,1856.7975411123318,158.9327140000023,143507.19928199987,724.2367057232988
1788776632,30,,Aggregated,15.000000,0.000000,850,1600,2500,3000,4200,4900,6000,7500,90000,142000,144000,35520,0,850,1856.543356292968,158.9327140000023,143507.19928199987,724.2337837837838
1788776633,30,,Aggregated,14.700000,0.000000,850,1600,2500,3000,4200,4900,6000,7500,90000,142000,144000,35538,0,850,1856.443474805707,158.9327140000023,143507.19928199987,724.2398559288649
1788776634,30,,Aggregated,14.900000,0.000000,850,1600,2500,3000,4200,4900,6000,7500,90000,142000,144000,35550,0,850,1856.1808710566022,158.9327140000023,143507.19928199987,724.2375808720112
1788776635,30,,Aggregated,15.300000,0.000000,850,1600,2500,3000,4200,4900,6000,7500,90000,142000,144000,35569,0,850,1856.146846075127,158.9327140000023,143507.19928199987,724.2370603615508
1788776636,30,,Aggregated,15.900000,0.000000,850,1600,2500,3000,4200,4900,6000,7500,90000,142000,144000,35585,0,850,1856.081129959876,158.9327140000023,143507.19928199987,724.2405226921455
1788776637,30,,Aggregated,16.800000,0.000000,850,1600,2500,3000,4200,4900,6000,7500,90000,142000,144000,35604,0,850,1857.6668860215477,158.9327140000023,143507.19928199987,724.238905740928
1788776638,30,,Aggregated,16.800000,0.000000,850,1600,2500,3000,4200,4900,6000,7500,90000,142000,144000,35619,0,850,1857.4736963002101,158.9327140000023,143507.19928199987,724.2398719784385
1788776639,30,,Aggregated,16.400000,0.000000,850,1600,2500,3000,4200,4900,6000,7500,90000,142000,144000,35636,0,850,1857.1768363840554,158.9327140000023,143507.19928199987,724.2424795150971
1788776640,30,,Aggregated,16.100000,0.000000,850,1600,2500,3000,4200,4900,6000,7500,90000,142000,144000,35652,0,850,1857.0048178891002,158.9327140000023,143507.19928199987,724.2417816672277
1788776641,30,,Aggregated,16.600000,0.000000,850,1600,2500,3000,4200,4900,6000,7500,90000,142000,144000,35665,0,850,1856.723393025212,158.9327140000023,143507.19928199987,724.2433478199916
1788776642,30,,Aggregated,16.600000,0.000000,850,1600,2500,3000,4200,4900,6000,7500,90000,142000,144000,35686,0,850,1856.895960350087,158.9327140000023,143507.19928199987,724.2446337499299
1788776643,30,,Aggregated,16.500000,0.000000,850,1600,2500,3000,4200,4900,6000,7500,90000,142000,144000,35699,0,850,1856.5970245276114,158.9327140000023,143507.19928199987,724.2461133365081
1788776644,30,,Aggregated,16.400000,0.000000,850,1600,2500,3000,4200,4900,6000,7500,90000,142000,144000,35718,0,850,1856.4924410785652,158.9327140000023,143507.19928199987,724.2465423595946
1788776645,30,,Aggregated,16.700000,0.000000,850,1600,2500,3000,4200,4900,6000,7500,90000,142000,144000,35732,0,850,1856.1972410666963,158.9327140000023,143507.19928199987,724.2476491660136
1788776646,30,,Aggregated,16.400000,0.000000,850,1600,2500,3000,4200,4900,6000,7500,90000,142000,144000,35749,0,850,1856.0718178757224,158.9327140000023,143507.19928199987,724.2431676410529
1788776647,30,,Aggregated,16.100000,0.000000,850,1600,2500,3000,4200,4900,6000,7500,90000,142000,144000,35766,0,850,1856.9456263319132,158.9327140000023,143507.19928199987,724.2455963764469
1788776648,30,,Aggregated,16.100000,0.000000,850,1600,2500,3000,4200,4900,6000,7500,90000,142000,144000,35782,0,850,1857.2346160227826,158.9327140000023,143507.19928199987,724.2457380805992
1788776649,30,,Aggregated,16.200000,0.000000,850,1600,2500,3000,4200,4900,6000,7500,90000,142000,144000,35799,0,850,1857.247370077494,158.9327140000023,143507.19928199987,724.2441408977904
1788776650,30,,Aggregated,16.400000,0.000000,850,1600,2500,3000,4200,4900,6000,7500,90000,142000,144000,35817,0,850,1857.1194260178468,158.9327140000023,143507.19928199987,724.2446324371109
1788776651,30,,Aggregated,16.300000,0.000000,850,1600,2500,3000,4200,4900,6000,7500,90000,142000,144000,35830,0,850,1856.8505153340282,158.9327140000023,143507.19928199987,724.2455484231091
1788776652,30,,Aggregated,16.200000,0.000000,850,1600,2500,3000,4200,4900,6000,7500,90000,142000,144000,35846,0,850,1856.608574412688,158.9327140000023,143507.19928199987,724.2461920437427
1788776653,30,,Aggregated,16.500000,0.000000,850,1600,2500,3000,4200,4900,6000,7500,90000,142000,144000,35864,0,850,1856.433804288485,158.9327140000023,143507.19928199987,724.2470165068034
1788776654,30,,Aggregated,16.400000,0.000000,850,1600,2500,3000,4200,4900,6000,7500,90000,142000,144000,35881,0,850,1856.4009614800098,158.9327140000023,143507.19928199987,724.2459797664502
1788776655,30,,Aggregated,15.800000,0.000000,850,1600,2500,3000,4200,4900,6000,7500,90000,142000,144000,35894,0,850,1856.180168186639,158.9327140000023,143507.19928199987,724.2468100518192
1788776656,30,,Aggregated,16.000000,0.000000,850,1600,2500,3000,4200,4900,6000,7500,90000,142000,144000,35913,0,850,1855.7783097553317,158.9327140000023,143507.19928199987,724.2500487288726
1788776657,30,,Aggregated,16.300000,0.000000,850,1600,2500,3000,4200,4900,6000,7500,90000,142000,144000,35927,0,850,1855.8147513722888,158.9327140000023,143507.19928199987,724.2503688034069
1788776658,30,,Aggregated,16.200000,0.000000,850,1600,2500,3000,4200,4900,6000,7500,90000,142000,144000,35947,0,850,1856.4505071775727,158.9327140000023,143507.19928199987,724.2442484769243
1788776659,30,,Aggregated,16.200000,0.000000,850,1600,2500,3000,4200,4900,6000,7500,90000,142000,144000,35962,0,850,1856.1905473059119,158.9327140000023,143507.19928199987,724.2485123185585
1788776660,30,,Aggregated,16.200000,0.000000,850,1600,2500,3000,4200,4900,6000,7500,90000,142000,144000,35977,0,850,1855.9235119643713,158.9327140000023,143507.19928199987,724.2516051922062
1788776661,30,,Aggregated,16.300000,0.000000,850,1600,2500,3000,4200,4900,6000,7500,90000,142000,144000,35992,0,850,1855.6561189895308,158.9327140000023,143507.19928199987,724.2511669259835
1788776662,30,,Aggregated,16.200000,0.000000,850,1600,2500,3000,4200,4900,6000,7500,90000,142000,144000,36011,0,850,1855.6120950540721,158.9327140000023,143507.19928199987,724.2505067895921
1788776663,30,,Aggregated,16.200000,0.000000,850,1600,2500,3000,4200,4900,6000,7500,90000,142000,144000,36026,0,850,1855.3986391193912,158.9327140000023,143507.19928199987,724.2517071004274
1788776664,30,,Aggregated,16.300000,0.000000,850,1600,2500,3000,4200,4900,6000,7500,90000,142000,144000,36043,0,850,1855.384357719507,158.9327140000023,143507.19928199987,724.2518935715673
1788776665,30,,Aggregated,16.700000,0.000000,850,1600,2500,3000,4200,4900,6000,7500,90000,142000,144000,36060,0,850,1855.025972973522,158.9327140000023,143507.19928199987,724.254908485857
1788776666,30,,Aggregated,16.500000,0.000000,850,1600,2500,3000,4200,4900,6000,7500,90000,142000,144000,36076,0,850,1855.0007225816662,158.9327140000023,143507.19928199987,724.2516908748198
1788776667,30,,Aggregated,16.200000,0.000000,850,1600,2500,3000,4200,4900,6000,7500,90000,142000,144000,36094,0,850,1855.4636676568737,158.9327140000023,143507.19928199987,724.2504017288192
1788776668,30,,Aggregated,16.500000,0.000000,850,1600,2500,3000,4200,4900,6000,7500,90000,142000,144000,36107,0,850,1855.0999557921507,158.9327140000023,143507.19928199987,724.2534688564544
1788776669,30,,Aggregated,16.100000,0.000000,850,1600,2500,3000,4200,4900,6000,7500,90000,142000,144000,36122,0,850,1854.7872150260557,158.9327140000023,143507.19928199987,724.2551630585239
1788776670,30,,Aggregated,16.300000,0.000000,850,1600,2500,3000,4200,4900,6000,7500,90000,142000,144000,36141,0,850,1854.7212243985553,158.9327140000023,143507.19928199987,724.2526770150245
1788776671,30,,Aggregated,16.100000,0.000000,850,1600,2500,3000,4200,4900,6000,7500,90000,142000,144000,36160,0,850,1854.680858562367,158.9327140000023,143507.19928199987,724.255503318584
1788776672,30,,Aggregated,16.200000,0.000000,850,1600,2500,3000,4200,4900,6000,7500,90000,142000,144000,36174,0,850,1854.544067028562,158.9327140000023,143507.19928199987,724.2570354398187
1788776673,30,,Aggregated,16.100000,0.000000,850,1600,2500,3000,4200,4900,6000,7500,90000,142000,144000,36191,0,850,1854.3301736472936,158.9327140000023,143507.19928199987,724.255284462988
1788776674,30,,Aggregated,16.100000,0.000000,850,1600,2500,3000,4200,4900,6000,7500,90000,142000,144000,36204,0,850,1854.1145767785108,158.9327140000023,143507.19928199987,724.2593636062313
1788776675,30,,Aggregated,16.100000,0.000000,850,1600,2500,3000,4200,4900,6000,7500,90000,142000,144000,36222,0,850,1853.8840118110877,158.9327140000023,143507.19928199987,724.2583236706973
1788776676,30,,Aggregated,16.000000,0.000000,850,1600,2500,3000,4200,4900,6000,7500,90000,142000,144000,36235,0,850,1853.7367437654818,158.9327140000023,143507.19928199987,724.2599144473576
1788776677,30,,Aggregated,16.500000,0.000000,850,1600,2500,3000,4200,4900,6000,7500,90000,142000,144000,36255,0,850,1853.7206606532952,158.9327140000023,143507.19928199987,724.2619500758516
1788776678,30,,Aggregated,16.300000,0.000000,850,1600,2500,3000,4200,4900,6000,7500,90000,142000,144000,36269,0,850,1853.4561710374483,158.9327140000023,143507.19928199987,724.2609390939921
1788776679,30,,Aggregated,16.400000,0.000000,850,1600,2500,3000,4200,4900,6000,7500,90000,142000,144000,36281,0,850,1853.5195507111769,158.9327140000023,143507.19928199987,724.2550370717455
1788776680,30,,Aggregated,16.200000,0.000000,850,1600,2500,3000,4200,4900,6000,7500,90000,142000,144000,36289,0,850,1853.3455644921387,158.9327140000023,143507.19928199987,724.2531070021219
1788776681,30,,Aggregated,16.000000,0.000000,850,1600,2500,3000,4200,4900,6000,7400,90000,142000,144000,36302,0,850,1853.6155592302694,158.9327140000023,143507.19928199987,724.2499311332709
1788776682,30,,Aggregated,15.100000,0.000000,850,1600,2500,3000,4200,4900,6000,7400,90000,142000,144000,36319,0,850,1853.8034271033946,158.9327140000023,143507.19928199987,724.249208403315
1788776683,30,,Aggregated,14.400000,0.000000,850,1600,2500,3000,4200,4900,6000,7400,90000,142000,144000,36336,0,850,1853.5733149727596,158.9327140000023,143507.19928199987,724.2501100836636
1788776684,30,,Aggregated,14.700000,0.000000,850,1600,2500,3000,4200,4900,6000,7500,90000,142000,144000,36352,0,850,1853.6321977592484,158.9327140000023,143507.19928199987,724.2492847711268
1788776685,30,,Aggregated,14.400000,0.000000,850,1600,2500,3000,4200,4900,6000,7500,90000,142000,144000,36368,0,850,1857.1264419274694,158.9327140000023,143507.19928199987,724.2471953365596
1788776686,30,,Aggregated,14.500000,0.000000,850,1600,2500,3000,4200,4900,6000,7500,90000,142000,144000,36386,0,850,1858.0364828806196,158.9327140000023,143507.19928199987,724.24712801627
1788776687,30,,Aggregated,14.400000,0.000000,850,1600,2500,3000,4200,4900,6000,7500,90000,142000,144000,36404,0,850,1858.0256705377776,158.9327140000023,143507.19928199987,724.2474178661686
1788776688,30,,Aggregated,14.700000,0.000000,850,1600,2500,3000,4200,4900,6000,7500,90000,142000,144000,36418,0,850,1858.8810533184767,158.9327140000023,143507.19928199987,724.2446317754957
1788776689,30,,Aggregated,14.600000,0.000000,850,1600,2500,3000,4200,4900,6000,7500,90000,142000,144000,36433,0,850,1858.6063180403828,158.9327140000023,143507.19928199987,724.2469464496473
1788776690,30,,Aggregated,14.900000,0.000000,850,1600,2500,3000,4200,4900,6000,7500,90000,142000,144000,36449,0,850,1858.470311621835,158.9327140000023,143507.19928199987,724.248703668139
1788776691,30,,Aggregated,14.900000,0.000000,850,1600,2500,3000,4200,4900,6000,7500,90000,142000,144000,36466,0,850,1858.2115198756724,158.9327140000023,143507.19928199987,724.2506444359129
1788776692,30,,Aggregated,15.700000,0.000000,850,1600,2500,3000,4200,4900,6000,7500,90000,142000,144000,36484,0,850,1860.6331883308917,158.9327140000023,143507.19928199987,724.2468205240654
1788776693,30,,Aggregated,16.400000,0.000000,850,1600,2500,3000,4200,4900,6000,7500,90000,142000,144000,36499,0,850,1860.4189921993836,158.9327140000023,143507.19928199987,724.2501712375681
1788776694,30,,Aggregated,16.500000,0.000000,850,1600,2500,3000,4200,4900,6000,7500,90000,142000,144000,36514,0,850,1860.4241132600175,158.9327140000023,143507.19928199987,724.2471380840226
1788776695,30,,Aggregated,16.300000,0.000000,850,1600,2500,3000,4200,4900,6000,7500,90000,142000,144000,36531,0,850,1860.187717247743,158.9327140000023,143507.19928199987,724.2511018039473
1788776696,30,,Aggregated,16.300000,0.000000,850,1600,2500,3000,4200,4900,6000,7500,90000,142000,144000,36544,0,850,1860.1978185170835,158.9327140000023,143507.19928199987,724.2493158931699
1788776697,30,,Aggregated,16.100000,0.000000,850,1600,2500,3000,4200,4900,6000,7500,90000,142000,144000,36561,0,850,1859.7583555053004,158.9327140000023,143507.19928199987,724.2504307869041
1788776698,30,,Aggregated,15.500000,0.000000,850,1600,2500,3000,4200,4900,6000,7500,90000,142000,144000,36579,0,850,1859.770557410981,158.9327140000023,143507.19928199987,724.2535881243336
1788776699,30,,Aggregated,15.900000,0.000000,850,1600,2500,3000,4200,4900,6000,7500,90000,142000,144000,36592,0,850,1859.4913337037679,158.9327140000023,143507.19928199987,724.2553290336685
1788776700,30,,Aggregated,15.600000,0.000000,850,1600,2500,3000,4200,4900,6000,7500,90000,142000,144000,36611,0,850,1859.3853315347649,158.9327140000023,143507.19928199987,724.2505257982574
1788776701,30,,Aggregated,16.100000,0.000000,850,1600,2500,3000,4200,4900,6000,7500,90000,142000,144000,36626,0,850,1859.3531825258638,158.9327140000023,143507.19928199987,724.2527166493747
1788776702,30,,Aggregated,16.000000,0.000000,850,1600,2500,3000,4200,4900,6000,7500,90000,142000,144000,36644,0,850,1859.4176165553235,158.9327140000023,143507.19928199987,724.2533020412619
1788776703,30,,Aggregated,16.200000,0.000000,850,1600,2500,3000,4200,4900,6000,7500,90000,142000,144000,36658,0,850,1859.1979219409209,158.9327140000023,143507.19928199987,724.2526051612199
1788776704,30,,Aggregated,15.700000,0.000000,850,1600,2500,3000,4200,4900,6000,7500,90000,142000,144000,36679,0,850,1861.0869770882327,158.9327140000023,143507.19928199987,724.2478529949017
1788776705,30,,Aggregated,16.300000,0.000000,850,1600,2500,3000,4200,4900,6000,7500,90000,142000,144000,36694,0,850,1860.7683287041548,158.9327140000023,143507.19928199987,724.2499863737941
1788776706,30,,Aggregated,16.300000,0.000000,850,1600,2500,3000,4200,4900,6000,7500,90000,142000,144000,36708,0,850,1860.6243886278542,158.9327140000023,143507.19928199987,724.2511986487959
1788776707,30,,Aggregated,16.400000,0.000000,850,1600,2500,3000,4200,4900,6000,7500,90000,142000,144000,36723,0,850,1860.3258040579549,158.9327140000023,143507.19928199987,724.2547994444898
1788776708,30,,Aggregated,16.700000,0.000000,850,1600,2500,3000,4200,4900,6000,7500,90000,142000,144000,36740,0,850,1860.157740598864,158.9327140000023,143507.19928199987,724.2532934131737
1788776709,30,,Aggregated,16.600000,0.000000,850,1600,2500,3000,4200,4900,6000,7500,90000,142000,144000,36754,0,850,1860.3853348306925,158.9327140000023,143507.19928199987,724.2485715840453
1788776710,30,,Aggregated,16.400000,0.000000,850,1600,2500,3000,4200,4900,6000,7500,90000,142000,144000,36763,0,850,1860.2750953537864,158.9327140000023,143507.19928199987,724.2459538122569
1788776711,30,,Aggregated,16.300000,0.000000,850,1600,2500,3000,4200,4900,6000,7500,90000,142000,144000,36775,0,850,1860.2847320965125,158.9327140000023,143507.19928199987,724.24288239293
1788776712,30,,Aggregated,15.900000,0.000000,850,1600,2500,3000,4200,4900,6000,7500,90000,142000,144000,36783,0,850,1860.1728715569755,158.9327140000023,143507.19928199987,724.2383981730691
1788776713,30,,Aggregated,14.900000,0.000000,850,1600,2500,3000,4200,4900,6000,7500,90000,142000,144000,36795,0,850,1860.9284835466565,158.9327140000023,143507.19928199987,724.2329936132627
1788776714,30,,Aggregated,14.500000,0.000000,850,1600,2500,3000,4200,4900,6000,7500,90000,142000,144000,36804,0,850,1860.8524410321486,158.9327140000023,143507.19928199987,724.2298934898381
1788776715,30,,Aggregated,13.800000,0.000000,850,1600,2500,3000,4200,4900,6000,7500,90000,142000,144000,36818,0,850,1861.0779877150899,158.9327140000023,143507.19928199987,724.2262751914824
1788776716,30,,Aggregated,13.300000,0.000000,850,1600,2500,3000,4200,4900,6000,7500,90000,142000,144000,36830,0,850,1861.0315951566433,158.9327140000023,143507.19928199987,724.2223187618789
1788776717,30,,Aggregated,12.800000,0.000000,850,1600,2500,3000,4200,4900,6000,7500,90000,142000,144000,36841,0,850,1861.0476797467004,158.9327140000023,143507.19928199987,724.2164164924948
1788776718,30,,Aggregated,12.200000,0.000000,850,1600,2500,3000,4200,4900,6000,7500,90000,142000,144000,36850,0,850,1860.9693997086881,158.9327140000023,143507.19928199987,724.2124559023066
1788776719,30,,Aggregated,11.500000,0.000000,850,1600,2500,3000,4200,4900,6000,7500,90000,142000,144000,36862,0,850,1860.9022228787949,158.9327140000023,143507.19928199987,724.209049970159
1788776720,30,,Aggregated,11.100000,0.000000,850,1600,2500,3000,4200,4900,6000,7500,90000,142000,144000,36871,0,850,1860.953072556728,158.9327140000023,143507.19928199987,724.2072631607497
1788776721,30,,Aggregated,10.600000,0.000000,850,1600,2500,3000,4200,4900,6000,7500,90000,142000,144000,36882,0,850,1860.9864070592191,158.9327140000023,143507.19928199987,724.2038121576921
1788776722,30,,Aggregated,10.600000,0.000000,850,1600,2500,3000,4200,4900,6000,7500,90000,142000,144000,36899,0,850,1862.6889005192852,158.9327140000023,143507.19928199987,724.1988400769668
1788776723,30,,Aggregated,10.900000,0.000000,850,1600,2500,3000,4200,4900,6000,7500,90000,142000,144000,36916,0,850,1862.6119256603397,158.9327140000023,143507.19928199987,724.1992631921119
1788776724,30,,Aggregated,11.500000,0.000000,850,1600,2500,3000,4200,4900,6000,7500,90000,142000,144000,36930,0,850,1862.3079082543493,158.9327140000023,143507.19928199987,724.2009206607095
1788776725,30,,Aggregated,11.600000,0.000000,850,1600,2500,3000,4200,4900,6000,7500,90000,142000,144000,36950,0,850,1862.2244186994349,158.9327140000023,143507.19928199987,724.2021921515561
1788776726,30,,Aggregated,12.100000,0.000000,850,1600,2500,3000,4200,4900,6000,7500,90000,142000,144000,36965,0,850,1862.1281464249448,158.9327140000023,143507.19928199987,724.2034356824023
1788776727,30,,Aggregated,12.500000,0.000000,850,1600,2500,3000,4200,4900,6000,7500,90000,142000,144000,36982,0,850,1861.9302886639196,158.9327140000023,143507.19928199987,724.2030717646422
1788776728,30,,Aggregated,13.100000,0.000000,850,1600,2500,3000,4200,4900,6000,7500,90000,142000,144000,36996,0,850,1861.6713579554832,158.9327140000023,143507.19928199987,724.2056438533896
1788776729,30,,Aggregated,13.900000,0.000000,850,1600,2500,3000,4200,4900,6000,7500,90000,142000,144000,37014,0,850,1861.4332150342323,158.9327140000023,143507.19928199987,724.2067055708651
1788776730,30,,Aggregated,14.700000,0.000000,850,1600,2500,3000,4200,4900,6000,7500,90000,142000,144000,37033,0,850,1862.2623513287347,158.9327140000023,143507.19928199987,724.2039532309021
1788776731,30,,Aggregated,14.900000,0.000000,850,1600,2500,3000,4200,4900,6000,7500,90000,142000,144000,37047,0,850,1862.2343451692448,158.9327140000023,143507.19928199987,724.206575431209
1788776732,30,,Aggregated,15.400000,0.000000,850,1600,2500,3000,4200,4900,6000,7500,90000,142000,144000,37065,0,850,1862.2344790542559,158.9327140000023,143507.19928199987,724.2063671927694
1788776733,30,,Aggregated,16.400000,0.000000,850,1600,2500,3000,4200,4900,6000,7500,90000,142000,144000,37083,0,850,1861.8868617773096,158.9327140000023,143507.19928199987,724.2062400560903
1788776734,30,,Aggregated,16.100000,0.000000,850,1600,2500,3000,4200,4900,6000,7500,90000,142000,144000,37095,0,850,1861.9211677333594,158.9327140000023,143507.19928199987,724.2061733387249
1788776735,30,,Aggregated,16.500000,0.000000,850,1600,2500,3000,4200,4900,6000,7500,90000,142000,144000,37112,0,850,1861.7587746708607,158.9327140000023,143507.19928199987,724.2051627505928
1788776736,30,,Aggregated,16.500000,0.000000,850,1600,2500,3000,4200,4900,6000,7500,90000,142000,144000,37128,0,850,1861.722784287168,158.9327140000023,143507.19928199987,724.2079831932773
1788776737,30,,Aggregated,16.500000,0.000000,850,1600,2500,3000,4200,4900,6000,7500,90000,142000,144000,37146,0,850,1861.7525246063897,158.9327140000023,143507.19928199987,724.2076939643568
1788776738,30,,Aggregated,16.500000,0.000000,850,1600,2500,3000,4200,4900,6000,7500,90000,142000,144000,37160,0,850,1862.2319956110591,158.9327140000023,143507.19928199987,724.2068622174381
1788776739,30,,Aggregated,16.400000,0.000000,850,1600,2500,3000,4200,4900,6000,7500,90000,142000,144000,37171,0,850,1862.134584030345,158.9327140000023,143507.19928199987,724.1999946194614
1788776740,30,,Aggregated,16.400000,0.000000,850,1600,2500,3000,4200,4900,6000,7500,90000,142000,144000,37181,0,850,1862.1302593652122,158.9327140000023,143507.19928199987,724.198596057126
1788776741,30,,Aggregated,16.200000,0.000000,850,1600,2500,3000,4200,4900,6000,7500,90000,142000,144000,37196,0,850,1862.177957958839,158.9327140000023,143507.19928199987,724.1956393160555
1788776742,30,,Aggregated,15.500000,0.000000,850,1600,2500,3000,4200,4900,6000,7500,90000,142000,144000,37213,0,850,1862.1095370356593,158.9327140000023,143507.19928199987,724.1955230698949
1788776743,30,,Aggregated,14.500000,0.000000,850,1600,2500,3000,4200,4900,6000,7500,90000,142000,144000,37229,0,850,1861.9707893743848,158.9327140000023,143507.19928199987,724.1960031158505
1788776744,30,,Aggregated,14.700000,0.000000,850,1600,2500,3000,4200,4900,6000,7500,90000,142000,144000,37245,0,850,1861.8391122859439,158.9327140000023,143507.19928199987,724.1987380856491
1788776745,30,,Aggregated,14.900000,0.000000,850,1600,2500,3000,4200,4900,6000,7500,90000,142000,144000,37262,0,850,1861.7569743321874,158.9327140000023,143507.19928199987,724.1992378294241
1788776746,30,,Aggregated,14.500000,0.000000,850,1600,2500,3000,4200,4900,6000,7500,90000,142000,144000,37279,0,850,1861.5008879259624,158.9327140000023,143507.19928199987,724.1997907669197
1788776747,30,,Aggregated,14.900000,0.000000,850,1600,2500,3000,4200,4900,6000,7500,90000,142000,144000,37295,0,850,1861.3386578462519,158.9327140000023,143507.19928199987,724.1994369218394
1788776748,30,,Aggregated,15.100000,0.000000,850,1600,2500,3000,4200,4900,6000,7500,90000,142000,144000,37310,0,850,1861.1804110613234,158.9327140000023,143507.19928199987,724.200938086304
1788776749,30,,Aggregated,14.700000,0.000000,850,1600,2500,3000,4200,4900,6000,7500,90000,142000,144000,37324,0,850,1860.954503209918,158.9327140000023,143507.19928199987,724.203488372093
1788776750,30,,Aggregated,14.400000,0.000000,850,1600,2500,3000,4200,4900,6000,7500,90000,142000,144000,37344,0,850,1860.8936035405416,158.9327140000023,143507.19928199987,724.2020672664953
1788776751,30,,Aggregated,15.000000,0.000000,850,1600,2500,3000,4200,4900,6000,7500,90000,142000,144000,37356,0,850,1860.7338393918778,158.9327140000023,143507.19928199987,724.2006371131813
1788776752,30,,Aggregated,15.300000,0.000000,850,1600,2500,3000,4200,4900,6000,7500,90000,142000,144000,37373,0,850,1860.4786206610652,158.9327140000023,143507.19928199987,724.2053086452787
1788776753,30,,Aggregated,16.000000,0.000000,850,1600,2500,3000,4200,4900,6000,7500,90000,142000,144000,37389,0,850,1860.4680067775816,158.9327140000023,143507.19928199987,724.204311428495
1788776754,30,,Aggregated,16.000000,0.000000,850,1600,2500,3000,4200,4900,6000,7500,90000,142000,144000,37407,0,850,1860.777110132302,158.9327140000023,143507.19928199987,724.2021279439678
1788776755,30,,Aggregated,15.500000,0.000000,850,1600,2500,3000,4200,4900,6000,7500,90000,142000,144000,37420,0,850,1860.7290765096213,158.9327140000023,143507.19928199987,724.2056921432389
1788776756,30,,Aggregated,16.200000,0.000000,850,1600,2500,3000,4200,4900,6000,7500,90000,142000,144000,37438,0,850,1860.4586281195045,158.9327140000023,143507.19928199987,724.2067151023025
1788776757,30,,Aggregated,15.900000,0.000000,850,1600,2500,3000,4200,4900,6000,7500,90000,142000,144000,37453,0,850,1860.1784641095508,158.9327140000023,143507.19928199987,724.2080474194323
1788776758,30,,Aggregated,15.600000,0.000000,850,1600,2500,3000,4200,4900,6000,7500,90000,142000,144000,37472,0,850,1860.0323114367256,158.9327140000023,143507.19928199987,724.2086090947907
1788776759,30,,Aggregated,16.000000,0.000000,850,1600,2500,3000,4200,4900,6000,7500,90000,142000,144000,37489,0,850,1860.4954591261694,158.9327140000023,143507.19928199987,724.2077409373417
1788776760,30,,Aggregated,15.900000,0.000000,850,1600,2500,3000,4200,4900,6000,7500,90000,142000,144000,37507,0,850,1860.2914916851246,158.9327140000023,143507.19928199987,724.2107339963206
1788776761,30,,Aggregated,16.100000,0.000000,850,1600,2500,3000,4200,4900,6000,7500,90000,142000,144000,37523,0,850,1860.0470310048493,158.9327140000023,143507.19928199987,724.2135756735869
1788776762,30,,Aggregated,16.800000,0.000000,850,1600,2500,3000,4200,4900,6000,7500,90000,142000,144000,37538,0,850,1859.9059106473162,158.9327140000023,143507.19928199987,724.2119985081783
1788776763,30,,Aggregated,16.500000,0.000000,850,1600,2500,3000,4200,4900,6000,7500,90000,142000,144000,37552,0,850,1859.575386370818,158.9327140000023,143507.19928199987,724.2126917341287
1788776764,30,,Aggregated,16.500000,0.000000,850,1600,2500,3000,4200,4900,6000,7500,90000,142000,144000,37567,0,850,1859.5610646853345,158.9327140000023,143507.19928199987,724.2137780498842
1788776765,30,,Aggregated,16.900000,0.000000,850,1600,2500,3000,4200,4900,6000,7500,90000,142000,144000,37586,0,850,1859.5446788470158,158.9327140000023,143507.19928199987,724.2152663225669
1788776766,30,,Aggregated,16.200000,0.000000,850,1600,2500,3000,4200,4900,6000,7500,90000,142000,144000,37604,0,850,1859.4529948160816,158.9327140000023,143507.19928199987,724.2164397404531
1788776767,30,,Aggregated,16.100000,0.000000,850,1600,2500,3000,4200,4900,6000,7500,90000,142000,144000,37615,0,850,1859.237637049633,158.9327140000023,143507.19928199987,724.2165625415392
1788776768,30,,Aggregated,16.200000,0.000000,850,1600,2500,3000,4200,4900,6000,7500,90000,142000,144000,37632,0,850,1858.946102813455,158.9327140000023,143507.19928199987,724.2147640306123
1788776769,30,,Aggregated,16.300000,0.000000,850,1600,2500,3000,4200,4900,6000,7500,90000,142000,144000,37643,0,850,1859.0978161953333,158.9327140000023,143507.19928199987,724.210636771777
1788776770,30,,Aggregated,16.200000,0.000000,850,1600,2500,3000,4200,4900,6000,7500,90000,142000,144000,37655,0,850,1860.8702997525945,158.9327140000023,143507.19928199987,724.2053113796309
1788776771,30,,Aggregated,15.900000,0.000000,850,1600,2500,3000,4200,4900,6000,7500,90000,142000,144000,37669,0,850,1861.2542968765022,158.9327140000023,143507.19928199987,724.2007220791633
1788776772,30,,Aggregated,15.100000,0.000000,850,1600,2500,3000,4200,4900,6000,7500,90000,142000,144000,37687,0,850,1862.141342375566,158.9327140000023,143507.19928199987,724.2038368668241
1788776773,30,,Aggregated,14.700000,0.000000,850,1600,2500,3000,4200,4900,6000,7500,90000,142000,144000,37703,0,850,1861.9973477037356,158.9327140000023,143507.19928199987,724.2016285176246
1788776774,30,,Aggregated,14.800000,0.000000,850,1600,2500,3000,4200,4900,6000,7500,90000,142000,144000,37720,0,850,1861.8265550964454,158.9327140000023,143507.19928199987,724.2005302226935
1788776775,30,,Aggregated,14.700000,0.000000,850,1600,2500,3000,4200,4900,6000,7500,90000,142000,144000,37741,0,850,1861.7580537750168,158.9327140000023,143507.19928199987,724.203227259479
1788776776,30,,Aggregated,15.300000,0.000000,850,1600,2500,3000,4200,4900,6000,7500,90000,142000,144000,37754,0,850,1861.3492806797938,158.9327140000023,143507.19928199987,724.2053557238968
1788776777,30,,Aggregated,15.500000,0.000000,850,1600,2500,3000,4200,4900,6000,7500,90000,142000,144000,37774,0,850,1861.2329448966461,158.9327140000023,143507.19928199987,724.2036850743898
1788776778,30,,Aggregated,15.600000,0.000000,850,1600,2500,3000,4200,4900,6000,7500,90000,142000,144000,37788,0,850,1861.1278122852732,158.9327140000023,143507.19928199987,724.2063353445538
1788776779,30,,Aggregated,15.200000,0.000000,850,1600,2500,3000,4200,4900,6000,7500,90000,142000,144000,37802,0,850,1860.8523352571794,158.9327140000023,143507.19928199987,724.2062324744722
1788776780,30,,Aggregated,15.700000,0.000000,850,1600,2500,3000,4200,4900,6000,7500,90000,142000,144000,37821,0,850,1860.6866901494377,158.9327140000023,143507.19928199987,724.2096718754132
1788776781,30,,Aggregated,15.700000,0.000000,850,1600,2500,3000,4200,4900,6000,7500,90000,142000,144000,37840,0,850,1860.6260643950031,158.9327140000023,143507.19928199987,724.2061575052854
1788776782,30,,Aggregated,15.800000,0.000000,850,1600,2500,3000,4200,4900,6000,7500,90000,142000,144000,37856,0,850,1861.1280548573525,158.9327140000023,143507.19928199987,724.207496830093
1788776783,30,,Aggregated,16.800000,0.000000,850,1600,2500,3000,4200,4900,6000,7500,90000,142000,144000,37873,0,850,1863.2730195011727,158.9327140000023,143507.19928199987,724.2039975708288
1788776784,30,,Aggregated,16.700000,0.000000,850,1600,2500,3000,4200,4900,6000,7500,90000,142000,144000,37887,0,850,1862.9220062910485,158.9327140000023,143507.19928199987,724.2080133027159
1788776785,30,,Aggregated,16.800000,0.000000,850,1600,2500,3000,4200,4900,6000,7500,90000,142000,144000,37904,0,850,1862.78570568858,158.9327140000023,143507.19928199987,724.207814478683
1788776786,30,,Aggregated,16.600000,0.000000,850,1600,2500,3000,4200,4900,6000,7500,90000,142000,144000,37922,0,850,1862.621818591476,158.9327140000023,143507.19928199987,724.2072675491798
1788776787,30,,Aggregated,16.400000,0.000000,850,1600,2500,3000,4200,4900,6000,7500,90000,142000,144000,37937,0,850,1862.4779744756033,158.9327140000023,143507.19928199987,724.209399794396
1788776788,30,,Aggregated,16.400000,0.000000,850,1600,2500,3000,4200,4900,6000,7500,90000,142000,144000,37954,0,850,1862.761171266717,158.9327140000023,143507.19928199987,724.209068872846
1788776789,30,,Aggregated,16.700000,0.000000,850,1600,2500,3000,4200,4900,6000,7500,90000,142000,144000,37971,0,850,1862.6724013292237,158.9327140000023,143507.19928199987,724.2083432092913
1788776790,30,,Aggregated,16.400000,0.000000,850,1600,2500,3000,4200,4900,6000,7500,90000,142000,144000,37986,0,850,1862.416410087636,158.9327140000023,143507.19928199987,724.2109724635392
1788776791,30,,Aggregated,16.400000,0.000000,850,1600,2500,3000,4200,4900,6000,7500,90000,142000,144000,38004,0,850,1862.202579726448,158.9327140000023,143507.19928199987,724.2101357751816
1788776792,30,,Aggregated,16.900000,0.000000,850,1600,2500,3000,4200,4900,6000,7500,90000,142000,144000,38024,0,850,1862.0514944812478,158.9327140000023,143507.19928199987,724.21063012834
1788776793,30,,Aggregated,16.400000,0.000000,850,1600,2500,3000,4200,4900,6000,7500,90000,142000,144000,38038,0,850,1861.8416609777055,158.9327140000023,143507.19928199987,724.2155738997844
1788776794,30,,Aggregated,16.600000,0.000000,850,1600,2500,3000,4200,4900,6000,7500,90000,142000,144000,38053,0,850,1861.6694529068916,158.9327140000023,143507.19928199987,724.2155152024808
1788776795,30,,Aggregated,16.700000,0.000000,850,1600,2500,3000,4200,4900,6000,7500,90000,142000,144000,38069,0,850,1861.4460823988006,158.9327140000023,143507.19928199987,724.2161338621976
1788776796,30,,Aggregated,16.500000,0.000000,850,1600,2500,3000,4200,4900,6000,7500,90000,142000,144000,38088,0,850,1861.5524144354638,158.9327140000023,143507.19928199987,724.217049989498
1788776797,30,,Aggregated,16.500000,0.000000,850,1600,2500,3000,4200,4900,6000,7500,90000,142000,144000,38099,0,850,1861.3473702284034,158.9327140000023,143507.19928199987,724.2179059817843
1788776798,30,,Aggregated,16.500000,0.000000,850,1600,2500,3000,4200,4900,6000,7500,90000,142000,144000,38113,0,850,1861.1671794581355,158.9327140000023,143507.19928199987,724.216514050324
1788776799,30,,Aggregated,16.600000,0.000000,850,1600,2500,3000,4200,4900,6000,7500,90000,142000,144000,38127,0,850,1861.2835841906767,158.9327140000023,143507.19928199987,724.2142838408477
1788776800,30,,Aggregated,16.200000,0.000000,850,1600,2500,3000,4200,4900,6000,7500,90000,142000,144000,38138,0,850,1861.178014951254,158.9327140000023,143507.19928199987,724.208584613771
1788776801,30,,Aggregated,15.800000,0.000000,850,1600,2500,3000,4200,4900,6000,7500,90000,142000,144000,38151,0,850,1861.1881853954792,158.9327140000023,143507.19928199987,724.2073864381013
1788776802,30,,Aggregated,15.400000,0.000000,850,1600,2500,3000,4200,4900,6000,7500,90000,142000,144000,38171,0,850,1861.0895417532668,158.9327140000023,143507.19928199987,724.2090854313484
1788776803,30,,Aggregated,15.100000,0.000000,850,1600,2500,3000,4200,4900,6000,7500,90000,142000,144000,38183,0,850,1860.9904983077006,158.9327140000023,143507.19928199987,724.2095173244637
1788776804,30,,Aggregated,14.500000,0.000000,850,1600,2500,3000,4200,4900,6000,7500,90000,142000,144000,38203,0,850,1860.7948565499291,158.9327140000023,143507.19928199987,724.2085438316362
1788776805,30,,Aggregated,14.700000,0.000000,850,1600,2500,3000,4200,4900,6000,7500,90000,142000,144000,38218,0,850,1861.262830192369,158.9327140000023,143507.19928199987,724.2100580878121
1788776806,30,,Aggregated,14.600000,0.000000,850,1600,2500,3000,4200,4900,6000,7500,90000,142000,144000,38234,0,850,1861.417893504263,158.9327140000023,143507.19928199987,724.2097871004864
1788776807,30,,Aggregated,15.000000,0.000000,850,1600,2500,3000,4200,4900,6000,7500,90000,142000,144000,38249,0,850,1861.2380265223399,158.9327140000023,143507.19928199987,724.209025072551
1788776808,30,,Aggregated,14.900000,0.000000,850,1600,2500,3000,4200,4900,6000,7500,90000,142000,144000,38268,0,850,1861.1229380431166,158.9327140000023,143507.19928199987,724.2104891815616
1788776809,30,,Aggregated,14.600000,0.000000,850,1600,2500,3000,4200,4900,6000,7500,90000,142000,144000,38283,0,850,1860.9285373307214,158.9327140000023,143507.19928199987,724.2125486508372
1788776810,30,,Aggregated,15.100000,0.000000,850,1600,2500,3000,4200,4900,6000,7500,90000,142000,144000,38302,0,850,1860.9505240228445,158.9327140000023,143507.19928199987,724.2118166153203
1788776811,30,,Aggregated,15.400000,0.000000,850,1600,2500,3000,4200,4900,6000,7500,90000,142000,144000,38317,0,850,1860.6618183235894,158.9327140000023,143507.19928199987,724.2132212855912
1788776812,30,,Aggregated,15.600000,0.000000,850,1600,2500,3000,4200,4900,6000,7500,90000,142000,144000,38333,0,850,1860.5529111994624,158.9327140000023,143507.19928199987,724.2116714058383
1788776813,30,,Aggregated,16.200000,0.000000,850,1600,2500,3000,4200,4900,6000,7500,90000,142000,144000,38352,0,850,1860.3204930237796,158.9327140000023,143507.19928199987,724.212505214852
1788776814,30,,Aggregated,16.500000,0.000000,850,1600,2500,3000,4200,4900,6000,7500,90000,142000,144000,38362,0,850,1861.2874365540642,158.9327140000023,143507.19928199987,724.2162296022105
1788776815,30,,Aggregated,16.300000,0.000000,850,1600,2500,3000,4200,4900,6000,7500,90000,142000,144000,38377,0,850,1861.0690323151623,158.9327140000023,143507.19928199987,724.2157802850666
1788776816,30,,Aggregated,16.700000,0.000000,850,1600,2500,3000,4200,4900,6000,7500,90000,142000,144000,38398,0,850,1861.0929944658833,158.9327140000023,143507.19928199987,724.2124068961925
1788776817,30,,Aggregated,15.700000,0.000000,850,1600,2500,3000,4200,4900,6000,7500,90000,142000,144000,38413,0,850,1860.970063960508,158.9327140000023,143507.19928199987,724.2162809465545
1788776818,30,,Aggregated,15.700000,0.000000,850,1600,2500,3000,4200,4900,6000,7500,90000,142000,144000,38428,0,850,1860.5648496874662,158.9327140000023,143507.19928199987,724.2186947017799
1788776819,30,,Aggregated,16.300000,0.000000,850,1600,2500,3000,4200,4900,6000,7500,90000,142000,144000,38446,0,850,1860.590030974976,158.9327140000023,143507.19928199987,724.2175518909639
1788776820,30,,Aggregated,16.100000,0.000000,850,1600,2500,3000,4200,4900,6000,7500,90000,142000,144000,38465,0,850,1860.5379874505625,158.9327140000023,143507.19928199987,724.2189522942936
1788776821,30,,Aggregated,16.000000,0.000000,850,1600,2500,3000,4200,4900,6000,7500,90000,142000,144000,38476,0,850,1860.1695305592552,158.9327140000023,143507.19928199987,724.2203711404512
1788776822,30,,Aggregated,16.300000,0.000000,850,1600,2500,3000,4200,4900,6000,7500,90000,142000,144000,38492,0,850,1859.9979971320251,158.9327140000023,143507.19928199987,724.2206692299699
1788776823,30,,Aggregated,16.300000,0.000000,850,1600,2500,3000,4200,4900,6000,7500,90000,142000,144000,38507,0,850,1860.1151808923807,158.9327140000023,143507.19928199987,724.2211286259641
1788776824,30,,Aggregated,16.000000,0.000000,850,1600,2500,3000,4200,4900,6000,7500,90000,142000,144000,38527,0,850,1860.2444260790335,158.9327140000023,143507.19928199987,724.2173281075609
