2026/07/16 16:39:41 Registration for node: (ROME)PggEmq69qpaL4AL5Bf3FQo1784212781413518727 - amd64
2026/07/16 16:39:41 Connecting to etcd
2026/07/16 16:39:41 Connected to etcd
2026/07/16 16:39:41 etcd connection state: READY
2026/07/16 16:39:41 etcd: connected and ready
2026/07/16 16:39:41 Registering to etcd: registry/ROME/__lb/amd64/PggEmq69qpaL4AL5Bf3FQo1784212781413518727
2026/07/16 16:39:41 Found target: fL8hSEQbVS9m4dxEdThTyM1784212776407587309
2026/07/16 16:39:41 Found target: rhRQwM8zhJucyEvB7Fk9w81784212776405966921
2026/07/16 16:39:41 Found target: 6rHEgVAqQqwe4LoCgnNLXg1784212776406631102
2026/07/16 16:39:41 Found target: SL84UtV93ZVoAzC83GJyCc1784212776406309878
2026/07/16 16:39:41 Found 4 targets
2026/07/16 16:39:41 Initializing with 4 targets.
2026/07/16 16:39:41 Running ArchitectureAwareLB with 128 replicas per node in the hash rings
2026/07/16 16:39:41 LB mode set to MAB
2026/07/16 16:39:41 [LB][MAB] event=new_machine_tag_discovered tag=x86-tiny/gpu/nvidia arch=amd64 action=create_ring_and_add_mab_arm
2026/07/16 16:39:41 [LB] Adding target x86-tiny/gpu/nvidia
2026/07/16 16:39:41 [LB][MAB] event=new_machine_tag_discovered tag=arm-tiny arch=amd64 action=create_ring_and_add_mab_arm
2026/07/16 16:39:41 [LB] Adding target arm-tiny
2026/07/16 16:39:41 [LB][MAB] event=new_machine_tag_discovered tag=x86-large/gpu/amd arch=amd64 action=create_ring_and_add_mab_arm
2026/07/16 16:39:41 [LB] Adding target x86-large/gpu/amd
2026/07/16 16:39:41 [LB][MAB] event=new_machine_tag_discovered tag=x86-tiny arch=amd64 action=create_ring_and_add_mab_arm
2026/07/16 16:39:41 [LB] Adding target x86-tiny
⇨ http server started on [::]:8080
2026/07/16 16:39:44 [LB]: Periodic targets update
2026/07/16 16:39:44 Found target: rhRQwM8zhJucyEvB7Fk9w81784212776405966921
2026/07/16 16:39:44 Found target: 6rHEgVAqQqwe4LoCgnNLXg1784212776406631102
2026/07/16 16:39:44 Found target: SL84UtV93ZVoAzC83GJyCc1784212776406309878
2026/07/16 16:39:44 Found target: fL8hSEQbVS9m4dxEdThTyM1784212776407587309
2026/07/16 16:39:44 Found 4 targets
2026/07/16 16:39:46 [LB] Compatible tag found: function=mab_cost_aware_1784212775 tag=x86-tiny/gpu/nvidia arch=amd64 pattern="gpu" ring_size=1
2026/07/16 16:39:46 [LB] Compatible tag found: function=mab_cost_aware_1784212775 tag=x86-large/gpu/amd arch=amd64 pattern="gpu" ring_size=1
2026/07/16 16:39:46 [LB] Compatible tags for function 'mab_cost_aware_1784212775': [x86-tiny/gpu/nvidia x86-large/gpu/amd]
2026/07/16 16:39:46 [LB][MAB] event=before_select function=mab_cost_aware_1784212775 compatible_tags=[x86-tiny/gpu/nvidia x86-large/gpu/amd] has_context=true
2026/07/16 16:39:46 BanditManager GetBandit: policy type: LinUCB
2026/07/16 16:39:46 Initialized LinUCB bandit for mab_cost_aware_1784212775
2026/07/16 16:39:46 [MAB] event=arm_added ts=1784212786447 policy=LinUCB function=mab_cost_aware_1784212775 arm=x86-tiny/gpu/nvidia arms=[x86-tiny/gpu/nvidia]
2026/07/16 16:39:46 [MAB] event=arm_added ts=1784212786447 policy=LinUCB function=mab_cost_aware_1784212775 arm=arm-tiny arms=[arm-tiny,x86-tiny/gpu/nvidia]
2026/07/16 16:39:46 [MAB] event=arm_added ts=1784212786447 policy=LinUCB function=mab_cost_aware_1784212775 arm=x86-large/gpu/amd arms=[arm-tiny,x86-large/gpu/amd,x86-tiny/gpu/nvidia]
2026/07/16 16:39:46 [MAB] event=arm_added ts=1784212786447 policy=LinUCB function=mab_cost_aware_1784212775 arm=x86-tiny arms=[arm-tiny,x86-large/gpu/amd,x86-tiny,x86-tiny/gpu/nvidia]
2026/07/16 16:39:46 [MAB] event=arm_score ts=1784212786447 policy=LinUCB function=mab_cost_aware_1784212775 arm=x86-tiny/gpu/nvidia score=0.140723 expected_reward=0.000000 confidence=0.140723 mem_usage=0.000000
2026/07/16 16:39:46 [MAB] event=arm_score ts=1784212786447 policy=LinUCB function=mab_cost_aware_1784212775 arm=x86-large/gpu/amd score=0.140723 expected_reward=0.000000 confidence=0.140723 mem_usage=0.000000
2026/07/16 16:39:46 [MAB] event=select_arm ts=1784212786447 policy=LinUCB function=mab_cost_aware_1784212775 selected_arm=x86-tiny/gpu/nvidia reason=linucb_score score=0.140723 arms=[x86-tiny/gpu/nvidia,x86-large/gpu/amd]
2026/07/16 16:39:46 [LB][MAB] event=after_select function=mab_cost_aware_1784212775 selected_tag=x86-tiny/gpu/nvidia compatible_tags=[x86-tiny/gpu/nvidia x86-large/gpu/amd]
2026/07/16 16:39:46 Candidate has: 512 MB free memory. Function needs: 128 MB
2026/07/16 16:39:46 [LB] Selected target for function 'mab_cost_aware_1784212775': target_tag=x86-tiny/gpu/nvidia candidate=fL8hSEQbVS9m4dxEdThTyM1784212776407587309 candidate_tag=x86-tiny/gpu/nvidia
2026/07/16 16:39:46 [LB-Update] Node fL8hSEQbVS9m4dxEdThTyM1784212776407587309 reported 512 MB free
2026/07/16 16:39:46 [MAB] event=skip_cold_start ts=1784212786933 policy=LinUCB function=mab_cost_aware_1784212775 arm=x86-tiny/gpu/nvidia duration_ms=6.952269 reason=cold_start
2026/07/16 16:39:47 [LB] Compatible tag found: function=mab_cost_aware_1784212775 tag=x86-tiny/gpu/nvidia arch=amd64 pattern="gpu" ring_size=1
2026/07/16 16:39:47 [LB] Compatible tag found: function=mab_cost_aware_1784212775 tag=x86-large/gpu/amd arch=amd64 pattern="gpu" ring_size=1
2026/07/16 16:39:47 [LB] Compatible tags for function 'mab_cost_aware_1784212775': [x86-tiny/gpu/nvidia x86-large/gpu/amd]
2026/07/16 16:39:47 [LB][MAB] event=before_select function=mab_cost_aware_1784212775 compatible_tags=[x86-tiny/gpu/nvidia x86-large/gpu/amd] has_context=true
2026/07/16 16:39:47 [MAB] event=arm_score ts=1784212787157 policy=LinUCB function=mab_cost_aware_1784212775 arm=x86-tiny/gpu/nvidia score=0.140723 expected_reward=0.000000 confidence=0.140723 mem_usage=0.000000
2026/07/16 16:39:47 [MAB] event=arm_score ts=1784212787157 policy=LinUCB function=mab_cost_aware_1784212775 arm=x86-large/gpu/amd score=0.140723 expected_reward=0.000000 confidence=0.140723 mem_usage=0.000000
2026/07/16 16:39:47 [MAB] event=select_arm ts=1784212787157 policy=LinUCB function=mab_cost_aware_1784212775 selected_arm=x86-tiny/gpu/nvidia reason=linucb_score score=0.140723 arms=[x86-tiny/gpu/nvidia,x86-large/gpu/amd]
2026/07/16 16:39:47 [LB][MAB] event=after_select function=mab_cost_aware_1784212775 selected_tag=x86-tiny/gpu/nvidia compatible_tags=[x86-tiny/gpu/nvidia x86-large/gpu/amd]
2026/07/16 16:39:47 Candidate has: 512 MB free memory. Function needs: 128 MB
2026/07/16 16:39:47 [LB] Selected target for function 'mab_cost_aware_1784212775': target_tag=x86-tiny/gpu/nvidia candidate=fL8hSEQbVS9m4dxEdThTyM1784212776407587309 candidate_tag=x86-tiny/gpu/nvidia
2026/07/16 16:39:47 [LB-Update] Node fL8hSEQbVS9m4dxEdThTyM1784212776407587309 reported 512 MB free
2026/07/16 16:39:47 [MAB] event=reward_breakdown ts=1784212787162 policy=LinUCB function=mab_cost_aware_1784212775 arm=x86-tiny/gpu/nvidia base_tag=x86-tiny architecture=x86 specialization=tiny capabilities=[gpu,nvidia] duration_ms=3.609320 latency_reward=-1.283519 cost_weight=0.000000 cost_factor=1.600000 cost_term=0.000000 energy_weight=0.000000 energy_factor=1.800000 energy_term=0.000000 memory_weight=0.700000 memory_penalty=0.000000 memory_term=0.000000 final_reward=-1.283519
2026/07/16 16:39:47 [MAB] event=update_reward ts=1784212787162 policy=LinUCB function=mab_cost_aware_1784212775 arm=x86-tiny/gpu/nvidia duration_ms=3.609320 warm_start=true mem_usage=0.000000 lambda=0.700000 reward=-1.283519
2026/07/16 16:39:47 [LB] Compatible tag found: function=mab_cost_aware_1784212775 tag=x86-tiny/gpu/nvidia arch=amd64 pattern="gpu" ring_size=1
2026/07/16 16:39:47 [LB] Compatible tag found: function=mab_cost_aware_1784212775 tag=x86-large/gpu/amd arch=amd64 pattern="gpu" ring_size=1
2026/07/16 16:39:47 [LB] Compatible tags for function 'mab_cost_aware_1784212775': [x86-tiny/gpu/nvidia x86-large/gpu/amd]
2026/07/16 16:39:47 [LB][MAB] event=before_select function=mab_cost_aware_1784212775 compatible_tags=[x86-tiny/gpu/nvidia x86-large/gpu/amd] has_context=true
2026/07/16 16:39:47 [MAB] event=arm_score ts=1784212787384 policy=LinUCB function=mab_cost_aware_1784212775 arm=x86-tiny/gpu/nvidia score=-0.771336 expected_reward=-0.852851 confidence=0.081515 mem_usage=0.000000
2026/07/16 16:39:47 [MAB] event=arm_score ts=1784212787384 policy=LinUCB function=mab_cost_aware_1784212775 arm=x86-large/gpu/amd score=0.140723 expected_reward=0.000000 confidence=0.140723 mem_usage=0.000000
2026/07/16 16:39:47 [MAB] event=select_arm ts=1784212787384 policy=LinUCB function=mab_cost_aware_1784212775 selected_arm=x86-large/gpu/amd reason=linucb_score score=0.140723 arms=[x86-tiny/gpu/nvidia,x86-large/gpu/amd]
2026/07/16 16:39:47 [LB][MAB] event=after_select function=mab_cost_aware_1784212775 selected_tag=x86-large/gpu/amd compatible_tags=[x86-tiny/gpu/nvidia x86-large/gpu/amd]
2026/07/16 16:39:47 Candidate has: 512 MB free memory. Function needs: 128 MB
2026/07/16 16:39:47 [LB] Selected target for function 'mab_cost_aware_1784212775': target_tag=x86-large/gpu/amd candidate=6rHEgVAqQqwe4LoCgnNLXg1784212776406631102 candidate_tag=x86-large/gpu/amd
2026/07/16 16:39:47 [LB]: Periodic targets update
2026/07/16 16:39:47 Found target: rhRQwM8zhJucyEvB7Fk9w81784212776405966921
2026/07/16 16:39:47 Found target: 6rHEgVAqQqwe4LoCgnNLXg1784212776406631102
2026/07/16 16:39:47 Found target: SL84UtV93ZVoAzC83GJyCc1784212776406309878
2026/07/16 16:39:47 Found target: fL8hSEQbVS9m4dxEdThTyM1784212776407587309
2026/07/16 16:39:47 Found 4 targets
2026/07/16 16:39:47 [LB-Update] Node 6rHEgVAqQqwe4LoCgnNLXg1784212776406631102 reported 512 MB free
2026/07/16 16:39:47 [MAB] event=skip_cold_start ts=1784212787864 policy=LinUCB function=mab_cost_aware_1784212775 arm=x86-large/gpu/amd duration_ms=5.492306 reason=cold_start
2026/07/16 16:39:48 [LB] Compatible tag found: function=mab_cost_aware_1784212775 tag=x86-tiny/gpu/nvidia arch=amd64 pattern="gpu" ring_size=1
2026/07/16 16:39:48 [LB] Compatible tag found: function=mab_cost_aware_1784212775 tag=x86-large/gpu/amd arch=amd64 pattern="gpu" ring_size=1
2026/07/16 16:39:48 [LB] Compatible tags for function 'mab_cost_aware_1784212775': [x86-tiny/gpu/nvidia x86-large/gpu/amd]
2026/07/16 16:39:48 [LB][MAB] event=before_select function=mab_cost_aware_1784212775 compatible_tags=[x86-tiny/gpu/nvidia x86-large/gpu/amd] has_context=true
2026/07/16 16:39:48 [MAB] event=arm_score ts=1784212788087 policy=LinUCB function=mab_cost_aware_1784212775 arm=x86-tiny/gpu/nvidia score=-0.771336 expected_reward=-0.852851 confidence=0.081515 mem_usage=0.000000
2026/07/16 16:39:48 [MAB] event=arm_score ts=1784212788087 policy=LinUCB function=mab_cost_aware_1784212775 arm=x86-large/gpu/amd score=0.140723 expected_reward=0.000000 confidence=0.140723 mem_usage=0.000000
2026/07/16 16:39:48 [MAB] event=select_arm ts=1784212788087 policy=LinUCB function=mab_cost_aware_1784212775 selected_arm=x86-large/gpu/amd reason=linucb_score score=0.140723 arms=[x86-tiny/gpu/nvidia,x86-large/gpu/amd]
2026/07/16 16:39:48 [LB][MAB] event=after_select function=mab_cost_aware_1784212775 selected_tag=x86-large/gpu/amd compatible_tags=[x86-tiny/gpu/nvidia x86-large/gpu/amd]
2026/07/16 16:39:48 Candidate has: 512 MB free memory. Function needs: 128 MB
2026/07/16 16:39:48 [LB] Selected target for function 'mab_cost_aware_1784212775': target_tag=x86-large/gpu/amd candidate=6rHEgVAqQqwe4LoCgnNLXg1784212776406631102 candidate_tag=x86-large/gpu/amd
2026/07/16 16:39:48 [LB-Update] Node 6rHEgVAqQqwe4LoCgnNLXg1784212776406631102 reported 512 MB free
2026/07/16 16:39:48 [MAB] event=reward_breakdown ts=1784212788091 policy=LinUCB function=mab_cost_aware_1784212775 arm=x86-large/gpu/amd base_tag=x86-large architecture=x86 specialization=large capabilities=[gpu,amd] duration_ms=3.224338 latency_reward=-1.170728 cost_weight=0.000000 cost_factor=1.200000 cost_term=0.000000 energy_weight=0.000000 energy_factor=1.200000 energy_term=0.000000 memory_weight=0.700000 memory_penalty=0.000000 memory_term=0.000000 final_reward=-1.170728
2026/07/16 16:39:48 [MAB] event=update_reward ts=1784212788091 policy=LinUCB function=mab_cost_aware_1784212775 arm=x86-large/gpu/amd duration_ms=3.224338 warm_start=true mem_usage=0.000000 lambda=0.700000 reward=-1.170728
2026/07/16 16:39:48 [LB] Compatible tag found: function=mab_cost_aware_1784212775 tag=x86-tiny/gpu/nvidia arch=amd64 pattern="gpu" ring_size=1
2026/07/16 16:39:48 [LB] Compatible tag found: function=mab_cost_aware_1784212775 tag=x86-large/gpu/amd arch=amd64 pattern="gpu" ring_size=1
2026/07/16 16:39:48 [LB] Compatible tags for function 'mab_cost_aware_1784212775': [x86-tiny/gpu/nvidia x86-large/gpu/amd]
2026/07/16 16:39:48 [LB][MAB] event=before_select function=mab_cost_aware_1784212775 compatible_tags=[x86-tiny/gpu/nvidia x86-large/gpu/amd] has_context=true
2026/07/16 16:39:48 [MAB] event=arm_score ts=1784212788312 policy=LinUCB function=mab_cost_aware_1784212775 arm=x86-tiny/gpu/nvidia score=-0.771336 expected_reward=-0.852851 confidence=0.081515 mem_usage=0.000000
2026/07/16 16:39:48 [MAB] event=arm_score ts=1784212788312 policy=LinUCB function=mab_cost_aware_1784212775 arm=x86-large/gpu/amd score=-0.696390 expected_reward=-0.777905 confidence=0.081515 mem_usage=0.000000
2026/07/16 16:39:48 [MAB] event=select_arm ts=1784212788312 policy=LinUCB function=mab_cost_aware_1784212775 selected_arm=x86-large/gpu/amd reason=linucb_score score=-0.696390 arms=[x86-tiny/gpu/nvidia,x86-large/gpu/amd]
2026/07/16 16:39:48 [LB][MAB] event=after_select function=mab_cost_aware_1784212775 selected_tag=x86-large/gpu/amd compatible_tags=[x86-tiny/gpu/nvidia x86-large/gpu/amd]
2026/07/16 16:39:48 Candidate has: 512 MB free memory. Function needs: 128 MB
2026/07/16 16:39:48 [LB] Selected target for function 'mab_cost_aware_1784212775': target_tag=x86-large/gpu/amd candidate=6rHEgVAqQqwe4LoCgnNLXg1784212776406631102 candidate_tag=x86-large/gpu/amd
2026/07/16 16:39:48 [LB-Update] Node 6rHEgVAqQqwe4LoCgnNLXg1784212776406631102 reported 512 MB free
2026/07/16 16:39:48 [MAB] event=reward_breakdown ts=1784212788315 policy=LinUCB function=mab_cost_aware_1784212775 arm=x86-large/gpu/amd base_tag=x86-large architecture=x86 specialization=large capabilities=[gpu,amd] duration_ms=2.780243 latency_reward=-1.022538 cost_weight=0.000000 cost_factor=1.200000 cost_term=0.000000 energy_weight=0.000000 energy_factor=1.200000 energy_term=0.000000 memory_weight=0.700000 memory_penalty=0.000000 memory_term=0.000000 final_reward=-1.022538
2026/07/16 16:39:48 [MAB] event=update_reward ts=1784212788315 policy=LinUCB function=mab_cost_aware_1784212775 arm=x86-large/gpu/amd duration_ms=2.780243 warm_start=true mem_usage=0.000000 lambda=0.700000 reward=-1.022538
2026/07/16 16:39:48 [LB] Compatible tag found: function=mab_cost_aware_1784212775 tag=x86-tiny/gpu/nvidia arch=amd64 pattern="gpu" ring_size=1
2026/07/16 16:39:48 [LB] Compatible tag found: function=mab_cost_aware_1784212775 tag=x86-large/gpu/amd arch=amd64 pattern="gpu" ring_size=1
2026/07/16 16:39:48 [LB] Compatible tags for function 'mab_cost_aware_1784212775': [x86-tiny/gpu/nvidia x86-large/gpu/amd]
2026/07/16 16:39:48 [LB][MAB] event=before_select function=mab_cost_aware_1784212775 compatible_tags=[x86-tiny/gpu/nvidia x86-large/gpu/amd] has_context=true
2026/07/16 16:39:48 [MAB] event=arm_score ts=1784212788539 policy=LinUCB function=mab_cost_aware_1784212775 arm=x86-tiny/gpu/nvidia score=-0.771336 expected_reward=-0.852851 confidence=0.081515 mem_usage=0.000000
2026/07/16 16:39:48 [MAB] event=arm_score ts=1784212788539 policy=LinUCB function=mab_cost_aware_1784212775 arm=x86-large/gpu/amd score=-0.812381 expected_reward=-0.875564 confidence=0.063183 mem_usage=0.000000
2026/07/16 16:39:48 [MAB] event=select_arm ts=1784212788539 policy=LinUCB function=mab_cost_aware_1784212775 selected_arm=x86-tiny/gpu/nvidia reason=linucb_score score=-0.771336 arms=[x86-tiny/gpu/nvidia,x86-large/gpu/amd]
2026/07/16 16:39:48 [LB][MAB] event=after_select function=mab_cost_aware_1784212775 selected_tag=x86-tiny/gpu/nvidia compatible_tags=[x86-tiny/gpu/nvidia x86-large/gpu/amd]
2026/07/16 16:39:48 Candidate has: 512 MB free memory. Function needs: 128 MB
2026/07/16 16:39:48 [LB] Selected target for function 'mab_cost_aware_1784212775': target_tag=x86-tiny/gpu/nvidia candidate=fL8hSEQbVS9m4dxEdThTyM1784212776407587309 candidate_tag=x86-tiny/gpu/nvidia
2026/07/16 16:39:48 [LB-Update] Node fL8hSEQbVS9m4dxEdThTyM1784212776407587309 reported 512 MB free
2026/07/16 16:39:48 [MAB] event=reward_breakdown ts=1784212788543 policy=LinUCB function=mab_cost_aware_1784212775 arm=x86-tiny/gpu/nvidia base_tag=x86-tiny architecture=x86 specialization=tiny capabilities=[gpu,nvidia] duration_ms=3.122766 latency_reward=-1.138719 cost_weight=0.000000 cost_factor=1.600000 cost_term=0.000000 energy_weight=0.000000 energy_factor=1.800000 energy_term=0.000000 memory_weight=0.700000 memory_penalty=0.000000 memory_term=0.000000 final_reward=-1.138719
2026/07/16 16:39:48 [MAB] event=update_reward ts=1784212788543 policy=LinUCB function=mab_cost_aware_1784212775 arm=x86-tiny/gpu/nvidia duration_ms=3.122766 warm_start=true mem_usage=0.000000 lambda=0.700000 reward=-1.138719
2026/07/16 16:39:48 [LB] Compatible tag found: function=mab_cost_aware_1784212775 tag=x86-tiny/gpu/nvidia arch=amd64 pattern="gpu" ring_size=1
2026/07/16 16:39:48 [LB] Compatible tag found: function=mab_cost_aware_1784212775 tag=x86-large/gpu/amd arch=amd64 pattern="gpu" ring_size=1
2026/07/16 16:39:48 [LB] Compatible tags for function 'mab_cost_aware_1784212775': [x86-tiny/gpu/nvidia x86-large/gpu/amd]
2026/07/16 16:39:48 [LB][MAB] event=before_select function=mab_cost_aware_1784212775 compatible_tags=[x86-tiny/gpu/nvidia x86-large/gpu/amd] has_context=true
2026/07/16 16:39:48 [MAB] event=arm_score ts=1784212788761 policy=LinUCB function=mab_cost_aware_1784212775 arm=x86-tiny/gpu/nvidia score=-0.903788 expected_reward=-0.966971 confidence=0.063183 mem_usage=0.000000
2026/07/16 16:39:48 [MAB] event=arm_score ts=1784212788761 policy=LinUCB function=mab_cost_aware_1784212775 arm=x86-large/gpu/amd score=-0.812381 expected_reward=-0.875564 confidence=0.063183 mem_usage=0.000000
2026/07/16 16:39:48 [MAB] event=select_arm ts=1784212788761 policy=LinUCB function=mab_cost_aware_1784212775 selected_arm=x86-large/gpu/amd reason=linucb_score score=-0.812381 arms=[x86-tiny/gpu/nvidia,x86-large/gpu/amd]
2026/07/16 16:39:48 [LB][MAB] event=after_select function=mab_cost_aware_1784212775 selected_tag=x86-large/gpu/amd compatible_tags=[x86-tiny/gpu/nvidia x86-large/gpu/amd]
2026/07/16 16:39:48 Candidate has: 512 MB free memory. Function needs: 128 MB
2026/07/16 16:39:48 [LB] Selected target for function 'mab_cost_aware_1784212775': target_tag=x86-large/gpu/amd candidate=6rHEgVAqQqwe4LoCgnNLXg1784212776406631102 candidate_tag=x86-large/gpu/amd
2026/07/16 16:39:48 [LB-Update] Node 6rHEgVAqQqwe4LoCgnNLXg1784212776406631102 reported 512 MB free
2026/07/16 16:39:48 [MAB] event=reward_breakdown ts=1784212788765 policy=LinUCB function=mab_cost_aware_1784212775 arm=x86-large/gpu/amd base_tag=x86-large architecture=x86 specialization=large capabilities=[gpu,amd] duration_ms=2.849613 latency_reward=-1.047183 cost_weight=0.000000 cost_factor=1.200000 cost_term=0.000000 energy_weight=0.000000 energy_factor=1.200000 energy_term=0.000000 memory_weight=0.700000 memory_penalty=0.000000 memory_term=0.000000 final_reward=-1.047183
2026/07/16 16:39:48 [MAB] event=update_reward ts=1784212788765 policy=LinUCB function=mab_cost_aware_1784212775 arm=x86-large/gpu/amd duration_ms=2.849613 warm_start=true mem_usage=0.000000 lambda=0.700000 reward=-1.047183
2026/07/16 16:39:48 [LB] Compatible tag found: function=mab_cost_aware_1784212775 tag=x86-tiny/gpu/nvidia arch=amd64 pattern="gpu" ring_size=1
2026/07/16 16:39:48 [LB] Compatible tag found: function=mab_cost_aware_1784212775 tag=x86-large/gpu/amd arch=amd64 pattern="gpu" ring_size=1
2026/07/16 16:39:48 [LB] Compatible tags for function 'mab_cost_aware_1784212775': [x86-tiny/gpu/nvidia x86-large/gpu/amd]
2026/07/16 16:39:48 [LB][MAB] event=before_select function=mab_cost_aware_1784212775 compatible_tags=[x86-tiny/gpu/nvidia x86-large/gpu/amd] has_context=true
2026/07/16 16:39:48 [MAB] event=arm_score ts=1784212788984 policy=LinUCB function=mab_cost_aware_1784212775 arm=x86-tiny/gpu/nvidia score=-0.903788 expected_reward=-0.966971 confidence=0.063183 mem_usage=0.000000
2026/07/16 16:39:48 [MAB] event=arm_score ts=1784212788984 policy=LinUCB function=mab_cost_aware_1784212775 arm=x86-large/gpu/amd score=-0.871114 expected_reward=-0.924528 confidence=0.053414 mem_usage=0.000000
2026/07/16 16:39:48 [MAB] event=select_arm ts=1784212788984 policy=LinUCB function=mab_cost_aware_1784212775 selected_arm=x86-large/gpu/amd reason=linucb_score score=-0.871114 arms=[x86-tiny/gpu/nvidia,x86-large/gpu/amd]
2026/07/16 16:39:48 [LB][MAB] event=after_select function=mab_cost_aware_1784212775 selected_tag=x86-large/gpu/amd compatible_tags=[x86-tiny/gpu/nvidia x86-large/gpu/amd]
2026/07/16 16:39:48 Candidate has: 512 MB free memory. Function needs: 128 MB
2026/07/16 16:39:48 [LB] Selected target for function 'mab_cost_aware_1784212775': target_tag=x86-large/gpu/amd candidate=6rHEgVAqQqwe4LoCgnNLXg1784212776406631102 candidate_tag=x86-large/gpu/amd
2026/07/16 16:39:48 [LB-Update] Node 6rHEgVAqQqwe4LoCgnNLXg1784212776406631102 reported 512 MB free
2026/07/16 16:39:48 [MAB] event=reward_breakdown ts=1784212788987 policy=LinUCB function=mab_cost_aware_1784212775 arm=x86-large/gpu/amd base_tag=x86-large architecture=x86 specialization=large capabilities=[gpu,amd] duration_ms=2.574747 latency_reward=-0.945751 cost_weight=0.000000 cost_factor=1.200000 cost_term=0.000000 energy_weight=0.000000 energy_factor=1.200000 energy_term=0.000000 memory_weight=0.700000 memory_penalty=0.000000 memory_term=0.000000 final_reward=-0.945751
2026/07/16 16:39:48 [MAB] event=update_reward ts=1784212788987 policy=LinUCB function=mab_cost_aware_1784212775 arm=x86-large/gpu/amd duration_ms=2.574747 warm_start=true mem_usage=0.000000 lambda=0.700000 reward=-0.945751
2026/07/16 16:39:49 [LB] Compatible tag found: function=mab_cost_aware_1784212775 tag=x86-tiny/gpu/nvidia arch=amd64 pattern="gpu" ring_size=1
2026/07/16 16:39:49 [LB] Compatible tag found: function=mab_cost_aware_1784212775 tag=x86-large/gpu/amd arch=amd64 pattern="gpu" ring_size=1
2026/07/16 16:39:49 [LB] Compatible tags for function 'mab_cost_aware_1784212775': [x86-tiny/gpu/nvidia x86-large/gpu/amd]
2026/07/16 16:39:49 [LB][MAB] event=before_select function=mab_cost_aware_1784212775 compatible_tags=[x86-tiny/gpu/nvidia x86-large/gpu/amd] has_context=true
2026/07/16 16:39:49 [MAB] event=arm_score ts=1784212789210 policy=LinUCB function=mab_cost_aware_1784212775 arm=x86-tiny/gpu/nvidia score=-0.903788 expected_reward=-0.966971 confidence=0.063183 mem_usage=0.000000
2026/07/16 16:39:49 [MAB] event=arm_score ts=1784212789210 policy=LinUCB function=mab_cost_aware_1784212775 arm=x86-large/gpu/amd score=-0.882125 expected_reward=-0.929239 confidence=0.047114 mem_usage=0.000000
2026/07/16 16:39:49 [MAB] event=select_arm ts=1784212789210 policy=LinUCB function=mab_cost_aware_1784212775 selected_arm=x86-large/gpu/amd reason=linucb_score score=-0.882125 arms=[x86-tiny/gpu/nvidia,x86-large/gpu/amd]
2026/07/16 16:39:49 [LB][MAB] event=after_select function=mab_cost_aware_1784212775 selected_tag=x86-large/gpu/amd compatible_tags=[x86-tiny/gpu/nvidia x86-large/gpu/amd]
2026/07/16 16:39:49 Candidate has: 512 MB free memory. Function needs: 128 MB
2026/07/16 16:39:49 [LB] Selected target for function 'mab_cost_aware_1784212775': target_tag=x86-large/gpu/amd candidate=6rHEgVAqQqwe4LoCgnNLXg1784212776406631102 candidate_tag=x86-large/gpu/amd
2026/07/16 16:39:49 [LB-Update] Node 6rHEgVAqQqwe4LoCgnNLXg1784212776406631102 reported 512 MB free
2026/07/16 16:39:49 [MAB] event=reward_breakdown ts=1784212789214 policy=LinUCB function=mab_cost_aware_1784212775 arm=x86-large/gpu/amd base_tag=x86-large architecture=x86 specialization=large capabilities=[gpu,amd] duration_ms=2.561453 latency_reward=-0.940575 cost_weight=0.000000 cost_factor=1.200000 cost_term=0.000000 energy_weight=0.000000 energy_factor=1.200000 energy_term=0.000000 memory_weight=0.700000 memory_penalty=0.000000 memory_term=0.000000 final_reward=-0.940575
2026/07/16 16:39:49 [MAB] event=update_reward ts=1784212789214 policy=LinUCB function=mab_cost_aware_1784212775 arm=x86-large/gpu/amd duration_ms=2.561453 warm_start=true mem_usage=0.000000 lambda=0.700000 reward=-0.940575
2026/07/16 16:39:49 [LB] Compatible tag found: function=mab_cost_aware_1784212775 tag=x86-tiny/gpu/nvidia arch=amd64 pattern="gpu" ring_size=1
2026/07/16 16:39:49 [LB] Compatible tag found: function=mab_cost_aware_1784212775 tag=x86-large/gpu/amd arch=amd64 pattern="gpu" ring_size=1
2026/07/16 16:39:49 [LB] Compatible tags for function 'mab_cost_aware_1784212775': [x86-tiny/gpu/nvidia x86-large/gpu/amd]
2026/07/16 16:39:49 [LB][MAB] event=before_select function=mab_cost_aware_1784212775 compatible_tags=[x86-tiny/gpu/nvidia x86-large/gpu/amd] has_context=true
2026/07/16 16:39:49 [MAB] event=arm_score ts=1784212789433 policy=LinUCB function=mab_cost_aware_1784212775 arm=x86-tiny/gpu/nvidia score=-0.903788 expected_reward=-0.966971 confidence=0.063183 mem_usage=0.000000
2026/07/16 16:39:49 [MAB] event=arm_score ts=1784212789433 policy=LinUCB function=mab_cost_aware_1784212775 arm=x86-large/gpu/amd score=-0.888678 expected_reward=-0.931299 confidence=0.042621 mem_usage=0.000000
2026/07/16 16:39:49 [MAB] event=select_arm ts=1784212789433 policy=LinUCB function=mab_cost_aware_1784212775 selected_arm=x86-large/gpu/amd reason=linucb_score score=-0.888678 arms=[x86-tiny/gpu/nvidia,x86-large/gpu/amd]
2026/07/16 16:39:49 [LB][MAB] event=after_select function=mab_cost_aware_1784212775 selected_tag=x86-large/gpu/amd compatible_tags=[x86-tiny/gpu/nvidia x86-large/gpu/amd]
2026/07/16 16:39:49 Candidate has: 512 MB free memory. Function needs: 128 MB
2026/07/16 16:39:49 [LB] Selected target for function 'mab_cost_aware_1784212775': target_tag=x86-large/gpu/amd candidate=6rHEgVAqQqwe4LoCgnNLXg1784212776406631102 candidate_tag=x86-large/gpu/amd
2026/07/16 16:39:49 [LB-Update] Node 6rHEgVAqQqwe4LoCgnNLXg1784212776406631102 reported 512 MB free
2026/07/16 16:39:49 [MAB] event=reward_breakdown ts=1784212789437 policy=LinUCB function=mab_cost_aware_1784212775 arm=x86-large/gpu/amd base_tag=x86-large architecture=x86 specialization=large capabilities=[gpu,amd] duration_ms=3.151762 latency_reward=-1.147962 cost_weight=0.000000 cost_factor=1.200000 cost_term=0.000000 energy_weight=0.000000 energy_factor=1.200000 energy_term=0.000000 memory_weight=0.700000 memory_penalty=0.000000 memory_term=0.000000 final_reward=-1.147962
2026/07/16 16:39:49 [MAB] event=update_reward ts=1784212789437 policy=LinUCB function=mab_cost_aware_1784212775 arm=x86-large/gpu/amd duration_ms=3.151762 warm_start=true mem_usage=0.000000 lambda=0.700000 reward=-1.147962
2026/07/16 16:39:49 [LB] Compatible tag found: function=mab_cost_aware_1784212775 tag=x86-tiny/gpu/nvidia arch=amd64 pattern="gpu" ring_size=1
2026/07/16 16:39:49 [LB] Compatible tag found: function=mab_cost_aware_1784212775 tag=x86-large/gpu/amd arch=amd64 pattern="gpu" ring_size=1
2026/07/16 16:39:49 [LB] Compatible tags for function 'mab_cost_aware_1784212775': [x86-tiny/gpu/nvidia x86-large/gpu/amd]
2026/07/16 16:39:49 [LB][MAB] event=before_select function=mab_cost_aware_1784212775 compatible_tags=[x86-tiny/gpu/nvidia x86-large/gpu/amd] has_context=true
2026/07/16 16:39:49 [MAB] event=arm_score ts=1784212789657 policy=LinUCB function=mab_cost_aware_1784212775 arm=x86-tiny/gpu/nvidia score=-0.903788 expected_reward=-0.966971 confidence=0.063183 mem_usage=0.000000
2026/07/16 16:39:49 [MAB] event=arm_score ts=1784212789657 policy=LinUCB function=mab_cost_aware_1784212775 arm=x86-large/gpu/amd score=-0.925398 expected_reward=-0.964606 confidence=0.039208 mem_usage=0.000000
2026/07/16 16:39:49 [MAB] event=select_arm ts=1784212789657 policy=LinUCB function=mab_cost_aware_1784212775 selected_arm=x86-tiny/gpu/nvidia reason=linucb_score score=-0.903788 arms=[x86-tiny/gpu/nvidia,x86-large/gpu/amd]
2026/07/16 16:39:49 [LB][MAB] event=after_select function=mab_cost_aware_1784212775 selected_tag=x86-tiny/gpu/nvidia compatible_tags=[x86-tiny/gpu/nvidia x86-large/gpu/amd]
2026/07/16 16:39:49 Candidate has: 512 MB free memory. Function needs: 128 MB
2026/07/16 16:39:49 [LB] Selected target for function 'mab_cost_aware_1784212775': target_tag=x86-tiny/gpu/nvidia candidate=fL8hSEQbVS9m4dxEdThTyM1784212776407587309 candidate_tag=x86-tiny/gpu/nvidia
2026/07/16 16:39:49 [LB-Update] Node fL8hSEQbVS9m4dxEdThTyM1784212776407587309 reported 512 MB free
2026/07/16 16:39:49 [MAB] event=reward_breakdown ts=1784212789660 policy=LinUCB function=mab_cost_aware_1784212775 arm=x86-tiny/gpu/nvidia base_tag=x86-tiny architecture=x86 specialization=tiny capabilities=[gpu,nvidia] duration_ms=2.899735 latency_reward=-1.064619 cost_weight=0.000000 cost_factor=1.600000 cost_term=0.000000 energy_weight=0.000000 energy_factor=1.800000 energy_term=0.000000 memory_weight=0.700000 memory_penalty=0.000000 memory_term=0.000000 final_reward=-1.064619
2026/07/16 16:39:49 [MAB] event=update_reward ts=1784212789660 policy=LinUCB function=mab_cost_aware_1784212775 arm=x86-tiny/gpu/nvidia duration_ms=2.899735 warm_start=true mem_usage=0.000000 lambda=0.700000 reward=-1.064619
2026/07/16 16:39:49 [LB] Compatible tag found: function=mab_cost_aware_1784212775 tag=x86-tiny/gpu/nvidia arch=amd64 pattern="gpu" ring_size=1
2026/07/16 16:39:49 [LB] Compatible tag found: function=mab_cost_aware_1784212775 tag=x86-large/gpu/amd arch=amd64 pattern="gpu" ring_size=1
2026/07/16 16:39:49 [LB] Compatible tags for function 'mab_cost_aware_1784212775': [x86-tiny/gpu/nvidia x86-large/gpu/amd]
2026/07/16 16:39:49 [LB][MAB] event=before_select function=mab_cost_aware_1784212775 compatible_tags=[x86-tiny/gpu/nvidia x86-large/gpu/amd] has_context=true
2026/07/16 16:39:49 [MAB] event=arm_score ts=1784212789880 policy=LinUCB function=mab_cost_aware_1784212775 arm=x86-tiny/gpu/nvidia score=-0.941417 expected_reward=-0.994831 confidence=0.053414 mem_usage=0.000000
2026/07/16 16:39:49 [MAB] event=arm_score ts=1784212789880 policy=LinUCB function=mab_cost_aware_1784212775 arm=x86-large/gpu/amd score=-0.925398 expected_reward=-0.964606 confidence=0.039208 mem_usage=0.000000
2026/07/16 16:39:49 [MAB] event=select_arm ts=1784212789880 policy=LinUCB function=mab_cost_aware_1784212775 selected_arm=x86-large/gpu/amd reason=linucb_score score=-0.925398 arms=[x86-tiny/gpu/nvidia,x86-large/gpu/amd]
2026/07/16 16:39:49 [LB][MAB] event=after_select function=mab_cost_aware_1784212775 selected_tag=x86-large/gpu/amd compatible_tags=[x86-tiny/gpu/nvidia x86-large/gpu/amd]
2026/07/16 16:39:49 Candidate has: 512 MB free memory. Function needs: 128 MB
2026/07/16 16:39:49 [LB] Selected target for function 'mab_cost_aware_1784212775': target_tag=x86-large/gpu/amd candidate=6rHEgVAqQqwe4LoCgnNLXg1784212776406631102 candidate_tag=x86-large/gpu/amd
2026/07/16 16:39:49 [LB-Update] Node 6rHEgVAqQqwe4LoCgnNLXg1784212776406631102 reported 512 MB free
2026/07/16 16:39:49 [MAB] event=reward_breakdown ts=1784212789885 policy=LinUCB function=mab_cost_aware_1784212775 arm=x86-large/gpu/amd base_tag=x86-large architecture=x86 specialization=large capabilities=[gpu,amd] duration_ms=3.385767 latency_reward=-1.219580 cost_weight=0.000000 cost_factor=1.200000 cost_term=0.000000 energy_weight=0.000000 energy_factor=1.200000 energy_term=0.000000 memory_weight=0.700000 memory_penalty=0.000000 memory_term=0.000000 final_reward=-1.219580
2026/07/16 16:39:49 [MAB] event=update_reward ts=1784212789885 policy=LinUCB function=mab_cost_aware_1784212775 arm=x86-large/gpu/amd duration_ms=3.385767 warm_start=true mem_usage=0.000000 lambda=0.700000 reward=-1.219580
2026/07/16 16:39:50 [LB] Compatible tag found: function=mab_cost_aware_1784212775 tag=x86-tiny/gpu/nvidia arch=amd64 pattern="gpu" ring_size=1
2026/07/16 16:39:50 [LB] Compatible tag found: function=mab_cost_aware_1784212775 tag=x86-large/gpu/amd arch=amd64 pattern="gpu" ring_size=1
2026/07/16 16:39:50 [LB] Compatible tags for function 'mab_cost_aware_1784212775': [x86-tiny/gpu/nvidia x86-large/gpu/amd]
2026/07/16 16:39:50 [LB][MAB] event=before_select function=mab_cost_aware_1784212775 compatible_tags=[x86-tiny/gpu/nvidia x86-large/gpu/amd] has_context=true
2026/07/16 16:39:50 [MAB] event=arm_score ts=1784212790104 policy=LinUCB function=mab_cost_aware_1784212775 arm=x86-tiny/gpu/nvidia score=-0.941417 expected_reward=-0.994831 confidence=0.053414 mem_usage=0.000000
2026/07/16 16:39:50 [MAB] event=arm_score ts=1784212790104 policy=LinUCB function=mab_cost_aware_1784212775 arm=x86-large/gpu/amd score=-0.962077 expected_reward=-0.998580 confidence=0.036503 mem_usage=0.000000
2026/07/16 16:39:50 [MAB] event=select_arm ts=1784212790104 policy=LinUCB function=mab_cost_aware_1784212775 selected_arm=x86-tiny/gpu/nvidia reason=linucb_score score=-0.941417 arms=[x86-tiny/gpu/nvidia,x86-large/gpu/amd]
2026/07/16 16:39:50 [LB][MAB] event=after_select function=mab_cost_aware_1784212775 selected_tag=x86-tiny/gpu/nvidia compatible_tags=[x86-tiny/gpu/nvidia x86-large/gpu/amd]
2026/07/16 16:39:50 Candidate has: 512 MB free memory. Function needs: 128 MB
2026/07/16 16:39:50 [LB] Selected target for function 'mab_cost_aware_1784212775': target_tag=x86-tiny/gpu/nvidia candidate=fL8hSEQbVS9m4dxEdThTyM1784212776407587309 candidate_tag=x86-tiny/gpu/nvidia
2026/07/16 16:39:50 [LB-Update] Node fL8hSEQbVS9m4dxEdThTyM1784212776407587309 reported 512 MB free
2026/07/16 16:39:50 [MAB] event=reward_breakdown ts=1784212790107 policy=LinUCB function=mab_cost_aware_1784212775 arm=x86-tiny/gpu/nvidia base_tag=x86-tiny architecture=x86 specialization=tiny capabilities=[gpu,nvidia] duration_ms=2.665796 latency_reward=-0.980503 cost_weight=0.000000 cost_factor=1.600000 cost_term=0.000000 energy_weight=0.000000 energy_factor=1.800000 energy_term=0.000000 memory_weight=0.700000 memory_penalty=0.000000 memory_term=0.000000 final_reward=-0.980503
2026/07/16 16:39:50 [MAB] event=update_reward ts=1784212790107 policy=LinUCB function=mab_cost_aware_1784212775 arm=x86-tiny/gpu/nvidia duration_ms=2.665796 warm_start=true mem_usage=0.000000 lambda=0.700000 reward=-0.980503
2026/07/16 16:39:50 [LB] Compatible tag found: function=mab_cost_aware_1784212775 tag=x86-tiny/gpu/nvidia arch=amd64 pattern="gpu" ring_size=1
2026/07/16 16:39:50 [LB] Compatible tag found: function=mab_cost_aware_1784212775 tag=x86-large/gpu/amd arch=amd64 pattern="gpu" ring_size=1
2026/07/16 16:39:50 [LB] Compatible tags for function 'mab_cost_aware_1784212775': [x86-tiny/gpu/nvidia x86-large/gpu/amd]
2026/07/16 16:39:50 [LB][MAB] event=before_select function=mab_cost_aware_1784212775 compatible_tags=[x86-tiny/gpu/nvidia x86-large/gpu/amd] has_context=true
2026/07/16 16:39:50 [MAB] event=arm_score ts=1784212790329 policy=LinUCB function=mab_cost_aware_1784212775 arm=x86-tiny/gpu/nvidia score=-0.944536 expected_reward=-0.991650 confidence=0.047114 mem_usage=0.000000
2026/07/16 16:39:50 [MAB] event=arm_score ts=1784212790329 policy=LinUCB function=mab_cost_aware_1784212775 arm=x86-large/gpu/amd score=-0.962077 expected_reward=-0.998580 confidence=0.036503 mem_usage=0.000000
2026/07/16 16:39:50 [MAB] event=select_arm ts=1784212790329 policy=LinUCB function=mab_cost_aware_1784212775 selected_arm=x86-tiny/gpu/nvidia reason=linucb_score score=-0.944536 arms=[x86-tiny/gpu/nvidia,x86-large/gpu/amd]
2026/07/16 16:39:50 [LB][MAB] event=after_select function=mab_cost_aware_1784212775 selected_tag=x86-tiny/gpu/nvidia compatible_tags=[x86-tiny/gpu/nvidia x86-large/gpu/amd]
2026/07/16 16:39:50 Candidate has: 512 MB free memory. Function needs: 128 MB
2026/07/16 16:39:50 [LB] Selected target for function 'mab_cost_aware_1784212775': target_tag=x86-tiny/gpu/nvidia candidate=fL8hSEQbVS9m4dxEdThTyM1784212776407587309 candidate_tag=x86-tiny/gpu/nvidia
2026/07/16 16:39:50 [LB-Update] Node fL8hSEQbVS9m4dxEdThTyM1784212776407587309 reported 512 MB free
2026/07/16 16:39:50 [MAB] event=reward_breakdown ts=1784212790334 policy=LinUCB function=mab_cost_aware_1784212775 arm=x86-tiny/gpu/nvidia base_tag=x86-tiny architecture=x86 specialization=tiny capabilities=[gpu,nvidia] duration_ms=3.141931 latency_reward=-1.144838 cost_weight=0.000000 cost_factor=1.600000 cost_term=0.000000 energy_weight=0.000000 energy_factor=1.800000 energy_term=0.000000 memory_weight=0.700000 memory_penalty=0.000000 memory_term=0.000000 final_reward=-1.144838
2026/07/16 16:39:50 [MAB] event=update_reward ts=1784212790334 policy=LinUCB function=mab_cost_aware_1784212775 arm=x86-tiny/gpu/nvidia duration_ms=3.141931 warm_start=true mem_usage=0.000000 lambda=0.700000 reward=-1.144838
2026/07/16 16:39:50 [LB]: Periodic targets update
2026/07/16 16:39:50 Found target: SL84UtV93ZVoAzC83GJyCc1784212776406309878
2026/07/16 16:39:50 Found target: fL8hSEQbVS9m4dxEdThTyM1784212776407587309
2026/07/16 16:39:50 Found target: rhRQwM8zhJucyEvB7Fk9w81784212776405966921
2026/07/16 16:39:50 Found target: 6rHEgVAqQqwe4LoCgnNLXg1784212776406631102
2026/07/16 16:39:50 Found 4 targets
2026/07/16 16:39:50 [LB] Compatible tag found: function=mab_cost_aware_1784212775 tag=x86-tiny/gpu/nvidia arch=amd64 pattern="gpu" ring_size=1
2026/07/16 16:39:50 [LB] Compatible tag found: function=mab_cost_aware_1784212775 tag=x86-large/gpu/amd arch=amd64 pattern="gpu" ring_size=1
2026/07/16 16:39:50 [LB] Compatible tags for function 'mab_cost_aware_1784212775': [x86-tiny/gpu/nvidia x86-large/gpu/amd]
2026/07/16 16:39:50 [LB][MAB] event=before_select function=mab_cost_aware_1784212775 compatible_tags=[x86-tiny/gpu/nvidia x86-large/gpu/amd] has_context=true
2026/07/16 16:39:50 [MAB] event=arm_score ts=1784212790552 policy=LinUCB function=mab_cost_aware_1784212775 arm=x86-tiny/gpu/nvidia score=-0.976857 expected_reward=-1.019478 confidence=0.042621 mem_usage=0.000000
2026/07/16 16:39:50 [MAB] event=arm_score ts=1784212790552 policy=LinUCB function=mab_cost_aware_1784212775 arm=x86-large/gpu/amd score=-0.962077 expected_reward=-0.998580 confidence=0.036503 mem_usage=0.000000
2026/07/16 16:39:50 [MAB] event=select_arm ts=1784212790552 policy=LinUCB function=mab_cost_aware_1784212775 selected_arm=x86-large/gpu/amd reason=linucb_score score=-0.962077 arms=[x86-tiny/gpu/nvidia,x86-large/gpu/amd]
2026/07/16 16:39:50 [LB][MAB] event=after_select function=mab_cost_aware_1784212775 selected_tag=x86-large/gpu/amd compatible_tags=[x86-tiny/gpu/nvidia x86-large/gpu/amd]
2026/07/16 16:39:50 Candidate has: 512 MB free memory. Function needs: 128 MB
2026/07/16 16:39:50 [LB] Selected target for function 'mab_cost_aware_1784212775': target_tag=x86-large/gpu/amd candidate=6rHEgVAqQqwe4LoCgnNLXg1784212776406631102 candidate_tag=x86-large/gpu/amd
2026/07/16 16:39:50 [LB-Update] Node 6rHEgVAqQqwe4LoCgnNLXg1784212776406631102 reported 512 MB free
2026/07/16 16:39:50 [MAB] event=reward_breakdown ts=1784212790556 policy=LinUCB function=mab_cost_aware_1784212775 arm=x86-large/gpu/amd base_tag=x86-large architecture=x86 specialization=large capabilities=[gpu,amd] duration_ms=2.947352 latency_reward=-1.080907 cost_weight=0.000000 cost_factor=1.200000 cost_term=0.000000 energy_weight=0.000000 energy_factor=1.200000 energy_term=0.000000 memory_weight=0.700000 memory_penalty=0.000000 memory_term=0.000000 final_reward=-1.080907
2026/07/16 16:39:50 [MAB] event=update_reward ts=1784212790556 policy=LinUCB function=mab_cost_aware_1784212775 arm=x86-large/gpu/amd duration_ms=2.947352 warm_start=true mem_usage=0.000000 lambda=0.700000 reward=-1.080907
2026/07/16 16:39:50 [LB] Compatible tag found: function=mab_cost_aware_1784212775 tag=x86-tiny/gpu/nvidia arch=amd64 pattern="gpu" ring_size=1
2026/07/16 16:39:50 [LB] Compatible tag found: function=mab_cost_aware_1784212775 tag=x86-large/gpu/amd arch=amd64 pattern="gpu" ring_size=1
2026/07/16 16:39:50 [LB] Compatible tags for function 'mab_cost_aware_1784212775': [x86-tiny/gpu/nvidia x86-large/gpu/amd]
2026/07/16 16:39:50 [LB][MAB] event=before_select function=mab_cost_aware_1784212775 compatible_tags=[x86-tiny/gpu/nvidia x86-large/gpu/amd] has_context=true
2026/07/16 16:39:50 [MAB] event=arm_score ts=1784212790775 policy=LinUCB function=mab_cost_aware_1784212775 arm=x86-tiny/gpu/nvidia score=-0.976857 expected_reward=-1.019478 confidence=0.042621 mem_usage=0.000000
2026/07/16 16:39:50 [MAB] event=arm_score ts=1784212790775 policy=LinUCB function=mab_cost_aware_1784212775 arm=x86-large/gpu/amd score=-0.973970 expected_reward=-1.008260 confidence=0.034290 mem_usage=0.000000
2026/07/16 16:39:50 [MAB] event=select_arm ts=1784212790775 policy=LinUCB function=mab_cost_aware_1784212775 selected_arm=x86-large/gpu/amd reason=linucb_score score=-0.973970 arms=[x86-tiny/gpu/nvidia,x86-large/gpu/amd]
2026/07/16 16:39:50 [LB][MAB] event=after_select function=mab_cost_aware_1784212775 selected_tag=x86-large/gpu/amd compatible_tags=[x86-tiny/gpu/nvidia x86-large/gpu/amd]
2026/07/16 16:39:50 Candidate has: 512 MB free memory. Function needs: 128 MB
2026/07/16 16:39:50 [LB] Selected target for function 'mab_cost_aware_1784212775': target_tag=x86-large/gpu/amd candidate=6rHEgVAqQqwe4LoCgnNLXg1784212776406631102 candidate_tag=x86-large/gpu/amd
2026/07/16 16:39:50 [LB-Update] Node 6rHEgVAqQqwe4LoCgnNLXg1784212776406631102 reported 512 MB free
2026/07/16 16:39:50 [MAB] event=reward_breakdown ts=1784212790779 policy=LinUCB function=mab_cost_aware_1784212775 arm=x86-large/gpu/amd base_tag=x86-large architecture=x86 specialization=large capabilities=[gpu,amd] duration_ms=3.133604 latency_reward=-1.142184 cost_weight=0.000000 cost_factor=1.200000 cost_term=0.000000 energy_weight=0.000000 energy_factor=1.200000 energy_term=0.000000 memory_weight=0.700000 memory_penalty=0.000000 memory_term=0.000000 final_reward=-1.142184
2026/07/16 16:39:50 [MAB] event=update_reward ts=1784212790779 policy=LinUCB function=mab_cost_aware_1784212775 arm=x86-large/gpu/amd duration_ms=3.133604 warm_start=true mem_usage=0.000000 lambda=0.700000 reward=-1.142184
2026/07/16 16:39:50 [LB] Compatible tag found: function=mab_cost_aware_1784212775 tag=x86-tiny/gpu/nvidia arch=amd64 pattern="gpu" ring_size=1
2026/07/16 16:39:50 [LB] Compatible tag found: function=mab_cost_aware_1784212775 tag=x86-large/gpu/amd arch=amd64 pattern="gpu" ring_size=1
2026/07/16 16:39:50 [LB] Compatible tags for function 'mab_cost_aware_1784212775': [x86-tiny/gpu/nvidia x86-large/gpu/amd]
2026/07/16 16:39:50 [LB][MAB] event=before_select function=mab_cost_aware_1784212775 compatible_tags=[x86-tiny/gpu/nvidia x86-large/gpu/amd] has_context=true
2026/07/16 16:39:50 [MAB] event=arm_score ts=1784212790998 policy=LinUCB function=mab_cost_aware_1784212775 arm=x86-tiny/gpu/nvidia score=-0.976857 expected_reward=-1.019478 confidence=0.042621 mem_usage=0.000000
2026/07/16 16:39:50 [MAB] event=arm_score ts=1784212790998 policy=LinUCB function=mab_cost_aware_1784212775 arm=x86-large/gpu/amd score=-0.989914 expected_reward=-1.022350 confidence=0.032436 mem_usage=0.000000
2026/07/16 16:39:50 [MAB] event=select_arm ts=1784212790998 policy=LinUCB function=mab_cost_aware_1784212775 selected_arm=x86-tiny/gpu/nvidia reason=linucb_score score=-0.976857 arms=[x86-tiny/gpu/nvidia,x86-large/gpu/amd]
2026/07/16 16:39:50 [LB][MAB] event=after_select function=mab_cost_aware_1784212775 selected_tag=x86-tiny/gpu/nvidia compatible_tags=[x86-tiny/gpu/nvidia x86-large/gpu/amd]
2026/07/16 16:39:50 Candidate has: 512 MB free memory. Function needs: 128 MB
2026/07/16 16:39:50 [LB] Selected target for function 'mab_cost_aware_1784212775': target_tag=x86-tiny/gpu/nvidia candidate=fL8hSEQbVS9m4dxEdThTyM1784212776407587309 candidate_tag=x86-tiny/gpu/nvidia
2026/07/16 16:39:51 [LB-Update] Node fL8hSEQbVS9m4dxEdThTyM1784212776407587309 reported 512 MB free
2026/07/16 16:39:51 [MAB] event=reward_breakdown ts=1784212791002 policy=LinUCB function=mab_cost_aware_1784212775 arm=x86-tiny/gpu/nvidia base_tag=x86-tiny architecture=x86 specialization=tiny capabilities=[gpu,nvidia] duration_ms=2.953631 latency_reward=-1.083035 cost_weight=0.000000 cost_factor=1.600000 cost_term=0.000000 energy_weight=0.000000 energy_factor=1.800000 energy_term=0.000000 memory_weight=0.700000 memory_penalty=0.000000 memory_term=0.000000 final_reward=-1.083035
2026/07/16 16:39:51 [MAB] event=update_reward ts=1784212791002 policy=LinUCB function=mab_cost_aware_1784212775 arm=x86-tiny/gpu/nvidia duration_ms=2.953631 warm_start=true mem_usage=0.000000 lambda=0.700000 reward=-1.083035
2026/07/16 16:39:51 [LB] Compatible tag found: function=mab_cost_aware_1784212775 tag=x86-tiny/gpu/nvidia arch=amd64 pattern="gpu" ring_size=1
2026/07/16 16:39:51 [LB] Compatible tag found: function=mab_cost_aware_1784212775 tag=x86-large/gpu/amd arch=amd64 pattern="gpu" ring_size=1
2026/07/16 16:39:51 [LB] Compatible tags for function 'mab_cost_aware_1784212775': [x86-tiny/gpu/nvidia x86-large/gpu/amd]
2026/07/16 16:39:51 [LB][MAB] event=before_select function=mab_cost_aware_1784212775 compatible_tags=[x86-tiny/gpu/nvidia x86-large/gpu/amd] has_context=true
2026/07/16 16:39:51 [MAB] event=arm_score ts=1784212791224 policy=LinUCB function=mab_cost_aware_1784212775 arm=x86-tiny/gpu/nvidia score=-0.990040 expected_reward=-1.029248 confidence=0.039208 mem_usage=0.000000
2026/07/16 16:39:51 [MAB] event=arm_score ts=1784212791224 policy=LinUCB function=mab_cost_aware_1784212775 arm=x86-large/gpu/amd score=-0.989914 expected_reward=-1.022350 confidence=0.032436 mem_usage=0.000000
2026/07/16 16:39:51 [MAB] event=select_arm ts=1784212791224 policy=LinUCB function=mab_cost_aware_1784212775 selected_arm=x86-large/gpu/amd reason=linucb_score score=-0.989914 arms=[x86-tiny/gpu/nvidia,x86-large/gpu/amd]
2026/07/16 16:39:51 [LB][MAB] event=after_select function=mab_cost_aware_1784212775 selected_tag=x86-large/gpu/amd compatible_tags=[x86-tiny/gpu/nvidia x86-large/gpu/amd]
2026/07/16 16:39:51 Candidate has: 512 MB free memory. Function needs: 128 MB
2026/07/16 16:39:51 [LB] Selected target for function 'mab_cost_aware_1784212775': target_tag=x86-large/gpu/amd candidate=6rHEgVAqQqwe4LoCgnNLXg1784212776406631102 candidate_tag=x86-large/gpu/amd
2026/07/16 16:39:51 [LB-Update] Node 6rHEgVAqQqwe4LoCgnNLXg1784212776406631102 reported 512 MB free
2026/07/16 16:39:51 [MAB] event=reward_breakdown ts=1784212791227 policy=LinUCB function=mab_cost_aware_1784212775 arm=x86-large/gpu/amd base_tag=x86-large architecture=x86 specialization=large capabilities=[gpu,amd] duration_ms=2.377199 latency_reward=-0.865923 cost_weight=0.000000 cost_factor=1.200000 cost_term=0.000000 energy_weight=0.000000 energy_factor=1.200000 energy_term=0.000000 memory_weight=0.700000 memory_penalty=0.000000 memory_term=0.000000 final_reward=-0.865923
2026/07/16 16:39:51 [MAB] event=update_reward ts=1784212791227 policy=LinUCB function=mab_cost_aware_1784212775 arm=x86-large/gpu/amd duration_ms=2.377199 warm_start=true mem_usage=0.000000 lambda=0.700000 reward=-0.865923
2026/07/16 16:39:51 [LB] Compatible tag found: function=mab_cost_aware_1784212775 tag=x86-tiny/gpu/nvidia arch=amd64 pattern="gpu" ring_size=1
2026/07/16 16:39:51 [LB] Compatible tag found: function=mab_cost_aware_1784212775 tag=x86-large/gpu/amd arch=amd64 pattern="gpu" ring_size=1
2026/07/16 16:39:51 [LB] Compatible tags for function 'mab_cost_aware_1784212775': [x86-tiny/gpu/nvidia x86-large/gpu/amd]
2026/07/16 16:39:51 [LB][MAB] event=before_select function=mab_cost_aware_1784212775 compatible_tags=[x86-tiny/gpu/nvidia x86-large/gpu/amd] has_context=true
2026/07/16 16:39:51 [MAB] event=arm_score ts=1784212791449 policy=LinUCB function=mab_cost_aware_1784212775 arm=x86-tiny/gpu/nvidia score=-0.990040 expected_reward=-1.029248 confidence=0.039208 mem_usage=0.000000
2026/07/16 16:39:51 [MAB] event=arm_score ts=1784212791449 policy=LinUCB function=mab_cost_aware_1784212775 arm=x86-large/gpu/amd score=-0.976606 expected_reward=-1.007459 confidence=0.030853 mem_usage=0.000000
2026/07/16 16:39:51 [MAB] event=select_arm ts=1784212791449 policy=LinUCB function=mab_cost_aware_1784212775 selected_arm=x86-large/gpu/amd reason=linucb_score score=-0.976606 arms=[x86-tiny/gpu/nvidia,x86-large/gpu/amd]
2026/07/16 16:39:51 [LB][MAB] event=after_select function=mab_cost_aware_1784212775 selected_tag=x86-large/gpu/amd compatible_tags=[x86-tiny/gpu/nvidia x86-large/gpu/amd]
2026/07/16 16:39:51 Candidate has: 512 MB free memory. Function needs: 128 MB
2026/07/16 16:39:51 [LB] Selected target for function 'mab_cost_aware_1784212775': target_tag=x86-large/gpu/amd candidate=6rHEgVAqQqwe4LoCgnNLXg1784212776406631102 candidate_tag=x86-large/gpu/amd
2026/07/16 16:39:51 [LB-Update] Node 6rHEgVAqQqwe4LoCgnNLXg1784212776406631102 reported 512 MB free
2026/07/16 16:39:51 [MAB] event=reward_breakdown ts=1784212791453 policy=LinUCB function=mab_cost_aware_1784212775 arm=x86-large/gpu/amd base_tag=x86-large architecture=x86 specialization=large capabilities=[gpu,amd] duration_ms=3.032771 latency_reward=-1.109477 cost_weight=0.000000 cost_factor=1.200000 cost_term=0.000000 energy_weight=0.000000 energy_factor=1.200000 energy_term=0.000000 memory_weight=0.700000 memory_penalty=0.000000 memory_term=0.000000 final_reward=-1.109477
2026/07/16 16:39:51 [MAB] event=update_reward ts=1784212791453 policy=LinUCB function=mab_cost_aware_1784212775 arm=x86-large/gpu/amd duration_ms=3.032771 warm_start=true mem_usage=0.000000 lambda=0.700000 reward=-1.109477
2026/07/16 16:39:51 [LB] Compatible tag found: function=mab_cost_aware_1784212775 tag=x86-tiny/gpu/nvidia arch=amd64 pattern="gpu" ring_size=1
2026/07/16 16:39:51 [LB] Compatible tag found: function=mab_cost_aware_1784212775 tag=x86-large/gpu/amd arch=amd64 pattern="gpu" ring_size=1
2026/07/16 16:39:51 [LB] Compatible tags for function 'mab_cost_aware_1784212775': [x86-tiny/gpu/nvidia x86-large/gpu/amd]
2026/07/16 16:39:51 [LB][MAB] event=before_select function=mab_cost_aware_1784212775 compatible_tags=[x86-tiny/gpu/nvidia x86-large/gpu/amd] has_context=true
2026/07/16 16:39:51 [MAB] event=arm_score ts=1784212791674 policy=LinUCB function=mab_cost_aware_1784212775 arm=x86-tiny/gpu/nvidia score=-0.990040 expected_reward=-1.029248 confidence=0.039208 mem_usage=0.000000
2026/07/16 16:39:51 [MAB] event=arm_score ts=1784212791674 policy=LinUCB function=mab_cost_aware_1784212775 arm=x86-large/gpu/amd score=-0.986844 expected_reward=-1.016326 confidence=0.029482 mem_usage=0.000000
2026/07/16 16:39:51 [MAB] event=select_arm ts=1784212791674 policy=LinUCB function=mab_cost_aware_1784212775 selected_arm=x86-large/gpu/amd reason=linucb_score score=-0.986844 arms=[x86-tiny/gpu/nvidia,x86-large/gpu/amd]
2026/07/16 16:39:51 [LB][MAB] event=after_select function=mab_cost_aware_1784212775 selected_tag=x86-large/gpu/amd compatible_tags=[x86-tiny/gpu/nvidia x86-large/gpu/amd]
2026/07/16 16:39:51 Candidate has: 512 MB free memory. Function needs: 128 MB
2026/07/16 16:39:51 [LB] Selected target for function 'mab_cost_aware_1784212775': target_tag=x86-large/gpu/amd candidate=6rHEgVAqQqwe4LoCgnNLXg1784212776406631102 candidate_tag=x86-large/gpu/amd
2026/07/16 16:39:51 [LB-Update] Node 6rHEgVAqQqwe4LoCgnNLXg1784212776406631102 reported 512 MB free
2026/07/16 16:39:51 [MAB] event=reward_breakdown ts=1784212791678 policy=LinUCB function=mab_cost_aware_1784212775 arm=x86-large/gpu/amd base_tag=x86-large architecture=x86 specialization=large capabilities=[gpu,amd] duration_ms=3.024236 latency_reward=-1.106658 cost_weight=0.000000 cost_factor=1.200000 cost_term=0.000000 energy_weight=0.000000 energy_factor=1.200000 energy_term=0.000000 memory_weight=0.700000 memory_penalty=0.000000 memory_term=0.000000 final_reward=-1.106658
2026/07/16 16:39:51 [MAB] event=update_reward ts=1784212791678 policy=LinUCB function=mab_cost_aware_1784212775 arm=x86-large/gpu/amd duration_ms=3.024236 warm_start=true mem_usage=0.000000 lambda=0.700000 reward=-1.106658
2026/07/16 16:39:51 [LB] Compatible tag found: function=mab_cost_aware_1784212775 tag=x86-tiny/gpu/nvidia arch=amd64 pattern="gpu" ring_size=1
2026/07/16 16:39:51 [LB] Compatible tag found: function=mab_cost_aware_1784212775 tag=x86-large/gpu/amd arch=amd64 pattern="gpu" ring_size=1
2026/07/16 16:39:51 [LB] Compatible tags for function 'mab_cost_aware_1784212775': [x86-tiny/gpu/nvidia x86-large/gpu/amd]
2026/07/16 16:39:51 [LB][MAB] event=before_select function=mab_cost_aware_1784212775 compatible_tags=[x86-tiny/gpu/nvidia x86-large/gpu/amd] has_context=true
2026/07/16 16:39:51 [MAB] event=arm_score ts=1784212791896 policy=LinUCB function=mab_cost_aware_1784212775 arm=x86-tiny/gpu/nvidia score=-0.990040 expected_reward=-1.029248 confidence=0.039208 mem_usage=0.000000
2026/07/16 16:39:51 [MAB] event=arm_score ts=1784212791896 policy=LinUCB function=mab_cost_aware_1784212775 arm=x86-large/gpu/amd score=-0.995271 expected_reward=-1.023550 confidence=0.028279 mem_usage=0.000000
2026/07/16 16:39:51 [MAB] event=select_arm ts=1784212791896 policy=LinUCB function=mab_cost_aware_1784212775 selected_arm=x86-tiny/gpu/nvidia reason=linucb_score score=-0.990040 arms=[x86-tiny/gpu/nvidia,x86-large/gpu/amd]
2026/07/16 16:39:51 [LB][MAB] event=after_select function=mab_cost_aware_1784212775 selected_tag=x86-tiny/gpu/nvidia compatible_tags=[x86-tiny/gpu/nvidia x86-large/gpu/amd]
2026/07/16 16:39:51 Candidate has: 512 MB free memory. Function needs: 128 MB
2026/07/16 16:39:51 [LB] Selected target for function 'mab_cost_aware_1784212775': target_tag=x86-tiny/gpu/nvidia candidate=fL8hSEQbVS9m4dxEdThTyM1784212776407587309 candidate_tag=x86-tiny/gpu/nvidia
2026/07/16 16:39:51 [LB-Update] Node fL8hSEQbVS9m4dxEdThTyM1784212776407587309 reported 512 MB free
2026/07/16 16:39:51 [MAB] event=reward_breakdown ts=1784212791899 policy=LinUCB function=mab_cost_aware_1784212775 arm=x86-tiny/gpu/nvidia base_tag=x86-tiny architecture=x86 specialization=tiny capabilities=[gpu,nvidia] duration_ms=2.358865 latency_reward=-0.858181 cost_weight=0.000000 cost_factor=1.600000 cost_term=0.000000 energy_weight=0.000000 energy_factor=1.800000 energy_term=0.000000 memory_weight=0.700000 memory_penalty=0.000000 memory_term=0.000000 final_reward=-0.858181
2026/07/16 16:39:51 [MAB] event=update_reward ts=1784212791899 policy=LinUCB function=mab_cost_aware_1784212775 arm=x86-tiny/gpu/nvidia duration_ms=2.358865 warm_start=true mem_usage=0.000000 lambda=0.700000 reward=-0.858181
2026/07/16 16:39:52 [LB] Compatible tag found: function=mab_cost_aware_1784212775 tag=x86-tiny/gpu/nvidia arch=amd64 pattern="gpu" ring_size=1
2026/07/16 16:39:52 [LB] Compatible tag found: function=mab_cost_aware_1784212775 tag=x86-large/gpu/amd arch=amd64 pattern="gpu" ring_size=1
2026/07/16 16:39:52 [LB] Compatible tags for function 'mab_cost_aware_1784212775': [x86-tiny/gpu/nvidia x86-large/gpu/amd]
2026/07/16 16:39:52 [LB][MAB] event=before_select function=mab_cost_aware_1784212775 compatible_tags=[x86-tiny/gpu/nvidia x86-large/gpu/amd] has_context=true
2026/07/16 16:39:52 [MAB] event=arm_score ts=1784212792119 policy=LinUCB function=mab_cost_aware_1784212775 arm=x86-tiny/gpu/nvidia score=-0.969952 expected_reward=-1.006454 confidence=0.036503 mem_usage=0.000000
2026/07/16 16:39:52 [MAB] event=arm_score ts=1784212792119 policy=LinUCB function=mab_cost_aware_1784212775 arm=x86-large/gpu/amd score=-0.995271 expected_reward=-1.023550 confidence=0.028279 mem_usage=0.000000
2026/07/16 16:39:52 [MAB] event=select_arm ts=1784212792119 policy=LinUCB function=mab_cost_aware_1784212775 selected_arm=x86-tiny/gpu/nvidia reason=linucb_score score=-0.969952 arms=[x86-tiny/gpu/nvidia,x86-large/gpu/amd]
2026/07/16 16:39:52 [LB][MAB] event=after_select function=mab_cost_aware_1784212775 selected_tag=x86-tiny/gpu/nvidia compatible_tags=[x86-tiny/gpu/nvidia x86-large/gpu/amd]
2026/07/16 16:39:52 Candidate has: 512 MB free memory. Function needs: 128 MB
2026/07/16 16:39:52 [LB] Selected target for function 'mab_cost_aware_1784212775': target_tag=x86-tiny/gpu/nvidia candidate=fL8hSEQbVS9m4dxEdThTyM1784212776407587309 candidate_tag=x86-tiny/gpu/nvidia
2026/07/16 16:39:52 [LB-Update] Node fL8hSEQbVS9m4dxEdThTyM1784212776407587309 reported 512 MB free
2026/07/16 16:39:52 [MAB] event=reward_breakdown ts=1784212792123 policy=LinUCB function=mab_cost_aware_1784212775 arm=x86-tiny/gpu/nvidia base_tag=x86-tiny architecture=x86 specialization=tiny capabilities=[gpu,nvidia] duration_ms=2.780865 latency_reward=-1.022762 cost_weight=0.000000 cost_factor=1.600000 cost_term=0.000000 energy_weight=0.000000 energy_factor=1.800000 energy_term=0.000000 memory_weight=0.700000 memory_penalty=0.000000 memory_term=0.000000 final_reward=-1.022762
2026/07/16 16:39:52 [MAB] event=update_reward ts=1784212792123 policy=LinUCB function=mab_cost_aware_1784212775 arm=x86-tiny/gpu/nvidia duration_ms=2.780865 warm_start=true mem_usage=0.000000 lambda=0.700000 reward=-1.022762
2026/07/16 16:39:52 [LB] Compatible tag found: function=mab_cost_aware_1784212775 tag=x86-tiny/gpu/nvidia arch=amd64 pattern="gpu" ring_size=1
2026/07/16 16:39:52 [LB] Compatible tag found: function=mab_cost_aware_1784212775 tag=x86-large/gpu/amd arch=amd64 pattern="gpu" ring_size=1
2026/07/16 16:39:52 [LB] Compatible tags for function 'mab_cost_aware_1784212775': [x86-tiny/gpu/nvidia x86-large/gpu/amd]
2026/07/16 16:39:52 [LB][MAB] event=before_select function=mab_cost_aware_1784212775 compatible_tags=[x86-tiny/gpu/nvidia x86-large/gpu/amd] has_context=true
2026/07/16 16:39:52 [MAB] event=arm_score ts=1784212792344 policy=LinUCB function=mab_cost_aware_1784212775 arm=x86-tiny/gpu/nvidia score=-0.974082 expected_reward=-1.008372 confidence=0.034290 mem_usage=0.000000
2026/07/16 16:39:52 [MAB] event=arm_score ts=1784212792344 policy=LinUCB function=mab_cost_aware_1784212775 arm=x86-large/gpu/amd score=-0.995271 expected_reward=-1.023550 confidence=0.028279 mem_usage=0.000000
2026/07/16 16:39:52 [MAB] event=select_arm ts=1784212792344 policy=LinUCB function=mab_cost_aware_1784212775 selected_arm=x86-tiny/gpu/nvidia reason=linucb_score score=-0.974082 arms=[x86-tiny/gpu/nvidia,x86-large/gpu/amd]
2026/07/16 16:39:52 [LB][MAB] event=after_select function=mab_cost_aware_1784212775 selected_tag=x86-tiny/gpu/nvidia compatible_tags=[x86-tiny/gpu/nvidia x86-large/gpu/amd]
2026/07/16 16:39:52 Candidate has: 512 MB free memory. Function needs: 128 MB
2026/07/16 16:39:52 [LB] Selected target for function 'mab_cost_aware_1784212775': target_tag=x86-tiny/gpu/nvidia candidate=fL8hSEQbVS9m4dxEdThTyM1784212776407587309 candidate_tag=x86-tiny/gpu/nvidia
2026/07/16 16:39:52 [LB-Update] Node fL8hSEQbVS9m4dxEdThTyM1784212776407587309 reported 512 MB free
2026/07/16 16:39:52 [MAB] event=reward_breakdown ts=1784212792347 policy=LinUCB function=mab_cost_aware_1784212775 arm=x86-tiny/gpu/nvidia base_tag=x86-tiny architecture=x86 specialization=tiny capabilities=[gpu,nvidia] duration_ms=2.789530 latency_reward=-1.025873 cost_weight=0.000000 cost_factor=1.600000 cost_term=0.000000 energy_weight=0.000000 energy_factor=1.800000 energy_term=0.000000 memory_weight=0.700000 memory_penalty=0.000000 memory_term=0.000000 final_reward=-1.025873
2026/07/16 16:39:52 [MAB] event=update_reward ts=1784212792347 policy=LinUCB function=mab_cost_aware_1784212775 arm=x86-tiny/gpu/nvidia duration_ms=2.789530 warm_start=true mem_usage=0.000000 lambda=0.700000 reward=-1.025873
2026/07/16 16:39:52 [LB] Compatible tag found: function=mab_cost_aware_1784212775 tag=x86-tiny/gpu/nvidia arch=amd64 pattern="gpu" ring_size=1
2026/07/16 16:39:52 [LB] Compatible tag found: function=mab_cost_aware_1784212775 tag=x86-large/gpu/amd arch=amd64 pattern="gpu" ring_size=1
2026/07/16 16:39:52 [LB] Compatible tags for function 'mab_cost_aware_1784212775': [x86-tiny/gpu/nvidia x86-large/gpu/amd]
2026/07/16 16:39:52 [LB][MAB] event=before_select function=mab_cost_aware_1784212775 compatible_tags=[x86-tiny/gpu/nvidia x86-large/gpu/amd] has_context=true
2026/07/16 16:39:52 [MAB] event=arm_score ts=1784212792568 policy=LinUCB function=mab_cost_aware_1784212775 arm=x86-tiny/gpu/nvidia score=-0.977777 expected_reward=-1.010213 confidence=0.032436 mem_usage=0.000000
2026/07/16 16:39:52 [MAB] event=arm_score ts=1784212792568 policy=LinUCB function=mab_cost_aware_1784212775 arm=x86-large/gpu/amd score=-0.995271 expected_reward=-1.023550 confidence=0.028279 mem_usage=0.000000
2026/07/16 16:39:52 [MAB] event=select_arm ts=1784212792568 policy=LinUCB function=mab_cost_aware_1784212775 selected_arm=x86-tiny/gpu/nvidia reason=linucb_score score=-0.977777 arms=[x86-tiny/gpu/nvidia,x86-large/gpu/amd]
2026/07/16 16:39:52 [LB][MAB] event=after_select function=mab_cost_aware_1784212775 selected_tag=x86-tiny/gpu/nvidia compatible_tags=[x86-tiny/gpu/nvidia x86-large/gpu/amd]
2026/07/16 16:39:52 Candidate has: 512 MB free memory. Function needs: 128 MB
2026/07/16 16:39:52 [LB] Selected target for function 'mab_cost_aware_1784212775': target_tag=x86-tiny/gpu/nvidia candidate=fL8hSEQbVS9m4dxEdThTyM1784212776407587309 candidate_tag=x86-tiny/gpu/nvidia
2026/07/16 16:39:52 [LB-Update] Node fL8hSEQbVS9m4dxEdThTyM1784212776407587309 reported 512 MB free
2026/07/16 16:39:52 [MAB] event=reward_breakdown ts=1784212792572 policy=LinUCB function=mab_cost_aware_1784212775 arm=x86-tiny/gpu/nvidia base_tag=x86-tiny architecture=x86 specialization=tiny capabilities=[gpu,nvidia] duration_ms=3.023432 latency_reward=-1.106393 cost_weight=0.000000 cost_factor=1.600000 cost_term=0.000000 energy_weight=0.000000 energy_factor=1.800000 energy_term=0.000000 memory_weight=0.700000 memory_penalty=0.000000 memory_term=0.000000 final_reward=-1.106393
2026/07/16 16:39:52 [MAB] event=update_reward ts=1784212792572 policy=LinUCB function=mab_cost_aware_1784212775 arm=x86-tiny/gpu/nvidia duration_ms=3.023432 warm_start=true mem_usage=0.000000 lambda=0.700000 reward=-1.106393
2026/07/16 16:39:52 [LB] Compatible tag found: function=mab_cost_aware_1784212775 tag=x86-tiny/gpu/nvidia arch=amd64 pattern="gpu" ring_size=1
2026/07/16 16:39:52 [LB] Compatible tag found: function=mab_cost_aware_1784212775 tag=x86-large/gpu/amd arch=amd64 pattern="gpu" ring_size=1
2026/07/16 16:39:52 [LB] Compatible tags for function 'mab_cost_aware_1784212775': [x86-tiny/gpu/nvidia x86-large/gpu/amd]
2026/07/16 16:39:52 [LB][MAB] event=before_select function=mab_cost_aware_1784212775 compatible_tags=[x86-tiny/gpu/nvidia x86-large/gpu/amd] has_context=true
2026/07/16 16:39:52 [MAB] event=arm_score ts=1784212792793 policy=LinUCB function=mab_cost_aware_1784212775 arm=x86-tiny/gpu/nvidia score=-0.988515 expected_reward=-1.019369 confidence=0.030853 mem_usage=0.000000
2026/07/16 16:39:52 [MAB] event=arm_score ts=1784212792793 policy=LinUCB function=mab_cost_aware_1784212775 arm=x86-large/gpu/amd score=-0.995271 expected_reward=-1.023550 confidence=0.028279 mem_usage=0.000000
2026/07/16 16:39:52 [MAB] event=select_arm ts=1784212792793 policy=LinUCB function=mab_cost_aware_1784212775 selected_arm=x86-tiny/gpu/nvidia reason=linucb_score score=-0.988515 arms=[x86-tiny/gpu/nvidia,x86-large/gpu/amd]
2026/07/16 16:39:52 [LB][MAB] event=after_select function=mab_cost_aware_1784212775 selected_tag=x86-tiny/gpu/nvidia compatible_tags=[x86-tiny/gpu/nvidia x86-large/gpu/amd]
2026/07/16 16:39:52 Candidate has: 512 MB free memory. Function needs: 128 MB
2026/07/16 16:39:52 [LB] Selected target for function 'mab_cost_aware_1784212775': target_tag=x86-tiny/gpu/nvidia candidate=fL8hSEQbVS9m4dxEdThTyM1784212776407587309 candidate_tag=x86-tiny/gpu/nvidia
2026/07/16 16:39:52 [LB-Update] Node fL8hSEQbVS9m4dxEdThTyM1784212776407587309 reported 512 MB free
2026/07/16 16:39:52 [MAB] event=reward_breakdown ts=1784212792798 policy=LinUCB function=mab_cost_aware_1784212775 arm=x86-tiny/gpu/nvidia base_tag=x86-tiny architecture=x86 specialization=tiny capabilities=[gpu,nvidia] duration_ms=3.433677 latency_reward=-1.233632 cost_weight=0.000000 cost_factor=1.600000 cost_term=0.000000 energy_weight=0.000000 energy_factor=1.800000 energy_term=0.000000 memory_weight=0.700000 memory_penalty=0.000000 memory_term=0.000000 final_reward=-1.233632
2026/07/16 16:39:52 [MAB] event=update_reward ts=1784212792798 policy=LinUCB function=mab_cost_aware_1784212775 arm=x86-tiny/gpu/nvidia duration_ms=3.433677 warm_start=true mem_usage=0.000000 lambda=0.700000 reward=-1.233632
2026/07/16 16:39:53 [LB] Compatible tag found: function=mab_cost_aware_1784212775 tag=x86-tiny/gpu/nvidia arch=amd64 pattern="gpu" ring_size=1
2026/07/16 16:39:53 [LB] Compatible tag found: function=mab_cost_aware_1784212775 tag=x86-large/gpu/amd arch=amd64 pattern="gpu" ring_size=1
2026/07/16 16:39:53 [LB] Compatible tags for function 'mab_cost_aware_1784212775': [x86-tiny/gpu/nvidia x86-large/gpu/amd]
2026/07/16 16:39:53 [LB][MAB] event=before_select function=mab_cost_aware_1784212775 compatible_tags=[x86-tiny/gpu/nvidia x86-large/gpu/amd] has_context=true
2026/07/16 16:39:53 [MAB] event=arm_score ts=1784212793016 policy=LinUCB function=mab_cost_aware_1784212775 arm=x86-tiny/gpu/nvidia score=-1.008510 expected_reward=-1.037992 confidence=0.029482 mem_usage=0.000000
2026/07/16 16:39:53 [MAB] event=arm_score ts=1784212793016 policy=LinUCB function=mab_cost_aware_1784212775 arm=x86-large/gpu/amd score=-0.995271 expected_reward=-1.023550 confidence=0.028279 mem_usage=0.000000
2026/07/16 16:39:53 [MAB] event=select_arm ts=1784212793016 policy=LinUCB function=mab_cost_aware_1784212775 selected_arm=x86-large/gpu/amd reason=linucb_score score=-0.995271 arms=[x86-tiny/gpu/nvidia,x86-large/gpu/amd]
2026/07/16 16:39:53 [LB][MAB] event=after_select function=mab_cost_aware_1784212775 selected_tag=x86-large/gpu/amd compatible_tags=[x86-tiny/gpu/nvidia x86-large/gpu/amd]
2026/07/16 16:39:53 Candidate has: 512 MB free memory. Function needs: 128 MB
2026/07/16 16:39:53 [LB] Selected target for function 'mab_cost_aware_1784212775': target_tag=x86-large/gpu/amd candidate=6rHEgVAqQqwe4LoCgnNLXg1784212776406631102 candidate_tag=x86-large/gpu/amd
2026/07/16 16:39:53 [LB-Update] Node 6rHEgVAqQqwe4LoCgnNLXg1784212776406631102 reported 512 MB free
2026/07/16 16:39:53 [MAB] event=reward_breakdown ts=1784212793020 policy=LinUCB function=mab_cost_aware_1784212775 arm=x86-large/gpu/amd base_tag=x86-large architecture=x86 specialization=large capabilities=[gpu,amd] duration_ms=3.018033 latency_reward=-1.104605 cost_weight=0.000000 cost_factor=1.200000 cost_term=0.000000 energy_weight=0.000000 energy_factor=1.200000 energy_term=0.000000 memory_weight=0.700000 memory_penalty=0.000000 memory_term=0.000000 final_reward=-1.104605
2026/07/16 16:39:53 [MAB] event=update_reward ts=1784212793020 policy=LinUCB function=mab_cost_aware_1784212775 arm=x86-large/gpu/amd duration_ms=3.018033 warm_start=true mem_usage=0.000000 lambda=0.700000 reward=-1.104605
2026/07/16 16:39:53 [LB] Compatible tag found: function=mab_cost_aware_1784212775 tag=x86-tiny/gpu/nvidia arch=amd64 pattern="gpu" ring_size=1
2026/07/16 16:39:53 [LB] Compatible tag found: function=mab_cost_aware_1784212775 tag=x86-large/gpu/amd arch=amd64 pattern="gpu" ring_size=1
2026/07/16 16:39:53 [LB] Compatible tags for function 'mab_cost_aware_1784212775': [x86-tiny/gpu/nvidia x86-large/gpu/amd]
2026/07/16 16:39:53 [LB][MAB] event=before_select function=mab_cost_aware_1784212775 compatible_tags=[x86-tiny/gpu/nvidia x86-large/gpu/amd] has_context=true
2026/07/16 16:39:53 [MAB] event=arm_score ts=1784212793241 policy=LinUCB function=mab_cost_aware_1784212775 arm=x86-tiny/gpu/nvidia score=-1.008510 expected_reward=-1.037992 confidence=0.029482 mem_usage=0.000000
2026/07/16 16:39:53 [MAB] event=arm_score ts=1784212793241 policy=LinUCB function=mab_cost_aware_1784212775 arm=x86-large/gpu/amd score=-1.002340 expected_reward=-1.029552 confidence=0.027212 mem_usage=0.000000
2026/07/16 16:39:53 [MAB] event=select_arm ts=1784212793241 policy=LinUCB function=mab_cost_aware_1784212775 selected_arm=x86-large/gpu/amd reason=linucb_score score=-1.002340 arms=[x86-tiny/gpu/nvidia,x86-large/gpu/amd]
2026/07/16 16:39:53 [LB][MAB] event=after_select function=mab_cost_aware_1784212775 selected_tag=x86-large/gpu/amd compatible_tags=[x86-tiny/gpu/nvidia x86-large/gpu/amd]
2026/07/16 16:39:53 Candidate has: 512 MB free memory. Function needs: 128 MB
2026/07/16 16:39:53 [LB] Selected target for function 'mab_cost_aware_1784212775': target_tag=x86-large/gpu/amd candidate=6rHEgVAqQqwe4LoCgnNLXg1784212776406631102 candidate_tag=x86-large/gpu/amd
2026/07/16 16:39:53 [LB-Update] Node 6rHEgVAqQqwe4LoCgnNLXg1784212776406631102 reported 512 MB free
2026/07/16 16:39:53 [MAB] event=reward_breakdown ts=1784212793245 policy=LinUCB function=mab_cost_aware_1784212775 arm=x86-large/gpu/amd base_tag=x86-large architecture=x86 specialization=large capabilities=[gpu,amd] duration_ms=3.269203 latency_reward=-1.184546 cost_weight=0.000000 cost_factor=1.200000 cost_term=0.000000 energy_weight=0.000000 energy_factor=1.200000 energy_term=0.000000 memory_weight=0.700000 memory_penalty=0.000000 memory_term=0.000000 final_reward=-1.184546
2026/07/16 16:39:53 [MAB] event=update_reward ts=1784212793245 policy=LinUCB function=mab_cost_aware_1784212775 arm=x86-large/gpu/amd duration_ms=3.269203 warm_start=true mem_usage=0.000000 lambda=0.700000 reward=-1.184546
2026/07/16 16:39:53 [LB]: Periodic targets update
2026/07/16 16:39:53 Found target: rhRQwM8zhJucyEvB7Fk9w81784212776405966921
2026/07/16 16:39:53 Found target: 6rHEgVAqQqwe4LoCgnNLXg1784212776406631102
2026/07/16 16:39:53 Found target: SL84UtV93ZVoAzC83GJyCc1784212776406309878
2026/07/16 16:39:53 Found target: fL8hSEQbVS9m4dxEdThTyM1784212776407587309
2026/07/16 16:39:53 Found 4 targets
2026/07/16 16:39:53 [LB] Compatible tag found: function=mab_cost_aware_1784212775 tag=x86-tiny/gpu/nvidia arch=amd64 pattern="gpu" ring_size=1
2026/07/16 16:39:53 [LB] Compatible tag found: function=mab_cost_aware_1784212775 tag=x86-large/gpu/amd arch=amd64 pattern="gpu" ring_size=1
2026/07/16 16:39:53 [LB] Compatible tags for function 'mab_cost_aware_1784212775': [x86-tiny/gpu/nvidia x86-large/gpu/amd]
2026/07/16 16:39:53 [LB][MAB] event=before_select function=mab_cost_aware_1784212775 compatible_tags=[x86-tiny/gpu/nvidia x86-large/gpu/amd] has_context=true
2026/07/16 16:39:53 [MAB] event=arm_score ts=1784212793465 policy=LinUCB function=mab_cost_aware_1784212775 arm=x86-tiny/gpu/nvidia score=-1.008510 expected_reward=-1.037992 confidence=0.029482 mem_usage=0.000000
2026/07/16 16:39:53 [MAB] event=arm_score ts=1784212793465 policy=LinUCB function=mab_cost_aware_1784212775 arm=x86-large/gpu/amd score=-1.013981 expected_reward=-1.040237 confidence=0.026257 mem_usage=0.000000
2026/07/16 16:39:53 [MAB] event=select_arm ts=1784212793465 policy=LinUCB function=mab_cost_aware_1784212775 selected_arm=x86-tiny/gpu/nvidia reason=linucb_score score=-1.008510 arms=[x86-tiny/gpu/nvidia,x86-large/gpu/amd]
2026/07/16 16:39:53 [LB][MAB] event=after_select function=mab_cost_aware_1784212775 selected_tag=x86-tiny/gpu/nvidia compatible_tags=[x86-tiny/gpu/nvidia x86-large/gpu/amd]
2026/07/16 16:39:53 Candidate has: 512 MB free memory. Function needs: 128 MB
2026/07/16 16:39:53 [LB] Selected target for function 'mab_cost_aware_1784212775': target_tag=x86-tiny/gpu/nvidia candidate=fL8hSEQbVS9m4dxEdThTyM1784212776407587309 candidate_tag=x86-tiny/gpu/nvidia
2026/07/16 16:39:53 [LB-Update] Node fL8hSEQbVS9m4dxEdThTyM1784212776407587309 reported 512 MB free
2026/07/16 16:39:53 [MAB] event=reward_breakdown ts=1784212793469 policy=LinUCB function=mab_cost_aware_1784212775 arm=x86-tiny/gpu/nvidia base_tag=x86-tiny architecture=x86 specialization=tiny capabilities=[gpu,nvidia] duration_ms=2.962330 latency_reward=-1.085976 cost_weight=0.000000 cost_factor=1.600000 cost_term=0.000000 energy_weight=0.000000 energy_factor=1.800000 energy_term=0.000000 memory_weight=0.700000 memory_penalty=0.000000 memory_term=0.000000 final_reward=-1.085976
2026/07/16 16:39:53 [MAB] event=update_reward ts=1784212793469 policy=LinUCB function=mab_cost_aware_1784212775 arm=x86-tiny/gpu/nvidia duration_ms=2.962330 warm_start=true mem_usage=0.000000 lambda=0.700000 reward=-1.085976
2026/07/16 16:39:53 [LB] Compatible tag found: function=mab_cost_aware_1784212775 tag=x86-tiny/gpu/nvidia arch=amd64 pattern="gpu" ring_size=1
2026/07/16 16:39:53 [LB] Compatible tag found: function=mab_cost_aware_1784212775 tag=x86-large/gpu/amd arch=amd64 pattern="gpu" ring_size=1
2026/07/16 16:39:53 [LB] Compatible tags for function 'mab_cost_aware_1784212775': [x86-tiny/gpu/nvidia x86-large/gpu/amd]
2026/07/16 16:39:53 [LB][MAB] event=before_select function=mab_cost_aware_1784212775 compatible_tags=[x86-tiny/gpu/nvidia x86-large/gpu/amd] has_context=true
2026/07/16 16:39:53 [MAB] event=arm_score ts=1784212793688 policy=LinUCB function=mab_cost_aware_1784212775 arm=x86-tiny/gpu/nvidia score=-1.013551 expected_reward=-1.041829 confidence=0.028279 mem_usage=0.000000
2026/07/16 16:39:53 [MAB] event=arm_score ts=1784212793688 policy=LinUCB function=mab_cost_aware_1784212775 arm=x86-large/gpu/amd score=-1.013981 expected_reward=-1.040237 confidence=0.026257 mem_usage=0.000000
2026/07/16 16:39:53 [MAB] event=select_arm ts=1784212793688 policy=LinUCB function=mab_cost_aware_1784212775 selected_arm=x86-tiny/gpu/nvidia reason=linucb_score score=-1.013551 arms=[x86-tiny/gpu/nvidia,x86-large/gpu/amd]
2026/07/16 16:39:53 [LB][MAB] event=after_select function=mab_cost_aware_1784212775 selected_tag=x86-tiny/gpu/nvidia compatible_tags=[x86-tiny/gpu/nvidia x86-large/gpu/amd]
2026/07/16 16:39:53 Candidate has: 512 MB free memory. Function needs: 128 MB
2026/07/16 16:39:53 [LB] Selected target for function 'mab_cost_aware_1784212775': target_tag=x86-tiny/gpu/nvidia candidate=fL8hSEQbVS9m4dxEdThTyM1784212776407587309 candidate_tag=x86-tiny/gpu/nvidia
2026/07/16 16:39:53 [LB-Update] Node fL8hSEQbVS9m4dxEdThTyM1784212776407587309 reported 512 MB free
2026/07/16 16:39:53 [MAB] event=reward_breakdown ts=1784212793692 policy=LinUCB function=mab_cost_aware_1784212775 arm=x86-tiny/gpu/nvidia base_tag=x86-tiny architecture=x86 specialization=tiny capabilities=[gpu,nvidia] duration_ms=2.999295 latency_reward=-1.098377 cost_weight=0.000000 cost_factor=1.600000 cost_term=0.000000 energy_weight=0.000000 energy_factor=1.800000 energy_term=0.000000 memory_weight=0.700000 memory_penalty=0.000000 memory_term=0.000000 final_reward=-1.098377
2026/07/16 16:39:53 [MAB] event=update_reward ts=1784212793692 policy=LinUCB function=mab_cost_aware_1784212775 arm=x86-tiny/gpu/nvidia duration_ms=2.999295 warm_start=true mem_usage=0.000000 lambda=0.700000 reward=-1.098377
2026/07/16 16:39:53 [LB] Compatible tag found: function=mab_cost_aware_1784212775 tag=x86-tiny/gpu/nvidia arch=amd64 pattern="gpu" ring_size=1
2026/07/16 16:39:53 [LB] Compatible tag found: function=mab_cost_aware_1784212775 tag=x86-large/gpu/amd arch=amd64 pattern="gpu" ring_size=1
2026/07/16 16:39:53 [LB] Compatible tags for function 'mab_cost_aware_1784212775': [x86-tiny/gpu/nvidia x86-large/gpu/amd]
2026/07/16 16:39:53 [LB][MAB] event=before_select function=mab_cost_aware_1784212775 compatible_tags=[x86-tiny/gpu/nvidia x86-large/gpu/amd] has_context=true
2026/07/16 16:39:53 [MAB] event=arm_score ts=1784212793910 policy=LinUCB function=mab_cost_aware_1784212775 arm=x86-tiny/gpu/nvidia score=-1.018805 expected_reward=-1.046017 confidence=0.027212 mem_usage=0.000000
2026/07/16 16:39:53 [MAB] event=arm_score ts=1784212793910 policy=LinUCB function=mab_cost_aware_1784212775 arm=x86-large/gpu/amd score=-1.013981 expected_reward=-1.040237 confidence=0.026257 mem_usage=0.000000
2026/07/16 16:39:53 [MAB] event=select_arm ts=1784212793910 policy=LinUCB function=mab_cost_aware_1784212775 selected_arm=x86-large/gpu/amd reason=linucb_score score=-1.013981 arms=[x86-tiny/gpu/nvidia,x86-large/gpu/amd]
2026/07/16 16:39:53 [LB][MAB] event=after_select function=mab_cost_aware_1784212775 selected_tag=x86-large/gpu/amd compatible_tags=[x86-tiny/gpu/nvidia x86-large/gpu/amd]
2026/07/16 16:39:53 Candidate has: 512 MB free memory. Function needs: 128 MB
2026/07/16 16:39:53 [LB] Selected target for function 'mab_cost_aware_1784212775': target_tag=x86-large/gpu/amd candidate=6rHEgVAqQqwe4LoCgnNLXg1784212776406631102 candidate_tag=x86-large/gpu/amd
2026/07/16 16:39:53 [LB-Update] Node 6rHEgVAqQqwe4LoCgnNLXg1784212776406631102 reported 512 MB free
2026/07/16 16:39:53 [MAB] event=reward_breakdown ts=1784212793913 policy=LinUCB function=mab_cost_aware_1784212775 arm=x86-large/gpu/amd base_tag=x86-large architecture=x86 specialization=large capabilities=[gpu,amd] duration_ms=2.654085 latency_reward=-0.976100 cost_weight=0.000000 cost_factor=1.200000 cost_term=0.000000 energy_weight=0.000000 energy_factor=1.200000 energy_term=0.000000 memory_weight=0.700000 memory_penalty=0.000000 memory_term=0.000000 final_reward=-0.976100
2026/07/16 16:39:53 [MAB] event=update_reward ts=1784212793913 policy=LinUCB function=mab_cost_aware_1784212775 arm=x86-large/gpu/amd duration_ms=2.654085 warm_start=true mem_usage=0.000000 lambda=0.700000 reward=-0.976100
2026/07/16 16:39:54 [LB] Compatible tag found: function=mab_cost_aware_1784212775 tag=x86-tiny/gpu/nvidia arch=amd64 pattern="gpu" ring_size=1
2026/07/16 16:39:54 [LB] Compatible tag found: function=mab_cost_aware_1784212775 tag=x86-large/gpu/amd arch=amd64 pattern="gpu" ring_size=1
2026/07/16 16:39:54 [LB] Compatible tags for function 'mab_cost_aware_1784212775': [x86-tiny/gpu/nvidia x86-large/gpu/amd]
2026/07/16 16:39:54 [LB][MAB] event=before_select function=mab_cost_aware_1784212775 compatible_tags=[x86-tiny/gpu/nvidia x86-large/gpu/amd] has_context=true
2026/07/16 16:39:54 [MAB] event=arm_score ts=1784212794134 policy=LinUCB function=mab_cost_aware_1784212775 arm=x86-tiny/gpu/nvidia score=-1.018805 expected_reward=-1.046017 confidence=0.027212 mem_usage=0.000000
2026/07/16 16:39:54 [MAB] event=arm_score ts=1784212794134 policy=LinUCB function=mab_cost_aware_1784212775 arm=x86-large/gpu/amd score=-1.010705 expected_reward=-1.036101 confidence=0.025396 mem_usage=0.000000
2026/07/16 16:39:54 [MAB] event=select_arm ts=1784212794134 policy=LinUCB function=mab_cost_aware_1784212775 selected_arm=x86-large/gpu/amd reason=linucb_score score=-1.010705 arms=[x86-tiny/gpu/nvidia,x86-large/gpu/amd]
2026/07/16 16:39:54 [LB][MAB] event=after_select function=mab_cost_aware_1784212775 selected_tag=x86-large/gpu/amd compatible_tags=[x86-tiny/gpu/nvidia x86-large/gpu/amd]
2026/07/16 16:39:54 Candidate has: 512 MB free memory. Function needs: 128 MB
2026/07/16 16:39:54 [LB] Selected target for function 'mab_cost_aware_1784212775': target_tag=x86-large/gpu/amd candidate=6rHEgVAqQqwe4LoCgnNLXg1784212776406631102 candidate_tag=x86-large/gpu/amd
2026/07/16 16:39:54 [LB-Update] Node 6rHEgVAqQqwe4LoCgnNLXg1784212776406631102 reported 512 MB free
2026/07/16 16:39:54 [MAB] event=reward_breakdown ts=1784212794137 policy=LinUCB function=mab_cost_aware_1784212775 arm=x86-large/gpu/amd base_tag=x86-large architecture=x86 specialization=large capabilities=[gpu,amd] duration_ms=2.568940 latency_reward=-0.943493 cost_weight=0.000000 cost_factor=1.200000 cost_term=0.000000 energy_weight=0.000000 energy_factor=1.200000 energy_term=0.000000 memory_weight=0.700000 memory_penalty=0.000000 memory_term=0.000000 final_reward=-0.943493
2026/07/16 16:39:54 [MAB] event=update_reward ts=1784212794137 policy=LinUCB function=mab_cost_aware_1784212775 arm=x86-large/gpu/amd duration_ms=2.568940 warm_start=true mem_usage=0.000000 lambda=0.700000 reward=-0.943493
2026/07/16 16:39:54 [LB] Compatible tag found: function=mab_cost_aware_1784212775 tag=x86-tiny/gpu/nvidia arch=amd64 pattern="gpu" ring_size=1
2026/07/16 16:39:54 [LB] Compatible tag found: function=mab_cost_aware_1784212775 tag=x86-large/gpu/amd arch=amd64 pattern="gpu" ring_size=1
2026/07/16 16:39:54 [LB] Compatible tags for function 'mab_cost_aware_1784212775': [x86-tiny/gpu/nvidia x86-large/gpu/amd]
2026/07/16 16:39:54 [LB][MAB] event=before_select function=mab_cost_aware_1784212775 compatible_tags=[x86-tiny/gpu/nvidia x86-large/gpu/amd] has_context=true
2026/07/16 16:39:54 [MAB] event=arm_score ts=1784212794359 policy=LinUCB function=mab_cost_aware_1784212775 arm=x86-tiny/gpu/nvidia score=-1.018805 expected_reward=-1.046017 confidence=0.027212 mem_usage=0.000000
2026/07/16 16:39:54 [MAB] event=arm_score ts=1784212794359 policy=LinUCB function=mab_cost_aware_1784212775 arm=x86-large/gpu/amd score=-1.005875 expected_reward=-1.030490 confidence=0.024615 mem_usage=0.000000
2026/07/16 16:39:54 [MAB] event=select_arm ts=1784212794359 policy=LinUCB function=mab_cost_aware_1784212775 selected_arm=x86-large/gpu/amd reason=linucb_score score=-1.005875 arms=[x86-tiny/gpu/nvidia,x86-large/gpu/amd]
2026/07/16 16:39:54 [LB][MAB] event=after_select function=mab_cost_aware_1784212775 selected_tag=x86-large/gpu/amd compatible_tags=[x86-tiny/gpu/nvidia x86-large/gpu/amd]
2026/07/16 16:39:54 Candidate has: 512 MB free memory. Function needs: 128 MB
2026/07/16 16:39:54 [LB] Selected target for function 'mab_cost_aware_1784212775': target_tag=x86-large/gpu/amd candidate=6rHEgVAqQqwe4LoCgnNLXg1784212776406631102 candidate_tag=x86-large/gpu/amd
2026/07/16 16:39:54 [LB-Update] Node 6rHEgVAqQqwe4LoCgnNLXg1784212776406631102 reported 512 MB free
2026/07/16 16:39:54 [MAB] event=reward_breakdown ts=1784212794363 policy=LinUCB function=mab_cost_aware_1784212775 arm=x86-large/gpu/amd base_tag=x86-large architecture=x86 specialization=large capabilities=[gpu,amd] duration_ms=3.005590 latency_reward=-1.100474 cost_weight=0.000000 cost_factor=1.200000 cost_term=0.000000 energy_weight=0.000000 energy_factor=1.200000 energy_term=0.000000 memory_weight=0.700000 memory_penalty=0.000000 memory_term=0.000000 final_reward=-1.100474
2026/07/16 16:39:54 [MAB] event=update_reward ts=1784212794363 policy=LinUCB function=mab_cost_aware_1784212775 arm=x86-large/gpu/amd duration_ms=3.005590 warm_start=true mem_usage=0.000000 lambda=0.700000 reward=-1.100474
2026/07/16 16:39:54 [LB] Compatible tag found: function=mab_cost_aware_1784212775 tag=x86-tiny/gpu/nvidia arch=amd64 pattern="gpu" ring_size=1
2026/07/16 16:39:54 [LB] Compatible tag found: function=mab_cost_aware_1784212775 tag=x86-large/gpu/amd arch=amd64 pattern="gpu" ring_size=1
2026/07/16 16:39:54 [LB] Compatible tags for function 'mab_cost_aware_1784212775': [x86-tiny/gpu/nvidia x86-large/gpu/amd]
2026/07/16 16:39:54 [LB][MAB] event=before_select function=mab_cost_aware_1784212775 compatible_tags=[x86-tiny/gpu/nvidia x86-large/gpu/amd] has_context=true
2026/07/16 16:39:54 [MAB] event=arm_score ts=1784212794583 policy=LinUCB function=mab_cost_aware_1784212775 arm=x86-tiny/gpu/nvidia score=-1.018805 expected_reward=-1.046017 confidence=0.027212 mem_usage=0.000000
2026/07/16 16:39:54 [MAB] event=arm_score ts=1784212794583 policy=LinUCB function=mab_cost_aware_1784212775 arm=x86-large/gpu/amd score=-1.010587 expected_reward=-1.034488 confidence=0.023901 mem_usage=0.000000
2026/07/16 16:39:54 [MAB] event=select_arm ts=1784212794583 policy=LinUCB function=mab_cost_aware_1784212775 selected_arm=x86-large/gpu/amd reason=linucb_score score=-1.010587 arms=[x86-tiny/gpu/nvidia,x86-large/gpu/amd]
2026/07/16 16:39:54 [LB][MAB] event=after_select function=mab_cost_aware_1784212775 selected_tag=x86-large/gpu/amd compatible_tags=[x86-tiny/gpu/nvidia x86-large/gpu/amd]
2026/07/16 16:39:54 Candidate has: 512 MB free memory. Function needs: 128 MB
2026/07/16 16:39:54 [LB] Selected target for function 'mab_cost_aware_1784212775': target_tag=x86-large/gpu/amd candidate=6rHEgVAqQqwe4LoCgnNLXg1784212776406631102 candidate_tag=x86-large/gpu/amd
2026/07/16 16:39:54 [LB-Update] Node 6rHEgVAqQqwe4LoCgnNLXg1784212776406631102 reported 512 MB free
2026/07/16 16:39:54 [MAB] event=reward_breakdown ts=1784212794586 policy=LinUCB function=mab_cost_aware_1784212775 arm=x86-large/gpu/amd base_tag=x86-large architecture=x86 specialization=large capabilities=[gpu,amd] duration_ms=2.711667 latency_reward=-0.997564 cost_weight=0.000000 cost_factor=1.200000 cost_term=0.000000 energy_weight=0.000000 energy_factor=1.200000 energy_term=0.000000 memory_weight=0.700000 memory_penalty=0.000000 memory_term=0.000000 final_reward=-0.997564
2026/07/16 16:39:54 [MAB] event=update_reward ts=1784212794586 policy=LinUCB function=mab_cost_aware_1784212775 arm=x86-large/gpu/amd duration_ms=2.711667 warm_start=true mem_usage=0.000000 lambda=0.700000 reward=-0.997564
2026/07/16 16:39:54 [LB] Compatible tag found: function=mab_cost_aware_1784212775 tag=x86-tiny/gpu/nvidia arch=amd64 pattern="gpu" ring_size=1
2026/07/16 16:39:54 [LB] Compatible tag found: function=mab_cost_aware_1784212775 tag=x86-large/gpu/amd arch=amd64 pattern="gpu" ring_size=1
2026/07/16 16:39:54 [LB] Compatible tags for function 'mab_cost_aware_1784212775': [x86-tiny/gpu/nvidia x86-large/gpu/amd]
2026/07/16 16:39:54 [LB][MAB] event=before_select function=mab_cost_aware_1784212775 compatible_tags=[x86-tiny/gpu/nvidia x86-large/gpu/amd] has_context=true
2026/07/16 16:39:54 [MAB] event=arm_score ts=1784212794807 policy=LinUCB function=mab_cost_aware_1784212775 arm=x86-tiny/gpu/nvidia score=-1.018805 expected_reward=-1.046017 confidence=0.027212 mem_usage=0.000000
2026/07/16 16:39:54 [MAB] event=arm_score ts=1784212794807 policy=LinUCB function=mab_cost_aware_1784212775 arm=x86-large/gpu/amd score=-1.009246 expected_reward=-1.032493 confidence=0.023246 mem_usage=0.000000
2026/07/16 16:39:54 [MAB] event=select_arm ts=1784212794807 policy=LinUCB function=mab_cost_aware_1784212775 selected_arm=x86-large/gpu/amd reason=linucb_score score=-1.009246 arms=[x86-tiny/gpu/nvidia,x86-large/gpu/amd]
2026/07/16 16:39:54 [LB][MAB] event=after_select function=mab_cost_aware_1784212775 selected_tag=x86-large/gpu/amd compatible_tags=[x86-tiny/gpu/nvidia x86-large/gpu/amd]
2026/07/16 16:39:54 Candidate has: 512 MB free memory. Function needs: 128 MB
2026/07/16 16:39:54 [LB] Selected target for function 'mab_cost_aware_1784212775': target_tag=x86-large/gpu/amd candidate=6rHEgVAqQqwe4LoCgnNLXg1784212776406631102 candidate_tag=x86-large/gpu/amd
2026/07/16 16:39:54 [LB-Update] Node 6rHEgVAqQqwe4LoCgnNLXg1784212776406631102 reported 512 MB free
2026/07/16 16:39:54 [MAB] event=reward_breakdown ts=1784212794810 policy=LinUCB function=mab_cost_aware_1784212775 arm=x86-large/gpu/amd base_tag=x86-large architecture=x86 specialization=large capabilities=[gpu,amd] duration_ms=2.079484 latency_reward=-0.732120 cost_weight=0.000000 cost_factor=1.200000 cost_term=0.000000 energy_weight=0.000000 energy_factor=1.200000 energy_term=0.000000 memory_weight=0.700000 memory_penalty=0.000000 memory_term=0.000000 final_reward=-0.732120
2026/07/16 16:39:54 [MAB] event=update_reward ts=1784212794810 policy=LinUCB function=mab_cost_aware_1784212775 arm=x86-large/gpu/amd duration_ms=2.079484 warm_start=true mem_usage=0.000000 lambda=0.700000 reward=-0.732120
2026/07/16 16:39:55 [LB] Compatible tag found: function=mab_cost_aware_1784212775 tag=x86-tiny/gpu/nvidia arch=amd64 pattern="gpu" ring_size=1
2026/07/16 16:39:55 [LB] Compatible tag found: function=mab_cost_aware_1784212775 tag=x86-large/gpu/amd arch=amd64 pattern="gpu" ring_size=1
2026/07/16 16:39:55 [LB] Compatible tags for function 'mab_cost_aware_1784212775': [x86-tiny/gpu/nvidia x86-large/gpu/amd]
2026/07/16 16:39:55 [LB][MAB] event=before_select function=mab_cost_aware_1784212775 compatible_tags=[x86-tiny/gpu/nvidia x86-large/gpu/amd] has_context=true
2026/07/16 16:39:55 [MAB] event=arm_score ts=1784212795032 policy=LinUCB function=mab_cost_aware_1784212775 arm=x86-tiny/gpu/nvidia score=-1.018805 expected_reward=-1.046017 confidence=0.027212 mem_usage=0.000000
2026/07/16 16:39:55 [MAB] event=arm_score ts=1784212795032 policy=LinUCB function=mab_cost_aware_1784212775 arm=x86-large/gpu/amd score=-0.994450 expected_reward=-1.017093 confidence=0.022643 mem_usage=0.000000
2026/07/16 16:39:55 [MAB] event=select_arm ts=1784212795032 policy=LinUCB function=mab_cost_aware_1784212775 selected_arm=x86-large/gpu/amd reason=linucb_score score=-0.994450 arms=[x86-tiny/gpu/nvidia,x86-large/gpu/amd]
2026/07/16 16:39:55 [LB][MAB] event=after_select function=mab_cost_aware_1784212775 selected_tag=x86-large/gpu/amd compatible_tags=[x86-tiny/gpu/nvidia x86-large/gpu/amd]
2026/07/16 16:39:55 Candidate has: 512 MB free memory. Function needs: 128 MB
2026/07/16 16:39:55 [LB] Selected target for function 'mab_cost_aware_1784212775': target_tag=x86-large/gpu/amd candidate=6rHEgVAqQqwe4LoCgnNLXg1784212776406631102 candidate_tag=x86-large/gpu/amd
2026/07/16 16:39:55 [LB-Update] Node 6rHEgVAqQqwe4LoCgnNLXg1784212776406631102 reported 512 MB free
2026/07/16 16:39:55 [MAB] event=reward_breakdown ts=1784212795036 policy=LinUCB function=mab_cost_aware_1784212775 arm=x86-large/gpu/amd base_tag=x86-large architecture=x86 specialization=large capabilities=[gpu,amd] duration_ms=2.564817 latency_reward=-0.941887 cost_weight=0.000000 cost_factor=1.200000 cost_term=0.000000 energy_weight=0.000000 energy_factor=1.200000 energy_term=0.000000 memory_weight=0.700000 memory_penalty=0.000000 memory_term=0.000000 final_reward=-0.941887
2026/07/16 16:39:55 [MAB] event=update_reward ts=1784212795036 policy=LinUCB function=mab_cost_aware_1784212775 arm=x86-large/gpu/amd duration_ms=2.564817 warm_start=true mem_usage=0.000000 lambda=0.700000 reward=-0.941887
2026/07/16 16:39:55 [LB] Compatible tag found: function=mab_cost_aware_1784212775 tag=x86-tiny/gpu/nvidia arch=amd64 pattern="gpu" ring_size=1
2026/07/16 16:39:55 [LB] Compatible tag found: function=mab_cost_aware_1784212775 tag=x86-large/gpu/amd arch=amd64 pattern="gpu" ring_size=1
2026/07/16 16:39:55 [LB] Compatible tags for function 'mab_cost_aware_1784212775': [x86-tiny/gpu/nvidia x86-large/gpu/amd]
2026/07/16 16:39:55 [LB][MAB] event=before_select function=mab_cost_aware_1784212775 compatible_tags=[x86-tiny/gpu/nvidia x86-large/gpu/amd] has_context=true
2026/07/16 16:39:55 [MAB] event=arm_score ts=1784212795259 policy=LinUCB function=mab_cost_aware_1784212775 arm=x86-tiny/gpu/nvidia score=-1.018805 expected_reward=-1.046017 confidence=0.027212 mem_usage=0.000000
2026/07/16 16:39:55 [MAB] event=arm_score ts=1784212795259 policy=LinUCB function=mab_cost_aware_1784212775 arm=x86-large/gpu/amd score=-0.991341 expected_reward=-1.013425 confidence=0.022084 mem_usage=0.000000
2026/07/16 16:39:55 [MAB] event=select_arm ts=1784212795259 policy=LinUCB function=mab_cost_aware_1784212775 selected_arm=x86-large/gpu/amd reason=linucb_score score=-0.991341 arms=[x86-tiny/gpu/nvidia,x86-large/gpu/amd]
2026/07/16 16:39:55 [LB][MAB] event=after_select function=mab_cost_aware_1784212775 selected_tag=x86-large/gpu/amd compatible_tags=[x86-tiny/gpu/nvidia x86-large/gpu/amd]
2026/07/16 16:39:55 Candidate has: 512 MB free memory. Function needs: 128 MB
2026/07/16 16:39:55 [LB] Selected target for function 'mab_cost_aware_1784212775': target_tag=x86-large/gpu/amd candidate=6rHEgVAqQqwe4LoCgnNLXg1784212776406631102 candidate_tag=x86-large/gpu/amd
2026/07/16 16:39:55 [LB-Update] Node 6rHEgVAqQqwe4LoCgnNLXg1784212776406631102 reported 512 MB free
2026/07/16 16:39:55 [MAB] event=reward_breakdown ts=1784212795263 policy=LinUCB function=mab_cost_aware_1784212775 arm=x86-large/gpu/amd base_tag=x86-large architecture=x86 specialization=large capabilities=[gpu,amd] duration_ms=3.117052 latency_reward=-1.136888 cost_weight=0.000000 cost_factor=1.200000 cost_term=0.000000 energy_weight=0.000000 energy_factor=1.200000 energy_term=0.000000 memory_weight=0.700000 memory_penalty=0.000000 memory_term=0.000000 final_reward=-1.136888
2026/07/16 16:39:55 [MAB] event=update_reward ts=1784212795263 policy=LinUCB function=mab_cost_aware_1784212775 arm=x86-large/gpu/amd duration_ms=3.117052 warm_start=true mem_usage=0.000000 lambda=0.700000 reward=-1.136888
2026/07/16 16:39:55 [LB] Compatible tag found: function=mab_cost_aware_1784212775 tag=x86-tiny/gpu/nvidia arch=amd64 pattern="gpu" ring_size=1
2026/07/16 16:39:55 [LB] Compatible tag found: function=mab_cost_aware_1784212775 tag=x86-large/gpu/amd arch=amd64 pattern="gpu" ring_size=1
2026/07/16 16:39:55 [LB] Compatible tags for function 'mab_cost_aware_1784212775': [x86-tiny/gpu/nvidia x86-large/gpu/amd]
2026/07/16 16:39:55 [LB][MAB] event=before_select function=mab_cost_aware_1784212775 compatible_tags=[x86-tiny/gpu/nvidia x86-large/gpu/amd] has_context=true
2026/07/16 16:39:55 [MAB] event=arm_score ts=1784212795484 policy=LinUCB function=mab_cost_aware_1784212775 arm=x86-tiny/gpu/nvidia score=-1.018805 expected_reward=-1.046017 confidence=0.027212 mem_usage=0.000000
2026/07/16 16:39:55 [MAB] event=arm_score ts=1784212795484 policy=LinUCB function=mab_cost_aware_1784212775 arm=x86-large/gpu/amd score=-0.997602 expected_reward=-1.019166 confidence=0.021564 mem_usage=0.000000
2026/07/16 16:39:55 [MAB] event=select_arm ts=1784212795484 policy=LinUCB function=mab_cost_aware_1784212775 selected_arm=x86-large/gpu/amd reason=linucb_score score=-0.997602 arms=[x86-tiny/gpu/nvidia,x86-large/gpu/amd]
2026/07/16 16:39:55 [LB][MAB] event=after_select function=mab_cost_aware_1784212775 selected_tag=x86-large/gpu/amd compatible_tags=[x86-tiny/gpu/nvidia x86-large/gpu/amd]
2026/07/16 16:39:55 Candidate has: 512 MB free memory. Function needs: 128 MB
2026/07/16 16:39:55 [LB] Selected target for function 'mab_cost_aware_1784212775': target_tag=x86-large/gpu/amd candidate=6rHEgVAqQqwe4LoCgnNLXg1784212776406631102 candidate_tag=x86-large/gpu/amd
2026/07/16 16:39:55 [LB-Update] Node 6rHEgVAqQqwe4LoCgnNLXg1784212776406631102 reported 512 MB free
2026/07/16 16:39:55 [MAB] event=reward_breakdown ts=1784212795488 policy=LinUCB function=mab_cost_aware_1784212775 arm=x86-large/gpu/amd base_tag=x86-large architecture=x86 specialization=large capabilities=[gpu,amd] duration_ms=2.931729 latency_reward=-1.075592 cost_weight=0.000000 cost_factor=1.200000 cost_term=0.000000 energy_weight=0.000000 energy_factor=1.200000 energy_term=0.000000 memory_weight=0.700000 memory_penalty=0.000000 memory_term=0.000000 final_reward=-1.075592
2026/07/16 16:39:55 [MAB] event=update_reward ts=1784212795488 policy=LinUCB function=mab_cost_aware_1784212775 arm=x86-large/gpu/amd duration_ms=2.931729 warm_start=true mem_usage=0.000000 lambda=0.700000 reward=-1.075592
2026/07/16 16:39:55 [LB] Compatible tag found: function=mab_cost_aware_1784212775 tag=x86-tiny/gpu/nvidia arch=amd64 pattern="gpu" ring_size=1
2026/07/16 16:39:55 [LB] Compatible tag found: function=mab_cost_aware_1784212775 tag=x86-large/gpu/amd arch=amd64 pattern="gpu" ring_size=1
2026/07/16 16:39:55 [LB] Compatible tags for function 'mab_cost_aware_1784212775': [x86-tiny/gpu/nvidia x86-large/gpu/amd]
2026/07/16 16:39:55 [LB][MAB] event=before_select function=mab_cost_aware_1784212775 compatible_tags=[x86-tiny/gpu/nvidia x86-large/gpu/amd] has_context=true
2026/07/16 16:39:55 [MAB] event=arm_score ts=1784212795701 policy=LinUCB function=mab_cost_aware_1784212775 arm=x86-tiny/gpu/nvidia score=-1.018805 expected_reward=-1.046017 confidence=0.027212 mem_usage=0.000000
2026/07/16 16:39:55 [MAB] event=arm_score ts=1784212795701 policy=LinUCB function=mab_cost_aware_1784212775 arm=x86-large/gpu/amd score=-1.000594 expected_reward=-1.021673 confidence=0.021080 mem_usage=0.000000
2026/07/16 16:39:55 [MAB] event=select_arm ts=1784212795701 policy=LinUCB function=mab_cost_aware_1784212775 selected_arm=x86-large/gpu/amd reason=linucb_score score=-1.000594 arms=[x86-tiny/gpu/nvidia,x86-large/gpu/amd]
2026/07/16 16:39:55 [LB][MAB] event=after_select function=mab_cost_aware_1784212775 selected_tag=x86-large/gpu/amd compatible_tags=[x86-tiny/gpu/nvidia x86-large/gpu/amd]
2026/07/16 16:39:55 Candidate has: 512 MB free memory. Function needs: 128 MB
2026/07/16 16:39:55 [LB] Selected target for function 'mab_cost_aware_1784212775': target_tag=x86-large/gpu/amd candidate=6rHEgVAqQqwe4LoCgnNLXg1784212776406631102 candidate_tag=x86-large/gpu/amd
2026/07/16 16:39:55 [LB-Update] Node 6rHEgVAqQqwe4LoCgnNLXg1784212776406631102 reported 512 MB free
2026/07/16 16:39:55 [MAB] event=reward_breakdown ts=1784212795703 policy=LinUCB function=mab_cost_aware_1784212775 arm=x86-large/gpu/amd base_tag=x86-large architecture=x86 specialization=large capabilities=[gpu,amd] duration_ms=1.606103 latency_reward=-0.473811 cost_weight=0.000000 cost_factor=1.200000 cost_term=0.000000 energy_weight=0.000000 energy_factor=1.200000 energy_term=0.000000 memory_weight=0.700000 memory_penalty=0.000000 memory_term=0.000000 final_reward=-0.473811
2026/07/16 16:39:55 [MAB] event=update_reward ts=1784212795703 policy=LinUCB function=mab_cost_aware_1784212775 arm=x86-large/gpu/amd duration_ms=1.606103 warm_start=true mem_usage=0.000000 lambda=0.700000 reward=-0.473811
2026/07/16 16:39:55 [LB] Compatible tag found: function=mab_cost_aware_1784212775 tag=x86-tiny/gpu/nvidia arch=amd64 pattern="gpu" ring_size=1
2026/07/16 16:39:55 [LB] Compatible tag found: function=mab_cost_aware_1784212775 tag=x86-large/gpu/amd arch=amd64 pattern="gpu" ring_size=1
2026/07/16 16:39:55 [LB] Compatible tags for function 'mab_cost_aware_1784212775': [x86-tiny/gpu/nvidia x86-large/gpu/amd]
2026/07/16 16:39:55 [LB][MAB] event=before_select function=mab_cost_aware_1784212775 compatible_tags=[x86-tiny/gpu/nvidia x86-large/gpu/amd] has_context=true
2026/07/16 16:39:55 [MAB] event=arm_score ts=1784212795924 policy=LinUCB function=mab_cost_aware_1784212775 arm=x86-tiny/gpu/nvidia score=-1.018805 expected_reward=-1.046017 confidence=0.027212 mem_usage=0.000000
2026/07/16 16:39:55 [MAB] event=arm_score ts=1784212795924 policy=LinUCB function=mab_cost_aware_1784212775 arm=x86-large/gpu/amd score=-0.977739 expected_reward=-0.998365 confidence=0.020626 mem_usage=0.000000
2026/07/16 16:39:55 [MAB] event=select_arm ts=1784212795924 policy=LinUCB function=mab_cost_aware_1784212775 selected_arm=x86-large/gpu/amd reason=linucb_score score=-0.977739 arms=[x86-tiny/gpu/nvidia,x86-large/gpu/amd]
2026/07/16 16:39:55 [LB][MAB] event=after_select function=mab_cost_aware_1784212775 selected_tag=x86-large/gpu/amd compatible_tags=[x86-tiny/gpu/nvidia x86-large/gpu/amd]
2026/07/16 16:39:55 Candidate has: 512 MB free memory. Function needs: 128 MB
2026/07/16 16:39:55 [LB] Selected target for function 'mab_cost_aware_1784212775': target_tag=x86-large/gpu/amd candidate=6rHEgVAqQqwe4LoCgnNLXg1784212776406631102 candidate_tag=x86-large/gpu/amd
2026/07/16 16:39:55 [LB-Update] Node 6rHEgVAqQqwe4LoCgnNLXg1784212776406631102 reported 512 MB free
2026/07/16 16:39:55 [MAB] event=reward_breakdown ts=1784212795928 policy=LinUCB function=mab_cost_aware_1784212775 arm=x86-large/gpu/amd base_tag=x86-large architecture=x86 specialization=large capabilities=[gpu,amd] duration_ms=3.100917 latency_reward=-1.131698 cost_weight=0.000000 cost_factor=1.200000 cost_term=0.000000 energy_weight=0.000000 energy_factor=1.200000 energy_term=0.000000 memory_weight=0.700000 memory_penalty=0.000000 memory_term=0.000000 final_reward=-1.131698
2026/07/16 16:39:55 [MAB] event=update_reward ts=1784212795928 policy=LinUCB function=mab_cost_aware_1784212775 arm=x86-large/gpu/amd duration_ms=3.100917 warm_start=true mem_usage=0.000000 lambda=0.700000 reward=-1.131698
2026/07/16 16:39:56 [LB] Compatible tag found: function=mab_cost_aware_1784212775 tag=x86-tiny/gpu/nvidia arch=amd64 pattern="gpu" ring_size=1
2026/07/16 16:39:56 [LB] Compatible tag found: function=mab_cost_aware_1784212775 tag=x86-large/gpu/amd arch=amd64 pattern="gpu" ring_size=1
2026/07/16 16:39:56 [LB] Compatible tags for function 'mab_cost_aware_1784212775': [x86-tiny/gpu/nvidia x86-large/gpu/amd]
2026/07/16 16:39:56 [LB][MAB] event=before_select function=mab_cost_aware_1784212775 compatible_tags=[x86-tiny/gpu/nvidia x86-large/gpu/amd] has_context=true
2026/07/16 16:39:56 [MAB] event=arm_score ts=1784212796147 policy=LinUCB function=mab_cost_aware_1784212775 arm=x86-tiny/gpu/nvidia score=-1.018805 expected_reward=-1.046017 confidence=0.027212 mem_usage=0.000000
2026/07/16 16:39:56 [MAB] event=arm_score ts=1784212796147 policy=LinUCB function=mab_cost_aware_1784212775 arm=x86-large/gpu/amd score=-0.983605 expected_reward=-1.003806 confidence=0.020201 mem_usage=0.000000
2026/07/16 16:39:56 [MAB] event=select_arm ts=1784212796147 policy=LinUCB function=mab_cost_aware_1784212775 selected_arm=x86-large/gpu/amd reason=linucb_score score=-0.983605 arms=[x86-tiny/gpu/nvidia,x86-large/gpu/amd]
2026/07/16 16:39:56 [LB][MAB] event=after_select function=mab_cost_aware_1784212775 selected_tag=x86-large/gpu/amd compatible_tags=[x86-tiny/gpu/nvidia x86-large/gpu/amd]
2026/07/16 16:39:56 Candidate has: 512 MB free memory. Function needs: 128 MB
2026/07/16 16:39:56 [LB] Selected target for function 'mab_cost_aware_1784212775': target_tag=x86-large/gpu/amd candidate=6rHEgVAqQqwe4LoCgnNLXg1784212776406631102 candidate_tag=x86-large/gpu/amd
2026/07/16 16:39:56 [LB-Update] Node 6rHEgVAqQqwe4LoCgnNLXg1784212776406631102 reported 512 MB free
2026/07/16 16:39:56 [MAB] event=reward_breakdown ts=1784212796151 policy=LinUCB function=mab_cost_aware_1784212775 arm=x86-large/gpu/amd base_tag=x86-large architecture=x86 specialization=large capabilities=[gpu,amd] duration_ms=2.616606 latency_reward=-0.961878 cost_weight=0.000000 cost_factor=1.200000 cost_term=0.000000 energy_weight=0.000000 energy_factor=1.200000 energy_term=0.000000 memory_weight=0.700000 memory_penalty=0.000000 memory_term=0.000000 final_reward=-0.961878
2026/07/16 16:39:56 [MAB] event=update_reward ts=1784212796151 policy=LinUCB function=mab_cost_aware_1784212775 arm=x86-large/gpu/amd duration_ms=2.616606 warm_start=true mem_usage=0.000000 lambda=0.700000 reward=-0.961878
