2026/07/06 18:29:06 Registration for node: (ROME)JFxQBHxv2aieLL7tpPa82a1783355346328080811 - amd64
2026/07/06 18:29:06 Connecting to etcd
2026/07/06 18:29:06 Connected to etcd
2026/07/06 18:29:06 etcd connection state: READY
2026/07/06 18:29:06 etcd: connected and ready
2026/07/06 18:29:06 Registering to etcd: registry/ROME/__lb/amd64/JFxQBHxv2aieLL7tpPa82a1783355346328080811
2026/07/06 18:29:06 Found target: DvoAKoY3Ri96uiPJTCYxsm1783355341326237908
2026/07/06 18:29:06 Found target: vKpVjum8by27PngFGoYpfA1783355341327784155
2026/07/06 18:29:06 Found target: xRr5jbhHAXQZLSnr8btjbk1783355341324487014
2026/07/06 18:29:06 Found target: fEFRxvzyvoNqYEJ4gkUx2o1783355341321547100
2026/07/06 18:29:06 Found 4 targets
2026/07/06 18:29:06 Initializing with 4 targets.
2026/07/06 18:29:06 Running ArchitectureAwareLB with 128 replicas per node in the hash rings
2026/07/06 18:29:06 LB mode set to MAB
2026/07/06 18:29:06 [LB][MAB] event=new_machine_tag_discovered tag=x86-tiny/gpu/nvidia arch=amd64 action=create_ring_and_add_mab_arm
2026/07/06 18:29:06 [LB] Adding target x86-tiny/gpu/nvidia
2026/07/06 18:29:06 [LB][MAB] event=new_machine_tag_discovered tag=arm-tiny arch=amd64 action=create_ring_and_add_mab_arm
2026/07/06 18:29:06 [LB] Adding target arm-tiny
2026/07/06 18:29:06 [LB][MAB] event=new_machine_tag_discovered tag=x86-large arch=amd64 action=create_ring_and_add_mab_arm
2026/07/06 18:29:06 [LB] Adding target x86-large
2026/07/06 18:29:06 [LB][MAB] event=new_machine_tag_discovered tag=x86-tiny arch=amd64 action=create_ring_and_add_mab_arm
2026/07/06 18:29:06 [LB] Adding target x86-tiny
⇨ http server started on [::]:8080
2026/07/06 18:29:09 [LB]: Periodic targets update
2026/07/06 18:29:09 Found target: DvoAKoY3Ri96uiPJTCYxsm1783355341326237908
2026/07/06 18:29:09 Found target: vKpVjum8by27PngFGoYpfA1783355341327784155
2026/07/06 18:29:09 Found target: xRr5jbhHAXQZLSnr8btjbk1783355341324487014
2026/07/06 18:29:09 Found target: fEFRxvzyvoNqYEJ4gkUx2o1783355341321547100
2026/07/06 18:29:09 Found 4 targets
2026/07/06 18:29:11 [LB] Compatible tag found: function=mab_cost_aware_1783355337 tag=x86-tiny/gpu/nvidia arch=amd64 pattern="" ring_size=1
2026/07/06 18:29:11 [LB] Compatible tag found: function=mab_cost_aware_1783355337 tag=arm-tiny arch=amd64 pattern="" ring_size=1
2026/07/06 18:29:11 [LB] Compatible tag found: function=mab_cost_aware_1783355337 tag=x86-large arch=amd64 pattern="" ring_size=1
2026/07/06 18:29:11 [LB] Compatible tag found: function=mab_cost_aware_1783355337 tag=x86-tiny arch=amd64 pattern="" ring_size=1
2026/07/06 18:29:11 [LB] Compatible tags for function 'mab_cost_aware_1783355337': [x86-tiny/gpu/nvidia arm-tiny x86-large x86-tiny]
2026/07/06 18:29:11 [LB][MAB] event=before_select function=mab_cost_aware_1783355337 compatible_tags=[x86-tiny/gpu/nvidia arm-tiny x86-large x86-tiny] has_context=true
2026/07/06 18:29:11 BanditManager GetBandit: policy type: UCB1
2026/07/06 18:29:11 Initialized UCB1 bandit for mab_cost_aware_1783355337
2026/07/06 18:29:11 [MAB] event=arm_added ts=1783355351365 policy=UCB1 function=mab_cost_aware_1783355337 arm=x86-tiny/gpu/nvidia arms=[x86-tiny/gpu/nvidia]
2026/07/06 18:29:11 [MAB] event=arm_added ts=1783355351365 policy=UCB1 function=mab_cost_aware_1783355337 arm=arm-tiny arms=[arm-tiny,x86-tiny/gpu/nvidia]
2026/07/06 18:29:11 [MAB] event=arm_added ts=1783355351365 policy=UCB1 function=mab_cost_aware_1783355337 arm=x86-large arms=[arm-tiny,x86-large,x86-tiny/gpu/nvidia]
2026/07/06 18:29:11 [MAB] event=arm_added ts=1783355351365 policy=UCB1 function=mab_cost_aware_1783355337 arm=x86-tiny arms=[arm-tiny,x86-large,x86-tiny,x86-tiny/gpu/nvidia]
2026/07/06 18:29:11 [MAB] event=select_arm ts=1783355351365 policy=UCB1 function=mab_cost_aware_1783355337 selected_arm=x86-tiny/gpu/nvidia reason=least_tried score=0.000000 total_counts=0 arms=[arm-tiny,x86-large,x86-tiny,x86-tiny/gpu/nvidia]
2026/07/06 18:29:11 [LB][MAB] event=after_select function=mab_cost_aware_1783355337 selected_tag=x86-tiny/gpu/nvidia compatible_tags=[x86-tiny/gpu/nvidia arm-tiny x86-large x86-tiny]
2026/07/06 18:29:11 Candidate has: 512 MB free memory. Function needs: 128 MB
2026/07/06 18:29:11 [LB] Selected target for function 'mab_cost_aware_1783355337': target_tag=x86-tiny/gpu/nvidia candidate=DvoAKoY3Ri96uiPJTCYxsm1783355341326237908 candidate_tag=x86-tiny/gpu/nvidia
2026/07/06 18:29:11 [LB-Update] Node DvoAKoY3Ri96uiPJTCYxsm1783355341326237908 reported 512 MB free
2026/07/06 18:29:11 [MAB] event=skip_cold_start ts=1783355351860 policy=UCB1 function=mab_cost_aware_1783355337 arm=x86-tiny/gpu/nvidia duration_ms=7.168282 reason=cold_start
2026/07/06 18:29:12 [LB] Compatible tag found: function=mab_cost_aware_1783355337 tag=x86-tiny/gpu/nvidia arch=amd64 pattern="" ring_size=1
2026/07/06 18:29:12 [LB] Compatible tag found: function=mab_cost_aware_1783355337 tag=arm-tiny arch=amd64 pattern="" ring_size=1
2026/07/06 18:29:12 [LB] Compatible tag found: function=mab_cost_aware_1783355337 tag=x86-large arch=amd64 pattern="" ring_size=1
2026/07/06 18:29:12 [LB] Compatible tag found: function=mab_cost_aware_1783355337 tag=x86-tiny arch=amd64 pattern="" ring_size=1
2026/07/06 18:29:12 [LB] Compatible tags for function 'mab_cost_aware_1783355337': [x86-tiny/gpu/nvidia arm-tiny x86-large x86-tiny]
2026/07/06 18:29:12 [LB][MAB] event=before_select function=mab_cost_aware_1783355337 compatible_tags=[x86-tiny/gpu/nvidia arm-tiny x86-large x86-tiny] has_context=true
2026/07/06 18:29:12 [MAB] event=select_arm ts=1783355352082 policy=UCB1 function=mab_cost_aware_1783355337 selected_arm=x86-tiny/gpu/nvidia reason=least_tried score=0.000000 total_counts=0 arms=[arm-tiny,x86-large,x86-tiny,x86-tiny/gpu/nvidia]
2026/07/06 18:29:12 [LB][MAB] event=after_select function=mab_cost_aware_1783355337 selected_tag=x86-tiny/gpu/nvidia compatible_tags=[x86-tiny/gpu/nvidia arm-tiny x86-large x86-tiny]
2026/07/06 18:29:12 Candidate has: 512 MB free memory. Function needs: 128 MB
2026/07/06 18:29:12 [LB] Selected target for function 'mab_cost_aware_1783355337': target_tag=x86-tiny/gpu/nvidia candidate=DvoAKoY3Ri96uiPJTCYxsm1783355341326237908 candidate_tag=x86-tiny/gpu/nvidia
2026/07/06 18:29:12 [LB-Update] Node DvoAKoY3Ri96uiPJTCYxsm1783355341326237908 reported 512 MB free
2026/07/06 18:29:12 [MAB] event=reward_breakdown ts=1783355352086 policy=UCB1 function=mab_cost_aware_1783355337 arm=x86-tiny/gpu/nvidia base_tag=x86-tiny architecture=x86 specialization=tiny capabilities=[gpu,nvidia] duration_ms=3.006121 latency_reward=-1.100651 cost_weight=0.000000 cost_factor=1.600000 cost_term=0.000000 energy_weight=0.000000 energy_factor=1.800000 energy_term=0.000000 memory_weight=0.000000 memory_penalty=0.000000 memory_term=0.000000 final_reward=-1.100651
2026/07/06 18:29:12 [MAB] event=update_reward ts=1783355352086 policy=UCB1 function=mab_cost_aware_1783355337 arm=x86-tiny/gpu/nvidia duration_ms=3.006121 warm_start=true reward=-1.100651 count=1 avg_reward=-1.100651 total_counts=1
2026/07/06 18:29:12 [LB] Compatible tag found: function=mab_cost_aware_1783355337 tag=x86-tiny/gpu/nvidia arch=amd64 pattern="" ring_size=1
2026/07/06 18:29:12 [LB] Compatible tag found: function=mab_cost_aware_1783355337 tag=arm-tiny arch=amd64 pattern="" ring_size=1
2026/07/06 18:29:12 [LB] Compatible tag found: function=mab_cost_aware_1783355337 tag=x86-large arch=amd64 pattern="" ring_size=1
2026/07/06 18:29:12 [LB] Compatible tag found: function=mab_cost_aware_1783355337 tag=x86-tiny arch=amd64 pattern="" ring_size=1
2026/07/06 18:29:12 [LB] Compatible tags for function 'mab_cost_aware_1783355337': [x86-tiny/gpu/nvidia arm-tiny x86-large x86-tiny]
2026/07/06 18:29:12 [LB][MAB] event=before_select function=mab_cost_aware_1783355337 compatible_tags=[x86-tiny/gpu/nvidia arm-tiny x86-large x86-tiny] has_context=true
2026/07/06 18:29:12 [MAB] event=select_arm ts=1783355352299 policy=UCB1 function=mab_cost_aware_1783355337 selected_arm=arm-tiny reason=least_tried score=0.000000 total_counts=1 arms=[arm-tiny,x86-large,x86-tiny,x86-tiny/gpu/nvidia]
2026/07/06 18:29:12 [LB][MAB] event=after_select function=mab_cost_aware_1783355337 selected_tag=arm-tiny compatible_tags=[x86-tiny/gpu/nvidia arm-tiny x86-large x86-tiny]
2026/07/06 18:29:12 Candidate has: 512 MB free memory. Function needs: 128 MB
2026/07/06 18:29:12 [LB] Selected target for function 'mab_cost_aware_1783355337': target_tag=arm-tiny candidate=vKpVjum8by27PngFGoYpfA1783355341327784155 candidate_tag=arm-tiny
2026/07/06 18:29:12 [LB]: Periodic targets update
2026/07/06 18:29:12 Found target: vKpVjum8by27PngFGoYpfA1783355341327784155
2026/07/06 18:29:12 Found target: xRr5jbhHAXQZLSnr8btjbk1783355341324487014
2026/07/06 18:29:12 Found target: fEFRxvzyvoNqYEJ4gkUx2o1783355341321547100
2026/07/06 18:29:12 Found target: DvoAKoY3Ri96uiPJTCYxsm1783355341326237908
2026/07/06 18:29:12 Found 4 targets
2026/07/06 18:29:12 [LB-Update] Node vKpVjum8by27PngFGoYpfA1783355341327784155 reported 512 MB free
2026/07/06 18:29:12 [MAB] event=skip_cold_start ts=1783355352769 policy=UCB1 function=mab_cost_aware_1783355337 arm=arm-tiny duration_ms=6.855098 reason=cold_start
2026/07/06 18:29:12 [LB] Compatible tag found: function=mab_cost_aware_1783355337 tag=x86-tiny/gpu/nvidia arch=amd64 pattern="" ring_size=1
2026/07/06 18:29:12 [LB] Compatible tag found: function=mab_cost_aware_1783355337 tag=arm-tiny arch=amd64 pattern="" ring_size=1
2026/07/06 18:29:12 [LB] Compatible tag found: function=mab_cost_aware_1783355337 tag=x86-large arch=amd64 pattern="" ring_size=1
2026/07/06 18:29:12 [LB] Compatible tag found: function=mab_cost_aware_1783355337 tag=x86-tiny arch=amd64 pattern="" ring_size=1
2026/07/06 18:29:12 [LB] Compatible tags for function 'mab_cost_aware_1783355337': [x86-tiny/gpu/nvidia arm-tiny x86-large x86-tiny]
2026/07/06 18:29:12 [LB][MAB] event=before_select function=mab_cost_aware_1783355337 compatible_tags=[x86-tiny/gpu/nvidia arm-tiny x86-large x86-tiny] has_context=true
2026/07/06 18:29:12 [MAB] event=select_arm ts=1783355352983 policy=UCB1 function=mab_cost_aware_1783355337 selected_arm=arm-tiny reason=least_tried score=0.000000 total_counts=1 arms=[arm-tiny,x86-large,x86-tiny,x86-tiny/gpu/nvidia]
2026/07/06 18:29:12 [LB][MAB] event=after_select function=mab_cost_aware_1783355337 selected_tag=arm-tiny compatible_tags=[x86-tiny/gpu/nvidia arm-tiny x86-large x86-tiny]
2026/07/06 18:29:12 Candidate has: 512 MB free memory. Function needs: 128 MB
2026/07/06 18:29:12 [LB] Selected target for function 'mab_cost_aware_1783355337': target_tag=arm-tiny candidate=vKpVjum8by27PngFGoYpfA1783355341327784155 candidate_tag=arm-tiny
2026/07/06 18:29:12 [LB-Update] Node vKpVjum8by27PngFGoYpfA1783355341327784155 reported 512 MB free
2026/07/06 18:29:12 [MAB] event=reward_breakdown ts=1783355352986 policy=UCB1 function=mab_cost_aware_1783355337 arm=arm-tiny base_tag=arm-tiny architecture=arm specialization=tiny capabilities=[] duration_ms=2.325508 latency_reward=-0.843939 cost_weight=0.000000 cost_factor=0.400000 cost_term=0.000000 energy_weight=0.000000 energy_factor=0.600000 energy_term=0.000000 memory_weight=0.000000 memory_penalty=0.000000 memory_term=0.000000 final_reward=-0.843939
2026/07/06 18:29:12 [MAB] event=update_reward ts=1783355352986 policy=UCB1 function=mab_cost_aware_1783355337 arm=arm-tiny duration_ms=2.325508 warm_start=true reward=-0.843939 count=1 avg_reward=-0.843939 total_counts=2
2026/07/06 18:29:13 [LB] Compatible tag found: function=mab_cost_aware_1783355337 tag=x86-tiny/gpu/nvidia arch=amd64 pattern="" ring_size=1
2026/07/06 18:29:13 [LB] Compatible tag found: function=mab_cost_aware_1783355337 tag=arm-tiny arch=amd64 pattern="" ring_size=1
2026/07/06 18:29:13 [LB] Compatible tag found: function=mab_cost_aware_1783355337 tag=x86-large arch=amd64 pattern="" ring_size=1
2026/07/06 18:29:13 [LB] Compatible tag found: function=mab_cost_aware_1783355337 tag=x86-tiny arch=amd64 pattern="" ring_size=1
2026/07/06 18:29:13 [LB] Compatible tags for function 'mab_cost_aware_1783355337': [x86-tiny/gpu/nvidia arm-tiny x86-large x86-tiny]
2026/07/06 18:29:13 [LB][MAB] event=before_select function=mab_cost_aware_1783355337 compatible_tags=[x86-tiny/gpu/nvidia arm-tiny x86-large x86-tiny] has_context=true
2026/07/06 18:29:13 [MAB] event=select_arm ts=1783355353205 policy=UCB1 function=mab_cost_aware_1783355337 selected_arm=x86-tiny reason=least_tried score=0.000000 total_counts=2 arms=[arm-tiny,x86-large,x86-tiny,x86-tiny/gpu/nvidia]
2026/07/06 18:29:13 [LB][MAB] event=after_select function=mab_cost_aware_1783355337 selected_tag=x86-tiny compatible_tags=[x86-tiny/gpu/nvidia arm-tiny x86-large x86-tiny]
2026/07/06 18:29:13 Candidate has: 512 MB free memory. Function needs: 128 MB
2026/07/06 18:29:13 [LB] Selected target for function 'mab_cost_aware_1783355337': target_tag=x86-tiny candidate=fEFRxvzyvoNqYEJ4gkUx2o1783355341321547100 candidate_tag=x86-tiny
2026/07/06 18:29:13 [LB-Update] Node fEFRxvzyvoNqYEJ4gkUx2o1783355341321547100 reported 512 MB free
2026/07/06 18:29:13 [MAB] event=skip_cold_start ts=1783355353690 policy=UCB1 function=mab_cost_aware_1783355337 arm=x86-tiny duration_ms=5.565592 reason=cold_start
2026/07/06 18:29:13 [LB] Compatible tag found: function=mab_cost_aware_1783355337 tag=x86-tiny/gpu/nvidia arch=amd64 pattern="" ring_size=1
2026/07/06 18:29:13 [LB] Compatible tag found: function=mab_cost_aware_1783355337 tag=arm-tiny arch=amd64 pattern="" ring_size=1
2026/07/06 18:29:13 [LB] Compatible tag found: function=mab_cost_aware_1783355337 tag=x86-large arch=amd64 pattern="" ring_size=1
2026/07/06 18:29:13 [LB] Compatible tag found: function=mab_cost_aware_1783355337 tag=x86-tiny arch=amd64 pattern="" ring_size=1
2026/07/06 18:29:13 [LB] Compatible tags for function 'mab_cost_aware_1783355337': [x86-tiny/gpu/nvidia arm-tiny x86-large x86-tiny]
2026/07/06 18:29:13 [LB][MAB] event=before_select function=mab_cost_aware_1783355337 compatible_tags=[x86-tiny/gpu/nvidia arm-tiny x86-large x86-tiny] has_context=true
2026/07/06 18:29:13 [MAB] event=select_arm ts=1783355353909 policy=UCB1 function=mab_cost_aware_1783355337 selected_arm=x86-large reason=least_tried score=0.000000 total_counts=2 arms=[arm-tiny,x86-large,x86-tiny,x86-tiny/gpu/nvidia]
2026/07/06 18:29:13 [LB][MAB] event=after_select function=mab_cost_aware_1783355337 selected_tag=x86-large compatible_tags=[x86-tiny/gpu/nvidia arm-tiny x86-large x86-tiny]
2026/07/06 18:29:13 Candidate has: 512 MB free memory. Function needs: 128 MB
2026/07/06 18:29:13 [LB] Selected target for function 'mab_cost_aware_1783355337': target_tag=x86-large candidate=xRr5jbhHAXQZLSnr8btjbk1783355341324487014 candidate_tag=x86-large
2026/07/06 18:29:14 [LB-Update] Node xRr5jbhHAXQZLSnr8btjbk1783355341324487014 reported 512 MB free
2026/07/06 18:29:14 [MAB] event=skip_cold_start ts=1783355354412 policy=UCB1 function=mab_cost_aware_1783355337 arm=x86-large duration_ms=7.492722 reason=cold_start
2026/07/06 18:29:14 [LB] Compatible tag found: function=mab_cost_aware_1783355337 tag=x86-tiny/gpu/nvidia arch=amd64 pattern="" ring_size=1
2026/07/06 18:29:14 [LB] Compatible tag found: function=mab_cost_aware_1783355337 tag=arm-tiny arch=amd64 pattern="" ring_size=1
2026/07/06 18:29:14 [LB] Compatible tag found: function=mab_cost_aware_1783355337 tag=x86-large arch=amd64 pattern="" ring_size=1
2026/07/06 18:29:14 [LB] Compatible tag found: function=mab_cost_aware_1783355337 tag=x86-tiny arch=amd64 pattern="" ring_size=1
2026/07/06 18:29:14 [LB] Compatible tags for function 'mab_cost_aware_1783355337': [x86-tiny/gpu/nvidia arm-tiny x86-large x86-tiny]
2026/07/06 18:29:14 [LB][MAB] event=before_select function=mab_cost_aware_1783355337 compatible_tags=[x86-tiny/gpu/nvidia arm-tiny x86-large x86-tiny] has_context=true
2026/07/06 18:29:14 [MAB] event=select_arm ts=1783355354634 policy=UCB1 function=mab_cost_aware_1783355337 selected_arm=x86-tiny reason=least_tried score=0.000000 total_counts=2 arms=[arm-tiny,x86-large,x86-tiny,x86-tiny/gpu/nvidia]
2026/07/06 18:29:14 [LB][MAB] event=after_select function=mab_cost_aware_1783355337 selected_tag=x86-tiny compatible_tags=[x86-tiny/gpu/nvidia arm-tiny x86-large x86-tiny]
2026/07/06 18:29:14 Candidate has: 512 MB free memory. Function needs: 128 MB
2026/07/06 18:29:14 [LB] Selected target for function 'mab_cost_aware_1783355337': target_tag=x86-tiny candidate=fEFRxvzyvoNqYEJ4gkUx2o1783355341321547100 candidate_tag=x86-tiny
2026/07/06 18:29:14 [LB-Update] Node fEFRxvzyvoNqYEJ4gkUx2o1783355341321547100 reported 512 MB free
2026/07/06 18:29:14 [MAB] event=reward_breakdown ts=1783355354637 policy=UCB1 function=mab_cost_aware_1783355337 arm=x86-tiny base_tag=x86-tiny architecture=x86 specialization=tiny capabilities=[] duration_ms=2.370920 latency_reward=-0.863278 cost_weight=0.000000 cost_factor=0.400000 cost_term=0.000000 energy_weight=0.000000 energy_factor=1.000000 energy_term=0.000000 memory_weight=0.000000 memory_penalty=0.000000 memory_term=0.000000 final_reward=-0.863278
2026/07/06 18:29:14 [MAB] event=update_reward ts=1783355354637 policy=UCB1 function=mab_cost_aware_1783355337 arm=x86-tiny duration_ms=2.370920 warm_start=true reward=-0.863278 count=1 avg_reward=-0.863278 total_counts=3
2026/07/06 18:29:14 [LB] Compatible tag found: function=mab_cost_aware_1783355337 tag=x86-tiny/gpu/nvidia arch=amd64 pattern="" ring_size=1
2026/07/06 18:29:14 [LB] Compatible tag found: function=mab_cost_aware_1783355337 tag=arm-tiny arch=amd64 pattern="" ring_size=1
2026/07/06 18:29:14 [LB] Compatible tag found: function=mab_cost_aware_1783355337 tag=x86-large arch=amd64 pattern="" ring_size=1
2026/07/06 18:29:14 [LB] Compatible tag found: function=mab_cost_aware_1783355337 tag=x86-tiny arch=amd64 pattern="" ring_size=1
2026/07/06 18:29:14 [LB] Compatible tags for function 'mab_cost_aware_1783355337': [x86-tiny/gpu/nvidia arm-tiny x86-large x86-tiny]
2026/07/06 18:29:14 [LB][MAB] event=before_select function=mab_cost_aware_1783355337 compatible_tags=[x86-tiny/gpu/nvidia arm-tiny x86-large x86-tiny] has_context=true
2026/07/06 18:29:14 [MAB] event=select_arm ts=1783355354859 policy=UCB1 function=mab_cost_aware_1783355337 selected_arm=x86-large reason=least_tried score=0.000000 total_counts=3 arms=[arm-tiny,x86-large,x86-tiny,x86-tiny/gpu/nvidia]
2026/07/06 18:29:14 [LB][MAB] event=after_select function=mab_cost_aware_1783355337 selected_tag=x86-large compatible_tags=[x86-tiny/gpu/nvidia arm-tiny x86-large x86-tiny]
2026/07/06 18:29:14 Candidate has: 512 MB free memory. Function needs: 128 MB
2026/07/06 18:29:14 [LB] Selected target for function 'mab_cost_aware_1783355337': target_tag=x86-large candidate=xRr5jbhHAXQZLSnr8btjbk1783355341324487014 candidate_tag=x86-large
2026/07/06 18:29:14 [LB-Update] Node xRr5jbhHAXQZLSnr8btjbk1783355341324487014 reported 512 MB free
2026/07/06 18:29:14 [MAB] event=reward_breakdown ts=1783355354864 policy=UCB1 function=mab_cost_aware_1783355337 arm=x86-large base_tag=x86-large architecture=x86 specialization=large capabilities=[] duration_ms=3.828636 latency_reward=-1.342509 cost_weight=0.000000 cost_factor=1.200000 cost_term=0.000000 energy_weight=0.000000 energy_factor=1.200000 energy_term=0.000000 memory_weight=0.000000 memory_penalty=0.000000 memory_term=0.000000 final_reward=-1.342509
2026/07/06 18:29:14 [MAB] event=update_reward ts=1783355354864 policy=UCB1 function=mab_cost_aware_1783355337 arm=x86-large duration_ms=3.828636 warm_start=true reward=-1.342509 count=1 avg_reward=-1.342509 total_counts=4
2026/07/06 18:29:15 [LB] Compatible tag found: function=mab_cost_aware_1783355337 tag=x86-tiny/gpu/nvidia arch=amd64 pattern="" ring_size=1
2026/07/06 18:29:15 [LB] Compatible tag found: function=mab_cost_aware_1783355337 tag=arm-tiny arch=amd64 pattern="" ring_size=1
2026/07/06 18:29:15 [LB] Compatible tag found: function=mab_cost_aware_1783355337 tag=x86-large arch=amd64 pattern="" ring_size=1
2026/07/06 18:29:15 [LB] Compatible tag found: function=mab_cost_aware_1783355337 tag=x86-tiny arch=amd64 pattern="" ring_size=1
2026/07/06 18:29:15 [LB] Compatible tags for function 'mab_cost_aware_1783355337': [x86-tiny/gpu/nvidia arm-tiny x86-large x86-tiny]
2026/07/06 18:29:15 [LB][MAB] event=before_select function=mab_cost_aware_1783355337 compatible_tags=[x86-tiny/gpu/nvidia arm-tiny x86-large x86-tiny] has_context=true
2026/07/06 18:29:15 [MAB] event=arm_score ts=1783355355082 policy=UCB1 function=mab_cost_aware_1783355337 arm=x86-tiny/gpu/nvidia score=-0.158723 count=1 avg_reward=-1.100651 total_counts=4
2026/07/06 18:29:15 [MAB] event=arm_score ts=1783355355082 policy=UCB1 function=mab_cost_aware_1783355337 arm=arm-tiny score=0.097990 count=1 avg_reward=-0.843939 total_counts=4
2026/07/06 18:29:15 [MAB] event=arm_score ts=1783355355082 policy=UCB1 function=mab_cost_aware_1783355337 arm=x86-large score=-0.400581 count=1 avg_reward=-1.342509 total_counts=4
2026/07/06 18:29:15 [MAB] event=arm_score ts=1783355355082 policy=UCB1 function=mab_cost_aware_1783355337 arm=x86-tiny score=0.078650 count=1 avg_reward=-0.863278 total_counts=4
2026/07/06 18:29:15 [MAB] event=select_arm ts=1783355355082 policy=UCB1 function=mab_cost_aware_1783355337 selected_arm=arm-tiny reason=ucb_score score=0.097990 total_counts=4 arms=[arm-tiny,x86-large,x86-tiny,x86-tiny/gpu/nvidia]
2026/07/06 18:29:15 [LB][MAB] event=after_select function=mab_cost_aware_1783355337 selected_tag=arm-tiny compatible_tags=[x86-tiny/gpu/nvidia arm-tiny x86-large x86-tiny]
2026/07/06 18:29:15 Candidate has: 512 MB free memory. Function needs: 128 MB
2026/07/06 18:29:15 [LB] Selected target for function 'mab_cost_aware_1783355337': target_tag=arm-tiny candidate=vKpVjum8by27PngFGoYpfA1783355341327784155 candidate_tag=arm-tiny
2026/07/06 18:29:15 [LB-Update] Node vKpVjum8by27PngFGoYpfA1783355341327784155 reported 512 MB free
2026/07/06 18:29:15 [MAB] event=reward_breakdown ts=1783355355084 policy=UCB1 function=mab_cost_aware_1783355337 arm=arm-tiny base_tag=arm-tiny architecture=arm specialization=tiny capabilities=[] duration_ms=1.969940 latency_reward=-0.678003 cost_weight=0.000000 cost_factor=0.400000 cost_term=0.000000 energy_weight=0.000000 energy_factor=0.600000 energy_term=0.000000 memory_weight=0.000000 memory_penalty=0.000000 memory_term=0.000000 final_reward=-0.678003
2026/07/06 18:29:15 [MAB] event=update_reward ts=1783355355084 policy=UCB1 function=mab_cost_aware_1783355337 arm=arm-tiny duration_ms=1.969940 warm_start=true reward=-0.678003 count=2 avg_reward=-0.760971 total_counts=5
2026/07/06 18:29:15 [LB] Compatible tag found: function=mab_cost_aware_1783355337 tag=x86-tiny/gpu/nvidia arch=amd64 pattern="" ring_size=1
2026/07/06 18:29:15 [LB] Compatible tag found: function=mab_cost_aware_1783355337 tag=arm-tiny arch=amd64 pattern="" ring_size=1
2026/07/06 18:29:15 [LB] Compatible tag found: function=mab_cost_aware_1783355337 tag=x86-large arch=amd64 pattern="" ring_size=1
2026/07/06 18:29:15 [LB] Compatible tag found: function=mab_cost_aware_1783355337 tag=x86-tiny arch=amd64 pattern="" ring_size=1
2026/07/06 18:29:15 [LB] Compatible tags for function 'mab_cost_aware_1783355337': [x86-tiny/gpu/nvidia arm-tiny x86-large x86-tiny]
2026/07/06 18:29:15 [LB][MAB] event=before_select function=mab_cost_aware_1783355337 compatible_tags=[x86-tiny/gpu/nvidia arm-tiny x86-large x86-tiny] has_context=true
2026/07/06 18:29:15 [MAB] event=arm_score ts=1783355355306 policy=UCB1 function=mab_cost_aware_1783355337 arm=x86-tiny/gpu/nvidia score=-0.085742 count=1 avg_reward=-1.100651 total_counts=5
2026/07/06 18:29:15 [MAB] event=arm_score ts=1783355355306 policy=UCB1 function=mab_cost_aware_1783355337 arm=arm-tiny score=-0.043322 count=2 avg_reward=-0.760971 total_counts=5
2026/07/06 18:29:15 [MAB] event=arm_score ts=1783355355306 policy=UCB1 function=mab_cost_aware_1783355337 arm=x86-large score=-0.327600 count=1 avg_reward=-1.342509 total_counts=5
2026/07/06 18:29:15 [MAB] event=arm_score ts=1783355355306 policy=UCB1 function=mab_cost_aware_1783355337 arm=x86-tiny score=0.151631 count=1 avg_reward=-0.863278 total_counts=5
2026/07/06 18:29:15 [MAB] event=select_arm ts=1783355355306 policy=UCB1 function=mab_cost_aware_1783355337 selected_arm=x86-tiny reason=ucb_score score=0.151631 total_counts=5 arms=[arm-tiny,x86-large,x86-tiny,x86-tiny/gpu/nvidia]
2026/07/06 18:29:15 [LB][MAB] event=after_select function=mab_cost_aware_1783355337 selected_tag=x86-tiny compatible_tags=[x86-tiny/gpu/nvidia arm-tiny x86-large x86-tiny]
2026/07/06 18:29:15 Candidate has: 512 MB free memory. Function needs: 128 MB
2026/07/06 18:29:15 [LB] Selected target for function 'mab_cost_aware_1783355337': target_tag=x86-tiny candidate=fEFRxvzyvoNqYEJ4gkUx2o1783355341321547100 candidate_tag=x86-tiny
2026/07/06 18:29:15 [LB-Update] Node fEFRxvzyvoNqYEJ4gkUx2o1783355341321547100 reported 512 MB free
2026/07/06 18:29:15 [MAB] event=reward_breakdown ts=1783355355311 policy=UCB1 function=mab_cost_aware_1783355337 arm=x86-tiny base_tag=x86-tiny architecture=x86 specialization=tiny capabilities=[] duration_ms=3.586273 latency_reward=-1.277114 cost_weight=0.000000 cost_factor=0.400000 cost_term=0.000000 energy_weight=0.000000 energy_factor=1.000000 energy_term=0.000000 memory_weight=0.000000 memory_penalty=0.000000 memory_term=0.000000 final_reward=-1.277114
2026/07/06 18:29:15 [MAB] event=update_reward ts=1783355355311 policy=UCB1 function=mab_cost_aware_1783355337 arm=x86-tiny duration_ms=3.586273 warm_start=true reward=-1.277114 count=2 avg_reward=-1.070196 total_counts=6
2026/07/06 18:29:15 [LB]: Periodic targets update
2026/07/06 18:29:15 Found target: vKpVjum8by27PngFGoYpfA1783355341327784155
2026/07/06 18:29:15 Found target: xRr5jbhHAXQZLSnr8btjbk1783355341324487014
2026/07/06 18:29:15 Found target: fEFRxvzyvoNqYEJ4gkUx2o1783355341321547100
2026/07/06 18:29:15 Found target: DvoAKoY3Ri96uiPJTCYxsm1783355341326237908
2026/07/06 18:29:15 Found 4 targets
2026/07/06 18:29:15 [LB] Compatible tag found: function=mab_cost_aware_1783355337 tag=x86-tiny/gpu/nvidia arch=amd64 pattern="" ring_size=1
2026/07/06 18:29:15 [LB] Compatible tag found: function=mab_cost_aware_1783355337 tag=arm-tiny arch=amd64 pattern="" ring_size=1
2026/07/06 18:29:15 [LB] Compatible tag found: function=mab_cost_aware_1783355337 tag=x86-large arch=amd64 pattern="" ring_size=1
2026/07/06 18:29:15 [LB] Compatible tag found: function=mab_cost_aware_1783355337 tag=x86-tiny arch=amd64 pattern="" ring_size=1
2026/07/06 18:29:15 [LB] Compatible tags for function 'mab_cost_aware_1783355337': [x86-tiny/gpu/nvidia arm-tiny x86-large x86-tiny]
2026/07/06 18:29:15 [LB][MAB] event=before_select function=mab_cost_aware_1783355337 compatible_tags=[x86-tiny/gpu/nvidia arm-tiny x86-large x86-tiny] has_context=true
2026/07/06 18:29:15 [MAB] event=arm_score ts=1783355355532 policy=UCB1 function=mab_cost_aware_1783355337 arm=x86-tiny/gpu/nvidia score=-0.029798 count=1 avg_reward=-1.100651 total_counts=6
2026/07/06 18:29:15 [MAB] event=arm_score ts=1783355355532 policy=UCB1 function=mab_cost_aware_1783355337 arm=arm-tiny score=-0.003763 count=2 avg_reward=-0.760971 total_counts=6
2026/07/06 18:29:15 [MAB] event=arm_score ts=1783355355532 policy=UCB1 function=mab_cost_aware_1783355337 arm=x86-large score=-0.271656 count=1 avg_reward=-1.342509 total_counts=6
2026/07/06 18:29:15 [MAB] event=arm_score ts=1783355355532 policy=UCB1 function=mab_cost_aware_1783355337 arm=x86-tiny score=-0.312988 count=2 avg_reward=-1.070196 total_counts=6
2026/07/06 18:29:15 [MAB] event=select_arm ts=1783355355532 policy=UCB1 function=mab_cost_aware_1783355337 selected_arm=arm-tiny reason=ucb_score score=-0.003763 total_counts=6 arms=[arm-tiny,x86-large,x86-tiny,x86-tiny/gpu/nvidia]
2026/07/06 18:29:15 [LB][MAB] event=after_select function=mab_cost_aware_1783355337 selected_tag=arm-tiny compatible_tags=[x86-tiny/gpu/nvidia arm-tiny x86-large x86-tiny]
2026/07/06 18:29:15 Candidate has: 512 MB free memory. Function needs: 128 MB
2026/07/06 18:29:15 [LB] Selected target for function 'mab_cost_aware_1783355337': target_tag=arm-tiny candidate=vKpVjum8by27PngFGoYpfA1783355341327784155 candidate_tag=arm-tiny
2026/07/06 18:29:15 [LB-Update] Node vKpVjum8by27PngFGoYpfA1783355341327784155 reported 512 MB free
2026/07/06 18:29:15 [MAB] event=reward_breakdown ts=1783355355536 policy=UCB1 function=mab_cost_aware_1783355337 arm=arm-tiny base_tag=arm-tiny architecture=arm specialization=tiny capabilities=[] duration_ms=2.957099 latency_reward=-1.084209 cost_weight=0.000000 cost_factor=0.400000 cost_term=0.000000 energy_weight=0.000000 energy_factor=0.600000 energy_term=0.000000 memory_weight=0.000000 memory_penalty=0.000000 memory_term=0.000000 final_reward=-1.084209
2026/07/06 18:29:15 [MAB] event=update_reward ts=1783355355536 policy=UCB1 function=mab_cost_aware_1783355337 arm=arm-tiny duration_ms=2.957099 warm_start=true reward=-1.084209 count=3 avg_reward=-0.868717 total_counts=7
2026/07/06 18:29:15 [LB] Compatible tag found: function=mab_cost_aware_1783355337 tag=x86-tiny/gpu/nvidia arch=amd64 pattern="" ring_size=1
2026/07/06 18:29:15 [LB] Compatible tag found: function=mab_cost_aware_1783355337 tag=arm-tiny arch=amd64 pattern="" ring_size=1
2026/07/06 18:29:15 [LB] Compatible tag found: function=mab_cost_aware_1783355337 tag=x86-large arch=amd64 pattern="" ring_size=1
2026/07/06 18:29:15 [LB] Compatible tag found: function=mab_cost_aware_1783355337 tag=x86-tiny arch=amd64 pattern="" ring_size=1
2026/07/06 18:29:15 [LB] Compatible tags for function 'mab_cost_aware_1783355337': [x86-tiny/gpu/nvidia arm-tiny x86-large x86-tiny]
2026/07/06 18:29:15 [LB][MAB] event=before_select function=mab_cost_aware_1783355337 compatible_tags=[x86-tiny/gpu/nvidia arm-tiny x86-large x86-tiny] has_context=true
2026/07/06 18:29:15 [MAB] event=arm_score ts=1783355355754 policy=UCB1 function=mab_cost_aware_1783355337 arm=x86-tiny score=-0.281088 count=2 avg_reward=-1.070196 total_counts=7
2026/07/06 18:29:15 [MAB] event=arm_score ts=1783355355754 policy=UCB1 function=mab_cost_aware_1783355337 arm=x86-tiny/gpu/nvidia score=0.015317 count=1 avg_reward=-1.100651 total_counts=7
2026/07/06 18:29:15 [MAB] event=arm_score ts=1783355355754 policy=UCB1 function=mab_cost_aware_1783355337 arm=arm-tiny score=-0.224413 count=3 avg_reward=-0.868717 total_counts=7
2026/07/06 18:29:15 [MAB] event=arm_score ts=1783355355754 policy=UCB1 function=mab_cost_aware_1783355337 arm=x86-large score=-0.226542 count=1 avg_reward=-1.342509 total_counts=7
2026/07/06 18:29:15 [MAB] event=select_arm ts=1783355355754 policy=UCB1 function=mab_cost_aware_1783355337 selected_arm=x86-tiny/gpu/nvidia reason=ucb_score score=0.015317 total_counts=7 arms=[arm-tiny,x86-large,x86-tiny,x86-tiny/gpu/nvidia]
2026/07/06 18:29:15 [LB][MAB] event=after_select function=mab_cost_aware_1783355337 selected_tag=x86-tiny/gpu/nvidia compatible_tags=[x86-tiny/gpu/nvidia arm-tiny x86-large x86-tiny]
2026/07/06 18:29:15 Candidate has: 512 MB free memory. Function needs: 128 MB
2026/07/06 18:29:15 [LB] Selected target for function 'mab_cost_aware_1783355337': target_tag=x86-tiny/gpu/nvidia candidate=DvoAKoY3Ri96uiPJTCYxsm1783355341326237908 candidate_tag=x86-tiny/gpu/nvidia
2026/07/06 18:29:15 [LB-Update] Node DvoAKoY3Ri96uiPJTCYxsm1783355341326237908 reported 512 MB free
2026/07/06 18:29:15 [MAB] event=reward_breakdown ts=1783355355758 policy=UCB1 function=mab_cost_aware_1783355337 arm=x86-tiny/gpu/nvidia base_tag=x86-tiny architecture=x86 specialization=tiny capabilities=[gpu,nvidia] duration_ms=2.960632 latency_reward=-1.085403 cost_weight=0.000000 cost_factor=1.600000 cost_term=0.000000 energy_weight=0.000000 energy_factor=1.800000 energy_term=0.000000 memory_weight=0.000000 memory_penalty=0.000000 memory_term=0.000000 final_reward=-1.085403
2026/07/06 18:29:15 [MAB] event=update_reward ts=1783355355758 policy=UCB1 function=mab_cost_aware_1783355337 arm=x86-tiny/gpu/nvidia duration_ms=2.960632 warm_start=true reward=-1.085403 count=2 avg_reward=-1.093027 total_counts=8
2026/07/06 18:29:15 [LB] Compatible tag found: function=mab_cost_aware_1783355337 tag=x86-tiny/gpu/nvidia arch=amd64 pattern="" ring_size=1
2026/07/06 18:29:15 [LB] Compatible tag found: function=mab_cost_aware_1783355337 tag=arm-tiny arch=amd64 pattern="" ring_size=1
2026/07/06 18:29:15 [LB] Compatible tag found: function=mab_cost_aware_1783355337 tag=x86-large arch=amd64 pattern="" ring_size=1
2026/07/06 18:29:15 [LB] Compatible tag found: function=mab_cost_aware_1783355337 tag=x86-tiny arch=amd64 pattern="" ring_size=1
2026/07/06 18:29:15 [LB] Compatible tags for function 'mab_cost_aware_1783355337': [x86-tiny/gpu/nvidia arm-tiny x86-large x86-tiny]
2026/07/06 18:29:15 [LB][MAB] event=before_select function=mab_cost_aware_1783355337 compatible_tags=[x86-tiny/gpu/nvidia arm-tiny x86-large x86-tiny] has_context=true
2026/07/06 18:29:15 [MAB] event=arm_score ts=1783355355978 policy=UCB1 function=mab_cost_aware_1783355337 arm=x86-tiny score=-0.254462 count=2 avg_reward=-1.070196 total_counts=8
2026/07/06 18:29:15 [MAB] event=arm_score ts=1783355355978 policy=UCB1 function=mab_cost_aware_1783355337 arm=x86-tiny/gpu/nvidia score=-0.277293 count=2 avg_reward=-1.093027 total_counts=8
2026/07/06 18:29:15 [MAB] event=arm_score ts=1783355355978 policy=UCB1 function=mab_cost_aware_1783355337 arm=arm-tiny score=-0.202673 count=3 avg_reward=-0.868717 total_counts=8
2026/07/06 18:29:15 [MAB] event=arm_score ts=1783355355978 policy=UCB1 function=mab_cost_aware_1783355337 arm=x86-large score=-0.188887 count=1 avg_reward=-1.342509 total_counts=8
2026/07/06 18:29:15 [MAB] event=select_arm ts=1783355355978 policy=UCB1 function=mab_cost_aware_1783355337 selected_arm=x86-large reason=ucb_score score=-0.188887 total_counts=8 arms=[arm-tiny,x86-large,x86-tiny,x86-tiny/gpu/nvidia]
2026/07/06 18:29:15 [LB][MAB] event=after_select function=mab_cost_aware_1783355337 selected_tag=x86-large compatible_tags=[x86-tiny/gpu/nvidia arm-tiny x86-large x86-tiny]
2026/07/06 18:29:15 Candidate has: 512 MB free memory. Function needs: 128 MB
2026/07/06 18:29:15 [LB] Selected target for function 'mab_cost_aware_1783355337': target_tag=x86-large candidate=xRr5jbhHAXQZLSnr8btjbk1783355341324487014 candidate_tag=x86-large
2026/07/06 18:29:15 [LB-Update] Node xRr5jbhHAXQZLSnr8btjbk1783355341324487014 reported 512 MB free
2026/07/06 18:29:15 [MAB] event=reward_breakdown ts=1783355355982 policy=UCB1 function=mab_cost_aware_1783355337 arm=x86-large base_tag=x86-large architecture=x86 specialization=large capabilities=[] duration_ms=3.015756 latency_reward=-1.103851 cost_weight=0.000000 cost_factor=1.200000 cost_term=0.000000 energy_weight=0.000000 energy_factor=1.200000 energy_term=0.000000 memory_weight=0.000000 memory_penalty=0.000000 memory_term=0.000000 final_reward=-1.103851
2026/07/06 18:29:15 [MAB] event=update_reward ts=1783355355982 policy=UCB1 function=mab_cost_aware_1783355337 arm=x86-large duration_ms=3.015756 warm_start=true reward=-1.103851 count=2 avg_reward=-1.223180 total_counts=9
2026/07/06 18:29:16 [LB] Compatible tag found: function=mab_cost_aware_1783355337 tag=x86-tiny/gpu/nvidia arch=amd64 pattern="" ring_size=1
2026/07/06 18:29:16 [LB] Compatible tag found: function=mab_cost_aware_1783355337 tag=arm-tiny arch=amd64 pattern="" ring_size=1
2026/07/06 18:29:16 [LB] Compatible tag found: function=mab_cost_aware_1783355337 tag=x86-large arch=amd64 pattern="" ring_size=1
2026/07/06 18:29:16 [LB] Compatible tag found: function=mab_cost_aware_1783355337 tag=x86-tiny arch=amd64 pattern="" ring_size=1
2026/07/06 18:29:16 [LB] Compatible tags for function 'mab_cost_aware_1783355337': [x86-tiny/gpu/nvidia arm-tiny x86-large x86-tiny]
2026/07/06 18:29:16 [LB][MAB] event=before_select function=mab_cost_aware_1783355337 compatible_tags=[x86-tiny/gpu/nvidia arm-tiny x86-large x86-tiny] has_context=true
2026/07/06 18:29:16 [MAB] event=arm_score ts=1783355356200 policy=UCB1 function=mab_cost_aware_1783355337 arm=x86-tiny/gpu/nvidia score=-0.254509 count=2 avg_reward=-1.093027 total_counts=9
2026/07/06 18:29:16 [MAB] event=arm_score ts=1783355356200 policy=UCB1 function=mab_cost_aware_1783355337 arm=arm-tiny score=-0.184070 count=3 avg_reward=-0.868717 total_counts=9
2026/07/06 18:29:16 [MAB] event=arm_score ts=1783355356200 policy=UCB1 function=mab_cost_aware_1783355337 arm=x86-large score=-0.384662 count=2 avg_reward=-1.223180 total_counts=9
2026/07/06 18:29:16 [MAB] event=arm_score ts=1783355356200 policy=UCB1 function=mab_cost_aware_1783355337 arm=x86-tiny score=-0.231678 count=2 avg_reward=-1.070196 total_counts=9
2026/07/06 18:29:16 [MAB] event=select_arm ts=1783355356200 policy=UCB1 function=mab_cost_aware_1783355337 selected_arm=arm-tiny reason=ucb_score score=-0.184070 total_counts=9 arms=[arm-tiny,x86-large,x86-tiny,x86-tiny/gpu/nvidia]
2026/07/06 18:29:16 [LB][MAB] event=after_select function=mab_cost_aware_1783355337 selected_tag=arm-tiny compatible_tags=[x86-tiny/gpu/nvidia arm-tiny x86-large x86-tiny]
2026/07/06 18:29:16 Candidate has: 512 MB free memory. Function needs: 128 MB
2026/07/06 18:29:16 [LB] Selected target for function 'mab_cost_aware_1783355337': target_tag=arm-tiny candidate=vKpVjum8by27PngFGoYpfA1783355341327784155 candidate_tag=arm-tiny
2026/07/06 18:29:16 [LB-Update] Node vKpVjum8by27PngFGoYpfA1783355341327784155 reported 512 MB free
2026/07/06 18:29:16 [MAB] event=reward_breakdown ts=1783355356204 policy=UCB1 function=mab_cost_aware_1783355337 arm=arm-tiny base_tag=arm-tiny architecture=arm specialization=tiny capabilities=[] duration_ms=3.135582 latency_reward=-1.142815 cost_weight=0.000000 cost_factor=0.400000 cost_term=0.000000 energy_weight=0.000000 energy_factor=0.600000 energy_term=0.000000 memory_weight=0.000000 memory_penalty=0.000000 memory_term=0.000000 final_reward=-1.142815
2026/07/06 18:29:16 [MAB] event=update_reward ts=1783355356204 policy=UCB1 function=mab_cost_aware_1783355337 arm=arm-tiny duration_ms=3.135582 warm_start=true reward=-1.142815 count=4 avg_reward=-0.937241 total_counts=10
2026/07/06 18:29:16 [LB] Compatible tag found: function=mab_cost_aware_1783355337 tag=x86-tiny/gpu/nvidia arch=amd64 pattern="" ring_size=1
2026/07/06 18:29:16 [LB] Compatible tag found: function=mab_cost_aware_1783355337 tag=arm-tiny arch=amd64 pattern="" ring_size=1
2026/07/06 18:29:16 [LB] Compatible tag found: function=mab_cost_aware_1783355337 tag=x86-large arch=amd64 pattern="" ring_size=1
2026/07/06 18:29:16 [LB] Compatible tag found: function=mab_cost_aware_1783355337 tag=x86-tiny arch=amd64 pattern="" ring_size=1
2026/07/06 18:29:16 [LB] Compatible tags for function 'mab_cost_aware_1783355337': [x86-tiny/gpu/nvidia arm-tiny x86-large x86-tiny]
2026/07/06 18:29:16 [LB][MAB] event=before_select function=mab_cost_aware_1783355337 compatible_tags=[x86-tiny/gpu/nvidia arm-tiny x86-large x86-tiny] has_context=true
2026/07/06 18:29:16 [MAB] event=arm_score ts=1783355356424 policy=UCB1 function=mab_cost_aware_1783355337 arm=x86-tiny/gpu/nvidia score=-0.234640 count=2 avg_reward=-1.093027 total_counts=10
2026/07/06 18:29:16 [MAB] event=arm_score ts=1783355356424 policy=UCB1 function=mab_cost_aware_1783355337 arm=arm-tiny score=-0.330270 count=4 avg_reward=-0.937241 total_counts=10
2026/07/06 18:29:16 [MAB] event=arm_score ts=1783355356424 policy=UCB1 function=mab_cost_aware_1783355337 arm=x86-large score=-0.364793 count=2 avg_reward=-1.223180 total_counts=10
2026/07/06 18:29:16 [MAB] event=arm_score ts=1783355356424 policy=UCB1 function=mab_cost_aware_1783355337 arm=x86-tiny score=-0.211809 count=2 avg_reward=-1.070196 total_counts=10
2026/07/06 18:29:16 [MAB] event=select_arm ts=1783355356424 policy=UCB1 function=mab_cost_aware_1783355337 selected_arm=x86-tiny reason=ucb_score score=-0.211809 total_counts=10 arms=[arm-tiny,x86-large,x86-tiny,x86-tiny/gpu/nvidia]
2026/07/06 18:29:16 [LB][MAB] event=after_select function=mab_cost_aware_1783355337 selected_tag=x86-tiny compatible_tags=[x86-tiny/gpu/nvidia arm-tiny x86-large x86-tiny]
2026/07/06 18:29:16 Candidate has: 512 MB free memory. Function needs: 128 MB
2026/07/06 18:29:16 [LB] Selected target for function 'mab_cost_aware_1783355337': target_tag=x86-tiny candidate=fEFRxvzyvoNqYEJ4gkUx2o1783355341321547100 candidate_tag=x86-tiny
2026/07/06 18:29:16 [LB-Update] Node fEFRxvzyvoNqYEJ4gkUx2o1783355341321547100 reported 512 MB free
2026/07/06 18:29:16 [MAB] event=reward_breakdown ts=1783355356428 policy=UCB1 function=mab_cost_aware_1783355337 arm=x86-tiny base_tag=x86-tiny architecture=x86 specialization=tiny capabilities=[] duration_ms=3.105165 latency_reward=-1.133067 cost_weight=0.000000 cost_factor=0.400000 cost_term=0.000000 energy_weight=0.000000 energy_factor=1.000000 energy_term=0.000000 memory_weight=0.000000 memory_penalty=0.000000 memory_term=0.000000 final_reward=-1.133067
2026/07/06 18:29:16 [MAB] event=update_reward ts=1783355356428 policy=UCB1 function=mab_cost_aware_1783355337 arm=x86-tiny duration_ms=3.105165 warm_start=true reward=-1.133067 count=3 avg_reward=-1.091153 total_counts=11
2026/07/06 18:29:16 [LB] Compatible tag found: function=mab_cost_aware_1783355337 tag=x86-tiny/gpu/nvidia arch=amd64 pattern="" ring_size=1
2026/07/06 18:29:16 [LB] Compatible tag found: function=mab_cost_aware_1783355337 tag=arm-tiny arch=amd64 pattern="" ring_size=1
2026/07/06 18:29:16 [LB] Compatible tag found: function=mab_cost_aware_1783355337 tag=x86-large arch=amd64 pattern="" ring_size=1
2026/07/06 18:29:16 [LB] Compatible tag found: function=mab_cost_aware_1783355337 tag=x86-tiny arch=amd64 pattern="" ring_size=1
2026/07/06 18:29:16 [LB] Compatible tags for function 'mab_cost_aware_1783355337': [x86-tiny/gpu/nvidia arm-tiny x86-large x86-tiny]
2026/07/06 18:29:16 [LB][MAB] event=before_select function=mab_cost_aware_1783355337 compatible_tags=[x86-tiny/gpu/nvidia arm-tiny x86-large x86-tiny] has_context=true
2026/07/06 18:29:16 [MAB] event=arm_score ts=1783355356649 policy=UCB1 function=mab_cost_aware_1783355337 arm=x86-tiny/gpu/nvidia score=-0.217055 count=2 avg_reward=-1.093027 total_counts=11
2026/07/06 18:29:16 [MAB] event=arm_score ts=1783355356649 policy=UCB1 function=mab_cost_aware_1783355337 arm=arm-tiny score=-0.317836 count=4 avg_reward=-0.937241 total_counts=11
2026/07/06 18:29:16 [MAB] event=arm_score ts=1783355356649 policy=UCB1 function=mab_cost_aware_1783355337 arm=x86-large score=-0.347208 count=2 avg_reward=-1.223180 total_counts=11
2026/07/06 18:29:16 [MAB] event=arm_score ts=1783355356649 policy=UCB1 function=mab_cost_aware_1783355337 arm=x86-tiny score=-0.375925 count=3 avg_reward=-1.091153 total_counts=11
2026/07/06 18:29:16 [MAB] event=select_arm ts=1783355356649 policy=UCB1 function=mab_cost_aware_1783355337 selected_arm=x86-tiny/gpu/nvidia reason=ucb_score score=-0.217055 total_counts=11 arms=[arm-tiny,x86-large,x86-tiny,x86-tiny/gpu/nvidia]
2026/07/06 18:29:16 [LB][MAB] event=after_select function=mab_cost_aware_1783355337 selected_tag=x86-tiny/gpu/nvidia compatible_tags=[x86-tiny/gpu/nvidia arm-tiny x86-large x86-tiny]
2026/07/06 18:29:16 Candidate has: 512 MB free memory. Function needs: 128 MB
2026/07/06 18:29:16 [LB] Selected target for function 'mab_cost_aware_1783355337': target_tag=x86-tiny/gpu/nvidia candidate=DvoAKoY3Ri96uiPJTCYxsm1783355341326237908 candidate_tag=x86-tiny/gpu/nvidia
2026/07/06 18:29:16 [LB-Update] Node DvoAKoY3Ri96uiPJTCYxsm1783355341326237908 reported 512 MB free
2026/07/06 18:29:16 [MAB] event=reward_breakdown ts=1783355356653 policy=UCB1 function=mab_cost_aware_1783355337 arm=x86-tiny/gpu/nvidia base_tag=x86-tiny architecture=x86 specialization=tiny capabilities=[gpu,nvidia] duration_ms=3.201457 latency_reward=-1.163606 cost_weight=0.000000 cost_factor=1.600000 cost_term=0.000000 energy_weight=0.000000 energy_factor=1.800000 energy_term=0.000000 memory_weight=0.000000 memory_penalty=0.000000 memory_term=0.000000 final_reward=-1.163606
2026/07/06 18:29:16 [MAB] event=update_reward ts=1783355356653 policy=UCB1 function=mab_cost_aware_1783355337 arm=x86-tiny/gpu/nvidia duration_ms=3.201457 warm_start=true reward=-1.163606 count=3 avg_reward=-1.116553 total_counts=12
2026/07/06 18:29:16 [LB] Compatible tag found: function=mab_cost_aware_1783355337 tag=x86-tiny/gpu/nvidia arch=amd64 pattern="" ring_size=1
2026/07/06 18:29:16 [LB] Compatible tag found: function=mab_cost_aware_1783355337 tag=arm-tiny arch=amd64 pattern="" ring_size=1
2026/07/06 18:29:16 [LB] Compatible tag found: function=mab_cost_aware_1783355337 tag=x86-large arch=amd64 pattern="" ring_size=1
2026/07/06 18:29:16 [LB] Compatible tag found: function=mab_cost_aware_1783355337 tag=x86-tiny arch=amd64 pattern="" ring_size=1
2026/07/06 18:29:16 [LB] Compatible tags for function 'mab_cost_aware_1783355337': [x86-tiny/gpu/nvidia arm-tiny x86-large x86-tiny]
2026/07/06 18:29:16 [LB][MAB] event=before_select function=mab_cost_aware_1783355337 compatible_tags=[x86-tiny/gpu/nvidia arm-tiny x86-large x86-tiny] has_context=true
2026/07/06 18:29:16 [MAB] event=arm_score ts=1783355356875 policy=UCB1 function=mab_cost_aware_1783355337 arm=x86-tiny/gpu/nvidia score=-0.388464 count=3 avg_reward=-1.116553 total_counts=12
2026/07/06 18:29:16 [MAB] event=arm_score ts=1783355356875 policy=UCB1 function=mab_cost_aware_1783355337 arm=arm-tiny score=-0.306698 count=4 avg_reward=-0.937241 total_counts=12
2026/07/06 18:29:16 [MAB] event=arm_score ts=1783355356875 policy=UCB1 function=mab_cost_aware_1783355337 arm=x86-large score=-0.331456 count=2 avg_reward=-1.223180 total_counts=12
2026/07/06 18:29:16 [MAB] event=arm_score ts=1783355356875 policy=UCB1 function=mab_cost_aware_1783355337 arm=x86-tiny score=-0.363064 count=3 avg_reward=-1.091153 total_counts=12
2026/07/06 18:29:16 [MAB] event=select_arm ts=1783355356875 policy=UCB1 function=mab_cost_aware_1783355337 selected_arm=arm-tiny reason=ucb_score score=-0.306698 total_counts=12 arms=[arm-tiny,x86-large,x86-tiny,x86-tiny/gpu/nvidia]
2026/07/06 18:29:16 [LB][MAB] event=after_select function=mab_cost_aware_1783355337 selected_tag=arm-tiny compatible_tags=[x86-tiny/gpu/nvidia arm-tiny x86-large x86-tiny]
2026/07/06 18:29:16 Candidate has: 512 MB free memory. Function needs: 128 MB
2026/07/06 18:29:16 [LB] Selected target for function 'mab_cost_aware_1783355337': target_tag=arm-tiny candidate=vKpVjum8by27PngFGoYpfA1783355341327784155 candidate_tag=arm-tiny
2026/07/06 18:29:16 [LB-Update] Node vKpVjum8by27PngFGoYpfA1783355341327784155 reported 512 MB free
2026/07/06 18:29:16 [MAB] event=reward_breakdown ts=1783355356881 policy=UCB1 function=mab_cost_aware_1783355337 arm=arm-tiny base_tag=arm-tiny architecture=arm specialization=tiny capabilities=[] duration_ms=4.068378 latency_reward=-1.403244 cost_weight=0.000000 cost_factor=0.400000 cost_term=0.000000 energy_weight=0.000000 energy_factor=0.600000 energy_term=0.000000 memory_weight=0.000000 memory_penalty=0.000000 memory_term=0.000000 final_reward=-1.403244
2026/07/06 18:29:16 [MAB] event=update_reward ts=1783355356881 policy=UCB1 function=mab_cost_aware_1783355337 arm=arm-tiny duration_ms=4.068378 warm_start=true reward=-1.403244 count=5 avg_reward=-1.030442 total_counts=13
2026/07/06 18:29:17 [LB] Compatible tag found: function=mab_cost_aware_1783355337 tag=x86-tiny/gpu/nvidia arch=amd64 pattern="" ring_size=1
2026/07/06 18:29:17 [LB] Compatible tag found: function=mab_cost_aware_1783355337 tag=arm-tiny arch=amd64 pattern="" ring_size=1
2026/07/06 18:29:17 [LB] Compatible tag found: function=mab_cost_aware_1783355337 tag=x86-large arch=amd64 pattern="" ring_size=1
2026/07/06 18:29:17 [LB] Compatible tag found: function=mab_cost_aware_1783355337 tag=x86-tiny arch=amd64 pattern="" ring_size=1
2026/07/06 18:29:17 [LB] Compatible tags for function 'mab_cost_aware_1783355337': [x86-tiny/gpu/nvidia arm-tiny x86-large x86-tiny]
2026/07/06 18:29:17 [LB][MAB] event=before_select function=mab_cost_aware_1783355337 compatible_tags=[x86-tiny/gpu/nvidia arm-tiny x86-large x86-tiny] has_context=true
2026/07/06 18:29:17 [MAB] event=arm_score ts=1783355357103 policy=UCB1 function=mab_cost_aware_1783355337 arm=x86-tiny/gpu/nvidia score=-0.376831 count=3 avg_reward=-1.116553 total_counts=13
2026/07/06 18:29:17 [MAB] event=arm_score ts=1783355357103 policy=UCB1 function=mab_cost_aware_1783355337 arm=arm-tiny score=-0.457455 count=5 avg_reward=-1.030442 total_counts=13
2026/07/06 18:29:17 [MAB] event=arm_score ts=1783355357103 policy=UCB1 function=mab_cost_aware_1783355337 arm=x86-large score=-0.317208 count=2 avg_reward=-1.223180 total_counts=13
2026/07/06 18:29:17 [MAB] event=arm_score ts=1783355357103 policy=UCB1 function=mab_cost_aware_1783355337 arm=x86-tiny score=-0.351430 count=3 avg_reward=-1.091153 total_counts=13
2026/07/06 18:29:17 [MAB] event=select_arm ts=1783355357103 policy=UCB1 function=mab_cost_aware_1783355337 selected_arm=x86-large reason=ucb_score score=-0.317208 total_counts=13 arms=[arm-tiny,x86-large,x86-tiny,x86-tiny/gpu/nvidia]
2026/07/06 18:29:17 [LB][MAB] event=after_select function=mab_cost_aware_1783355337 selected_tag=x86-large compatible_tags=[x86-tiny/gpu/nvidia arm-tiny x86-large x86-tiny]
2026/07/06 18:29:17 Candidate has: 512 MB free memory. Function needs: 128 MB
2026/07/06 18:29:17 [LB] Selected target for function 'mab_cost_aware_1783355337': target_tag=x86-large candidate=xRr5jbhHAXQZLSnr8btjbk1783355341324487014 candidate_tag=x86-large
2026/07/06 18:29:17 [LB-Update] Node xRr5jbhHAXQZLSnr8btjbk1783355341324487014 reported 512 MB free
2026/07/06 18:29:17 [MAB] event=reward_breakdown ts=1783355357107 policy=UCB1 function=mab_cost_aware_1783355337 arm=x86-large base_tag=x86-large architecture=x86 specialization=large capabilities=[] duration_ms=3.018560 latency_reward=-1.104780 cost_weight=0.000000 cost_factor=1.200000 cost_term=0.000000 energy_weight=0.000000 energy_factor=1.200000 energy_term=0.000000 memory_weight=0.000000 memory_penalty=0.000000 memory_term=0.000000 final_reward=-1.104780
2026/07/06 18:29:17 [MAB] event=update_reward ts=1783355357107 policy=UCB1 function=mab_cost_aware_1783355337 arm=x86-large duration_ms=3.018560 warm_start=true reward=-1.104780 count=3 avg_reward=-1.183713 total_counts=14
2026/07/06 18:29:17 [LB] Compatible tag found: function=mab_cost_aware_1783355337 tag=x86-tiny/gpu/nvidia arch=amd64 pattern="" ring_size=1
2026/07/06 18:29:17 [LB] Compatible tag found: function=mab_cost_aware_1783355337 tag=arm-tiny arch=amd64 pattern="" ring_size=1
2026/07/06 18:29:17 [LB] Compatible tag found: function=mab_cost_aware_1783355337 tag=x86-large arch=amd64 pattern="" ring_size=1
2026/07/06 18:29:17 [LB] Compatible tag found: function=mab_cost_aware_1783355337 tag=x86-tiny arch=amd64 pattern="" ring_size=1
2026/07/06 18:29:17 [LB] Compatible tags for function 'mab_cost_aware_1783355337': [x86-tiny/gpu/nvidia arm-tiny x86-large x86-tiny]
2026/07/06 18:29:17 [LB][MAB] event=before_select function=mab_cost_aware_1783355337 compatible_tags=[x86-tiny/gpu/nvidia arm-tiny x86-large x86-tiny] has_context=true
2026/07/06 18:29:17 [MAB] event=arm_score ts=1783355357326 policy=UCB1 function=mab_cost_aware_1783355337 arm=x86-tiny/gpu/nvidia score=-0.366221 count=3 avg_reward=-1.116553 total_counts=14
2026/07/06 18:29:17 [MAB] event=arm_score ts=1783355357326 policy=UCB1 function=mab_cost_aware_1783355337 arm=arm-tiny score=-0.449237 count=5 avg_reward=-1.030442 total_counts=14
2026/07/06 18:29:17 [MAB] event=arm_score ts=1783355357326 policy=UCB1 function=mab_cost_aware_1783355337 arm=x86-large score=-0.433380 count=3 avg_reward=-1.183713 total_counts=14
2026/07/06 18:29:17 [MAB] event=arm_score ts=1783355357326 policy=UCB1 function=mab_cost_aware_1783355337 arm=x86-tiny score=-0.340820 count=3 avg_reward=-1.091153 total_counts=14
2026/07/06 18:29:17 [MAB] event=select_arm ts=1783355357326 policy=UCB1 function=mab_cost_aware_1783355337 selected_arm=x86-tiny reason=ucb_score score=-0.340820 total_counts=14 arms=[arm-tiny,x86-large,x86-tiny,x86-tiny/gpu/nvidia]
2026/07/06 18:29:17 [LB][MAB] event=after_select function=mab_cost_aware_1783355337 selected_tag=x86-tiny compatible_tags=[x86-tiny/gpu/nvidia arm-tiny x86-large x86-tiny]
2026/07/06 18:29:17 Candidate has: 512 MB free memory. Function needs: 128 MB
2026/07/06 18:29:17 [LB] Selected target for function 'mab_cost_aware_1783355337': target_tag=x86-tiny candidate=fEFRxvzyvoNqYEJ4gkUx2o1783355341321547100 candidate_tag=x86-tiny
2026/07/06 18:29:17 [LB-Update] Node fEFRxvzyvoNqYEJ4gkUx2o1783355341321547100 reported 512 MB free
2026/07/06 18:29:17 [MAB] event=reward_breakdown ts=1783355357330 policy=UCB1 function=mab_cost_aware_1783355337 arm=x86-tiny base_tag=x86-tiny architecture=x86 specialization=tiny capabilities=[] duration_ms=3.050597 latency_reward=-1.115337 cost_weight=0.000000 cost_factor=0.400000 cost_term=0.000000 energy_weight=0.000000 energy_factor=1.000000 energy_term=0.000000 memory_weight=0.000000 memory_penalty=0.000000 memory_term=0.000000 final_reward=-1.115337
2026/07/06 18:29:17 [MAB] event=update_reward ts=1783355357330 policy=UCB1 function=mab_cost_aware_1783355337 arm=x86-tiny duration_ms=3.050597 warm_start=true reward=-1.115337 count=4 avg_reward=-1.097199 total_counts=15
2026/07/06 18:29:17 [LB] Compatible tag found: function=mab_cost_aware_1783355337 tag=x86-tiny/gpu/nvidia arch=amd64 pattern="" ring_size=1
2026/07/06 18:29:17 [LB] Compatible tag found: function=mab_cost_aware_1783355337 tag=arm-tiny arch=amd64 pattern="" ring_size=1
2026/07/06 18:29:17 [LB] Compatible tag found: function=mab_cost_aware_1783355337 tag=x86-large arch=amd64 pattern="" ring_size=1
2026/07/06 18:29:17 [LB] Compatible tag found: function=mab_cost_aware_1783355337 tag=x86-tiny arch=amd64 pattern="" ring_size=1
2026/07/06 18:29:17 [LB] Compatible tags for function 'mab_cost_aware_1783355337': [x86-tiny/gpu/nvidia arm-tiny x86-large x86-tiny]
2026/07/06 18:29:17 [LB][MAB] event=before_select function=mab_cost_aware_1783355337 compatible_tags=[x86-tiny/gpu/nvidia arm-tiny x86-large x86-tiny] has_context=true
2026/07/06 18:29:17 [MAB] event=arm_score ts=1783355357550 policy=UCB1 function=mab_cost_aware_1783355337 arm=x86-tiny score=-0.438953 count=4 avg_reward=-1.097199 total_counts=15
2026/07/06 18:29:17 [MAB] event=arm_score ts=1783355357550 policy=UCB1 function=mab_cost_aware_1783355337 arm=x86-tiny/gpu/nvidia score=-0.356476 count=3 avg_reward=-1.116553 total_counts=15
2026/07/06 18:29:17 [MAB] event=arm_score ts=1783355357550 policy=UCB1 function=mab_cost_aware_1783355337 arm=arm-tiny score=-0.441689 count=5 avg_reward=-1.030442 total_counts=15
2026/07/06 18:29:17 [MAB] event=arm_score ts=1783355357550 policy=UCB1 function=mab_cost_aware_1783355337 arm=x86-large score=-0.423636 count=3 avg_reward=-1.183713 total_counts=15
2026/07/06 18:29:17 [MAB] event=select_arm ts=1783355357550 policy=UCB1 function=mab_cost_aware_1783355337 selected_arm=x86-tiny/gpu/nvidia reason=ucb_score score=-0.356476 total_counts=15 arms=[arm-tiny,x86-large,x86-tiny,x86-tiny/gpu/nvidia]
2026/07/06 18:29:17 [LB][MAB] event=after_select function=mab_cost_aware_1783355337 selected_tag=x86-tiny/gpu/nvidia compatible_tags=[x86-tiny/gpu/nvidia arm-tiny x86-large x86-tiny]
2026/07/06 18:29:17 Candidate has: 512 MB free memory. Function needs: 128 MB
2026/07/06 18:29:17 [LB] Selected target for function 'mab_cost_aware_1783355337': target_tag=x86-tiny/gpu/nvidia candidate=DvoAKoY3Ri96uiPJTCYxsm1783355341326237908 candidate_tag=x86-tiny/gpu/nvidia
2026/07/06 18:29:17 [LB-Update] Node DvoAKoY3Ri96uiPJTCYxsm1783355341326237908 reported 512 MB free
2026/07/06 18:29:17 [MAB] event=reward_breakdown ts=1783355357553 policy=UCB1 function=mab_cost_aware_1783355337 arm=x86-tiny/gpu/nvidia base_tag=x86-tiny architecture=x86 specialization=tiny capabilities=[gpu,nvidia] duration_ms=2.734024 latency_reward=-1.005775 cost_weight=0.000000 cost_factor=1.600000 cost_term=0.000000 energy_weight=0.000000 energy_factor=1.800000 energy_term=0.000000 memory_weight=0.000000 memory_penalty=0.000000 memory_term=0.000000 final_reward=-1.005775
2026/07/06 18:29:17 [MAB] event=update_reward ts=1783355357554 policy=UCB1 function=mab_cost_aware_1783355337 arm=x86-tiny/gpu/nvidia duration_ms=2.734024 warm_start=true reward=-1.005775 count=4 avg_reward=-1.088858 total_counts=16
2026/07/06 18:29:17 [LB] Compatible tag found: function=mab_cost_aware_1783355337 tag=x86-tiny/gpu/nvidia arch=amd64 pattern="" ring_size=1
2026/07/06 18:29:17 [LB] Compatible tag found: function=mab_cost_aware_1783355337 tag=arm-tiny arch=amd64 pattern="" ring_size=1
2026/07/06 18:29:17 [LB] Compatible tag found: function=mab_cost_aware_1783355337 tag=x86-large arch=amd64 pattern="" ring_size=1
2026/07/06 18:29:17 [LB] Compatible tag found: function=mab_cost_aware_1783355337 tag=x86-tiny arch=amd64 pattern="" ring_size=1
2026/07/06 18:29:17 [LB] Compatible tags for function 'mab_cost_aware_1783355337': [x86-tiny/gpu/nvidia arm-tiny x86-large x86-tiny]
2026/07/06 18:29:17 [LB][MAB] event=before_select function=mab_cost_aware_1783355337 compatible_tags=[x86-tiny/gpu/nvidia arm-tiny x86-large x86-tiny] has_context=true
2026/07/06 18:29:17 [MAB] event=arm_score ts=1783355357770 policy=UCB1 function=mab_cost_aware_1783355337 arm=x86-large score=-0.414632 count=3 avg_reward=-1.183713 total_counts=16
2026/07/06 18:29:17 [MAB] event=arm_score ts=1783355357770 policy=UCB1 function=mab_cost_aware_1783355337 arm=x86-tiny score=-0.431155 count=4 avg_reward=-1.097199 total_counts=16
2026/07/06 18:29:17 [MAB] event=arm_score ts=1783355357770 policy=UCB1 function=mab_cost_aware_1783355337 arm=x86-tiny/gpu/nvidia score=-0.422815 count=4 avg_reward=-1.088858 total_counts=16
2026/07/06 18:29:17 [MAB] event=arm_score ts=1783355357770 policy=UCB1 function=mab_cost_aware_1783355337 arm=arm-tiny score=-0.434714 count=5 avg_reward=-1.030442 total_counts=16
2026/07/06 18:29:17 [MAB] event=select_arm ts=1783355357770 policy=UCB1 function=mab_cost_aware_1783355337 selected_arm=x86-large reason=ucb_score score=-0.414632 total_counts=16 arms=[arm-tiny,x86-large,x86-tiny,x86-tiny/gpu/nvidia]
2026/07/06 18:29:17 [LB][MAB] event=after_select function=mab_cost_aware_1783355337 selected_tag=x86-large compatible_tags=[x86-tiny/gpu/nvidia arm-tiny x86-large x86-tiny]
2026/07/06 18:29:17 Candidate has: 512 MB free memory. Function needs: 128 MB
2026/07/06 18:29:17 [LB] Selected target for function 'mab_cost_aware_1783355337': target_tag=x86-large candidate=xRr5jbhHAXQZLSnr8btjbk1783355341324487014 candidate_tag=x86-large
2026/07/06 18:29:17 [LB-Update] Node xRr5jbhHAXQZLSnr8btjbk1783355341324487014 reported 512 MB free
2026/07/06 18:29:17 [MAB] event=reward_breakdown ts=1783355357774 policy=UCB1 function=mab_cost_aware_1783355337 arm=x86-large base_tag=x86-large architecture=x86 specialization=large capabilities=[] duration_ms=2.981532 latency_reward=-1.092437 cost_weight=0.000000 cost_factor=1.200000 cost_term=0.000000 energy_weight=0.000000 energy_factor=1.200000 energy_term=0.000000 memory_weight=0.000000 memory_penalty=0.000000 memory_term=0.000000 final_reward=-1.092437
2026/07/06 18:29:17 [MAB] event=update_reward ts=1783355357774 policy=UCB1 function=mab_cost_aware_1783355337 arm=x86-large duration_ms=2.981532 warm_start=true reward=-1.092437 count=4 avg_reward=-1.160894 total_counts=17
2026/07/06 18:29:17 [LB] Compatible tag found: function=mab_cost_aware_1783355337 tag=x86-tiny/gpu/nvidia arch=amd64 pattern="" ring_size=1
2026/07/06 18:29:17 [LB] Compatible tag found: function=mab_cost_aware_1783355337 tag=arm-tiny arch=amd64 pattern="" ring_size=1
2026/07/06 18:29:17 [LB] Compatible tag found: function=mab_cost_aware_1783355337 tag=x86-large arch=amd64 pattern="" ring_size=1
2026/07/06 18:29:17 [LB] Compatible tag found: function=mab_cost_aware_1783355337 tag=x86-tiny arch=amd64 pattern="" ring_size=1
2026/07/06 18:29:17 [LB] Compatible tags for function 'mab_cost_aware_1783355337': [x86-tiny/gpu/nvidia arm-tiny x86-large x86-tiny]
2026/07/06 18:29:17 [LB][MAB] event=before_select function=mab_cost_aware_1783355337 compatible_tags=[x86-tiny/gpu/nvidia arm-tiny x86-large x86-tiny] has_context=true
2026/07/06 18:29:17 [MAB] event=arm_score ts=1783355357994 policy=UCB1 function=mab_cost_aware_1783355337 arm=x86-large score=-0.487608 count=4 avg_reward=-1.160894 total_counts=17
2026/07/06 18:29:17 [MAB] event=arm_score ts=1783355357994 policy=UCB1 function=mab_cost_aware_1783355337 arm=x86-tiny score=-0.423913 count=4 avg_reward=-1.097199 total_counts=17
2026/07/06 18:29:17 [MAB] event=arm_score ts=1783355357994 policy=UCB1 function=mab_cost_aware_1783355337 arm=x86-tiny/gpu/nvidia score=-0.415572 count=4 avg_reward=-1.088858 total_counts=17
2026/07/06 18:29:17 [MAB] event=arm_score ts=1783355357994 policy=UCB1 function=mab_cost_aware_1783355337 arm=arm-tiny score=-0.428237 count=5 avg_reward=-1.030442 total_counts=17
2026/07/06 18:29:17 [MAB] event=select_arm ts=1783355357994 policy=UCB1 function=mab_cost_aware_1783355337 selected_arm=x86-tiny/gpu/nvidia reason=ucb_score score=-0.415572 total_counts=17 arms=[arm-tiny,x86-large,x86-tiny,x86-tiny/gpu/nvidia]
2026/07/06 18:29:17 [LB][MAB] event=after_select function=mab_cost_aware_1783355337 selected_tag=x86-tiny/gpu/nvidia compatible_tags=[x86-tiny/gpu/nvidia arm-tiny x86-large x86-tiny]
2026/07/06 18:29:17 Candidate has: 512 MB free memory. Function needs: 128 MB
2026/07/06 18:29:17 [LB] Selected target for function 'mab_cost_aware_1783355337': target_tag=x86-tiny/gpu/nvidia candidate=DvoAKoY3Ri96uiPJTCYxsm1783355341326237908 candidate_tag=x86-tiny/gpu/nvidia
2026/07/06 18:29:17 [LB-Update] Node DvoAKoY3Ri96uiPJTCYxsm1783355341326237908 reported 512 MB free
2026/07/06 18:29:17 [MAB] event=reward_breakdown ts=1783355357999 policy=UCB1 function=mab_cost_aware_1783355337 arm=x86-tiny/gpu/nvidia base_tag=x86-tiny architecture=x86 specialization=tiny capabilities=[gpu,nvidia] duration_ms=3.385545 latency_reward=-1.219515 cost_weight=0.000000 cost_factor=1.600000 cost_term=0.000000 energy_weight=0.000000 energy_factor=1.800000 energy_term=0.000000 memory_weight=0.000000 memory_penalty=0.000000 memory_term=0.000000 final_reward=-1.219515
2026/07/06 18:29:17 [MAB] event=update_reward ts=1783355357999 policy=UCB1 function=mab_cost_aware_1783355337 arm=x86-tiny/gpu/nvidia duration_ms=3.385545 warm_start=true reward=-1.219515 count=5 avg_reward=-1.114990 total_counts=18
2026/07/06 18:29:18 [LB] Compatible tag found: function=mab_cost_aware_1783355337 tag=x86-tiny/gpu/nvidia arch=amd64 pattern="" ring_size=1
2026/07/06 18:29:18 [LB] Compatible tag found: function=mab_cost_aware_1783355337 tag=arm-tiny arch=amd64 pattern="" ring_size=1
2026/07/06 18:29:18 [LB] Compatible tag found: function=mab_cost_aware_1783355337 tag=x86-large arch=amd64 pattern="" ring_size=1
2026/07/06 18:29:18 [LB] Compatible tag found: function=mab_cost_aware_1783355337 tag=x86-tiny arch=amd64 pattern="" ring_size=1
2026/07/06 18:29:18 [LB] Compatible tags for function 'mab_cost_aware_1783355337': [x86-tiny/gpu/nvidia arm-tiny x86-large x86-tiny]
2026/07/06 18:29:18 [LB][MAB] event=before_select function=mab_cost_aware_1783355337 compatible_tags=[x86-tiny/gpu/nvidia arm-tiny x86-large x86-tiny] has_context=true
2026/07/06 18:29:18 [MAB] event=arm_score ts=1783355358218 policy=UCB1 function=mab_cost_aware_1783355337 arm=x86-tiny/gpu/nvidia score=-0.506740 count=5 avg_reward=-1.114990 total_counts=18
2026/07/06 18:29:18 [MAB] event=arm_score ts=1783355358218 policy=UCB1 function=mab_cost_aware_1783355337 arm=arm-tiny score=-0.422192 count=5 avg_reward=-1.030442 total_counts=18
2026/07/06 18:29:18 [MAB] event=arm_score ts=1783355358218 policy=UCB1 function=mab_cost_aware_1783355337 arm=x86-large score=-0.480850 count=4 avg_reward=-1.160894 total_counts=18
2026/07/06 18:29:18 [MAB] event=arm_score ts=1783355358218 policy=UCB1 function=mab_cost_aware_1783355337 arm=x86-tiny score=-0.417155 count=4 avg_reward=-1.097199 total_counts=18
2026/07/06 18:29:18 [MAB] event=select_arm ts=1783355358218 policy=UCB1 function=mab_cost_aware_1783355337 selected_arm=x86-tiny reason=ucb_score score=-0.417155 total_counts=18 arms=[arm-tiny,x86-large,x86-tiny,x86-tiny/gpu/nvidia]
2026/07/06 18:29:18 [LB][MAB] event=after_select function=mab_cost_aware_1783355337 selected_tag=x86-tiny compatible_tags=[x86-tiny/gpu/nvidia arm-tiny x86-large x86-tiny]
2026/07/06 18:29:18 Candidate has: 512 MB free memory. Function needs: 128 MB
2026/07/06 18:29:18 [LB] Selected target for function 'mab_cost_aware_1783355337': target_tag=x86-tiny candidate=fEFRxvzyvoNqYEJ4gkUx2o1783355341321547100 candidate_tag=x86-tiny
2026/07/06 18:29:18 [LB-Update] Node fEFRxvzyvoNqYEJ4gkUx2o1783355341321547100 reported 512 MB free
2026/07/06 18:29:18 [MAB] event=reward_breakdown ts=1783355358220 policy=UCB1 function=mab_cost_aware_1783355337 arm=x86-tiny base_tag=x86-tiny architecture=x86 specialization=tiny capabilities=[] duration_ms=1.942777 latency_reward=-0.664118 cost_weight=0.000000 cost_factor=0.400000 cost_term=0.000000 energy_weight=0.000000 energy_factor=1.000000 energy_term=0.000000 memory_weight=0.000000 memory_penalty=0.000000 memory_term=0.000000 final_reward=-0.664118
2026/07/06 18:29:18 [MAB] event=update_reward ts=1783355358220 policy=UCB1 function=mab_cost_aware_1783355337 arm=x86-tiny duration_ms=1.942777 warm_start=true reward=-0.664118 count=5 avg_reward=-1.010583 total_counts=19
2026/07/06 18:29:18 [LB]: Periodic targets update
2026/07/06 18:29:18 Found target: vKpVjum8by27PngFGoYpfA1783355341327784155
2026/07/06 18:29:18 Found target: xRr5jbhHAXQZLSnr8btjbk1783355341324487014
2026/07/06 18:29:18 Found target: fEFRxvzyvoNqYEJ4gkUx2o1783355341321547100
2026/07/06 18:29:18 Found target: DvoAKoY3Ri96uiPJTCYxsm1783355341326237908
2026/07/06 18:29:18 Found 4 targets
2026/07/06 18:29:18 [LB] Compatible tag found: function=mab_cost_aware_1783355337 tag=x86-tiny/gpu/nvidia arch=amd64 pattern="" ring_size=1
2026/07/06 18:29:18 [LB] Compatible tag found: function=mab_cost_aware_1783355337 tag=arm-tiny arch=amd64 pattern="" ring_size=1
2026/07/06 18:29:18 [LB] Compatible tag found: function=mab_cost_aware_1783355337 tag=x86-large arch=amd64 pattern="" ring_size=1
2026/07/06 18:29:18 [LB] Compatible tag found: function=mab_cost_aware_1783355337 tag=x86-tiny arch=amd64 pattern="" ring_size=1
2026/07/06 18:29:18 [LB] Compatible tags for function 'mab_cost_aware_1783355337': [x86-tiny/gpu/nvidia arm-tiny x86-large x86-tiny]
2026/07/06 18:29:18 [LB][MAB] event=before_select function=mab_cost_aware_1783355337 compatible_tags=[x86-tiny/gpu/nvidia arm-tiny x86-large x86-tiny] has_context=true
2026/07/06 18:29:18 [MAB] event=arm_score ts=1783355358434 policy=UCB1 function=mab_cost_aware_1783355337 arm=x86-tiny/gpu/nvidia score=-0.501078 count=5 avg_reward=-1.114990 total_counts=19
2026/07/06 18:29:18 [MAB] event=arm_score ts=1783355358434 policy=UCB1 function=mab_cost_aware_1783355337 arm=arm-tiny score=-0.416530 count=5 avg_reward=-1.030442 total_counts=19
2026/07/06 18:29:18 [MAB] event=arm_score ts=1783355358434 policy=UCB1 function=mab_cost_aware_1783355337 arm=x86-large score=-0.474519 count=4 avg_reward=-1.160894 total_counts=19
2026/07/06 18:29:18 [MAB] event=arm_score ts=1783355358434 policy=UCB1 function=mab_cost_aware_1783355337 arm=x86-tiny score=-0.396671 count=5 avg_reward=-1.010583 total_counts=19
2026/07/06 18:29:18 [MAB] event=select_arm ts=1783355358434 policy=UCB1 function=mab_cost_aware_1783355337 selected_arm=x86-tiny reason=ucb_score score=-0.396671 total_counts=19 arms=[arm-tiny,x86-large,x86-tiny,x86-tiny/gpu/nvidia]
2026/07/06 18:29:18 [LB][MAB] event=after_select function=mab_cost_aware_1783355337 selected_tag=x86-tiny compatible_tags=[x86-tiny/gpu/nvidia arm-tiny x86-large x86-tiny]
2026/07/06 18:29:18 Candidate has: 512 MB free memory. Function needs: 128 MB
2026/07/06 18:29:18 [LB] Selected target for function 'mab_cost_aware_1783355337': target_tag=x86-tiny candidate=fEFRxvzyvoNqYEJ4gkUx2o1783355341321547100 candidate_tag=x86-tiny
2026/07/06 18:29:18 [LB-Update] Node fEFRxvzyvoNqYEJ4gkUx2o1783355341321547100 reported 512 MB free
2026/07/06 18:29:18 [MAB] event=reward_breakdown ts=1783355358437 policy=UCB1 function=mab_cost_aware_1783355337 arm=x86-tiny base_tag=x86-tiny architecture=x86 specialization=tiny capabilities=[] duration_ms=2.314131 latency_reward=-0.839034 cost_weight=0.000000 cost_factor=0.400000 cost_term=0.000000 energy_weight=0.000000 energy_factor=1.000000 energy_term=0.000000 memory_weight=0.000000 memory_penalty=0.000000 memory_term=0.000000 final_reward=-0.839034
2026/07/06 18:29:18 [MAB] event=update_reward ts=1783355358437 policy=UCB1 function=mab_cost_aware_1783355337 arm=x86-tiny duration_ms=2.314131 warm_start=true reward=-0.839034 count=6 avg_reward=-0.981991 total_counts=20
2026/07/06 18:29:18 [LB] Compatible tag found: function=mab_cost_aware_1783355337 tag=x86-tiny/gpu/nvidia arch=amd64 pattern="" ring_size=1
2026/07/06 18:29:18 [LB] Compatible tag found: function=mab_cost_aware_1783355337 tag=arm-tiny arch=amd64 pattern="" ring_size=1
2026/07/06 18:29:18 [LB] Compatible tag found: function=mab_cost_aware_1783355337 tag=x86-large arch=amd64 pattern="" ring_size=1
2026/07/06 18:29:18 [LB] Compatible tag found: function=mab_cost_aware_1783355337 tag=x86-tiny arch=amd64 pattern="" ring_size=1
2026/07/06 18:29:18 [LB] Compatible tags for function 'mab_cost_aware_1783355337': [x86-tiny/gpu/nvidia arm-tiny x86-large x86-tiny]
2026/07/06 18:29:18 [LB][MAB] event=before_select function=mab_cost_aware_1783355337 compatible_tags=[x86-tiny/gpu/nvidia arm-tiny x86-large x86-tiny] has_context=true
2026/07/06 18:29:18 [MAB] event=arm_score ts=1783355358649 policy=UCB1 function=mab_cost_aware_1783355337 arm=x86-tiny/gpu/nvidia score=-0.495753 count=5 avg_reward=-1.114990 total_counts=20
2026/07/06 18:29:18 [MAB] event=arm_score ts=1783355358649 policy=UCB1 function=mab_cost_aware_1783355337 arm=arm-tiny score=-0.411205 count=5 avg_reward=-1.030442 total_counts=20
2026/07/06 18:29:18 [MAB] event=arm_score ts=1783355358649 policy=UCB1 function=mab_cost_aware_1783355337 arm=x86-large score=-0.468567 count=4 avg_reward=-1.160894 total_counts=20
2026/07/06 18:29:18 [MAB] event=arm_score ts=1783355358649 policy=UCB1 function=mab_cost_aware_1783355337 arm=x86-tiny score=-0.416708 count=6 avg_reward=-0.981991 total_counts=20
2026/07/06 18:29:18 [MAB] event=select_arm ts=1783355358649 policy=UCB1 function=mab_cost_aware_1783355337 selected_arm=arm-tiny reason=ucb_score score=-0.411205 total_counts=20 arms=[arm-tiny,x86-large,x86-tiny,x86-tiny/gpu/nvidia]
2026/07/06 18:29:18 [LB][MAB] event=after_select function=mab_cost_aware_1783355337 selected_tag=arm-tiny compatible_tags=[x86-tiny/gpu/nvidia arm-tiny x86-large x86-tiny]
2026/07/06 18:29:18 Candidate has: 512 MB free memory. Function needs: 128 MB
2026/07/06 18:29:18 [LB] Selected target for function 'mab_cost_aware_1783355337': target_tag=arm-tiny candidate=vKpVjum8by27PngFGoYpfA1783355341327784155 candidate_tag=arm-tiny
2026/07/06 18:29:18 [LB-Update] Node vKpVjum8by27PngFGoYpfA1783355341327784155 reported 512 MB free
2026/07/06 18:29:18 [MAB] event=reward_breakdown ts=1783355358652 policy=UCB1 function=mab_cost_aware_1783355337 arm=arm-tiny base_tag=arm-tiny architecture=arm specialization=tiny capabilities=[] duration_ms=2.433450 latency_reward=-0.889310 cost_weight=0.000000 cost_factor=0.400000 cost_term=0.000000 energy_weight=0.000000 energy_factor=0.600000 energy_term=0.000000 memory_weight=0.000000 memory_penalty=0.000000 memory_term=0.000000 final_reward=-0.889310
2026/07/06 18:29:18 [MAB] event=update_reward ts=1783355358652 policy=UCB1 function=mab_cost_aware_1783355337 arm=arm-tiny duration_ms=2.433450 warm_start=true reward=-0.889310 count=6 avg_reward=-1.006920 total_counts=21
2026/07/06 18:29:18 [LB] Compatible tag found: function=mab_cost_aware_1783355337 tag=x86-tiny/gpu/nvidia arch=amd64 pattern="" ring_size=1
2026/07/06 18:29:18 [LB] Compatible tag found: function=mab_cost_aware_1783355337 tag=arm-tiny arch=amd64 pattern="" ring_size=1
2026/07/06 18:29:18 [LB] Compatible tag found: function=mab_cost_aware_1783355337 tag=x86-large arch=amd64 pattern="" ring_size=1
2026/07/06 18:29:18 [LB] Compatible tag found: function=mab_cost_aware_1783355337 tag=x86-tiny arch=amd64 pattern="" ring_size=1
2026/07/06 18:29:18 [LB] Compatible tags for function 'mab_cost_aware_1783355337': [x86-tiny/gpu/nvidia arm-tiny x86-large x86-tiny]
2026/07/06 18:29:18 [LB][MAB] event=before_select function=mab_cost_aware_1783355337 compatible_tags=[x86-tiny/gpu/nvidia arm-tiny x86-large x86-tiny] has_context=true
2026/07/06 18:29:18 [MAB] event=arm_score ts=1783355358877 policy=UCB1 function=mab_cost_aware_1783355337 arm=x86-tiny/gpu/nvidia score=-0.490731 count=5 avg_reward=-1.114990 total_counts=21
2026/07/06 18:29:18 [MAB] event=arm_score ts=1783355358877 policy=UCB1 function=mab_cost_aware_1783355337 arm=arm-tiny score=-0.437052 count=6 avg_reward=-1.006920 total_counts=21
2026/07/06 18:29:18 [MAB] event=arm_score ts=1783355358877 policy=UCB1 function=mab_cost_aware_1783355337 arm=x86-large score=-0.462952 count=4 avg_reward=-1.160894 total_counts=21
2026/07/06 18:29:18 [MAB] event=arm_score ts=1783355358877 policy=UCB1 function=mab_cost_aware_1783355337 arm=x86-tiny score=-0.412124 count=6 avg_reward=-0.981991 total_counts=21
2026/07/06 18:29:18 [MAB] event=select_arm ts=1783355358877 policy=UCB1 function=mab_cost_aware_1783355337 selected_arm=x86-tiny reason=ucb_score score=-0.412124 total_counts=21 arms=[arm-tiny,x86-large,x86-tiny,x86-tiny/gpu/nvidia]
2026/07/06 18:29:18 [LB][MAB] event=after_select function=mab_cost_aware_1783355337 selected_tag=x86-tiny compatible_tags=[x86-tiny/gpu/nvidia arm-tiny x86-large x86-tiny]
2026/07/06 18:29:18 Candidate has: 512 MB free memory. Function needs: 128 MB
2026/07/06 18:29:18 [LB] Selected target for function 'mab_cost_aware_1783355337': target_tag=x86-tiny candidate=fEFRxvzyvoNqYEJ4gkUx2o1783355341321547100 candidate_tag=x86-tiny
2026/07/06 18:29:18 [LB-Update] Node fEFRxvzyvoNqYEJ4gkUx2o1783355341321547100 reported 512 MB free
2026/07/06 18:29:18 [MAB] event=reward_breakdown ts=1783355358881 policy=UCB1 function=mab_cost_aware_1783355337 arm=x86-tiny base_tag=x86-tiny architecture=x86 specialization=tiny capabilities=[] duration_ms=3.331410 latency_reward=-1.203396 cost_weight=0.000000 cost_factor=0.400000 cost_term=0.000000 energy_weight=0.000000 energy_factor=1.000000 energy_term=0.000000 memory_weight=0.000000 memory_penalty=0.000000 memory_term=0.000000 final_reward=-1.203396
2026/07/06 18:29:18 [MAB] event=update_reward ts=1783355358881 policy=UCB1 function=mab_cost_aware_1783355337 arm=x86-tiny duration_ms=3.331410 warm_start=true reward=-1.203396 count=7 avg_reward=-1.013621 total_counts=22
2026/07/06 18:29:19 [LB] Compatible tag found: function=mab_cost_aware_1783355337 tag=x86-tiny/gpu/nvidia arch=amd64 pattern="" ring_size=1
2026/07/06 18:29:19 [LB] Compatible tag found: function=mab_cost_aware_1783355337 tag=arm-tiny arch=amd64 pattern="" ring_size=1
2026/07/06 18:29:19 [LB] Compatible tag found: function=mab_cost_aware_1783355337 tag=x86-large arch=amd64 pattern="" ring_size=1
2026/07/06 18:29:19 [LB] Compatible tag found: function=mab_cost_aware_1783355337 tag=x86-tiny arch=amd64 pattern="" ring_size=1
2026/07/06 18:29:19 [LB] Compatible tags for function 'mab_cost_aware_1783355337': [x86-tiny/gpu/nvidia arm-tiny x86-large x86-tiny]
2026/07/06 18:29:19 [LB][MAB] event=before_select function=mab_cost_aware_1783355337 compatible_tags=[x86-tiny/gpu/nvidia arm-tiny x86-large x86-tiny] has_context=true
2026/07/06 18:29:19 [MAB] event=arm_score ts=1783355359106 policy=UCB1 function=mab_cost_aware_1783355337 arm=arm-tiny score=-0.432715 count=6 avg_reward=-1.006920 total_counts=22
2026/07/06 18:29:19 [MAB] event=arm_score ts=1783355359106 policy=UCB1 function=mab_cost_aware_1783355337 arm=x86-large score=-0.457640 count=4 avg_reward=-1.160894 total_counts=22
2026/07/06 18:29:19 [MAB] event=arm_score ts=1783355359106 policy=UCB1 function=mab_cost_aware_1783355337 arm=x86-tiny score=-0.482010 count=7 avg_reward=-1.013621 total_counts=22
2026/07/06 18:29:19 [MAB] event=arm_score ts=1783355359106 policy=UCB1 function=mab_cost_aware_1783355337 arm=x86-tiny/gpu/nvidia score=-0.485980 count=5 avg_reward=-1.114990 total_counts=22
2026/07/06 18:29:19 [MAB] event=select_arm ts=1783355359106 policy=UCB1 function=mab_cost_aware_1783355337 selected_arm=arm-tiny reason=ucb_score score=-0.432715 total_counts=22 arms=[arm-tiny,x86-large,x86-tiny,x86-tiny/gpu/nvidia]
2026/07/06 18:29:19 [LB][MAB] event=after_select function=mab_cost_aware_1783355337 selected_tag=arm-tiny compatible_tags=[x86-tiny/gpu/nvidia arm-tiny x86-large x86-tiny]
2026/07/06 18:29:19 Candidate has: 512 MB free memory. Function needs: 128 MB
2026/07/06 18:29:19 [LB] Selected target for function 'mab_cost_aware_1783355337': target_tag=arm-tiny candidate=vKpVjum8by27PngFGoYpfA1783355341327784155 candidate_tag=arm-tiny
2026/07/06 18:29:19 [LB-Update] Node vKpVjum8by27PngFGoYpfA1783355341327784155 reported 512 MB free
2026/07/06 18:29:19 [MAB] event=reward_breakdown ts=1783355359110 policy=UCB1 function=mab_cost_aware_1783355337 arm=arm-tiny base_tag=arm-tiny architecture=arm specialization=tiny capabilities=[] duration_ms=2.529670 latency_reward=-0.928089 cost_weight=0.000000 cost_factor=0.400000 cost_term=0.000000 energy_weight=0.000000 energy_factor=0.600000 energy_term=0.000000 memory_weight=0.000000 memory_penalty=0.000000 memory_term=0.000000 final_reward=-0.928089
2026/07/06 18:29:19 [MAB] event=update_reward ts=1783355359110 policy=UCB1 function=mab_cost_aware_1783355337 arm=arm-tiny duration_ms=2.529670 warm_start=true reward=-0.928089 count=7 avg_reward=-0.995658 total_counts=23
2026/07/06 18:29:19 [LB] Compatible tag found: function=mab_cost_aware_1783355337 tag=x86-tiny/gpu/nvidia arch=amd64 pattern="" ring_size=1
2026/07/06 18:29:19 [LB] Compatible tag found: function=mab_cost_aware_1783355337 tag=arm-tiny arch=amd64 pattern="" ring_size=1
2026/07/06 18:29:19 [LB] Compatible tag found: function=mab_cost_aware_1783355337 tag=x86-large arch=amd64 pattern="" ring_size=1
2026/07/06 18:29:19 [LB] Compatible tag found: function=mab_cost_aware_1783355337 tag=x86-tiny arch=amd64 pattern="" ring_size=1
2026/07/06 18:29:19 [LB] Compatible tags for function 'mab_cost_aware_1783355337': [x86-tiny/gpu/nvidia arm-tiny x86-large x86-tiny]
2026/07/06 18:29:19 [LB][MAB] event=before_select function=mab_cost_aware_1783355337 compatible_tags=[x86-tiny/gpu/nvidia arm-tiny x86-large x86-tiny] has_context=true
2026/07/06 18:29:19 [MAB] event=arm_score ts=1783355359331 policy=UCB1 function=mab_cost_aware_1783355337 arm=x86-tiny/gpu/nvidia score=-0.481473 count=5 avg_reward=-1.114990 total_counts=23
2026/07/06 18:29:19 [MAB] event=arm_score ts=1783355359331 policy=UCB1 function=mab_cost_aware_1783355337 arm=arm-tiny score=-0.460239 count=7 avg_reward=-0.995658 total_counts=23
2026/07/06 18:29:19 [MAB] event=arm_score ts=1783355359331 policy=UCB1 function=mab_cost_aware_1783355337 arm=x86-large score=-0.452601 count=4 avg_reward=-1.160894 total_counts=23
2026/07/06 18:29:19 [MAB] event=arm_score ts=1783355359331 policy=UCB1 function=mab_cost_aware_1783355337 arm=x86-tiny score=-0.478201 count=7 avg_reward=-1.013621 total_counts=23
2026/07/06 18:29:19 [MAB] event=select_arm ts=1783355359331 policy=UCB1 function=mab_cost_aware_1783355337 selected_arm=x86-large reason=ucb_score score=-0.452601 total_counts=23 arms=[arm-tiny,x86-large,x86-tiny,x86-tiny/gpu/nvidia]
2026/07/06 18:29:19 [LB][MAB] event=after_select function=mab_cost_aware_1783355337 selected_tag=x86-large compatible_tags=[x86-tiny/gpu/nvidia arm-tiny x86-large x86-tiny]
2026/07/06 18:29:19 Candidate has: 512 MB free memory. Function needs: 128 MB
2026/07/06 18:29:19 [LB] Selected target for function 'mab_cost_aware_1783355337': target_tag=x86-large candidate=xRr5jbhHAXQZLSnr8btjbk1783355341324487014 candidate_tag=x86-large
2026/07/06 18:29:19 [LB-Update] Node xRr5jbhHAXQZLSnr8btjbk1783355341324487014 reported 512 MB free
2026/07/06 18:29:19 [MAB] event=reward_breakdown ts=1783355359335 policy=UCB1 function=mab_cost_aware_1783355337 arm=x86-large base_tag=x86-large architecture=x86 specialization=large capabilities=[] duration_ms=3.183750 latency_reward=-1.158060 cost_weight=0.000000 cost_factor=1.200000 cost_term=0.000000 energy_weight=0.000000 energy_factor=1.200000 energy_term=0.000000 memory_weight=0.000000 memory_penalty=0.000000 memory_term=0.000000 final_reward=-1.158060
2026/07/06 18:29:19 [MAB] event=update_reward ts=1783355359335 policy=UCB1 function=mab_cost_aware_1783355337 arm=x86-large duration_ms=3.183750 warm_start=true reward=-1.158060 count=5 avg_reward=-1.160327 total_counts=24
2026/07/06 18:29:19 [LB] Compatible tag found: function=mab_cost_aware_1783355337 tag=x86-tiny/gpu/nvidia arch=amd64 pattern="" ring_size=1
2026/07/06 18:29:19 [LB] Compatible tag found: function=mab_cost_aware_1783355337 tag=arm-tiny arch=amd64 pattern="" ring_size=1
2026/07/06 18:29:19 [LB] Compatible tag found: function=mab_cost_aware_1783355337 tag=x86-large arch=amd64 pattern="" ring_size=1
2026/07/06 18:29:19 [LB] Compatible tag found: function=mab_cost_aware_1783355337 tag=x86-tiny arch=amd64 pattern="" ring_size=1
2026/07/06 18:29:19 [LB] Compatible tags for function 'mab_cost_aware_1783355337': [x86-tiny/gpu/nvidia arm-tiny x86-large x86-tiny]
2026/07/06 18:29:19 [LB][MAB] event=before_select function=mab_cost_aware_1783355337 compatible_tags=[x86-tiny/gpu/nvidia arm-tiny x86-large x86-tiny] has_context=true
2026/07/06 18:29:19 [MAB] event=arm_score ts=1783355359553 policy=UCB1 function=mab_cost_aware_1783355337 arm=x86-tiny/gpu/nvidia score=-0.477188 count=5 avg_reward=-1.114990 total_counts=24
2026/07/06 18:29:19 [MAB] event=arm_score ts=1783355359553 policy=UCB1 function=mab_cost_aware_1783355337 arm=arm-tiny score=-0.456618 count=7 avg_reward=-0.995658 total_counts=24
2026/07/06 18:29:19 [MAB] event=arm_score ts=1783355359553 policy=UCB1 function=mab_cost_aware_1783355337 arm=x86-large score=-0.522526 count=5 avg_reward=-1.160327 total_counts=24
2026/07/06 18:29:19 [MAB] event=arm_score ts=1783355359553 policy=UCB1 function=mab_cost_aware_1783355337 arm=x86-tiny score=-0.474580 count=7 avg_reward=-1.013621 total_counts=24
2026/07/06 18:29:19 [MAB] event=select_arm ts=1783355359553 policy=UCB1 function=mab_cost_aware_1783355337 selected_arm=arm-tiny reason=ucb_score score=-0.456618 total_counts=24 arms=[arm-tiny,x86-large,x86-tiny,x86-tiny/gpu/nvidia]
2026/07/06 18:29:19 [LB][MAB] event=after_select function=mab_cost_aware_1783355337 selected_tag=arm-tiny compatible_tags=[x86-tiny/gpu/nvidia arm-tiny x86-large x86-tiny]
2026/07/06 18:29:19 Candidate has: 512 MB free memory. Function needs: 128 MB
2026/07/06 18:29:19 [LB] Selected target for function 'mab_cost_aware_1783355337': target_tag=arm-tiny candidate=vKpVjum8by27PngFGoYpfA1783355341327784155 candidate_tag=arm-tiny
2026/07/06 18:29:19 [LB-Update] Node vKpVjum8by27PngFGoYpfA1783355341327784155 reported 512 MB free
2026/07/06 18:29:19 [MAB] event=reward_breakdown ts=1783355359556 policy=UCB1 function=mab_cost_aware_1783355337 arm=arm-tiny base_tag=arm-tiny architecture=arm specialization=tiny capabilities=[] duration_ms=2.595779 latency_reward=-0.953887 cost_weight=0.000000 cost_factor=0.400000 cost_term=0.000000 energy_weight=0.000000 energy_factor=0.600000 energy_term=0.000000 memory_weight=0.000000 memory_penalty=0.000000 memory_term=0.000000 final_reward=-0.953887
2026/07/06 18:29:19 [MAB] event=update_reward ts=1783355359556 policy=UCB1 function=mab_cost_aware_1783355337 arm=arm-tiny duration_ms=2.595779 warm_start=true reward=-0.953887 count=8 avg_reward=-0.990437 total_counts=25
2026/07/06 18:29:19 [LB] Compatible tag found: function=mab_cost_aware_1783355337 tag=x86-tiny/gpu/nvidia arch=amd64 pattern="" ring_size=1
2026/07/06 18:29:19 [LB] Compatible tag found: function=mab_cost_aware_1783355337 tag=arm-tiny arch=amd64 pattern="" ring_size=1
2026/07/06 18:29:19 [LB] Compatible tag found: function=mab_cost_aware_1783355337 tag=x86-large arch=amd64 pattern="" ring_size=1
2026/07/06 18:29:19 [LB] Compatible tag found: function=mab_cost_aware_1783355337 tag=x86-tiny arch=amd64 pattern="" ring_size=1
2026/07/06 18:29:19 [LB] Compatible tags for function 'mab_cost_aware_1783355337': [x86-tiny/gpu/nvidia arm-tiny x86-large x86-tiny]
2026/07/06 18:29:19 [LB][MAB] event=before_select function=mab_cost_aware_1783355337 compatible_tags=[x86-tiny/gpu/nvidia arm-tiny x86-large x86-tiny] has_context=true
2026/07/06 18:29:19 [MAB] event=arm_score ts=1783355359781 policy=UCB1 function=mab_cost_aware_1783355337 arm=x86-tiny/gpu/nvidia score=-0.473105 count=5 avg_reward=-1.114990 total_counts=25
2026/07/06 18:29:19 [MAB] event=arm_score ts=1783355359781 policy=UCB1 function=mab_cost_aware_1783355337 arm=arm-tiny score=-0.482982 count=8 avg_reward=-0.990437 total_counts=25
2026/07/06 18:29:19 [MAB] event=arm_score ts=1783355359781 policy=UCB1 function=mab_cost_aware_1783355337 arm=x86-large score=-0.518442 count=5 avg_reward=-1.160327 total_counts=25
2026/07/06 18:29:19 [MAB] event=arm_score ts=1783355359781 policy=UCB1 function=mab_cost_aware_1783355337 arm=x86-tiny score=-0.471129 count=7 avg_reward=-1.013621 total_counts=25
2026/07/06 18:29:19 [MAB] event=select_arm ts=1783355359781 policy=UCB1 function=mab_cost_aware_1783355337 selected_arm=x86-tiny reason=ucb_score score=-0.471129 total_counts=25 arms=[arm-tiny,x86-large,x86-tiny,x86-tiny/gpu/nvidia]
2026/07/06 18:29:19 [LB][MAB] event=after_select function=mab_cost_aware_1783355337 selected_tag=x86-tiny compatible_tags=[x86-tiny/gpu/nvidia arm-tiny x86-large x86-tiny]
2026/07/06 18:29:19 Candidate has: 512 MB free memory. Function needs: 128 MB
2026/07/06 18:29:19 [LB] Selected target for function 'mab_cost_aware_1783355337': target_tag=x86-tiny candidate=fEFRxvzyvoNqYEJ4gkUx2o1783355341321547100 candidate_tag=x86-tiny
2026/07/06 18:29:19 [LB-Update] Node fEFRxvzyvoNqYEJ4gkUx2o1783355341321547100 reported 512 MB free
2026/07/06 18:29:19 [MAB] event=reward_breakdown ts=1783355359786 policy=UCB1 function=mab_cost_aware_1783355337 arm=x86-tiny base_tag=x86-tiny architecture=x86 specialization=tiny capabilities=[] duration_ms=3.288470 latency_reward=-1.190422 cost_weight=0.000000 cost_factor=0.400000 cost_term=0.000000 energy_weight=0.000000 energy_factor=1.000000 energy_term=0.000000 memory_weight=0.000000 memory_penalty=0.000000 memory_term=0.000000 final_reward=-1.190422
2026/07/06 18:29:19 [MAB] event=update_reward ts=1783355359786 policy=UCB1 function=mab_cost_aware_1783355337 arm=x86-tiny duration_ms=3.288470 warm_start=true reward=-1.190422 count=8 avg_reward=-1.035721 total_counts=26
2026/07/06 18:29:20 [LB] Compatible tag found: function=mab_cost_aware_1783355337 tag=x86-tiny/gpu/nvidia arch=amd64 pattern="" ring_size=1
2026/07/06 18:29:20 [LB] Compatible tag found: function=mab_cost_aware_1783355337 tag=arm-tiny arch=amd64 pattern="" ring_size=1
2026/07/06 18:29:20 [LB] Compatible tag found: function=mab_cost_aware_1783355337 tag=x86-large arch=amd64 pattern="" ring_size=1
2026/07/06 18:29:20 [LB] Compatible tag found: function=mab_cost_aware_1783355337 tag=x86-tiny arch=amd64 pattern="" ring_size=1
2026/07/06 18:29:20 [LB] Compatible tags for function 'mab_cost_aware_1783355337': [x86-tiny/gpu/nvidia arm-tiny x86-large x86-tiny]
2026/07/06 18:29:20 [LB][MAB] event=before_select function=mab_cost_aware_1783355337 compatible_tags=[x86-tiny/gpu/nvidia arm-tiny x86-large x86-tiny] has_context=true
2026/07/06 18:29:20 [MAB] event=arm_score ts=1783355360007 policy=UCB1 function=mab_cost_aware_1783355337 arm=x86-tiny/gpu/nvidia score=-0.469206 count=5 avg_reward=-1.114990 total_counts=26
2026/07/06 18:29:20 [MAB] event=arm_score ts=1783355360007 policy=UCB1 function=mab_cost_aware_1783355337 arm=arm-tiny score=-0.479900 count=8 avg_reward=-0.990437 total_counts=26
2026/07/06 18:29:20 [MAB] event=arm_score ts=1783355360007 policy=UCB1 function=mab_cost_aware_1783355337 arm=x86-large score=-0.514544 count=5 avg_reward=-1.160327 total_counts=26
2026/07/06 18:29:20 [MAB] event=arm_score ts=1783355360007 policy=UCB1 function=mab_cost_aware_1783355337 arm=x86-tiny score=-0.525184 count=8 avg_reward=-1.035721 total_counts=26
2026/07/06 18:29:20 [MAB] event=select_arm ts=1783355360007 policy=UCB1 function=mab_cost_aware_1783355337 selected_arm=x86-tiny/gpu/nvidia reason=ucb_score score=-0.469206 total_counts=26 arms=[arm-tiny,x86-large,x86-tiny,x86-tiny/gpu/nvidia]
2026/07/06 18:29:20 [LB][MAB] event=after_select function=mab_cost_aware_1783355337 selected_tag=x86-tiny/gpu/nvidia compatible_tags=[x86-tiny/gpu/nvidia arm-tiny x86-large x86-tiny]
2026/07/06 18:29:20 Candidate has: 512 MB free memory. Function needs: 128 MB
2026/07/06 18:29:20 [LB] Selected target for function 'mab_cost_aware_1783355337': target_tag=x86-tiny/gpu/nvidia candidate=DvoAKoY3Ri96uiPJTCYxsm1783355341326237908 candidate_tag=x86-tiny/gpu/nvidia
2026/07/06 18:29:20 [LB-Update] Node DvoAKoY3Ri96uiPJTCYxsm1783355341326237908 reported 512 MB free
2026/07/06 18:29:20 [MAB] event=reward_breakdown ts=1783355360011 policy=UCB1 function=mab_cost_aware_1783355337 arm=x86-tiny/gpu/nvidia base_tag=x86-tiny architecture=x86 specialization=tiny capabilities=[gpu,nvidia] duration_ms=3.293006 latency_reward=-1.191801 cost_weight=0.000000 cost_factor=1.600000 cost_term=0.000000 energy_weight=0.000000 energy_factor=1.800000 energy_term=0.000000 memory_weight=0.000000 memory_penalty=0.000000 memory_term=0.000000 final_reward=-1.191801
2026/07/06 18:29:20 [MAB] event=update_reward ts=1783355360011 policy=UCB1 function=mab_cost_aware_1783355337 arm=x86-tiny/gpu/nvidia duration_ms=3.293006 warm_start=true reward=-1.191801 count=6 avg_reward=-1.127792 total_counts=27
2026/07/06 18:29:20 [LB] Compatible tag found: function=mab_cost_aware_1783355337 tag=x86-tiny/gpu/nvidia arch=amd64 pattern="" ring_size=1
2026/07/06 18:29:20 [LB] Compatible tag found: function=mab_cost_aware_1783355337 tag=arm-tiny arch=amd64 pattern="" ring_size=1
2026/07/06 18:29:20 [LB] Compatible tag found: function=mab_cost_aware_1783355337 tag=x86-large arch=amd64 pattern="" ring_size=1
2026/07/06 18:29:20 [LB] Compatible tag found: function=mab_cost_aware_1783355337 tag=x86-tiny arch=amd64 pattern="" ring_size=1
2026/07/06 18:29:20 [LB] Compatible tags for function 'mab_cost_aware_1783355337': [x86-tiny/gpu/nvidia arm-tiny x86-large x86-tiny]
2026/07/06 18:29:20 [LB][MAB] event=before_select function=mab_cost_aware_1783355337 compatible_tags=[x86-tiny/gpu/nvidia arm-tiny x86-large x86-tiny] has_context=true
2026/07/06 18:29:20 [MAB] event=arm_score ts=1783355360231 policy=UCB1 function=mab_cost_aware_1783355337 arm=x86-tiny/gpu/nvidia score=-0.534870 count=6 avg_reward=-1.127792 total_counts=27
2026/07/06 18:29:20 [MAB] event=arm_score ts=1783355360231 policy=UCB1 function=mab_cost_aware_1783355337 arm=arm-tiny score=-0.476952 count=8 avg_reward=-0.990437 total_counts=27
2026/07/06 18:29:20 [MAB] event=arm_score ts=1783355360231 policy=UCB1 function=mab_cost_aware_1783355337 arm=x86-large score=-0.510814 count=5 avg_reward=-1.160327 total_counts=27
2026/07/06 18:29:20 [MAB] event=arm_score ts=1783355360231 policy=UCB1 function=mab_cost_aware_1783355337 arm=x86-tiny score=-0.522236 count=8 avg_reward=-1.035721 total_counts=27
2026/07/06 18:29:20 [MAB] event=select_arm ts=1783355360231 policy=UCB1 function=mab_cost_aware_1783355337 selected_arm=arm-tiny reason=ucb_score score=-0.476952 total_counts=27 arms=[arm-tiny,x86-large,x86-tiny,x86-tiny/gpu/nvidia]
2026/07/06 18:29:20 [LB][MAB] event=after_select function=mab_cost_aware_1783355337 selected_tag=arm-tiny compatible_tags=[x86-tiny/gpu/nvidia arm-tiny x86-large x86-tiny]
2026/07/06 18:29:20 Candidate has: 512 MB free memory. Function needs: 128 MB
2026/07/06 18:29:20 [LB] Selected target for function 'mab_cost_aware_1783355337': target_tag=arm-tiny candidate=vKpVjum8by27PngFGoYpfA1783355341327784155 candidate_tag=arm-tiny
2026/07/06 18:29:20 [LB-Update] Node vKpVjum8by27PngFGoYpfA1783355341327784155 reported 512 MB free
2026/07/06 18:29:20 [MAB] event=reward_breakdown ts=1783355360233 policy=UCB1 function=mab_cost_aware_1783355337 arm=arm-tiny base_tag=arm-tiny architecture=arm specialization=tiny capabilities=[] duration_ms=1.778579 latency_reward=-0.575815 cost_weight=0.000000 cost_factor=0.400000 cost_term=0.000000 energy_weight=0.000000 energy_factor=0.600000 energy_term=0.000000 memory_weight=0.000000 memory_penalty=0.000000 memory_term=0.000000 final_reward=-0.575815
2026/07/06 18:29:20 [MAB] event=update_reward ts=1783355360233 policy=UCB1 function=mab_cost_aware_1783355337 arm=arm-tiny duration_ms=1.778579 warm_start=true reward=-0.575815 count=9 avg_reward=-0.944368 total_counts=28
2026/07/06 18:29:20 [LB] Compatible tag found: function=mab_cost_aware_1783355337 tag=x86-tiny/gpu/nvidia arch=amd64 pattern="" ring_size=1
2026/07/06 18:29:20 [LB] Compatible tag found: function=mab_cost_aware_1783355337 tag=arm-tiny arch=amd64 pattern="" ring_size=1
2026/07/06 18:29:20 [LB] Compatible tag found: function=mab_cost_aware_1783355337 tag=x86-large arch=amd64 pattern="" ring_size=1
2026/07/06 18:29:20 [LB] Compatible tag found: function=mab_cost_aware_1783355337 tag=x86-tiny arch=amd64 pattern="" ring_size=1
2026/07/06 18:29:20 [LB] Compatible tags for function 'mab_cost_aware_1783355337': [x86-tiny/gpu/nvidia arm-tiny x86-large x86-tiny]
2026/07/06 18:29:20 [LB][MAB] event=before_select function=mab_cost_aware_1783355337 compatible_tags=[x86-tiny/gpu/nvidia arm-tiny x86-large x86-tiny] has_context=true
2026/07/06 18:29:20 [MAB] event=arm_score ts=1783355360455 policy=UCB1 function=mab_cost_aware_1783355337 arm=x86-tiny score=-0.519410 count=8 avg_reward=-1.035721 total_counts=28
2026/07/06 18:29:20 [MAB] event=arm_score ts=1783355360455 policy=UCB1 function=mab_cost_aware_1783355337 arm=x86-tiny/gpu/nvidia score=-0.531608 count=6 avg_reward=-1.127792 total_counts=28
2026/07/06 18:29:20 [MAB] event=arm_score ts=1783355360455 policy=UCB1 function=mab_cost_aware_1783355337 arm=arm-tiny score=-0.457586 count=9 avg_reward=-0.944368 total_counts=28
2026/07/06 18:29:20 [MAB] event=arm_score ts=1783355360455 policy=UCB1 function=mab_cost_aware_1783355337 arm=x86-large score=-0.507241 count=5 avg_reward=-1.160327 total_counts=28
2026/07/06 18:29:20 [MAB] event=select_arm ts=1783355360455 policy=UCB1 function=mab_cost_aware_1783355337 selected_arm=arm-tiny reason=ucb_score score=-0.457586 total_counts=28 arms=[arm-tiny,x86-large,x86-tiny,x86-tiny/gpu/nvidia]
2026/07/06 18:29:20 [LB][MAB] event=after_select function=mab_cost_aware_1783355337 selected_tag=arm-tiny compatible_tags=[x86-tiny/gpu/nvidia arm-tiny x86-large x86-tiny]
2026/07/06 18:29:20 Candidate has: 512 MB free memory. Function needs: 128 MB
2026/07/06 18:29:20 [LB] Selected target for function 'mab_cost_aware_1783355337': target_tag=arm-tiny candidate=vKpVjum8by27PngFGoYpfA1783355341327784155 candidate_tag=arm-tiny
2026/07/06 18:29:20 [LB-Update] Node vKpVjum8by27PngFGoYpfA1783355341327784155 reported 512 MB free
2026/07/06 18:29:20 [MAB] event=reward_breakdown ts=1783355360460 policy=UCB1 function=mab_cost_aware_1783355337 arm=arm-tiny base_tag=arm-tiny architecture=arm specialization=tiny capabilities=[] duration_ms=3.345442 latency_reward=-1.207599 cost_weight=0.000000 cost_factor=0.400000 cost_term=0.000000 energy_weight=0.000000 energy_factor=0.600000 energy_term=0.000000 memory_weight=0.000000 memory_penalty=0.000000 memory_term=0.000000 final_reward=-1.207599
2026/07/06 18:29:20 [MAB] event=update_reward ts=1783355360460 policy=UCB1 function=mab_cost_aware_1783355337 arm=arm-tiny duration_ms=3.345442 warm_start=true reward=-1.207599 count=10 avg_reward=-0.970691 total_counts=29
2026/07/06 18:29:20 [LB] Compatible tag found: function=mab_cost_aware_1783355337 tag=x86-tiny/gpu/nvidia arch=amd64 pattern="" ring_size=1
2026/07/06 18:29:20 [LB] Compatible tag found: function=mab_cost_aware_1783355337 tag=arm-tiny arch=amd64 pattern="" ring_size=1
2026/07/06 18:29:20 [LB] Compatible tag found: function=mab_cost_aware_1783355337 tag=x86-large arch=amd64 pattern="" ring_size=1
2026/07/06 18:29:20 [LB] Compatible tag found: function=mab_cost_aware_1783355337 tag=x86-tiny arch=amd64 pattern="" ring_size=1
2026/07/06 18:29:20 [LB] Compatible tags for function 'mab_cost_aware_1783355337': [x86-tiny/gpu/nvidia arm-tiny x86-large x86-tiny]
2026/07/06 18:29:20 [LB][MAB] event=before_select function=mab_cost_aware_1783355337 compatible_tags=[x86-tiny/gpu/nvidia arm-tiny x86-large x86-tiny] has_context=true
2026/07/06 18:29:20 [MAB] event=arm_score ts=1783355360683 policy=UCB1 function=mab_cost_aware_1783355337 arm=x86-tiny score=-0.516699 count=8 avg_reward=-1.035721 total_counts=29
2026/07/06 18:29:20 [MAB] event=arm_score ts=1783355360683 policy=UCB1 function=mab_cost_aware_1783355337 arm=x86-tiny/gpu/nvidia score=-0.528477 count=6 avg_reward=-1.127792 total_counts=29
2026/07/06 18:29:20 [MAB] event=arm_score ts=1783355360683 policy=UCB1 function=mab_cost_aware_1783355337 arm=arm-tiny score=-0.506464 count=10 avg_reward=-0.970691 total_counts=29
2026/07/06 18:29:20 [MAB] event=arm_score ts=1783355360683 policy=UCB1 function=mab_cost_aware_1783355337 arm=x86-large score=-0.503811 count=5 avg_reward=-1.160327 total_counts=29
2026/07/06 18:29:20 [MAB] event=select_arm ts=1783355360683 policy=UCB1 function=mab_cost_aware_1783355337 selected_arm=x86-large reason=ucb_score score=-0.503811 total_counts=29 arms=[arm-tiny,x86-large,x86-tiny,x86-tiny/gpu/nvidia]
2026/07/06 18:29:20 [LB][MAB] event=after_select function=mab_cost_aware_1783355337 selected_tag=x86-large compatible_tags=[x86-tiny/gpu/nvidia arm-tiny x86-large x86-tiny]
2026/07/06 18:29:20 Candidate has: 512 MB free memory. Function needs: 128 MB
2026/07/06 18:29:20 [LB] Selected target for function 'mab_cost_aware_1783355337': target_tag=x86-large candidate=xRr5jbhHAXQZLSnr8btjbk1783355341324487014 candidate_tag=x86-large
2026/07/06 18:29:20 [LB-Update] Node xRr5jbhHAXQZLSnr8btjbk1783355341324487014 reported 512 MB free
2026/07/06 18:29:20 [MAB] event=reward_breakdown ts=1783355360687 policy=UCB1 function=mab_cost_aware_1783355337 arm=x86-large base_tag=x86-large architecture=x86 specialization=large capabilities=[] duration_ms=3.057880 latency_reward=-1.117722 cost_weight=0.000000 cost_factor=1.200000 cost_term=0.000000 energy_weight=0.000000 energy_factor=1.200000 energy_term=0.000000 memory_weight=0.000000 memory_penalty=0.000000 memory_term=0.000000 final_reward=-1.117722
2026/07/06 18:29:20 [MAB] event=update_reward ts=1783355360687 policy=UCB1 function=mab_cost_aware_1783355337 arm=x86-large duration_ms=3.057880 warm_start=true reward=-1.117722 count=6 avg_reward=-1.153226 total_counts=30
2026/07/06 18:29:20 [LB] Compatible tag found: function=mab_cost_aware_1783355337 tag=x86-tiny/gpu/nvidia arch=amd64 pattern="" ring_size=1
2026/07/06 18:29:20 [LB] Compatible tag found: function=mab_cost_aware_1783355337 tag=arm-tiny arch=amd64 pattern="" ring_size=1
2026/07/06 18:29:20 [LB] Compatible tag found: function=mab_cost_aware_1783355337 tag=x86-large arch=amd64 pattern="" ring_size=1
2026/07/06 18:29:20 [LB] Compatible tag found: function=mab_cost_aware_1783355337 tag=x86-tiny arch=amd64 pattern="" ring_size=1
2026/07/06 18:29:20 [LB] Compatible tags for function 'mab_cost_aware_1783355337': [x86-tiny/gpu/nvidia arm-tiny x86-large x86-tiny]
2026/07/06 18:29:20 [LB][MAB] event=before_select function=mab_cost_aware_1783355337 compatible_tags=[x86-tiny/gpu/nvidia arm-tiny x86-large x86-tiny] has_context=true
2026/07/06 18:29:20 [MAB] event=arm_score ts=1783355360907 policy=UCB1 function=mab_cost_aware_1783355337 arm=x86-tiny score=-0.514093 count=8 avg_reward=-1.035721 total_counts=30
2026/07/06 18:29:20 [MAB] event=arm_score ts=1783355360907 policy=UCB1 function=mab_cost_aware_1783355337 arm=x86-tiny/gpu/nvidia score=-0.525467 count=6 avg_reward=-1.127792 total_counts=30
2026/07/06 18:29:20 [MAB] event=arm_score ts=1783355360907 policy=UCB1 function=mab_cost_aware_1783355337 arm=arm-tiny score=-0.504133 count=10 avg_reward=-0.970691 total_counts=30
2026/07/06 18:29:20 [MAB] event=arm_score ts=1783355360907 policy=UCB1 function=mab_cost_aware_1783355337 arm=x86-large score=-0.550902 count=6 avg_reward=-1.153226 total_counts=30
2026/07/06 18:29:20 [MAB] event=select_arm ts=1783355360907 policy=UCB1 function=mab_cost_aware_1783355337 selected_arm=arm-tiny reason=ucb_score score=-0.504133 total_counts=30 arms=[arm-tiny,x86-large,x86-tiny,x86-tiny/gpu/nvidia]
2026/07/06 18:29:20 [LB][MAB] event=after_select function=mab_cost_aware_1783355337 selected_tag=arm-tiny compatible_tags=[x86-tiny/gpu/nvidia arm-tiny x86-large x86-tiny]
2026/07/06 18:29:20 Candidate has: 512 MB free memory. Function needs: 128 MB
2026/07/06 18:29:20 [LB] Selected target for function 'mab_cost_aware_1783355337': target_tag=arm-tiny candidate=vKpVjum8by27PngFGoYpfA1783355341327784155 candidate_tag=arm-tiny
2026/07/06 18:29:20 [LB-Update] Node vKpVjum8by27PngFGoYpfA1783355341327784155 reported 512 MB free
2026/07/06 18:29:20 [MAB] event=reward_breakdown ts=1783355360911 policy=UCB1 function=mab_cost_aware_1783355337 arm=arm-tiny base_tag=arm-tiny architecture=arm specialization=tiny capabilities=[] duration_ms=2.755110 latency_reward=-1.013457 cost_weight=0.000000 cost_factor=0.400000 cost_term=0.000000 energy_weight=0.000000 energy_factor=0.600000 energy_term=0.000000 memory_weight=0.000000 memory_penalty=0.000000 memory_term=0.000000 final_reward=-1.013457
2026/07/06 18:29:20 [MAB] event=update_reward ts=1783355360911 policy=UCB1 function=mab_cost_aware_1783355337 arm=arm-tiny duration_ms=2.755110 warm_start=true reward=-1.013457 count=11 avg_reward=-0.974579 total_counts=31
2026/07/06 18:29:21 [LB] Compatible tag found: function=mab_cost_aware_1783355337 tag=x86-tiny/gpu/nvidia arch=amd64 pattern="" ring_size=1
2026/07/06 18:29:21 [LB] Compatible tag found: function=mab_cost_aware_1783355337 tag=arm-tiny arch=amd64 pattern="" ring_size=1
2026/07/06 18:29:21 [LB] Compatible tag found: function=mab_cost_aware_1783355337 tag=x86-large arch=amd64 pattern="" ring_size=1
2026/07/06 18:29:21 [LB] Compatible tag found: function=mab_cost_aware_1783355337 tag=x86-tiny arch=amd64 pattern="" ring_size=1
2026/07/06 18:29:21 [LB] Compatible tags for function 'mab_cost_aware_1783355337': [x86-tiny/gpu/nvidia arm-tiny x86-large x86-tiny]
2026/07/06 18:29:21 [LB][MAB] event=before_select function=mab_cost_aware_1783355337 compatible_tags=[x86-tiny/gpu/nvidia arm-tiny x86-large x86-tiny] has_context=true
2026/07/06 18:29:21 [MAB] event=arm_score ts=1783355361133 policy=UCB1 function=mab_cost_aware_1783355337 arm=x86-large score=-0.548006 count=6 avg_reward=-1.153226 total_counts=31
2026/07/06 18:29:21 [MAB] event=arm_score ts=1783355361133 policy=UCB1 function=mab_cost_aware_1783355337 arm=x86-tiny score=-0.511584 count=8 avg_reward=-1.035721 total_counts=31
2026/07/06 18:29:21 [MAB] event=arm_score ts=1783355361133 policy=UCB1 function=mab_cost_aware_1783355337 arm=x86-tiny/gpu/nvidia score=-0.522571 count=6 avg_reward=-1.127792 total_counts=31
2026/07/06 18:29:21 [MAB] event=arm_score ts=1783355361133 policy=UCB1 function=mab_cost_aware_1783355337 arm=arm-tiny score=-0.527594 count=11 avg_reward=-0.974579 total_counts=31
2026/07/06 18:29:21 [MAB] event=select_arm ts=1783355361133 policy=UCB1 function=mab_cost_aware_1783355337 selected_arm=x86-tiny reason=ucb_score score=-0.511584 total_counts=31 arms=[arm-tiny,x86-large,x86-tiny,x86-tiny/gpu/nvidia]
2026/07/06 18:29:21 [LB][MAB] event=after_select function=mab_cost_aware_1783355337 selected_tag=x86-tiny compatible_tags=[x86-tiny/gpu/nvidia arm-tiny x86-large x86-tiny]
2026/07/06 18:29:21 Candidate has: 512 MB free memory. Function needs: 128 MB
2026/07/06 18:29:21 [LB] Selected target for function 'mab_cost_aware_1783355337': target_tag=x86-tiny candidate=fEFRxvzyvoNqYEJ4gkUx2o1783355341321547100 candidate_tag=x86-tiny
2026/07/06 18:29:21 [LB-Update] Node fEFRxvzyvoNqYEJ4gkUx2o1783355341321547100 reported 512 MB free
2026/07/06 18:29:21 [MAB] event=reward_breakdown ts=1783355361137 policy=UCB1 function=mab_cost_aware_1783355337 arm=x86-tiny base_tag=x86-tiny architecture=x86 specialization=tiny capabilities=[] duration_ms=2.823920 latency_reward=-1.038126 cost_weight=0.000000 cost_factor=0.400000 cost_term=0.000000 energy_weight=0.000000 energy_factor=1.000000 energy_term=0.000000 memory_weight=0.000000 memory_penalty=0.000000 memory_term=0.000000 final_reward=-1.038126
2026/07/06 18:29:21 [MAB] event=update_reward ts=1783355361137 policy=UCB1 function=mab_cost_aware_1783355337 arm=x86-tiny duration_ms=2.823920 warm_start=true reward=-1.038126 count=9 avg_reward=-1.035988 total_counts=32
2026/07/06 18:29:21 [LB] Compatible tag found: function=mab_cost_aware_1783355337 tag=x86-tiny/gpu/nvidia arch=amd64 pattern="" ring_size=1
2026/07/06 18:29:21 [LB] Compatible tag found: function=mab_cost_aware_1783355337 tag=arm-tiny arch=amd64 pattern="" ring_size=1
2026/07/06 18:29:21 [LB] Compatible tag found: function=mab_cost_aware_1783355337 tag=x86-large arch=amd64 pattern="" ring_size=1
2026/07/06 18:29:21 [LB] Compatible tag found: function=mab_cost_aware_1783355337 tag=x86-tiny arch=amd64 pattern="" ring_size=1
2026/07/06 18:29:21 [LB] Compatible tags for function 'mab_cost_aware_1783355337': [x86-tiny/gpu/nvidia arm-tiny x86-large x86-tiny]
2026/07/06 18:29:21 [LB][MAB] event=before_select function=mab_cost_aware_1783355337 compatible_tags=[x86-tiny/gpu/nvidia arm-tiny x86-large x86-tiny] has_context=true
2026/07/06 18:29:21 [MAB] event=arm_score ts=1783355361356 policy=UCB1 function=mab_cost_aware_1783355337 arm=x86-tiny/gpu/nvidia score=-0.519780 count=6 avg_reward=-1.127792 total_counts=32
2026/07/06 18:29:21 [MAB] event=arm_score ts=1783355361356 policy=UCB1 function=mab_cost_aware_1783355337 arm=arm-tiny score=-0.525532 count=11 avg_reward=-0.974579 total_counts=32
2026/07/06 18:29:21 [MAB] event=arm_score ts=1783355361356 policy=UCB1 function=mab_cost_aware_1783355337 arm=x86-large score=-0.545214 count=6 avg_reward=-1.153226 total_counts=32
2026/07/06 18:29:21 [MAB] event=arm_score ts=1783355361356 policy=UCB1 function=mab_cost_aware_1783355337 arm=x86-tiny score=-0.539548 count=9 avg_reward=-1.035988 total_counts=32
2026/07/06 18:29:21 [MAB] event=select_arm ts=1783355361357 policy=UCB1 function=mab_cost_aware_1783355337 selected_arm=x86-tiny/gpu/nvidia reason=ucb_score score=-0.519780 total_counts=32 arms=[arm-tiny,x86-large,x86-tiny,x86-tiny/gpu/nvidia]
2026/07/06 18:29:21 [LB][MAB] event=after_select function=mab_cost_aware_1783355337 selected_tag=x86-tiny/gpu/nvidia compatible_tags=[x86-tiny/gpu/nvidia arm-tiny x86-large x86-tiny]
2026/07/06 18:29:21 Candidate has: 512 MB free memory. Function needs: 128 MB
2026/07/06 18:29:21 [LB] Selected target for function 'mab_cost_aware_1783355337': target_tag=x86-tiny/gpu/nvidia candidate=DvoAKoY3Ri96uiPJTCYxsm1783355341326237908 candidate_tag=x86-tiny/gpu/nvidia
2026/07/06 18:29:21 [LB-Update] Node DvoAKoY3Ri96uiPJTCYxsm1783355341326237908 reported 512 MB free
2026/07/06 18:29:21 [MAB] event=reward_breakdown ts=1783355361362 policy=UCB1 function=mab_cost_aware_1783355337 arm=x86-tiny/gpu/nvidia base_tag=x86-tiny architecture=x86 specialization=tiny capabilities=[gpu,nvidia] duration_ms=4.284483 latency_reward=-1.455000 cost_weight=0.000000 cost_factor=1.600000 cost_term=0.000000 energy_weight=0.000000 energy_factor=1.800000 energy_term=0.000000 memory_weight=0.000000 memory_penalty=0.000000 memory_term=0.000000 final_reward=-1.455000
2026/07/06 18:29:21 [MAB] event=update_reward ts=1783355361362 policy=UCB1 function=mab_cost_aware_1783355337 arm=x86-tiny/gpu/nvidia duration_ms=4.284483 warm_start=true reward=-1.455000 count=7 avg_reward=-1.174536 total_counts=33
2026/07/06 18:29:21 [LB]: Periodic targets update
2026/07/06 18:29:21 Found target: vKpVjum8by27PngFGoYpfA1783355341327784155
2026/07/06 18:29:21 Found target: xRr5jbhHAXQZLSnr8btjbk1783355341324487014
2026/07/06 18:29:21 Found target: fEFRxvzyvoNqYEJ4gkUx2o1783355341321547100
2026/07/06 18:29:21 Found target: DvoAKoY3Ri96uiPJTCYxsm1783355341326237908
2026/07/06 18:29:21 Found 4 targets
2026/07/06 18:29:21 [LB] Compatible tag found: function=mab_cost_aware_1783355337 tag=x86-tiny/gpu/nvidia arch=amd64 pattern="" ring_size=1
2026/07/06 18:29:21 [LB] Compatible tag found: function=mab_cost_aware_1783355337 tag=arm-tiny arch=amd64 pattern="" ring_size=1
2026/07/06 18:29:21 [LB] Compatible tag found: function=mab_cost_aware_1783355337 tag=x86-large arch=amd64 pattern="" ring_size=1
2026/07/06 18:29:21 [LB] Compatible tag found: function=mab_cost_aware_1783355337 tag=x86-tiny arch=amd64 pattern="" ring_size=1
2026/07/06 18:29:21 [LB] Compatible tags for function 'mab_cost_aware_1783355337': [x86-tiny/gpu/nvidia arm-tiny x86-large x86-tiny]
2026/07/06 18:29:21 [LB][MAB] event=before_select function=mab_cost_aware_1783355337 compatible_tags=[x86-tiny/gpu/nvidia arm-tiny x86-large x86-tiny] has_context=true
2026/07/06 18:29:21 [MAB] event=arm_score ts=1783355361575 policy=UCB1 function=mab_cost_aware_1783355337 arm=x86-tiny/gpu/nvidia score=-0.609133 count=7 avg_reward=-1.174536 total_counts=33
2026/07/06 18:29:21 [MAB] event=arm_score ts=1783355361575 policy=UCB1 function=mab_cost_aware_1783355337 arm=arm-tiny score=-0.523543 count=11 avg_reward=-0.974579 total_counts=33
2026/07/06 18:29:21 [MAB] event=arm_score ts=1783355361575 policy=UCB1 function=mab_cost_aware_1783355337 arm=x86-large score=-0.542521 count=6 avg_reward=-1.153226 total_counts=33
2026/07/06 18:29:21 [MAB] event=arm_score ts=1783355361575 policy=UCB1 function=mab_cost_aware_1783355337 arm=x86-tiny score=-0.537349 count=9 avg_reward=-1.035988 total_counts=33
2026/07/06 18:29:21 [MAB] event=select_arm ts=1783355361575 policy=UCB1 function=mab_cost_aware_1783355337 selected_arm=arm-tiny reason=ucb_score score=-0.523543 total_counts=33 arms=[arm-tiny,x86-large,x86-tiny,x86-tiny/gpu/nvidia]
2026/07/06 18:29:21 [LB][MAB] event=after_select function=mab_cost_aware_1783355337 selected_tag=arm-tiny compatible_tags=[x86-tiny/gpu/nvidia arm-tiny x86-large x86-tiny]
2026/07/06 18:29:21 Candidate has: 512 MB free memory. Function needs: 128 MB
2026/07/06 18:29:21 [LB] Selected target for function 'mab_cost_aware_1783355337': target_tag=arm-tiny candidate=vKpVjum8by27PngFGoYpfA1783355341327784155 candidate_tag=arm-tiny
2026/07/06 18:29:21 [LB-Update] Node vKpVjum8by27PngFGoYpfA1783355341327784155 reported 512 MB free
2026/07/06 18:29:21 [MAB] event=reward_breakdown ts=1783355361579 policy=UCB1 function=mab_cost_aware_1783355337 arm=arm-tiny base_tag=arm-tiny architecture=arm specialization=tiny capabilities=[] duration_ms=3.141917 latency_reward=-1.144833 cost_weight=0.000000 cost_factor=0.400000 cost_term=0.000000 energy_weight=0.000000 energy_factor=0.600000 energy_term=0.000000 memory_weight=0.000000 memory_penalty=0.000000 memory_term=0.000000 final_reward=-1.144833
2026/07/06 18:29:21 [MAB] event=update_reward ts=1783355361579 policy=UCB1 function=mab_cost_aware_1783355337 arm=arm-tiny duration_ms=3.141917 warm_start=true reward=-1.144833 count=12 avg_reward=-0.988767 total_counts=34
2026/07/06 18:29:21 [LB] Compatible tag found: function=mab_cost_aware_1783355337 tag=x86-tiny/gpu/nvidia arch=amd64 pattern="" ring_size=1
2026/07/06 18:29:21 [LB] Compatible tag found: function=mab_cost_aware_1783355337 tag=arm-tiny arch=amd64 pattern="" ring_size=1
2026/07/06 18:29:21 [LB] Compatible tag found: function=mab_cost_aware_1783355337 tag=x86-large arch=amd64 pattern="" ring_size=1
2026/07/06 18:29:21 [LB] Compatible tag found: function=mab_cost_aware_1783355337 tag=x86-tiny arch=amd64 pattern="" ring_size=1
2026/07/06 18:29:21 [LB] Compatible tags for function 'mab_cost_aware_1783355337': [x86-tiny/gpu/nvidia arm-tiny x86-large x86-tiny]
2026/07/06 18:29:21 [LB][MAB] event=before_select function=mab_cost_aware_1783355337 compatible_tags=[x86-tiny/gpu/nvidia arm-tiny x86-large x86-tiny] has_context=true
2026/07/06 18:29:21 [MAB] event=arm_score ts=1783355361800 policy=UCB1 function=mab_cost_aware_1783355337 arm=x86-large score=-0.539920 count=6 avg_reward=-1.153226 total_counts=34
2026/07/06 18:29:21 [MAB] event=arm_score ts=1783355361800 policy=UCB1 function=mab_cost_aware_1783355337 arm=x86-tiny score=-0.535225 count=9 avg_reward=-1.035988 total_counts=34
2026/07/06 18:29:21 [MAB] event=arm_score ts=1783355361800 policy=UCB1 function=mab_cost_aware_1783355337 arm=x86-tiny/gpu/nvidia score=-0.606724 count=7 avg_reward=-1.174536 total_counts=34
2026/07/06 18:29:21 [MAB] event=arm_score ts=1783355361800 policy=UCB1 function=mab_cost_aware_1783355337 arm=arm-tiny score=-0.555093 count=12 avg_reward=-0.988767 total_counts=34
2026/07/06 18:29:21 [MAB] event=select_arm ts=1783355361800 policy=UCB1 function=mab_cost_aware_1783355337 selected_arm=x86-tiny reason=ucb_score score=-0.535225 total_counts=34 arms=[arm-tiny,x86-large,x86-tiny,x86-tiny/gpu/nvidia]
2026/07/06 18:29:21 [LB][MAB] event=after_select function=mab_cost_aware_1783355337 selected_tag=x86-tiny compatible_tags=[x86-tiny/gpu/nvidia arm-tiny x86-large x86-tiny]
2026/07/06 18:29:21 Candidate has: 512 MB free memory. Function needs: 128 MB
2026/07/06 18:29:21 [LB] Selected target for function 'mab_cost_aware_1783355337': target_tag=x86-tiny candidate=fEFRxvzyvoNqYEJ4gkUx2o1783355341321547100 candidate_tag=x86-tiny
2026/07/06 18:29:21 [LB-Update] Node fEFRxvzyvoNqYEJ4gkUx2o1783355341321547100 reported 512 MB free
2026/07/06 18:29:21 [MAB] event=reward_breakdown ts=1783355361804 policy=UCB1 function=mab_cost_aware_1783355337 arm=x86-tiny base_tag=x86-tiny architecture=x86 specialization=tiny capabilities=[] duration_ms=2.840574 latency_reward=-1.044006 cost_weight=0.000000 cost_factor=0.400000 cost_term=0.000000 energy_weight=0.000000 energy_factor=1.000000 energy_term=0.000000 memory_weight=0.000000 memory_penalty=0.000000 memory_term=0.000000 final_reward=-1.044006
2026/07/06 18:29:21 [MAB] event=update_reward ts=1783355361804 policy=UCB1 function=mab_cost_aware_1783355337 arm=x86-tiny duration_ms=2.840574 warm_start=true reward=-1.044006 count=10 avg_reward=-1.036790 total_counts=35
2026/07/06 18:29:22 [LB] Compatible tag found: function=mab_cost_aware_1783355337 tag=x86-tiny/gpu/nvidia arch=amd64 pattern="" ring_size=1
2026/07/06 18:29:22 [LB] Compatible tag found: function=mab_cost_aware_1783355337 tag=arm-tiny arch=amd64 pattern="" ring_size=1
2026/07/06 18:29:22 [LB] Compatible tag found: function=mab_cost_aware_1783355337 tag=x86-large arch=amd64 pattern="" ring_size=1
2026/07/06 18:29:22 [LB] Compatible tag found: function=mab_cost_aware_1783355337 tag=x86-tiny arch=amd64 pattern="" ring_size=1
2026/07/06 18:29:22 [LB] Compatible tags for function 'mab_cost_aware_1783355337': [x86-tiny/gpu/nvidia arm-tiny x86-large x86-tiny]
2026/07/06 18:29:22 [LB][MAB] event=before_select function=mab_cost_aware_1783355337 compatible_tags=[x86-tiny/gpu/nvidia arm-tiny x86-large x86-tiny] has_context=true
2026/07/06 18:29:22 [MAB] event=arm_score ts=1783355362016 policy=UCB1 function=mab_cost_aware_1783355337 arm=x86-tiny/gpu/nvidia score=-0.604395 count=7 avg_reward=-1.174536 total_counts=35
2026/07/06 18:29:22 [MAB] event=arm_score ts=1783355362016 policy=UCB1 function=mab_cost_aware_1783355337 arm=arm-tiny score=-0.553314 count=12 avg_reward=-0.988767 total_counts=35
2026/07/06 18:29:22 [MAB] event=arm_score ts=1783355362016 policy=UCB1 function=mab_cost_aware_1783355337 arm=x86-large score=-0.537404 count=6 avg_reward=-1.153226 total_counts=35
2026/07/06 18:29:22 [MAB] event=arm_score ts=1783355362016 policy=UCB1 function=mab_cost_aware_1783355337 arm=x86-tiny score=-0.559776 count=10 avg_reward=-1.036790 total_counts=35
2026/07/06 18:29:22 [MAB] event=select_arm ts=1783355362016 policy=UCB1 function=mab_cost_aware_1783355337 selected_arm=x86-large reason=ucb_score score=-0.537404 total_counts=35 arms=[arm-tiny,x86-large,x86-tiny,x86-tiny/gpu/nvidia]
2026/07/06 18:29:22 [LB][MAB] event=after_select function=mab_cost_aware_1783355337 selected_tag=x86-large compatible_tags=[x86-tiny/gpu/nvidia arm-tiny x86-large x86-tiny]
2026/07/06 18:29:22 Candidate has: 512 MB free memory. Function needs: 128 MB
2026/07/06 18:29:22 [LB] Selected target for function 'mab_cost_aware_1783355337': target_tag=x86-large candidate=xRr5jbhHAXQZLSnr8btjbk1783355341324487014 candidate_tag=x86-large
2026/07/06 18:29:22 [LB-Update] Node xRr5jbhHAXQZLSnr8btjbk1783355341324487014 reported 512 MB free
2026/07/06 18:29:22 [MAB] event=reward_breakdown ts=1783355362019 policy=UCB1 function=mab_cost_aware_1783355337 arm=x86-large base_tag=x86-large architecture=x86 specialization=large capabilities=[] duration_ms=2.462144 latency_reward=-0.901033 cost_weight=0.000000 cost_factor=1.200000 cost_term=0.000000 energy_weight=0.000000 energy_factor=1.200000 energy_term=0.000000 memory_weight=0.000000 memory_penalty=0.000000 memory_term=0.000000 final_reward=-0.901033
2026/07/06 18:29:22 [MAB] event=update_reward ts=1783355362019 policy=UCB1 function=mab_cost_aware_1783355337 arm=x86-large duration_ms=2.462144 warm_start=true reward=-0.901033 count=7 avg_reward=-1.117199 total_counts=36
2026/07/06 18:29:22 [LB] Compatible tag found: function=mab_cost_aware_1783355337 tag=x86-tiny/gpu/nvidia arch=amd64 pattern="" ring_size=1
2026/07/06 18:29:22 [LB] Compatible tag found: function=mab_cost_aware_1783355337 tag=arm-tiny arch=amd64 pattern="" ring_size=1
2026/07/06 18:29:22 [LB] Compatible tag found: function=mab_cost_aware_1783355337 tag=x86-large arch=amd64 pattern="" ring_size=1
2026/07/06 18:29:22 [LB] Compatible tag found: function=mab_cost_aware_1783355337 tag=x86-tiny arch=amd64 pattern="" ring_size=1
2026/07/06 18:29:22 [LB] Compatible tags for function 'mab_cost_aware_1783355337': [x86-tiny/gpu/nvidia arm-tiny x86-large x86-tiny]
2026/07/06 18:29:22 [LB][MAB] event=before_select function=mab_cost_aware_1783355337 compatible_tags=[x86-tiny/gpu/nvidia arm-tiny x86-large x86-tiny] has_context=true
2026/07/06 18:29:22 [MAB] event=arm_score ts=1783355362239 policy=UCB1 function=mab_cost_aware_1783355337 arm=x86-tiny score=-0.557890 count=10 avg_reward=-1.036790 total_counts=36
2026/07/06 18:29:22 [MAB] event=arm_score ts=1783355362239 policy=UCB1 function=mab_cost_aware_1783355337 arm=x86-tiny/gpu/nvidia score=-0.602141 count=7 avg_reward=-1.174536 total_counts=36
2026/07/06 18:29:22 [MAB] event=arm_score ts=1783355362239 policy=UCB1 function=mab_cost_aware_1783355337 arm=arm-tiny score=-0.551593 count=12 avg_reward=-0.988767 total_counts=36
2026/07/06 18:29:22 [MAB] event=arm_score ts=1783355362239 policy=UCB1 function=mab_cost_aware_1783355337 arm=x86-large score=-0.544804 count=7 avg_reward=-1.117199 total_counts=36
2026/07/06 18:29:22 [MAB] event=select_arm ts=1783355362239 policy=UCB1 function=mab_cost_aware_1783355337 selected_arm=x86-large reason=ucb_score score=-0.544804 total_counts=36 arms=[arm-tiny,x86-large,x86-tiny,x86-tiny/gpu/nvidia]
2026/07/06 18:29:22 [LB][MAB] event=after_select function=mab_cost_aware_1783355337 selected_tag=x86-large compatible_tags=[x86-tiny/gpu/nvidia arm-tiny x86-large x86-tiny]
2026/07/06 18:29:22 Candidate has: 512 MB free memory. Function needs: 128 MB
2026/07/06 18:29:22 [LB] Selected target for function 'mab_cost_aware_1783355337': target_tag=x86-large candidate=xRr5jbhHAXQZLSnr8btjbk1783355341324487014 candidate_tag=x86-large
2026/07/06 18:29:22 [LB-Update] Node xRr5jbhHAXQZLSnr8btjbk1783355341324487014 reported 512 MB free
2026/07/06 18:29:22 [MAB] event=reward_breakdown ts=1783355362244 policy=UCB1 function=mab_cost_aware_1783355337 arm=x86-large base_tag=x86-large architecture=x86 specialization=large capabilities=[] duration_ms=3.896184 latency_reward=-1.359998 cost_weight=0.000000 cost_factor=1.200000 cost_term=0.000000 energy_weight=0.000000 energy_factor=1.200000 energy_term=0.000000 memory_weight=0.000000 memory_penalty=0.000000 memory_term=0.000000 final_reward=-1.359998
2026/07/06 18:29:22 [MAB] event=update_reward ts=1783355362244 policy=UCB1 function=mab_cost_aware_1783355337 arm=x86-large duration_ms=3.896184 warm_start=true reward=-1.359998 count=8 avg_reward=-1.147549 total_counts=37
2026/07/06 18:29:22 [LB] Compatible tag found: function=mab_cost_aware_1783355337 tag=x86-tiny/gpu/nvidia arch=amd64 pattern="" ring_size=1
2026/07/06 18:29:22 [LB] Compatible tag found: function=mab_cost_aware_1783355337 tag=arm-tiny arch=amd64 pattern="" ring_size=1
2026/07/06 18:29:22 [LB] Compatible tag found: function=mab_cost_aware_1783355337 tag=x86-large arch=amd64 pattern="" ring_size=1
2026/07/06 18:29:22 [LB] Compatible tag found: function=mab_cost_aware_1783355337 tag=x86-tiny arch=amd64 pattern="" ring_size=1
2026/07/06 18:29:22 [LB] Compatible tags for function 'mab_cost_aware_1783355337': [x86-tiny/gpu/nvidia arm-tiny x86-large x86-tiny]
2026/07/06 18:29:22 [LB][MAB] event=before_select function=mab_cost_aware_1783355337 compatible_tags=[x86-tiny/gpu/nvidia arm-tiny x86-large x86-tiny] has_context=true
2026/07/06 18:29:22 [MAB] event=arm_score ts=1783355362466 policy=UCB1 function=mab_cost_aware_1783355337 arm=x86-tiny/gpu/nvidia score=-0.599957 count=7 avg_reward=-1.174536 total_counts=37
2026/07/06 18:29:22 [MAB] event=arm_score ts=1783355362466 policy=UCB1 function=mab_cost_aware_1783355337 arm=arm-tiny score=-0.549925 count=12 avg_reward=-0.988767 total_counts=37
2026/07/06 18:29:22 [MAB] event=arm_score ts=1783355362466 policy=UCB1 function=mab_cost_aware_1783355337 arm=x86-large score=-0.610079 count=8 avg_reward=-1.147549 total_counts=37
2026/07/06 18:29:22 [MAB] event=arm_score ts=1783355362466 policy=UCB1 function=mab_cost_aware_1783355337 arm=x86-tiny score=-0.556063 count=10 avg_reward=-1.036790 total_counts=37
2026/07/06 18:29:22 [MAB] event=select_arm ts=1783355362466 policy=UCB1 function=mab_cost_aware_1783355337 selected_arm=arm-tiny reason=ucb_score score=-0.549925 total_counts=37 arms=[arm-tiny,x86-large,x86-tiny,x86-tiny/gpu/nvidia]
2026/07/06 18:29:22 [LB][MAB] event=after_select function=mab_cost_aware_1783355337 selected_tag=arm-tiny compatible_tags=[x86-tiny/gpu/nvidia arm-tiny x86-large x86-tiny]
2026/07/06 18:29:22 Candidate has: 512 MB free memory. Function needs: 128 MB
2026/07/06 18:29:22 [LB] Selected target for function 'mab_cost_aware_1783355337': target_tag=arm-tiny candidate=vKpVjum8by27PngFGoYpfA1783355341327784155 candidate_tag=arm-tiny
2026/07/06 18:29:22 [LB-Update] Node vKpVjum8by27PngFGoYpfA1783355341327784155 reported 512 MB free
2026/07/06 18:29:22 [MAB] event=reward_breakdown ts=1783355362470 policy=UCB1 function=mab_cost_aware_1783355337 arm=arm-tiny base_tag=arm-tiny architecture=arm specialization=tiny capabilities=[] duration_ms=3.311179 latency_reward=-1.197304 cost_weight=0.000000 cost_factor=0.400000 cost_term=0.000000 energy_weight=0.000000 energy_factor=0.600000 energy_term=0.000000 memory_weight=0.000000 memory_penalty=0.000000 memory_term=0.000000 final_reward=-1.197304
2026/07/06 18:29:22 [MAB] event=update_reward ts=1783355362470 policy=UCB1 function=mab_cost_aware_1783355337 arm=arm-tiny duration_ms=3.311179 warm_start=true reward=-1.197304 count=13 avg_reward=-1.004808 total_counts=38
2026/07/06 18:29:22 [LB] Compatible tag found: function=mab_cost_aware_1783355337 tag=x86-tiny/gpu/nvidia arch=amd64 pattern="" ring_size=1
2026/07/06 18:29:22 [LB] Compatible tag found: function=mab_cost_aware_1783355337 tag=arm-tiny arch=amd64 pattern="" ring_size=1
2026/07/06 18:29:22 [LB] Compatible tag found: function=mab_cost_aware_1783355337 tag=x86-large arch=amd64 pattern="" ring_size=1
2026/07/06 18:29:22 [LB] Compatible tag found: function=mab_cost_aware_1783355337 tag=x86-tiny arch=amd64 pattern="" ring_size=1
2026/07/06 18:29:22 [LB] Compatible tags for function 'mab_cost_aware_1783355337': [x86-tiny/gpu/nvidia arm-tiny x86-large x86-tiny]
2026/07/06 18:29:22 [LB][MAB] event=before_select function=mab_cost_aware_1783355337 compatible_tags=[x86-tiny/gpu/nvidia arm-tiny x86-large x86-tiny] has_context=true
2026/07/06 18:29:22 [MAB] event=arm_score ts=1783355362690 policy=UCB1 function=mab_cost_aware_1783355337 arm=x86-tiny/gpu/nvidia score=-0.597839 count=7 avg_reward=-1.174536 total_counts=38
2026/07/06 18:29:22 [MAB] event=arm_score ts=1783355362690 policy=UCB1 function=mab_cost_aware_1783355337 arm=arm-tiny score=-0.581628 count=13 avg_reward=-1.004808 total_counts=38
2026/07/06 18:29:22 [MAB] event=arm_score ts=1783355362690 policy=UCB1 function=mab_cost_aware_1783355337 arm=x86-large score=-0.608098 count=8 avg_reward=-1.147549 total_counts=38
2026/07/06 18:29:22 [MAB] event=arm_score ts=1783355362690 policy=UCB1 function=mab_cost_aware_1783355337 arm=x86-tiny score=-0.554291 count=10 avg_reward=-1.036790 total_counts=38
2026/07/06 18:29:22 [MAB] event=select_arm ts=1783355362690 policy=UCB1 function=mab_cost_aware_1783355337 selected_arm=x86-tiny reason=ucb_score score=-0.554291 total_counts=38 arms=[arm-tiny,x86-large,x86-tiny,x86-tiny/gpu/nvidia]
2026/07/06 18:29:22 [LB][MAB] event=after_select function=mab_cost_aware_1783355337 selected_tag=x86-tiny compatible_tags=[x86-tiny/gpu/nvidia arm-tiny x86-large x86-tiny]
2026/07/06 18:29:22 Candidate has: 512 MB free memory. Function needs: 128 MB
2026/07/06 18:29:22 [LB] Selected target for function 'mab_cost_aware_1783355337': target_tag=x86-tiny candidate=fEFRxvzyvoNqYEJ4gkUx2o1783355341321547100 candidate_tag=x86-tiny
2026/07/06 18:29:22 [LB-Update] Node fEFRxvzyvoNqYEJ4gkUx2o1783355341321547100 reported 512 MB free
2026/07/06 18:29:22 [MAB] event=reward_breakdown ts=1783355362694 policy=UCB1 function=mab_cost_aware_1783355337 arm=x86-tiny base_tag=x86-tiny architecture=x86 specialization=tiny capabilities=[] duration_ms=2.946766 latency_reward=-1.080708 cost_weight=0.000000 cost_factor=0.400000 cost_term=0.000000 energy_weight=0.000000 energy_factor=1.000000 energy_term=0.000000 memory_weight=0.000000 memory_penalty=0.000000 memory_term=0.000000 final_reward=-1.080708
2026/07/06 18:29:22 [MAB] event=update_reward ts=1783355362694 policy=UCB1 function=mab_cost_aware_1783355337 arm=x86-tiny duration_ms=2.946766 warm_start=true reward=-1.080708 count=11 avg_reward=-1.040782 total_counts=39
2026/07/06 18:29:22 [LB] Compatible tag found: function=mab_cost_aware_1783355337 tag=x86-tiny/gpu/nvidia arch=amd64 pattern="" ring_size=1
2026/07/06 18:29:22 [LB] Compatible tag found: function=mab_cost_aware_1783355337 tag=arm-tiny arch=amd64 pattern="" ring_size=1
2026/07/06 18:29:22 [LB] Compatible tag found: function=mab_cost_aware_1783355337 tag=x86-large arch=amd64 pattern="" ring_size=1
2026/07/06 18:29:22 [LB] Compatible tag found: function=mab_cost_aware_1783355337 tag=x86-tiny arch=amd64 pattern="" ring_size=1
2026/07/06 18:29:22 [LB] Compatible tags for function 'mab_cost_aware_1783355337': [x86-tiny/gpu/nvidia arm-tiny x86-large x86-tiny]
2026/07/06 18:29:22 [LB][MAB] event=before_select function=mab_cost_aware_1783355337 compatible_tags=[x86-tiny/gpu/nvidia arm-tiny x86-large x86-tiny] has_context=true
2026/07/06 18:29:22 [MAB] event=arm_score ts=1783355362913 policy=UCB1 function=mab_cost_aware_1783355337 arm=x86-tiny/gpu/nvidia score=-0.595783 count=7 avg_reward=-1.174536 total_counts=39
2026/07/06 18:29:22 [MAB] event=arm_score ts=1783355362913 policy=UCB1 function=mab_cost_aware_1783355337 arm=arm-tiny score=-0.580120 count=13 avg_reward=-1.004808 total_counts=39
2026/07/06 18:29:22 [MAB] event=arm_score ts=1783355362913 policy=UCB1 function=mab_cost_aware_1783355337 arm=x86-large score=-0.606175 count=8 avg_reward=-1.147549 total_counts=39
2026/07/06 18:29:22 [MAB] event=arm_score ts=1783355362913 policy=UCB1 function=mab_cost_aware_1783355337 arm=x86-tiny score=-0.579098 count=11 avg_reward=-1.040782 total_counts=39
2026/07/06 18:29:22 [MAB] event=select_arm ts=1783355362913 policy=UCB1 function=mab_cost_aware_1783355337 selected_arm=x86-tiny reason=ucb_score score=-0.579098 total_counts=39 arms=[arm-tiny,x86-large,x86-tiny,x86-tiny/gpu/nvidia]
2026/07/06 18:29:22 [LB][MAB] event=after_select function=mab_cost_aware_1783355337 selected_tag=x86-tiny compatible_tags=[x86-tiny/gpu/nvidia arm-tiny x86-large x86-tiny]
2026/07/06 18:29:22 Candidate has: 512 MB free memory. Function needs: 128 MB
2026/07/06 18:29:22 [LB] Selected target for function 'mab_cost_aware_1783355337': target_tag=x86-tiny candidate=fEFRxvzyvoNqYEJ4gkUx2o1783355341321547100 candidate_tag=x86-tiny
2026/07/06 18:29:22 [LB-Update] Node fEFRxvzyvoNqYEJ4gkUx2o1783355341321547100 reported 512 MB free
2026/07/06 18:29:22 [MAB] event=reward_breakdown ts=1783355362917 policy=UCB1 function=mab_cost_aware_1783355337 arm=x86-tiny base_tag=x86-tiny architecture=x86 specialization=tiny capabilities=[] duration_ms=2.596426 latency_reward=-0.954136 cost_weight=0.000000 cost_factor=0.400000 cost_term=0.000000 energy_weight=0.000000 energy_factor=1.000000 energy_term=0.000000 memory_weight=0.000000 memory_penalty=0.000000 memory_term=0.000000 final_reward=-0.954136
2026/07/06 18:29:22 [MAB] event=update_reward ts=1783355362917 policy=UCB1 function=mab_cost_aware_1783355337 arm=x86-tiny duration_ms=2.596426 warm_start=true reward=-0.954136 count=12 avg_reward=-1.033562 total_counts=40
2026/07/06 18:29:23 [LB] Compatible tag found: function=mab_cost_aware_1783355337 tag=x86-tiny/gpu/nvidia arch=amd64 pattern="" ring_size=1
2026/07/06 18:29:23 [LB] Compatible tag found: function=mab_cost_aware_1783355337 tag=arm-tiny arch=amd64 pattern="" ring_size=1
2026/07/06 18:29:23 [LB] Compatible tag found: function=mab_cost_aware_1783355337 tag=x86-large arch=amd64 pattern="" ring_size=1
2026/07/06 18:29:23 [LB] Compatible tag found: function=mab_cost_aware_1783355337 tag=x86-tiny arch=amd64 pattern="" ring_size=1
2026/07/06 18:29:23 [LB] Compatible tags for function 'mab_cost_aware_1783355337': [x86-tiny/gpu/nvidia arm-tiny x86-large x86-tiny]
2026/07/06 18:29:23 [LB][MAB] event=before_select function=mab_cost_aware_1783355337 compatible_tags=[x86-tiny/gpu/nvidia arm-tiny x86-large x86-tiny] has_context=true
2026/07/06 18:29:23 [MAB] event=arm_score ts=1783355363135 policy=UCB1 function=mab_cost_aware_1783355337 arm=x86-tiny/gpu/nvidia score=-0.593787 count=7 avg_reward=-1.174536 total_counts=40
2026/07/06 18:29:23 [MAB] event=arm_score ts=1783355363135 policy=UCB1 function=mab_cost_aware_1783355337 arm=arm-tiny score=-0.578655 count=13 avg_reward=-1.004808 total_counts=40
2026/07/06 18:29:23 [MAB] event=arm_score ts=1783355363135 policy=UCB1 function=mab_cost_aware_1783355337 arm=x86-large score=-0.604308 count=8 avg_reward=-1.147549 total_counts=40
2026/07/06 18:29:23 [MAB] event=arm_score ts=1783355363135 policy=UCB1 function=mab_cost_aware_1783355337 arm=x86-tiny score=-0.590008 count=12 avg_reward=-1.033562 total_counts=40
2026/07/06 18:29:23 [MAB] event=select_arm ts=1783355363135 policy=UCB1 function=mab_cost_aware_1783355337 selected_arm=arm-tiny reason=ucb_score score=-0.578655 total_counts=40 arms=[arm-tiny,x86-large,x86-tiny,x86-tiny/gpu/nvidia]
2026/07/06 18:29:23 [LB][MAB] event=after_select function=mab_cost_aware_1783355337 selected_tag=arm-tiny compatible_tags=[x86-tiny/gpu/nvidia arm-tiny x86-large x86-tiny]
2026/07/06 18:29:23 Candidate has: 512 MB free memory. Function needs: 128 MB
2026/07/06 18:29:23 [LB] Selected target for function 'mab_cost_aware_1783355337': target_tag=arm-tiny candidate=vKpVjum8by27PngFGoYpfA1783355341327784155 candidate_tag=arm-tiny
2026/07/06 18:29:23 [LB-Update] Node vKpVjum8by27PngFGoYpfA1783355341327784155 reported 512 MB free
2026/07/06 18:29:23 [MAB] event=reward_breakdown ts=1783355363139 policy=UCB1 function=mab_cost_aware_1783355337 arm=arm-tiny base_tag=arm-tiny architecture=arm specialization=tiny capabilities=[] duration_ms=2.896073 latency_reward=-1.063356 cost_weight=0.000000 cost_factor=0.400000 cost_term=0.000000 energy_weight=0.000000 energy_factor=0.600000 energy_term=0.000000 memory_weight=0.000000 memory_penalty=0.000000 memory_term=0.000000 final_reward=-1.063356
2026/07/06 18:29:23 [MAB] event=update_reward ts=1783355363139 policy=UCB1 function=mab_cost_aware_1783355337 arm=arm-tiny duration_ms=2.896073 warm_start=true reward=-1.063356 count=14 avg_reward=-1.008990 total_counts=41
2026/07/06 18:29:23 [LB] Compatible tag found: function=mab_cost_aware_1783355337 tag=x86-tiny/gpu/nvidia arch=amd64 pattern="" ring_size=1
2026/07/06 18:29:23 [LB] Compatible tag found: function=mab_cost_aware_1783355337 tag=arm-tiny arch=amd64 pattern="" ring_size=1
2026/07/06 18:29:23 [LB] Compatible tag found: function=mab_cost_aware_1783355337 tag=x86-large arch=amd64 pattern="" ring_size=1
2026/07/06 18:29:23 [LB] Compatible tag found: function=mab_cost_aware_1783355337 tag=x86-tiny arch=amd64 pattern="" ring_size=1
2026/07/06 18:29:23 [LB] Compatible tags for function 'mab_cost_aware_1783355337': [x86-tiny/gpu/nvidia arm-tiny x86-large x86-tiny]
2026/07/06 18:29:23 [LB][MAB] event=before_select function=mab_cost_aware_1783355337 compatible_tags=[x86-tiny/gpu/nvidia arm-tiny x86-large x86-tiny] has_context=true
2026/07/06 18:29:23 [MAB] event=arm_score ts=1783355363357 policy=UCB1 function=mab_cost_aware_1783355337 arm=arm-tiny score=-0.596967 count=14 avg_reward=-1.008990 total_counts=41
2026/07/06 18:29:23 [MAB] event=arm_score ts=1783355363357 policy=UCB1 function=mab_cost_aware_1783355337 arm=x86-large score=-0.602493 count=8 avg_reward=-1.147549 total_counts=41
2026/07/06 18:29:23 [MAB] event=arm_score ts=1783355363357 policy=UCB1 function=mab_cost_aware_1783355337 arm=x86-tiny score=-0.588526 count=12 avg_reward=-1.033562 total_counts=41
2026/07/06 18:29:23 [MAB] event=arm_score ts=1783355363357 policy=UCB1 function=mab_cost_aware_1783355337 arm=x86-tiny/gpu/nvidia score=-0.591847 count=7 avg_reward=-1.174536 total_counts=41
2026/07/06 18:29:23 [MAB] event=select_arm ts=1783355363357 policy=UCB1 function=mab_cost_aware_1783355337 selected_arm=x86-tiny reason=ucb_score score=-0.588526 total_counts=41 arms=[arm-tiny,x86-large,x86-tiny,x86-tiny/gpu/nvidia]
2026/07/06 18:29:23 [LB][MAB] event=after_select function=mab_cost_aware_1783355337 selected_tag=x86-tiny compatible_tags=[x86-tiny/gpu/nvidia arm-tiny x86-large x86-tiny]
2026/07/06 18:29:23 Candidate has: 512 MB free memory. Function needs: 128 MB
2026/07/06 18:29:23 [LB] Selected target for function 'mab_cost_aware_1783355337': target_tag=x86-tiny candidate=fEFRxvzyvoNqYEJ4gkUx2o1783355341321547100 candidate_tag=x86-tiny
2026/07/06 18:29:23 [LB-Update] Node fEFRxvzyvoNqYEJ4gkUx2o1783355341321547100 reported 512 MB free
2026/07/06 18:29:23 [MAB] event=reward_breakdown ts=1783355363361 policy=UCB1 function=mab_cost_aware_1783355337 arm=x86-tiny base_tag=x86-tiny architecture=x86 specialization=tiny capabilities=[] duration_ms=3.140886 latency_reward=-1.144505 cost_weight=0.000000 cost_factor=0.400000 cost_term=0.000000 energy_weight=0.000000 energy_factor=1.000000 energy_term=0.000000 memory_weight=0.000000 memory_penalty=0.000000 memory_term=0.000000 final_reward=-1.144505
2026/07/06 18:29:23 [MAB] event=update_reward ts=1783355363361 policy=UCB1 function=mab_cost_aware_1783355337 arm=x86-tiny duration_ms=3.140886 warm_start=true reward=-1.144505 count=13 avg_reward=-1.042096 total_counts=42
2026/07/06 18:29:23 [LB] Compatible tag found: function=mab_cost_aware_1783355337 tag=x86-tiny/gpu/nvidia arch=amd64 pattern="" ring_size=1
2026/07/06 18:29:23 [LB] Compatible tag found: function=mab_cost_aware_1783355337 tag=arm-tiny arch=amd64 pattern="" ring_size=1
2026/07/06 18:29:23 [LB] Compatible tag found: function=mab_cost_aware_1783355337 tag=x86-large arch=amd64 pattern="" ring_size=1
2026/07/06 18:29:23 [LB] Compatible tag found: function=mab_cost_aware_1783355337 tag=x86-tiny arch=amd64 pattern="" ring_size=1
2026/07/06 18:29:23 [LB] Compatible tags for function 'mab_cost_aware_1783355337': [x86-tiny/gpu/nvidia arm-tiny x86-large x86-tiny]
2026/07/06 18:29:23 [LB][MAB] event=before_select function=mab_cost_aware_1783355337 compatible_tags=[x86-tiny/gpu/nvidia arm-tiny x86-large x86-tiny] has_context=true
2026/07/06 18:29:23 [MAB] event=arm_score ts=1783355363584 policy=UCB1 function=mab_cost_aware_1783355337 arm=arm-tiny score=-0.595632 count=14 avg_reward=-1.008990 total_counts=42
2026/07/06 18:29:23 [MAB] event=arm_score ts=1783355363584 policy=UCB1 function=mab_cost_aware_1783355337 arm=x86-large score=-0.600727 count=8 avg_reward=-1.147549 total_counts=42
2026/07/06 18:29:23 [MAB] event=arm_score ts=1783355363584 policy=UCB1 function=mab_cost_aware_1783355337 arm=x86-tiny score=-0.613134 count=13 avg_reward=-1.042096 total_counts=42
2026/07/06 18:29:23 [MAB] event=arm_score ts=1783355363584 policy=UCB1 function=mab_cost_aware_1783355337 arm=x86-tiny/gpu/nvidia score=-0.589959 count=7 avg_reward=-1.174536 total_counts=42
2026/07/06 18:29:23 [MAB] event=select_arm ts=1783355363584 policy=UCB1 function=mab_cost_aware_1783355337 selected_arm=x86-tiny/gpu/nvidia reason=ucb_score score=-0.589959 total_counts=42 arms=[arm-tiny,x86-large,x86-tiny,x86-tiny/gpu/nvidia]
2026/07/06 18:29:23 [LB][MAB] event=after_select function=mab_cost_aware_1783355337 selected_tag=x86-tiny/gpu/nvidia compatible_tags=[x86-tiny/gpu/nvidia arm-tiny x86-large x86-tiny]
2026/07/06 18:29:23 Candidate has: 512 MB free memory. Function needs: 128 MB
2026/07/06 18:29:23 [LB] Selected target for function 'mab_cost_aware_1783355337': target_tag=x86-tiny/gpu/nvidia candidate=DvoAKoY3Ri96uiPJTCYxsm1783355341326237908 candidate_tag=x86-tiny/gpu/nvidia
2026/07/06 18:29:23 [LB-Update] Node DvoAKoY3Ri96uiPJTCYxsm1783355341326237908 reported 512 MB free
2026/07/06 18:29:23 [MAB] event=reward_breakdown ts=1783355363588 policy=UCB1 function=mab_cost_aware_1783355337 arm=x86-tiny/gpu/nvidia base_tag=x86-tiny architecture=x86 specialization=tiny capabilities=[gpu,nvidia] duration_ms=3.392487 latency_reward=-1.221563 cost_weight=0.000000 cost_factor=1.600000 cost_term=0.000000 energy_weight=0.000000 energy_factor=1.800000 energy_term=0.000000 memory_weight=0.000000 memory_penalty=0.000000 memory_term=0.000000 final_reward=-1.221563
2026/07/06 18:29:23 [MAB] event=update_reward ts=1783355363588 policy=UCB1 function=mab_cost_aware_1783355337 arm=x86-tiny/gpu/nvidia duration_ms=3.392487 warm_start=true reward=-1.221563 count=8 avg_reward=-1.180414 total_counts=43
2026/07/06 18:29:23 [LB] Compatible tag found: function=mab_cost_aware_1783355337 tag=x86-tiny/gpu/nvidia arch=amd64 pattern="" ring_size=1
2026/07/06 18:29:23 [LB] Compatible tag found: function=mab_cost_aware_1783355337 tag=arm-tiny arch=amd64 pattern="" ring_size=1
2026/07/06 18:29:23 [LB] Compatible tag found: function=mab_cost_aware_1783355337 tag=x86-large arch=amd64 pattern="" ring_size=1
2026/07/06 18:29:23 [LB] Compatible tag found: function=mab_cost_aware_1783355337 tag=x86-tiny arch=amd64 pattern="" ring_size=1
2026/07/06 18:29:23 [LB] Compatible tags for function 'mab_cost_aware_1783355337': [x86-tiny/gpu/nvidia arm-tiny x86-large x86-tiny]
2026/07/06 18:29:23 [LB][MAB] event=before_select function=mab_cost_aware_1783355337 compatible_tags=[x86-tiny/gpu/nvidia arm-tiny x86-large x86-tiny] has_context=true
2026/07/06 18:29:23 [MAB] event=arm_score ts=1783355363808 policy=UCB1 function=mab_cost_aware_1783355337 arm=x86-tiny score=-0.611786 count=13 avg_reward=-1.042096 total_counts=43
2026/07/06 18:29:23 [MAB] event=arm_score ts=1783355363808 policy=UCB1 function=mab_cost_aware_1783355337 arm=x86-tiny/gpu/nvidia score=-0.631874 count=8 avg_reward=-1.180414 total_counts=43
2026/07/06 18:29:23 [MAB] event=arm_score ts=1783355363808 policy=UCB1 function=mab_cost_aware_1783355337 arm=arm-tiny score=-0.594333 count=14 avg_reward=-1.008990 total_counts=43
2026/07/06 18:29:23 [MAB] event=arm_score ts=1783355363808 policy=UCB1 function=mab_cost_aware_1783355337 arm=x86-large score=-0.599009 count=8 avg_reward=-1.147549 total_counts=43
2026/07/06 18:29:23 [MAB] event=select_arm ts=1783355363808 policy=UCB1 function=mab_cost_aware_1783355337 selected_arm=arm-tiny reason=ucb_score score=-0.594333 total_counts=43 arms=[arm-tiny,x86-large,x86-tiny,x86-tiny/gpu/nvidia]
2026/07/06 18:29:23 [LB][MAB] event=after_select function=mab_cost_aware_1783355337 selected_tag=arm-tiny compatible_tags=[x86-tiny/gpu/nvidia arm-tiny x86-large x86-tiny]
2026/07/06 18:29:23 Candidate has: 512 MB free memory. Function needs: 128 MB
2026/07/06 18:29:23 [LB] Selected target for function 'mab_cost_aware_1783355337': target_tag=arm-tiny candidate=vKpVjum8by27PngFGoYpfA1783355341327784155 candidate_tag=arm-tiny
2026/07/06 18:29:23 [LB-Update] Node vKpVjum8by27PngFGoYpfA1783355341327784155 reported 512 MB free
2026/07/06 18:29:23 [MAB] event=reward_breakdown ts=1783355363812 policy=UCB1 function=mab_cost_aware_1783355337 arm=arm-tiny base_tag=arm-tiny architecture=arm specialization=tiny capabilities=[] duration_ms=3.335291 latency_reward=-1.204560 cost_weight=0.000000 cost_factor=0.400000 cost_term=0.000000 energy_weight=0.000000 energy_factor=0.600000 energy_term=0.000000 memory_weight=0.000000 memory_penalty=0.000000 memory_term=0.000000 final_reward=-1.204560
2026/07/06 18:29:23 [MAB] event=update_reward ts=1783355363812 policy=UCB1 function=mab_cost_aware_1783355337 arm=arm-tiny duration_ms=3.335291 warm_start=true reward=-1.204560 count=15 avg_reward=-1.022028 total_counts=44
2026/07/06 18:29:24 [LB] Compatible tag found: function=mab_cost_aware_1783355337 tag=x86-tiny/gpu/nvidia arch=amd64 pattern="" ring_size=1
2026/07/06 18:29:24 [LB] Compatible tag found: function=mab_cost_aware_1783355337 tag=arm-tiny arch=amd64 pattern="" ring_size=1
2026/07/06 18:29:24 [LB] Compatible tag found: function=mab_cost_aware_1783355337 tag=x86-large arch=amd64 pattern="" ring_size=1
2026/07/06 18:29:24 [LB] Compatible tag found: function=mab_cost_aware_1783355337 tag=x86-tiny arch=amd64 pattern="" ring_size=1
2026/07/06 18:29:24 [LB] Compatible tags for function 'mab_cost_aware_1783355337': [x86-tiny/gpu/nvidia arm-tiny x86-large x86-tiny]
2026/07/06 18:29:24 [LB][MAB] event=before_select function=mab_cost_aware_1783355337 compatible_tags=[x86-tiny/gpu/nvidia arm-tiny x86-large x86-tiny] has_context=true
2026/07/06 18:29:24 [MAB] event=arm_score ts=1783355364032 policy=UCB1 function=mab_cost_aware_1783355337 arm=x86-tiny/gpu/nvidia score=-0.630200 count=8 avg_reward=-1.180414 total_counts=44
2026/07/06 18:29:24 [MAB] event=arm_score ts=1783355364032 policy=UCB1 function=mab_cost_aware_1783355337 arm=arm-tiny score=-0.620209 count=15 avg_reward=-1.022028 total_counts=44
2026/07/06 18:29:24 [MAB] event=arm_score ts=1783355364032 policy=UCB1 function=mab_cost_aware_1783355337 arm=x86-large score=-0.597335 count=8 avg_reward=-1.147549 total_counts=44
2026/07/06 18:29:24 [MAB] event=arm_score ts=1783355364032 policy=UCB1 function=mab_cost_aware_1783355337 arm=x86-tiny score=-0.610473 count=13 avg_reward=-1.042096 total_counts=44
2026/07/06 18:29:24 [MAB] event=select_arm ts=1783355364032 policy=UCB1 function=mab_cost_aware_1783355337 selected_arm=x86-large reason=ucb_score score=-0.597335 total_counts=44 arms=[arm-tiny,x86-large,x86-tiny,x86-tiny/gpu/nvidia]
2026/07/06 18:29:24 [LB][MAB] event=after_select function=mab_cost_aware_1783355337 selected_tag=x86-large compatible_tags=[x86-tiny/gpu/nvidia arm-tiny x86-large x86-tiny]
2026/07/06 18:29:24 Candidate has: 512 MB free memory. Function needs: 128 MB
2026/07/06 18:29:24 [LB] Selected target for function 'mab_cost_aware_1783355337': target_tag=x86-large candidate=xRr5jbhHAXQZLSnr8btjbk1783355341324487014 candidate_tag=x86-large
2026/07/06 18:29:24 [LB-Update] Node xRr5jbhHAXQZLSnr8btjbk1783355341324487014 reported 512 MB free
2026/07/06 18:29:24 [MAB] event=reward_breakdown ts=1783355364034 policy=UCB1 function=mab_cost_aware_1783355337 arm=x86-large base_tag=x86-large architecture=x86 specialization=large capabilities=[] duration_ms=1.853216 latency_reward=-0.616923 cost_weight=0.000000 cost_factor=1.200000 cost_term=0.000000 energy_weight=0.000000 energy_factor=1.200000 energy_term=0.000000 memory_weight=0.000000 memory_penalty=0.000000 memory_term=0.000000 final_reward=-0.616923
2026/07/06 18:29:24 [MAB] event=update_reward ts=1783355364034 policy=UCB1 function=mab_cost_aware_1783355337 arm=x86-large duration_ms=1.853216 warm_start=true reward=-0.616923 count=9 avg_reward=-1.088590 total_counts=45
2026/07/06 18:29:24 [LB] Compatible tag found: function=mab_cost_aware_1783355337 tag=x86-tiny/gpu/nvidia arch=amd64 pattern="" ring_size=1
2026/07/06 18:29:24 [LB] Compatible tag found: function=mab_cost_aware_1783355337 tag=arm-tiny arch=amd64 pattern="" ring_size=1
2026/07/06 18:29:24 [LB] Compatible tag found: function=mab_cost_aware_1783355337 tag=x86-large arch=amd64 pattern="" ring_size=1
2026/07/06 18:29:24 [LB] Compatible tag found: function=mab_cost_aware_1783355337 tag=x86-tiny arch=amd64 pattern="" ring_size=1
2026/07/06 18:29:24 [LB] Compatible tags for function 'mab_cost_aware_1783355337': [x86-tiny/gpu/nvidia arm-tiny x86-large x86-tiny]
2026/07/06 18:29:24 [LB][MAB] event=before_select function=mab_cost_aware_1783355337 compatible_tags=[x86-tiny/gpu/nvidia arm-tiny x86-large x86-tiny] has_context=true
2026/07/06 18:29:24 [MAB] event=arm_score ts=1783355364255 policy=UCB1 function=mab_cost_aware_1783355337 arm=x86-tiny/gpu/nvidia score=-0.628569 count=8 avg_reward=-1.180414 total_counts=45
2026/07/06 18:29:24 [MAB] event=arm_score ts=1783355364255 policy=UCB1 function=mab_cost_aware_1783355337 arm=arm-tiny score=-0.619017 count=15 avg_reward=-1.022028 total_counts=45
2026/07/06 18:29:24 [MAB] event=arm_score ts=1783355364255 policy=UCB1 function=mab_cost_aware_1783355337 arm=x86-large score=-0.568306 count=9 avg_reward=-1.088590 total_counts=45
2026/07/06 18:29:24 [MAB] event=arm_score ts=1783355364255 policy=UCB1 function=mab_cost_aware_1783355337 arm=x86-tiny score=-0.609193 count=13 avg_reward=-1.042096 total_counts=45
2026/07/06 18:29:24 [MAB] event=select_arm ts=1783355364255 policy=UCB1 function=mab_cost_aware_1783355337 selected_arm=x86-large reason=ucb_score score=-0.568306 total_counts=45 arms=[arm-tiny,x86-large,x86-tiny,x86-tiny/gpu/nvidia]
2026/07/06 18:29:24 [LB][MAB] event=after_select function=mab_cost_aware_1783355337 selected_tag=x86-large compatible_tags=[x86-tiny/gpu/nvidia arm-tiny x86-large x86-tiny]
2026/07/06 18:29:24 Candidate has: 512 MB free memory. Function needs: 128 MB
2026/07/06 18:29:24 [LB] Selected target for function 'mab_cost_aware_1783355337': target_tag=x86-large candidate=xRr5jbhHAXQZLSnr8btjbk1783355341324487014 candidate_tag=x86-large
2026/07/06 18:29:24 [LB-Update] Node xRr5jbhHAXQZLSnr8btjbk1783355341324487014 reported 512 MB free
2026/07/06 18:29:24 [MAB] event=reward_breakdown ts=1783355364260 policy=UCB1 function=mab_cost_aware_1783355337 arm=x86-large base_tag=x86-large architecture=x86 specialization=large capabilities=[] duration_ms=4.460328 latency_reward=-1.495222 cost_weight=0.000000 cost_factor=1.200000 cost_term=0.000000 energy_weight=0.000000 energy_factor=1.200000 energy_term=0.000000 memory_weight=0.000000 memory_penalty=0.000000 memory_term=0.000000 final_reward=-1.495222
2026/07/06 18:29:24 [MAB] event=update_reward ts=1783355364260 policy=UCB1 function=mab_cost_aware_1783355337 arm=x86-large duration_ms=4.460328 warm_start=true reward=-1.495222 count=10 avg_reward=-1.129253 total_counts=46
2026/07/06 18:29:24 [LB]: Periodic targets update
2026/07/06 18:29:24 Found target: vKpVjum8by27PngFGoYpfA1783355341327784155
2026/07/06 18:29:24 Found target: xRr5jbhHAXQZLSnr8btjbk1783355341324487014
2026/07/06 18:29:24 Found target: fEFRxvzyvoNqYEJ4gkUx2o1783355341321547100
2026/07/06 18:29:24 Found target: DvoAKoY3Ri96uiPJTCYxsm1783355341326237908
2026/07/06 18:29:24 Found 4 targets
2026/07/06 18:29:24 [LB] Compatible tag found: function=mab_cost_aware_1783355337 tag=x86-tiny/gpu/nvidia arch=amd64 pattern="" ring_size=1
2026/07/06 18:29:24 [LB] Compatible tag found: function=mab_cost_aware_1783355337 tag=arm-tiny arch=amd64 pattern="" ring_size=1
2026/07/06 18:29:24 [LB] Compatible tag found: function=mab_cost_aware_1783355337 tag=x86-large arch=amd64 pattern="" ring_size=1
2026/07/06 18:29:24 [LB] Compatible tag found: function=mab_cost_aware_1783355337 tag=x86-tiny arch=amd64 pattern="" ring_size=1
2026/07/06 18:29:24 [LB] Compatible tags for function 'mab_cost_aware_1783355337': [x86-tiny/gpu/nvidia arm-tiny x86-large x86-tiny]
2026/07/06 18:29:24 [LB][MAB] event=before_select function=mab_cost_aware_1783355337 compatible_tags=[x86-tiny/gpu/nvidia arm-tiny x86-large x86-tiny] has_context=true
2026/07/06 18:29:24 [MAB] event=arm_score ts=1783355364482 policy=UCB1 function=mab_cost_aware_1783355337 arm=x86-large score=-0.634245 count=10 avg_reward=-1.129253 total_counts=46
2026/07/06 18:29:24 [MAB] event=arm_score ts=1783355364482 policy=UCB1 function=mab_cost_aware_1783355337 arm=x86-tiny score=-0.607945 count=13 avg_reward=-1.042096 total_counts=46
2026/07/06 18:29:24 [MAB] event=arm_score ts=1783355364482 policy=UCB1 function=mab_cost_aware_1783355337 arm=x86-tiny/gpu/nvidia score=-0.626978 count=8 avg_reward=-1.180414 total_counts=46
2026/07/06 18:29:24 [MAB] event=arm_score ts=1783355364482 policy=UCB1 function=mab_cost_aware_1783355337 arm=arm-tiny score=-0.617855 count=15 avg_reward=-1.022028 total_counts=46
2026/07/06 18:29:24 [MAB] event=select_arm ts=1783355364482 policy=UCB1 function=mab_cost_aware_1783355337 selected_arm=x86-tiny reason=ucb_score score=-0.607945 total_counts=46 arms=[arm-tiny,x86-large,x86-tiny,x86-tiny/gpu/nvidia]
2026/07/06 18:29:24 [LB][MAB] event=after_select function=mab_cost_aware_1783355337 selected_tag=x86-tiny compatible_tags=[x86-tiny/gpu/nvidia arm-tiny x86-large x86-tiny]
2026/07/06 18:29:24 Candidate has: 512 MB free memory. Function needs: 128 MB
2026/07/06 18:29:24 [LB] Selected target for function 'mab_cost_aware_1783355337': target_tag=x86-tiny candidate=fEFRxvzyvoNqYEJ4gkUx2o1783355341321547100 candidate_tag=x86-tiny
2026/07/06 18:29:24 [LB-Update] Node fEFRxvzyvoNqYEJ4gkUx2o1783355341321547100 reported 512 MB free
2026/07/06 18:29:24 [MAB] event=reward_breakdown ts=1783355364486 policy=UCB1 function=mab_cost_aware_1783355337 arm=x86-tiny base_tag=x86-tiny architecture=x86 specialization=tiny capabilities=[] duration_ms=3.230209 latency_reward=-1.172547 cost_weight=0.000000 cost_factor=0.400000 cost_term=0.000000 energy_weight=0.000000 energy_factor=1.000000 energy_term=0.000000 memory_weight=0.000000 memory_penalty=0.000000 memory_term=0.000000 final_reward=-1.172547
2026/07/06 18:29:24 [MAB] event=update_reward ts=1783355364486 policy=UCB1 function=mab_cost_aware_1783355337 arm=x86-tiny duration_ms=3.230209 warm_start=true reward=-1.172547 count=14 avg_reward=-1.051414 total_counts=47
2026/07/06 18:29:24 [LB] Compatible tag found: function=mab_cost_aware_1783355337 tag=x86-tiny/gpu/nvidia arch=amd64 pattern="" ring_size=1
2026/07/06 18:29:24 [LB] Compatible tag found: function=mab_cost_aware_1783355337 tag=arm-tiny arch=amd64 pattern="" ring_size=1
2026/07/06 18:29:24 [LB] Compatible tag found: function=mab_cost_aware_1783355337 tag=x86-large arch=amd64 pattern="" ring_size=1
2026/07/06 18:29:24 [LB] Compatible tag found: function=mab_cost_aware_1783355337 tag=x86-tiny arch=amd64 pattern="" ring_size=1
2026/07/06 18:29:24 [LB] Compatible tags for function 'mab_cost_aware_1783355337': [x86-tiny/gpu/nvidia arm-tiny x86-large x86-tiny]
2026/07/06 18:29:24 [LB][MAB] event=before_select function=mab_cost_aware_1783355337 compatible_tags=[x86-tiny/gpu/nvidia arm-tiny x86-large x86-tiny] has_context=true
2026/07/06 18:29:24 [MAB] event=arm_score ts=1783355364708 policy=UCB1 function=mab_cost_aware_1783355337 arm=x86-large score=-0.632857 count=10 avg_reward=-1.129253 total_counts=47
2026/07/06 18:29:24 [MAB] event=arm_score ts=1783355364708 policy=UCB1 function=mab_cost_aware_1783355337 arm=x86-tiny score=-0.631882 count=14 avg_reward=-1.051414 total_counts=47
2026/07/06 18:29:24 [MAB] event=arm_score ts=1783355364708 policy=UCB1 function=mab_cost_aware_1783355337 arm=x86-tiny/gpu/nvidia score=-0.625426 count=8 avg_reward=-1.180414 total_counts=47
2026/07/06 18:29:24 [MAB] event=arm_score ts=1783355364708 policy=UCB1 function=mab_cost_aware_1783355337 arm=arm-tiny score=-0.616722 count=15 avg_reward=-1.022028 total_counts=47
2026/07/06 18:29:24 [MAB] event=select_arm ts=1783355364708 policy=UCB1 function=mab_cost_aware_1783355337 selected_arm=arm-tiny reason=ucb_score score=-0.616722 total_counts=47 arms=[arm-tiny,x86-large,x86-tiny,x86-tiny/gpu/nvidia]
2026/07/06 18:29:24 [LB][MAB] event=after_select function=mab_cost_aware_1783355337 selected_tag=arm-tiny compatible_tags=[x86-tiny/gpu/nvidia arm-tiny x86-large x86-tiny]
2026/07/06 18:29:24 Candidate has: 512 MB free memory. Function needs: 128 MB
2026/07/06 18:29:24 [LB] Selected target for function 'mab_cost_aware_1783355337': target_tag=arm-tiny candidate=vKpVjum8by27PngFGoYpfA1783355341327784155 candidate_tag=arm-tiny
2026/07/06 18:29:24 [LB-Update] Node vKpVjum8by27PngFGoYpfA1783355341327784155 reported 512 MB free
2026/07/06 18:29:24 [MAB] event=reward_breakdown ts=1783355364712 policy=UCB1 function=mab_cost_aware_1783355337 arm=arm-tiny base_tag=arm-tiny architecture=arm specialization=tiny capabilities=[] duration_ms=3.214364 latency_reward=-1.167630 cost_weight=0.000000 cost_factor=0.400000 cost_term=0.000000 energy_weight=0.000000 energy_factor=0.600000 energy_term=0.000000 memory_weight=0.000000 memory_penalty=0.000000 memory_term=0.000000 final_reward=-1.167630
2026/07/06 18:29:24 [MAB] event=update_reward ts=1783355364712 policy=UCB1 function=mab_cost_aware_1783355337 arm=arm-tiny duration_ms=3.214364 warm_start=true reward=-1.167630 count=16 avg_reward=-1.031128 total_counts=48
2026/07/06 18:29:24 [LB] Compatible tag found: function=mab_cost_aware_1783355337 tag=x86-tiny/gpu/nvidia arch=amd64 pattern="" ring_size=1
2026/07/06 18:29:24 [LB] Compatible tag found: function=mab_cost_aware_1783355337 tag=arm-tiny arch=amd64 pattern="" ring_size=1
2026/07/06 18:29:24 [LB] Compatible tag found: function=mab_cost_aware_1783355337 tag=x86-large arch=amd64 pattern="" ring_size=1
2026/07/06 18:29:24 [LB] Compatible tag found: function=mab_cost_aware_1783355337 tag=x86-tiny arch=amd64 pattern="" ring_size=1
2026/07/06 18:29:24 [LB] Compatible tags for function 'mab_cost_aware_1783355337': [x86-tiny/gpu/nvidia arm-tiny x86-large x86-tiny]
2026/07/06 18:29:24 [LB][MAB] event=before_select function=mab_cost_aware_1783355337 compatible_tags=[x86-tiny/gpu/nvidia arm-tiny x86-large x86-tiny] has_context=true
2026/07/06 18:29:24 [MAB] event=arm_score ts=1783355364932 policy=UCB1 function=mab_cost_aware_1783355337 arm=x86-tiny score=-0.630737 count=14 avg_reward=-1.051414 total_counts=48
2026/07/06 18:29:24 [MAB] event=arm_score ts=1783355364932 policy=UCB1 function=mab_cost_aware_1783355337 arm=x86-tiny/gpu/nvidia score=-0.623911 count=8 avg_reward=-1.180414 total_counts=48
2026/07/06 18:29:24 [MAB] event=arm_score ts=1783355364932 policy=UCB1 function=mab_cost_aware_1783355337 arm=arm-tiny score=-0.637621 count=16 avg_reward=-1.031128 total_counts=48
2026/07/06 18:29:24 [MAB] event=arm_score ts=1783355364932 policy=UCB1 function=mab_cost_aware_1783355337 arm=x86-large score=-0.631501 count=10 avg_reward=-1.129253 total_counts=48
2026/07/06 18:29:24 [MAB] event=select_arm ts=1783355364932 policy=UCB1 function=mab_cost_aware_1783355337 selected_arm=x86-tiny/gpu/nvidia reason=ucb_score score=-0.623911 total_counts=48 arms=[arm-tiny,x86-large,x86-tiny,x86-tiny/gpu/nvidia]
2026/07/06 18:29:24 [LB][MAB] event=after_select function=mab_cost_aware_1783355337 selected_tag=x86-tiny/gpu/nvidia compatible_tags=[x86-tiny/gpu/nvidia arm-tiny x86-large x86-tiny]
2026/07/06 18:29:24 Candidate has: 512 MB free memory. Function needs: 128 MB
2026/07/06 18:29:24 [LB] Selected target for function 'mab_cost_aware_1783355337': target_tag=x86-tiny/gpu/nvidia candidate=DvoAKoY3Ri96uiPJTCYxsm1783355341326237908 candidate_tag=x86-tiny/gpu/nvidia
2026/07/06 18:29:24 [LB-Update] Node DvoAKoY3Ri96uiPJTCYxsm1783355341326237908 reported 512 MB free
2026/07/06 18:29:24 [MAB] event=reward_breakdown ts=1783355364936 policy=UCB1 function=mab_cost_aware_1783355337 arm=x86-tiny/gpu/nvidia base_tag=x86-tiny architecture=x86 specialization=tiny capabilities=[gpu,nvidia] duration_ms=3.021110 latency_reward=-1.105624 cost_weight=0.000000 cost_factor=1.600000 cost_term=0.000000 energy_weight=0.000000 energy_factor=1.800000 energy_term=0.000000 memory_weight=0.000000 memory_penalty=0.000000 memory_term=0.000000 final_reward=-1.105624
2026/07/06 18:29:24 [MAB] event=update_reward ts=1783355364936 policy=UCB1 function=mab_cost_aware_1783355337 arm=x86-tiny/gpu/nvidia duration_ms=3.021110 warm_start=true reward=-1.105624 count=9 avg_reward=-1.172104 total_counts=49
2026/07/06 18:29:25 [LB] Compatible tag found: function=mab_cost_aware_1783355337 tag=x86-tiny/gpu/nvidia arch=amd64 pattern="" ring_size=1
2026/07/06 18:29:25 [LB] Compatible tag found: function=mab_cost_aware_1783355337 tag=arm-tiny arch=amd64 pattern="" ring_size=1
2026/07/06 18:29:25 [LB] Compatible tag found: function=mab_cost_aware_1783355337 tag=x86-large arch=amd64 pattern="" ring_size=1
2026/07/06 18:29:25 [LB] Compatible tag found: function=mab_cost_aware_1783355337 tag=x86-tiny arch=amd64 pattern="" ring_size=1
2026/07/06 18:29:25 [LB] Compatible tags for function 'mab_cost_aware_1783355337': [x86-tiny/gpu/nvidia arm-tiny x86-large x86-tiny]
2026/07/06 18:29:25 [LB][MAB] event=before_select function=mab_cost_aware_1783355337 compatible_tags=[x86-tiny/gpu/nvidia arm-tiny x86-large x86-tiny] has_context=true
2026/07/06 18:29:25 [MAB] event=arm_score ts=1783355365157 policy=UCB1 function=mab_cost_aware_1783355337 arm=arm-tiny score=-0.636574 count=16 avg_reward=-1.031128 total_counts=49
2026/07/06 18:29:25 [MAB] event=arm_score ts=1783355365157 policy=UCB1 function=mab_cost_aware_1783355337 arm=x86-large score=-0.630178 count=10 avg_reward=-1.129253 total_counts=49
2026/07/06 18:29:25 [MAB] event=arm_score ts=1783355365157 policy=UCB1 function=mab_cost_aware_1783355337 arm=x86-tiny score=-0.629618 count=14 avg_reward=-1.051414 total_counts=49
2026/07/06 18:29:25 [MAB] event=arm_score ts=1783355365157 policy=UCB1 function=mab_cost_aware_1783355337 arm=x86-tiny/gpu/nvidia score=-0.646032 count=9 avg_reward=-1.172104 total_counts=49
2026/07/06 18:29:25 [MAB] event=select_arm ts=1783355365157 policy=UCB1 function=mab_cost_aware_1783355337 selected_arm=x86-tiny reason=ucb_score score=-0.629618 total_counts=49 arms=[arm-tiny,x86-large,x86-tiny,x86-tiny/gpu/nvidia]
2026/07/06 18:29:25 [LB][MAB] event=after_select function=mab_cost_aware_1783355337 selected_tag=x86-tiny compatible_tags=[x86-tiny/gpu/nvidia arm-tiny x86-large x86-tiny]
2026/07/06 18:29:25 Candidate has: 512 MB free memory. Function needs: 128 MB
2026/07/06 18:29:25 [LB] Selected target for function 'mab_cost_aware_1783355337': target_tag=x86-tiny candidate=fEFRxvzyvoNqYEJ4gkUx2o1783355341321547100 candidate_tag=x86-tiny
2026/07/06 18:29:25 [LB-Update] Node fEFRxvzyvoNqYEJ4gkUx2o1783355341321547100 reported 512 MB free
2026/07/06 18:29:25 [MAB] event=reward_breakdown ts=1783355365160 policy=UCB1 function=mab_cost_aware_1783355337 arm=x86-tiny base_tag=x86-tiny architecture=x86 specialization=tiny capabilities=[] duration_ms=2.389224 latency_reward=-0.870969 cost_weight=0.000000 cost_factor=0.400000 cost_term=0.000000 energy_weight=0.000000 energy_factor=1.000000 energy_term=0.000000 memory_weight=0.000000 memory_penalty=0.000000 memory_term=0.000000 final_reward=-0.870969
2026/07/06 18:29:25 [MAB] event=update_reward ts=1783355365160 policy=UCB1 function=mab_cost_aware_1783355337 arm=x86-tiny duration_ms=2.389224 warm_start=true reward=-0.870969 count=15 avg_reward=-1.039384 total_counts=50
2026/07/06 18:29:25 [LB] Compatible tag found: function=mab_cost_aware_1783355337 tag=x86-tiny/gpu/nvidia arch=amd64 pattern="" ring_size=1
2026/07/06 18:29:25 [LB] Compatible tag found: function=mab_cost_aware_1783355337 tag=arm-tiny arch=amd64 pattern="" ring_size=1
2026/07/06 18:29:25 [LB] Compatible tag found: function=mab_cost_aware_1783355337 tag=x86-large arch=amd64 pattern="" ring_size=1
2026/07/06 18:29:25 [LB] Compatible tag found: function=mab_cost_aware_1783355337 tag=x86-tiny arch=amd64 pattern="" ring_size=1
2026/07/06 18:29:25 [LB] Compatible tags for function 'mab_cost_aware_1783355337': [x86-tiny/gpu/nvidia arm-tiny x86-large x86-tiny]
2026/07/06 18:29:25 [LB][MAB] event=before_select function=mab_cost_aware_1783355337 compatible_tags=[x86-tiny/gpu/nvidia arm-tiny x86-large x86-tiny] has_context=true
2026/07/06 18:29:25 [MAB] event=arm_score ts=1783355365382 policy=UCB1 function=mab_cost_aware_1783355337 arm=x86-tiny/gpu/nvidia score=-0.644669 count=9 avg_reward=-1.172104 total_counts=50
2026/07/06 18:29:25 [MAB] event=arm_score ts=1783355365382 policy=UCB1 function=mab_cost_aware_1783355337 arm=arm-tiny score=-0.635551 count=16 avg_reward=-1.031128 total_counts=50
2026/07/06 18:29:25 [MAB] event=arm_score ts=1783355365382 policy=UCB1 function=mab_cost_aware_1783355337 arm=x86-large score=-0.628884 count=10 avg_reward=-1.129253 total_counts=50
2026/07/06 18:29:25 [MAB] event=arm_score ts=1783355365382 policy=UCB1 function=mab_cost_aware_1783355337 arm=x86-tiny score=-0.630834 count=15 avg_reward=-1.039384 total_counts=50
2026/07/06 18:29:25 [MAB] event=select_arm ts=1783355365382 policy=UCB1 function=mab_cost_aware_1783355337 selected_arm=x86-large reason=ucb_score score=-0.628884 total_counts=50 arms=[arm-tiny,x86-large,x86-tiny,x86-tiny/gpu/nvidia]
2026/07/06 18:29:25 [LB][MAB] event=after_select function=mab_cost_aware_1783355337 selected_tag=x86-large compatible_tags=[x86-tiny/gpu/nvidia arm-tiny x86-large x86-tiny]
2026/07/06 18:29:25 Candidate has: 512 MB free memory. Function needs: 128 MB
2026/07/06 18:29:25 [LB] Selected target for function 'mab_cost_aware_1783355337': target_tag=x86-large candidate=xRr5jbhHAXQZLSnr8btjbk1783355341324487014 candidate_tag=x86-large
2026/07/06 18:29:25 [LB-Update] Node xRr5jbhHAXQZLSnr8btjbk1783355341324487014 reported 512 MB free
2026/07/06 18:29:25 [MAB] event=reward_breakdown ts=1783355365386 policy=UCB1 function=mab_cost_aware_1783355337 arm=x86-large base_tag=x86-large architecture=x86 specialization=large capabilities=[] duration_ms=2.953616 latency_reward=-1.083030 cost_weight=0.000000 cost_factor=1.200000 cost_term=0.000000 energy_weight=0.000000 energy_factor=1.200000 energy_term=0.000000 memory_weight=0.000000 memory_penalty=0.000000 memory_term=0.000000 final_reward=-1.083030
2026/07/06 18:29:25 [MAB] event=update_reward ts=1783355365386 policy=UCB1 function=mab_cost_aware_1783355337 arm=x86-large duration_ms=2.953616 warm_start=true reward=-1.083030 count=11 avg_reward=-1.125051 total_counts=51
2026/07/06 18:29:25 [LB] Compatible tag found: function=mab_cost_aware_1783355337 tag=x86-tiny/gpu/nvidia arch=amd64 pattern="" ring_size=1
2026/07/06 18:29:25 [LB] Compatible tag found: function=mab_cost_aware_1783355337 tag=arm-tiny arch=amd64 pattern="" ring_size=1
2026/07/06 18:29:25 [LB] Compatible tag found: function=mab_cost_aware_1783355337 tag=x86-large arch=amd64 pattern="" ring_size=1
2026/07/06 18:29:25 [LB] Compatible tag found: function=mab_cost_aware_1783355337 tag=x86-tiny arch=amd64 pattern="" ring_size=1
2026/07/06 18:29:25 [LB] Compatible tags for function 'mab_cost_aware_1783355337': [x86-tiny/gpu/nvidia arm-tiny x86-large x86-tiny]
2026/07/06 18:29:25 [LB][MAB] event=before_select function=mab_cost_aware_1783355337 compatible_tags=[x86-tiny/gpu/nvidia arm-tiny x86-large x86-tiny] has_context=true
2026/07/06 18:29:25 [MAB] event=arm_score ts=1783355365607 policy=UCB1 function=mab_cost_aware_1783355337 arm=x86-tiny score=-0.629802 count=15 avg_reward=-1.039384 total_counts=51
2026/07/06 18:29:25 [MAB] event=arm_score ts=1783355365607 policy=UCB1 function=mab_cost_aware_1783355337 arm=x86-tiny/gpu/nvidia score=-0.643335 count=9 avg_reward=-1.172104 total_counts=51
2026/07/06 18:29:25 [MAB] event=arm_score ts=1783355365607 policy=UCB1 function=mab_cost_aware_1783355337 arm=arm-tiny score=-0.634551 count=16 avg_reward=-1.031128 total_counts=51
2026/07/06 18:29:25 [MAB] event=arm_score ts=1783355365607 policy=UCB1 function=mab_cost_aware_1783355337 arm=x86-large score=-0.646762 count=11 avg_reward=-1.125051 total_counts=51
2026/07/06 18:29:25 [MAB] event=select_arm ts=1783355365608 policy=UCB1 function=mab_cost_aware_1783355337 selected_arm=x86-tiny reason=ucb_score score=-0.629802 total_counts=51 arms=[arm-tiny,x86-large,x86-tiny,x86-tiny/gpu/nvidia]
2026/07/06 18:29:25 [LB][MAB] event=after_select function=mab_cost_aware_1783355337 selected_tag=x86-tiny compatible_tags=[x86-tiny/gpu/nvidia arm-tiny x86-large x86-tiny]
2026/07/06 18:29:25 Candidate has: 512 MB free memory. Function needs: 128 MB
2026/07/06 18:29:25 [LB] Selected target for function 'mab_cost_aware_1783355337': target_tag=x86-tiny candidate=fEFRxvzyvoNqYEJ4gkUx2o1783355341321547100 candidate_tag=x86-tiny
2026/07/06 18:29:25 [LB-Update] Node fEFRxvzyvoNqYEJ4gkUx2o1783355341321547100 reported 512 MB free
2026/07/06 18:29:25 [MAB] event=reward_breakdown ts=1783355365613 policy=UCB1 function=mab_cost_aware_1783355337 arm=x86-tiny base_tag=x86-tiny architecture=x86 specialization=tiny capabilities=[] duration_ms=4.287716 latency_reward=-1.455754 cost_weight=0.000000 cost_factor=0.400000 cost_term=0.000000 energy_weight=0.000000 energy_factor=1.000000 energy_term=0.000000 memory_weight=0.000000 memory_penalty=0.000000 memory_term=0.000000 final_reward=-1.455754
2026/07/06 18:29:25 [MAB] event=update_reward ts=1783355365613 policy=UCB1 function=mab_cost_aware_1783355337 arm=x86-tiny duration_ms=4.287716 warm_start=true reward=-1.455754 count=16 avg_reward=-1.065407 total_counts=52
2026/07/06 18:29:25 [LB] Compatible tag found: function=mab_cost_aware_1783355337 tag=x86-tiny/gpu/nvidia arch=amd64 pattern="" ring_size=1
2026/07/06 18:29:25 [LB] Compatible tag found: function=mab_cost_aware_1783355337 tag=arm-tiny arch=amd64 pattern="" ring_size=1
2026/07/06 18:29:25 [LB] Compatible tag found: function=mab_cost_aware_1783355337 tag=x86-large arch=amd64 pattern="" ring_size=1
2026/07/06 18:29:25 [LB] Compatible tag found: function=mab_cost_aware_1783355337 tag=x86-tiny arch=amd64 pattern="" ring_size=1
2026/07/06 18:29:25 [LB] Compatible tags for function 'mab_cost_aware_1783355337': [x86-tiny/gpu/nvidia arm-tiny x86-large x86-tiny]
2026/07/06 18:29:25 [LB][MAB] event=before_select function=mab_cost_aware_1783355337 compatible_tags=[x86-tiny/gpu/nvidia arm-tiny x86-large x86-tiny] has_context=true
2026/07/06 18:29:25 [MAB] event=arm_score ts=1783355365832 policy=UCB1 function=mab_cost_aware_1783355337 arm=x86-tiny/gpu/nvidia score=-0.642031 count=9 avg_reward=-1.172104 total_counts=52
2026/07/06 18:29:25 [MAB] event=arm_score ts=1783355365832 policy=UCB1 function=mab_cost_aware_1783355337 arm=arm-tiny score=-0.633573 count=16 avg_reward=-1.031128 total_counts=52
2026/07/06 18:29:25 [MAB] event=arm_score ts=1783355365832 policy=UCB1 function=mab_cost_aware_1783355337 arm=x86-large score=-0.645582 count=11 avg_reward=-1.125051 total_counts=52
2026/07/06 18:29:25 [MAB] event=arm_score ts=1783355365832 policy=UCB1 function=mab_cost_aware_1783355337 arm=x86-tiny score=-0.667853 count=16 avg_reward=-1.065407 total_counts=52
2026/07/06 18:29:25 [MAB] event=select_arm ts=1783355365832 policy=UCB1 function=mab_cost_aware_1783355337 selected_arm=arm-tiny reason=ucb_score score=-0.633573 total_counts=52 arms=[arm-tiny,x86-large,x86-tiny,x86-tiny/gpu/nvidia]
2026/07/06 18:29:25 [LB][MAB] event=after_select function=mab_cost_aware_1783355337 selected_tag=arm-tiny compatible_tags=[x86-tiny/gpu/nvidia arm-tiny x86-large x86-tiny]
2026/07/06 18:29:25 Candidate has: 512 MB free memory. Function needs: 128 MB
2026/07/06 18:29:25 [LB] Selected target for function 'mab_cost_aware_1783355337': target_tag=arm-tiny candidate=vKpVjum8by27PngFGoYpfA1783355341327784155 candidate_tag=arm-tiny
2026/07/06 18:29:25 [LB-Update] Node vKpVjum8by27PngFGoYpfA1783355341327784155 reported 512 MB free
2026/07/06 18:29:25 [MAB] event=reward_breakdown ts=1783355365836 policy=UCB1 function=mab_cost_aware_1783355337 arm=arm-tiny base_tag=arm-tiny architecture=arm specialization=tiny capabilities=[] duration_ms=3.147043 latency_reward=-1.146463 cost_weight=0.000000 cost_factor=0.400000 cost_term=0.000000 energy_weight=0.000000 energy_factor=0.600000 energy_term=0.000000 memory_weight=0.000000 memory_penalty=0.000000 memory_term=0.000000 final_reward=-1.146463
2026/07/06 18:29:25 [MAB] event=update_reward ts=1783355365836 policy=UCB1 function=mab_cost_aware_1783355337 arm=arm-tiny duration_ms=3.147043 warm_start=true reward=-1.146463 count=17 avg_reward=-1.037912 total_counts=53
2026/07/06 18:29:26 [LB] Compatible tag found: function=mab_cost_aware_1783355337 tag=x86-tiny/gpu/nvidia arch=amd64 pattern="" ring_size=1
2026/07/06 18:29:26 [LB] Compatible tag found: function=mab_cost_aware_1783355337 tag=arm-tiny arch=amd64 pattern="" ring_size=1
2026/07/06 18:29:26 [LB] Compatible tag found: function=mab_cost_aware_1783355337 tag=x86-large arch=amd64 pattern="" ring_size=1
2026/07/06 18:29:26 [LB] Compatible tag found: function=mab_cost_aware_1783355337 tag=x86-tiny arch=amd64 pattern="" ring_size=1
2026/07/06 18:29:26 [LB] Compatible tags for function 'mab_cost_aware_1783355337': [x86-tiny/gpu/nvidia arm-tiny x86-large x86-tiny]
2026/07/06 18:29:26 [LB][MAB] event=before_select function=mab_cost_aware_1783355337 compatible_tags=[x86-tiny/gpu/nvidia arm-tiny x86-large x86-tiny] has_context=true
2026/07/06 18:29:26 [MAB] event=arm_score ts=1783355366055 policy=UCB1 function=mab_cost_aware_1783355337 arm=x86-large score=-0.644428 count=11 avg_reward=-1.125051 total_counts=53
2026/07/06 18:29:26 [MAB] event=arm_score ts=1783355366055 policy=UCB1 function=mab_cost_aware_1783355337 arm=x86-tiny score=-0.666896 count=16 avg_reward=-1.065407 total_counts=53
2026/07/06 18:29:26 [MAB] event=arm_score ts=1783355366055 policy=UCB1 function=mab_cost_aware_1783355337 arm=x86-tiny/gpu/nvidia score=-0.640755 count=9 avg_reward=-1.172104 total_counts=53
2026/07/06 18:29:26 [MAB] event=arm_score ts=1783355366055 policy=UCB1 function=mab_cost_aware_1783355337 arm=arm-tiny score=-0.651299 count=17 avg_reward=-1.037912 total_counts=53
2026/07/06 18:29:26 [MAB] event=select_arm ts=1783355366055 policy=UCB1 function=mab_cost_aware_1783355337 selected_arm=x86-tiny/gpu/nvidia reason=ucb_score score=-0.640755 total_counts=53 arms=[arm-tiny,x86-large,x86-tiny,x86-tiny/gpu/nvidia]
2026/07/06 18:29:26 [LB][MAB] event=after_select function=mab_cost_aware_1783355337 selected_tag=x86-tiny/gpu/nvidia compatible_tags=[x86-tiny/gpu/nvidia arm-tiny x86-large x86-tiny]
2026/07/06 18:29:26 Candidate has: 512 MB free memory. Function needs: 128 MB
2026/07/06 18:29:26 [LB] Selected target for function 'mab_cost_aware_1783355337': target_tag=x86-tiny/gpu/nvidia candidate=DvoAKoY3Ri96uiPJTCYxsm1783355341326237908 candidate_tag=x86-tiny/gpu/nvidia
2026/07/06 18:29:26 [LB-Update] Node DvoAKoY3Ri96uiPJTCYxsm1783355341326237908 reported 512 MB free
2026/07/06 18:29:26 [MAB] event=reward_breakdown ts=1783355366059 policy=UCB1 function=mab_cost_aware_1783355337 arm=x86-tiny/gpu/nvidia base_tag=x86-tiny architecture=x86 specialization=tiny capabilities=[gpu,nvidia] duration_ms=3.151689 latency_reward=-1.147938 cost_weight=0.000000 cost_factor=1.600000 cost_term=0.000000 energy_weight=0.000000 energy_factor=1.800000 energy_term=0.000000 memory_weight=0.000000 memory_penalty=0.000000 memory_term=0.000000 final_reward=-1.147938
2026/07/06 18:29:26 [MAB] event=update_reward ts=1783355366059 policy=UCB1 function=mab_cost_aware_1783355337 arm=x86-tiny/gpu/nvidia duration_ms=3.151689 warm_start=true reward=-1.147938 count=10 avg_reward=-1.169688 total_counts=54
2026/07/06 18:29:26 [LB] Compatible tag found: function=mab_cost_aware_1783355337 tag=x86-tiny/gpu/nvidia arch=amd64 pattern="" ring_size=1
2026/07/06 18:29:26 [LB] Compatible tag found: function=mab_cost_aware_1783355337 tag=arm-tiny arch=amd64 pattern="" ring_size=1
2026/07/06 18:29:26 [LB] Compatible tag found: function=mab_cost_aware_1783355337 tag=x86-large arch=amd64 pattern="" ring_size=1
2026/07/06 18:29:26 [LB] Compatible tag found: function=mab_cost_aware_1783355337 tag=x86-tiny arch=amd64 pattern="" ring_size=1
2026/07/06 18:29:26 [LB] Compatible tags for function 'mab_cost_aware_1783355337': [x86-tiny/gpu/nvidia arm-tiny x86-large x86-tiny]
2026/07/06 18:29:26 [LB][MAB] event=before_select function=mab_cost_aware_1783355337 compatible_tags=[x86-tiny/gpu/nvidia arm-tiny x86-large x86-tiny] has_context=true
2026/07/06 18:29:26 [MAB] event=arm_score ts=1783355366281 policy=UCB1 function=mab_cost_aware_1783355337 arm=x86-tiny/gpu/nvidia score=-0.664420 count=10 avg_reward=-1.169688 total_counts=54
2026/07/06 18:29:26 [MAB] event=arm_score ts=1783355366281 policy=UCB1 function=mab_cost_aware_1783355337 arm=arm-tiny score=-0.650390 count=17 avg_reward=-1.037912 total_counts=54
2026/07/06 18:29:26 [MAB] event=arm_score ts=1783355366281 policy=UCB1 function=mab_cost_aware_1783355337 arm=x86-large score=-0.643298 count=11 avg_reward=-1.125051 total_counts=54
2026/07/06 18:29:26 [MAB] event=arm_score ts=1783355366281 policy=UCB1 function=mab_cost_aware_1783355337 arm=x86-tiny score=-0.665959 count=16 avg_reward=-1.065407 total_counts=54
2026/07/06 18:29:26 [MAB] event=select_arm ts=1783355366281 policy=UCB1 function=mab_cost_aware_1783355337 selected_arm=x86-large reason=ucb_score score=-0.643298 total_counts=54 arms=[arm-tiny,x86-large,x86-tiny,x86-tiny/gpu/nvidia]
2026/07/06 18:29:26 [LB][MAB] event=after_select function=mab_cost_aware_1783355337 selected_tag=x86-large compatible_tags=[x86-tiny/gpu/nvidia arm-tiny x86-large x86-tiny]
2026/07/06 18:29:26 Candidate has: 512 MB free memory. Function needs: 128 MB
2026/07/06 18:29:26 [LB] Selected target for function 'mab_cost_aware_1783355337': target_tag=x86-large candidate=xRr5jbhHAXQZLSnr8btjbk1783355341324487014 candidate_tag=x86-large
2026/07/06 18:29:26 [LB-Update] Node xRr5jbhHAXQZLSnr8btjbk1783355341324487014 reported 512 MB free
2026/07/06 18:29:26 [MAB] event=reward_breakdown ts=1783355366285 policy=UCB1 function=mab_cost_aware_1783355337 arm=x86-large base_tag=x86-large architecture=x86 specialization=large capabilities=[] duration_ms=3.293891 latency_reward=-1.192070 cost_weight=0.000000 cost_factor=1.200000 cost_term=0.000000 energy_weight=0.000000 energy_factor=1.200000 energy_term=0.000000 memory_weight=0.000000 memory_penalty=0.000000 memory_term=0.000000 final_reward=-1.192070
2026/07/06 18:29:26 [MAB] event=update_reward ts=1783355366285 policy=UCB1 function=mab_cost_aware_1783355337 arm=x86-large duration_ms=3.293891 warm_start=true reward=-1.192070 count=12 avg_reward=-1.130636 total_counts=55
2026/07/06 18:29:26 [LB] Compatible tag found: function=mab_cost_aware_1783355337 tag=x86-tiny/gpu/nvidia arch=amd64 pattern="" ring_size=1
2026/07/06 18:29:26 [LB] Compatible tag found: function=mab_cost_aware_1783355337 tag=arm-tiny arch=amd64 pattern="" ring_size=1
2026/07/06 18:29:26 [LB] Compatible tag found: function=mab_cost_aware_1783355337 tag=x86-large arch=amd64 pattern="" ring_size=1
2026/07/06 18:29:26 [LB] Compatible tag found: function=mab_cost_aware_1783355337 tag=x86-tiny arch=amd64 pattern="" ring_size=1
2026/07/06 18:29:26 [LB] Compatible tags for function 'mab_cost_aware_1783355337': [x86-tiny/gpu/nvidia arm-tiny x86-large x86-tiny]
2026/07/06 18:29:26 [LB][MAB] event=before_select function=mab_cost_aware_1783355337 compatible_tags=[x86-tiny/gpu/nvidia arm-tiny x86-large x86-tiny] has_context=true
2026/07/06 18:29:26 [MAB] event=arm_score ts=1783355366505 policy=UCB1 function=mab_cost_aware_1783355337 arm=x86-tiny score=-0.665041 count=16 avg_reward=-1.065407 total_counts=55
2026/07/06 18:29:26 [MAB] event=arm_score ts=1783355366505 policy=UCB1 function=mab_cost_aware_1783355337 arm=x86-tiny/gpu/nvidia score=-0.663260 count=10 avg_reward=-1.169688 total_counts=55
2026/07/06 18:29:26 [MAB] event=arm_score ts=1783355366505 policy=UCB1 function=mab_cost_aware_1783355337 arm=arm-tiny score=-0.649500 count=17 avg_reward=-1.037912 total_counts=55
2026/07/06 18:29:26 [MAB] event=arm_score ts=1783355366505 policy=UCB1 function=mab_cost_aware_1783355337 arm=x86-large score=-0.668333 count=12 avg_reward=-1.130636 total_counts=55
2026/07/06 18:29:26 [MAB] event=select_arm ts=1783355366505 policy=UCB1 function=mab_cost_aware_1783355337 selected_arm=arm-tiny reason=ucb_score score=-0.649500 total_counts=55 arms=[arm-tiny,x86-large,x86-tiny,x86-tiny/gpu/nvidia]
2026/07/06 18:29:26 [LB][MAB] event=after_select function=mab_cost_aware_1783355337 selected_tag=arm-tiny compatible_tags=[x86-tiny/gpu/nvidia arm-tiny x86-large x86-tiny]
2026/07/06 18:29:26 Candidate has: 512 MB free memory. Function needs: 128 MB
2026/07/06 18:29:26 [LB] Selected target for function 'mab_cost_aware_1783355337': target_tag=arm-tiny candidate=vKpVjum8by27PngFGoYpfA1783355341327784155 candidate_tag=arm-tiny
2026/07/06 18:29:26 [LB-Update] Node vKpVjum8by27PngFGoYpfA1783355341327784155 reported 512 MB free
2026/07/06 18:29:26 [MAB] event=reward_breakdown ts=1783355366508 policy=UCB1 function=mab_cost_aware_1783355337 arm=arm-tiny base_tag=arm-tiny architecture=arm specialization=tiny capabilities=[] duration_ms=2.813791 latency_reward=-1.034533 cost_weight=0.000000 cost_factor=0.400000 cost_term=0.000000 energy_weight=0.000000 energy_factor=0.600000 energy_term=0.000000 memory_weight=0.000000 memory_penalty=0.000000 memory_term=0.000000 final_reward=-1.034533
2026/07/06 18:29:26 [MAB] event=update_reward ts=1783355366508 policy=UCB1 function=mab_cost_aware_1783355337 arm=arm-tiny duration_ms=2.813791 warm_start=true reward=-1.034533 count=18 avg_reward=-1.037725 total_counts=56
2026/07/06 18:29:26 [LB] Compatible tag found: function=mab_cost_aware_1783355337 tag=x86-tiny/gpu/nvidia arch=amd64 pattern="" ring_size=1
2026/07/06 18:29:26 [LB] Compatible tag found: function=mab_cost_aware_1783355337 tag=arm-tiny arch=amd64 pattern="" ring_size=1
2026/07/06 18:29:26 [LB] Compatible tag found: function=mab_cost_aware_1783355337 tag=x86-large arch=amd64 pattern="" ring_size=1
2026/07/06 18:29:26 [LB] Compatible tag found: function=mab_cost_aware_1783355337 tag=x86-tiny arch=amd64 pattern="" ring_size=1
2026/07/06 18:29:26 [LB] Compatible tags for function 'mab_cost_aware_1783355337': [x86-tiny/gpu/nvidia arm-tiny x86-large x86-tiny]
2026/07/06 18:29:26 [LB][MAB] event=before_select function=mab_cost_aware_1783355337 compatible_tags=[x86-tiny/gpu/nvidia arm-tiny x86-large x86-tiny] has_context=true
2026/07/06 18:29:26 [MAB] event=arm_score ts=1783355366726 policy=UCB1 function=mab_cost_aware_1783355337 arm=x86-large score=-0.667294 count=12 avg_reward=-1.130636 total_counts=56
2026/07/06 18:29:26 [MAB] event=arm_score ts=1783355366726 policy=UCB1 function=mab_cost_aware_1783355337 arm=x86-tiny score=-0.664142 count=16 avg_reward=-1.065407 total_counts=56
2026/07/06 18:29:26 [MAB] event=arm_score ts=1783355366726 policy=UCB1 function=mab_cost_aware_1783355337 arm=x86-tiny/gpu/nvidia score=-0.662122 count=10 avg_reward=-1.169688 total_counts=56
2026/07/06 18:29:26 [MAB] event=arm_score ts=1783355366726 policy=UCB1 function=mab_cost_aware_1783355337 arm=arm-tiny score=-0.659408 count=18 avg_reward=-1.037725 total_counts=56
2026/07/06 18:29:26 [MAB] event=select_arm ts=1783355366726 policy=UCB1 function=mab_cost_aware_1783355337 selected_arm=arm-tiny reason=ucb_score score=-0.659408 total_counts=56 arms=[arm-tiny,x86-large,x86-tiny,x86-tiny/gpu/nvidia]
2026/07/06 18:29:26 [LB][MAB] event=after_select function=mab_cost_aware_1783355337 selected_tag=arm-tiny compatible_tags=[x86-tiny/gpu/nvidia arm-tiny x86-large x86-tiny]
2026/07/06 18:29:26 Candidate has: 512 MB free memory. Function needs: 128 MB
2026/07/06 18:29:26 [LB] Selected target for function 'mab_cost_aware_1783355337': target_tag=arm-tiny candidate=vKpVjum8by27PngFGoYpfA1783355341327784155 candidate_tag=arm-tiny
2026/07/06 18:29:26 [LB-Update] Node vKpVjum8by27PngFGoYpfA1783355341327784155 reported 512 MB free
2026/07/06 18:29:26 [MAB] event=reward_breakdown ts=1783355366730 policy=UCB1 function=mab_cost_aware_1783355337 arm=arm-tiny base_tag=arm-tiny architecture=arm specialization=tiny capabilities=[] duration_ms=2.772224 latency_reward=-1.019650 cost_weight=0.000000 cost_factor=0.400000 cost_term=0.000000 energy_weight=0.000000 energy_factor=0.600000 energy_term=0.000000 memory_weight=0.000000 memory_penalty=0.000000 memory_term=0.000000 final_reward=-1.019650
2026/07/06 18:29:26 [MAB] event=update_reward ts=1783355366730 policy=UCB1 function=mab_cost_aware_1783355337 arm=arm-tiny duration_ms=2.772224 warm_start=true reward=-1.019650 count=19 avg_reward=-1.036773 total_counts=57
2026/07/06 18:29:26 [LB] Compatible tag found: function=mab_cost_aware_1783355337 tag=x86-tiny/gpu/nvidia arch=amd64 pattern="" ring_size=1
2026/07/06 18:29:26 [LB] Compatible tag found: function=mab_cost_aware_1783355337 tag=arm-tiny arch=amd64 pattern="" ring_size=1
2026/07/06 18:29:26 [LB] Compatible tag found: function=mab_cost_aware_1783355337 tag=x86-large arch=amd64 pattern="" ring_size=1
2026/07/06 18:29:26 [LB] Compatible tag found: function=mab_cost_aware_1783355337 tag=x86-tiny arch=amd64 pattern="" ring_size=1
2026/07/06 18:29:26 [LB] Compatible tags for function 'mab_cost_aware_1783355337': [x86-tiny/gpu/nvidia arm-tiny x86-large x86-tiny]
2026/07/06 18:29:26 [LB][MAB] event=before_select function=mab_cost_aware_1783355337 compatible_tags=[x86-tiny/gpu/nvidia arm-tiny x86-large x86-tiny] has_context=true
2026/07/06 18:29:26 [MAB] event=arm_score ts=1783355366951 policy=UCB1 function=mab_cost_aware_1783355337 arm=x86-tiny score=-0.663261 count=16 avg_reward=-1.065407 total_counts=57
2026/07/06 18:29:26 [MAB] event=arm_score ts=1783355366951 policy=UCB1 function=mab_cost_aware_1783355337 arm=x86-tiny/gpu/nvidia score=-0.661008 count=10 avg_reward=-1.169688 total_counts=57
2026/07/06 18:29:26 [MAB] event=arm_score ts=1783355366951 policy=UCB1 function=mab_cost_aware_1783355337 arm=arm-tiny score=-0.667738 count=19 avg_reward=-1.036773 total_counts=57
2026/07/06 18:29:26 [MAB] event=arm_score ts=1783355366951 policy=UCB1 function=mab_cost_aware_1783355337 arm=x86-large score=-0.666277 count=12 avg_reward=-1.130636 total_counts=57
2026/07/06 18:29:26 [MAB] event=select_arm ts=1783355366951 policy=UCB1 function=mab_cost_aware_1783355337 selected_arm=x86-tiny/gpu/nvidia reason=ucb_score score=-0.661008 total_counts=57 arms=[arm-tiny,x86-large,x86-tiny,x86-tiny/gpu/nvidia]
2026/07/06 18:29:26 [LB][MAB] event=after_select function=mab_cost_aware_1783355337 selected_tag=x86-tiny/gpu/nvidia compatible_tags=[x86-tiny/gpu/nvidia arm-tiny x86-large x86-tiny]
2026/07/06 18:29:26 Candidate has: 512 MB free memory. Function needs: 128 MB
2026/07/06 18:29:26 [LB] Selected target for function 'mab_cost_aware_1783355337': target_tag=x86-tiny/gpu/nvidia candidate=DvoAKoY3Ri96uiPJTCYxsm1783355341326237908 candidate_tag=x86-tiny/gpu/nvidia
2026/07/06 18:29:26 [LB-Update] Node DvoAKoY3Ri96uiPJTCYxsm1783355341326237908 reported 512 MB free
2026/07/06 18:29:26 [MAB] event=reward_breakdown ts=1783355366954 policy=UCB1 function=mab_cost_aware_1783355337 arm=x86-tiny/gpu/nvidia base_tag=x86-tiny architecture=x86 specialization=tiny capabilities=[gpu,nvidia] duration_ms=2.769270 latency_reward=-1.018584 cost_weight=0.000000 cost_factor=1.600000 cost_term=0.000000 energy_weight=0.000000 energy_factor=1.800000 energy_term=0.000000 memory_weight=0.000000 memory_penalty=0.000000 memory_term=0.000000 final_reward=-1.018584
2026/07/06 18:29:26 [MAB] event=update_reward ts=1783355366954 policy=UCB1 function=mab_cost_aware_1783355337 arm=x86-tiny/gpu/nvidia duration_ms=2.769270 warm_start=true reward=-1.018584 count=11 avg_reward=-1.155951 total_counts=58
2026/07/06 18:29:27 [LB] Compatible tag found: function=mab_cost_aware_1783355337 tag=x86-tiny/gpu/nvidia arch=amd64 pattern="" ring_size=1
2026/07/06 18:29:27 [LB] Compatible tag found: function=mab_cost_aware_1783355337 tag=arm-tiny arch=amd64 pattern="" ring_size=1
2026/07/06 18:29:27 [LB] Compatible tag found: function=mab_cost_aware_1783355337 tag=x86-large arch=amd64 pattern="" ring_size=1
2026/07/06 18:29:27 [LB] Compatible tag found: function=mab_cost_aware_1783355337 tag=x86-tiny arch=amd64 pattern="" ring_size=1
2026/07/06 18:29:27 [LB] Compatible tags for function 'mab_cost_aware_1783355337': [x86-tiny/gpu/nvidia arm-tiny x86-large x86-tiny]
2026/07/06 18:29:27 [LB][MAB] event=before_select function=mab_cost_aware_1783355337 compatible_tags=[x86-tiny/gpu/nvidia arm-tiny x86-large x86-tiny] has_context=true
2026/07/06 18:29:27 [MAB] event=arm_score ts=1783355367174 policy=UCB1 function=mab_cost_aware_1783355337 arm=x86-tiny score=-0.662397 count=16 avg_reward=-1.065407 total_counts=58
2026/07/06 18:29:27 [MAB] event=arm_score ts=1783355367174 policy=UCB1 function=mab_cost_aware_1783355337 arm=x86-tiny/gpu/nvidia score=-0.669902 count=11 avg_reward=-1.155951 total_counts=58
2026/07/06 18:29:27 [MAB] event=arm_score ts=1783355367174 policy=UCB1 function=mab_cost_aware_1783355337 arm=arm-tiny score=-0.666945 count=19 avg_reward=-1.036773 total_counts=58
2026/07/06 18:29:27 [MAB] event=arm_score ts=1783355367174 policy=UCB1 function=mab_cost_aware_1783355337 arm=x86-large score=-0.665279 count=12 avg_reward=-1.130636 total_counts=58
2026/07/06 18:29:27 [MAB] event=select_arm ts=1783355367174 policy=UCB1 function=mab_cost_aware_1783355337 selected_arm=x86-tiny reason=ucb_score score=-0.662397 total_counts=58 arms=[arm-tiny,x86-large,x86-tiny,x86-tiny/gpu/nvidia]
2026/07/06 18:29:27 [LB][MAB] event=after_select function=mab_cost_aware_1783355337 selected_tag=x86-tiny compatible_tags=[x86-tiny/gpu/nvidia arm-tiny x86-large x86-tiny]
2026/07/06 18:29:27 Candidate has: 512 MB free memory. Function needs: 128 MB
2026/07/06 18:29:27 [LB] Selected target for function 'mab_cost_aware_1783355337': target_tag=x86-tiny candidate=fEFRxvzyvoNqYEJ4gkUx2o1783355341321547100 candidate_tag=x86-tiny
2026/07/06 18:29:27 [LB-Update] Node fEFRxvzyvoNqYEJ4gkUx2o1783355341321547100 reported 512 MB free
2026/07/06 18:29:27 [MAB] event=reward_breakdown ts=1783355367178 policy=UCB1 function=mab_cost_aware_1783355337 arm=x86-tiny base_tag=x86-tiny architecture=x86 specialization=tiny capabilities=[] duration_ms=3.327562 latency_reward=-1.202240 cost_weight=0.000000 cost_factor=0.400000 cost_term=0.000000 energy_weight=0.000000 energy_factor=1.000000 energy_term=0.000000 memory_weight=0.000000 memory_penalty=0.000000 memory_term=0.000000 final_reward=-1.202240
2026/07/06 18:29:27 [MAB] event=update_reward ts=1783355367178 policy=UCB1 function=mab_cost_aware_1783355337 arm=x86-tiny duration_ms=3.327562 warm_start=true reward=-1.202240 count=17 avg_reward=-1.073456 total_counts=59
2026/07/06 18:29:27 [LB]: Periodic targets update
2026/07/06 18:29:27 Found target: vKpVjum8by27PngFGoYpfA1783355341327784155
2026/07/06 18:29:27 Found target: xRr5jbhHAXQZLSnr8btjbk1783355341324487014
2026/07/06 18:29:27 Found target: fEFRxvzyvoNqYEJ4gkUx2o1783355341321547100
2026/07/06 18:29:27 Found target: DvoAKoY3Ri96uiPJTCYxsm1783355341326237908
2026/07/06 18:29:27 Found 4 targets
2026/07/06 18:29:27 [LB] Compatible tag found: function=mab_cost_aware_1783355337 tag=x86-tiny/gpu/nvidia arch=amd64 pattern="" ring_size=1
2026/07/06 18:29:27 [LB] Compatible tag found: function=mab_cost_aware_1783355337 tag=arm-tiny arch=amd64 pattern="" ring_size=1
2026/07/06 18:29:27 [LB] Compatible tag found: function=mab_cost_aware_1783355337 tag=x86-large arch=amd64 pattern="" ring_size=1
2026/07/06 18:29:27 [LB] Compatible tag found: function=mab_cost_aware_1783355337 tag=x86-tiny arch=amd64 pattern="" ring_size=1
2026/07/06 18:29:27 [LB] Compatible tags for function 'mab_cost_aware_1783355337': [x86-tiny/gpu/nvidia arm-tiny x86-large x86-tiny]
2026/07/06 18:29:27 [LB][MAB] event=before_select function=mab_cost_aware_1783355337 compatible_tags=[x86-tiny/gpu/nvidia arm-tiny x86-large x86-tiny] has_context=true
2026/07/06 18:29:27 [MAB] event=arm_score ts=1783355367399 policy=UCB1 function=mab_cost_aware_1783355337 arm=x86-tiny/gpu/nvidia score=-0.668879 count=11 avg_reward=-1.155951 total_counts=59
2026/07/06 18:29:27 [MAB] event=arm_score ts=1783355367399 policy=UCB1 function=mab_cost_aware_1783355337 arm=arm-tiny score=-0.666168 count=19 avg_reward=-1.036773 total_counts=59
2026/07/06 18:29:27 [MAB] event=arm_score ts=1783355367399 policy=UCB1 function=mab_cost_aware_1783355337 arm=x86-large score=-0.664301 count=12 avg_reward=-1.130636 total_counts=59
2026/07/06 18:29:27 [MAB] event=arm_score ts=1783355367399 policy=UCB1 function=mab_cost_aware_1783355337 arm=x86-tiny score=-0.681656 count=17 avg_reward=-1.073456 total_counts=59
2026/07/06 18:29:27 [MAB] event=select_arm ts=1783355367399 policy=UCB1 function=mab_cost_aware_1783355337 selected_arm=x86-large reason=ucb_score score=-0.664301 total_counts=59 arms=[arm-tiny,x86-large,x86-tiny,x86-tiny/gpu/nvidia]
2026/07/06 18:29:27 [LB][MAB] event=after_select function=mab_cost_aware_1783355337 selected_tag=x86-large compatible_tags=[x86-tiny/gpu/nvidia arm-tiny x86-large x86-tiny]
2026/07/06 18:29:27 Candidate has: 512 MB free memory. Function needs: 128 MB
2026/07/06 18:29:27 [LB] Selected target for function 'mab_cost_aware_1783355337': target_tag=x86-large candidate=xRr5jbhHAXQZLSnr8btjbk1783355341324487014 candidate_tag=x86-large
2026/07/06 18:29:27 [LB-Update] Node xRr5jbhHAXQZLSnr8btjbk1783355341324487014 reported 512 MB free
2026/07/06 18:29:27 [MAB] event=reward_breakdown ts=1783355367403 policy=UCB1 function=mab_cost_aware_1783355337 arm=x86-large base_tag=x86-large architecture=x86 specialization=large capabilities=[] duration_ms=3.037911 latency_reward=-1.111170 cost_weight=0.000000 cost_factor=1.200000 cost_term=0.000000 energy_weight=0.000000 energy_factor=1.200000 energy_term=0.000000 memory_weight=0.000000 memory_penalty=0.000000 memory_term=0.000000 final_reward=-1.111170
2026/07/06 18:29:27 [MAB] event=update_reward ts=1783355367403 policy=UCB1 function=mab_cost_aware_1783355337 arm=x86-large duration_ms=3.037911 warm_start=true reward=-1.111170 count=13 avg_reward=-1.129139 total_counts=60
2026/07/06 18:29:27 [LB] Compatible tag found: function=mab_cost_aware_1783355337 tag=x86-tiny/gpu/nvidia arch=amd64 pattern="" ring_size=1
2026/07/06 18:29:27 [LB] Compatible tag found: function=mab_cost_aware_1783355337 tag=arm-tiny arch=amd64 pattern="" ring_size=1
2026/07/06 18:29:27 [LB] Compatible tag found: function=mab_cost_aware_1783355337 tag=x86-large arch=amd64 pattern="" ring_size=1
2026/07/06 18:29:27 [LB] Compatible tag found: function=mab_cost_aware_1783355337 tag=x86-tiny arch=amd64 pattern="" ring_size=1
2026/07/06 18:29:27 [LB] Compatible tags for function 'mab_cost_aware_1783355337': [x86-tiny/gpu/nvidia arm-tiny x86-large x86-tiny]
2026/07/06 18:29:27 [LB][MAB] event=before_select function=mab_cost_aware_1783355337 compatible_tags=[x86-tiny/gpu/nvidia arm-tiny x86-large x86-tiny] has_context=true
2026/07/06 18:29:27 [MAB] event=arm_score ts=1783355367622 policy=UCB1 function=mab_cost_aware_1783355337 arm=x86-tiny/gpu/nvidia score=-0.667877 count=11 avg_reward=-1.155951 total_counts=60
2026/07/06 18:29:27 [MAB] event=arm_score ts=1783355367622 policy=UCB1 function=mab_cost_aware_1783355337 arm=arm-tiny score=-0.665405 count=19 avg_reward=-1.036773 total_counts=60
2026/07/06 18:29:27 [MAB] event=arm_score ts=1783355367622 policy=UCB1 function=mab_cost_aware_1783355337 arm=x86-large score=-0.680176 count=13 avg_reward=-1.129139 total_counts=60
2026/07/06 18:29:27 [MAB] event=arm_score ts=1783355367622 policy=UCB1 function=mab_cost_aware_1783355337 arm=x86-tiny score=-0.680850 count=17 avg_reward=-1.073456 total_counts=60
2026/07/06 18:29:27 [MAB] event=select_arm ts=1783355367622 policy=UCB1 function=mab_cost_aware_1783355337 selected_arm=arm-tiny reason=ucb_score score=-0.665405 total_counts=60 arms=[arm-tiny,x86-large,x86-tiny,x86-tiny/gpu/nvidia]
2026/07/06 18:29:27 [LB][MAB] event=after_select function=mab_cost_aware_1783355337 selected_tag=arm-tiny compatible_tags=[x86-tiny/gpu/nvidia arm-tiny x86-large x86-tiny]
2026/07/06 18:29:27 Candidate has: 512 MB free memory. Function needs: 128 MB
2026/07/06 18:29:27 [LB] Selected target for function 'mab_cost_aware_1783355337': target_tag=arm-tiny candidate=vKpVjum8by27PngFGoYpfA1783355341327784155 candidate_tag=arm-tiny
2026/07/06 18:29:27 [LB-Update] Node vKpVjum8by27PngFGoYpfA1783355341327784155 reported 512 MB free
2026/07/06 18:29:27 [MAB] event=reward_breakdown ts=1783355367626 policy=UCB1 function=mab_cost_aware_1783355337 arm=arm-tiny base_tag=arm-tiny architecture=arm specialization=tiny capabilities=[] duration_ms=3.220937 latency_reward=-1.169672 cost_weight=0.000000 cost_factor=0.400000 cost_term=0.000000 energy_weight=0.000000 energy_factor=0.600000 energy_term=0.000000 memory_weight=0.000000 memory_penalty=0.000000 memory_term=0.000000 final_reward=-1.169672
2026/07/06 18:29:27 [MAB] event=update_reward ts=1783355367626 policy=UCB1 function=mab_cost_aware_1783355337 arm=arm-tiny duration_ms=3.220937 warm_start=true reward=-1.169672 count=20 avg_reward=-1.043418 total_counts=61
2026/07/06 18:29:27 [LB] Compatible tag found: function=mab_cost_aware_1783355337 tag=x86-tiny/gpu/nvidia arch=amd64 pattern="" ring_size=1
2026/07/06 18:29:27 [LB] Compatible tag found: function=mab_cost_aware_1783355337 tag=arm-tiny arch=amd64 pattern="" ring_size=1
2026/07/06 18:29:27 [LB] Compatible tag found: function=mab_cost_aware_1783355337 tag=x86-large arch=amd64 pattern="" ring_size=1
2026/07/06 18:29:27 [LB] Compatible tag found: function=mab_cost_aware_1783355337 tag=x86-tiny arch=amd64 pattern="" ring_size=1
2026/07/06 18:29:27 [LB] Compatible tags for function 'mab_cost_aware_1783355337': [x86-tiny/gpu/nvidia arm-tiny x86-large x86-tiny]
2026/07/06 18:29:27 [LB][MAB] event=before_select function=mab_cost_aware_1783355337 compatible_tags=[x86-tiny/gpu/nvidia arm-tiny x86-large x86-tiny] has_context=true
2026/07/06 18:29:27 [MAB] event=arm_score ts=1783355367844 policy=UCB1 function=mab_cost_aware_1783355337 arm=x86-tiny/gpu/nvidia score=-0.666892 count=11 avg_reward=-1.155951 total_counts=61
2026/07/06 18:29:27 [MAB] event=arm_score ts=1783355367844 policy=UCB1 function=mab_cost_aware_1783355337 arm=arm-tiny score=-0.680723 count=20 avg_reward=-1.043418 total_counts=61
2026/07/06 18:29:27 [MAB] event=arm_score ts=1783355367844 policy=UCB1 function=mab_cost_aware_1783355337 arm=x86-large score=-0.679270 count=13 avg_reward=-1.129139 total_counts=61
2026/07/06 18:29:27 [MAB] event=arm_score ts=1783355367844 policy=UCB1 function=mab_cost_aware_1783355337 arm=x86-tiny score=-0.680058 count=17 avg_reward=-1.073456 total_counts=61
2026/07/06 18:29:27 [MAB] event=select_arm ts=1783355367844 policy=UCB1 function=mab_cost_aware_1783355337 selected_arm=x86-tiny/gpu/nvidia reason=ucb_score score=-0.666892 total_counts=61 arms=[arm-tiny,x86-large,x86-tiny,x86-tiny/gpu/nvidia]
2026/07/06 18:29:27 [LB][MAB] event=after_select function=mab_cost_aware_1783355337 selected_tag=x86-tiny/gpu/nvidia compatible_tags=[x86-tiny/gpu/nvidia arm-tiny x86-large x86-tiny]
2026/07/06 18:29:27 Candidate has: 512 MB free memory. Function needs: 128 MB
2026/07/06 18:29:27 [LB] Selected target for function 'mab_cost_aware_1783355337': target_tag=x86-tiny/gpu/nvidia candidate=DvoAKoY3Ri96uiPJTCYxsm1783355341326237908 candidate_tag=x86-tiny/gpu/nvidia
2026/07/06 18:29:27 [LB-Update] Node DvoAKoY3Ri96uiPJTCYxsm1783355341326237908 reported 512 MB free
2026/07/06 18:29:27 [MAB] event=reward_breakdown ts=1783355367848 policy=UCB1 function=mab_cost_aware_1783355337 arm=x86-tiny/gpu/nvidia base_tag=x86-tiny architecture=x86 specialization=tiny capabilities=[gpu,nvidia] duration_ms=3.028006 latency_reward=-1.107904 cost_weight=0.000000 cost_factor=1.600000 cost_term=0.000000 energy_weight=0.000000 energy_factor=1.800000 energy_term=0.000000 memory_weight=0.000000 memory_penalty=0.000000 memory_term=0.000000 final_reward=-1.107904
2026/07/06 18:29:27 [MAB] event=update_reward ts=1783355367848 policy=UCB1 function=mab_cost_aware_1783355337 arm=x86-tiny/gpu/nvidia duration_ms=3.028006 warm_start=true reward=-1.107904 count=12 avg_reward=-1.151947 total_counts=62
2026/07/06 18:29:28 [LB] Compatible tag found: function=mab_cost_aware_1783355337 tag=x86-tiny/gpu/nvidia arch=amd64 pattern="" ring_size=1
2026/07/06 18:29:28 [LB] Compatible tag found: function=mab_cost_aware_1783355337 tag=arm-tiny arch=amd64 pattern="" ring_size=1
2026/07/06 18:29:28 [LB] Compatible tag found: function=mab_cost_aware_1783355337 tag=x86-large arch=amd64 pattern="" ring_size=1
2026/07/06 18:29:28 [LB] Compatible tag found: function=mab_cost_aware_1783355337 tag=x86-tiny arch=amd64 pattern="" ring_size=1
2026/07/06 18:29:28 [LB] Compatible tags for function 'mab_cost_aware_1783355337': [x86-tiny/gpu/nvidia arm-tiny x86-large x86-tiny]
2026/07/06 18:29:28 [LB][MAB] event=before_select function=mab_cost_aware_1783355337 compatible_tags=[x86-tiny/gpu/nvidia arm-tiny x86-large x86-tiny] has_context=true
2026/07/06 18:29:28 [MAB] event=arm_score ts=1783355368067 policy=UCB1 function=mab_cost_aware_1783355337 arm=x86-tiny/gpu/nvidia score=-0.682784 count=12 avg_reward=-1.151947 total_counts=62
2026/07/06 18:29:28 [MAB] event=arm_score ts=1783355368067 policy=UCB1 function=mab_cost_aware_1783355337 arm=arm-tiny score=-0.680006 count=20 avg_reward=-1.043418 total_counts=62
2026/07/06 18:29:28 [MAB] event=arm_score ts=1783355368067 policy=UCB1 function=mab_cost_aware_1783355337 arm=x86-large score=-0.678382 count=13 avg_reward=-1.129139 total_counts=62
2026/07/06 18:29:28 [MAB] event=arm_score ts=1783355368067 policy=UCB1 function=mab_cost_aware_1783355337 arm=x86-tiny score=-0.679281 count=17 avg_reward=-1.073456 total_counts=62
2026/07/06 18:29:28 [MAB] event=select_arm ts=1783355368067 policy=UCB1 function=mab_cost_aware_1783355337 selected_arm=x86-large reason=ucb_score score=-0.678382 total_counts=62 arms=[arm-tiny,x86-large,x86-tiny,x86-tiny/gpu/nvidia]
2026/07/06 18:29:28 [LB][MAB] event=after_select function=mab_cost_aware_1783355337 selected_tag=x86-large compatible_tags=[x86-tiny/gpu/nvidia arm-tiny x86-large x86-tiny]
2026/07/06 18:29:28 Candidate has: 512 MB free memory. Function needs: 128 MB
2026/07/06 18:29:28 [LB] Selected target for function 'mab_cost_aware_1783355337': target_tag=x86-large candidate=xRr5jbhHAXQZLSnr8btjbk1783355341324487014 candidate_tag=x86-large
2026/07/06 18:29:28 [LB-Update] Node xRr5jbhHAXQZLSnr8btjbk1783355341324487014 reported 512 MB free
2026/07/06 18:29:28 [MAB] event=reward_breakdown ts=1783355368071 policy=UCB1 function=mab_cost_aware_1783355337 arm=x86-large base_tag=x86-large architecture=x86 specialization=large capabilities=[] duration_ms=2.878572 latency_reward=-1.057294 cost_weight=0.000000 cost_factor=1.200000 cost_term=0.000000 energy_weight=0.000000 energy_factor=1.200000 energy_term=0.000000 memory_weight=0.000000 memory_penalty=0.000000 memory_term=0.000000 final_reward=-1.057294
2026/07/06 18:29:28 [MAB] event=update_reward ts=1783355368071 policy=UCB1 function=mab_cost_aware_1783355337 arm=x86-large duration_ms=2.878572 warm_start=true reward=-1.057294 count=14 avg_reward=-1.124007 total_counts=63
2026/07/06 18:29:28 [LB] Compatible tag found: function=mab_cost_aware_1783355337 tag=x86-tiny/gpu/nvidia arch=amd64 pattern="" ring_size=1
2026/07/06 18:29:28 [LB] Compatible tag found: function=mab_cost_aware_1783355337 tag=arm-tiny arch=amd64 pattern="" ring_size=1
2026/07/06 18:29:28 [LB] Compatible tag found: function=mab_cost_aware_1783355337 tag=x86-large arch=amd64 pattern="" ring_size=1
2026/07/06 18:29:28 [LB] Compatible tag found: function=mab_cost_aware_1783355337 tag=x86-tiny arch=amd64 pattern="" ring_size=1
2026/07/06 18:29:28 [LB] Compatible tags for function 'mab_cost_aware_1783355337': [x86-tiny/gpu/nvidia arm-tiny x86-large x86-tiny]
2026/07/06 18:29:28 [LB][MAB] event=before_select function=mab_cost_aware_1783355337 compatible_tags=[x86-tiny/gpu/nvidia arm-tiny x86-large x86-tiny] has_context=true
2026/07/06 18:29:28 [MAB] event=arm_score ts=1783355368289 policy=UCB1 function=mab_cost_aware_1783355337 arm=x86-tiny/gpu/nvidia score=-0.681875 count=12 avg_reward=-1.151947 total_counts=63
2026/07/06 18:29:28 [MAB] event=arm_score ts=1783355368289 policy=UCB1 function=mab_cost_aware_1783355337 arm=arm-tiny score=-0.679303 count=20 avg_reward=-1.043418 total_counts=63
2026/07/06 18:29:28 [MAB] event=arm_score ts=1783355368289 policy=UCB1 function=mab_cost_aware_1783355337 arm=x86-large score=-0.688805 count=14 avg_reward=-1.124007 total_counts=63
2026/07/06 18:29:28 [MAB] event=arm_score ts=1783355368289 policy=UCB1 function=mab_cost_aware_1783355337 arm=x86-tiny score=-0.678517 count=17 avg_reward=-1.073456 total_counts=63
2026/07/06 18:29:28 [MAB] event=select_arm ts=1783355368289 policy=UCB1 function=mab_cost_aware_1783355337 selected_arm=x86-tiny reason=ucb_score score=-0.678517 total_counts=63 arms=[arm-tiny,x86-large,x86-tiny,x86-tiny/gpu/nvidia]
2026/07/06 18:29:28 [LB][MAB] event=after_select function=mab_cost_aware_1783355337 selected_tag=x86-tiny compatible_tags=[x86-tiny/gpu/nvidia arm-tiny x86-large x86-tiny]
2026/07/06 18:29:28 Candidate has: 512 MB free memory. Function needs: 128 MB
2026/07/06 18:29:28 [LB] Selected target for function 'mab_cost_aware_1783355337': target_tag=x86-tiny candidate=fEFRxvzyvoNqYEJ4gkUx2o1783355341321547100 candidate_tag=x86-tiny
2026/07/06 18:29:28 [LB-Update] Node fEFRxvzyvoNqYEJ4gkUx2o1783355341321547100 reported 512 MB free
2026/07/06 18:29:28 [MAB] event=reward_breakdown ts=1783355368293 policy=UCB1 function=mab_cost_aware_1783355337 arm=x86-tiny base_tag=x86-tiny architecture=x86 specialization=tiny capabilities=[] duration_ms=3.178091 latency_reward=-1.156281 cost_weight=0.000000 cost_factor=0.400000 cost_term=0.000000 energy_weight=0.000000 energy_factor=1.000000 energy_term=0.000000 memory_weight=0.000000 memory_penalty=0.000000 memory_term=0.000000 final_reward=-1.156281
2026/07/06 18:29:28 [MAB] event=update_reward ts=1783355368293 policy=UCB1 function=mab_cost_aware_1783355337 arm=x86-tiny duration_ms=3.178091 warm_start=true reward=-1.156281 count=18 avg_reward=-1.078058 total_counts=64
2026/07/06 18:29:28 [LB] Compatible tag found: function=mab_cost_aware_1783355337 tag=x86-tiny/gpu/nvidia arch=amd64 pattern="" ring_size=1
2026/07/06 18:29:28 [LB] Compatible tag found: function=mab_cost_aware_1783355337 tag=arm-tiny arch=amd64 pattern="" ring_size=1
2026/07/06 18:29:28 [LB] Compatible tag found: function=mab_cost_aware_1783355337 tag=x86-large arch=amd64 pattern="" ring_size=1
2026/07/06 18:29:28 [LB] Compatible tag found: function=mab_cost_aware_1783355337 tag=x86-tiny arch=amd64 pattern="" ring_size=1
2026/07/06 18:29:28 [LB] Compatible tags for function 'mab_cost_aware_1783355337': [x86-tiny/gpu/nvidia arm-tiny x86-large x86-tiny]
2026/07/06 18:29:28 [LB][MAB] event=before_select function=mab_cost_aware_1783355337 compatible_tags=[x86-tiny/gpu/nvidia arm-tiny x86-large x86-tiny] has_context=true
2026/07/06 18:29:28 [MAB] event=arm_score ts=1783355368515 policy=UCB1 function=mab_cost_aware_1783355337 arm=arm-tiny score=-0.678611 count=20 avg_reward=-1.043418 total_counts=64
2026/07/06 18:29:28 [MAB] event=arm_score ts=1783355368515 policy=UCB1 function=mab_cost_aware_1783355337 arm=x86-large score=-0.687979 count=14 avg_reward=-1.124007 total_counts=64
2026/07/06 18:29:28 [MAB] event=arm_score ts=1783355368515 policy=UCB1 function=mab_cost_aware_1783355337 arm=x86-tiny score=-0.693517 count=18 avg_reward=-1.078058 total_counts=64
2026/07/06 18:29:28 [MAB] event=arm_score ts=1783355368515 policy=UCB1 function=mab_cost_aware_1783355337 arm=x86-tiny/gpu/nvidia score=-0.680983 count=12 avg_reward=-1.151947 total_counts=64
2026/07/06 18:29:28 [MAB] event=select_arm ts=1783355368515 policy=UCB1 function=mab_cost_aware_1783355337 selected_arm=arm-tiny reason=ucb_score score=-0.678611 total_counts=64 arms=[arm-tiny,x86-large,x86-tiny,x86-tiny/gpu/nvidia]
2026/07/06 18:29:28 [LB][MAB] event=after_select function=mab_cost_aware_1783355337 selected_tag=arm-tiny compatible_tags=[x86-tiny/gpu/nvidia arm-tiny x86-large x86-tiny]
2026/07/06 18:29:28 Candidate has: 512 MB free memory. Function needs: 128 MB
2026/07/06 18:29:28 [LB] Selected target for function 'mab_cost_aware_1783355337': target_tag=arm-tiny candidate=vKpVjum8by27PngFGoYpfA1783355341327784155 candidate_tag=arm-tiny
2026/07/06 18:29:28 [LB-Update] Node vKpVjum8by27PngFGoYpfA1783355341327784155 reported 512 MB free
2026/07/06 18:29:28 [MAB] event=reward_breakdown ts=1783355368519 policy=UCB1 function=mab_cost_aware_1783355337 arm=arm-tiny base_tag=arm-tiny architecture=arm specialization=tiny capabilities=[] duration_ms=3.352970 latency_reward=-1.209847 cost_weight=0.000000 cost_factor=0.400000 cost_term=0.000000 energy_weight=0.000000 energy_factor=0.600000 energy_term=0.000000 memory_weight=0.000000 memory_penalty=0.000000 memory_term=0.000000 final_reward=-1.209847
2026/07/06 18:29:28 [MAB] event=update_reward ts=1783355368519 policy=UCB1 function=mab_cost_aware_1783355337 arm=arm-tiny duration_ms=3.352970 warm_start=true reward=-1.209847 count=21 avg_reward=-1.051343 total_counts=65
2026/07/06 18:29:28 [LB] Compatible tag found: function=mab_cost_aware_1783355337 tag=x86-tiny/gpu/nvidia arch=amd64 pattern="" ring_size=1
2026/07/06 18:29:28 [LB] Compatible tag found: function=mab_cost_aware_1783355337 tag=arm-tiny arch=amd64 pattern="" ring_size=1
2026/07/06 18:29:28 [LB] Compatible tag found: function=mab_cost_aware_1783355337 tag=x86-large arch=amd64 pattern="" ring_size=1
2026/07/06 18:29:28 [LB] Compatible tag found: function=mab_cost_aware_1783355337 tag=x86-tiny arch=amd64 pattern="" ring_size=1
2026/07/06 18:29:28 [LB] Compatible tags for function 'mab_cost_aware_1783355337': [x86-tiny/gpu/nvidia arm-tiny x86-large x86-tiny]
2026/07/06 18:29:28 [LB][MAB] event=before_select function=mab_cost_aware_1783355337 compatible_tags=[x86-tiny/gpu/nvidia arm-tiny x86-large x86-tiny] has_context=true
2026/07/06 18:29:28 [MAB] event=arm_score ts=1783355368739 policy=UCB1 function=mab_cost_aware_1783355337 arm=x86-tiny/gpu/nvidia score=-0.680106 count=12 avg_reward=-1.151947 total_counts=65
2026/07/06 18:29:28 [MAB] event=arm_score ts=1783355368739 policy=UCB1 function=mab_cost_aware_1783355337 arm=arm-tiny score=-0.694665 count=21 avg_reward=-1.051343 total_counts=65
2026/07/06 18:29:28 [MAB] event=arm_score ts=1783355368739 policy=UCB1 function=mab_cost_aware_1783355337 arm=x86-large score=-0.687167 count=14 avg_reward=-1.124007 total_counts=65
2026/07/06 18:29:28 [MAB] event=arm_score ts=1783355368739 policy=UCB1 function=mab_cost_aware_1783355337 arm=x86-tiny score=-0.692801 count=18 avg_reward=-1.078058 total_counts=65
2026/07/06 18:29:28 [MAB] event=select_arm ts=1783355368739 policy=UCB1 function=mab_cost_aware_1783355337 selected_arm=x86-tiny/gpu/nvidia reason=ucb_score score=-0.680106 total_counts=65 arms=[arm-tiny,x86-large,x86-tiny,x86-tiny/gpu/nvidia]
2026/07/06 18:29:28 [LB][MAB] event=after_select function=mab_cost_aware_1783355337 selected_tag=x86-tiny/gpu/nvidia compatible_tags=[x86-tiny/gpu/nvidia arm-tiny x86-large x86-tiny]
2026/07/06 18:29:28 Candidate has: 512 MB free memory. Function needs: 128 MB
2026/07/06 18:29:28 [LB] Selected target for function 'mab_cost_aware_1783355337': target_tag=x86-tiny/gpu/nvidia candidate=DvoAKoY3Ri96uiPJTCYxsm1783355341326237908 candidate_tag=x86-tiny/gpu/nvidia
2026/07/06 18:29:28 [LB-Update] Node DvoAKoY3Ri96uiPJTCYxsm1783355341326237908 reported 512 MB free
2026/07/06 18:29:28 [MAB] event=reward_breakdown ts=1783355368743 policy=UCB1 function=mab_cost_aware_1783355337 arm=x86-tiny/gpu/nvidia base_tag=x86-tiny architecture=x86 specialization=tiny capabilities=[gpu,nvidia] duration_ms=2.914495 latency_reward=-1.069697 cost_weight=0.000000 cost_factor=1.600000 cost_term=0.000000 energy_weight=0.000000 energy_factor=1.800000 energy_term=0.000000 memory_weight=0.000000 memory_penalty=0.000000 memory_term=0.000000 final_reward=-1.069697
2026/07/06 18:29:28 [MAB] event=update_reward ts=1783355368743 policy=UCB1 function=mab_cost_aware_1783355337 arm=x86-tiny/gpu/nvidia duration_ms=2.914495 warm_start=true reward=-1.069697 count=13 avg_reward=-1.145620 total_counts=66
2026/07/06 18:29:28 [LB] Compatible tag found: function=mab_cost_aware_1783355337 tag=x86-tiny/gpu/nvidia arch=amd64 pattern="" ring_size=1
2026/07/06 18:29:28 [LB] Compatible tag found: function=mab_cost_aware_1783355337 tag=arm-tiny arch=amd64 pattern="" ring_size=1
2026/07/06 18:29:28 [LB] Compatible tag found: function=mab_cost_aware_1783355337 tag=x86-large arch=amd64 pattern="" ring_size=1
2026/07/06 18:29:28 [LB] Compatible tag found: function=mab_cost_aware_1783355337 tag=x86-tiny arch=amd64 pattern="" ring_size=1
2026/07/06 18:29:28 [LB] Compatible tags for function 'mab_cost_aware_1783355337': [x86-tiny/gpu/nvidia arm-tiny x86-large x86-tiny]
2026/07/06 18:29:28 [LB][MAB] event=before_select function=mab_cost_aware_1783355337 compatible_tags=[x86-tiny/gpu/nvidia arm-tiny x86-large x86-tiny] has_context=true
2026/07/06 18:29:28 [MAB] event=arm_score ts=1783355368963 policy=UCB1 function=mab_cost_aware_1783355337 arm=x86-tiny/gpu/nvidia score=-0.691462 count=13 avg_reward=-1.145620 total_counts=66
2026/07/06 18:29:28 [MAB] event=arm_score ts=1783355368963 policy=UCB1 function=mab_cost_aware_1783355337 arm=arm-tiny score=-0.694014 count=21 avg_reward=-1.051343 total_counts=66
2026/07/06 18:29:28 [MAB] event=arm_score ts=1783355368963 policy=UCB1 function=mab_cost_aware_1783355337 arm=x86-large score=-0.686369 count=14 avg_reward=-1.124007 total_counts=66
2026/07/06 18:29:28 [MAB] event=arm_score ts=1783355368963 policy=UCB1 function=mab_cost_aware_1783355337 arm=x86-tiny score=-0.692097 count=18 avg_reward=-1.078058 total_counts=66
2026/07/06 18:29:28 [MAB] event=select_arm ts=1783355368963 policy=UCB1 function=mab_cost_aware_1783355337 selected_arm=x86-large reason=ucb_score score=-0.686369 total_counts=66 arms=[arm-tiny,x86-large,x86-tiny,x86-tiny/gpu/nvidia]
2026/07/06 18:29:28 [LB][MAB] event=after_select function=mab_cost_aware_1783355337 selected_tag=x86-large compatible_tags=[x86-tiny/gpu/nvidia arm-tiny x86-large x86-tiny]
2026/07/06 18:29:28 Candidate has: 512 MB free memory. Function needs: 128 MB
2026/07/06 18:29:28 [LB] Selected target for function 'mab_cost_aware_1783355337': target_tag=x86-large candidate=xRr5jbhHAXQZLSnr8btjbk1783355341324487014 candidate_tag=x86-large
2026/07/06 18:29:28 [LB-Update] Node xRr5jbhHAXQZLSnr8btjbk1783355341324487014 reported 512 MB free
2026/07/06 18:29:28 [MAB] event=reward_breakdown ts=1783355368966 policy=UCB1 function=mab_cost_aware_1783355337 arm=x86-large base_tag=x86-large architecture=x86 specialization=large capabilities=[] duration_ms=2.915882 latency_reward=-1.070172 cost_weight=0.000000 cost_factor=1.200000 cost_term=0.000000 energy_weight=0.000000 energy_factor=1.200000 energy_term=0.000000 memory_weight=0.000000 memory_penalty=0.000000 memory_term=0.000000 final_reward=-1.070172
2026/07/06 18:29:28 [MAB] event=update_reward ts=1783355368966 policy=UCB1 function=mab_cost_aware_1783355337 arm=x86-large duration_ms=2.915882 warm_start=true reward=-1.070172 count=15 avg_reward=-1.120418 total_counts=67
2026/07/06 18:29:29 [LB] Compatible tag found: function=mab_cost_aware_1783355337 tag=x86-tiny/gpu/nvidia arch=amd64 pattern="" ring_size=1
2026/07/06 18:29:29 [LB] Compatible tag found: function=mab_cost_aware_1783355337 tag=arm-tiny arch=amd64 pattern="" ring_size=1
2026/07/06 18:29:29 [LB] Compatible tag found: function=mab_cost_aware_1783355337 tag=x86-large arch=amd64 pattern="" ring_size=1
2026/07/06 18:29:29 [LB] Compatible tag found: function=mab_cost_aware_1783355337 tag=x86-tiny arch=amd64 pattern="" ring_size=1
2026/07/06 18:29:29 [LB] Compatible tags for function 'mab_cost_aware_1783355337': [x86-tiny/gpu/nvidia arm-tiny x86-large x86-tiny]
2026/07/06 18:29:29 [LB][MAB] event=before_select function=mab_cost_aware_1783355337 compatible_tags=[x86-tiny/gpu/nvidia arm-tiny x86-large x86-tiny] has_context=true
2026/07/06 18:29:29 [MAB] event=arm_score ts=1783355369185 policy=UCB1 function=mab_cost_aware_1783355337 arm=x86-large score=-0.696861 count=15 avg_reward=-1.120418 total_counts=67
2026/07/06 18:29:29 [MAB] event=arm_score ts=1783355369185 policy=UCB1 function=mab_cost_aware_1783355337 arm=x86-tiny score=-0.691405 count=18 avg_reward=-1.078058 total_counts=67
2026/07/06 18:29:29 [MAB] event=arm_score ts=1783355369185 policy=UCB1 function=mab_cost_aware_1783355337 arm=x86-tiny/gpu/nvidia score=-0.690647 count=13 avg_reward=-1.145620 total_counts=67
2026/07/06 18:29:29 [MAB] event=arm_score ts=1783355369185 policy=UCB1 function=mab_cost_aware_1783355337 arm=arm-tiny score=-0.693373 count=21 avg_reward=-1.051343 total_counts=67
2026/07/06 18:29:29 [MAB] event=select_arm ts=1783355369185 policy=UCB1 function=mab_cost_aware_1783355337 selected_arm=x86-tiny/gpu/nvidia reason=ucb_score score=-0.690647 total_counts=67 arms=[arm-tiny,x86-large,x86-tiny,x86-tiny/gpu/nvidia]
2026/07/06 18:29:29 [LB][MAB] event=after_select function=mab_cost_aware_1783355337 selected_tag=x86-tiny/gpu/nvidia compatible_tags=[x86-tiny/gpu/nvidia arm-tiny x86-large x86-tiny]
2026/07/06 18:29:29 Candidate has: 512 MB free memory. Function needs: 128 MB
2026/07/06 18:29:29 [LB] Selected target for function 'mab_cost_aware_1783355337': target_tag=x86-tiny/gpu/nvidia candidate=DvoAKoY3Ri96uiPJTCYxsm1783355341326237908 candidate_tag=x86-tiny/gpu/nvidia
2026/07/06 18:29:29 [LB-Update] Node DvoAKoY3Ri96uiPJTCYxsm1783355341326237908 reported 512 MB free
2026/07/06 18:29:29 [MAB] event=reward_breakdown ts=1783355369189 policy=UCB1 function=mab_cost_aware_1783355337 arm=x86-tiny/gpu/nvidia base_tag=x86-tiny architecture=x86 specialization=tiny capabilities=[gpu,nvidia] duration_ms=2.881835 latency_reward=-1.058427 cost_weight=0.000000 cost_factor=1.600000 cost_term=0.000000 energy_weight=0.000000 energy_factor=1.800000 energy_term=0.000000 memory_weight=0.000000 memory_penalty=0.000000 memory_term=0.000000 final_reward=-1.058427
2026/07/06 18:29:29 [MAB] event=update_reward ts=1783355369189 policy=UCB1 function=mab_cost_aware_1783355337 arm=x86-tiny/gpu/nvidia duration_ms=2.881835 warm_start=true reward=-1.058427 count=14 avg_reward=-1.139392 total_counts=68
2026/07/06 18:29:29 [LB] Compatible tag found: function=mab_cost_aware_1783355337 tag=x86-tiny/gpu/nvidia arch=amd64 pattern="" ring_size=1
2026/07/06 18:29:29 [LB] Compatible tag found: function=mab_cost_aware_1783355337 tag=arm-tiny arch=amd64 pattern="" ring_size=1
2026/07/06 18:29:29 [LB] Compatible tag found: function=mab_cost_aware_1783355337 tag=x86-large arch=amd64 pattern="" ring_size=1
2026/07/06 18:29:29 [LB] Compatible tag found: function=mab_cost_aware_1783355337 tag=x86-tiny arch=amd64 pattern="" ring_size=1
2026/07/06 18:29:29 [LB] Compatible tags for function 'mab_cost_aware_1783355337': [x86-tiny/gpu/nvidia arm-tiny x86-large x86-tiny]
2026/07/06 18:29:29 [LB][MAB] event=before_select function=mab_cost_aware_1783355337 compatible_tags=[x86-tiny/gpu/nvidia arm-tiny x86-large x86-tiny] has_context=true
2026/07/06 18:29:29 [MAB] event=arm_score ts=1783355369408 policy=UCB1 function=mab_cost_aware_1783355337 arm=x86-tiny/gpu/nvidia score=-0.700197 count=14 avg_reward=-1.139392 total_counts=68
2026/07/06 18:29:29 [MAB] event=arm_score ts=1783355369408 policy=UCB1 function=mab_cost_aware_1783355337 arm=arm-tiny score=-0.692743 count=21 avg_reward=-1.051343 total_counts=68
2026/07/06 18:29:29 [MAB] event=arm_score ts=1783355369408 policy=UCB1 function=mab_cost_aware_1783355337 arm=x86-large score=-0.696116 count=15 avg_reward=-1.120418 total_counts=68
2026/07/06 18:29:29 [MAB] event=arm_score ts=1783355369408 policy=UCB1 function=mab_cost_aware_1783355337 arm=x86-tiny score=-0.690725 count=18 avg_reward=-1.078058 total_counts=68
2026/07/06 18:29:29 [MAB] event=select_arm ts=1783355369408 policy=UCB1 function=mab_cost_aware_1783355337 selected_arm=x86-tiny reason=ucb_score score=-0.690725 total_counts=68 arms=[arm-tiny,x86-large,x86-tiny,x86-tiny/gpu/nvidia]
2026/07/06 18:29:29 [LB][MAB] event=after_select function=mab_cost_aware_1783355337 selected_tag=x86-tiny compatible_tags=[x86-tiny/gpu/nvidia arm-tiny x86-large x86-tiny]
2026/07/06 18:29:29 Candidate has: 512 MB free memory. Function needs: 128 MB
2026/07/06 18:29:29 [LB] Selected target for function 'mab_cost_aware_1783355337': target_tag=x86-tiny candidate=fEFRxvzyvoNqYEJ4gkUx2o1783355341321547100 candidate_tag=x86-tiny
2026/07/06 18:29:29 [LB-Update] Node fEFRxvzyvoNqYEJ4gkUx2o1783355341321547100 reported 512 MB free
2026/07/06 18:29:29 [MAB] event=reward_breakdown ts=1783355369412 policy=UCB1 function=mab_cost_aware_1783355337 arm=x86-tiny base_tag=x86-tiny architecture=x86 specialization=tiny capabilities=[] duration_ms=2.968915 latency_reward=-1.088197 cost_weight=0.000000 cost_factor=0.400000 cost_term=0.000000 energy_weight=0.000000 energy_factor=1.000000 energy_term=0.000000 memory_weight=0.000000 memory_penalty=0.000000 memory_term=0.000000 final_reward=-1.088197
2026/07/06 18:29:29 [MAB] event=update_reward ts=1783355369412 policy=UCB1 function=mab_cost_aware_1783355337 arm=x86-tiny duration_ms=2.968915 warm_start=true reward=-1.088197 count=19 avg_reward=-1.078591 total_counts=69
2026/07/06 18:29:29 [LB] Compatible tag found: function=mab_cost_aware_1783355337 tag=x86-tiny/gpu/nvidia arch=amd64 pattern="" ring_size=1
2026/07/06 18:29:29 [LB] Compatible tag found: function=mab_cost_aware_1783355337 tag=arm-tiny arch=amd64 pattern="" ring_size=1
2026/07/06 18:29:29 [LB] Compatible tag found: function=mab_cost_aware_1783355337 tag=x86-large arch=amd64 pattern="" ring_size=1
2026/07/06 18:29:29 [LB] Compatible tag found: function=mab_cost_aware_1783355337 tag=x86-tiny arch=amd64 pattern="" ring_size=1
2026/07/06 18:29:29 [LB] Compatible tags for function 'mab_cost_aware_1783355337': [x86-tiny/gpu/nvidia arm-tiny x86-large x86-tiny]
2026/07/06 18:29:29 [LB][MAB] event=before_select function=mab_cost_aware_1783355337 compatible_tags=[x86-tiny/gpu/nvidia arm-tiny x86-large x86-tiny] has_context=true
2026/07/06 18:29:29 [MAB] event=arm_score ts=1783355369631 policy=UCB1 function=mab_cost_aware_1783355337 arm=x86-tiny score=-0.700937 count=19 avg_reward=-1.078591 total_counts=69
2026/07/06 18:29:29 [MAB] event=arm_score ts=1783355369631 policy=UCB1 function=mab_cost_aware_1783355337 arm=x86-tiny/gpu/nvidia score=-0.699438 count=14 avg_reward=-1.139392 total_counts=69
2026/07/06 18:29:29 [MAB] event=arm_score ts=1783355369631 policy=UCB1 function=mab_cost_aware_1783355337 arm=arm-tiny score=-0.692123 count=21 avg_reward=-1.051343 total_counts=69
2026/07/06 18:29:29 [MAB] event=arm_score ts=1783355369631 policy=UCB1 function=mab_cost_aware_1783355337 arm=x86-large score=-0.695382 count=15 avg_reward=-1.120418 total_counts=69
2026/07/06 18:29:29 [MAB] event=select_arm ts=1783355369631 policy=UCB1 function=mab_cost_aware_1783355337 selected_arm=arm-tiny reason=ucb_score score=-0.692123 total_counts=69 arms=[arm-tiny,x86-large,x86-tiny,x86-tiny/gpu/nvidia]
2026/07/06 18:29:29 [LB][MAB] event=after_select function=mab_cost_aware_1783355337 selected_tag=arm-tiny compatible_tags=[x86-tiny/gpu/nvidia arm-tiny x86-large x86-tiny]
2026/07/06 18:29:29 Candidate has: 512 MB free memory. Function needs: 128 MB
2026/07/06 18:29:29 [LB] Selected target for function 'mab_cost_aware_1783355337': target_tag=arm-tiny candidate=vKpVjum8by27PngFGoYpfA1783355341327784155 candidate_tag=arm-tiny
2026/07/06 18:29:29 [LB-Update] Node vKpVjum8by27PngFGoYpfA1783355341327784155 reported 512 MB free
2026/07/06 18:29:29 [MAB] event=reward_breakdown ts=1783355369635 policy=UCB1 function=mab_cost_aware_1783355337 arm=arm-tiny base_tag=arm-tiny architecture=arm specialization=tiny capabilities=[] duration_ms=3.240261 latency_reward=-1.175654 cost_weight=0.000000 cost_factor=0.400000 cost_term=0.000000 energy_weight=0.000000 energy_factor=0.600000 energy_term=0.000000 memory_weight=0.000000 memory_penalty=0.000000 memory_term=0.000000 final_reward=-1.175654
2026/07/06 18:29:29 [MAB] event=update_reward ts=1783355369635 policy=UCB1 function=mab_cost_aware_1783355337 arm=arm-tiny duration_ms=3.240261 warm_start=true reward=-1.175654 count=22 avg_reward=-1.056994 total_counts=70
2026/07/06 18:29:29 [LB] Compatible tag found: function=mab_cost_aware_1783355337 tag=x86-tiny/gpu/nvidia arch=amd64 pattern="" ring_size=1
2026/07/06 18:29:29 [LB] Compatible tag found: function=mab_cost_aware_1783355337 tag=arm-tiny arch=amd64 pattern="" ring_size=1
2026/07/06 18:29:29 [LB] Compatible tag found: function=mab_cost_aware_1783355337 tag=x86-large arch=amd64 pattern="" ring_size=1
2026/07/06 18:29:29 [LB] Compatible tag found: function=mab_cost_aware_1783355337 tag=x86-tiny arch=amd64 pattern="" ring_size=1
2026/07/06 18:29:29 [LB] Compatible tags for function 'mab_cost_aware_1783355337': [x86-tiny/gpu/nvidia arm-tiny x86-large x86-tiny]
2026/07/06 18:29:29 [LB][MAB] event=before_select function=mab_cost_aware_1783355337 compatible_tags=[x86-tiny/gpu/nvidia arm-tiny x86-large x86-tiny] has_context=true
2026/07/06 18:29:29 [MAB] event=arm_score ts=1783355369854 policy=UCB1 function=mab_cost_aware_1783355337 arm=x86-tiny/gpu/nvidia score=-0.698691 count=14 avg_reward=-1.139392 total_counts=70
2026/07/06 18:29:29 [MAB] event=arm_score ts=1783355369854 policy=UCB1 function=mab_cost_aware_1783355337 arm=arm-tiny score=-0.705437 count=22 avg_reward=-1.056994 total_counts=70
2026/07/06 18:29:29 [MAB] event=arm_score ts=1783355369854 policy=UCB1 function=mab_cost_aware_1783355337 arm=x86-large score=-0.694661 count=15 avg_reward=-1.120418 total_counts=70
2026/07/06 18:29:29 [MAB] event=arm_score ts=1783355369854 policy=UCB1 function=mab_cost_aware_1783355337 arm=x86-tiny score=-0.700296 count=19 avg_reward=-1.078591 total_counts=70
2026/07/06 18:29:29 [MAB] event=select_arm ts=1783355369854 policy=UCB1 function=mab_cost_aware_1783355337 selected_arm=x86-large reason=ucb_score score=-0.694661 total_counts=70 arms=[arm-tiny,x86-large,x86-tiny,x86-tiny/gpu/nvidia]
2026/07/06 18:29:29 [LB][MAB] event=after_select function=mab_cost_aware_1783355337 selected_tag=x86-large compatible_tags=[x86-tiny/gpu/nvidia arm-tiny x86-large x86-tiny]
2026/07/06 18:29:29 Candidate has: 512 MB free memory. Function needs: 128 MB
2026/07/06 18:29:29 [LB] Selected target for function 'mab_cost_aware_1783355337': target_tag=x86-large candidate=xRr5jbhHAXQZLSnr8btjbk1783355341324487014 candidate_tag=x86-large
2026/07/06 18:29:29 [LB-Update] Node xRr5jbhHAXQZLSnr8btjbk1783355341324487014 reported 512 MB free
2026/07/06 18:29:29 [MAB] event=reward_breakdown ts=1783355369858 policy=UCB1 function=mab_cost_aware_1783355337 arm=x86-large base_tag=x86-large architecture=x86 specialization=large capabilities=[] duration_ms=3.533886 latency_reward=-1.262398 cost_weight=0.000000 cost_factor=1.200000 cost_term=0.000000 energy_weight=0.000000 energy_factor=1.200000 energy_term=0.000000 memory_weight=0.000000 memory_penalty=0.000000 memory_term=0.000000 final_reward=-1.262398
2026/07/06 18:29:29 [MAB] event=update_reward ts=1783355369858 policy=UCB1 function=mab_cost_aware_1783355337 arm=x86-large duration_ms=3.533886 warm_start=true reward=-1.262398 count=16 avg_reward=-1.129292 total_counts=71
2026/07/06 18:29:30 [LB] Compatible tag found: function=mab_cost_aware_1783355337 tag=x86-tiny/gpu/nvidia arch=amd64 pattern="" ring_size=1
2026/07/06 18:29:30 [LB] Compatible tag found: function=mab_cost_aware_1783355337 tag=arm-tiny arch=amd64 pattern="" ring_size=1
2026/07/06 18:29:30 [LB] Compatible tag found: function=mab_cost_aware_1783355337 tag=x86-large arch=amd64 pattern="" ring_size=1
2026/07/06 18:29:30 [LB] Compatible tag found: function=mab_cost_aware_1783355337 tag=x86-tiny arch=amd64 pattern="" ring_size=1
2026/07/06 18:29:30 [LB] Compatible tags for function 'mab_cost_aware_1783355337': [x86-tiny/gpu/nvidia arm-tiny x86-large x86-tiny]
2026/07/06 18:29:30 [LB][MAB] event=before_select function=mab_cost_aware_1783355337 compatible_tags=[x86-tiny/gpu/nvidia arm-tiny x86-large x86-tiny] has_context=true
2026/07/06 18:29:30 [MAB] event=arm_score ts=1783355370078 policy=UCB1 function=mab_cost_aware_1783355337 arm=x86-tiny/gpu/nvidia score=-0.697956 count=14 avg_reward=-1.139392 total_counts=71
2026/07/06 18:29:30 [MAB] event=arm_score ts=1783355370078 policy=UCB1 function=mab_cost_aware_1783355337 arm=arm-tiny score=-0.704850 count=22 avg_reward=-1.056994 total_counts=71
2026/07/06 18:29:30 [MAB] event=arm_score ts=1783355370078 policy=UCB1 function=mab_cost_aware_1783355337 arm=x86-large score=-0.716367 count=16 avg_reward=-1.129292 total_counts=71
2026/07/06 18:29:30 [MAB] event=arm_score ts=1783355370078 policy=UCB1 function=mab_cost_aware_1783355337 arm=x86-tiny score=-0.699665 count=19 avg_reward=-1.078591 total_counts=71
2026/07/06 18:29:30 [MAB] event=select_arm ts=1783355370078 policy=UCB1 function=mab_cost_aware_1783355337 selected_arm=x86-tiny/gpu/nvidia reason=ucb_score score=-0.697956 total_counts=71 arms=[arm-tiny,x86-large,x86-tiny,x86-tiny/gpu/nvidia]
2026/07/06 18:29:30 [LB][MAB] event=after_select function=mab_cost_aware_1783355337 selected_tag=x86-tiny/gpu/nvidia compatible_tags=[x86-tiny/gpu/nvidia arm-tiny x86-large x86-tiny]
2026/07/06 18:29:30 Candidate has: 512 MB free memory. Function needs: 128 MB
2026/07/06 18:29:30 [LB] Selected target for function 'mab_cost_aware_1783355337': target_tag=x86-tiny/gpu/nvidia candidate=DvoAKoY3Ri96uiPJTCYxsm1783355341326237908 candidate_tag=x86-tiny/gpu/nvidia
2026/07/06 18:29:30 [LB-Update] Node DvoAKoY3Ri96uiPJTCYxsm1783355341326237908 reported 512 MB free
2026/07/06 18:29:30 [MAB] event=reward_breakdown ts=1783355370082 policy=UCB1 function=mab_cost_aware_1783355337 arm=x86-tiny/gpu/nvidia base_tag=x86-tiny architecture=x86 specialization=tiny capabilities=[gpu,nvidia] duration_ms=2.750472 latency_reward=-1.011773 cost_weight=0.000000 cost_factor=1.600000 cost_term=0.000000 energy_weight=0.000000 energy_factor=1.800000 energy_term=0.000000 memory_weight=0.000000 memory_penalty=0.000000 memory_term=0.000000 final_reward=-1.011773
2026/07/06 18:29:30 [MAB] event=update_reward ts=1783355370082 policy=UCB1 function=mab_cost_aware_1783355337 arm=x86-tiny/gpu/nvidia duration_ms=2.750472 warm_start=true reward=-1.011773 count=15 avg_reward=-1.130884 total_counts=72
2026/07/06 18:29:30 [LB] Compatible tag found: function=mab_cost_aware_1783355337 tag=x86-tiny/gpu/nvidia arch=amd64 pattern="" ring_size=1
2026/07/06 18:29:30 [LB] Compatible tag found: function=mab_cost_aware_1783355337 tag=arm-tiny arch=amd64 pattern="" ring_size=1
2026/07/06 18:29:30 [LB] Compatible tag found: function=mab_cost_aware_1783355337 tag=x86-large arch=amd64 pattern="" ring_size=1
2026/07/06 18:29:30 [LB] Compatible tag found: function=mab_cost_aware_1783355337 tag=x86-tiny arch=amd64 pattern="" ring_size=1
2026/07/06 18:29:30 [LB] Compatible tags for function 'mab_cost_aware_1783355337': [x86-tiny/gpu/nvidia arm-tiny x86-large x86-tiny]
2026/07/06 18:29:30 [LB][MAB] event=before_select function=mab_cost_aware_1783355337 compatible_tags=[x86-tiny/gpu/nvidia arm-tiny x86-large x86-tiny] has_context=true
2026/07/06 18:29:30 [MAB] event=arm_score ts=1783355370302 policy=UCB1 function=mab_cost_aware_1783355337 arm=x86-tiny/gpu/nvidia score=-0.703718 count=15 avg_reward=-1.130884 total_counts=72
2026/07/06 18:29:30 [MAB] event=arm_score ts=1783355370302 policy=UCB1 function=mab_cost_aware_1783355337 arm=arm-tiny score=-0.704273 count=22 avg_reward=-1.056994 total_counts=72
2026/07/06 18:29:30 [MAB] event=arm_score ts=1783355370302 policy=UCB1 function=mab_cost_aware_1783355337 arm=x86-large score=-0.715690 count=16 avg_reward=-1.129292 total_counts=72
2026/07/06 18:29:30 [MAB] event=arm_score ts=1783355370302 policy=UCB1 function=mab_cost_aware_1783355337 arm=x86-tiny score=-0.699044 count=19 avg_reward=-1.078591 total_counts=72
2026/07/06 18:29:30 [MAB] event=select_arm ts=1783355370302 policy=UCB1 function=mab_cost_aware_1783355337 selected_arm=x86-tiny reason=ucb_score score=-0.699044 total_counts=72 arms=[arm-tiny,x86-large,x86-tiny,x86-tiny/gpu/nvidia]
2026/07/06 18:29:30 [LB][MAB] event=after_select function=mab_cost_aware_1783355337 selected_tag=x86-tiny compatible_tags=[x86-tiny/gpu/nvidia arm-tiny x86-large x86-tiny]
2026/07/06 18:29:30 Candidate has: 512 MB free memory. Function needs: 128 MB
2026/07/06 18:29:30 [LB] Selected target for function 'mab_cost_aware_1783355337': target_tag=x86-tiny candidate=fEFRxvzyvoNqYEJ4gkUx2o1783355341321547100 candidate_tag=x86-tiny
2026/07/06 18:29:30 [LB-Update] Node fEFRxvzyvoNqYEJ4gkUx2o1783355341321547100 reported 512 MB free
2026/07/06 18:29:30 [MAB] event=reward_breakdown ts=1783355370305 policy=UCB1 function=mab_cost_aware_1783355337 arm=x86-tiny base_tag=x86-tiny architecture=x86 specialization=tiny capabilities=[] duration_ms=2.950866 latency_reward=-1.082099 cost_weight=0.000000 cost_factor=0.400000 cost_term=0.000000 energy_weight=0.000000 energy_factor=1.000000 energy_term=0.000000 memory_weight=0.000000 memory_penalty=0.000000 memory_term=0.000000 final_reward=-1.082099
2026/07/06 18:29:30 [MAB] event=update_reward ts=1783355370305 policy=UCB1 function=mab_cost_aware_1783355337 arm=x86-tiny duration_ms=2.950866 warm_start=true reward=-1.082099 count=20 avg_reward=-1.078767 total_counts=73
2026/07/06 18:29:30 [LB]: Periodic targets update
2026/07/06 18:29:30 Found target: vKpVjum8by27PngFGoYpfA1783355341327784155
2026/07/06 18:29:30 Found target: xRr5jbhHAXQZLSnr8btjbk1783355341324487014
2026/07/06 18:29:30 Found target: fEFRxvzyvoNqYEJ4gkUx2o1783355341321547100
2026/07/06 18:29:30 Found target: DvoAKoY3Ri96uiPJTCYxsm1783355341326237908
2026/07/06 18:29:30 Found 4 targets
2026/07/06 18:29:30 [LB] Compatible tag found: function=mab_cost_aware_1783355337 tag=x86-tiny/gpu/nvidia arch=amd64 pattern="" ring_size=1
2026/07/06 18:29:30 [LB] Compatible tag found: function=mab_cost_aware_1783355337 tag=arm-tiny arch=amd64 pattern="" ring_size=1
2026/07/06 18:29:30 [LB] Compatible tag found: function=mab_cost_aware_1783355337 tag=x86-large arch=amd64 pattern="" ring_size=1
2026/07/06 18:29:30 [LB] Compatible tag found: function=mab_cost_aware_1783355337 tag=x86-tiny arch=amd64 pattern="" ring_size=1
2026/07/06 18:29:30 [LB] Compatible tags for function 'mab_cost_aware_1783355337': [x86-tiny/gpu/nvidia arm-tiny x86-large x86-tiny]
2026/07/06 18:29:30 [LB][MAB] event=before_select function=mab_cost_aware_1783355337 compatible_tags=[x86-tiny/gpu/nvidia arm-tiny x86-large x86-tiny] has_context=true
2026/07/06 18:29:30 [MAB] event=arm_score ts=1783355370528 policy=UCB1 function=mab_cost_aware_1783355337 arm=x86-tiny/gpu/nvidia score=-0.703029 count=15 avg_reward=-1.130884 total_counts=73
2026/07/06 18:29:30 [MAB] event=arm_score ts=1783355370528 policy=UCB1 function=mab_cost_aware_1783355337 arm=arm-tiny score=-0.703705 count=22 avg_reward=-1.056994 total_counts=73
2026/07/06 18:29:30 [MAB] event=arm_score ts=1783355370528 policy=UCB1 function=mab_cost_aware_1783355337 arm=x86-large score=-0.715023 count=16 avg_reward=-1.129292 total_counts=73
2026/07/06 18:29:30 [MAB] event=arm_score ts=1783355370528 policy=UCB1 function=mab_cost_aware_1783355337 arm=x86-tiny score=-0.708234 count=20 avg_reward=-1.078767 total_counts=73
2026/07/06 18:29:30 [MAB] event=select_arm ts=1783355370528 policy=UCB1 function=mab_cost_aware_1783355337 selected_arm=x86-tiny/gpu/nvidia reason=ucb_score score=-0.703029 total_counts=73 arms=[arm-tiny,x86-large,x86-tiny,x86-tiny/gpu/nvidia]
2026/07/06 18:29:30 [LB][MAB] event=after_select function=mab_cost_aware_1783355337 selected_tag=x86-tiny/gpu/nvidia compatible_tags=[x86-tiny/gpu/nvidia arm-tiny x86-large x86-tiny]
2026/07/06 18:29:30 Candidate has: 512 MB free memory. Function needs: 128 MB
2026/07/06 18:29:30 [LB] Selected target for function 'mab_cost_aware_1783355337': target_tag=x86-tiny/gpu/nvidia candidate=DvoAKoY3Ri96uiPJTCYxsm1783355341326237908 candidate_tag=x86-tiny/gpu/nvidia
2026/07/06 18:29:30 [LB-Update] Node DvoAKoY3Ri96uiPJTCYxsm1783355341326237908 reported 512 MB free
2026/07/06 18:29:30 [MAB] event=reward_breakdown ts=1783355370532 policy=UCB1 function=mab_cost_aware_1783355337 arm=x86-tiny/gpu/nvidia base_tag=x86-tiny architecture=x86 specialization=tiny capabilities=[gpu,nvidia] duration_ms=3.326785 latency_reward=-1.202006 cost_weight=0.000000 cost_factor=1.600000 cost_term=0.000000 energy_weight=0.000000 energy_factor=1.800000 energy_term=0.000000 memory_weight=0.000000 memory_penalty=0.000000 memory_term=0.000000 final_reward=-1.202006
2026/07/06 18:29:30 [MAB] event=update_reward ts=1783355370532 policy=UCB1 function=mab_cost_aware_1783355337 arm=x86-tiny/gpu/nvidia duration_ms=3.326785 warm_start=true reward=-1.202006 count=16 avg_reward=-1.135329 total_counts=74
2026/07/06 18:29:30 [LB] Compatible tag found: function=mab_cost_aware_1783355337 tag=x86-tiny/gpu/nvidia arch=amd64 pattern="" ring_size=1
2026/07/06 18:29:30 [LB] Compatible tag found: function=mab_cost_aware_1783355337 tag=arm-tiny arch=amd64 pattern="" ring_size=1
2026/07/06 18:29:30 [LB] Compatible tag found: function=mab_cost_aware_1783355337 tag=x86-large arch=amd64 pattern="" ring_size=1
2026/07/06 18:29:30 [LB] Compatible tag found: function=mab_cost_aware_1783355337 tag=x86-tiny arch=amd64 pattern="" ring_size=1
2026/07/06 18:29:30 [LB] Compatible tags for function 'mab_cost_aware_1783355337': [x86-tiny/gpu/nvidia arm-tiny x86-large x86-tiny]
2026/07/06 18:29:30 [LB][MAB] event=before_select function=mab_cost_aware_1783355337 compatible_tags=[x86-tiny/gpu/nvidia arm-tiny x86-large x86-tiny] has_context=true
2026/07/06 18:29:30 [MAB] event=arm_score ts=1783355370753 policy=UCB1 function=mab_cost_aware_1783355337 arm=x86-tiny/gpu/nvidia score=-0.720404 count=16 avg_reward=-1.135329 total_counts=74
2026/07/06 18:29:30 [MAB] event=arm_score ts=1783355370753 policy=UCB1 function=mab_cost_aware_1783355337 arm=arm-tiny score=-0.703145 count=22 avg_reward=-1.056994 total_counts=74
2026/07/06 18:29:30 [MAB] event=arm_score ts=1783355370753 policy=UCB1 function=mab_cost_aware_1783355337 arm=x86-large score=-0.714367 count=16 avg_reward=-1.129292 total_counts=74
2026/07/06 18:29:30 [MAB] event=arm_score ts=1783355370753 policy=UCB1 function=mab_cost_aware_1783355337 arm=x86-tiny score=-0.707647 count=20 avg_reward=-1.078767 total_counts=74
2026/07/06 18:29:30 [MAB] event=select_arm ts=1783355370753 policy=UCB1 function=mab_cost_aware_1783355337 selected_arm=arm-tiny reason=ucb_score score=-0.703145 total_counts=74 arms=[arm-tiny,x86-large,x86-tiny,x86-tiny/gpu/nvidia]
2026/07/06 18:29:30 [LB][MAB] event=after_select function=mab_cost_aware_1783355337 selected_tag=arm-tiny compatible_tags=[x86-tiny/gpu/nvidia arm-tiny x86-large x86-tiny]
2026/07/06 18:29:30 Candidate has: 512 MB free memory. Function needs: 128 MB
2026/07/06 18:29:30 [LB] Selected target for function 'mab_cost_aware_1783355337': target_tag=arm-tiny candidate=vKpVjum8by27PngFGoYpfA1783355341327784155 candidate_tag=arm-tiny
2026/07/06 18:29:30 [LB-Update] Node vKpVjum8by27PngFGoYpfA1783355341327784155 reported 512 MB free
2026/07/06 18:29:30 [MAB] event=reward_breakdown ts=1783355370757 policy=UCB1 function=mab_cost_aware_1783355337 arm=arm-tiny base_tag=arm-tiny architecture=arm specialization=tiny capabilities=[] duration_ms=3.172676 latency_reward=-1.154575 cost_weight=0.000000 cost_factor=0.400000 cost_term=0.000000 energy_weight=0.000000 energy_factor=0.600000 energy_term=0.000000 memory_weight=0.000000 memory_penalty=0.000000 memory_term=0.000000 final_reward=-1.154575
2026/07/06 18:29:30 [MAB] event=update_reward ts=1783355370757 policy=UCB1 function=mab_cost_aware_1783355337 arm=arm-tiny duration_ms=3.172676 warm_start=true reward=-1.154575 count=23 avg_reward=-1.061237 total_counts=75
2026/07/06 18:29:30 [LB] Compatible tag found: function=mab_cost_aware_1783355337 tag=x86-tiny/gpu/nvidia arch=amd64 pattern="" ring_size=1
2026/07/06 18:29:30 [LB] Compatible tag found: function=mab_cost_aware_1783355337 tag=arm-tiny arch=amd64 pattern="" ring_size=1
2026/07/06 18:29:30 [LB] Compatible tag found: function=mab_cost_aware_1783355337 tag=x86-large arch=amd64 pattern="" ring_size=1
2026/07/06 18:29:30 [LB] Compatible tag found: function=mab_cost_aware_1783355337 tag=x86-tiny arch=amd64 pattern="" ring_size=1
2026/07/06 18:29:30 [LB] Compatible tags for function 'mab_cost_aware_1783355337': [x86-tiny/gpu/nvidia arm-tiny x86-large x86-tiny]
2026/07/06 18:29:30 [LB][MAB] event=before_select function=mab_cost_aware_1783355337 compatible_tags=[x86-tiny/gpu/nvidia arm-tiny x86-large x86-tiny] has_context=true
2026/07/06 18:29:30 [MAB] event=arm_score ts=1783355370976 policy=UCB1 function=mab_cost_aware_1783355337 arm=x86-tiny/gpu/nvidia score=-0.719758 count=16 avg_reward=-1.135329 total_counts=75
2026/07/06 18:29:30 [MAB] event=arm_score ts=1783355370976 policy=UCB1 function=mab_cost_aware_1783355337 arm=arm-tiny score=-0.714626 count=23 avg_reward=-1.061237 total_counts=75
2026/07/06 18:29:30 [MAB] event=arm_score ts=1783355370976 policy=UCB1 function=mab_cost_aware_1783355337 arm=x86-large score=-0.713720 count=16 avg_reward=-1.129292 total_counts=75
2026/07/06 18:29:30 [MAB] event=arm_score ts=1783355370976 policy=UCB1 function=mab_cost_aware_1783355337 arm=x86-tiny score=-0.707068 count=20 avg_reward=-1.078767 total_counts=75
2026/07/06 18:29:30 [MAB] event=select_arm ts=1783355370976 policy=UCB1 function=mab_cost_aware_1783355337 selected_arm=x86-tiny reason=ucb_score score=-0.707068 total_counts=75 arms=[arm-tiny,x86-large,x86-tiny,x86-tiny/gpu/nvidia]
2026/07/06 18:29:30 [LB][MAB] event=after_select function=mab_cost_aware_1783355337 selected_tag=x86-tiny compatible_tags=[x86-tiny/gpu/nvidia arm-tiny x86-large x86-tiny]
2026/07/06 18:29:30 Candidate has: 512 MB free memory. Function needs: 128 MB
2026/07/06 18:29:30 [LB] Selected target for function 'mab_cost_aware_1783355337': target_tag=x86-tiny candidate=fEFRxvzyvoNqYEJ4gkUx2o1783355341321547100 candidate_tag=x86-tiny
2026/07/06 18:29:30 [LB-Update] Node fEFRxvzyvoNqYEJ4gkUx2o1783355341321547100 reported 512 MB free
2026/07/06 18:29:30 [MAB] event=reward_breakdown ts=1783355370980 policy=UCB1 function=mab_cost_aware_1783355337 arm=x86-tiny base_tag=x86-tiny architecture=x86 specialization=tiny capabilities=[] duration_ms=3.044164 latency_reward=-1.113226 cost_weight=0.000000 cost_factor=0.400000 cost_term=0.000000 energy_weight=0.000000 energy_factor=1.000000 energy_term=0.000000 memory_weight=0.000000 memory_penalty=0.000000 memory_term=0.000000 final_reward=-1.113226
2026/07/06 18:29:30 [MAB] event=update_reward ts=1783355370980 policy=UCB1 function=mab_cost_aware_1783355337 arm=x86-tiny duration_ms=3.044164 warm_start=true reward=-1.113226 count=21 avg_reward=-1.080408 total_counts=76
