Timestamp,User Count,Type,Name,Requests/s,Failures/s,50%,66%,75%,80%,90%,95%,98%,99%,99.9%,99.99%,100%,Total Request Count,Total Failure Count,Total Median Response Time,Total Average Response Time,Total Min Response Time,Total Max Response Time,Total Average Content Size
1787817182,0,,Aggregated,0.000000,0.000000,N/A,N/A,N/A,N/A,N/A,N/A,N/A,N/A,N/A,N/A,N/A,0,0,0,0.0,0,0,0
1787817183,9,,Aggregated,0.000000,0.000000,N/A,N/A,N/A,N/A,N/A,N/A,N/A,N/A,N/A,N/A,N/A,0,0,0,0.0,0,0,0
1787817184,9,,Aggregated,0.000000,0.000000,1200,1200,1200,1200,1200,1200,1200,1200,1200,1200,1200,1,0,1195.2491560000453,1195.2491560000453,1195.2491560000453,1195.2491560000453,338.0
1787817185,9,,Aggregated,0.000000,0.000000,1200,2500,2500,2500,2500,2500,2500,2500,2500,2500,2500,5,0,1200,1572.3851759999889,845.3557640000327,2497.3804109999946,323.0
1787817186,9,,Aggregated,0.000000,0.000000,1200,2500,2500,2500,3400,3400,3400,3400,3400,3400,3400,7,0,1200,1731.5186688570716,844.7902949997115,3413.914506999845,330.2857142857143
1787817187,9,,Aggregated,0.500000,0.000000,1500,2000,2500,2500,3400,3400,3400,3400,3400,3400,3400,10,0,1200,1646.3262912999198,844.6333570000206,3413.914506999845,325.3
1787817188,9,,Aggregated,1.333333,0.000000,1200,2000,2500,2500,2500,3400,3400,3400,3400,3400,3400,11,0,1200,1572.8333389999368,837.9038160001073,3413.914506999845,326.45454545454544
1787817189,9,,Aggregated,1.750000,0.000000,1500,2100,2500,2500,3000,3400,3400,3400,3400,3400,3400,14,0,1200,1660.804629428542,837.9038160001073,3413.914506999845,328.92857142857144
1787817190,9,,Aggregated,1.833333,0.000000,1200,2100,2500,2500,3400,3500,3500,3500,3500,3500,3500,17,0,1200,1669.8441646470146,837.9038160001073,3458.3252009997523,327.2352941176471
1787817191,9,,Aggregated,1.833333,0.000000,1200,2100,2500,2500,3400,3500,3500,3500,3500,3500,3500,19,0,1200,1658.39380726311,837.9038160001073,3458.3252009997523,327.4736842105263
1787817192,9,,Aggregated,2.000000,0.000000,1500,2100,2500,2500,3000,3400,3500,3500,3500,3500,3500,22,0,1200,1679.0679873181487,837.9038160001073,3458.3252009997523,327.40909090909093
1787817193,9,,Aggregated,2.000000,0.000000,1400,2100,2500,3000,3400,3500,10000,10000,10000,10000,10000,25,1,1400,1966.8929573599778,837.9038160001073,10021.14636000033,313.0
1787817194,9,,Aggregated,2.111111,0.000000,1400,2200,2500,3000,3500,10000,11000,11000,11000,11000,11000,29,1,1400,2231.234185517223,837.9038160001073,11206.056656999863,315.82758620689657
1787817195,9,,Aggregated,2.200000,0.000000,1400,2200,2500,3000,3400,10000,11000,11000,11000,11000,11000,31,1,1400,2213.3224353225714,837.9038160001073,11206.056656999863,317.9032258064516
1787817196,9,,Aggregated,2.500000,0.100000,1500,2200,2600,3000,3500,11000,14000,14000,14000,14000,14000,36,1,1400,2466.9259218332954,837.9038160001073,13768.71964699967,318.22222222222223
1787817197,9,,Aggregated,2.800000,0.100000,1500,2200,2500,3000,3500,11000,14000,14000,14000,14000,14000,38,1,1400,2398.964541052596,837.9038160001073,13768.71964699967,317.8157894736842
1787817198,9,,Aggregated,2.700000,0.100000,1500,2200,2500,3000,3400,10000,14000,14000,14000,14000,14000,41,1,1500,2376.4653933170425,837.9038160001073,13768.71964699967,319.3170731707317
1787817199,9,,Aggregated,2.800000,0.100000,1500,2300,2600,3000,3500,11000,17000,17000,17000,17000,17000,44,1,1500,2669.449481749966,837.9038160001073,16793.10144100009,318.95454545454544
1787817200,9,,Aggregated,2.800000,0.100000,1500,2200,2500,3000,3500,11000,17000,17000,17000,17000,17000,46,1,1500,2616.830008826058,837.9038160001073,16793.10144100009,319.3695652173913
1787817201,9,,Aggregated,2.900000,0.100000,1500,2200,2500,3000,3500,11000,17000,17000,17000,17000,17000,50,1,1500,2533.3339530999724,837.9038160001073,16793.10144100009,320.18
1787817202,9,,Aggregated,2.900000,0.100000,1500,2100,2500,3000,3400,11000,14000,17000,17000,17000,17000,53,1,1500,2471.0092729056187,837.9038160001073,16793.10144100009,319.79245283018867
1787817203,9,,Aggregated,3.000000,0.100000,1500,2100,2500,3000,3400,11000,14000,17000,17000,17000,17000,54,1,1400,2440.8746121110667,837.9038160001073,16793.10144100009,320.1296296296296
1787817204,9,,Aggregated,3.100000,0.100000,1500,2200,2500,3000,3500,11000,14000,17000,17000,17000,17000,59,2,1500,2543.589789610127,837.9038160001073,16793.10144100009,315.0508474576271
1787817205,9,,Aggregated,3.100000,0.100000,1500,2200,2500,3000,3500,11000,14000,17000,17000,17000,17000,61,2,1500,2654.617880344228,837.9038160001073,16793.10144100009,315.5081967213115
1787817206,9,,Aggregated,2.900000,0.100000,1500,2100,2500,3000,3500,11000,14000,17000,17000,17000,17000,65,2,1500,2570.3101946307397,837.9038160001073,16793.10144100009,315.87692307692305
1787817207,9,,Aggregated,2.900000,0.100000,1500,2100,2500,3000,3500,11000,14000,17000,17000,17000,17000,67,2,1500,2528.590959432812,837.9038160001073,16793.10144100009,315.7164179104478
1787817208,9,,Aggregated,3.000000,0.100000,1500,2100,2500,3000,3500,11000,14000,17000,17000,17000,17000,70,2,1500,2508.8082428714047,837.9038160001073,16793.10144100009,316.9142857142857
1787817209,9,,Aggregated,2.800000,0.100000,1500,2100,2500,3000,3400,11000,14000,17000,17000,17000,17000,71,2,1500,2485.328241239412,837.9038160001073,16793.10144100009,317.2112676056338
1787817210,9,,Aggregated,2.900000,0.100000,1500,2200,2500,3000,3500,11000,14000,17000,17000,17000,17000,75,2,1500,2609.1013868133136,837.9038160001073,16793.10144100009,317.14666666666665
1787817211,9,,Aggregated,2.900000,0.100000,1500,2200,2500,3000,3500,11000,14000,17000,17000,17000,17000,78,2,1500,2575.432451576908,837.9038160001073,16793.10144100009,317.5128205128205
1787817212,9,,Aggregated,2.800000,0.100000,1500,2200,2500,3000,3500,11000,17000,29000,29000,29000,29000,82,2,1500,2850.667878304858,837.9038160001073,29135.27538199969,318.3170731707317
1787817213,9,,Aggregated,2.800000,0.100000,1500,2100,2500,3000,3500,11000,17000,29000,29000,29000,29000,83,2,1500,2826.5095737710626,837.9038160001073,29135.27538199969,318.5542168674699
1787817214,9,,Aggregated,2.900000,0.100000,1500,2200,2600,3000,10000,11000,17000,29000,29000,29000,29000,87,3,1500,2886.996388666641,837.9038160001073,29135.27538199969,315.2413793103448
1787817215,9,,Aggregated,2.700000,0.100000,1500,2200,2600,3000,10000,11000,17000,29000,29000,29000,29000,91,3,1500,2921.8504972417327,837.9038160001073,29135.27538199969,316.0659340659341
1787817216,9,,Aggregated,2.900000,0.100000,1500,2200,2600,3000,10000,14000,17000,29000,29000,29000,29000,94,3,1500,3030.3747497340187,837.9038160001073,29135.27538199969,316.0
1787817217,9,,Aggregated,3.000000,0.100000,1500,2200,2600,3000,10000,14000,17000,29000,29000,29000,29000,98,3,1500,2979.4690244693616,837.9038160001073,29135.27538199969,316.9183673469388
1787817218,9,,Aggregated,3.000000,0.100000,1500,2200,2600,3000,10000,14000,17000,29000,29000,29000,29000,100,3,1500,2954.2356509199763,837.9038160001073,29135.27538199969,316.87
1787817219,9,,Aggregated,3.000000,0.100000,1500,2200,2600,3000,10000,11000,17000,17000,29000,29000,29000,102,3,1500,2924.904060284291,837.9038160001073,29135.27538199969,317.1078431372549
1787817220,9,,Aggregated,3.000000,0.100000,1500,2200,2600,3000,10000,11000,17000,17000,29000,29000,29000,105,3,1500,2892.819033790458,837.9038160001073,29135.27538199969,317.45714285714286
1787817221,9,,Aggregated,3.000000,0.100000,1500,2200,2600,3000,10000,11000,17000,17000,29000,29000,29000,107,3,1500,2867.396623560732,837.9038160001073,29135.27538199969,317.67289719626166
1787817222,9,,Aggregated,3.100000,0.100000,1500,2200,2600,3000,10000,11000,17000,17000,29000,29000,29000,109,3,1500,2845.975387321085,837.9038160001073,29135.27538199969,317.55045871559633
1787817223,9,,Aggregated,2.900000,0.100000,1500,2200,2600,3000,10000,14000,17000,17000,29000,29000,29000,114,3,1500,2899.1150741491015,837.9038160001073,29135.27538199969,318.359649122807
1787817224,9,,Aggregated,2.900000,0.100000,1500,2200,2600,3000,10000,14000,17000,17000,29000,29000,29000,116,3,1500,2869.572578853425,837.9038160001073,29135.27538199969,318.2068965517241
1787817225,9,,Aggregated,2.900000,0.100000,1500,2200,2600,3000,10000,14000,17000,17000,29000,29000,29000,119,4,1500,2907.0294345545967,837.9038160001073,29135.27538199969,315.69747899159665
1787817226,9,,Aggregated,2.900000,0.100000,1500,2200,2600,3000,10000,11000,17000,17000,29000,29000,29000,123,4,1500,2955.0191386341257,837.9038160001073,29135.27538199969,316.0
1787817227,9,,Aggregated,2.700000,0.100000,1500,2200,2600,3000,10000,11000,17000,17000,29000,29000,29000,125,4,1500,2931.4269757359793,837.9038160001073,29135.27538199969,316.208
1787817228,9,,Aggregated,2.900000,0.100000,1500,2200,2600,3000,10000,11000,17000,17000,29000,29000,29000,128,4,1500,2887.7702952421623,837.9038160001073,29135.27538199969,316.28125
1787817229,9,,Aggregated,2.900000,0.100000,1500,2200,2600,3000,10000,11000,17000,17000,29000,29000,29000,130,4,1500,2873.7979465692024,837.9038160001073,29135.27538199969,316.7692307692308
1787817230,9,,Aggregated,2.700000,0.100000,1500,2200,2600,3000,10000,11000,17000,17000,29000,29000,29000,133,4,1500,2850.3441393232747,837.9038160001073,29135.27538199969,316.70676691729324
1787817231,9,,Aggregated,2.700000,0.100000,1500,2200,2600,3000,10000,11000,17000,17000,29000,29000,29000,134,4,1500,2835.354878253698,837.9038160001073,29135.27538199969,316.8731343283582
1787817232,9,,Aggregated,2.800000,0.100000,1500,2200,2600,3000,10000,11000,17000,17000,29000,29000,29000,138,4,1500,2808.8362274927235,837.9038160001073,29135.27538199969,317.21014492753625
1787817233,9,,Aggregated,2.700000,0.100000,1500,2200,2600,3000,10000,11000,17000,17000,29000,29000,29000,141,4,1500,2879.10630309217,837.9038160001073,29135.27538199969,317.531914893617
1787817234,9,,Aggregated,2.900000,0.100000,1500,2200,2600,3000,10000,11000,17000,17000,29000,29000,29000,144,4,1500,2856.0098411319195,837.9038160001073,29135.27538199969,317.4861111111111
1787817235,9,,Aggregated,2.900000,0.100000,1500,2200,2600,3000,10000,11000,17000,17000,29000,29000,29000,147,5,1500,2891.0870400203817,837.9038160001073,29135.27538199969,315.7482993197279
1787817236,9,,Aggregated,2.800000,0.100000,1500,2200,2600,3000,10000,11000,17000,17000,29000,29000,29000,150,5,1500,2862.8435225399753,837.9038160001073,29135.27538199969,315.73333333333335
1787817237,9,,Aggregated,2.700000,0.100000,1500,2200,2600,3000,10000,14000,17000,17000,29000,29000,29000,153,5,1500,2971.644940745073,837.9038160001073,29135.27538199969,315.93464052287584
1787817238,9,,Aggregated,2.900000,0.100000,1500,2200,2600,3000,10000,14000,17000,17000,29000,29000,29000,157,5,1500,2950.377419719724,837.9038160001073,29135.27538199969,316.1656050955414
1787817239,9,,Aggregated,2.900000,0.100000,1500,2200,2600,3000,10000,14000,17000,17000,29000,29000,29000,159,5,1500,2923.8973592892876,837.9038160001073,29135.27538199969,316.4339622641509
1787817240,9,,Aggregated,3.000000,0.100000,1500,2200,2600,3000,10000,14000,17000,29000,29000,29000,29000,163,5,1500,3056.7769459079536,837.9038160001073,29135.27538199969,316.47852760736197
1787817241,9,,Aggregated,3.000000,0.100000,1500,2200,2600,3000,10000,14000,17000,29000,29000,29000,29000,165,5,1500,3044.517679569674,837.9038160001073,29135.27538199969,316.8545454545455
1787817242,9,,Aggregated,3.000000,0.100000,1500,2200,2600,3000,10000,14000,17000,29000,29000,29000,29000,168,5,1500,3021.548023315457,837.9038160001073,29135.27538199969,316.8095238095238
1787817243,9,,Aggregated,3.000000,0.100000,1500,2200,2600,3000,10000,14000,17000,29000,29000,29000,29000,169,5,1500,3008.6338559644787,837.9038160001073,29135.27538199969,316.93491124260356
1787817244,9,,Aggregated,2.900000,0.100000,1500,2200,2600,3000,10000,14000,17000,29000,29000,29000,29000,172,5,1500,2988.2261541569574,837.9038160001073,29135.27538199969,317.11046511627904
1787817245,9,,Aggregated,2.900000,0.100000,1500,2200,2600,3000,10000,14000,17000,29000,29000,29000,29000,177,6,1500,2991.3770760734337,837.9038160001073,29135.27538199969,315.38418079096044
1787817246,9,,Aggregated,2.800000,0.100000,1500,2200,2600,3000,10000,14000,17000,29000,29000,29000,29000,179,6,1500,2969.7990528323885,837.9038160001073,29135.27538199969,315.78212290502796
1787817247,9,,Aggregated,2.900000,0.100000,1500,2200,2600,3000,10000,11000,17000,29000,29000,29000,29000,182,6,1500,2949.6218730878995,837.9038160001073,29135.27538199969,315.74725274725273
1787817248,9,,Aggregated,2.900000,0.100000,1500,2200,2600,3000,10000,11000,17000,29000,29000,29000,29000,185,6,1500,2982.7888549567447,837.9038160001073,29135.27538199969,316.1135135135135
1787817249,9,,Aggregated,2.800000,0.100000,1500,2200,2600,3000,10000,14000,17000,29000,29000,29000,29000,189,6,1500,3030.8178752063386,837.9038160001073,29135.27538199969,316.0952380952381
1787817250,9,,Aggregated,2.800000,0.100000,1500,2200,2600,3000,10000,14000,17000,29000,29000,29000,29000,192,6,1500,3000.112446255196,837.9038160001073,29135.27538199969,316.1510416666667
1787817251,9,,Aggregated,2.800000,0.100000,1500,2200,2600,3000,10000,14000,17000,29000,29000,29000,29000,196,6,1500,3040.9935589999877,837.9038160001073,29135.27538199969,316.515306122449
1787817252,9,,Aggregated,3.100000,0.100000,1500,2200,2600,3000,10000,14000,17000,29000,29000,29000,29000,197,6,1500,3029.829290847702,837.9038160001073,29135.27538199969,316.6243654822335
1787817253,9,,Aggregated,3.100000,0.100000,1500,2200,2600,3000,10000,14000,17000,29000,29000,29000,29000,200,6,1500,3011.901736489986,837.9038160001073,29135.27538199969,316.585
1787817254,9,,Aggregated,3.100000,0.100000,1500,2200,2600,3000,10000,14000,17000,17000,29000,29000,29000,203,6,1500,2993.5793396551576,837.9038160001073,29135.27538199969,316.72906403940885
1787817255,9,,Aggregated,3.000000,0.100000,1500,2200,2600,3000,10000,14000,17000,17000,29000,29000,29000,206,6,1500,2968.3679972815366,837.9038160001073,29135.27538199969,316.9466019417476
1787817256,9,,Aggregated,3.200000,0.100000,1500,2200,2600,3000,10000,14000,17000,17000,29000,29000,29000,209,7,1500,2988.9210292248627,837.9038160001073,29135.27538199969,315.4066985645933
1787817257,9,,Aggregated,3.200000,0.100000,1500,2200,2600,3000,10000,14000,17000,17000,29000,29000,29000,211,7,1500,2979.066277914676,837.9038160001073,29135.27538199969,315.70616113744074
1787817258,9,,Aggregated,2.800000,0.000000,1500,2200,2600,3000,10000,14000,17000,17000,29000,29000,29000,214,7,1500,2958.887349303723,837.9038160001073,29135.27538199969,315.66355140186914
1787817259,9,,Aggregated,3.000000,0.100000,1500,2200,2600,3000,10000,14000,17000,17000,29000,29000,29000,217,7,1500,2979.8855212534404,837.9038160001073,29135.27538199969,315.66820276497697
1787817260,9,,Aggregated,3.000000,0.100000,1500,2200,2600,3000,10000,14000,17000,17000,29000,29000,29000,220,7,1500,2968.000743836348,837.9038160001073,29135.27538199969,315.9818181818182
1787817261,9,,Aggregated,2.700000,0.100000,1500,2200,2600,3000,10000,11000,17000,17000,29000,29000,29000,222,7,1500,2948.844640545029,837.9038160001073,29135.27538199969,316.1801801801802
1787817262,9,,Aggregated,2.700000,0.100000,1500,2200,2600,3000,10000,11000,17000,17000,29000,29000,29000,225,7,1500,2932.133470604428,837.9038160001073,29135.27538199969,316.1511111111111
1787817263,9,,Aggregated,2.500000,0.100000,1500,2200,2600,3000,10000,11000,17000,17000,29000,29000,29000,228,7,1500,2917.859463206124,837.9038160001073,29135.27538199969,316.32456140350877
1787817264,9,,Aggregated,2.800000,0.100000,1500,2200,2600,3000,10000,14000,17000,17000,29000,29000,29000,232,7,1500,2945.959923659467,837.9038160001073,29135.27538199969,316.3491379310345
1787817265,9,,Aggregated,2.800000,0.100000,1500,2200,2600,3000,10000,14000,17000,17000,29000,29000,29000,233,7,1500,2936.9433348068533,837.9038160001073,29135.27538199969,316.4420600858369
1787817266,9,,Aggregated,2.600000,0.100000,1500,2200,2600,3000,10000,14000,17000,17000,29000,29000,29000,237,8,1500,3007.2713148227754,837.9038160001073,29135.27538199969,315.2911392405063
1787817267,9,,Aggregated,2.900000,0.100000,1500,2200,2600,3000,10000,14000,17000,17000,29000,29000,29000,241,8,1500,2993.2535910746806,837.9038160001073,29135.27538199969,315.4564315352697
1787817268,9,,Aggregated,2.800000,0.100000,1500,2200,2600,3000,10000,14000,17000,17000,29000,29000,29000,243,8,1500,2978.581109423861,837.9038160001073,29135.27538199969,315.41975308641975
1787817269,9,,Aggregated,2.800000,0.100000,1500,2200,2600,3000,10000,14000,17000,29000,29000,29000,29000,246,8,1500,3071.8226138008067,837.9038160001073,29135.27538199969,315.5934959349593
1787817270,9,,Aggregated,2.900000,0.100000,1500,2200,2600,3000,10000,14000,17000,29000,29000,29000,29000,249,8,1500,3095.2103985421627,837.9038160001073,29135.27538199969,315.87550200803213
1787817271,9,,Aggregated,3.000000,0.100000,1500,2200,2600,3000,10000,14000,17000,29000,29000,29000,29000,253,8,1500,3071.1037690395206,837.6257459999579,29135.27538199969,315.9644268774704
1787817272,9,,Aggregated,2.900000,0.100000,1500,2200,2600,3000,10000,14000,17000,29000,29000,29000,29000,254,8,1500,3062.3155285629873,837.6257459999579,29135.27538199969,316.0511811023622
1787817273,9,,Aggregated,2.900000,0.100000,1500,2200,2600,3000,10000,14000,17000,29000,29000,29000,29000,258,8,1500,3044.4142284185996,837.6257459999579,29135.27538199969,316.1860465116279
1787817274,9,,Aggregated,3.100000,0.100000,1500,2200,2600,3000,10000,14000,17000,29000,29000,29000,29000,260,8,1500,3029.3293851230706,837.6257459999579,29135.27538199969,316.1461538461538
1787817275,9,,Aggregated,2.800000,0.100000,1500,2200,2600,3000,10000,14000,17000,29000,29000,29000,29000,262,8,1500,3017.8030563091547,837.6257459999579,29135.27538199969,316.23664122137404
1787817276,9,,Aggregated,3.100000,0.100000,1500,2200,2600,3000,10000,14000,17000,29000,29000,29000,29000,266,9,1500,3032.8755813834537,837.6257459999579,29135.27538199969,315.16541353383457
1787817277,9,,Aggregated,2.900000,0.100000,1500,2200,2600,3000,10000,14000,17000,29000,29000,29000,29000,269,9,1500,3012.7851012267606,837.6257459999579,29135.27538199969,315.35315985130114
1787817278,9,,Aggregated,2.900000,0.100000,1500,2200,2600,3000,10000,14000,17000,29000,29000,29000,29000,272,9,1500,3039.132104422791,837.6257459999579,29135.27538199969,315.34191176470586
1787817279,9,,Aggregated,2.800000,0.100000,1500,2200,2600,3000,10000,14000,17000,29000,29000,29000,29000,276,9,1500,3023.556689293477,837.6257459999579,29135.27538199969,315.4782608695652
1787817280,9,,Aggregated,2.800000,0.100000,1500,2200,2600,3000,10000,14000,17000,29000,29000,29000,29000,277,9,1500,3015.672695888085,837.6257459999579,29135.27538199969,315.55956678700363
1787817281,9,,Aggregated,2.900000,0.100000,1500,2200,2600,3000,10000,14000,17000,29000,29000,29000,29000,281,9,1500,3027.820569708181,837.6257459999579,29135.27538199969,315.5871886120996
1787817282,9,,Aggregated,2.800000,0.100000,1500,2200,2600,3000,10000,14000,17000,29000,29000,29000,29000,284,9,1500,3060.517268197181,837.6257459999579,29135.27538199969,315.76056338028167
1787817283,9,,Aggregated,2.800000,0.100000,1500,2200,2600,3000,10000,14000,17000,29000,29000,29000,29000,288,9,1500,3046.750602197916,837.6257459999579,29135.27538199969,315.87847222222223
1787817284,9,,Aggregated,2.900000,0.100000,1500,2200,2600,3000,10000,14000,17000,29000,29000,29000,29000,290,9,1500,3033.9550666620685,837.6257459999579,29135.27538199969,315.84137931034485
1787817285,9,,Aggregated,2.800000,0.100000,1500,2200,2600,3000,10000,14000,17000,29000,29000,29000,29000,292,9,1500,3023.7298515102734,837.6257459999579,29135.27538199969,315.92123287671234
1787817286,9,,Aggregated,2.900000,0.100000,1500,2200,2600,3000,10000,14000,17000,29000,29000,29000,29000,296,10,1500,3035.4716336385136,837.6257459999579,29135.27538199969,314.98986486486484
1787817287,9,,Aggregated,2.900000,0.100000,1500,2200,2600,3000,10000,14000,17000,29000,29000,29000,29000,298,10,1500,3023.069875466442,837.6257459999579,29135.27538199969,314.9597315436242
1787817288,9,,Aggregated,3.000000,0.100000,1500,2200,2600,3000,10000,14000,17000,17000,29000,29000,29000,302,10,1500,3000.116866903972,837.6257459999579,29135.27538199969,315.3344370860927
1787817289,9,,Aggregated,3.000000,0.100000,1500,2200,2600,3000,10000,14000,17000,17000,29000,29000,29000,305,10,1500,2989.7905313573756,837.6257459999579,29135.27538199969,315.4491803278689
1787817290,9,,Aggregated,2.900000,0.100000,1500,2200,2600,3000,10000,14000,17000,17000,29000,29000,29000,307,10,1500,2979.994591771987,837.6257459999579,29135.27538199969,315.5342019543974
1787817291,9,,Aggregated,2.900000,0.100000,1500,2200,2600,3000,10000,14000,17000,17000,29000,29000,29000,309,10,1500,2969.163587660193,837.6257459999579,29135.27538199969,315.50161812297733
1787817292,9,,Aggregated,3.000000,0.100000,1500,2200,2600,3100,10000,14000,17000,17000,29000,29000,29000,314,10,1500,3020.494238404459,837.6257459999579,29135.27538199969,315.7643312101911
1787817293,9,,Aggregated,2.900000,0.100000,1500,2200,2600,3000,10000,14000,17000,17000,29000,29000,29000,317,10,1500,3003.983632044165,837.6257459999579,29135.27538199969,315.801261829653
1787817294,9,,Aggregated,3.100000,0.100000,1500,2200,2600,3000,10000,14000,17000,17000,29000,29000,29000,319,10,1500,2994.010555686521,837.6257459999579,29135.27538199969,315.88401253918494
1787817295,9,,Aggregated,3.100000,0.100000,1500,2200,2600,3000,10000,14000,17000,17000,29000,29000,29000,321,10,1500,2983.35786021807,837.6257459999579,29135.27538199969,315.8535825545171
1787817296,9,,Aggregated,3.000000,0.100000,1500,2200,2600,3000,10000,14000,17000,17000,29000,29000,29000,325,10,1500,2969.8908650276944,837.6257459999579,29135.27538199969,316.00615384615384
1787817297,9,,Aggregated,2.900000,0.100000,1500,2200,2600,3000,10000,14000,17000,17000,29000,29000,29000,326,10,1500,2963.508179411046,837.6257459999579,29135.27538199969,316.07361963190186
1787817298,9,,Aggregated,3.000000,0.100000,1500,2200,2600,3000,10000,14000,17000,29000,29000,29000,29000,331,11,1500,3050.161517746226,837.6257459999579,29135.27538199969,315.1450151057402
1787817299,9,,Aggregated,2.900000,0.000000,1500,2200,2600,3100,10000,14000,17000,29000,29000,29000,29000,336,11,1500,3073.5827909880977,837.6257459999579,29135.27538199969,315.32738095238096
1787817300,9,,Aggregated,3.000000,0.100000,1500,2200,2600,3100,10000,14000,17000,29000,29000,29000,29000,338,11,1500,3064.198246002963,837.6257459999579,29135.27538199969,315.4082840236686
1787817301,9,,Aggregated,3.000000,0.100000,1500,2200,2600,3100,10000,14000,17000,29000,29000,29000,29000,340,11,1500,3055.2818403323577,837.6257459999579,29135.27538199969,315.3794117647059
1787817302,9,,Aggregated,3.000000,0.100000,1500,2200,2600,3000,10000,14000,17000,29000,29000,29000,29000,342,11,1500,3048.767055359654,837.6257459999579,29135.27538199969,315.5643274853801
1787817303,9,,Aggregated,2.900000,0.100000,1500,2200,2600,3000,10000,14000,17000,29000,29000,29000,29000,346,11,1500,3058.6138307341075,837.6257459999579,29135.27538199969,315.5606936416185
1787817304,9,,Aggregated,2.900000,0.100000,1500,2200,2600,3000,10000,14000,17000,29000,29000,29000,29000,349,11,1500,3041.4567555415492,837.6257459999579,29135.27538199969,315.59885386819485
1787817305,9,,Aggregated,3.000000,0.100000,1500,2200,2600,3000,10000,14000,17000,29000,29000,29000,29000,352,11,1500,3034.205216250001,837.6257459999579,29135.27538199969,315.80965909090907
1787817306,9,,Aggregated,3.000000,0.100000,1500,2200,2600,3100,10000,14000,17000,29000,29000,29000,29000,354,11,1500,3058.348990033898,837.6257459999579,29135.27538199969,315.8898305084746
1787817307,9,,Aggregated,2.900000,0.100000,1500,2200,2600,3000,10000,14000,17000,29000,29000,29000,29000,357,11,1500,3048.1455549439765,837.6257459999579,29135.27538199969,315.87394957983196
1787817308,9,,Aggregated,2.900000,0.100000,1500,2200,2600,3100,10000,14000,17000,29000,29000,29000,29000,361,12,1500,3057.2549437091425,837.6257459999579,29135.27538199969,315.0886426592798
1787817309,9,,Aggregated,3.000000,0.100000,1500,2200,2600,3100,10000,14000,17000,29000,29000,29000,29000,364,12,1500,3044.1154626895614,837.6257459999579,29135.27538199969,315.0741758241758
1787817310,9,,Aggregated,2.900000,0.100000,1500,2200,2600,3000,10000,14000,17000,29000,29000,29000,29000,366,12,1500,3032.133720292351,837.6257459999579,29135.27538199969,315.1967213114754
1787817311,9,,Aggregated,2.700000,0.100000,1500,2200,2600,3000,10000,14000,17000,29000,29000,29000,29000,367,12,1500,3026.1878052452334,837.6257459999579,29135.27538199969,315.25885558583104
1787817312,9,,Aggregated,2.700000,0.100000,1500,2200,2600,3000,10000,14000,17000,29000,29000,29000,29000,371,12,1500,3016.8656898113218,837.6257459999579,29135.27538199969,315.3611859838275
1787817313,9,,Aggregated,2.900000,0.100000,1500,2200,2600,3000,10000,14000,17000,29000,29000,29000,29000,372,12,1500,3011.0724701370978,837.6257459999579,29135.27538199969,315.4220430107527
1787817314,9,,Aggregated,2.700000,0.100000,1500,2200,2600,3000,10000,14000,17000,29000,29000,29000,29000,376,12,1500,3020.0948422446822,837.6257459999579,29135.27538199969,315.42287234042556
1787817315,9,,Aggregated,2.900000,0.100000,1500,2200,2600,3100,10000,14000,17000,29000,29000,29000,29000,378,12,1500,3014.7715476481508,837.6257459999579,29135.27538199969,315.5978835978836
1787817316,9,,Aggregated,2.900000,0.100000,1500,2200,2600,3100,10000,14000,17000,29000,29000,29000,29000,383,12,1500,3036.2843035587516,837.6257459999579,29135.27538199969,315.6762402088773
1787817317,9,,Aggregated,2.800000,0.100000,1500,2200,2600,3100,10000,14000,17000,29000,29000,29000,29000,384,12,1500,3030.660306062504,837.6257459999579,29135.27538199969,315.734375
1787817318,9,,Aggregated,2.800000,0.100000,1500,2200,2600,3100,10000,14000,17000,29000,29000,29000,29000,389,13,1500,3036.4148336092594,837.6257459999579,29135.27538199969,315.0179948586118
1787817319,9,,Aggregated,2.700000,0.100000,1500,2200,2600,3100,10000,14000,17000,29000,29000,29000,29000,391,13,1500,3057.696591711003,837.6257459999579,29135.27538199969,315.10997442455243
1787817320,9,,Aggregated,2.900000,0.100000,1500,2200,2600,3100,10000,14000,17000,29000,29000,29000,29000,394,13,1500,3048.1224854670104,837.6257459999579,29135.27538199969,315.1015228426396
1787817321,9,,Aggregated,2.900000,0.100000,1500,2200,2600,3000,10000,14000,17000,29000,29000,29000,29000,397,13,1500,3036.968528481115,837.6257459999579,29135.27538199969,315.3249370277078
1787817322,9,,Aggregated,2.800000,0.100000,1500,2200,2600,3000,10000,14000,17000,29000,29000,29000,29000,400,13,1500,3024.8725176750054,837.6257459999579,29135.27538199969,315.34
1787817323,9,,Aggregated,2.800000,0.100000,1500,2200,2600,3000,10000,14000,17000,17000,29000,29000,29000,401,13,1500,3019.419304673323,837.6257459999579,29135.27538199969,315.3965087281795
1787817324,9,,Aggregated,2.800000,0.100000,1500,2200,2600,3000,10000,14000,17000,17000,29000,29000,29000,405,13,1500,3010.7745432123506,836.56529999962,29135.27538199969,315.4938271604938
1787817325,9,,Aggregated,2.800000,0.100000,1500,2200,2600,3000,10000,14000,17000,17000,29000,29000,29000,407,13,1500,3025.251271911554,836.56529999962,29135.27538199969,315.56265356265357
1787817326,9,,Aggregated,2.800000,0.100000,1500,2200,2600,3000,10000,14000,17000,17000,29000,29000,29000,410,13,1500,3014.382687900007,836.56529999962,29135.27538199969,315.55121951219513
1787817327,9,,Aggregated,2.900000,0.100000,1500,2200,2600,3100,10000,14000,17000,29000,29000,29000,29000,414,13,1500,3066.7924478961427,836.56529999962,29135.27538199969,315.80676328502415
1787817328,9,,Aggregated,2.800000,0.100000,1500,2200,2600,3100,10000,14000,17000,29000,29000,29000,29000,418,14,1500,3074.3537665813465,836.56529999962,29135.27538199969,315.0382775119617
1787817329,9,,Aggregated,2.800000,0.100000,1500,2200,2600,3100,10000,14000,17000,29000,29000,29000,29000,419,14,1500,3069.0386224654003,836.56529999962,29135.27538199969,315.0930787589499
1787817330,9,,Aggregated,2.600000,0.100000,1500,2200,2600,3000,10000,14000,17000,29000,29000,29000,29000,423,14,1500,3057.609644749416,836.56529999962,29135.27538199969,315.1867612293144
1787817331,9,,Aggregated,2.600000,0.100000,1500,2200,2600,3000,10000,14000,17000,29000,29000,29000,29000,425,14,1500,3048.4107943458894,836.56529999962,29135.27538199969,315.16
1787817332,9,,Aggregated,2.900000,0.100000,1500,2200,2600,3000,10000,14000,17000,29000,29000,29000,29000,428,14,1500,3070.101402014026,836.56529999962,29135.27538199969,315.27803738317755
1787817333,9,,Aggregated,2.900000,0.100000,1500,2200,2600,3100,10000,14000,17000,29000,29000,29000,29000,433,14,1500,3085.468880635109,836.56529999962,29135.27538199969,315.3810623556582
1787817334,9,,Aggregated,2.900000,0.100000,1500,2200,2600,3100,10000,14000,17000,29000,29000,29000,29000,434,14,1500,3080.296632297241,836.56529999962,29135.27538199969,315.42857142857144
1787817335,9,,Aggregated,2.700000,0.100000,1500,2200,2600,3000,10000,14000,17000,29000,29000,29000,29000,437,14,1500,3069.366070313507,836.56529999962,29135.27538199969,315.41647597254007
1787817336,9,,Aggregated,3.000000,0.100000,1500,2200,2600,3100,10000,14000,17000,29000,29000,29000,29000,441,14,1500,3079.4713773310705,836.56529999962,29135.27538199969,315.5079365079365
1787817337,9,,Aggregated,3.000000,0.100000,1500,2200,2600,3100,10000,14000,17000,29000,29000,29000,29000,443,14,1500,3072.3679396027132,836.56529999962,29135.27538199969,315.56884875846504
1787817338,9,,Aggregated,3.000000,0.100000,1500,2200,2600,3100,10000,14000,17000,29000,29000,29000,29000,446,15,1500,3077.9909094753407,836.56529999962,29135.27538199969,314.95739910313904
1787817339,9,,Aggregated,3.000000,0.100000,1500,2200,2600,3100,10000,14000,17000,29000,29000,29000,29000,450,15,1500,3069.5248647555595,836.56529999962,29135.27538199969,315.0444444444444
1787817340,9,,Aggregated,3.000000,0.100000,1500,2200,2600,3000,10000,14000,17000,29000,29000,29000,29000,452,15,1500,3061.0128899292076,836.56529999962,29135.27538199969,315.02433628318585
1787817341,9,,Aggregated,3.000000,0.100000,1500,2200,2600,3000,10000,14000,17000,29000,29000,29000,29000,453,15,1500,3056.1164030397395,836.56529999962,29135.27538199969,315.07284768211923
1787817342,9,,Aggregated,2.900000,0.100000,1500,2200,2600,3000,10000,14000,17000,29000,29000,29000,29000,456,15,1500,3049.435873050443,836.56529999962,29135.27538199969,315.23026315789474
1787817343,9,,Aggregated,2.800000,0.100000,1500,2200,2600,3000,10000,14000,17000,29000,29000,29000,29000,459,15,1500,3038.3606587864974,836.56529999962,29135.27538199969,315.25925925925924
1787817344,9,,Aggregated,2.900000,0.100000,1500,2200,2600,3000,10000,14000,17000,29000,29000,29000,29000,462,15,1500,3028.187197826844,836.56529999962,29135.27538199969,315.25108225108227
1787817345,9,,Aggregated,2.900000,0.100000,1500,2200,2600,3000,10000,14000,17000,29000,29000,29000,29000,463,15,1500,3023.465394213826,836.56529999962,29135.27538199969,315.29373650107993
1787817346,9,,Aggregated,2.700000,0.100000,1500,2200,2600,3000,10000,14000,17000,29000,29000,29000,29000,468,15,1500,3038.0392222521414,836.56529999962,29135.27538199969,315.3888888888889
1787817347,9,,Aggregated,2.600000,0.100000,1500,2200,2600,3100,10000,14000,17000,29000,29000,29000,29000,471,16,1500,3065.0922343269676,836.56529999962,29135.27538199969,314.7791932059448
1787817348,9,,Aggregated,2.600000,0.100000,1500,2200,2600,3100,10000,14000,17000,29000,29000,29000,29000,474,16,1500,3055.5471715274307,836.56529999962,29135.27538199969,314.789029535865
1787817349,9,,Aggregated,2.700000,0.100000,1500,2200,2600,3100,10000,14000,17000,29000,29000,29000,29000,479,16,1500,3071.5616315678535,836.56529999962,29135.27538199969,314.91440501043843
1787817350,9,,Aggregated,2.900000,0.100000,1500,2200,2600,3100,10000,14000,17000,29000,29000,29000,29000,481,16,1500,3064.5423095530186,836.56529999962,29135.27538199969,314.98544698544697
1787817351,9,,Aggregated,2.900000,0.100000,1500,2200,2600,3100,10000,14000,17000,29000,29000,29000,29000,482,16,1500,3059.9377135518716,836.56529999962,29135.27538199969,315.0331950207469
1787817352,9,,Aggregated,3.000000,0.100000,1500,2200,2600,3100,10000,14000,17000,29000,29000,29000,29000,486,16,1500,3051.5917108189346,836.56529999962,29135.27538199969,315.11728395061726
1787817353,9,,Aggregated,2.900000,0.100000,1500,2200,2600,3100,10000,14000,17000,29000,29000,29000,29000,488,16,1500,3043.858489051233,836.56529999962,29135.27538199969,315.11270491803276
1787817354,9,,Aggregated,3.100000,0.100000,1500,2200,2600,3000,10000,14000,17000,29000,29000,29000,29000,491,16,1500,3033.254267525461,836.56529999962,29135.27538199969,315.21181262729124
1787817355,9,,Aggregated,3.000000,0.100000,1500,2200,2600,3100,10000,14000,17000,29000,29000,29000,29000,494,16,1500,3026.50378385223,836.56529999962,29135.27538199969,315.2955465587045
1787817356,9,,Aggregated,2.800000,0.100000,1500,2200,2600,3100,10000,14000,17000,29000,29000,29000,29000,497,16,1500,3072.2433137706275,836.56529999962,29135.27538199969,315.38229376257544
1787817357,9,,Aggregated,2.900000,0.100000,1500,2200,2600,3100,10000,14000,17000,29000,29000,29000,29000,500,17,1500,3080.4645238200033,836.56529999962,29135.27538199969,314.734
1787817358,9,,Aggregated,3.000000,0.100000,1500,2200,2600,3100,10000,14000,17000,29000,29000,29000,29000,504,17,1500,3089.0187672281786,836.56529999962,29135.27538199969,314.90277777777777
1787817359,9,,Aggregated,2.900000,0.100000,1500,2200,2600,3100,10000,14000,17000,29000,29000,29000,29000,507,17,1500,3076.983229930971,836.56529999962,29135.27538199969,314.92899408284023
1787817360,9,,Aggregated,2.900000,0.100000,1500,2200,2600,3100,10000,14000,17000,29000,29000,29000,29000,509,17,1500,3093.570205233796,836.56529999962,29135.27538199969,314.9823182711198
1787817361,9,,Aggregated,2.900000,0.100000,1500,2200,2600,3100,10000,14000,17000,29000,29000,29000,29000,513,17,1500,3086.244179676417,836.56529999962,29135.27538199969,315.0565302144249
1787817362,9,,Aggregated,2.900000,0.100000,1500,2200,2600,3100,10000,14000,17000,29000,29000,29000,29000,514,17,1500,3081.966850474712,836.56529999962,29135.27538199969,315.1011673151751
1787817363,9,,Aggregated,2.800000,0.100000,1500,2200,2600,3000,10000,14000,17000,29000,29000,29000,29000,517,17,1500,3072.94417485687,836.56529999962,29135.27538199969,315.0928433268859
1787817364,9,,Aggregated,2.800000,0.100000,1500,2200,2600,3100,10000,14000,17000,29000,29000,29000,29000,519,17,1500,3068.8608442369987,836.56529999962,29135.27538199969,315.22157996146433
1787817365,9,,Aggregated,2.900000,0.100000,1500,2200,2600,3000,10000,14000,17000,29000,29000,29000,29000,523,17,1500,3056.875477413007,836.56529999962,29135.27538199969,315.282982791587
1787817366,9,,Aggregated,2.900000,0.100000,1500,2200,2600,3100,10000,14000,17000,29000,29000,29000,29000,525,17,1500,3078.5287469866716,836.56529999962,29135.27538199969,315.33714285714285
1787817367,9,,Aggregated,3.000000,0.100000,1500,2200,2600,3100,10000,14000,17000,29000,29000,29000,29000,530,18,1500,3083.1415874943455,836.56529999962,29135.27538199969,314.81698113207545
1787817368,9,,Aggregated,3.000000,0.100000,1500,2200,2600,3100,10000,14000,17000,29000,29000,29000,29000,531,18,1500,3078.933606022605,836.56529999962,29135.27538199969,314.86064030131826
1787817369,9,,Aggregated,2.900000,0.100000,1500,2200,2600,3100,10000,14000,17000,29000,29000,29000,29000,535,18,1500,3086.965829897202,836.56529999962,29135.27538199969,314.8654205607477
1787817370,9,,Aggregated,2.800000,0.100000,1500,2200,2600,3100,10000,14000,17000,29000,29000,29000,29000,538,18,1500,3078.304509840155,836.56529999962,29135.27538199969,315.03159851301115
1787817371,9,,Aggregated,2.700000,0.100000,1500,2200,2600,3000,10000,14000,17000,29000,29000,29000,29000,541,18,1500,3069.383398733833,836.56529999962,29135.27538199969,315.0388170055453
1787817372,9,,Aggregated,2.800000,0.100000,1500,2200,2600,3000,10000,14000,17000,29000,29000,29000,29000,542,18,1500,3065.2791632103385,836.56529999962,29135.27538199969,315.0811808118081
1787817373,9,,Aggregated,2.800000,0.100000,1500,2200,2600,3000,10000,14000,17000,29000,29000,29000,29000,546,18,1500,3058.626870172167,836.56529999962,29135.27538199969,315.1630036630037
1787817374,9,,Aggregated,2.800000,0.100000,1500,2200,2600,3100,10000,14000,17000,29000,29000,29000,29000,548,18,1500,3073.948011598546,836.56529999962,29135.27538199969,315.2153284671533
1787817375,9,,Aggregated,2.600000,0.100000,1500,2200,2600,3000,10000,14000,17000,29000,29000,29000,29000,551,18,1500,3065.3911087804054,836.56529999962,29135.27538199969,315.2050816696915
1787817376,9,,Aggregated,3.000000,0.100000,1500,2200,2600,3000,10000,14000,17000,29000,29000,29000,29000,553,18,1500,3057.37355629657,836.56529999962,29135.27538199969,315.2857142857143
1787817377,9,,Aggregated,2.800000,0.100000,1500,2200,2600,3100,10000,14000,17000,29000,29000,29000,29000,557,19,1500,3064.3155777325,836.56529999962,29135.27538199969,314.8473967684022
1787817378,9,,Aggregated,2.800000,0.100000,1500,2200,2600,3100,10000,14000,17000,29000,29000,29000,29000,559,19,1500,3059.413850676213,836.56529999962,29135.27538199969,314.8336314847943
1787817379,9,,Aggregated,2.600000,0.100000,1500,2200,2600,3000,10000,14000,17000,29000,29000,29000,29000,561,19,1500,3052.8477336149786,836.56529999962,29135.27538199969,314.8146167557932
1787817380,9,,Aggregated,2.600000,0.100000,1500,2200,2600,3100,10000,14000,17000,29000,29000,29000,29000,565,19,1500,3061.4681282814204,836.56529999962,29135.27538199969,314.9646017699115
1787817381,9,,Aggregated,2.700000,0.100000,1500,2200,2600,3000,10000,14000,17000,29000,29000,29000,29000,567,19,1500,3053.637395675489,836.56529999962,29135.27538199969,315.04761904761904
1787817382,9,,Aggregated,2.900000,0.100000,1500,2200,2600,3000,10000,14000,17000,29000,29000,29000,29000,571,19,1500,3071.2323355744365,836.56529999962,29135.27538199969,315.045534150613
1787817383,9,,Aggregated,2.700000,0.100000,1500,2200,2600,3000,10000,14000,17000,29000,29000,29000,29000,574,19,1500,3064.3591184965208,836.56529999962,29135.27538199969,315.1062717770035
1787817384,9,,Aggregated,2.700000,0.100000,1500,2200,2600,3000,10000,14000,17000,29000,29000,29000,29000,576,19,1500,3058.6496308819496,836.56529999962,29135.27538199969,315.16493055555554
1787817385,9,,Aggregated,3.000000,0.100000,1500,2200,2600,3000,10000,14000,17000,29000,29000,29000,29000,579,19,1500,3099.2847944127857,836.56529999962,29135.27538199969,315.3039723661485
1787817386,9,,Aggregated,3.000000,0.100000,1500,2200,2600,3000,10000,14000,17000,29000,29000,29000,29000,582,19,1500,3092.8491623488026,836.56529999962,29135.27538199969,315.2938144329897
1787817387,9,,Aggregated,2.800000,0.100000,1500,2200,2600,3000,10000,14000,17000,29000,29000,29000,29000,587,20,1500,3112.33747177343,836.56529999962,29135.27538199969,314.7870528109029
1787817388,9,,Aggregated,3.000000,0.100000,1500,2200,2600,3000,10000,14000,17000,29000,29000,29000,29000,589,20,1500,3107.1603889371872,836.56529999962,29135.27538199969,314.8353140916808
1787817389,9,,Aggregated,3.000000,0.100000,1500,2200,2600,3000,10000,14000,17000,29000,29000,29000,29000,591,20,1500,3103.4619748883297,836.56529999962,29135.27538199969,314.94585448392553
1787817390,9,,Aggregated,2.800000,0.100000,1500,2200,2600,3000,10000,14000,17000,29000,29000,29000,29000,594,20,1500,3097.4406753282883,836.56529999962,29135.27538199969,314.95117845117846
1787817391,9,,Aggregated,2.800000,0.100000,1500,2200,2600,3000,10000,14000,17000,29000,29000,29000,29000,596,20,1500,3107.062548545308,836.56529999962,29135.27538199969,315.001677852349
1787817392,9,,Aggregated,2.800000,0.100000,1500,2200,2600,3000,10000,14000,17000,29000,29000,29000,29000,600,20,1500,3096.608140665005,836.56529999962,29135.27538199969,315.11
1787817393,9,,Aggregated,3.000000,0.100000,1500,2200,2600,3000,10000,14000,17000,29000,29000,29000,29000,602,20,1500,3091.340986928577,836.56529999962,29135.27538199969,315.156146179402
1787817394,9,,Aggregated,3.000000,0.100000,1500,2200,2600,3000,10000,14000,17000,29000,29000,29000,29000,604,20,1500,3086.3288456655687,836.56529999962,29135.27538199969,315.1423841059603
1787817395,9,,Aggregated,2.800000,0.100000,1500,2200,2600,3000,10000,14000,17000,29000,29000,29000,29000,608,20,1500,3078.2494953355326,836.56529999962,29135.27538199969,315.20723684210526
1787817396,9,,Aggregated,2.800000,0.100000,1500,2200,2600,3000,10000,14000,17000,29000,29000,29000,29000,609,20,1500,3074.579005461418,836.56529999962,29135.27538199969,315.2430213464696
1787817397,9,,Aggregated,2.900000,0.100000,1500,2200,2600,3000,10000,14000,17000,29000,29000,29000,29000,612,21,1500,3080.8978490686336,836.56529999962,29135.27538199969,314.76960784313724
1787817398,9,,Aggregated,2.700000,0.100000,1500,2200,2600,3000,10000,14000,17000,29000,29000,29000,29000,616,21,1500,3072.4132966428624,836.56529999962,29135.27538199969,314.8636363636364
1787817399,9,,Aggregated,2.800000,0.100000,1500,2200,2600,3000,10000,14000,17000,29000,29000,29000,29000,620,21,1500,3086.4714706483924,836.56529999962,29135.27538199969,314.8677419354839
1787817400,9,,Aggregated,2.800000,0.100000,1500,2200,2600,3000,10000,14000,17000,29000,29000,29000,29000,621,21,1500,3082.8681685024208,836.56529999962,29135.27538199969,314.9033816425121
1787817401,9,,Aggregated,2.700000,0.100000,1500,2200,2600,3000,10000,14000,17000,29000,29000,29000,29000,626,21,1500,3093.3972011709316,836.56529999962,29135.27538199969,314.97923322683704
1787817402,9,,Aggregated,2.700000,0.100000,1500,2200,2600,3000,10000,14000,17000,29000,29000,29000,29000,628,21,1500,3102.458815093954,836.56529999962,29135.27538199969,315.02547770700636
1787817403,9,,Aggregated,2.900000,0.100000,1500,2200,2600,3000,10000,14000,17000,29000,29000,29000,29000,632,21,1500,3091.4136727373466,836.56529999962,29135.27538199969,315.05221518987344
1787817404,9,,Aggregated,2.900000,0.100000,1500,2200,2600,3000,10000,14000,17000,29000,29000,29000,29000,635,21,1500,3085.401657933862,836.56529999962,29135.27538199969,315.1196850393701
1787817405,9,,Aggregated,2.900000,0.100000,1500,2200,2600,3000,10000,14000,17000,29000,29000,29000,29000,637,21,1500,3080.2433688854044,836.56529999962,29135.27538199969,315.17425431711143
1787817406,9,,Aggregated,2.900000,0.100000,1500,2200,2600,3000,10000,14000,17000,29000,29000,29000,29000,639,21,1500,3074.2650969687056,836.56529999962,29135.27538199969,315.16118935837244
1787817407,9,,Aggregated,2.800000,0.100000,1500,2200,2600,3000,10000,14000,17000,29000,29000,29000,29000,644,22,1500,3078.154224131991,836.56529999962,29135.27538199969,314.72670807453414
1787817408,9,,Aggregated,2.800000,0.100000,1500,2200,2600,3000,10000,14000,17000,29000,29000,29000,29000,645,22,1500,3074.6906100015544,836.56529999962,29135.27538199969,314.76124031007754
1787817409,9,,Aggregated,2.900000,0.100000,1500,2200,2600,3000,10000,14000,17000,29000,29000,29000,29000,648,22,1500,3066.231804810189,836.56529999962,29135.27538199969,314.7824074074074
1787817410,9,,Aggregated,3.000000,0.100000,1500,2200,2600,3000,10000,14000,17000,29000,29000,29000,29000,651,22,1500,3061.728715878651,836.56529999962,29135.27538199969,314.8909370199693
1787817411,9,,Aggregated,2.800000,0.100000,1500,2200,2600,3000,10000,14000,17000,29000,29000,29000,29000,652,22,1500,3058.3364181349725,836.56529999962,29135.27538199969,314.92484662576686
1787817412,9,,Aggregated,2.800000,0.100000,1500,2200,2600,3000,10000,14000,17000,29000,29000,29000,29000,655,22,1500,3052.1039011068738,836.56529999962,29135.27538199969,314.9282442748092
1787817413,9,,Aggregated,2.600000,0.100000,1500,2200,2600,3000,10000,14000,17000,29000,29000,29000,29000,660,22,1500,3097.7840107242455,836.56529999962,29135.27538199969,315.0181818181818
1787817414,9,,Aggregated,2.700000,0.100000,1500,2200,2600,3000,10000,14000,17000,29000,29000,29000,29000,664,22,1500,3105.738564121992,836.56529999962,29135.27538199969,315.1024096385542
1787817415,9,,Aggregated,2.700000,0.100000,1500,2200,2600,3000,10000,14000,17000,29000,29000,29000,29000,666,22,1500,3099.7767841306345,836.56529999962,29135.27538199969,315.08708708708707
1787817416,9,,Aggregated,2.900000,0.100000,1500,2200,2600,3000,10000,14000,17000,29000,29000,29000,29000,670,22,1500,3112.9694542582124,836.56529999962,29135.27538199969,315.0910447761194
1787817417,9,,Aggregated,3.000000,0.100000,1500,2200,2600,3000,10000,14000,17000,29000,29000,29000,29000,673,23,1500,3120.2354864338813,836.56529999962,29135.27538199969,314.7221396731055
1787817418,9,,Aggregated,2.800000,0.100000,1500,2200,2600,3000,10000,14000,17000,29000,29000,29000,29000,675,23,1500,3115.2739647466697,836.56529999962,29135.27538199969,314.76296296296294
1787817419,9,,Aggregated,2.800000,0.100000,1500,2200,2600,3000,10000,14000,17000,29000,29000,29000,29000,677,23,1500,3110.9216422230465,836.56529999962,29135.27538199969,314.75184638109306
1787817420,9,,Aggregated,2.900000,0.100000,1500,2200,2600,3000,10000,14000,17000,29000,29000,29000,29000,682,23,1500,3100.266706582115,836.56529999962,29135.27538199969,314.85483870967744
1787817421,9,,Aggregated,3.100000,0.100000,1500,2200,2600,3000,10000,14000,17000,29000,29000,29000,29000,683,23,1500,3096.9679938901936,836.56529999962,29135.27538199969,314.8887262079063
1787817422,9,,Aggregated,3.100000,0.100000,1500,2200,2600,3000,10000,14000,17000,29000,29000,29000,29000,684,23,1500,3093.684676595032,836.56529999962,29135.27538199969,314.92251461988303
1787817423,9,,Aggregated,3.100000,0.100000,1500,2200,2600,3000,10000,14000,17000,29000,29000,29000,29000,688,23,1500,3088.18129737355,836.56529999962,29135.27538199969,314.9912790697674
1787817424,9,,Aggregated,2.800000,0.100000,1500,2200,2600,3000,10000,14000,17000,29000,29000,29000,29000,691,23,1500,3094.0289597221445,836.56529999962,29135.27538199969,314.98552821997106
1787817425,9,,Aggregated,2.800000,0.100000,1500,2200,2600,3000,10000,14000,17000,29000,29000,29000,29000,693,23,1500,3089.268957767679,836.56529999962,29135.27538199969,315.02453102453103
1787817426,9,,Aggregated,2.800000,0.100000,1500,2200,2600,3000,10000,14000,17000,29000,29000,29000,29000,696,23,1500,3082.9135768764395,836.56529999962,29135.27538199969,315.1537356321839
1787817427,9,,Aggregated,2.800000,0.100000,1500,2200,2600,3000,10000,14000,17000,29000,29000,29000,29000,700,24,1500,3087.0922776228604,836.56529999962,29135.27538199969,314.6957142857143
1787817428,9,,Aggregated,2.800000,0.100000,1500,2200,2600,3000,10000,14000,17000,29000,29000,29000,29000,703,24,1500,3096.848174311525,836.56529999962,29135.27538199969,314.69559032716927
1787817429,9,,Aggregated,2.700000,0.100000,1500,2200,2600,3000,10000,14000,17000,29000,29000,29000,29000,706,24,1500,3092.543414130315,836.56529999962,29135.27538199969,314.79886685552407
1787817430,9,,Aggregated,2.700000,0.100000,1500,2200,2600,3000,10000,14000,17000,29000,29000,29000,29000,707,24,1500,3089.446629807641,836.56529999962,29135.27538199969,314.82885431400285
1787817431,9,,Aggregated,2.800000,0.100000,1500,2200,2600,3000,10000,14000,17000,29000,29000,29000,29000,711,24,1500,3080.963580814349,836.56529999962,29135.27538199969,314.86497890295357
1787817432,9,,Aggregated,2.700000,0.100000,1500,2200,2600,3000,10000,14000,17000,29000,29000,29000,29000,715,24,1500,3094.36517938322,836.56529999962,29135.27538199969,314.93426573426575
1787817433,9,,Aggregated,2.700000,0.100000,1500,2200,2600,3000,10000,14000,17000,29000,29000,29000,29000,717,24,1500,3089.7618423166005,836.56529999962,29135.27538199969,314.9721059972106
1787817434,9,,Aggregated,2.800000,0.100000,1500,2200,2600,3000,10000,14000,17000,29000,29000,29000,29000,719,24,1500,3085.5695270459,836.56529999962,29135.27538199969,314.9694019471488
1787817435,9,,Aggregated,2.700000,0.100000,1500,2200,2600,3000,10000,14000,17000,29000,29000,29000,29000,723,24,1500,3092.018521078842,836.56529999962,29135.27538199969,315.0691562932227
1787817436,9,,Aggregated,2.700000,0.100000,1500,2200,2600,3000,10000,14000,17000,29000,29000,29000,29000,725,24,1500,3086.6372777931065,836.56529999962,29135.27538199969,315.0662068965517
1787817437,9,,Aggregated,2.800000,0.100000,1500,2200,2600,3000,10000,14000,17000,29000,29000,29000,29000,730,25,1500,3086.5922499630165,836.56529999962,29135.27538199969,314.6698630136986
1787817438,9,,Aggregated,3.000000,0.100000,1500,2200,2600,3000,10000,14000,17000,29000,29000,29000,29000,731,25,1500,3083.5535579288667,836.56529999962,29135.27538199969,314.7017783857729
1787817439,9,,Aggregated,2.800000,0.100000,1500,2200,2600,3000,10000,14000,17000,29000,29000,29000,29000,734,25,1500,3078.7149759754793,836.56529999962,29135.27538199969,314.75068119891006
1787817440,9,,Aggregated,3.000000,0.100000,1500,2200,2600,3000,10000,14000,17000,29000,29000,29000,29000,737,25,1500,3072.263677238809,836.56529999962,29135.27538199969,314.7476255088195
1787817441,9,,Aggregated,3.000000,0.100000,1500,2200,2600,3000,10000,14000,17000,29000,29000,29000,29000,738,25,1500,3069.2487933617913,836.56529999962,29135.27538199969,314.77777777777777
1787817442,9,,Aggregated,2.900000,0.100000,1500,2200,2600,3000,10000,14000,17000,29000,29000,29000,29000,745,25,1500,3109.5638275006736,836.56529999962,29135.27538199969,314.9275167785235
1787817443,9,,Aggregated,2.900000,0.100000,1500,2200,2600,3000,10000,14000,17000,29000,29000,29000,29000,747,25,1500,3104.3579518259735,836.56529999962,29135.27538199969,314.91700133868807
1787817444,9,,Aggregated,3.200000,0.100000,1500,2200,2600,3000,10000,14000,17000,29000,29000,29000,29000,749,25,1500,3100.1851684753033,836.56529999962,29135.27538199969,314.95460614152205
1787817445,9,,Aggregated,3.000000,0.100000,1500,2200,2600,3000,10000,14000,17000,29000,29000,29000,29000,752,25,1500,3095.5151531715446,836.56529999962,29135.27538199969,315.0119680851064
1787817446,9,,Aggregated,2.900000,0.100000,1500,2200,2600,3000,10000,14000,17000,29000,29000,29000,29000,755,25,1500,3101.869170076823,836.56529999962,29135.27538199969,315.0569536423841
1787817447,9,,Aggregated,3.000000,0.100000,1500,2200,2600,3000,10000,14000,17000,29000,29000,29000,29000,759,26,1500,3103.01983303294,836.56529999962,29135.27538199969,314.66930171278
1787817448,9,,Aggregated,2.900000,0.100000,1500,2200,2600,3000,10000,14000,17000,29000,29000,29000,29000,762,26,1500,3098.961279661419,836.56529999962,29135.27538199969,314.76115485564304
1787817449,9,,Aggregated,3.100000,0.100000,1500,2200,2600,3000,10000,14000,17000,29000,29000,29000,29000,765,26,1500,3112.7950277634,836.56529999962,29135.27538199969,314.75555555555553
1787817450,9,,Aggregated,2.900000,0.100000,1500,2200,2600,3000,10000,14000,17000,29000,29000,29000,29000,767,26,1500,3107.739327396351,836.56529999962,29135.27538199969,314.7457627118644
1787817451,9,,Aggregated,2.900000,0.100000,1500,2200,2600,3000,10000,14000,17000,29000,29000,29000,29000,769,26,1500,3103.461223880366,836.56529999962,29135.27538199969,314.7815344603381
1787817452,9,,Aggregated,3.100000,0.100000,1500,2200,2600,3000,10000,14000,17000,29000,29000,29000,29000,771,26,1500,3100.7838881608313,836.56529999962,29135.27538199969,314.86900129701684
1787817453,9,,Aggregated,3.100000,0.100000,1500,2200,2600,3000,10000,14000,17000,29000,29000,29000,29000,774,26,1500,3093.5978049780374,836.56529999962,29135.27538199969,314.9341085271318
1787817454,9,,Aggregated,2.800000,0.100000,1500,2200,2600,3000,10000,14000,17000,29000,29000,29000,29000,777,26,1500,3090.5727165482635,836.56529999962,29135.27538199969,314.979407979408
1787817455,9,,Aggregated,2.800000,0.100000,1500,2200,2600,3000,10000,14000,17000,29000,29000,29000,29000,781,26,1500,3097.6625727439196,836.56529999962,29135.27538199969,314.9820742637644
1787817456,9,,Aggregated,2.800000,0.100000,1500,2200,2600,3000,10000,14000,17000,29000,29000,29000,29000,782,26,1500,3094.7766244667537,836.56529999962,29135.27538199969,315.01023017902816
1787817457,9,,Aggregated,2.700000,0.100000,1500,2200,2600,3000,10000,14000,17000,29000,29000,29000,29000,787,27,1500,3107.68651742821,836.56529999962,29135.27538199969,314.62007623888184
1787817458,9,,Aggregated,2.800000,0.100000,1500,2200,2600,3100,10000,14000,17000,29000,29000,29000,29000,790,27,1500,3102.3955633012683,836.56529999962,29135.27538199969,314.73164556962024
1787817459,9,,Aggregated,2.900000,0.100000,1500,2200,2600,3000,10000,14000,17000,29000,29000,29000,29000,793,27,1500,3097.267608915514,836.56529999962,29135.27538199969,314.7263556116015
1787817460,9,,Aggregated,3.000000,0.100000,1500,2200,2600,3000,10000,14000,17000,29000,29000,29000,29000,794,27,1500,3094.4289190100785,836.56529999962,29135.27538199969,314.75566750629724
1787817461,9,,Aggregated,2.700000,0.100000,1500,2200,2600,3000,10000,14000,17000,29000,29000,29000,29000,798,27,1500,3088.495602412284,836.56529999962,29135.27538199969,314.80576441102755
1787817462,9,,Aggregated,2.700000,0.100000,1500,2200,2600,3000,10000,14000,17000,29000,29000,29000,29000,800,27,1500,3083.5399325350036,836.56529999962,29135.27538199969,314.80375
1787817463,9,,Aggregated,2.600000,0.100000,1500,2200,2600,3000,10000,14000,17000,29000,29000,29000,29000,802,27,1500,3079.6642685448915,836.56529999962,29135.27538199969,314.8366583541147
1787817464,9,,Aggregated,2.900000,0.100000,1500,2200,2600,3000,10000,14000,17000,29000,29000,29000,29000,806,27,1500,3072.9296667506246,836.56529999962,29135.27538199969,314.90942928039703
1787817465,9,,Aggregated,2.800000,0.100000,1500,2200,2600,3000,10000,14000,17000,29000,29000,29000,29000,809,27,1500,3085.653907526581,836.56529999962,29135.27538199969,314.9480840543881
1787817466,9,,Aggregated,2.800000,0.100000,1500,2200,2600,3000,10000,14000,17000,29000,29000,29000,29000,811,27,1500,3080.904378736132,836.56529999962,29135.27538199969,314.9371146732429
1787817467,9,,Aggregated,2.800000,0.100000,1500,2200,2600,3000,10000,14000,17000,29000,29000,29000,29000,816,28,1500,3084.0280730870145,836.56529999962,29135.27538199969,314.5992647058824
1787817468,9,,Aggregated,2.800000,0.100000,1500,2200,2600,3100,10000,14000,17000,29000,29000,29000,29000,818,28,1500,3090.967127495115,836.56529999962,29135.27538199969,314.63447432762837
1787817469,9,,Aggregated,2.600000,0.100000,1500,2200,2600,3100,10000,14000,17000,29000,29000,29000,29000,823,28,1500,3096.2732956391296,836.56529999962,29135.27538199969,314.6755771567436
1787817470,9,,Aggregated,2.900000,0.100000,1500,2200,2600,3100,10000,14000,17000,29000,29000,29000,29000,825,28,1500,3093.50736811152,836.56529999962,29135.27538199969,314.7551515151515
1787817471,9,,Aggregated,2.800000,0.100000,1500,2200,2600,3100,10000,14000,17000,29000,29000,29000,29000,829,28,1500,3118.6916696320927,836.56529999962,29135.27538199969,314.7720144752714
1787817472,9,,Aggregated,3.000000,0.100000,1500,2200,2600,3100,10000,14000,17000,29000,29000,29000,29000,830,28,1500,3115.950167460247,836.56529999962,29135.27538199969,314.8
1787817473,9,,Aggregated,3.100000,0.100000,1500,2200,2600,3000,10000,14000,17000,29000,29000,29000,29000,832,28,1500,3113.0680327271693,836.56529999962,29135.27538199969,314.88822115384613
1787817474,9,,Aggregated,2.900000,0.100000,1500,2200,2600,3000,10000,14000,17000,29000,29000,29000,29000,836,28,1500,3105.876596439001,836.56529999962,29135.27538199969,314.9126794258373
1787817475,9,,Aggregated,3.000000,0.100000,1500,2200,2600,3000,10000,14000,17000,29000,29000,29000,29000,838,28,1500,3101.2410264021532,836.56529999962,29135.27538199969,314.90095465393796
1787817476,9,,Aggregated,3.200000,0.100000,1500,2200,2600,3000,10000,14000,17000,29000,29000,29000,29000,840,28,1500,3097.5415177678624,836.56529999962,29135.27538199969,314.9345238095238
1787817477,9,,Aggregated,3.000000,0.100000,1500,2200,2600,3000,10000,14000,17000,29000,29000,29000,29000,844,29,1500,3102.0214472251237,836.56529999962,29135.27538199969,314.6042654028436
1787817478,9,,Aggregated,2.900000,0.100000,1500,2200,2600,3000,10000,14000,17000,29000,29000,29000,29000,846,29,1500,3098.2630965484677,836.56529999962,29135.27538199969,314.63829787234044
1787817479,9,,Aggregated,2.900000,0.100000,1500,2200,2600,3000,10000,14000,17000,29000,29000,29000,29000,849,29,1500,3103.156118815081,836.56529999962,29135.27538199969,314.63839811542994
1787817480,9,,Aggregated,2.700000,0.100000,1500,2200,2600,3000,10000,14000,17000,29000,29000,29000,29000,854,29,1500,3095.1358166815035,836.56529999962,29135.27538199969,314.711943793911
1787817481,9,,Aggregated,3.000000,0.100000,1500,2200,2600,3000,10000,14000,17000,29000,29000,29000,29000,855,29,1500,3092.5056612643325,836.56529999962,29135.27538199969,314.73801169590644
1787817482,9,,Aggregated,2.700000,0.100000,1500,2200,2600,3000,10000,14000,17000,29000,29000,29000,29000,859,29,1500,3102.8194319126937,836.56529999962,29135.27538199969,314.7403958090803
1787817483,9,,Aggregated,2.800000,0.100000,1500,2200,2600,3100,10000,14000,17000,29000,29000,29000,29000,863,29,1500,3110.540411376597,836.56529999962,29135.27538199969,314.78794901506376
1787817484,9,,Aggregated,2.800000,0.100000,1500,2200,2600,3100,10000,14000,17000,29000,29000,29000,29000,864,29,1500,3107.919366248846,836.56529999962,29135.27538199969,314.81481481481484
1787817485,9,,Aggregated,2.900000,0.100000,1500,2200,2600,3000,10000,14000,17000,29000,29000,29000,29000,867,29,1500,3103.142273737028,836.56529999962,29135.27538199969,314.81084198385236
1787817486,9,,Aggregated,2.900000,0.100000,1500,2200,2600,3100,10000,14000,17000,29000,29000,29000,29000,870,29,1500,3098.115710482761,836.56529999962,29135.27538199969,314.9229885057471
1787817487,9,,Aggregated,3.000000,0.100000,1500,2200,2600,3100,10000,14000,17000,29000,29000,29000,29000,874,30,1500,3100.518142752863,836.56529999962,29135.27538199969,314.56636155606407
1787817488,9,,Aggregated,2.900000,0.100000,1500,2200,2600,3000,10000,14000,17000,29000,29000,29000,29000,876,30,1500,3096.2045754383585,836.56529999962,29135.27538199969,314.5582191780822
1787817489,9,,Aggregated,3.100000,0.100000,1500,2200,2600,3000,10000,14000,17000,29000,29000,29000,29000,878,30,1500,3092.6660009100246,836.56529999962,29135.27538199969,314.5899772209567
1787817490,9,,Aggregated,3.100000,0.100000,1500,2200,2600,3100,10000,14000,17000,29000,29000,29000,29000,882,30,1500,3097.6462357517034,836.56529999962,29135.27538199969,314.6337868480726
1787817491,9,,Aggregated,2.700000,0.100000,1500,2200,2600,3100,10000,14000,17000,29000,29000,29000,29000,884,30,1500,3094.13146909955,836.56529999962,29135.27538199969,314.66628959276017
1787817492,9,,Aggregated,3.200000,0.100000,1500,2200,2600,3000,10000,14000,17000,29000,29000,29000,29000,887,30,1500,3088.298717844421,836.56529999962,29135.27538199969,314.68320180383313
1787817493,9,,Aggregated,2.900000,0.100000,1500,2200,2600,3000,10000,14000,17000,29000,29000,29000,29000,890,30,1500,3084.4731890213498,836.56529999962,29135.27538199969,314.7651685393258
1787817494,9,,Aggregated,2.900000,0.100000,1500,2200,2600,3000,10000,14000,17000,29000,29000,29000,29000,892,30,1500,3080.1999052107635,836.56529999962,29135.27538199969,314.7567264573991
1787817495,9,,Aggregated,2.800000,0.100000,1500,2200,2600,3000,10000,14000,17000,29000,29000,29000,29000,893,30,1500,3077.6890108790603,836.56529999962,29135.27538199969,314.7827547592385
1787817496,9,,Aggregated,2.700000,0.100000,1500,2200,2600,3000,10000,14000,17000,29000,29000,29000,29000,898,30,1500,3085.6452912138097,836.56529999962,29135.27538199969,314.83741648106906
1787817497,9,,Aggregated,2.600000,0.100000,1500,2200,2600,3000,10000,14000,17000,29000,29000,29000,29000,901,31,1500,3088.345444360711,836.56529999962,29135.27538199969,314.5371809100999
1787817498,9,,Aggregated,2.800000,0.100000,1500,2200,2600,3000,10000,14000,17000,29000,29000,29000,29000,904,31,1500,3082.939769558629,836.56529999962,29135.27538199969,314.5420353982301
1787817499,9,,Aggregated,2.700000,0.100000,1500,2200,2600,3100,10000,14000,17000,29000,29000,29000,29000,907,31,1500,3095.4230946549064,836.56529999962,29135.27538199969,314.6207276736494
1787817500,9,,Aggregated,2.900000,0.100000,1500,2200,2600,3100,10000,14000,17000,29000,29000,29000,29000,911,31,1500,3119.4106094270032,836.56529999962,29135.27538199969,314.6399560922064
1787817501,9,,Aggregated,2.900000,0.100000,1500,2200,2600,3100,10000,14000,17000,29000,29000,29000,29000,913,31,1500,3125.5582357743706,836.56529999962,29135.27538199969,314.6725082146769
1787817502,9,,Aggregated,2.600000,0.100000,1500,2200,2600,3100,10000,14000,17000,29000,29000,29000,29000,918,31,1500,3117.7914308867107,836.56529999962,29135.27538199969,314.7516339869281
1787817503,9,,Aggregated,3.000000,0.100000,1500,2200,2600,3100,10000,14000,17000,29000,29000,29000,29000,919,31,1500,3115.313285121872,836.56529999962,29135.27538199969,314.77693144722525
1787817504,9,,Aggregated,3.000000,0.100000,1500,2200,2600,3100,10000,14000,17000,29000,29000,29000,29000,922,31,1500,3111.039837361172,836.56529999962,29135.27538199969,314.77982646420827
1787817505,9,,Aggregated,3.000000,0.100000,1500,2200,2600,3100,10000,14000,17000,29000,29000,29000,29000,924,31,1500,3108.423248572512,836.56529999962,29135.27538199969,314.8517316017316
1787817506,9,,Aggregated,2.800000,0.100000,1500,2200,2600,3000,10000,14000,17000,29000,29000,29000,29000,927,31,1500,3103.4640251035607,836.56529999962,29135.27538199969,314.8554476806904
1787817507,9,,Aggregated,3.000000,0.100000,1500,2200,2600,3100,10000,14000,17000,29000,29000,29000,29000,930,32,1500,3106.719510692474,836.56529999962,29135.27538199969,314.5075268817204
1787817508,9,,Aggregated,3.000000,0.100000,1500,2200,2600,3100,10000,14000,17000,29000,29000,29000,29000,933,32,1500,3102.0291420139342,836.56529999962,29135.27538199969,314.60557341907827
1787817509,9,,Aggregated,2.900000,0.100000,1500,2200,2600,3000,10000,14000,17000,29000,29000,29000,29000,936,32,1500,3097.4793322564105,836.56529999962,29135.27538199969,314.6025641025641
1787817510,9,,Aggregated,2.800000,0.100000,1500,2200,2600,3100,10000,14000,17000,29000,29000,29000,29000,938,32,1500,3106.4619314168444,836.56529999962,29135.27538199969,314.63539445629
1787817511,9,,Aggregated,2.800000,0.100000,1500,2200,2600,3100,10000,14000,17000,29000,29000,29000,29000,943,32,1500,3110.0245025047716,836.56529999962,29135.27538199969,314.6850477200424
1787817512,9,,Aggregated,2.800000,0.100000,1500,2200,2600,3100,10000,14000,17000,29000,29000,29000,29000,945,32,1500,3105.843830857142,836.56529999962,29135.27538199969,314.6751322751323
1787817513,9,,Aggregated,2.700000,0.100000,1500,2200,2600,3100,10000,14000,17000,29000,29000,29000,29000,948,32,1500,3099.9906522025317,836.56529999962,29135.27538199969,314.7299578059072
1787817514,9,,Aggregated,2.900000,0.100000,1500,2200,2600,3000,10000,14000,17000,29000,29000,29000,29000,951,32,1500,3096.8056591062045,836.56529999962,29135.27538199969,314.7665615141956
1787817515,9,,Aggregated,2.800000,0.100000,1500,2200,2600,3100,10000,14000,17000,29000,29000,29000,29000,954,32,1500,3107.5144377222223,836.56529999962,29135.27538199969,314.7997903563941
1787817516,9,,Aggregated,2.900000,0.100000,1500,2200,2600,3000,10000,14000,17000,29000,29000,29000,29000,956,32,1500,3103.5320880062764,836.56529999962,29135.27538199969,314.7918410041841
1787817517,9,,Aggregated,2.900000,0.100000,1500,2200,2600,3100,10000,14000,17000,29000,29000,29000,29000,959,33,1500,3107.5090609249214,836.56529999962,29135.27538199969,314.4921793534932
1787817518,9,,Aggregated,2.800000,0.100000,1500,2200,2600,3100,10000,14000,17000,29000,29000,29000,29000,962,33,1500,3104.488495983367,836.56529999962,29135.27538199969,314.53118503118503
1787817519,9,,Aggregated,2.900000,0.100000,1500,2200,2600,3100,10000,14000,17000,29000,29000,29000,29000,965,33,1500,3098.74624612228,836.56529999962,29135.27538199969,314.5834196891192
1787817520,9,,Aggregated,3.000000,0.100000,1500,2200,2600,3000,10000,14000,17000,29000,29000,29000,29000,967,33,1500,3094.8177401075486,836.56529999962,29135.27538199969,314.5801447776629
1787817521,9,,Aggregated,2.900000,0.100000,1500,2200,2600,3100,10000,14000,17000,29000,29000,29000,29000,970,33,1500,3091.499807973195,836.56529999962,29135.27538199969,314.6556701030928
1787817522,9,,Aggregated,2.900000,0.100000,1500,2200,2600,3000,10000,14000,17000,29000,29000,29000,29000,972,33,1500,3088.6291535421806,836.56529999962,29135.27538199969,314.64814814814815
1787817523,9,,Aggregated,2.900000,0.100000,1500,2200,2600,3100,10000,14000,17000,29000,29000,29000,29000,974,33,1500,3094.539844219712,836.56529999962,29135.27538199969,314.6848049281314
1787817524,9,,Aggregated,2.600000,0.100000,1500,2200,2600,3100,10000,14000,17000,29000,29000,29000,29000,980,33,1500,3098.0865591408156,836.56529999962,29135.27538199969,314.75714285714287
1787817525,9,,Aggregated,2.800000,0.100000,1500,2200,2600,3000,10000,14000,17000,29000,29000,29000,29000,981,33,1500,3095.785549042813,836.56529999962,29135.27538199969,314.7808358817533
1787817526,9,,Aggregated,3.000000,0.100000,1500,2200,2600,3000,10000,14000,17000,29000,29000,29000,29000,984,33,1500,3091.296208344512,836.56529999962,29135.27538199969,314.7855691056911
1787817527,9,,Aggregated,2.900000,0.100000,1500,2200,2600,3100,10000,14000,17000,29000,29000,29000,29000,987,34,1500,3096.113083681864,836.56529999962,29135.27538199969,314.53495440729483
1787817528,9,,Aggregated,2.800000,0.100000,1500,2200,2600,3100,10000,14000,17000,29000,29000,29000,29000,990,34,1500,3091.6033043404045,836.56529999962,29135.27538199969,314.5383838383838
1787817529,9,,Aggregated,2.700000,0.100000,1500,2200,2600,3100,10000,14000,17000,29000,29000,29000,29000,993,34,1500,3113.6736489889236,836.56529999962,29135.27538199969,314.54783484390737
1787817530,9,,Aggregated,2.700000,0.100000,1500,2200,2600,3100,10000,14000,17000,29000,29000,29000,29000,997,34,1500,3108.3223441153477,836.56529999962,29135.27538199969,314.64292878635905
1787817531,9,,Aggregated,2.900000,0.100000,1500,2200,2600,3100,10000,14000,17000,29000,29000,29000,29000,999,34,1500,3105.065983981983,836.56529999962,29135.27538199969,314.63563563563565
1787817532,9,,Aggregated,2.900000,0.100000,1500,2200,2600,3100,10000,14000,17000,29000,29000,29000,29000,1002,34,1500,3115.335643901199,836.56529999962,29135.27538199969,314.67664670658684
1787817533,9,,Aggregated,2.900000,0.100000,1500,2200,2600,3100,10000,14000,17000,29000,29000,29000,29000,1005,34,1500,3111.538866872638,836.56529999962,29135.27538199969,314.71343283582087
1787817534,9,,Aggregated,2.900000,0.100000,1500,2200,2600,3100,10000,14000,17000,29000,29000,29000,29000,1008,34,1500,3116.0195711716287,836.56529999962,29135.27538199969,314.7529761904762
1787817535,9,,Aggregated,2.800000,0.100000,1500,2200,2600,3100,10000,14000,17000,29000,29000,29000,29000,1011,34,1500,3109.862285875373,836.56529999962,29135.27538199969,314.7675568743818
1787817536,9,,Aggregated,2.900000,0.100000,1500,2200,2600,3100,10000,14000,17000,29000,29000,29000,29000,1014,34,1500,3106.8102897090753,836.56529999962,29135.27538199969,314.83925049309664
1787817537,9,,Aggregated,3.000000,0.100000,1500,2200,2600,3100,10000,14000,17000,29000,29000,29000,29000,1018,35,1500,3120.997503539295,836.56529999962,29135.27538199969,314.52750491159134
1787817538,9,,Aggregated,2.900000,0.100000,1500,2200,2600,3100,10000,14000,17000,29000,29000,29000,29000,1021,35,1500,3116.168056612147,836.56529999962,29135.27538199969,314.52595494613126
1787817539,9,,Aggregated,2.900000,0.100000,1500,2200,2600,3100,10000,14000,17000,29000,29000,29000,29000,1022,35,1500,3113.9455820048943,836.56529999962,29135.27538199969,314.5489236790607
1787817540,9,,Aggregated,3.000000,0.100000,1500,2200,2600,3100,10000,14000,17000,29000,29000,29000,29000,1026,35,1500,3108.5618679571176,836.56529999962,29135.27538199969,314.6500974658869
1787817541,9,,Aggregated,3.000000,0.100000,1500,2200,2600,3100,10000,14000,17000,29000,29000,29000,29000,1028,35,1500,3105.920709621597,836.56529999962,29135.27538199969,314.6420233463035
1787817542,9,,Aggregated,3.000000,0.100000,1500,2200,2600,3100,10000,14000,17000,29000,29000,29000,29000,1030,35,1500,3103.490727210681,836.56529999962,29135.27538199969,314.70582524271845
1787817543,9,,Aggregated,2.900000,0.100000,1500,2200,2600,3100,10000,14000,17000,29000,29000,29000,29000,1033,35,1500,3099.024327928366,836.56529999962,29135.27538199969,314.70377541142307
1787817544,9,,Aggregated,2.900000,0.100000,1500,2200,2600,3100,10000,14000,17000,29000,29000,29000,29000,1035,35,1500,3104.423828361355,836.56529999962,29135.27538199969,314.73140096618357
1787817545,9,,Aggregated,3.000000,0.100000,1500,2200,2600,3100,10000,14000,17000,29000,29000,29000,29000,1039,35,1500,3100.3846837824854,836.56529999962,29135.27538199969,314.7699711260828
1787817546,9,,Aggregated,2.600000,0.100000,1500,2200,2600,3000,10000,14000,17000,29000,29000,29000,29000,1042,35,1500,3094.5734918752423,836.56529999962,29135.27538199969,314.7831094049904
1787817547,9,,Aggregated,2.700000,0.100000,1500,2200,2600,3100,10000,14000,17000,29000,29000,29000,29000,1045,36,1500,3098.0242201291885,836.56529999962,29135.27538199969,314.5090909090909
1787817548,9,,Aggregated,2.900000,0.100000,1500,2200,2600,3000,10000,14000,17000,29000,29000,29000,29000,1047,36,1500,3094.379560782237,836.56529999962,29135.27538199969,314.5090735434575
1787817549,9,,Aggregated,2.800000,0.100000,1500,2200,2600,3100,10000,14000,17000,29000,29000,29000,29000,1051,36,1500,3104.541771118936,836.56529999962,29135.27538199969,314.581351094196
1787817550,9,,Aggregated,2.700000,0.100000,1500,2200,2600,3100,10000,14000,17000,29000,29000,29000,29000,1053,36,1500,3101.5477489221294,836.56529999962,29135.27538199969,314.5745489078822
1787817551,9,,Aggregated,2.600000,0.100000,1500,2200,2600,3100,10000,14000,17000,29000,29000,29000,29000,1057,36,1500,3106.51704558373,836.56529999962,29135.27538199969,314.63576158940396
1787817552,9,,Aggregated,2.700000,0.100000,1500,2200,2600,3100,10000,14000,17000,29000,29000,29000,29000,1060,36,1500,3102.9491674122664,836.56529999962,29135.27538199969,314.6669811320755
1787817553,9,,Aggregated,2.800000,0.100000,1500,2200,2600,3100,10000,14000,17000,29000,29000,29000,29000,1063,36,1500,3098.3212442803415,836.56529999962,29135.27538199969,314.6632173095014
1787817554,9,,Aggregated,3.000000,0.100000,1500,2200,2600,3100,10000,14000,17000,29000,29000,29000,29000,1064,36,1500,3096.218225190793,836.56529999962,29135.27538199969,314.6851503759398
1787817555,9,,Aggregated,2.800000,0.100000,1500,2200,2600,3100,10000,14000,17000,29000,29000,29000,29000,1069,36,1500,3099.8025631328373,836.56529999962,29135.27538199969,314.7296538821328
1787817556,9,,Aggregated,2.800000,0.100000,1500,2200,2600,3100,10000,14000,17000,29000,29000,29000,29000,1070,36,1500,3097.694901482246,836.56529999962,29135.27538199969,314.7514018691589
1787817557,9,,Aggregated,2.700000,0.100000,1500,2200,2600,3100,10000,14000,17000,29000,29000,29000,29000,1074,37,1500,3098.443375969276,836.56529999962,29135.27538199969,314.4729981378026
1787817558,9,,Aggregated,3.000000,0.100000,1500,2200,2600,3100,10000,14000,17000,29000,29000,29000,29000,1078,37,1500,3119.5036704749564,836.56529999962,29135.27538199969,314.5575139146568
1787817559,9,,Aggregated,2.900000,0.100000,1500,2200,2600,3100,10000,14000,17000,29000,29000,29000,29000,1080,37,1500,3116.5891843435215,836.56529999962,29135.27538199969,314.5509259259259
1787817560,9,,Aggregated,3.100000,0.100000,1500,2200,2600,3100,10000,14000,17000,29000,29000,29000,29000,1082,37,1500,3113.569532939005,836.56529999962,29135.27538199969,314.5776340110906
1787817561,9,,Aggregated,3.000000,0.100000,1500,2200,2600,3100,10000,14000,17000,29000,29000,29000,29000,1085,37,1500,3110.1082721741964,836.56529999962,29135.27538199969,314.61013824884793
1787817562,9,,Aggregated,3.000000,0.100000,1500,2200,2600,3100,10000,14000,17000,29000,29000,29000,29000,1089,37,1500,3103.523122859507,836.56529999962,29135.27538199969,314.63452708907255
1787817563,9,,Aggregated,2.900000,0.100000,1500,2200,2600,3100,10000,14000,17000,29000,29000,29000,29000,1091,37,1500,3099.98141295234,836.56529999962,29135.27538199969,314.63428047662694
1787817564,9,,Aggregated,2.800000,0.100000,1500,2200,2600,3100,10000,14000,17000,29000,29000,29000,29000,1093,37,1500,3097.145817938704,836.56529999962,29135.27538199969,314.6669716376944
1787817565,9,,Aggregated,2.900000,0.100000,1500,2200,2600,3100,10000,14000,17000,29000,29000,29000,29000,1098,37,1500,3115.929761704922,836.56529999962,29135.27538199969,314.72586520947175
1787817566,9,,Aggregated,2.800000,0.100000,1500,2200,2600,3100,10000,14000,17000,29000,29000,29000,29000,1101,37,1500,3120.0039326094497,836.56529999962,29135.27538199969,314.7547683923706
1787817567,9,,Aggregated,3.000000,0.100000,1500,2200,2600,3100,10000,14000,17000,29000,29000,29000,29000,1104,38,1500,3122.826961075185,836.56529999962,29135.27538199969,314.46286231884056
1787817568,9,,Aggregated,2.800000,0.100000,1500,2200,2600,3100,10000,14000,17000,29000,29000,29000,29000,1109,38,1500,3116.551721947704,836.56529999962,29135.27538199969,314.5229936880072
1787817569,9,,Aggregated,3.100000,0.100000,1500,2200,2600,3100,10000,14000,17000,29000,29000,29000,29000,1111,38,1500,3112.9560678361872,836.56529999962,29135.27538199969,314.51485148514854
1787817570,9,,Aggregated,2.900000,0.100000,1500,2200,2600,3100,10000,14000,17000,29000,29000,29000,29000,1112,38,1500,3110.9165248561185,836.56529999962,29135.27538199969,314.5359712230216
1787817571,9,,Aggregated,3.100000,0.100000,1500,2200,2600,3100,10000,14000,17000,29000,29000,29000,29000,1115,38,1500,3108.132174945295,836.56529999962,29135.27538199969,314.60089686098655
1787817572,9,,Aggregated,3.000000,0.100000,1500,2200,2600,3100,10000,14000,17000,29000,29000,29000,29000,1117,38,1500,3105.255368246199,836.56529999962,29135.27538199969,314.59265890778875
1787817573,9,,Aggregated,3.000000,0.100000,1500,2200,2600,3100,10000,14000,17000,29000,29000,29000,29000,1120,38,1500,3100.9510227133974,836.56529999962,29135.27538199969,314.59017857142857
1787817574,9,,Aggregated,3.000000,0.100000,1500,2200,2600,3100,10000,14000,17000,29000,29000,29000,29000,1123,38,1500,3097.035895712382,836.56529999962,29135.27538199969,314.6687444345503
1787817575,9,,Aggregated,3.000000,0.100000,1500,2200,2600,3100,10000,14000,17000,29000,29000,29000,29000,1125,38,1500,3094.1476449777824,836.56529999962,29135.27538199969,314.6942222222222
1787817576,9,,Aggregated,3.000000,0.100000,1500,2200,2600,3100,10000,14000,17000,29000,29000,29000,29000,1126,38,1500,3092.1500068161677,836.56529999962,29135.27538199969,314.71492007104797
1787817577,9,,Aggregated,2.900000,0.100000,1500,2200,2600,3100,10000,14000,17000,29000,29000,29000,29000,1132,39,1500,3102.380439388697,836.56529999962,29135.27538199969,314.47703180212017
1787817578,9,,Aggregated,2.700000,0.100000,1500,2200,2600,3100,10000,14000,17000,29000,29000,29000,29000,1134,39,1500,3098.9474601807806,836.56529999962,29135.27538199969,314.4700176366843
1787817579,9,,Aggregated,2.400000,0.100000,1500,2200,2600,3100,10000,14000,17000,29000,29000,29000,29000,1139,39,1500,3102.0882207023756,836.56529999962,29135.27538199969,314.49956101843725
1787817580,9,,Aggregated,2.800000,0.100000,1500,2200,2600,3100,10000,14000,17000,29000,29000,29000,29000,1141,39,1500,3100.31899770728,836.56529999962,29135.27538199969,314.55740578439963
1787817581,9,,Aggregated,2.700000,0.100000,1500,2200,2600,3100,10000,14000,17000,29000,29000,29000,29000,1143,39,1500,3097.4314228538988,836.56529999962,29135.27538199969,314.5826771653543
1787817582,9,,Aggregated,2.800000,0.100000,1500,2200,2600,3100,10000,14000,17000,29000,29000,29000,29000,1146,39,1500,3106.5306550113496,836.56529999962,29135.27538199969,314.58813263525303
1787817583,9,,Aggregated,2.800000,0.100000,1500,2200,2600,3100,10000,14000,17000,29000,29000,29000,29000,1150,39,1500,3102.4634921017446,836.56529999962,29135.27538199969,314.62347826086955
1787817584,9,,Aggregated,2.800000,0.100000,1500,2200,2600,3100,10000,14000,17000,29000,29000,29000,29000,1151,39,1500,3100.503659400527,836.56529999962,29135.27538199969,314.6429192006951
1787817585,9,,Aggregated,2.700000,0.100000,1500,2200,2600,3100,10000,14000,17000,29000,29000,29000,29000,1155,39,1500,3094.233092872733,836.56529999962,29135.27538199969,314.66147186147185
1787817586,9,,Aggregated,3.000000,0.100000,1500,2200,2600,3100,10000,14000,17000,29000,29000,29000,29000,1157,39,1500,3090.9109804917944,836.56529999962,29135.27538199969,314.6542783059637
1787817587,9,,Aggregated,3.000000,0.100000,1500,2200,2600,3100,10000,14000,17000,29000,29000,30000,30000,1162,40,1500,3117.406544529266,836.56529999962,30021.626989000197,314.4595524956971
1787817588,9,,Aggregated,3.000000,0.100000,1500,2200,2600,3100,10000,14000,17000,29000,29000,30000,30000,1165,40,1500,3120.855820815457,836.56529999962,30021.626989000197,314.4575107296137
1787817589,9,,Aggregated,3.000000,0.100000,1500,2200,2600,3100,10000,14000,17000,29000,29000,30000,30000,1166,40,1500,3118.9108568928023,836.56529999962,30021.626989000197,314.4777015437393
1787817590,9,,Aggregated,3.000000,0.100000,1500,2200,2600,3100,10000,14000,17000,29000,29000,30000,30000,1171,40,1500,3113.2871164338235,836.56529999962,30021.626989000197,314.532877882152
1787817591,9,,Aggregated,2.900000,0.100000,1500,2200,2600,3100,10000,14000,17000,29000,29000,30000,30000,1173,40,1500,3109.9490205464685,836.56529999962,30021.626989000197,314.52685421994886
1787817592,9,,Aggregated,3.000000,0.100000,1500,2200,2600,3100,10000,14000,17000,29000,29000,30000,30000,1177,40,1500,3114.705050352597,836.56529999962,30021.626989000197,314.5378079864061
1787817593,9,,Aggregated,3.000000,0.100000,1500,2200,2600,3100,10000,14000,17000,29000,29000,30000,30000,1179,40,1500,3112.989268870235,836.56529999962,30021.626989000197,314.59457167090756
1787817594,9,,Aggregated,3.000000,0.100000,1500,2200,2600,3100,10000,14000,17000,29000,29000,30000,30000,1182,40,1500,3108.7645955177722,836.56529999962,30021.626989000197,314.5922165820643
1787817595,9,,Aggregated,3.100000,0.100000,1500,2200,2600,3100,10000,14000,17000,29000,29000,30000,30000,1183,40,1500,3106.8993590963705,836.56529999962,30021.626989000197,314.6103127641589
1787817596,9,,Aggregated,2.800000,0.100000,1500,2200,2600,3100,10000,14000,17000,29000,29000,30000,30000,1188,40,1500,3101.602853326606,836.56529999962,30021.626989000197,314.6641414141414
1787817597,9,,Aggregated,2.900000,0.100000,1500,2200,2600,3100,10000,14000,17000,29000,29000,30000,30000,1191,41,1500,3104.1865069672604,836.56529999962,30021.626989000197,314.3937867338371
1787817598,9,,Aggregated,2.900000,0.100000,1500,2200,2600,3100,10000,14000,17000,29000,29000,30000,30000,1193,41,1500,3101.3065601366366,836.56529999962,30021.626989000197,314.42414082145854
1787817599,9,,Aggregated,3.100000,0.100000,1500,2200,2600,3100,10000,14000,17000,29000,29000,30000,30000,1197,41,1500,3116.138745428577,836.56529999962,30021.626989000197,314.4277360066834
1787817600,9,,Aggregated,2.800000,0.100000,1500,2200,2600,3100,10000,14000,17000,29000,29000,30000,30000,1200,41,1500,3113.5345954908385,836.56529999962,30021.626989000197,314.48833333333334
1787817601,9,,Aggregated,2.900000,0.100000,1500,2200,2600,3100,10000,14000,17000,29000,29000,30000,30000,1202,41,1500,3110.851143104831,836.56529999962,30021.626989000197,314.4825291181364
1787817602,9,,Aggregated,2.800000,0.100000,1500,2200,2600,3100,10000,14000,17000,29000,29000,30000,30000,1205,41,1500,3106.4429545435737,836.56529999962,30021.626989000197,314.5261410788382
1787817603,9,,Aggregated,2.900000,0.100000,1500,2200,2600,3100,10000,14000,17000,29000,29000,30000,30000,1208,41,1500,3103.2423362003365,836.56529999962,30021.626989000197,314.55629139072846
1787817604,9,,Aggregated,2.900000,0.100000,1500,2200,2600,3100,10000,14000,17000,29000,29000,30000,30000,1211,41,1500,3099.1212259876193,836.56529999962,30021.626989000197,314.5532617671346
1787817605,9,,Aggregated,2.900000,0.100000,1500,2200,2600,3100,10000,14000,17000,29000,29000,30000,30000,1212,41,1500,3097.2692874925797,836.56529999962,30021.626989000197,314.57260726072604
1787817606,9,,Aggregated,2.900000,0.100000,1500,2200,2600,3100,10000,14000,17000,29000,29000,30000,30000,1215,41,1500,3104.237838172845,836.56529999962,30021.626989000197,314.6329218106996
1787817607,9,,Aggregated,2.900000,0.100000,1500,2200,2600,3100,10000,14000,17000,29000,29000,30000,30000,1219,42,1500,3106.7291745012362,836.56529999962,30021.626989000197,314.3724364232978
1787817608,9,,Aggregated,2.800000,0.100000,1500,2200,2600,3100,10000,14000,17000,29000,29000,30000,30000,1222,42,1500,3101.7398058166996,836.56529999962,30021.626989000197,314.3854337152209
1787817609,9,,Aggregated,3.000000,0.100000,1500,2200,2600,3100,10000,14000,17000,29000,29000,30000,30000,1225,42,1500,3099.121284335517,836.56529999962,30021.626989000197,314.45061224489797
1787817610,9,,Aggregated,2.900000,0.100000,1500,2200,2600,3100,10000,14000,17000,29000,29000,30000,30000,1228,42,1500,3103.046454414502,836.56529999962,30021.626989000197,314.4495114006515
1787817611,9,,Aggregated,2.800000,0.100000,1500,2200,2600,3100,10000,14000,17000,29000,29000,30000,30000,1230,42,1500,3100.431294106511,836.56529999962,30021.626989000197,314.47317073170734
1787817612,9,,Aggregated,2.800000,0.100000,1500,2200,2600,3100,10000,14000,17000,29000,29000,30000,30000,1233,42,1500,3097.3215086983037,836.56529999962,30021.626989000197,314.5190592051906
1787817613,9,,Aggregated,2.800000,0.100000,1500,2200,2600,3100,10000,14000,17000,29000,29000,30000,30000,1237,42,1500,3091.4782752013,836.56529999962,30021.626989000197,314.5424413904608
1787817614,9,,Aggregated,2.700000,0.100000,1500,2200,2600,3100,10000,14000,17000,29000,29000,30000,30000,1238,42,1500,3089.663574363496,836.56529999962,30021.626989000197,314.56138933764134
1787817615,9,,Aggregated,2.800000,0.100000,1500,2200,2600,3100,10000,14000,17000,29000,29000,30000,30000,1243,42,1500,3097.425819540634,836.56529999962,30021.626989000197,314.5953338696701
1787817616,9,,Aggregated,2.900000,0.100000,1500,2200,2600,3100,10000,14000,17000,29000,29000,30000,30000,1244,42,1500,3095.6136741310356,836.56529999962,30021.626989000197,314.612540192926
1787817617,9,,Aggregated,2.700000,0.100000,1500,2200,2600,3100,10000,14000,17000,29000,29000,30000,30000,1248,43,1500,3097.393879350168,836.56529999962,30021.626989000197,314.35897435897436
1787817618,9,,Aggregated,3.100000,0.100000,1500,2200,2600,3100,10000,14000,17000,29000,29000,30000,30000,1250,43,1500,3094.3059916304073,836.56529999962,30021.626989000197,314.3536
1787817619,9,,Aggregated,2.600000,0.100000,1500,2200,2600,3100,10000,14000,17000,29000,29000,30000,30000,1254,43,1500,3099.390183856467,836.56529999962,30021.626989000197,314.4306220095694
1787817620,9,,Aggregated,2.800000,0.100000,1500,2200,2600,3100,10000,14000,17000,29000,30000,32000,32000,1257,43,1500,3119.991169459832,836.56529999962,32294.875389000026,314.46778042959426
1787817621,9,,Aggregated,3.000000,0.100000,1500,2200,2600,3100,10000,14000,17000,29000,30000,32000,32000,1260,43,1500,3123.616153043658,836.56529999962,32294.875389000026,314.46507936507936
1787817622,9,,Aggregated,3.000000,0.100000,1500,2200,2600,3100,10000,14000,17000,29000,30000,32000,32000,1264,43,1500,3119.7387852595007,836.56529999962,32294.875389000026,314.498417721519
1787817623,9,,Aggregated,3.000000,0.100000,1500,2200,2600,3100,10000,14000,17000,29000,30000,32000,32000,1265,43,1500,3117.9419721968447,836.56529999962,32294.875389000026,314.51699604743084
1787817624,9,,Aggregated,3.000000,0.100000,1500,2200,2600,3100,10000,14000,17000,29000,30000,32000,32000,1269,43,1500,3112.397123845554,836.56529999962,32294.875389000026,314.5327029156816
1787817625,9,,Aggregated,3.000000,0.100000,1500,2200,2600,3100,10000,14000,17000,29000,30000,32000,32000,1271,43,1500,3110.7020154673546,836.56529999962,32294.875389000026,314.5853658536585
1787817626,9,,Aggregated,3.000000,0.100000,1500,2200,2600,3100,10000,14000,17000,29000,30000,32000,32000,1274,43,1500,3107.464653667196,836.56529999962,32294.875389000026,314.58320251177395
1787817627,9,,Aggregated,3.100000,0.100000,1500,2200,2600,3100,10000,14000,17000,29000,30000,32000,32000,1277,44,1500,3109.872094719661,836.56529999962,32294.875389000026,314.33594361785435
1787817628,9,,Aggregated,2.900000,0.100000,1500,2200,2600,3100,10000,14000,17000,29000,30000,32000,32000,1280,44,1500,3107.619080013287,836.56529999962,32294.875389000026,314.3921875
1787817629,9,,Aggregated,3.000000,0.100000,1500,2200,2600,3100,10000,14000,17000,29000,30000,32000,32000,1282,44,1500,3104.5266709711445,836.56529999962,32294.875389000026,314.38611544461776
1787817630,9,,Aggregated,2.900000,0.100000,1500,2200,2600,3100,10000,14000,17000,29000,30000,32000,32000,1284,44,1500,3101.020790811532,836.56529999962,32294.875389000026,314.42289719626166
1787817631,9,,Aggregated,2.900000,0.100000,1500,2200,2600,3100,10000,14000,17000,29000,30000,32000,32000,1288,44,1500,3097.9248193377384,836.56529999962,32294.875389000026,314.4557453416149
1787817632,9,,Aggregated,2.800000,0.100000,1500,2200,2600,3100,10000,14000,17000,29000,30000,32000,32000,1292,44,1500,3111.5542010789536,836.56529999962,32294.875389000026,314.4589783281734
1787817633,9,,Aggregated,2.700000,0.100000,1500,2200,2600,3100,10000,14000,17000,29000,30000,32000,32000,1295,44,1500,3117.1966880926702,836.56529999962,32294.875389000026,314.48571428571427
1787817634,9,,Aggregated,2.800000,0.100000,1500,2200,2600,3100,10000,14000,17000,29000,30000,32000,32000,1297,44,1500,3115.5810462066365,836.56529999962,32294.875389000026,314.5381649961449
1787817635,9,,Aggregated,2.800000,0.100000,1500,2200,2600,3100,10000,14000,17000,29000,30000,32000,32000,1300,44,1500,3112.256199434621,836.56529999962,32294.875389000026,314.54153846153844
1787817636,9,,Aggregated,2.800000,0.100000,1500,2200,2600,3100,10000,14000,17000,29000,30000,32000,32000,1303,44,1500,3107.6696470414486,836.56529999962,32294.875389000026,314.55794320798157
1787817637,9,,Aggregated,2.800000,0.100000,1500,2200,2600,3100,10000,14000,17000,29000,30000,32000,32000,1306,45,1500,3110.555898254217,836.56529999962,32294.875389000026,314.33920367534455
1787817638,9,,Aggregated,2.900000,0.100000,1500,2200,2600,3100,10000,14000,17000,29000,30000,32000,32000,1309,45,1500,3107.661499798325,836.56529999962,32294.875389000026,314.366692131398
1787817639,9,,Aggregated,2.900000,0.100000,1500,2200,2600,3100,10000,14000,17000,29000,30000,32000,32000,1312,45,1500,3103.965624675311,836.56529999962,32294.875389000026,314.3650914634146
1787817640,9,,Aggregated,2.900000,0.100000,1500,2200,2600,3100,10000,14000,17000,29000,30000,32000,32000,1313,45,1500,3102.2627574242256,836.56529999962,32294.875389000026,314.3823305407464
1787817641,9,,Aggregated,2.800000,0.100000,1500,2200,2600,3100,10000,14000,17000,29000,30000,32000,32000,1317,45,1500,3098.790781636301,836.56529999962,32294.875389000026,314.41305998481397
1787817642,9,,Aggregated,2.900000,0.100000,1500,2200,2600,3100,10000,14000,17000,29000,30000,32000,32000,1319,45,1500,3095.3802941266176,836.56529999962,32294.875389000026,314.4465504169826
1787817643,9,,Aggregated,2.800000,0.100000,1500,2200,2600,3100,10000,14000,17000,29000,30000,32000,32000,1323,45,1500,3098.1020608760464,836.56529999962,32294.875389000026,314.4474678760393
1787817644,9,,Aggregated,3.000000,0.100000,1500,2200,2600,3100,10000,14000,17000,29000,30000,32000,32000,1326,45,1500,3095.214081381606,836.56529999962,32294.875389000026,314.4796380090498
1787817645,9,,Aggregated,2.700000,0.100000,1500,2200,2600,3100,10000,14000,17000,29000,30000,32000,32000,1327,45,1500,3093.5229956925464,836.56529999962,32294.875389000026,314.49736247174076
1787817646,9,,Aggregated,2.800000,0.100000,1500,2200,2500,3100,10000,14000,17000,29000,30000,32000,32000,1330,45,1500,3089.9875696473755,836.56529999962,32294.875389000026,314.5015037593985
1787817647,9,,Aggregated,2.900000,0.100000,1500,2200,2600,3100,10000,14000,17000,29000,30000,32000,32000,1335,46,1500,3100.4364092224796,836.56529999962,32294.875389000026,314.29737827715354
1787817648,9,,Aggregated,2.700000,0.100000,1500,2200,2600,3100,10000,14000,17000,29000,30000,32000,32000,1338,46,1500,3096.2347621861068,836.56529999962,32294.875389000026,314.3370702541106
1787817649,9,,Aggregated,2.700000,0.100000,1500,2200,2600,3100,10000,14000,17000,29000,30000,32000,32000,1341,46,1500,3103.5351297628713,836.56529999962,32294.875389000026,314.3370618941089
1787817650,9,,Aggregated,3.100000,0.100000,1500,2200,2600,3100,10000,14000,17000,29000,30000,32000,32000,1344,46,1500,3100.152249002984,836.56529999962,32294.875389000026,314.3333333333333
1787817651,9,,Aggregated,2.900000,0.100000,1500,2200,2600,3100,10000,14000,17000,29000,30000,32000,32000,1346,46,1500,3098.5877064056535,836.56529999962,32294.875389000026,314.3841010401189
1787817652,9,,Aggregated,2.900000,0.100000,1500,2200,2500,3100,10000,14000,17000,29000,30000,32000,32000,1349,46,1500,3094.906404842854,836.56529999962,32294.875389000026,314.38250555967386
1787817653,9,,Aggregated,3.200000,0.100000,1500,2200,2500,3100,10000,14000,17000,29000,32000,33000,33000,1353,46,1500,3112.667258085743,836.56529999962,33165.80404599972,314.41315594974134
1787817654,9,,Aggregated,2.800000,0.100000,1500,2200,2600,3100,10000,14000,17000,29000,32000,33000,33000,1357,46,1500,3116.325696708188,836.56529999962,33165.80404599972,314.47383935151066
1787817655,9,,Aggregated,3.100000,0.100000,1500,2200,2600,3100,10000,14000,17000,29000,32000,33000,33000,1359,46,1500,3113.929130886689,836.56529999962,33165.80404599972,314.46799116997795
1787817656,9,,Aggregated,3.000000,0.100000,1500,2200,2500,3100,10000,14000,17000,29000,32000,33000,33000,1361,46,1500,3111.615262746517,836.56529999962,33165.80404599972,314.4878765613519
1787817657,9,,Aggregated,3.100000,0.100000,1500,2200,2600,3100,10000,14000,17000,29000,32000,33000,33000,1365,47,1500,3113.788411443963,836.56529999962,33165.80404599972,314.2835164835165
1787817658,9,,Aggregated,3.100000,0.100000,1500,2200,2600,3100,10000,14000,17000,29000,32000,33000,33000,1366,47,1500,3112.128007081998,836.56529999962,33165.80404599972,314.300878477306
1787817659,9,,Aggregated,3.100000,0.100000,1500,2200,2500,3100,10000,14000,17000,29000,32000,33000,33000,1370,47,1500,3107.6386252481816,836.56529999962,33165.80404599972,314.31605839416056
1787817660,9,,Aggregated,2.800000,0.100000,1500,2200,2600,3100,10000,14000,17000,29000,32000,33000,33000,1372,47,1500,3105.8324390940297,836.56529999962,33165.80404599972,314.365889212828
1787817661,9,,Aggregated,3.000000,0.100000,1500,2200,2600,3100,10000,14000,17000,29000,32000,33000,33000,1376,47,1500,3109.8977903553837,836.56529999962,33165.80404599972,314.3793604651163
1787817662,9,,Aggregated,2.900000,0.100000,1500,2200,2500,3100,10000,14000,17000,29000,32000,33000,33000,1378,47,1500,3107.10085743542,836.56529999962,33165.80404599972,314.3744557329463
1787817663,9,,Aggregated,2.800000,0.100000,1500,2200,2500,3100,10000,14000,17000,29000,32000,33000,33000,1381,47,1500,3104.982937564815,836.56529999962,33165.80404599972,314.42577842143373
1787817664,9,,Aggregated,3.000000,0.100000,1500,2200,2500,3100,10000,14000,17000,29000,32000,33000,33000,1383,47,1500,3101.7218345654446,836.56529999962,33165.80404599972,314.4591467823572
1787817665,9,,Aggregated,2.800000,0.100000,1500,2200,2600,3100,10000,14000,17000,29000,32000,33000,33000,1388,47,1500,3114.270929818452,836.56529999962,33165.80404599972,314.46757925072046
1787817666,9,,Aggregated,2.800000,0.100000,1500,2200,2600,3100,10000,14000,17000,29000,32000,33000,33000,1391,47,1500,3111.495840239404,836.56529999962,33165.80404599972,314.4989216391086
1787817667,9,,Aggregated,2.700000,0.100000,1500,2200,2600,3100,10000,14000,17000,29000,32000,33000,33000,1394,48,1500,3114.0287314749003,836.56529999962,33165.80404599972,314.2991391678623
1787817668,9,,Aggregated,2.900000,0.100000,1500,2200,2600,3100,10000,14000,17000,29000,32000,33000,33000,1396,48,1500,3111.2525514126146,836.56529999962,33165.80404599972,314.2994269340974
1787817669,9,,Aggregated,3.000000,0.100000,1500,2200,2600,3100,10000,14000,17000,29000,32000,33000,33000,1399,48,1500,3109.111913030029,836.56529999962,33165.80404599972,314.34953538241604
1787817670,9,,Aggregated,3.000000,0.100000,1500,2200,2500,3100,10000,14000,17000,29000,32000,33000,33000,1402,48,1500,3105.2975071276824,836.56529999962,33165.80404599972,314.36091298145504
1787817671,9,,Aggregated,2.800000,0.100000,1500,2200,2500,3100,10000,14000,17000,29000,32000,33000,33000,1404,48,1500,3102.6132115783553,836.56529999962,33165.80404599972,314.3554131054131
1787817672,9,,Aggregated,2.900000,0.100000,1500,2200,2500,3100,10000,14000,17000,29000,32000,33000,33000,1406,48,1500,3100.3291992802356,836.56529999962,33165.80404599972,314.37624466571833
1787817673,9,,Aggregated,2.900000,0.100000,1500,2200,2500,3100,10000,14000,17000,29000,32000,33000,33000,1408,48,1500,3098.8027369588144,836.56529999962,33165.80404599972,314.42471590909093
1787817674,9,,Aggregated,2.900000,0.100000,1500,2200,2500,3100,10000,14000,17000,29000,32000,33000,33000,1412,48,1500,3103.4581620934914,836.56529999962,33165.80404599972,314.42917847025495
1787817675,9,,Aggregated,2.900000,0.100000,1500,2200,2500,3100,10000,14000,17000,29000,32000,33000,33000,1414,48,1500,3100.830497864929,836.56529999962,33165.80404599972,314.42927864214994
1787817676,9,,Aggregated,2.700000,0.100000,1500,2200,2500,3100,10000,14000,17000,29000,32000,33000,33000,1419,48,1500,3102.61765429458,836.56529999962,33165.80404599972,314.50246652572235
1787817677,9,,Aggregated,2.800000,0.100000,1500,2200,2500,3100,10000,14000,17000,29000,32000,33000,33000,1422,49,1500,3104.675241131511,836.56529999962,33165.80404599972,314.28129395218
1787817678,9,,Aggregated,2.600000,0.100000,1500,2200,2500,3100,10000,14000,17000,29000,32000,33000,33000,1424,49,1500,3102.489499382731,836.56529999962,33165.80404599972,314.30056179775283
1787817679,9,,Aggregated,2.800000,0.100000,1500,2200,2500,3100,10000,14000,17000,29000,32000,33000,33000,1427,49,1500,3100.231048899796,836.56529999962,33165.80404599972,314.3265592151366
1787817680,9,,Aggregated,2.700000,0.100000,1500,2200,2500,3100,10000,14000,17000,29000,32000,33000,33000,1430,49,1500,3096.823682911894,836.56529999962,33165.80404599972,314.33076923076925
1787817681,9,,Aggregated,2.800000,0.100000,1500,2200,2500,3100,10000,14000,17000,29000,32000,33000,33000,1431,49,1500,3095.251584981837,836.56529999962,33165.80404599972,314.34730957372466
1787817682,9,,Aggregated,2.800000,0.100000,1500,2200,2500,3100,10000,14000,17000,29000,32000,33000,33000,1437,49,1500,3099.9781506137842,836.56529999962,33165.80404599972,314.39665970772444
1787817683,9,,Aggregated,2.800000,0.100000,1500,2200,2500,3100,10000,14000,17000,29000,32000,33000,33000,1438,49,1500,3098.408806776779,836.56529999962,33165.80404599972,314.413073713491
1787817684,9,,Aggregated,2.700000,0.100000,1500,2200,2500,3100,10000,14000,17000,29000,32000,33000,33000,1440,49,1500,3096.288142182644,836.56529999962,33165.80404599972,314.40833333333336
1787817685,9,,Aggregated,3.000000,0.100000,1500,2200,2500,3100,10000,14000,17000,29000,32000,33000,33000,1444,49,1500,3114.008025691142,836.56529999962,33165.80404599972,314.47160664819944
1787817686,9,,Aggregated,3.000000,0.100000,1500,2200,2500,3100,10000,14000,17000,29000,32000,33000,33000,1446,49,1500,3111.318907617572,836.56529999962,33165.80404599972,314.4668049792531
1787817687,9,,Aggregated,2.800000,0.100000,1500,2200,2500,3100,10000,14000,17000,29000,32000,33000,33000,1451,50,1500,3117.76464902964,836.56529999962,33165.80404599972,314.29014472777396
1787817688,9,,Aggregated,3.000000,0.100000,1500,2200,2600,3100,10000,14000,17000,29000,32000,33000,33000,1455,50,1500,3122.911912940899,836.56529999962,33165.80404599972,314.32164948453607
1787817689,9,,Aggregated,2.700000,0.100000,1500,2200,2500,3100,10000,14000,17000,29000,32000,33000,33000,1458,50,1500,3119.6551120720223,836.56529999962,33165.80404599972,314.3257887517147
1787817690,9,,Aggregated,2.900000,0.100000,1500,2200,2500,3100,10000,14000,17000,29000,32000,33000,33000,1459,50,1500,3118.0954943577854,836.56529999962,33165.80404599972,314.34201507882113
1787817691,9,,Aggregated,3.100000,0.100000,1500,2200,2500,3100,10000,14000,17000,29000,32000,33000,33000,1463,50,1500,3114.9090331189395,836.56529999962,33165.80404599972,314.37183868762816
1787817692,9,,Aggregated,3.100000,0.100000,1500,2200,2500,3100,10000,14000,17000,29000,32000,33000,33000,1466,50,1500,3110.5683224229256,836.56529999962,33165.80404599972,314.3833560709413
1787817693,9,,Aggregated,2.900000,0.100000,1500,2200,2500,3100,10000,14000,17000,29000,32000,33000,33000,1467,50,1500,3109.020113659856,836.56529999962,33165.80404599972,314.3994546693933
1787817694,9,,Aggregated,3.100000,0.100000,1500,2200,2500,3100,10000,14000,17000,29000,32000,33000,33000,1470,50,1500,3106.170915546945,836.56529999962,33165.80404599972,314.3979591836735
1787817695,9,,Aggregated,2.900000,0.100000,1500,2200,2500,3100,10000,14000,17000,29000,32000,33000,33000,1472,50,1500,3104.6864644551692,836.56529999962,33165.80404599972,314.4436141304348
1787817696,9,,Aggregated,3.000000,0.100000,1500,2200,2500,3100,10000,14000,17000,29000,32000,33000,33000,1474,50,1500,3102.405650982367,836.56529999962,33165.80404599972,314.4674355495251
1787817697,9,,Aggregated,3.000000,0.100000,1500,2200,2500,3100,10000,14000,17000,29000,32000,33000,33000,1477,51,1500,3105.1126585680495,836.56529999962,33165.80404599972,314.24915368991196
1787817698,9,,Aggregated,2.900000,0.100000,1500,2200,2500,3100,10000,14000,17000,29000,32000,33000,33000,1483,51,1500,3105.5490129008826,836.56529999962,33165.80404599972,314.29871881321645
1787817699,9,,Aggregated,2.800000,0.100000,1500,2200,2500,3100,10000,14000,17000,29000,32000,33000,33000,1485,51,1500,3113.1471187905786,836.56529999962,33165.80404599972,314.31851851851854
1787817700,9,,Aggregated,2.700000,0.100000,1500,2200,2500,3100,10000,14000,17000,29000,32000,33000,33000,1487,51,1500,3111.024240202428,836.56529999962,33165.80404599972,314.33826496301276
1787817701,9,,Aggregated,2.800000,0.100000,1500,2200,2500,3100,10000,14000,17000,29000,32000,33000,33000,1490,51,1500,3108.9500538677917,836.56529999962,33165.80404599972,314.36375838926176
1787817702,9,,Aggregated,2.700000,0.100000,1500,2200,2500,3100,10000,14000,17000,29000,32000,33000,33000,1494,51,1500,3112.691706068949,836.56529999962,33165.80404599972,314.3768406961178
1787817703,9,,Aggregated,2.900000,0.100000,1500,2200,2500,3100,10000,14000,17000,29000,32000,33000,33000,1496,51,1500,3109.654746316183,836.56529999962,33165.80404599972,314.4084224598931
1787817704,9,,Aggregated,2.700000,0.100000,1500,2200,2500,3100,10000,14000,17000,29000,32000,33000,33000,1499,51,1500,3107.622359657111,836.56529999962,33165.80404599972,314.45230153435625
1787817705,9,,Aggregated,2.800000,0.100000,1500,2200,2500,3100,10000,14000,17000,29000,32000,33000,33000,1501,51,1500,3105.6999020113317,836.56529999962,33165.80404599972,314.4477015323118
1787817706,9,,Aggregated,2.800000,0.100000,1500,2200,2500,3100,10000,14000,17000,29000,32000,33000,33000,1504,51,1500,3102.5540302633035,836.56529999962,33165.80404599972,314.4468085106383
1787817707,9,,Aggregated,2.900000,0.100000,1500,2200,2500,3100,10000,14000,17000,29000,32000,33000,33000,1507,52,1500,3105.627753829468,836.56529999962,33165.80404599972,314.2820172528202
1787817708,9,,Aggregated,2.800000,0.100000,1500,2200,2500,3100,10000,14000,17000,29000,32000,33000,33000,1511,52,1500,3101.2030008219776,836.56529999962,33165.80404599972,314.3017868960953
1787817709,9,,Aggregated,3.000000,0.100000,1500,2200,2500,3100,10000,14000,17000,29000,32000,33000,33000,1513,52,1500,3104.9361866867207,836.56529999962,33165.80404599972,314.3212161269002
1787817710,9,,Aggregated,2.900000,0.100000,1500,2200,2500,3100,10000,14000,17000,29000,32000,33000,33000,1517,52,1500,3101.8126387033667,836.56529999962,33165.80404599972,314.3539881344759
1787817711,9,,Aggregated,2.800000,0.100000,1500,2200,2500,3100,10000,14000,17000,29000,32000,33000,33000,1519,52,1500,3099.302074514817,836.56529999962,33165.80404599972,314.34825543120473
1787817712,9,,Aggregated,2.800000,0.100000,1500,2200,2500,3100,10000,14000,17000,29000,32000,33000,33000,1520,52,1500,3097.8234095440835,836.56529999962,33165.80404599972,314.3638157894737
1787817713,9,,Aggregated,2.900000,0.100000,1500,2200,2500,3100,10000,14000,17000,29000,32000,33000,33000,1523,52,1500,3095.8211789369707,836.56529999962,33165.80404599972,314.41168745896255
1787817714,9,,Aggregated,2.900000,0.100000,1500,2200,2500,3100,10000,14000,17000,29000,32000,33000,33000,1527,52,1500,3109.2711168998085,836.56529999962,33165.80404599972,314.43483955468236
1787817715,9,,Aggregated,2.600000,0.100000,1500,2200,2500,3100,10000,14000,17000,29000,32000,33000,33000,1532,52,1500,3121.843300821153,836.56529999962,33165.80404599972,314.44255874673627
1787817716,9,,Aggregated,2.700000,0.100000,1500,2200,2500,3100,10000,14000,17000,29000,32000,33000,33000,1534,52,1500,3120.5445009693653,836.56529999962,33165.80404599972,314.4856584093872
1787817717,9,,Aggregated,2.800000,0.100000,1500,2200,2500,3100,10000,14000,17000,29000,32000,33000,33000,1538,53,1500,3121.7870490663245,836.56529999962,33165.80404599972,314.27893368010405
1787817718,9,,Aggregated,3.100000,0.100000,1500,2200,2500,3100,10000,14000,17000,29000,32000,33000,33000,1539,53,1500,3120.307355736197,836.56529999962,33165.80404599972,314.2943469785575
1787817719,9,,Aggregated,3.000000,0.100000,1500,2200,2500,3100,10000,14000,17000,29000,32000,33000,33000,1544,53,1500,3116.160567761016,836.56529999962,33165.80404599972,314.34067357512953
1787817720,9,,Aggregated,3.100000,0.100000,1500,2200,2500,3100,10000,14000,17000,29000,32000,33000,33000,1546,53,1500,3119.844220048518,836.56529999962,33165.80404599972,314.3602846054334
1787817721,9,,Aggregated,2.800000,0.100000,1500,2200,2500,3100,10000,14000,17000,29000,32000,33000,33000,1549,53,1500,3116.907468788902,836.56529999962,33165.80404599972,314.35958683021306
1787817722,9,,Aggregated,3.100000,0.100000,1500,2200,2500,3100,10000,14000,17000,29000,32000,33000,33000,1550,53,1500,3115.439430372909,836.56529999962,33165.80404599972,314.3748387096774
1787817723,9,,Aggregated,2.900000,0.100000,1500,2200,2500,3100,10000,14000,17000,29000,32000,33000,33000,1554,53,1500,3112.8363062413187,836.56529999962,33165.80404599972,314.4009009009009
1787817724,9,,Aggregated,3.000000,0.100000,1500,2200,2500,3100,10000,14000,17000,29000,32000,33000,33000,1556,53,1500,3109.918799569415,836.56529999962,33165.80404599972,314.43123393316193
1787817725,9,,Aggregated,3.000000,0.100000,1500,2200,2500,3100,10000,14000,17000,29000,32000,33000,33000,1558,53,1500,3107.4592073645763,836.56529999962,33165.80404599972,314.4249037227214
1787817727,9,,Aggregated,3.100000,0.100000,1500,2200,2500,3100,10000,14000,17000,29000,32000,33000,33000,1561,53,1500,3105.4604241191605,836.56529999962,33165.80404599972,314.4702114029468
1787817728,9,,Aggregated,2.900000,0.100000,1500,2200,2500,3100,10000,14000,17000,29000,32000,33000,33000,1564,54,1500,3108.002569202691,836.56529999962,33165.80404599972,314.2685421994885
1787817729,9,,Aggregated,2.600000,0.100000,1500,2200,2500,3100,10000,14000,17000,29000,32000,33000,33000,1566,54,1500,3105.9774097305285,836.56529999962,33165.80404599972,314.28735632183907
1787817730,9,,Aggregated,2.700000,0.100000,1500,2200,2500,3100,10000,14000,17000,29000,32000,33000,33000,1570,54,1500,3110.184074232489,836.56529999962,33165.80404599972,314.31528662420385
1787817731,9,,Aggregated,2.600000,0.100000,1500,2200,2500,3100,10000,14000,17000,29000,32000,33000,33000,1573,54,1500,3106.60424804387,836.56529999962,33165.80404599972,314.3521932612842
1787817732,9,,Aggregated,2.700000,0.100000,1500,2200,2500,3100,10000,14000,17000,29000,32000,33000,33000,1576,54,1500,3109.604555198609,836.56529999962,33165.80404599972,314.3496192893401
1787817733,9,,Aggregated,2.600000,0.100000,1500,2200,2500,3100,10000,14000,17000,29000,32000,33000,33000,1581,54,1500,3115.2574121644566,836.56529999962,33165.80404599972,314.38140417457305
1787817734,9,,Aggregated,2.700000,0.100000,1500,2200,2500,3100,10000,14000,17000,29000,32000,33000,33000,1582,54,1500,3113.821861307842,836.56529999962,33165.80404599972,314.39633375474085
1787817735,9,,Aggregated,2.700000,0.100000,1500,2200,2500,3100,10000,14000,17000,29000,32000,33000,33000,1585,54,1500,3110.8375338649876,836.56529999962,33165.80404599972,314.402523659306
1787817736,9,,Aggregated,3.100000,0.100000,1500,2200,2500,3100,10000,14000,17000,29000,32000,33000,33000,1588,54,1500,3108.5412900957217,836.56529999962,33165.80404599972,314.426322418136
1787817737,9,,Aggregated,2.800000,0.100000,1500,2200,2500,3100,10000,14000,17000,29000,32000,33000,33000,1591,54,1500,3105.2024092168485,836.56529999962,33165.80404599972,314.4582023884349
1787817738,9,,Aggregated,2.900000,0.100000,1500,2200,2500,3100,10000,14000,17000,29000,32000,33000,33000,1594,55,1500,3107.0905364128016,836.56529999962,33165.80404599972,314.25658720200755
1787817739,9,,Aggregated,3.000000,0.100000,1500,2200,2500,3100,10000,14000,17000,29000,32000,33000,33000,1596,55,1500,3105.7499584160437,836.56529999962,33165.80404599972,314.2994987468672
1787817740,9,,Aggregated,3.000000,0.100000,1500,2200,2500,3100,10000,14000,17000,29000,32000,33000,33000,1599,55,1500,3103.120145680429,836.56529999962,33165.80404599972,314.2976860537836
1787817741,9,,Aggregated,3.000000,0.100000,1500,2200,2500,3100,10000,14000,17000,29000,32000,33000,33000,1600,55,1500,3101.7064552875036,836.56529999962,33165.80404599972,314.3125
1787817742,9,,Aggregated,2.900000,0.100000,1500,2200,2500,3100,10000,14000,17000,29000,32000,33000,33000,1605,55,1500,3097.41854002991,836.56529999962,33165.80404599972,314.3576323987539
1787817743,9,,Aggregated,2.900000,0.100000,1500,2200,2500,3100,10000,14000,17000,29000,32000,33000,33000,1608,55,1500,3099.944263939058,836.56529999962,33165.80404599972,314.35758706467664
1787817744,9,,Aggregated,2.700000,0.100000,1500,2200,2500,3100,10000,14000,17000,29000,32000,33000,33000,1612,55,1500,3120.7577398157605,836.56529999962,33165.80404599972,314.39267990074444
1787817745,9,,Aggregated,2.800000,0.100000,1500,2200,2500,3100,10000,14000,17000,29000,32000,33000,33000,1615,55,1500,3118.7123053746163,836.56529999962,33165.80404599972,314.415479876161
1787817746,9,,Aggregated,2.700000,0.100000,1500,2200,2500,3100,10000,14000,17000,29000,32000,33000,33000,1617,55,1500,3116.722278664197,836.56529999962,33165.80404599972,314.43290043290045
1787817747,9,,Aggregated,3.000000,0.100000,1500,2200,2500,3100,10000,14000,17000,29000,32000,33000,33000,1619,55,1500,3114.254878927737,836.56529999962,33165.80404599972,314.4280420012353
1787817748,9,,Aggregated,3.000000,0.100000,1500,2200,2500,3100,10000,14000,17000,29000,32000,33000,33000,1624,56,1500,3114.201016975989,836.56529999962,33165.80404599972,314.2524630541872
1787817749,9,,Aggregated,2.900000,0.100000,1500,2200,2500,3100,10000,14000,17000,29000,32000,33000,33000,1627,56,1500,3111.8569792538456,836.56529999962,33165.80404599972,314.280270436386
1787817750,9,,Aggregated,2.800000,0.100000,1500,2200,2500,3100,10000,14000,17000,29000,32000,33000,33000,1630,56,1500,3118.241554577919,836.56529999962,33165.80404599972,314.3024539877301
1787817751,9,,Aggregated,3.000000,0.100000,1500,2200,2500,3100,10000,14000,17000,29000,32000,33000,33000,1632,56,1500,3116.163571117652,836.56529999962,33165.80404599972,314.3026960784314
1787817752,9,,Aggregated,3.100000,0.100000,1500,2200,2500,3100,10000,14000,17000,29000,32000,33000,33000,1634,56,1500,3114.8649496077155,836.56529999962,33165.80404599972,314.34394124847
1787817753,9,,Aggregated,3.100000,0.100000,1500,2200,2500,3100,10000,14000,17000,29000,32000,33000,33000,1637,56,1500,3111.8730172015926,836.56529999962,33165.80404599972,314.3420891875382
1787817754,9,,Aggregated,3.200000,0.100000,1500,2200,2500,3100,10000,14000,17000,29000,32000,33000,33000,1641,56,1500,3112.9087363235876,836.56529999962,33165.80404599972,314.3564899451554
1787817755,9,,Aggregated,3.000000,0.100000,1500,2200,2500,3100,10000,14000,17000,29000,32000,33000,33000,1643,56,1500,3111.005981617777,836.56529999962,33165.80404599972,314.37431527693246
1787817756,9,,Aggregated,2.900000,0.100000,1500,2200,2500,3100,10000,14000,17000,29000,32000,33000,33000,1646,56,1500,3109.276603795873,836.56529999962,33165.80404599972,314.3967193195626
1787817757,9,,Aggregated,2.800000,0.100000,1500,2200,2500,3100,10000,14000,17000,29000,32000,33000,33000,1649,56,1500,3113.7671754930307,836.56529999962,33165.80404599972,314.4214675560946
1787817758,9,,Aggregated,2.800000,0.100000,1500,2200,2500,3100,10000,14000,17000,29000,32000,33000,33000,1652,57,1500,3115.651860605937,836.56529999962,33165.80404599972,314.2269975786925
1787817759,9,,Aggregated,2.900000,0.100000,1500,2200,2500,3100,10000,14000,17000,29000,32000,33000,33000,1657,57,1500,3111.2702045226365,836.56529999962,33165.80404599972,314.26735063367533
1787817760,9,,Aggregated,2.900000,0.100000,1500,2200,2500,3100,10000,14000,17000,29000,32000,33000,33000,1658,57,1500,3109.9040516694863,836.56529999962,33165.80404599972,314.2804583835947
1787817761,9,,Aggregated,2.800000,0.100000,1500,2200,2500,3100,10000,14000,17000,29000,32000,33000,33000,1661,57,1500,3107.0264500000053,836.56529999962,33165.80404599972,314.2835641180012
1787817762,9,,Aggregated,2.900000,0.100000,1500,2200,2500,3100,10000,14000,17000,29000,32000,33000,33000,1664,57,1500,3104.748222795077,836.56529999962,33165.80404599972,314.3058894230769
1787817763,9,,Aggregated,2.800000,0.100000,1500,2200,2500,3100,10000,14000,17000,29000,32000,33000,33000,1665,57,1500,3103.3916594078123,836.56529999962,33165.80404599972,314.31951951951953
1787817764,9,,Aggregated,2.900000,0.100000,1500,2200,2500,3100,10000,14000,17000,29000,32000,33000,33000,1668,57,1500,3100.9034483567193,836.56529999962,33165.80404599972,314.3177458033573
1787817765,9,,Aggregated,3.000000,0.100000,1500,2200,2500,3100,10000,14000,17000,29000,32000,33000,33000,1672,57,1500,3102.9627595364877,836.56529999962,33165.80404599972,314.3761961722488
1787817766,9,,Aggregated,2.800000,0.100000,1500,2200,2500,3100,10000,14000,17000,29000,32000,33000,33000,1676,57,1500,3108.2016166688586,836.56529999962,33165.80404599972,314.37947494033415
1787817767,9,,Aggregated,2.700000,0.100000,1500,2200,2500,3100,10000,14000,17000,29000,32000,33000,33000,1678,57,1500,3105.887532031589,836.56529999962,33165.80404599972,314.3754469606675
1787817768,9,,Aggregated,2.900000,0.100000,1500,2200,2500,3100,10000,14000,17000,29000,32000,33000,33000,1682,58,1500,3108.246713066591,836.56529999962,33165.80404599972,314.2401902497027
1787817769,9,,Aggregated,3.000000,0.100000,1500,2200,2500,3100,10000,14000,17000,29000,32000,33000,33000,1684,58,1500,3105.8832700748258,836.56529999962,33165.80404599972,314.2404988123515
1787817770,9,,Aggregated,3.000000,0.100000,1500,2200,2500,3100,10000,14000,17000,29000,32000,33000,33000,1687,58,1500,3102.6598648150602,836.56529999962,33165.80404599972,314.2708950800237
1787817771,9,,Aggregated,3.000000,0.100000,1500,2200,2500,3100,10000,14000,17000,29000,32000,33000,33000,1691,58,1500,3107.1297727717365,836.56529999962,33165.80404599972,314.297457125961
1787817772,9,,Aggregated,2.800000,0.100000,1500,2200,2500,3100,10000,14000,17000,29000,32000,33000,33000,1694,58,1500,3104.1757141865446,836.56529999962,33165.80404599972,314.30106257378986
1787817773,9,,Aggregated,2.800000,0.100000,1500,2200,2500,3100,10000,14000,17000,29000,32000,33000,33000,1695,58,1500,3102.8408452265526,836.56529999962,33165.80404599972,314.3150442477876
1787817774,9,,Aggregated,3.000000,0.100000,1500,2200,2500,3100,10000,14000,17000,29000,32000,33000,33000,1698,58,1500,3100.9780954458224,836.56529999962,33165.80404599972,314.3580683156655
1787817775,9,,Aggregated,2.900000,0.100000,1500,2200,2500,3100,10000,14000,17000,29000,32000,33000,33000,1701,58,1500,3115.6815556055303,836.56529999962,33165.80404599972,314.36507936507934
1787817776,9,,Aggregated,3.000000,0.100000,1500,2200,2500,3100,10000,14000,17000,29000,32000,33000,33000,1705,58,1500,3117.104100268039,836.56529999962,33165.80404599972,314.3982404692082
1787817777,9,,Aggregated,3.000000,0.100000,1500,2200,2500,3100,10000,14000,17000,29000,32000,33000,33000,1707,58,1500,3114.8513497592307,836.56529999962,33165.80404599972,314.39367311072056
1787817778,9,,Aggregated,2.800000,0.100000,1500,2200,2500,3100,10000,14000,17000,29000,32000,33000,33000,1712,59,1500,3115.983801235986,836.56529999962,33165.80404599972,314.23422897196264
1787817779,9,,Aggregated,2.800000,0.100000,1500,2200,2500,3100,10000,14000,17000,29000,32000,33000,33000,1713,59,1500,3114.657451580273,836.56529999962,33165.80404599972,314.2481027437245
1787817780,9,,Aggregated,2.900000,0.100000,1500,2200,2500,3100,10000,14000,17000,29000,32000,33000,33000,1715,59,1500,3112.7647200810543,836.56529999962,33165.80404599972,314.2437317784257
1787817781,9,,Aggregated,2.900000,0.100000,1500,2200,2500,3100,10000,14000,17000,29000,32000,33000,33000,1719,59,1500,3109.5884501716164,836.56529999962,33165.80404599972,314.3007562536358
