timestamp,function,response_time_s,node_arch,status_code,policy,locust_response_time
1787824325.701287,amd_faster,0.662072512,amd64,200,UCB1,977.3715759999959
1787824327.6842093,arm_faster,2.536695621,amd64,200,UCB1,2953.6821309999937
1787824328.133347,amd_faster,2.24799181,arm64,200,UCB1,2431.6991899999607
1787824328.428905,readdisk,3.232709851,amd64,200,UCB1,3693.637582000008
1787824328.9297776,linpack,4.066743721,amd64,200,UCB1,4196.179161000032
1787824329.1261292,chacha20,4.055513247,amd64,200,UCB1,4394.448065999995
1787824329.1353953,amd_faster,0.948721787,arm64,200,UCB1,1001.7039080000245
1787824329.6005976,arm_faster,1.7928291490000001,arm64,200,UCB1,1915.9457199999679
1787824329.9055219,amd_faster,0.661851744,amd64,200,UCB1,769.7997889999897
1787824330.3906753,arm_faster,0.724045468,arm64,200,UCB1,789.6604659999866
1787824330.6173692,amd_faster,0.661906718,amd64,200,UCB1,711.5487789999975
1787824330.7815542,readdisk,2.226639349,arm64,200,UCB1,2352.300521000018
1787824331.1689918,arm_faster,0.722185348,arm64,200,UCB1,777.8886060000332
1787824331.616564,amd_faster,0.937267587,arm64,200,UCB1,998.7522330000047
1787824331.8791506,readdisk,1.043309699,arm64,200,UCB1,1097.2112009999933
1787824331.9435685,arm_faster,0.723238148,arm64,200,UCB1,774.2462360000104
1787824332.37815,amd_faster,0.660601637,amd64,200,UCB1,761.1558230000242
1787824332.5128922,chacha20,3.246736847,arm64,200,UCB1,3386.3404460000197
1787824332.7301972,arm_faster,0.726826508,arm64,200,UCB1,786.250544999973
1787824333.0111618,readdisk,1.065949137,arm64,200,UCB1,1131.6933910000557
1787824333.092574,amd_faster,0.664205915,amd64,200,UCB1,714.1125580000107
1787824333.504065,arm_faster,0.721062788,arm64,200,UCB1,773.5608609999645
1787824333.5980375,chacha20,1.006367719,arm64,200,UCB1,1084.8203699999885
1787824333.8059523,amd_faster,0.661837975,amd64,200,UCB1,712.915516999999
1787824334.108598,readdisk,1.039357739,arm64,200,UCB1,1097.1256569999923
1787824334.2790627,arm_faster,0.724319108,arm64,200,UCB1,774.6496720000096
1787824334.5205383,amd_faster,0.664350124,amd64,200,UCB1,714.296174000026
1787824334.6724946,chacha20,1.010654199,arm64,200,UCB1,1074.1450360000044
1787824335.0740232,arm_faster,0.725921348,arm64,200,UCB1,794.6285479999915
1787824335.2105935,readdisk,1.039414379,arm64,200,UCB1,1101.5716950000183
1787824335.5130959,amd_faster,0.937137427,arm64,200,UCB1,992.139667999993
1787824335.898842,arm_faster,0.77388247,arm64,200,UCB1,824.3994309999607
1787824336.2340765,amd_faster,0.664851153,amd64,200,UCB1,720.6796339999642
1787824336.3090734,readdisk,1.042664738,arm64,200,UCB1,1098.0904529999975
1787824336.4496174,linpack,7.514541493,arm64,200,UCB1,7519.496914000001
1787824336.683499,arm_faster,0.731943149,arm64,200,UCB1,784.3466179999723
1787824336.7891736,chacha20,2.064520321,arm64,200,UCB1,2116.3557530000503
1787824336.9471726,amd_faster,0.663418127,amd64,200,UCB1,712.7828409999779
1787824336.9888542,readmemory,12.119591415,amd64,200,UCB1,12252.001071999985
1787824337.41009,readdisk,1.042144579,arm64,200,UCB1,1100.7002220000004
1787824337.5810313,arm_faster,0.843297592,arm64,200,UCB1,897.225914000046
1787824337.6677976,amd_faster,0.664692591,amd64,200,UCB1,720.2328629999784
1787824337.896841,chacha20,1.055292841,arm64,200,UCB1,1107.2621110000114
1787824338.3788378,arm_faster,0.740478508,arm64,200,UCB1,797.3985309999989
1787824338.3823342,amd_faster,0.662326597,amd64,200,UCB1,714.1813340000454
1787824338.504314,readdisk,1.0414877790000001,arm64,200,UCB1,1093.8876459999847
1787824338.5885394,linpack,2.134782883,arm64,200,UCB1,2138.495836000004
1787824339.1812055,arm_faster,0.749520669,arm64,200,UCB1,802.010647999964
1787824339.4235907,amd_faster,0.937309907,arm64,200,UCB1,1040.9443789999955
1787824339.5982504,readdisk,1.042976899,arm64,200,UCB1,1093.6279510000304
1787824339.9803793,arm_faster,0.737160389,arm64,200,UCB1,798.8796129999969
1787824340.1404605,amd_faster,0.659742972,amd64,200,UCB1,716.4503810000156
1787824340.4181697,chacha20,2.464587136,arm64,200,UCB1,2520.997120000004
1787824340.5480099,linpack,1.955671756,arm64,200,UCB1,1959.130756000036
1787824340.6983788,readdisk,1.046061579,arm64,200,UCB1,1099.8141759999953
1787824340.77755,arm_faster,0.744984909,arm64,200,UCB1,796.8650050000292
1787824340.8565085,amd_faster,0.66041621,amd64,200,UCB1,715.7314149999934
1787824341.4828782,chacha20,1.013642159,arm64,200,UCB1,1064.3290639999918
1787824341.5628066,arm_faster,0.735055868,arm64,200,UCB1,784.7527920000061
1787824341.5782158,amd_faster,0.664901569,amd64,200,UCB1,721.4165249999951
1787824341.8073719,readdisk,1.041713218,arm64,200,UCB1,1108.6845410000024
1787824342.3260245,amd_faster,0.662229978,amd64,200,UCB1,747.5019400000065
1787824342.3371446,arm_faster,0.722302028,arm64,200,UCB1,774.0171180000175
1787824342.5439632,chacha20,1.009500159,arm64,200,UCB1,1060.6060370000137
1787824342.8017857,linpack,2.249700607,arm64,200,UCB1,2253.355838999994
1787824342.905653,readdisk,1.041537459,arm64,200,UCB1,1097.9636920000075
1787824343.0411603,amd_faster,0.663942119,amd64,200,UCB1,714.8166310000192
1787824343.1722972,arm_faster,0.744163589,arm64,200,UCB1,834.824881999964
1787824343.3258407,thread,18.402058632,amd64,200,UCB1,18588.238251000006
1787824343.753671,amd_faster,0.662522124,amd64,200,UCB1,712.2010260000025
1787824344.0002873,arm_faster,0.77583447,arm64,200,UCB1,827.6942370000029
1787824344.0053394,readdisk,1.040467499,arm64,200,UCB1,1099.244237999983
1787824344.7413595,amd_faster,0.937025988,arm64,200,UCB1,987.3051659999987
1787824344.792232,arm_faster,0.737691269,arm64,200,UCB1,791.6210559999968
1787824344.8186488,linpack,2.012948878,arm64,200,UCB1,2016.4820630000122
1787824345.1479788,readdisk,1.043934779,arm64,200,UCB1,1142.3122510000212
1787824345.4573035,amd_faster,0.660036329,amd64,200,UCB1,715.6593569999927
1787824345.5408583,chacha20,2.942348635,arm64,200,UCB1,2996.452685999998
1787824345.637564,arm_faster,0.788459111,arm64,200,UCB1,845.0508270000228
1787824346.1724954,amd_faster,0.665304905,amd64,200,UCB1,714.8935030000416
1787824346.2420127,readdisk,1.042459298,arm64,200,UCB1,1093.7035520000222
1787824346.5622864,arm_faster,0.871331074,arm64,200,UCB1,924.2915669999547
1787824346.8874002,amd_faster,0.663821494,amd64,200,UCB1,714.5909220000135
1787824347.0143251,chacha20,1.416588215,arm64,200,UCB1,1473.1419560000063
1787824347.3378408,readdisk,1.039573219,arm64,200,UCB1,1095.4361259999814
1787824347.3999777,arm_faster,0.78376687,arm64,200,UCB1,837.3628269999926
1787824347.4905918,linpack,2.6405650229999997,arm64,200,UCB1,2671.528412999976
1787824347.599559,amd_faster,0.660136554,amd64,200,UCB1,711.8517210000164
1787824348.100543,readmemory,10.97040817,arm64,200,UCB1,11111.31967199998
1787824348.2314746,arm_faster,0.77886735,arm64,200,UCB1,831.1860950000209
1787824348.3160963,amd_faster,0.662059864,amd64,200,UCB1,716.1922210000284
1787824348.4342346,readdisk,1.040496219,arm64,200,UCB1,1096.0764989999916
1787824348.9985418,chacha20,1.930458275,arm64,200,UCB1,1983.874735000029
1787824349.038084,amd_faster,0.661975959,amd64,200,UCB1,721.6727520000177
1787824349.1353962,arm_faster,0.847791313,arm64,200,UCB1,903.5950300000195
1787824349.526033,readdisk,1.040892819,arm64,200,UCB1,1091.4945210000155
1787824349.9256306,arm_faster,0.729650068,arm64,200,UCB1,789.9081300000148
1787824350.039165,amd_faster,0.936430067,arm64,200,UCB1,1000.7523930000275
1787824350.0928333,chacha20,1.039215801,arm64,200,UCB1,1093.7433870000177
1787824350.6216197,readdisk,1.041056056,arm64,200,UCB1,1095.2616000000148
1787824350.741194,arm_faster,0.76458107,arm64,200,UCB1,815.1802560000192
1787824350.757899,amd_faster,0.664631568,amd64,200,UCB1,718.3171230000198
1787824350.9975128,linpack,3.502249736,arm64,200,UCB1,3506.417329000044
1787824351.509643,amd_faster,0.665153474,amd64,200,UCB1,751.4264950000324
1787824351.5813937,arm_faster,0.786762791,arm64,200,UCB1,839.8897419999685
1787824351.7141342,readdisk,1.041716093,arm64,200,UCB1,1092.1216820000268
1787824352.2240233,amd_faster,0.661080849,amd64,200,UCB1,713.9399289999915
1787824352.345978,arm_faster,0.715731228,arm64,200,UCB1,764.2499090000001
1787824352.5644295,linpack,1.561744714,amd64,200,UCB1,1566.6082719999963
1787824352.803633,chacha20,2.652892303,arm64,200,UCB1,2710.482974999991
1787824352.808482,readdisk,1.040133693,arm64,200,UCB1,1094.0475470000024
1787824352.9405172,amd_faster,0.663748299,amd64,200,UCB1,716.164286000037
1787824353.1258972,arm_faster,0.722718508,arm64,200,UCB1,779.4904109999834
1787824353.6525328,amd_faster,0.661847663,amd64,200,UCB1,711.6432139999915
1787824353.8662078,chacha20,1.008903199,arm64,200,UCB1,1062.174285000026
1787824353.9018123,linpack,1.333086029,amd64,200,UCB1,1336.9873319999783
1787824353.9070132,arm_faster,0.724723348,arm64,200,UCB1,780.7804749999718
1787824353.9490643,readdisk,1.040540853,arm64,200,UCB1,1140.2748869999755
1787824354.3652995,amd_faster,0.661543407,amd64,200,UCB1,712.3443290000182
1787824354.6901135,arm_faster,0.722075028,arm64,200,UCB1,782.7970350000442
1787824354.9244695,chacha20,1.004100439,arm64,200,UCB1,1057.9597409999906
1787824355.0618818,readdisk,1.040696893,arm64,200,UCB1,1112.384268000028
1787824355.0818396,amd_faster,0.661563004,amd64,200,UCB1,716.1402970000381
1787824355.5441976,linpack,1.622483608,amd64,200,UCB1,1642.0495149999965
1787824355.8333063,amd_faster,0.662284193,amd64,200,UCB1,751.1303139999654
1787824356.1545885,readdisk,1.040313733,arm64,200,UCB1,1092.3902850000218
1787824356.1948314,arm_faster,1.375108344,amd64,200,UCB1,1504.3195040000228
1787824356.834164,amd_faster,0.936884987,arm64,200,UCB1,1000.5587940000282
1787824356.9990358,arm_faster,0.742405869,arm64,200,UCB1,803.657974000032
1787824357.038259,chacha20,2.05745788,arm64,200,UCB1,2113.4833379999804
1787824357.2368128,linpack,1.688660185,amd64,200,UCB1,1692.2098280000455
1787824357.2510653,readdisk,1.041746773,arm64,200,UCB1,1096.0443700000155
1787824357.5469985,amd_faster,0.662199941,amd64,200,UCB1,712.5183519999609
1787824357.7720904,arm_faster,0.721836268,arm64,200,UCB1,772.7397159999896
1787824358.1149747,chacha20,1.01064028,arm64,200,UCB1,1076.393569000004
1787824358.2654285,amd_faster,0.660945211,amd64,200,UCB1,718.1134970000471
1787824358.4853497,readmemory,10.333709619,arm64,200,UCB1,10384.446492999985
1787824358.5633283,arm_faster,0.726600188,arm64,200,UCB1,790.9371369999576
1787824358.9793642,amd_faster,0.66133587,amd64,200,UCB1,713.6153019999938
1787824359.1403854,linpack,1.899484401,amd64,200,UCB1,1903.234101999999
1787824359.180407,chacha20,1.012401679,arm64,200,UCB1,1065.1148210000088
1787824359.3360481,arm_faster,0.721663868,arm64,200,UCB1,772.4120760000233
1787824359.3704264,readdisk,2.064641544,amd64,200,UCB1,2119.0508039999827
1787824359.6979072,amd_faster,0.661714557,amd64,200,UCB1,718.1587079999758
1787824360.1312814,arm_faster,0.744381389,arm64,200,UCB1,794.9033740000004
1787824360.3080053,thread,16.850471295,arm64,200,UCB1,16981.835577000027
1787824360.4125092,amd_faster,0.661027985,amd64,200,UCB1,714.273549999973
1787824360.4906287,readdisk,1.043929692,arm64,200,UCB1,1119.8518180000292
1787824360.8900256,linpack,1.7450130069999998,amd64,200,UCB1,1749.2662359999827
1787824360.9163518,arm_faster,0.726654188,arm64,200,UCB1,784.7367370000029
1787824361.1331186,amd_faster,0.664589448,amd64,200,UCB1,720.2297499999872
1787824361.2918456,chacha20,2.06046644,arm64,200,UCB1,2111.0317729999792
1787824361.5973382,readdisk,1.041263652,arm64,200,UCB1,1106.2932490000321
1787824361.6991217,arm_faster,0.727511988,arm64,200,UCB1,782.4572330000024
1787824361.8460007,amd_faster,0.660622417,amd64,200,UCB1,712.5222100000315
1787824362.1519928,linpack,1.257106684,amd64,200,UCB1,1261.4248270000417
1787824362.3516495,chacha20,1.008279759,arm64,200,UCB1,1059.4846210000242
1787824362.478618,arm_faster,0.726697148,arm64,200,UCB1,779.1595749999942
1787824362.5618289,amd_faster,0.660453163,amd64,200,UCB1,715.4253610000296
1787824362.6975625,readdisk,1.040308573,arm64,200,UCB1,1099.8371669999756
1787824363.260378,arm_faster,0.723793348,arm64,200,UCB1,781.3180050000028
1787824363.2763355,amd_faster,0.66356574,amd64,200,UCB1,714.1850720000207
1787824363.4651253,linpack,1.308842646,amd64,200,UCB1,1312.7760590000435
1787824363.7892025,readdisk,1.041019732,arm64,200,UCB1,1091.289828000015
1787824364.036148,amd_faster,0.660728809,amd64,200,UCB1,759.4755039999654
1787824364.044214,arm_faster,0.722418748,arm64,200,UCB1,783.5173349999991
1787824364.8574424,arm_faster,0.722757349,arm64,200,UCB1,812.9154019999874
1787824364.8823707,readdisk,1.039733572,arm64,200,UCB1,1092.8495259999522
1787824364.9195096,chacha20,2.5083280180000003,arm64,200,UCB1,2567.398804999982
1787824365.0256042,amd_faster,0.936991187,arm64,200,UCB1,989.1230919999998
1787824365.0685692,linpack,1.598930655,amd64,200,UCB1,1603.0949359999909
1787824365.5833282,arm_faster,0.722757388,arm64,200,UCB1,725.5904969999847
1787824365.7374969,amd_faster,0.662001906,amd64,200,UCB1,711.5415079999821
1787824365.9802086,readdisk,1.042354132,arm64,200,UCB1,1097.5216479999972
1787824366.3502703,arm_faster,0.716816868,arm64,200,UCB1,766.6316140000049
1787824366.4565766,amd_faster,0.661893027,amd64,200,UCB1,718.7908500000049
1787824366.8676677,linpack,1.790952265,amd64,200,UCB1,1798.7606589999814
1787824367.0836055,readdisk,1.042507533,arm64,200,UCB1,1103.0842389999975
1787824367.1305037,arm_faster,0.721043668,arm64,200,UCB1,779.8989689999871
1787824367.1714966,amd_faster,0.663804772,amd64,200,UCB1,714.5045869999649
1787824367.9028032,amd_faster,0.664491583,amd64,200,UCB1,730.8987769999931
1787824367.9054224,arm_faster,0.715953908,arm64,200,UCB1,774.5693539999934
1787824368.1829271,readdisk,1.040550213,arm64,200,UCB1,1098.7725829999704
1787824368.2931037,chacha20,3.29981002,amd64,200,UCB1,3373.2457920000343
1787824368.5650675,amd_faster,0.659157772,amd64,200,UCB1,661.9619029999626
1787824368.6228316,linpack,1.7511238709999999,amd64,200,UCB1,1754.6379009999669
1787824368.6780856,arm_faster,0.721386268,arm64,200,UCB1,772.3710449999999
1787824368.8705692,readmemory,10.334514872,arm64,200,UCB1,10384.900035999977
1787824369.2799115,amd_faster,0.661756639,amd64,200,UCB1,714.4271469999808
1787824369.2811625,readdisk,1.040380892,arm64,200,UCB1,1097.9458900000054
1787824369.387314,chacha20,1.0147164,arm64,200,UCB1,1093.899955999973
1787824369.4478092,arm_faster,0.718367708,arm64,200,UCB1,769.3254469999715
1787824369.99851,amd_faster,0.662248009,amd64,200,UCB1,718.2510389999948
1787824370.2178364,linpack,1.590764418,amd64,200,UCB1,1594.603759999984
1787824370.2258675,arm_faster,0.722678788,arm64,200,UCB1,777.6457380000465
1787824370.4295044,readdisk,1.043606852,arm64,200,UCB1,1147.633112000051
1787824370.712767,amd_faster,0.662355517,amd64,200,UCB1,713.8987320000183
1787824370.8881721,chacha20,1.4468459359999999,arm64,200,UCB1,1500.535674000048
1787824370.9982884,arm_faster,0.721115828,arm64,200,UCB1,772.0684880000022
1787824371.433328,amd_faster,0.660722739,amd64,200,UCB1,720.2096890000007
1787824371.532977,readdisk,1.042598132,arm64,200,UCB1,1103.1515220000188
1787824371.7545736,thread,11.394772563,arm64,200,UCB1,11446.250840000004
1787824371.7780192,arm_faster,0.722583909,arm64,200,UCB1,779.4262140000114
1787824371.7792892,linpack,1.5570804790000001,amd64,200,UCB1,1561.155661999976
1787824371.9975917,chacha20,1.057349081,arm64,200,UCB1,1109.0885129999606
1787824372.1488988,amd_faster,0.664310407,amd64,200,UCB1,715.1459510000109
1787824372.581474,arm_faster,0.722809068,arm64,200,UCB1,803.1416779999745
1787824372.6275346,readdisk,1.040327813,arm64,200,UCB1,1094.2338030000087
1787824372.8633482,amd_faster,0.660832997,amd64,200,UCB1,714.1148140000269
1787824373.0620522,chacha20,1.008331719,arm64,200,UCB1,1064.0466739999965
1787824373.0984926,linpack,1.238230875,amd64,200,UCB1,1318.48375200002
1787824373.3626845,arm_faster,0.723517308,arm64,200,UCB1,780.905507
1787824373.7305763,readdisk,1.043458092,arm64,200,UCB1,1102.7141399999891
1787824373.8552923,amd_faster,0.9375871,arm64,200,UCB1,991.5896249999605
1787824374.1324973,chacha20,1.007960639,arm64,200,UCB1,1070.1137110000332
1787824374.1410246,arm_faster,0.725459348,arm64,200,UCB1,777.9403119999984
1787824374.5683792,amd_faster,0.662393946,amd64,200,UCB1,712.7622289999636
1787824374.702088,linpack,1.576574253,amd64,200,UCB1,1603.2628140000043
1787824374.811187,filehandle,49.832937156,amd64,200,UCB1,50078.63528299998
1787824374.844015,readdisk,1.042475892,arm64,200,UCB1,1113.0095880000113
1787824374.9653955,arm_faster,0.729420948,arm64,200,UCB1,824.0653049999764
1787824375.1803892,primenumber,50.199608483,amd64,200,UCB1,50446.003504999964
1787824375.2804806,amd_faster,0.661091836,amd64,200,UCB1,711.781191
1787824375.4602675,linpack,0.754039705,amd64,200,UCB1,757.8551020000077
1787824375.7506258,arm_faster,0.731185708,arm64,200,UCB1,784.9134319999962
1787824375.9395082,readdisk,1.040819613,arm64,200,UCB1,1095.1572689999693
1787824375.998988,amd_faster,0.661836538,amd64,200,UCB1,718.1889799999794
1787824376.2001545,linpack,0.735706416,amd64,200,UCB1,739.4906640000158
1787824376.5259047,arm_faster,0.722107428,arm64,200,UCB1,774.7489380000161
1787824376.7128077,amd_faster,0.662297853,amd64,200,UCB1,713.3657780000249
1787824377.0448322,readdisk,1.041539492,arm64,200,UCB1,1104.9161710000135
1787824377.1236024,chacha20,2.9391354339999998,arm64,200,UCB1,2990.775186999997
1787824377.434775,amd_faster,0.662924493,amd64,200,UCB1,721.5590599999473
1787824377.449556,linpack,1.245482095,amd64,200,UCB1,1249.0392389999556
1787824378.023084,arm_faster,1.444029661,amd64,200,UCB1,1496.849114999975
1787824378.1418,readdisk,1.041550812,arm64,200,UCB1,1096.5601880000122
1787824378.1498048,amd_faster,0.663538787,amd64,200,UCB1,714.6284880000167
1787824378.2196114,linpack,0.732450306,amd64,200,UCB1,769.6428870000318
1787824378.6576385,chacha20,1.483476058,arm64,200,UCB1,1533.6413279999874
1787824378.8340573,arm_faster,0.75706055,arm64,200,UCB1,810.6311459999915
1787824378.9184923,amd_faster,0.663623134,amd64,200,UCB1,768.367115999979
1787824378.9770687,linpack,0.721129932,amd64,200,UCB1,757.0233300000382
1787824379.2426777,readdisk,1.041325893,arm64,200,UCB1,1100.5412889999775
1787824379.6254025,arm_faster,0.734812028,arm64,200,UCB1,791.0488029999669
1787824379.631231,amd_faster,0.661958159,amd64,200,UCB1,712.4563910000461
1787824379.7130094,linpack,0.732138343,amd64,200,UCB1,735.6434420000255
1787824379.7544754,chacha20,1.041517881,arm64,200,UCB1,1096.4198490000285
1787824380.339974,readdisk,1.041643293,arm64,200,UCB1,1096.8115420000117
1787824380.3886914,amd_faster,0.661639662,amd64,200,UCB1,757.1650040000009
1787824380.4103591,arm_faster,0.733897749,arm64,200,UCB1,784.6257890000174
1787824380.4535587,linpack,0.725696591,amd64,200,UCB1,740.246156000012
1787824381.06043,readmemory,12.129688198,amd64,200,UCB1,12189.525860999993
1787824381.1068268,amd_faster,0.66254575,amd64,200,UCB1,717.653676999987
1787824381.218468,linpack,0.722150654,amd64,200,UCB1,764.5141620000118
1787824381.2291577,arm_faster,0.733723416,arm64,200,UCB1,818.481204999955
1787824381.4363985,readdisk,1.039987413,arm64,200,UCB1,1096.1150379999935
1787824381.8505366,amd_faster,0.662795175,amd64,200,UCB1,743.3836879999944
1787824381.9371002,chacha20,2.1275421899999998,arm64,200,UCB1,2182.317908000016
1787824381.9629478,linpack,0.740797305,amd64,200,UCB1,744.1745930000252
1787824382.0415404,arm_faster,0.759850627,arm64,200,UCB1,812.0615240000006
1787824382.5342293,readdisk,1.042880413,arm64,200,UCB1,1097.5283980000086
1787824382.5648623,amd_faster,0.661926758,amd64,200,UCB1,713.9315190000275
1787824382.7142677,linpack,0.723955478,amd64,200,UCB1,751.0201570000277
1787824382.8266366,arm_faster,0.734849148,arm64,200,UCB1,784.7607100000005
1787824383.0704062,chacha20,1.081405702,arm64,200,UCB1,1133.000896999988
1787824383.304558,amd_faster,0.664859942,amd64,200,UCB1,739.3450710000025
1787824383.4564981,linpack,0.737535309,amd64,200,UCB1,741.8685220000043
1787824383.632687,readdisk,1.041301333,arm64,200,UCB1,1098.1287390000034
1787824383.7093184,arm_faster,0.829042986,arm64,200,UCB1,882.3063350000098
1787824384.1922293,linpack,0.731593055,amd64,200,UCB1,735.3906019999954
1787824384.301187,amd_faster,0.940127659,arm64,200,UCB1,996.2197670000137
1787824384.6165452,arm_faster,0.850618306,arm64,200,UCB1,906.8898439999771
1787824384.7322874,readdisk,1.039184492,arm64,200,UCB1,1099.195821999956
1787824384.9335248,linpack,0.737205954,amd64,200,UCB1,740.9495079999715
1787824385.014901,amd_faster,0.663390076,amd64,200,UCB1,713.3200460000353
1787824385.2201543,thread,13.411971165,arm64,200,UCB1,13465.234650999946
1787824385.4064553,arm_faster,0.726637907,arm64,200,UCB1,789.4674959999861
1787824385.5345922,chacha20,2.410018679,arm64,200,UCB1,2463.8645400000314
1787824385.678501,linpack,0.740937152,amd64,200,UCB1,744.6851889999948
1787824385.7301836,amd_faster,0.661557586,amd64,200,UCB1,714.941787999976
1787824385.8339348,readdisk,1.044057132,arm64,200,UCB1,1101.3303639999776
1787824386.2649517,arm_faster,0.805220467,arm64,200,UCB1,858.1615580000062
1787824386.4154987,linpack,0.73313021,amd64,200,UCB1,736.681491000013
1787824386.4534967,amd_faster,0.664066021,amd64,200,UCB1,723.0259330000308
1787824386.775262,chacha20,1.1897535399999999,arm64,200,UCB1,1240.327060000027
1787824386.9341297,readdisk,1.041240333,arm64,200,UCB1,1099.8792359999925
1787824387.1503308,arm_faster,0.830622906,arm64,200,UCB1,885.0166059999651
1787824387.1523628,linpack,0.733296612,amd64,200,UCB1,736.5723169999683
1787824387.1802843,amd_faster,0.665659032,amd64,200,UCB1,726.4698390000035
1787824387.913863,chacha20,1.087348542,arm64,200,UCB1,1138.183022000021
1787824387.9151049,amd_faster,0.66255187,amd64,200,UCB1,734.5495220000089
1787824387.9300923,linpack,0.724969834,amd64,200,UCB1,777.4514120000049
1787824387.971613,arm_faster,0.767938307,arm64,200,UCB1,820.9539119999931
1787824388.0245416,readdisk,1.039034573,arm64,200,UCB1,1090.0637010000196
1787824388.711987,amd_faster,0.666234025,amd64,200,UCB1,796.2684400000057
1787824388.7524407,linpack,0.705831434,amd64,200,UCB1,822.0354850000149
1787824388.827266,arm_faster,0.731007587,arm64,200,UCB1,855.2704589999962
1787824389.2014287,readdisk,1.043317613,arm64,200,UCB1,1176.4822890000346
1787824389.428331,amd_faster,0.665680369,amd64,200,UCB1,716.034307999962
1787824389.49343,linpack,0.730090523,amd64,200,UCB1,740.6711670000163
1787824389.709552,arm_faster,0.813554667,arm64,200,UCB1,881.9725729999845
1787824390.0738482,chacha20,2.104538204,arm64,200,UCB1,2159.5658090000143
1787824390.1511188,amd_faster,0.661010008,amd64,200,UCB1,722.4482350000017
1787824390.2301548,linpack,0.733024311,amd64,200,UCB1,736.3994610000191
1787824390.3694906,readdisk,1.041528452,arm64,200,UCB1,1167.6870349999717
1787824390.5046387,arm_faster,0.723731628,arm64,200,UCB1,794.6346979999817
1787824390.896838,amd_faster,0.665681704,amd64,200,UCB1,745.3174999999987
1787824390.9674535,linpack,0.733362522,amd64,200,UCB1,736.9874139999979
1787824391.2814476,arm_faster,0.722490348,arm64,200,UCB1,776.4553330000012
1787824391.3062863,chacha20,1.073149062,arm64,200,UCB1,1232.1062229999598
1787824391.46611,readdisk,1.041239252,arm64,200,UCB1,1096.2680659999933
1787824391.4673336,readmemory,10.342613374,arm64,200,UCB1,10406.627167999999
1787824391.6212552,amd_faster,0.66938164,amd64,200,UCB1,724.1012240000373
1787824392.060572,linpack,1.089105601,amd64,200,UCB1,1092.8259199999957
1787824392.1259308,arm_faster,0.784482427,arm64,200,UCB1,844.1457549999996
1787824392.2285266,primenumber,16.924443471,arm64,200,UCB1,17047.788185
1787824392.3453145,amd_faster,0.664272395,amd64,200,UCB1,723.7387330000047
1787824392.5645123,chacha20,1.1685641,arm64,200,UCB1,1257.843500999968
1787824392.98308,arm_faster,0.806132106,arm64,200,UCB1,856.8363480000016
1787824393.1178768,amd_faster,0.662893914,amd64,200,UCB1,772.1427559999938
1787824393.6314785,linpack,1.5665367159999999,amd64,200,UCB1,1570.3611700000124
1787824393.7816596,chacha20,1.166322341,arm64,200,UCB1,1216.8334010000308
1787824393.7905893,readdisk,2.172742901,amd64,200,UCB1,2324.168788999998
1787824393.8192942,arm_faster,0.782562187,arm64,200,UCB1,835.9200239999609
1787824393.8361292,amd_faster,0.665625452,amd64,200,UCB1,717.9155119999905
1787824394.3906767,linpack,0.755221929,amd64,200,UCB1,758.8549359999774
1787824394.667835,amd_faster,0.661638907,amd64,200,UCB1,831.2656030000198
1787824394.6798308,arm_faster,0.725209428,arm64,200,UCB1,860.1256240000339
1787824394.9344664,readdisk,1.039706932,arm64,200,UCB1,1143.5412860000156
1787824395.1240456,linpack,0.72915971,amd64,200,UCB1,732.9467220000083
1787824395.1936076,chacha20,1.352882577,arm64,200,UCB1,1411.5100509999934
1787824395.385221,amd_faster,0.661221693,amd64,200,UCB1,717.0085700000186
1787824395.5081959,arm_faster,0.732768948,arm64,200,UCB1,828.0399289999991
1787824395.8664577,linpack,0.73852844,amd64,200,UCB1,742.0917970000005
1787824396.0263484,readdisk,1.040099893,arm64,200,UCB1,1091.5342430000123
1787824396.3332975,arm_faster,0.773030347,arm64,200,UCB1,824.7807420000299
1787824396.446539,amd_faster,0.93693106,arm64,200,UCB1,1061.0058789999925
1787824396.6003754,linpack,0.729950907,amd64,200,UCB1,733.6194420000197
1787824397.1139848,arm_faster,0.725294547,arm64,200,UCB1,780.3471729999956
1787824397.123674,readdisk,1.0397838130000001,arm64,200,UCB1,1096.9890950000263
1787824397.1630433,amd_faster,0.661432081,amd64,200,UCB1,716.0860500000013
1787824397.3399549,linpack,0.73549836,amd64,200,UCB1,739.1268429999514
1787824397.760239,chacha20,2.514610757,arm64,200,UCB1,2566.2176089999775
1787824397.8942623,arm_faster,0.729817147,arm64,200,UCB1,779.9318410000069
1787824397.9413364,amd_faster,0.662048657,amd64,200,UCB1,777.9566849999924
1787824398.0839827,linpack,0.73983268,amd64,200,UCB1,743.7025050000443
1787824398.2722194,readdisk,1.042546652,arm64,200,UCB1,1148.2006580000075
1787824398.6548462,amd_faster,0.660757186,amd64,200,UCB1,713.0748159999598
1787824398.7594116,arm_faster,0.812787787,arm64,200,UCB1,864.8280050000494
1787824398.8194826,linpack,0.73129786,amd64,200,UCB1,735.1593270000194
1787824398.935023,chacha20,1.123822221,arm64,200,UCB1,1174.4483200000104
1787824399.367465,amd_faster,0.661783761,amd64,200,UCB1,712.2412470000086
1787824399.3682392,readdisk,1.041217012,arm64,200,UCB1,1095.7510920000004
1787824399.5566638,linpack,0.73326355,amd64,200,UCB1,736.8809419999707
1787824399.700547,arm_faster,0.889523065,arm64,200,UCB1,940.7693370000061
1787824400.0908759,amd_faster,0.66461325,amd64,200,UCB1,722.3059530000455
1787824400.1469865,chacha20,1.1576417,arm64,200,UCB1,1211.6472999999814
1787824400.2978258,linpack,0.736902896,amd64,200,UCB1,740.6576070000028
1787824400.5212953,arm_faster,0.761449707,arm64,200,UCB1,820.3960079999888
1787824400.5239518,readdisk,1.042413652,arm64,200,UCB1,1154.7410249999643
1787824400.8044417,amd_faster,0.661068275,amd64,200,UCB1,713.2363279999936
1787824401.0410593,linpack,0.739275745,amd64,200,UCB1,742.9048770000009
1787824401.298614,arm_faster,0.722424508,arm64,200,UCB1,776.9766760000039
1787824401.525628,amd_faster,0.66531042,amd64,200,UCB1,720.9037509999803
1787824401.6669343,readdisk,1.041894532,arm64,200,UCB1,1142.677419999984
1787824401.7831826,linpack,0.738163106,amd64,200,UCB1,741.8029290000163
1787824401.9184551,readmemory,10.342441815,arm64,200,UCB1,10450.440318999994
1787824402.1493704,arm_faster,0.791538146,arm64,200,UCB1,850.3362580000271
1787824402.240669,amd_faster,0.664030019,amd64,200,UCB1,714.5870329999866
1787824402.352427,chacha20,2.151737084,arm64,200,UCB1,2205.116010999973
1787824402.5248857,linpack,0.737479541,amd64,200,UCB1,741.3036890000058
1787824402.772969,readdisk,1.042016852,arm64,200,UCB1,1105.7160029999977
1787824402.9533515,amd_faster,0.661807629,amd64,200,UCB1,712.235824000004
1787824402.9703999,arm_faster,0.760091067,arm64,200,UCB1,820.6412359999717
1787824403.2668123,linpack,0.737462124,amd64,200,UCB1,741.4987589999669
1787824403.4796534,chacha20,1.072123702,arm64,200,UCB1,1126.9119270000374
1787824403.676084,amd_faster,0.66160477,amd64,200,UCB1,722.426095000003
1787824403.8628287,arm_faster,0.799816666,arm64,200,UCB1,892.0337860000132
1787824403.8729687,readdisk,1.044546772,arm64,200,UCB1,1099.6730680000155
1787824404.000575,linpack,0.729729622,amd64,200,UCB1,733.4142500000098
1787824404.3913634,amd_faster,0.661900781,amd64,200,UCB1,714.9595710000085
1787824404.7398555,linpack,0.735381357,amd64,200,UCB1,738.853105999965
1787824404.7820818,arm_faster,0.863086946,arm64,200,UCB1,918.919499000026
1787824405.0144958,readdisk,1.042161252,arm64,200,UCB1,1141.1777889999826
1787824405.1162548,amd_faster,0.664122945,amd64,200,UCB1,724.5385379999902
1787824405.135179,thread,19.862818984,arm64,200,UCB1,19914.70831700002
1787824405.559478,arm_faster,0.723978708,arm64,200,UCB1,777.0582699999977
1787824405.831916,amd_faster,0.664222054,amd64,200,UCB1,715.2504700000009
1787824406.1086857,readdisk,1.039453852,arm64,200,UCB1,1093.8502019999987
1787824406.1640143,chacha20,2.617537555,arm64,200,UCB1,2683.9714050000225
1787824406.1956842,linpack,1.452008305,amd64,200,UCB1,1455.5333359999736
1787824406.3308299,arm_faster,0.719438948,arm64,200,UCB1,770.9532920000015
1787824406.5535128,amd_faster,0.665126772,amd64,200,UCB1,721.2640790000364
1787824407.1044106,arm_faster,0.723018507,arm64,200,UCB1,773.2509709999817
1787824407.2025497,readdisk,1.042151212,arm64,200,UCB1,1093.4302150000121
1787824407.2826052,amd_faster,0.666020575,amd64,200,UCB1,728.7277899999935
1787824407.2926028,chacha20,1.077172741,arm64,200,UCB1,1128.276449999987
1787824407.8740714,arm_faster,0.718570667,arm64,200,UCB1,769.3218189999698
1787824407.9993129,amd_faster,0.663549937,amd64,200,UCB1,716.342735000012
1787824408.2991009,readdisk,1.041815092,arm64,200,UCB1,1096.2056820000043
1787824408.3796873,linpack,2.163173462,amd64,200,UCB1,2183.565729999998
1787824408.4626403,chacha20,1.074772822,arm64,200,UCB1,1169.6434890000091
1787824408.6539392,arm_faster,0.726567467,arm64,200,UCB1,779.5593940000458
1787824408.7168543,amd_faster,0.664549406,amd64,200,UCB1,717.1670299999846
1787824408.8269815,primenumber,16.535474376,arm64,200,UCB1,16598.107572000004
1787824409.3956165,readdisk,1.041790452,arm64,200,UCB1,1096.189546000005
1787824409.4283562,arm_faster,0.723299548,arm64,200,UCB1,774.1068700000255
1787824409.431286,amd_faster,0.663643714,amd64,200,UCB1,714.1223179999656
1787824410.2204566,arm_faster,0.720832708,arm64,200,UCB1,791.7980990000046
1787824410.4844117,amd_faster,0.93733218,arm64,200,UCB1,1052.8379010000322
1787824410.492021,readdisk,1.040702172,arm64,200,UCB1,1095.954852000034
1787824410.5856473,chacha20,2.064625445,arm64,200,UCB1,2122.600753000029
1787824410.5905554,linpack,2.206841337,amd64,200,UCB1,2210.433912000042
1787824410.9915533,arm_faster,0.721867188,arm64,200,UCB1,770.7718890000024
1787824411.059139,filehandle,36.241828412,arm64,200,UCB1,36247.62932200002
1787824411.2038047,amd_faster,0.663365779,amd64,200,UCB1,718.9848350000148
1787824411.6309273,readdisk,1.040289413,arm64,200,UCB1,1138.4828099999709
1787824411.71716,chacha20,1.078813461,arm64,200,UCB1,1131.1096250000219
1787824411.7762856,arm_faster,0.724457467,arm64,200,UCB1,784.1859769999928
1787824411.9299672,amd_faster,0.661116486,amd64,200,UCB1,725.8330849999766
1787824412.5543191,arm_faster,0.723369387,arm64,200,UCB1,777.696982000009
1787824412.6582143,amd_faster,0.660541913,amd64,200,UCB1,727.9536050000388
1787824412.7215488,readdisk,1.039898653,arm64,200,UCB1,1090.2905880000162
1787824412.8029733,linpack,2.163589753,amd64,200,UCB1,2212.012910999988
1787824413.3268967,arm_faster,0.721382028,arm64,200,UCB1,772.145045000002
1787824413.371799,amd_faster,0.660415209,amd64,200,UCB1,713.1754229999956
1787824413.8156073,readdisk,1.040003293,arm64,200,UCB1,1093.6745120000069
1787824414.0931423,amd_faster,0.661187837,amd64,200,UCB1,721.0188770000059
1787824414.1045454,arm_faster,0.720999068,arm64,200,UCB1,777.299352
1787824414.144403,chacha20,2.36752872,arm64,200,UCB1,2426.9381169999633
1787824414.161589,readmemory,12.121212409,amd64,200,UCB1,12242.799962000048
1787824414.803925,amd_faster,0.65982474,amd64,200,UCB1,710.4420120000441
1787824414.9118786,readdisk,1.040365131,arm64,200,UCB1,1095.7311529999743
1787824414.9235067,arm_faster,0.723766267,arm64,200,UCB1,818.5584990000052
1787824415.039677,linpack,2.232949824,amd64,200,UCB1,2236.382443000025
1787824415.3168468,chacha20,1.069011622,arm64,200,UCB1,1172.0346760000098
1787824415.5192194,amd_faster,0.66354836,amd64,200,UCB1,714.9893600000041
1787824415.7415147,arm_faster,0.720629387,arm64,200,UCB1,817.667694000022
1787824416.0145485,readdisk,1.041175803,arm64,200,UCB1,1102.291451000042
1787824416.232829,amd_faster,0.661035531,amd64,200,UCB1,713.2148499999857
1787824416.4402947,chacha20,1.0727690619999999,arm64,200,UCB1,1123.0833480000229
1787824416.518666,arm_faster,0.723329667,arm64,200,UCB1,776.8047150000257
1787824416.9440954,amd_faster,0.660110221,amd64,200,UCB1,710.8935310000106
1787824417.1101248,readdisk,1.042702684,arm64,200,UCB1,1095.2211200000193
1787824417.3015475,arm_faster,0.726527148,arm64,200,UCB1,782.4564590000023
1787824417.3225498,linpack,2.278812571,amd64,200,UCB1,2282.40664599997
1787824417.6566179,amd_faster,0.660263654,amd64,200,UCB1,712.1633130000191
1787824418.0848882,arm_faster,0.723094108,arm64,200,UCB1,782.9069129999766
1787824418.201682,readdisk,1.040325924,arm64,200,UCB1,1091.2333410000201
1787824418.3723743,amd_faster,0.662075008,amd64,200,UCB1,715.3415079999945
1787824418.6125906,chacha20,2.119837044,arm64,200,UCB1,2171.982786000001
1787824419.0870852,amd_faster,0.661398699,amd64,200,UCB1,714.37148199999
1787824419.300496,readdisk,1.040791963,arm64,200,UCB1,1098.339567000039
1787824419.7432985,chacha20,1.069385942,arm64,200,UCB1,1130.3656170000522
1787824419.8062437,amd_faster,0.663549665,amd64,200,UCB1,718.8291470000081
1787824420.0168455,linpack,2.654158701,amd64,200,UCB1,2693.818200999999
1787824420.2221017,arm_faster,1.992757256,amd64,200,UCB1,2136.8772519999766
1787824420.4028902,readdisk,1.040415683,arm64,200,UCB1,1101.97626300004
1787824420.5235445,amd_faster,0.661328298,amd64,200,UCB1,716.99902499995
1787824421.0052574,arm_faster,0.728091507,arm64,200,UCB1,782.8279870000188
1787824421.2390673,amd_faster,0.661225724,amd64,200,UCB1,715.1214479999908
1787824421.5036578,readdisk,1.041812484,arm64,200,UCB1,1100.4395639999984
1787824421.7858586,arm_faster,0.726759427,arm64,200,UCB1,780.1903829999901
1787824421.9570193,amd_faster,0.6613557,amd64,200,UCB1,717.6289030000476
1787824422.0088212,linpack,1.987866054,amd64,200,UCB1,1991.5345919999936
1787824422.161428,chacha20,2.3573196,arm64,200,UCB1,2417.812334999951
1787824422.559851,arm_faster,0.717843548,arm64,200,UCB1,773.5773539999968
1787824422.598539,readdisk,1.041803843,arm64,200,UCB1,1094.4352770000023
1787824422.6715717,amd_faster,0.663113528,amd64,200,UCB1,714.2480269999965
1787824423.2957833,chacha20,1.081699142,arm64,200,UCB1,1133.9317119999919
1787824423.3365276,arm_faster,0.724865868,arm64,200,UCB1,776.321887999984
1787824423.3851914,amd_faster,0.661073753,amd64,200,UCB1,713.2501359999992
1787824423.7065866,readdisk,1.0432355229999999,arm64,200,UCB1,1107.678075000024
1787824424.048354,linpack,2.035468787,amd64,200,UCB1,2039.188499999966
1787824424.1081686,amd_faster,0.660161626,amd64,200,UCB1,722.6651380000249
1787824424.1229763,arm_faster,0.725241148,arm64,200,UCB1,786.0563529999922
1787824424.4203372,chacha20,1.070812542,arm64,200,UCB1,1124.20320800004
1787824424.6365643,readmemory,10.335470655,arm64,200,UCB1,10474.554715000011
1787824424.8014665,readdisk,1.043067244,arm64,200,UCB1,1094.4324280000046
1787824424.8206573,amd_faster,0.661861459,amd64,200,UCB1,712.1730590000084
1787824424.928849,arm_faster,0.721429588,arm64,200,UCB1,805.4834920000076
1787824425.4378216,primenumber,16.559091335,arm64,200,UCB1,16610.422072000005
1787824425.5609202,chacha20,1.077464021,arm64,200,UCB1,1140.2719390000016
1787824425.7285917,arm_faster,0.734042388,arm64,200,UCB1,799.4225489999849
1787824425.8353536,amd_faster,0.92970778,arm64,200,UCB1,1014.3129169999838
1787824425.8992174,readdisk,1.043012203,arm64,200,UCB1,1097.430576000022
1787824426.1716142,linpack,2.119369976,amd64,200,UCB1,2122.9210579999744
1787824426.50207,arm_faster,0.723307068,arm64,200,UCB1,773.0506149999883
1787824426.550765,amd_faster,0.662163569,amd64,200,UCB1,715.0182149999864
1787824426.6898527,chacha20,1.068609782,arm64,200,UCB1,1128.5484950000182
1787824427.0059476,readdisk,1.039795124,arm64,200,UCB1,1106.3152379999792
1787824427.2723243,amd_faster,0.661458979,amd64,200,UCB1,721.2389470000176
1787824427.278435,arm_faster,0.718996427,arm64,200,UCB1,776.0052639999913
1787824427.9970758,amd_faster,0.664114824,amd64,200,UCB1,724.3890220000253
1787824428.0975308,readdisk,1.039395804,arm64,200,UCB1,1091.2346409999714
1787824428.104536,arm_faster,0.723800947,arm64,200,UCB1,825.7954279999922
1787824428.2647872,thread,22.946718807,amd64,200,UCB1,23129.223599
1787824428.288055,linpack,2.11241708,amd64,200,UCB1,2116.0200750000513
1787824428.711993,amd_faster,0.662625022,amd64,200,UCB1,714.5969520000222
1787824428.886362,chacha20,2.141301484,arm64,200,UCB1,2196.1980949999997
1787824428.9267795,arm_faster,0.724057148,arm64,200,UCB1,821.7804580000347
1787824429.0434248,linpack,0.724158125,amd64,200,UCB1,755.0477580000461
1787824429.1968992,readdisk,1.041597323,arm64,200,UCB1,1098.9009360000068
1787824429.4297945,amd_faster,0.66376262,amd64,200,UCB1,717.3863620000134
1787824429.7724862,arm_faster,0.783749267,arm64,200,UCB1,845.3903289999971
1787824429.7783196,linpack,0.730832749,amd64,200,UCB1,734.5677320000163
1787824430.0198858,chacha20,1.081725062,arm64,200,UCB1,1133.072862000006
1787824430.1445725,amd_faster,0.660848827,amd64,200,UCB1,714.4549070000039
1787824430.2935183,readdisk,1.041460243,arm64,200,UCB1,1096.2975409999558
1787824430.5446084,linpack,0.718120808,amd64,200,UCB1,765.9406440000112
1787824430.5910978,arm_faster,0.765492347,arm64,200,UCB1,818.3018569999945
1787824430.8612018,amd_faster,0.664326599,amd64,200,UCB1,716.2964450000118
1787824431.279863,linpack,0.731284336,amd64,200,UCB1,734.7550849999607
1787824431.3874354,arm_faster,0.736603028,arm64,200,UCB1,796.0332960000187
1787824431.3895764,readdisk,1.041877443,arm64,200,UCB1,1095.7740190000322
1787824431.592554,amd_faster,0.662952428,amd64,200,UCB1,731.064334999985
1787824432.0147982,linpack,0.730629602,amd64,200,UCB1,734.5245379999596
1787824432.1811774,arm_faster,0.734896108,arm64,200,UCB1,793.4176109999953
1787824432.3056862,amd_faster,0.660707366,amd64,200,UCB1,712.7454520000356
1787824432.5391517,readdisk,1.039511484,arm64,200,UCB1,1149.2386370000531
1787824432.5810738,chacha20,2.499486118,arm64,200,UCB1,2560.8293570000455
1787824432.7566879,linpack,0.737863156,amd64,200,UCB1,741.549745000043
1787824432.9611459,arm_faster,0.725749667,arm64,200,UCB1,779.6356489999994
1787824433.016623,amd_faster,0.660423279,amd64,200,UCB1,710.5265370000211
1787824433.4971416,linpack,0.735995629,amd64,200,UCB1,740.032551000013
1787824433.636447,readdisk,1.041280404,arm64,200,UCB1,1096.9761000000062
1787824433.7284083,amd_faster,0.660975463,amd64,200,UCB1,711.3411260000362
1787824433.7624848,arm_faster,0.749320268,arm64,200,UCB1,801.0508049999885
1787824433.7663174,chacha20,1.121784021,arm64,200,UCB1,1184.9483479999776
1787824434.239993,linpack,0.73873388,amd64,200,UCB1,742.52657400001
1787824434.4423504,amd_faster,0.661738993,amd64,200,UCB1,713.6270080000031
1787824434.564287,arm_faster,0.735304187,arm64,200,UCB1,801.3888240000142
1787824434.7328112,readdisk,1.042916524,arm64,200,UCB1,1095.9634679999795
1787824434.9708006,chacha20,1.093516941,arm64,200,UCB1,1204.1068670000072
1787824434.982185,linpack,0.738300059,amd64,200,UCB1,741.8698519999793
1787824435.0271947,readmemory,10.336687063,arm64,200,UCB1,10390.278554999952
1787824435.1764312,amd_faster,0.664551159,amd64,200,UCB1,733.7277620000009
1787824435.391224,arm_faster,0.773642267,arm64,200,UCB1,826.613051000038
1787824435.7468562,linpack,0.717648802,amd64,200,UCB1,764.2979170000217
1787824435.8331103,readdisk,1.043707203,arm64,200,UCB1,1099.967830999958
1787824435.8931277,amd_faster,0.663543922,amd64,200,UCB1,716.3739160000091
1787824436.1696367,arm_faster,0.723799788,arm64,200,UCB1,778.0961980000143
1787824436.485318,linpack,0.734462396,amd64,200,UCB1,738.1297480000057
1787824436.6094618,amd_faster,0.662660711,amd64,200,UCB1,716.032666999979
1787824436.9305694,readdisk,1.042949763,arm64,200,UCB1,1097.147131999975
1787824436.9755101,arm_faster,0.755657867,arm64,200,UCB1,805.4598189999638
1787824437.1559472,chacha20,2.127691844,arm64,200,UCB1,2184.807246000048
1787824437.299427,linpack,0.809431298,amd64,200,UCB1,813.7959690000116
1787824437.3204322,amd_faster,0.661914716,amd64,200,UCB1,710.6508910000002
1787824437.8122232,arm_faster,0.775278627,arm64,200,UCB1,836.388812999985
1787824438.029089,readdisk,1.042643923,arm64,200,UCB1,1098.0922679999594
1787824438.046633,amd_faster,0.664169342,amd64,200,UCB1,725.8680460000164
1787824438.5265756,linpack,1.221930884,amd64,200,UCB1,1226.8248970000286
1787824438.593562,arm_faster,0.727325108,arm64,200,UCB1,780.96264200002
1787824438.7991457,amd_faster,0.661505807,amd64,200,UCB1,752.0921470000417
1787824439.1253304,readdisk,1.044373163,arm64,200,UCB1,1095.917662999966
1787824439.367961,arm_faster,0.721957828,arm64,200,UCB1,773.9650589999769
1787824439.497934,linpack,0.967544089,amd64,200,UCB1,970.9504229999766
1787824439.5179937,amd_faster,0.663322676,amd64,200,UCB1,718.555222999953
1787824439.8280597,chacha20,2.527939027,amd64,200,UCB1,2671.767885999998
1787824440.1435473,arm_faster,0.723476828,arm64,200,UCB1,775.2572980000423
1787824440.2205305,readdisk,1.040864523,arm64,200,UCB1,1094.8714420000556
1787824440.2336295,amd_faster,0.664914102,amd64,200,UCB1,715.3098750000026
1787824440.2464309,linpack,0.744720455,amd64,200,UCB1,748.1552170000327
1787824440.488454,filehandle,29.425487382,arm64,200,UCB1,29429.00213600001
1787824441.002673,amd_faster,0.662439536,amd64,200,UCB1,768.6547630000291
1787824441.0199566,chacha20,1.1373971410000001,arm64,200,UCB1,1191.4315139999871
1787824441.0326152,arm_faster,0.834425586,arm64,200,UCB1,888.6548269999821
1787824441.0556748,linpack,0.714145659,amd64,200,UCB1,808.9318240000125
1787824441.3304079,readdisk,1.042639363,arm64,200,UCB1,1109.5112109999832
1787824441.720791,amd_faster,0.660990088,amd64,200,UCB1,717.6020590000007
1787824441.8775554,linpack,0.718838259,amd64,200,UCB1,821.4610599999901
1787824441.9608295,arm_faster,0.803473866,arm64,200,UCB1,927.7187670000444
1787824442.046147,primenumber,16.551824207,arm64,200,UCB1,16607.990572000006
1787824442.4226263,readdisk,1.040108604,arm64,200,UCB1,1091.8791290000058
1787824442.4392118,amd_faster,0.664973076,amd64,200,UCB1,718.1149970000433
1787824442.6165688,linpack,0.735007911,amd64,200,UCB1,738.6291509999978
1787824442.7983356,arm_faster,0.779928027,arm64,200,UCB1,837.1566630000302
1787824443.205246,chacha20,2.097225084,arm64,200,UCB1,2184.9440340000115
1787824443.359283,linpack,0.738628473,amd64,200,UCB1,742.310018000012
1787824443.4594166,amd_faster,0.929595848,arm64,200,UCB1,1019.8958930000117
1787824443.5205913,readdisk,1.041818044,arm64,200,UCB1,1097.5416119999863
1787824443.649238,arm_faster,0.799788307,arm64,200,UCB1,850.562028000013
1787824444.097953,linpack,0.734582619,amd64,200,UCB1,738.208740999994
1787824444.1875787,amd_faster,0.664646935,amd64,200,UCB1,727.8356890000168
1787824444.3484683,chacha20,1.087721622,arm64,200,UCB1,1142.9059050000205
1787824444.434148,arm_faster,0.721663707,arm64,200,UCB1,784.5643450000352
1787824444.6118855,readdisk,1.039989884,arm64,200,UCB1,1090.789390999987
1787824444.837525,linpack,0.735535243,amd64,200,UCB1,739.2355960000145
1787824444.9095938,amd_faster,0.664299431,amd64,200,UCB1,721.646518
1787824445.2125237,arm_faster,0.726090388,arm64,200,UCB1,778.0509070000221
1787824445.5782957,linpack,0.736209693,amd64,200,UCB1,740.4837889999953
1787824445.627048,amd_faster,0.662536592,amd64,200,UCB1,717.0719210000129
1787824445.7095513,readdisk,1.044757283,arm64,200,UCB1,1097.3445209999682
1787824446.0055568,thread,17.687186861,arm64,200,UCB1,17740.442647999997
1787824446.0635412,arm_faster,0.787819507,arm64,200,UCB1,850.6564629999502
1787824446.3139243,linpack,0.731560913,amd64,200,UCB1,735.193713000001
1787824446.3418055,amd_faster,0.664006805,amd64,200,UCB1,714.3402969999784
1787824446.806062,readdisk,1.045324523,arm64,200,UCB1,1096.1649770000008
1787824446.840359,arm_faster,0.722608668,arm64,200,UCB1,776.4414530000181
1787824446.9083045,chacha20,2.504251758,arm64,200,UCB1,2559.5285440000453
1787824447.052173,linpack,0.734045989,amd64,200,UCB1,737.9178450000268
1787824447.056337,amd_faster,0.663662556,amd64,200,UCB1,714.2248100000188
1787824447.202515,readmemory,12.114069944,amd64,200,UCB1,12174.971776999995
1787824447.6875174,arm_faster,0.777837147,arm64,200,UCB1,846.7752759999598
1787824447.774338,amd_faster,0.666293561,amd64,200,UCB1,717.6821130000235
1787824447.803548,linpack,0.747099386,amd64,200,UCB1,751.0002149999764
1787824447.902291,readdisk,1.042553003,arm64,200,UCB1,1095.905184000003
1787824448.0551636,chacha20,1.095282901,arm64,200,UCB1,1146.4821479999614
1787824448.4857807,amd_faster,0.660240417,amd64,200,UCB1,711.0355749999826
1787824448.5526369,linpack,0.726254657,amd64,200,UCB1,748.7570369999617
1787824448.585493,arm_faster,0.843076146,arm64,200,UCB1,897.6502720000212
1787824449.0052707,readdisk,1.043619163,arm64,200,UCB1,1102.6411440000174
1787824449.2065413,amd_faster,0.664148444,amd64,200,UCB1,720.4344050000486
1787824449.2397609,chacha20,1.127077501,arm64,200,UCB1,1184.2124679999984
1787824449.2910242,linpack,0.733518451,amd64,200,UCB1,737.949843000024
1787824449.44042,arm_faster,0.725033588,arm64,200,UCB1,854.608618000043
1787824449.9294682,amd_faster,0.664394142,amd64,200,UCB1,722.5942430000032
1787824450.045459,linpack,0.728492115,amd64,200,UCB1,754.1199689999871
1787824450.1007729,readdisk,1.041835883,arm64,200,UCB1,1095.075956999949
1787824450.2588801,arm_faster,0.760175507,arm64,200,UCB1,818.0655620000152
1787824450.6635506,amd_faster,0.662270008,amd64,200,UCB1,733.7539270000093
1787824450.778565,linpack,0.729133335,amd64,200,UCB1,732.7888640000424
1787824451.0417814,arm_faster,0.728326548,arm64,200,UCB1,782.5033080000026
1787824451.2714744,readdisk,1.043396723,arm64,200,UCB1,1170.341178000001
1787824451.3745606,amd_faster,0.661331866,amd64,200,UCB1,710.602108000046
1787824451.5142028,linpack,0.730366662,amd64,200,UCB1,735.2543789999686
1787824451.529955,chacha20,2.214427962,arm64,200,UCB1,2289.8581599999943
1787824451.9921343,arm_faster,0.894363425,arm64,200,UCB1,950.0046489999932
1787824452.0963905,amd_faster,0.660958995,amd64,200,UCB1,721.4734610000164
1787824452.2520666,linpack,0.733894825,amd64,200,UCB1,737.5458380000168
1787824452.3671427,readdisk,1.043014604,arm64,200,UCB1,1095.3070460000163
1787824452.7303956,chacha20,1.079172382,arm64,200,UCB1,1200.1330960000018
1787824452.8086398,amd_faster,0.660581091,amd64,200,UCB1,711.8911629999616
1787824452.928406,arm_faster,0.880520825,arm64,200,UCB1,935.9723759999952
1787824452.9917715,linpack,0.735708095,amd64,200,UCB1,739.3166070000348
1787824453.4596198,readdisk,1.041030363,arm64,200,UCB1,1092.1634169999948
1787824453.53165,amd_faster,0.66406963,amd64,200,UCB1,722.628622000002
1787824453.7349873,linpack,0.729683434,amd64,200,UCB1,742.8920030000086
1787824453.7625372,arm_faster,0.758542828,arm64,200,UCB1,833.810490000019
1787824454.260522,amd_faster,0.661735961,amd64,200,UCB1,728.4208080000099
1787824454.4739542,linpack,0.734224496,amd64,200,UCB1,738.6348819999853
1787824454.565462,readdisk,1.040403524,arm64,200,UCB1,1105.416660000003
1787824454.5745425,arm_faster,0.749216667,arm64,200,UCB1,811.6086760000485
1787824454.9972115,amd_faster,0.66107763,amd64,200,UCB1,736.3234250000232
1787824455.2118933,linpack,0.733847656,amd64,200,UCB1,737.5328230000378
1787824455.396904,arm_faster,0.724753268,arm64,200,UCB1,821.8556300000159
1787824455.4168553,chacha20,2.629583636,arm64,200,UCB1,2686.0540719999904
1787824455.6602123,readdisk,1.039146844,arm64,200,UCB1,1094.430502000023
1787824455.7144237,amd_faster,0.664682853,amd64,200,UCB1,716.9202979999909
1787824455.9493804,linpack,0.733396169,amd64,200,UCB1,737.1447660000285
1787824456.2708576,arm_faster,0.820193146,arm64,200,UCB1,873.5405770000284
1787824456.4429367,amd_faster,0.663898885,amd64,200,UCB1,728.1685649999758
1787824456.680884,linpack,0.727442077,amd64,200,UCB1,731.0745649999717
1787824456.771007,readdisk,1.041659044,arm64,200,UCB1,1110.46113499998
1787824456.7893095,chacha20,1.2796057379999999,arm64,200,UCB1,1372.113408999951
1787824457.1411252,arm_faster,0.805560867,arm64,200,UCB1,869.920838999974
1787824457.1596456,amd_faster,0.663877199,amd64,200,UCB1,716.3884839999923
1787824457.4234958,linpack,0.737991765,amd64,200,UCB1,742.2241520000057
1787824457.6060674,readmemory,10.33735847,arm64,200,UCB1,10403.219340000021
1787824457.8743763,readdisk,1.040903044,arm64,200,UCB1,1103.0489359999933
1787824457.9043956,amd_faster,0.661074605,amd64,200,UCB1,744.3240299999729
1787824458.019448,chacha20,1.134303341,arm64,200,UCB1,1229.753549999998
1787824458.0891793,arm_faster,0.893425424,arm64,200,UCB1,947.7157829999783
1787824458.1608582,linpack,0.732148563,amd64,200,UCB1,736.8673610000087
1787824458.6362002,amd_faster,0.660007867,amd64,200,UCB1,731.5057069999966
1787824458.76346,primenumber,16.558599973,arm64,200,UCB1,16717.00044300002
1787824458.868837,arm_faster,0.726532907,arm64,200,UCB1,779.3162980000261
1787824458.9008107,linpack,0.735365795,amd64,200,UCB1,739.5172559999992
1787824458.9694488,readdisk,1.040409564,arm64,200,UCB1,1094.7477999999933
1787824459.1655703,chacha20,1.089356101,arm64,200,UCB1,1145.7965889999855
1787824459.3500857,amd_faster,0.66043372,amd64,200,UCB1,713.5663069999509
1787824459.6569598,linpack,0.72830069,amd64,200,UCB1,755.8259879999696
1787824459.751485,arm_faster,0.824523466,arm64,200,UCB1,882.3557879999839
1787824460.0631666,amd_faster,0.662026859,amd64,200,UCB1,712.7628189999768
1787824460.283501,readdisk,1.040896164,arm64,200,UCB1,1313.743890000012
1787824460.3975914,linpack,0.73509353,amd64,200,UCB1,740.2876639999931
1787824460.4110136,chacha20,1.108764661,arm64,200,UCB1,1245.0965180000253
1787824460.6155803,arm_faster,0.810453587,arm64,200,UCB1,863.7681600000064
1787824460.7864811,amd_faster,0.664125571,amd64,200,UCB1,722.9386430000204
1787824461.1375856,linpack,0.735073463,amd64,200,UCB1,739.5391870000481
1787824461.3792784,readdisk,1.040510483,arm64,200,UCB1,1095.451388000015
1787824461.4761953,arm_faster,0.808929746,arm64,200,UCB1,860.1849949999973
1787824461.5045958,amd_faster,0.663310598,amd64,200,UCB1,717.8045449999786
1787824461.8723857,linpack,0.730329164,amd64,200,UCB1,734.3659999999659
1787824462.2404208,amd_faster,0.6621515,amd64,200,UCB1,735.4660009999634
1787824462.2460175,chacha20,1.7715289699999999,arm64,200,UCB1,1834.6947059999934
1787824462.278867,arm_faster,0.749213228,arm64,200,UCB1,802.2252769999909
1787824462.4765344,readdisk,1.038745964,arm64,200,UCB1,1096.9301120000523
1787824462.6093686,linpack,0.732161274,amd64,200,UCB1,736.6739189999976
1787824463.3080175,arm_faster,0.895198065,arm64,200,UCB1,1028.8168019999944
1787824463.3124034,amd_faster,0.936914447,arm64,200,UCB1,1071.6733859999863
1787824463.3490896,linpack,0.735798469,amd64,200,UCB1,739.366748000009
1787824463.5709112,readdisk,1.040656524,arm64,200,UCB1,1093.8334179999742
1787824464.0833466,amd_faster,0.660751692,amd64,200,UCB1,770.6233309999675
1787824464.1004827,arm_faster,0.725917948,arm64,200,UCB1,792.1436269999731
1787824464.1375053,linpack,0.714242376,amd64,200,UCB1,788.1019869999477
1787824464.5055094,thread,18.435400728,arm64,200,UCB1,18499.607373000003
1787824464.6864388,readdisk,1.041721843,arm64,200,UCB1,1115.1730589999715
1787824464.8006372,amd_faster,0.662220806,amd64,200,UCB1,716.9424759999856
1787824464.8713138,chacha20,2.515779718,arm64,200,UCB1,2624.977434000016
1787824464.9128056,arm_faster,0.725589788,arm64,200,UCB1,811.9140709999897
1787824465.5245016,amd_faster,0.662106086,amd64,200,UCB1,723.4288709999532
1787824465.7096858,arm_faster,0.725619668,arm64,200,UCB1,796.534376000011
1787824465.712411,linpack,1.5229821540000001,amd64,200,UCB1,1574.5905520000179
1787824465.788657,readdisk,1.042709123,arm64,200,UCB1,1101.86915700001
1787824466.1118913,chacha20,1.17711322,arm64,200,UCB1,1240.1069560000337
1787824466.2386155,amd_faster,0.661601241,amd64,200,UCB1,713.7494579999952
1787824466.482588,arm_faster,0.721152788,arm64,200,UCB1,772.4688579999679
1787824466.8800354,readdisk,1.040482523,arm64,200,UCB1,1090.8982219999643
1787824466.95542,amd_faster,0.661079656,amd64,200,UCB1,716.3822219999929
1787824467.240309,chacha20,1.077178182,arm64,200,UCB1,1128.0629749999775
1787824467.261962,arm_faster,0.724376947,arm64,200,UCB1,778.9269310000009
1787824467.6685047,amd_faster,0.660804901,amd64,200,UCB1,712.7891020000447
1787824468.001253,readmemory,10.343088189,arm64,200,UCB1,10394.705047000003
1787824468.0846229,arm_faster,0.723647627,arm64,200,UCB1,822.3317309999629
1787824468.3758278,chacha20,1.072234622,arm64,200,UCB1,1135.1175610000155
1787824468.3889842,amd_faster,0.663960245,amd64,200,UCB1,720.144423000022
1787824468.5251038,linpack,2.76236389,amd64,200,UCB1,2812.363013000038
1787824468.8611443,arm_faster,0.725389947,arm64,200,UCB1,776.1079260000088
1787824469.1431446,amd_faster,0.660902786,amd64,200,UCB1,753.8142539999626
1787824469.5053504,chacha20,1.074604021,arm64,200,UCB1,1129.1870860000017
1787824469.6468387,arm_faster,0.724848908,arm64,200,UCB1,785.2650750000407
1787824469.8574352,amd_faster,0.663074333,amd64,200,UCB1,713.9756669999997
1787824470.016295,filehandle,29.523928261000002,arm64,200,UCB1,29527.534660999947
1787824470.1533175,readdisk,3.102450075,amd64,200,UCB1,3272.8986010000085
1787824470.4235826,arm_faster,0.721929228,arm64,200,UCB1,776.4021499999672
1787824470.5720496,amd_faster,0.663787883,amd64,200,UCB1,714.2352990000518
1787824470.675102,chacha20,1.113806981,arm64,200,UCB1,1169.3709150000018
1787824471.198528,arm_faster,0.723523228,arm64,200,UCB1,774.5597390000398
1787824471.2554116,readdisk,1.039869324,arm64,200,UCB1,1101.7482000000314
1787824471.2896562,amd_faster,0.663862609,amd64,200,UCB1,717.2256280000511
1787824471.3238413,linpack,2.794507652,amd64,200,UCB1,2798.272768000004
1787824471.8011,chacha20,1.074906542,arm64,200,UCB1,1125.6654999999682
1787824471.9732873,arm_faster,0.722262508,arm64,200,UCB1,774.4028239999352
1787824472.0194838,amd_faster,0.661956601,amd64,200,UCB1,729.4045119999737
1787824472.3492618,readdisk,1.041609643,arm64,200,UCB1,1093.512894000014
1787824472.7326632,amd_faster,0.660408594,amd64,200,UCB1,712.8270620000876
1787824472.7514968,arm_faster,0.727227868,arm64,200,UCB1,777.9254380000111
1787824473.4499354,readdisk,1.042404603,arm64,200,UCB1,1100.3640140000925
1787824473.4574778,amd_faster,0.661154937,amd64,200,UCB1,724.4135949999873
1787824473.4951077,linpack,2.135956381,amd64,200,UCB1,2170.941421000066
1787824473.5681684,arm_faster,0.722784388,arm64,200,UCB1,816.3680059999479
1787824473.98934,chacha20,2.128598244,arm64,200,UCB1,2187.9186470000604
1787824474.2151847,amd_faster,0.663063695,amd64,200,UCB1,757.3955520000482
1787824474.346823,arm_faster,0.721628948,arm64,200,UCB1,778.2025249999833
1787824474.5414834,readdisk,1.040247164,arm64,200,UCB1,1091.2065910000592
1787824474.9279983,amd_faster,0.661733046,amd64,200,UCB1,712.4839210000573
1787824475.1183188,chacha20,1.072995662,arm64,200,UCB1,1128.6360819999572
1787824475.141314,arm_faster,0.724525748,arm64,200,UCB1,794.1711700000269
1787824475.360679,primenumber,16.541060816,arm64,200,UCB1,16596.91648399996
1787824475.6370418,readdisk,1.040862563,arm64,200,UCB1,1095.2069630000096
1787824475.6423316,amd_faster,0.663451423,amd64,200,UCB1,714.0382940000336
1787824475.7620757,linpack,2.208869433,amd64,200,UCB1,2266.659937999975
1787824475.9554152,arm_faster,0.724573147,arm64,200,UCB1,813.772149999977
1787824476.4061537,amd_faster,0.661117577,amd64,200,UCB1,763.5074080000095
1787824476.7315066,readdisk,1.039366844,arm64,200,UCB1,1094.131114999982
1787824476.7331886,arm_faster,0.724644627,arm64,200,UCB1,777.5122000000465
1787824477.122487,amd_faster,0.663953397,amd64,200,UCB1,715.9921749999967
1787824477.5593061,arm_faster,0.723782907,arm64,200,UCB1,825.8345670000153
1787824477.633322,chacha20,2.4566627580000002,arm64,200,UCB1,2514.6804629999906
1787824477.826283,readdisk,1.039989924,arm64,200,UCB1,1094.4723280000517
1787824477.836099,amd_faster,0.660396637,amd64,200,UCB1,713.2947589999503
1787824477.9771554,linpack,2.210248571,amd64,200,UCB1,2214.779380999971
1787824478.3294146,arm_faster,0.719270308,arm64,200,UCB1,769.7859119999748
1787824478.5965588,amd_faster,0.663014295,amd64,200,UCB1,760.1555859999962
1787824478.7605388,chacha20,1.067292302,arm64,200,UCB1,1126.8266029999268
1787824478.9194634,readdisk,1.042262963,arm64,200,UCB1,1092.860404000021
1787824479.1024284,arm_faster,0.719094068,arm64,200,UCB1,772.6775849999967
1787824479.3101509,amd_faster,0.661620283,amd64,200,UCB1,713.164560999985
1787824479.8805702,arm_faster,0.726031748,arm64,200,UCB1,777.777422999975
1787824479.8885176,chacha20,1.075623222,arm64,200,UCB1,1127.6173410000183
1787824480.0260272,readdisk,1.039740995,arm64,200,UCB1,1106.2259749999157
1787824480.027248,amd_faster,0.662302744,amd64,200,UCB1,716.7899429999807
1787824480.2031305,linpack,2.221873765,amd64,200,UCB1,2225.63994799998
1787824480.2296321,readmemory,12.114630782,amd64,200,UCB1,12228.007905999959
1787824480.6505954,arm_faster,0.717798428,arm64,200,UCB1,769.6084919999748
1787824480.7894442,amd_faster,0.660875904,amd64,200,UCB1,761.4901169999939
1787824481.123179,readdisk,1.042428644,arm64,200,UCB1,1096.8353009999419
1787824481.4298162,arm_faster,0.724739708,arm64,200,UCB1,778.7668700000268
1787824481.5081227,amd_faster,0.664586933,amd64,200,UCB1,718.3559379999451
1787824482.117041,chacha20,2.122743124,arm64,200,UCB1,2228.2018110000763
1787824482.2189727,readdisk,1.0425965640000001,arm64,200,UCB1,1095.4700770000727
1787824482.2202036,arm_faster,0.725412148,arm64,200,UCB1,790.0873529999899
1787824482.2234051,amd_faster,0.661642063,amd64,200,UCB1,714.984397999956
1787824482.4911456,linpack,2.283802483,amd64,200,UCB1,2287.6857370000607
1787824483.059495,amd_faster,0.660584242,amd64,200,UCB1,835.7939679999618
1787824483.061462,arm_faster,0.725946067,arm64,200,UCB1,840.5948239999361
1787824483.2527783,chacha20,1.073435102,arm64,200,UCB1,1135.3155639999386
1787824483.3290436,readdisk,1.041954764,arm64,200,UCB1,1109.753226999942
1787824483.7791018,amd_faster,0.663942105,amd64,200,UCB1,719.2709939999986
1787824483.8889534,arm_faster,0.723691907,arm64,200,UCB1,827.1785850000697
1787824484.431624,readdisk,1.042515164,arm64,200,UCB1,1102.2426800000176
1787824484.4961085,amd_faster,0.660347534,amd64,200,UCB1,716.7052290000129
1787824484.683104,arm_faster,0.727231228,arm64,200,UCB1,793.8168009999345
1787824484.7340991,linpack,2.238117459,amd64,200,UCB1,2242.62025500002
1787824485.2106404,amd_faster,0.661197653,amd64,200,UCB1,714.2235090000213
1787824485.4523506,arm_faster,0.718051908,arm64,200,UCB1,768.9223569999513
1787824485.5229404,readdisk,1.039778565,arm64,200,UCB1,1090.8925229999795
1787824485.799686,chacha20,2.482880798,arm64,200,UCB1,2546.5816919999043
1787824486.2000735,amd_faster,0.937378406,arm64,200,UCB1,988.9984219998951
1787824486.2300217,arm_faster,0.723626788,arm64,200,UCB1,777.3315540000567
1787824486.6202133,readdisk,1.040521406,arm64,200,UCB1,1096.959634999962
1787824486.922355,linpack,2.184063791,amd64,200,UCB1,2187.901786999987
1787824486.9250073,amd_faster,0.664718414,amd64,200,UCB1,724.6255919999385
1787824486.9346356,chacha20,1.078349822,arm64,200,UCB1,1134.529321000059
1787824487.0348954,arm_faster,0.724645228,arm64,200,UCB1,804.4491900000139
1787824487.1429925,thread,22.583326476,amd64,200,UCB1,22637.10118200004
1787824487.637816,amd_faster,0.663350512,amd64,200,UCB1,712.4254780000001
1787824487.7223725,readdisk,1.041128085,arm64,200,UCB1,1101.8354740000404
1787824487.7761095,linpack,0.849565085,amd64,200,UCB1,853.436137000017
1787824487.8284779,arm_faster,0.742801868,arm64,200,UCB1,793.2541119999996
1787824488.102665,chacha20,1.080892702,arm64,200,UCB1,1167.6400220000005
1787824488.353368,amd_faster,0.662069194,amd64,200,UCB1,715.2185630000076
1787824488.5104413,linpack,0.729921587,amd64,200,UCB1,733.9966069999946
1787824488.7614565,arm_faster,0.871521465,arm64,200,UCB1,932.6894700000139
1787824488.8183877,readdisk,1.040815485,arm64,200,UCB1,1095.7020789999206
1787824489.0672753,amd_faster,0.661159296,amd64,200,UCB1,713.5862570000882
1787824489.246543,linpack,0.732185273,amd64,200,UCB1,735.7744629999843
1787824489.6121712,arm_faster,0.798751587,arm64,200,UCB1,850.4000269999779
1787824489.7806826,amd_faster,0.661547621,amd64,200,UCB1,713.0682360000264
1787824489.9114032,readdisk,1.040021886,arm64,200,UCB1,1092.7078060000213
1787824489.9825742,linpack,0.731755623,amd64,200,UCB1,735.6577349999043
1787824490.335671,chacha20,2.175361283,arm64,200,UCB1,2232.5925610000468
1787824490.4202185,arm_faster,0.753508547,arm64,200,UCB1,807.7404169999909
1787824490.4958715,amd_faster,0.660131908,amd64,200,UCB1,714.7158339998896
1787824490.6343231,readmemory,10.335708991,arm64,200,UCB1,10404.335971000022
1787824490.7182117,linpack,0.730992979,amd64,200,UCB1,735.2950599999986
1787824491.0080128,readdisk,1.040587005,arm64,200,UCB1,1096.2655529999665
1787824491.209245,amd_faster,0.661661487,amd64,200,UCB1,713.0655670000579
1787824491.268097,arm_faster,0.797573427,arm64,200,UCB1,847.5712359999079
1787824491.4524732,linpack,0.730341044,amd64,200,UCB1,733.955341000069
1787824491.5122318,chacha20,1.125069021,arm64,200,UCB1,1176.1036800000966
1787824491.92394,amd_faster,0.663613016,amd64,200,UCB1,714.3724190000285
1787824491.9698493,primenumber,16.554691494,arm64,200,UCB1,16608.64143899994
1787824492.102179,readdisk,1.040823125,arm64,200,UCB1,1093.8194020000083
1787824492.1064496,arm_faster,0.785773346,arm64,200,UCB1,838.0129900000384
1787824492.1883292,linpack,0.731445265,amd64,200,UCB1,735.540492000041
1787824492.656921,amd_faster,0.661685341,amd64,200,UCB1,732.6812499999278
1787824492.9429524,linpack,0.73070683,amd64,200,UCB1,754.2999800000416
1787824492.947223,arm_faster,0.736259107,arm64,200,UCB1,840.4761269999881
1787824493.2011464,readdisk,1.042002724,arm64,200,UCB1,1098.6138910000136
1787824493.3724437,amd_faster,0.661644342,amd64,200,UCB1,715.2109779999591
1787824493.680843,linpack,0.733928358,amd64,200,UCB1,737.5100730000668
1787824493.7243686,arm_faster,0.722577948,arm64,200,UCB1,776.8456320000041
1787824494.0795555,chacha20,2.506385998,arm64,200,UCB1,2567.0027470000605
1787824494.0893013,amd_faster,0.661422848,amd64,200,UCB1,716.5400720000434
1787824494.298097,readdisk,1.043677643,arm64,200,UCB1,1096.6305449999254
1787824494.4154963,linpack,0.730304958,amd64,200,UCB1,734.2908970000508
1787824494.5008729,arm_faster,0.723643748,arm64,200,UCB1,776.0895630000277
1787824494.838943,amd_faster,0.66239183,amd64,200,UCB1,749.2946849999953
1787824495.1577845,linpack,0.738159383,amd64,200,UCB1,741.8823689999954
1787824495.2402039,chacha20,1.110404741,arm64,200,UCB1,1160.2960400000484
1787824495.2955372,arm_faster,0.733259227,arm64,200,UCB1,794.2822740000111
1787824495.398156,readdisk,1.041845844,arm64,200,UCB1,1099.7152109999888
1787824495.5575316,amd_faster,0.665553541,amd64,200,UCB1,718.2642259999739
1787824495.8998945,linpack,0.738035086,amd64,200,UCB1,741.6826410000112
1787824496.0881329,arm_faster,0.733284708,arm64,200,UCB1,792.2250029999987
1787824496.2774284,amd_faster,0.661371382,amd64,200,UCB1,719.4994499999439
1787824496.3685749,chacha20,1.076538221,arm64,200,UCB1,1128.0224180000005
1787824496.493924,readdisk,1.041541044,arm64,200,UCB1,1095.3367680000383
1787824496.6434135,linpack,0.738893363,amd64,200,UCB1,743.219386000078
1787824496.934437,arm_faster,0.793828147,arm64,200,UCB1,845.9573059999457
1787824496.990826,amd_faster,0.659597549,amd64,200,UCB1,712.9782250000289
1787824497.3952637,linpack,0.747587841,amd64,200,UCB1,751.5203619999511
1787824497.590632,readdisk,1.044044403,arm64,200,UCB1,1096.3734309999609
1787824497.711581,amd_faster,0.665499192,amd64,200,UCB1,720.3713040000821
1787824497.7183032,arm_faster,0.728330547,arm64,200,UCB1,783.5484010000755
1787824498.1345735,linpack,0.735093341,amd64,200,UCB1,738.9548060000379
1787824498.4229069,amd_faster,0.660407429,amd64,200,UCB1,710.8162690000199
1787824498.5525348,chacha20,2.131339204,arm64,200,UCB1,2183.626633000017
1787824498.598848,arm_faster,0.788420227,arm64,200,UCB1,880.1252900000236
1787824498.6954567,readdisk,1.039374086,arm64,200,UCB1,1104.350414999999
1787824498.874064,linpack,0.735486825,amd64,200,UCB1,739.133655000046
1787824499.1492386,amd_faster,0.66273689,amd64,200,UCB1,725.9344139999939
1787824499.4529939,arm_faster,0.796484546,arm64,200,UCB1,853.7931690000278
1787824499.4889255,filehandle,29.468654462,arm64,200,UCB1,29472.211964000053
1787824499.6077816,linpack,0.729760247,amd64,200,UCB1,733.3269019999307
1787824499.6694021,chacha20,1.061874543,arm64,200,UCB1,1116.5288420000934
1787824499.7895374,readdisk,1.040474486,arm64,200,UCB1,1093.76483799997
1787824499.8715835,amd_faster,0.663748994,amd64,200,UCB1,721.9696050000266
1787824500.29782,arm_faster,0.788046787,arm64,200,UCB1,844.4322929999544
1787824500.350049,linpack,0.737766117,amd64,200,UCB1,741.9249669999317
1787824500.5991821,amd_faster,0.661667337,amd64,200,UCB1,727.2645030000149
1787824500.904531,readdisk,1.042446604,arm64,200,UCB1,1114.5635220000258
1787824501.03593,readmemory,10.34165561,arm64,200,UCB1,10401.290109000001
1787824501.0869398,linpack,0.733012367,amd64,200,UCB1,736.5723699999762
1787824501.1846895,arm_faster,0.835503546,arm64,200,UCB1,886.5342789999886
1787824501.3147962,amd_faster,0.66388948,amd64,200,UCB1,715.2173849999599
1787824501.8334222,linpack,0.740325375,amd64,200,UCB1,746.1423680000507
1787824501.9641883,arm_faster,0.727977748,arm64,200,UCB1,779.0908190000891
1787824502.0039356,readdisk,1.040843845,arm64,200,UCB1,1098.9412599999469
1787824502.030116,amd_faster,0.662263035,amd64,200,UCB1,714.9590289999423
1787824502.2184663,chacha20,2.484180878,arm64,200,UCB1,2548.739740999963
1787824502.7464528,arm_faster,0.727650307,arm64,200,UCB1,781.9581899999548
1787824502.783953,amd_faster,0.66492579,amd64,200,UCB1,753.4911579999743
1787824503.0065587,linpack,1.169045173,amd64,200,UCB1,1172.827075999976
1787824503.1116066,readdisk,1.040036486,arm64,200,UCB1,1107.3037139999542
1787824503.5154195,amd_faster,0.662989177,amd64,200,UCB1,731.1544829999548
1787824503.529782,arm_faster,0.725748107,arm64,200,UCB1,782.9317919999994
1787824503.7865558,chacha20,1.425705507,amd64,200,UCB1,1567.7572610001107
1787824504.2088473,readdisk,1.043105163,arm64,200,UCB1,1096.7682360000026
1787824504.2273898,amd_faster,0.660974333,amd64,200,UCB1,711.6648789999545
1787824504.3474889,arm_faster,0.726182187,arm64,200,UCB1,817.3412749999898
1787824504.5652215,thread,17.288774868,arm64,200,UCB1,17421.902477000003
1787824504.5702631,linpack,1.559673102,amd64,200,UCB1,1563.3078660000592
1787824504.976974,amd_faster,0.665357274,amd64,200,UCB1,749.2552669999668
1787824505.1264045,arm_faster,0.723782268,arm64,200,UCB1,778.5872599999948
1787824505.2152328,chacha20,1.3784766689999999,amd64,200,UCB1,1428.3412610000141
1787824505.306517,readdisk,1.042808164,arm64,200,UCB1,1097.3189869999942
1787824505.687194,amd_faster,0.66007402,amd64,200,UCB1,709.921052000027
1787824505.899809,arm_faster,0.722667468,arm64,200,UCB1,772.9990410000482
1787824506.1401863,linpack,1.520648443,amd64,200,UCB1,1569.6089000000484
1787824506.3985984,amd_faster,0.661881451,amd64,200,UCB1,711.0690319999549
1787824506.4011688,readdisk,1.041159645,arm64,200,UCB1,1094.3555080000351
1787824506.6730292,arm_faster,0.722616348,arm64,200,UCB1,772.9102759999478
1787824506.7909062,chacha20,1.516227555,amd64,200,UCB1,1575.2867480000532
1787824507.1173615,amd_faster,0.663958492,amd64,200,UCB1,718.3685620000233
1787824507.4488235,arm_faster,0.722719708,arm64,200,UCB1,775.3896969999232
1787824507.45434,linpack,1.309771499,amd64,200,UCB1,1313.835020000056
1787824507.5434291,readdisk,1.040457126,arm64,200,UCB1,1141.9827619999978
1787824507.8514142,amd_faster,0.66430961,amd64,200,UCB1,733.712010999966
1787824508.2321234,arm_faster,0.725639308,arm64,200,UCB1,782.9726090000122
1787824508.3889167,chacha20,1.53144794,amd64,200,UCB1,1597.5782890000119
1787824508.5834737,amd_faster,0.663077313,amd64,200,UCB1,731.7523609999625
1787824508.6056767,primenumber,16.558725504,arm64,200,UCB1,16635.515855999984
1787824508.6434355,readdisk,1.041075165,arm64,200,UCB1,1099.701380000056
1787824508.925411,linpack,1.418207545,amd64,200,UCB1,1470.7706860000371
1787824509.0101902,arm_faster,0.723280948,arm64,200,UCB1,777.7373640000178
1787824509.314278,amd_faster,0.663872745,amd64,200,UCB1,730.4969499999743
1787824509.8086612,readdisk,1.040307686,arm64,200,UCB1,1164.8907120001013
1787824509.8758185,arm_faster,0.723992508,arm64,200,UCB1,865.211434999992
1787824509.986349,linpack,1.05541142,amd64,200,UCB1,1060.6194389999928
1787824510.0352926,amd_faster,0.663023469,amd64,200,UCB1,720.6796179999628
1787824510.461983,chacha20,2.015553518,amd64,200,UCB1,2072.747491999962
1787824510.6525233,arm_faster,0.724107828,arm64,200,UCB1,776.3661029999867
1787824510.7525396,amd_faster,0.662517208,amd64,200,UCB1,716.8983100000332
1787824510.901824,readdisk,1.042164284,arm64,200,UCB1,1092.647114999977
1787824511.2265952,linpack,1.235661867,amd64,200,UCB1,1239.912123999943
1787824511.428858,arm_faster,0.722714158,arm64,200,UCB1,775.8785209999814
1787824511.4811509,amd_faster,0.665089147,amd64,200,UCB1,728.3231949999163
1787824511.9315224,chacha20,1.417134726,amd64,200,UCB1,1469.2342319999625
1787824512.0854225,readdisk,1.041593765,arm64,200,UCB1,1183.268945000009
1787824512.2075238,arm_faster,0.724760433,arm64,200,UCB1,778.3132890000388
1787824512.4795098,amd_faster,0.937339344,arm64,200,UCB1,998.0374769999116
1787824512.734506,linpack,1.503243973,amd64,200,UCB1,1507.449428999962
1787824512.9815176,arm_faster,0.721714794,arm64,200,UCB1,773.6540989999412
1787824513.185338,readdisk,1.040218725,arm64,200,UCB1,1099.5821690000867
1787824513.1914608,amd_faster,0.660637869,amd64,200,UCB1,711.6138989999854
1787824513.1986563,readmemory,12.106370131,amd64,200,UCB1,12162.367243000062
1787824513.4368117,chacha20,1.4531652560000001,amd64,200,UCB1,1504.8609520000582
1787824513.7651865,arm_faster,0.725263353,arm64,200,UCB1,783.3603850000372
1787824513.960587,amd_faster,0.660662457,amd64,200,UCB1,768.7862510000514
1787824514.2902398,readdisk,1.039864329,arm64,200,UCB1,1104.540969000027
1787824514.3067763,linpack,1.567862498,amd64,200,UCB1,1571.8932969999742
1787824514.5393288,arm_faster,0.722796194,arm64,200,UCB1,773.8296830000309
1787824514.6875417,amd_faster,0.663302373,amd64,200,UCB1,726.6178030000674
1787824515.2383418,chacha20,1.749691291,amd64,200,UCB1,1801.0029450000502
1787824515.2397437,linpack,0.886902729,amd64,200,UCB1,932.6580079999758
1787824515.3221772,arm_faster,0.722299474,arm64,200,UCB1,782.5264709999828
1787824515.3914893,readdisk,1.041052004,arm64,200,UCB1,1100.890568000068
1787824515.4156215,amd_faster,0.663824189,amd64,200,UCB1,727.4753640000426
1787824516.1021514,arm_faster,0.725745153,arm64,200,UCB1,779.6392920000699
1787824516.1558332,amd_faster,0.663376278,amd64,200,UCB1,739.7013859999788
1787824516.4823248,readdisk,1.039966005,arm64,200,UCB1,1090.5093060000581
1787824516.547004,linpack,1.250804011,amd64,200,UCB1,1306.5550989999792
1787824516.7910833,thread,12.174180239,arm64,200,UCB1,12225.520358999915
1787824516.8862011,arm_faster,0.724014314,arm64,200,UCB1,783.6835680000149
1787824516.88756,amd_faster,0.66377657,amd64,200,UCB1,731.4192369999546
1787824517.4884558,linpack,0.929743224,amd64,200,UCB1,941.1428450000585
1787824517.6004877,readdisk,1.043248125,arm64,200,UCB1,1117.8510579999283
1787824517.6697943,amd_faster,0.664430049,amd64,200,UCB1,781.40096300001
1787824517.682271,arm_faster,0.725154753,arm64,200,UCB1,795.7727289999639
1787824517.9678113,chacha20,2.673145991,amd64,200,UCB1,2729.0102130000378
1787824518.397022,amd_faster,0.66482806,amd64,200,UCB1,726.9085860000359
1787824518.5140846,arm_faster,0.726712113,arm64,200,UCB1,831.5122660000043
1787824518.5902286,linpack,1.097818317,amd64,200,UCB1,1101.4342940000006
1787824518.6929154,readdisk,1.041397085,arm64,200,UCB1,1092.1008619999384
1787824519.1125913,amd_faster,0.662646613,amd64,200,UCB1,715.2430190000132
1787824519.2876854,arm_faster,0.721824354,arm64,200,UCB1,773.2800679999627
1787824519.4590552,chacha20,1.435131605,amd64,200,UCB1,1490.9348370000544
1787824519.7925725,readdisk,1.040909325,arm64,200,UCB1,1099.3344209999805
1787824519.8251064,amd_faster,0.661762321,amd64,200,UCB1,712.1464209999431
1787824520.0653281,arm_faster,0.725700513,arm64,200,UCB1,777.2344239999711
1787824520.156932,linpack,1.562342626,amd64,200,UCB1,1566.3706619999402
1787824520.5592768,amd_faster,0.663751512,amd64,200,UCB1,733.8528730000462
1787824520.8400564,arm_faster,0.722415874,arm64,200,UCB1,774.3833209999593
1787824520.8864334,readdisk,1.0410717250000001,arm64,200,UCB1,1093.5247940000181
1787824521.0464053,linpack,0.884931552,amd64,200,UCB1,889.1662519999954
1787824521.276353,amd_faster,0.660245939,amd64,200,UCB1,716.7604579999534
1787824521.6185813,arm_faster,0.723881154,arm64,200,UCB1,778.23275500009
1787824521.9856305,readdisk,1.039060085,arm64,200,UCB1,1098.8388170000007
1787824521.9883947,amd_faster,0.661517353,amd64,200,UCB1,711.7233420000275
1787824522.0167618,linpack,0.966266476,amd64,200,UCB1,969.9681170000076
1787824522.283664,chacha20,2.7640242329999998,amd64,200,UCB1,2824.2829770000526
1787824522.3944402,arm_faster,0.722860194,arm64,200,UCB1,775.444020000009
1787824522.7494006,amd_faster,0.665371557,amd64,200,UCB1,760.7139719999623
1787824522.8003232,linpack,0.71524482,amd64,200,UCB1,783.2378880000306
1787824523.0787895,readdisk,1.043146444,arm64,200,UCB1,1092.6382709999416
1787824523.2366858,arm_faster,0.789997902,arm64,200,UCB1,841.9160439999587
1787824523.4633255,amd_faster,0.663339006,amd64,200,UCB1,713.590894000049
1787824523.5410988,linpack,0.736829508,amd64,200,UCB1,740.4590889999554
1787824523.6787937,readmemory,10.328168307,arm64,200,UCB1,10479.71200400002
1787824524.034317,arm_faster,0.730196433,arm64,200,UCB1,797.2184230000039
1787824524.1769955,amd_faster,0.66106822,amd64,200,UCB1,713.3430679999719
1787824524.1891065,readdisk,1.043909644,arm64,200,UCB1,1109.9860429999353
1787824524.2861753,linpack,0.741283629,amd64,200,UCB1,744.7720449999906
1787824524.7982972,chacha20,2.387325744,arm64,200,UCB1,2514.250081
1787824524.8124812,arm_faster,0.726789233,arm64,200,UCB1,777.8189209999482
1787824524.9029813,amd_faster,0.663600681,amd64,200,UCB1,725.6688160000522
1787824525.0280907,linpack,0.735851172,amd64,200,UCB1,741.5900160000319
1787824525.2501266,primenumber,16.532528804000002,arm64,200,UCB1,16644.02527499999
1787824525.3333173,readdisk,1.041812764,arm64,200,UCB1,1143.8986109999405
1787824525.6371043,amd_faster,0.661617196,amd64,200,UCB1,733.7930689999439
1787824525.7320948,arm_faster,0.821386296,arm64,200,UCB1,919.3148640000572
1787824525.776417,linpack,0.744283074,amd64,200,UCB1,748.0157279999275
1787824525.9585154,chacha20,1.097981128,arm64,200,UCB1,1159.8931129999528
1787824526.351,amd_faster,0.662488172,amd64,200,UCB1,713.5866539999824
1787824526.4256778,readdisk,1.041173284,arm64,200,UCB1,1092.0480720000114
1787824526.5233138,linpack,0.737387268,amd64,200,UCB1,746.6066309999633
1787824526.526863,arm_faster,0.742319151,arm64,200,UCB1,794.4021989999328
1787824527.0685673,amd_faster,0.663635212,amd64,200,UCB1,717.2187649999842
1787824527.0978937,chacha20,1.08561709,arm64,200,UCB1,1138.9878480000561
1787824527.269861,linpack,0.742419486,amd64,200,UCB1,746.1462450000909
1787824527.46394,arm_faster,0.882933726,arm64,200,UCB1,936.6648190000433
1787824527.521932,readdisk,1.042796405,arm64,200,UCB1,1095.825375000004
1787824527.781606,amd_faster,0.663595689,amd64,200,UCB1,712.6252140000133
1787824528.005349,linpack,0.731538629,amd64,200,UCB1,735.1657020000175
1787824528.2674696,arm_faster,0.74820779,arm64,200,UCB1,803.1457760000649
1787824528.5022404,amd_faster,0.664515341,amd64,200,UCB1,720.2116480000313
1787824528.6176305,readdisk,1.041367325,arm64,200,UCB1,1095.3593730000648
1787824528.7425444,linpack,0.732600958,amd64,200,UCB1,736.8141959999548
1787824528.8453524,filehandle,29.334468968,arm64,200,UCB1,29356.11312399999
1787824529.0588021,arm_faster,0.740049071,arm64,200,UCB1,790.9006819999149
1787824529.2175124,amd_faster,0.662818924,amd64,200,UCB1,714.9434079999537
1787824529.2750678,chacha20,2.106999272,arm64,200,UCB1,2176.8469980000873
1787824529.4805183,linpack,0.733393428,amd64,200,UCB1,737.5864619999675
1787824529.7182367,readdisk,1.041348645,arm64,200,UCB1,1100.1916260000826
1787824529.874405,arm_faster,0.758761507,arm64,200,UCB1,815.2316770000425
1787824529.9325402,amd_faster,0.661267042,amd64,200,UCB1,714.6790879999116
1787824530.2180052,linpack,0.732212838,amd64,200,UCB1,737.172896000061
1787824530.419329,chacha20,1.09002753,arm64,200,UCB1,1143.9470580000943
1787824530.6516664,arm_faster,0.723169793,arm64,200,UCB1,776.961267000047
1787824530.6558979,amd_faster,0.666052899,amd64,200,UCB1,722.9930109999714
1787824530.8163517,readdisk,1.041786925,arm64,200,UCB1,1097.7873640000553
1787824530.9598513,linpack,0.737413696,amd64,200,UCB1,741.420498000025
1787824531.42719,amd_faster,0.661595221,amd64,200,UCB1,771.0006430000931
1787824531.488941,arm_faster,0.771028065,arm64,200,UCB1,836.8571809999139
1787824531.6987646,linpack,0.734477297,amd64,200,UCB1,738.5376130000623
1787824531.9090137,readdisk,1.041327165,arm64,200,UCB1,1092.3085099999525
1787824532.1456187,amd_faster,0.661933495,amd64,200,UCB1,718.1013129999201
1787824532.196312,thread,15.339680401,arm64,200,UCB1,15404.913338000028
1787824532.2911255,arm_faster,0.748424389,arm64,200,UCB1,801.8659279999838
1787824532.439907,linpack,0.736948395,amd64,200,UCB1,740.674836999915
1787824532.862995,amd_faster,0.665604131,amd64,200,UCB1,716.9013980000045
1787824532.9935887,chacha20,2.509648242,arm64,200,UCB1,2573.9373629999136
1787824533.0076122,readdisk,1.039283845,arm64,200,UCB1,1098.2801499999368
1787824533.1014273,arm_faster,0.756267988,arm64,200,UCB1,809.9753830000509
1787824533.175519,linpack,0.731010259,amd64,200,UCB1,735.2738240000463
1787824533.5785875,amd_faster,0.661068578,amd64,200,UCB1,715.2599830000099
1787824533.8954504,arm_faster,0.740398471,arm64,200,UCB1,793.6957140000231
1787824533.9119806,linpack,0.732600883,amd64,200,UCB1,736.1078039999711
1787824534.0722396,readmemory,10.340213867,arm64,200,UCB1,10393.133477999982
1787824534.1348207,readdisk,1.039668045,arm64,200,UCB1,1126.70647799996
1787824534.1619508,chacha20,1.115335526,arm64,200,UCB1,1167.940810999994
1787824534.2948167,amd_faster,0.661146517,amd64,200,UCB1,715.7454289999805
1787824534.678875,linpack,0.725372289,amd64,200,UCB1,766.4935440000136
1787824534.7771704,arm_faster,0.824467856,arm64,200,UCB1,881.4057989999355
1787824535.0107396,amd_faster,0.661904195,amd64,200,UCB1,715.5496150001
1787824535.2381437,readdisk,1.043890764,arm64,200,UCB1,1102.9865240000163
1787824535.3228967,chacha20,1.081062691,arm64,200,UCB1,1160.5482859999938
1787824535.4188044,linpack,0.735743339,amd64,200,UCB1,739.5010369999682
1787824535.6315737,arm_faster,0.792382022,arm64,200,UCB1,854.0574339999694
1787824535.7275622,amd_faster,0.662799293,amd64,200,UCB1,716.4888959999871
1787824536.1553793,linpack,0.732351806,amd64,200,UCB1,736.2345099999175
1787824536.331133,readdisk,1.041023004,arm64,200,UCB1,1092.60151400008
1787824536.4205434,arm_faster,0.723979553,arm64,200,UCB1,788.5457360000601
1787824536.458569,amd_faster,0.661061613,amd64,200,UCB1,730.6910060000291
1787824536.8908086,linpack,0.731326913,amd64,200,UCB1,735.0049529999296
1787824537.1902285,amd_faster,0.660584749,amd64,200,UCB1,731.2395459999834
1787824537.3186755,arm_faster,0.842443893,arm64,200,UCB1,897.7224489999571
1787824537.4245474,readdisk,1.041602964,arm64,200,UCB1,1093.0693400000564
1787824537.535921,chacha20,2.161342742,arm64,200,UCB1,2212.585312999977
1787824537.641369,linpack,0.746423431,amd64,200,UCB1,750.2510740000616
1787824537.9116802,amd_faster,0.660249262,amd64,200,UCB1,721.1284759999899
1787824538.095617,arm_faster,0.722560514,arm64,200,UCB1,776.5245509999659
1787824538.3848097,linpack,0.739295181,amd64,200,UCB1,743.016707000038
1787824538.519015,readdisk,1.041413005,arm64,200,UCB1,1093.8762240000415
1787824538.6280444,amd_faster,0.662749835,amd64,200,UCB1,715.9544249999499
1787824538.6778727,chacha20,1.080697811,arm64,200,UCB1,1141.5533470000128
1787824538.88391,arm_faster,0.739077791,arm64,200,UCB1,787.801834999982
1787824539.125149,linpack,0.736023738,amd64,200,UCB1,739.9692189999314
1787824539.3501732,amd_faster,0.663123224,amd64,200,UCB1,721.8101160000288
1787824539.6202822,readdisk,1.042401685,arm64,200,UCB1,1100.9120600000415
1787824539.6790926,arm_faster,0.74188299,arm64,200,UCB1,794.8284909999757
1787824539.8693018,linpack,0.739832284,amd64,200,UCB1,743.8151740000194
1787824540.0717976,amd_faster,0.661811458,amd64,200,UCB1,721.0080339999649
1787824540.4565682,arm_faster,0.724610434,arm64,200,UCB1,777.160460999994
1787824540.6148021,linpack,0.741408514,amd64,200,UCB1,745.1259179999852
1787824540.7212663,readdisk,1.042284404,arm64,200,UCB1,1100.6717849999177
1787824540.789323,amd_faster,0.66529267,amd64,200,UCB1,717.191517999936
1787824541.186566,chacha20,2.4497221319999998,arm64,200,UCB1,2508.3790239999644
1787824541.2317872,arm_faster,0.724286993,arm64,200,UCB1,774.7324340000432
1787824541.3519742,linpack,0.73322118,amd64,200,UCB1,736.831326000015
1787824541.820109,readdisk,1.043064364,arm64,200,UCB1,1098.5316820000435
1787824541.8492763,amd_faster,0.936793945,arm64,200,UCB1,1059.646421000025
1787824541.8593102,primenumber,16.539000964,arm64,200,UCB1,16608.88059399997
1787824542.0944843,linpack,0.738362277,amd64,200,UCB1,742.190785000048
1787824542.1480708,arm_faster,0.85918861,arm64,200,UCB1,915.9323149999636
1787824542.455663,chacha20,1.215940267,arm64,200,UCB1,1268.687698000008
1787824542.5863488,amd_faster,0.661879255,amd64,200,UCB1,736.7100720000508
1787824542.8345456,linpack,0.735665821,amd64,200,UCB1,739.7246209999366
1787824542.912655,readdisk,1.041795404,arm64,200,UCB1,1092.224637000072
1787824542.9545205,arm_faster,0.752455268,arm64,200,UCB1,806.1336850000771
1787824543.2985907,amd_faster,0.660916115,amd64,200,UCB1,711.8691539999418
1787824543.572567,linpack,0.734022108,amd64,200,UCB1,737.6420399999688
1787824543.657509,chacha20,1.14837548,arm64,200,UCB1,1201.4309930000309
1787824543.827834,arm_faster,0.80480442,arm64,200,UCB1,872.9357959999788
1787824544.0089512,readdisk,1.039103685,arm64,200,UCB1,1095.8553169999732
1787824544.0112443,amd_faster,0.662377992,amd64,200,UCB1,712.2773300000063
1787824544.3098552,linpack,0.733188219,amd64,200,UCB1,736.7867660000229
1787824544.643219,arm_faster,0.760448787,arm64,200,UCB1,815.0538209999922
1787824544.7863462,amd_faster,0.662548989,amd64,200,UCB1,774.7947169999634
1787824545.043984,linpack,0.730176954,amd64,200,UCB1,733.797779999918
1787824545.102439,readdisk,1.039568261,arm64,200,UCB1,1093.157968000014
1787824545.434344,arm_faster,0.729314472,arm64,200,UCB1,790.807520000044
1787824545.5038831,amd_faster,0.665774996,amd64,200,UCB1,717.1485459999758
1787824545.780369,linpack,0.731745875,amd64,200,UCB1,736.0688160000564
1787824545.7966466,chacha20,2.086590596,arm64,200,UCB1,2138.8223359999756
1787824546.2050643,readdisk,1.042865477,arm64,200,UCB1,1102.3098239999172
1787824546.2143197,arm_faster,0.728646193,arm64,200,UCB1,779.6575070000245
1787824546.2192822,amd_faster,0.662233714,amd64,200,UCB1,715.0897249999844
1787824546.3190815,readmemory,12.130455606,amd64,200,UCB1,12246.54603700003
1787824546.517076,linpack,0.732350263,amd64,200,UCB1,736.3739910000504
1787824547.02219,amd_faster,0.664146874,amd64,200,UCB1,802.5963769999862
1787824547.033336,chacha20,1.178990834,arm64,200,UCB1,1236.2835530000211
1787824547.1434417,arm_faster,0.834273574,arm64,200,UCB1,928.7966350000261
1787824547.2551599,linpack,0.734170245,amd64,200,UCB1,737.7703629999814
1787824547.3030646,readdisk,1.042707398,arm64,200,UCB1,1097.6488069999277
1787824547.7384992,amd_faster,0.662004585,amd64,200,UCB1,715.9883799999989
1787824547.9179046,arm_faster,0.721865474,arm64,200,UCB1,774.0554719999864
1787824547.9918983,linpack,0.732365007,amd64,200,UCB1,736.3159200000382
1787824548.2103286,chacha20,1.077727012,arm64,200,UCB1,1176.6808400000173
1787824548.4036872,readdisk,1.043559117,arm64,200,UCB1,1100.3004789999977
1787824548.4584615,amd_faster,0.664681303,amd64,200,UCB1,719.6725850000121
1787824548.7139454,arm_faster,0.74494707,arm64,200,UCB1,795.7269770000721
1787824548.7264097,linpack,0.729976438,amd64,200,UCB1,734.2101899999989
1787824549.1871312,amd_faster,0.662301955,amd64,200,UCB1,728.358807999939
1787824549.3591897,chacha20,1.08564501,arm64,200,UCB1,1148.5449929999731
1787824549.4925768,linpack,0.715911041,amd64,200,UCB1,765.8551889999217
1787824549.5162258,readdisk,1.041779717,arm64,200,UCB1,1112.1316060000481
1787824549.573199,arm_faster,0.797692581,arm64,200,UCB1,858.9333810000426
1787824549.8978531,amd_faster,0.659745071,amd64,200,UCB1,710.305002000041
1787824550.2334864,linpack,0.736914019,amd64,200,UCB1,740.572162000035
1787824550.358968,arm_faster,0.730436312,arm64,200,UCB1,785.4412610000736
1787824550.4932747,chacha20,1.074860012,arm64,200,UCB1,1133.7813119999964
1787824550.6095335,amd_faster,0.661051715,amd64,200,UCB1,711.3322850000259
1787824550.6128545,readdisk,1.040906837,arm64,200,UCB1,1096.2550169999759
1787824550.9720228,linpack,0.73447872,amd64,200,UCB1,738.1941439999764
1787824551.2561357,arm_faster,0.844471533,arm64,200,UCB1,896.8412919999764
1787824551.325306,amd_faster,0.66547091,amd64,200,UCB1,715.377879000016
1787824551.7165728,linpack,0.739046033,amd64,200,UCB1,744.2558840000402
1787824551.7528975,readdisk,1.040707197,arm64,200,UCB1,1139.6010079999996
1787824552.0412517,amd_faster,0.662594536,amd64,200,UCB1,715.5966999999919
1787824552.055422,arm_faster,0.746386189,arm64,200,UCB1,798.9676440000721
1787824552.2256563,thread,19.979560032,arm64,200,UCB1,20029.01310900006
1787824552.3556778,chacha20,1.800757406,arm64,200,UCB1,1862.0985300000257
1787824552.760059,amd_faster,0.661089261,amd64,200,UCB1,718.4864839999818
1787824552.846231,readdisk,1.040887878,arm64,200,UCB1,1093.0018750000272
1787824552.8711686,arm_faster,0.721529714,arm64,200,UCB1,815.4171840000117
1787824553.1236553,linpack,1.4029529649999999,amd64,200,UCB1,1406.6506579999896
1787824553.4892747,amd_faster,0.661957428,amd64,200,UCB1,728.916197999979
1787824553.6860042,arm_faster,0.723686394,arm64,200,UCB1,814.517310000042
1787824553.9433808,readdisk,1.041153158,arm64,200,UCB1,1096.8400650000376
1787824554.2056642,amd_faster,0.66173606,amd64,200,UCB1,716.0807259999729
1787824554.2609298,chacha20,1.849500597,arm64,200,UCB1,1904.804811999952
1787824554.4613316,arm_faster,0.723561953,arm64,200,UCB1,774.9930139999606
1787824554.8477864,linpack,1.719499267,amd64,200,UCB1,1723.6340189999737
1787824554.936309,amd_faster,0.664652199,amd64,200,UCB1,730.2236810000977
1787824555.038212,readdisk,1.039955958,arm64,200,UCB1,1094.5061249999526
1787824555.2487774,arm_faster,0.725815474,arm64,200,UCB1,787.0079950000672
1787824555.3934042,chacha20,1.070348813,arm64,200,UCB1,1132.1577869999828
1787824555.6540253,amd_faster,0.662564568,amd64,200,UCB1,717.3776469999211
1787824556.0299191,arm_faster,0.726156913,arm64,200,UCB1,780.8115359999874
1787824556.1419892,readdisk,1.040393678,arm64,200,UCB1,1103.456921999964
1787824556.3679097,amd_faster,0.661929222,amd64,200,UCB1,713.4820660000969
1787824556.5198321,chacha20,1.072215053,arm64,200,UCB1,1126.0390300000154
1787824556.742965,readmemory,10.335202587,arm64,200,UCB1,10423.567965000075
1787824556.8081605,arm_faster,0.723707513,arm64,200,UCB1,777.9148209999676
1787824556.859171,linpack,2.007311213,amd64,200,UCB1,2011.0458249999965
1787824557.0842648,amd_faster,0.665217495,amd64,200,UCB1,716.0203320000846
1787824557.2434497,readdisk,1.042667918,arm64,200,UCB1,1101.1414729999842
1787824557.580597,arm_faster,0.721786674,arm64,200,UCB1,772.1421950000149
1787824557.6460729,chacha20,1.074713812,arm64,200,UCB1,1125.9105520000503
1787824557.7955592,amd_faster,0.66098248,amd64,200,UCB1,710.969068000054
1787824558.3461258,readdisk,1.039456038,arm64,200,UCB1,1102.3604789999126
1787824558.3576539,arm_faster,0.723819234,arm64,200,UCB1,776.649539999994
1787824558.416682,filehandle,29.567139598,arm64,200,UCB1,29571.011070000055
1787824558.5075827,amd_faster,0.660370638,amd64,200,UCB1,711.6847869999674
1787824558.5240955,primenumber,16.549241283,arm64,200,UCB1,16664.47918899996
1787824558.720284,chacha20,1.022698742,arm64,200,UCB1,1073.8979770000014
1787824559.1041586,linpack,2.240879945,amd64,200,UCB1,2244.670150000047
1787824559.1776762,arm_faster,0.720783154,arm64,200,UCB1,819.6162299999514
1787824559.2383547,amd_faster,0.663129764,amd64,200,UCB1,730.4050709999501
1787824559.442871,readdisk,1.041743837,arm64,200,UCB1,1096.3275179999528
1787824559.7765274,chacha20,1.006570104,arm64,200,UCB1,1055.9246350001104
1787824559.9498217,amd_faster,0.661003241,amd64,200,UCB1,711.032644999932
1787824559.9516134,arm_faster,0.720600155,arm64,200,UCB1,773.5399240000334
1787824560.537178,readdisk,1.040828478,arm64,200,UCB1,1093.9808950000725
1787824560.6776848,amd_faster,0.664331895,amd64,200,UCB1,727.5515289999248
1787824560.788261,arm_faster,0.723422113,arm64,200,UCB1,836.3289590000704
1787824561.3922048,amd_faster,0.662253203,amd64,200,UCB1,714.1003110000383
1787824561.5636463,arm_faster,0.722850674,arm64,200,UCB1,775.0475709999591
1787824561.636225,readdisk,1.041923797,arm64,200,UCB1,1098.730398999919
1787824561.6443746,linpack,2.536382882,amd64,200,UCB1,2539.902309000013
1787824561.7515595,chacha20,1.922733384,arm64,200,UCB1,1974.6589719999292
1787824562.1110027,amd_faster,0.662208776,amd64,200,UCB1,718.469013999993
1787824562.3361099,arm_faster,0.721969994,arm64,200,UCB1,772.0429240000612
1787824562.7331173,readdisk,1.039683798,arm64,200,UCB1,1096.5822509999725
1787824562.8094738,chacha20,1.003780905,arm64,200,UCB1,1057.4766510000018
1787824562.8403828,amd_faster,0.662763706,amd64,200,UCB1,729.0428969999994
1787824563.1141183,arm_faster,0.720756314,arm64,200,UCB1,777.6914889999489
1787824563.5834816,amd_faster,0.661596155,amd64,200,UCB1,742.8009230000043
1787824563.8255677,readdisk,1.040156838,arm64,200,UCB1,1092.1055759999945
1787824563.8731587,chacha20,1.000697025,arm64,200,UCB1,1063.3426999999074
1787824563.886075,arm_faster,0.720971395,arm64,200,UCB1,771.6269439999905
1787824564.1488345,linpack,2.45399523,amd64,200,UCB1,2504.0397049999683
1787824564.3066027,amd_faster,0.661143951,amd64,200,UCB1,722.8021029999354
1787824564.7035203,arm_faster,0.722124394,arm64,200,UCB1,817.1237010000141
1787824564.9236705,readdisk,1.042581797,arm64,200,UCB1,1097.7554800000462
1787824565.0202909,amd_faster,0.661396671,amd64,200,UCB1,713.2676530000026
1787824565.4801798,arm_faster,0.721467154,arm64,200,UCB1,776.3163530000838
1787824565.7385213,amd_faster,0.664291139,amd64,200,UCB1,717.8541610001048
1787824565.8506014,chacha20,1.921548305,arm64,200,UCB1,1977.0984390000876
1787824566.016591,readdisk,1.041535638,arm64,200,UCB1,1092.4804290000338
1787824566.2516642,arm_faster,0.721858354,arm64,200,UCB1,771.1496709999892
1787824566.4602132,amd_faster,0.663696024,amd64,200,UCB1,721.3786209999853
1787824566.9036713,chacha20,1.001122706,arm64,200,UCB1,1052.6674479999656
1787824567.0221722,arm_faster,0.721046674,arm64,200,UCB1,770.0461580000137
1787824567.1134686,readdisk,1.043944317,arm64,200,UCB1,1096.5204010000207
1787824567.1424053,readmemory,10.333773265,arm64,200,UCB1,10399.119812000095
1787824567.1781986,amd_faster,0.6623766,amd64,200,UCB1,717.676521000044
1787824567.418793,linpack,3.265148638,amd64,200,UCB1,3269.5022269999754
1787824567.7933254,arm_faster,0.720727874,arm64,200,UCB1,770.8113950000097
1787824567.9375591,amd_faster,0.663715987,amd64,200,UCB1,759.0083670000922
1787824567.9615135,chacha20,1.003278185,arm64,200,UCB1,1057.39258899996
1787824568.2091203,readdisk,1.042852558,arm64,200,UCB1,1095.3310129999636
1787824568.5685315,arm_faster,0.722725434,arm64,200,UCB1,774.8509580000018
1787824568.6683447,amd_faster,0.661478957,amd64,200,UCB1,730.4497369999581
1787824569.3025196,readdisk,1.040910438,arm64,200,UCB1,1093.0839659999947
1787824569.3431401,arm_faster,0.721097474,arm64,200,UCB1,774.2761599999994
1787824569.3805645,amd_faster,0.661145519,amd64,200,UCB1,711.8755279999505
1787824570.1389248,chacha20,2.080114037,arm64,200,UCB1,2176.970075999975
1787824570.1410465,amd_faster,0.664614174,amd64,200,UCB1,760.1151259999597
1787824570.2128496,arm_faster,0.721403194,arm64,200,UCB1,869.3055640000011
1787824570.3973906,readdisk,1.039680078,arm64,200,UCB1,1094.4617420000213
1787824570.6481903,linpack,3.224447734,amd64,200,UCB1,3229.074988999969
1787824570.9145079,amd_faster,0.664956922,amd64,200,UCB1,772.7803740000354
1787824571.0199144,arm_faster,0.721951154,arm64,200,UCB1,806.619527999942
1787824571.20033,chacha20,1.002152745,arm64,200,UCB1,1061.0845980000931
1787824571.4931996,readdisk,1.039886598,arm64,200,UCB1,1095.491217000017
1787824571.632387,amd_faster,0.664180168,amd64,200,UCB1,717.5898699999834
1787824571.7928233,arm_faster,0.722401914,arm64,200,UCB1,772.483856000008
1787824572.2688138,chacha20,1.016623423,arm64,200,UCB1,1068.0832259999988
1787824572.34601,amd_faster,0.661750431,amd64,200,UCB1,713.2963940000536
1787824572.5695322,arm_faster,0.722361153,arm64,200,UCB1,776.3512459999902
1787824572.6784775,readdisk,1.041420797,arm64,200,UCB1,1184.956394999972
1787824573.0674653,amd_faster,0.664809725,amd64,200,UCB1,721.1148570000887
1787824573.3566763,arm_faster,0.722024474,arm64,200,UCB1,786.7905789998986
1787824573.7701669,readdisk,1.039389918,arm64,200,UCB1,1091.3744450000422
1787824573.782116,amd_faster,0.660892754,amd64,200,UCB1,714.3143139999211
1787824574.0084567,linpack,3.35613333,amd64,200,UCB1,3359.942075000049
1787824574.1328583,arm_faster,0.721819794,arm64,200,UCB1,775.6927440000254
1787824574.3966153,chacha20,2.053983761,arm64,200,UCB1,2127.4536209999724
1787824574.541658,amd_faster,0.661724554,amd64,200,UCB1,759.2353249999633
1787824574.864021,readdisk,1.040590837,arm64,200,UCB1,1093.3078319999368
1787824574.908384,arm_faster,0.721380314,arm64,200,UCB1,775.1871570000048
1787824575.1814947,primenumber,16.557610459,arm64,200,UCB1,16657.05570399996
1787824575.4510202,chacha20,1.002678345,arm64,200,UCB1,1054.0378670000337
1787824575.5340662,amd_faster,0.938437215,arm64,200,UCB1,991.9667320000372
1787824575.7013757,arm_faster,0.720412675,arm64,200,UCB1,792.6641379999637
1787824575.9638903,readdisk,1.0403273180000001,arm64,200,UCB1,1099.418313000001
1787824576.2459981,amd_faster,0.660626836,amd64,200,UCB1,711.6025360001004
1787824576.4854105,arm_faster,0.721149394,arm64,200,UCB1,783.7106299999732
1787824576.9605477,amd_faster,0.661425698,amd64,200,UCB1,714.192470999933
1787824577.057014,readdisk,1.041140358,arm64,200,UCB1,1092.7865390000306
1787824577.2563207,arm_faster,0.721021248,arm64,200,UCB1,770.5586889999267
1787824577.3345451,linpack,3.322112036,amd64,200,UCB1,3325.7638329999963
1787824577.549319,readmemory,10.331874085,arm64,200,UCB1,10406.584245999966
1787824577.6738565,amd_faster,0.663047666,amd64,200,UCB1,712.9028780000226
1787824578.0285885,thread,25.652764505,amd64,200,UCB1,25802.523203999954
1787824578.0322165,arm_faster,0.722506528,arm64,200,UCB1,775.5926569999474
1787824578.0544066,chacha20,2.54113584,arm64,200,UCB1,2603.0630839999276
1787824578.1498737,readdisk,1.040564477,arm64,200,UCB1,1092.4609059999284
1787824578.3868315,amd_faster,0.661150738,amd64,200,UCB1,712.5349329999153
1787824578.859461,arm_faster,0.720953048,arm64,200,UCB1,826.9033249999893
1787824579.0988848,amd_faster,0.660263332,amd64,200,UCB1,711.5953210000043
1787824579.1981666,chacha20,1.007575021,arm64,200,UCB1,1143.4213979999868
1787824579.280622,readdisk,1.041235157,arm64,200,UCB1,1130.4298930000414
1787824579.3226798,linpack,1.9840192650000001,amd64,200,UCB1,1987.72291399996
1787824579.6428413,arm_faster,0.722205808,arm64,200,UCB1,782.954817000018
1787824579.8116496,amd_faster,0.660466855,amd64,200,UCB1,712.4035659999208
1787824580.2616003,chacha20,1.010339779,arm64,200,UCB1,1063.1086160000223
1787824580.3834078,readdisk,1.041741237,arm64,200,UCB1,1102.364525999974
1787824580.4200542,arm_faster,0.720744328,arm64,200,UCB1,776.8760399999337
1787824580.5342407,amd_faster,0.661807488,amd64,200,UCB1,722.1901020000132
1787824580.9005866,linpack,1.557969284,amd64,200,UCB1,1577.4891169999137
1787824581.2069886,arm_faster,0.720289449,arm64,200,UCB1,786.6215430000238
1787824581.245865,amd_faster,0.660964796,amd64,200,UCB1,711.1716550000438
1787824581.4779696,readdisk,1.040992837,arm64,200,UCB1,1094.1685379999626
1787824581.9835763,amd_faster,0.664495513,amd64,200,UCB1,737.3640810000097
1787824581.9939306,arm_faster,0.723227367,arm64,200,UCB1,786.6077150000592
1787824582.3864775,chacha20,2.065639821,arm64,200,UCB1,2124.448562999987
1787824582.531814,linpack,1.626432897,amd64,200,UCB1,1630.7164730000068
1787824582.5735695,readdisk,1.041014837,arm64,200,UCB1,1095.2175810000426
1787824582.6956024,amd_faster,0.661638546,amd64,200,UCB1,711.628979000011
1787824582.8095648,arm_faster,0.724898207,arm64,200,UCB1,815.3057340000487
1787824583.4110968,amd_faster,0.664282262,amd64,200,UCB1,715.0618260000101
1787824583.5130126,chacha20,1.000541503,arm64,200,UCB1,1126.2164790000497
1787824583.584221,arm_faster,0.721027528,arm64,200,UCB1,774.2362559999947
1787824583.6675134,readdisk,1.041727518,arm64,200,UCB1,1093.5529200000929
1787824583.7660136,linpack,1.230010674,amd64,200,UCB1,1233.6893629999395
1787824584.127143,amd_faster,0.66316457,amd64,200,UCB1,715.7292489999918
1787824584.3562932,arm_faster,0.721591768,arm64,200,UCB1,771.7432350000308
1787824584.5725276,chacha20,1.005928021,arm64,200,UCB1,1059.2083199999252
1787824584.7605402,readdisk,1.040954798,arm64,200,UCB1,1092.7181970000674
1787824584.8507967,amd_faster,0.664718091,amd64,200,UCB1,723.2417799999666
1787824585.1345594,arm_faster,0.725674407,arm64,200,UCB1,777.9209660000106
1787824585.3758392,linpack,1.605651556,amd64,200,UCB1,1609.3420019999485
1787824585.5735161,amd_faster,0.661097882,amd64,200,UCB1,722.3862710000049
1787824585.8526049,readdisk,1.039690238,arm64,200,UCB1,1091.6773409999223
1787824585.9071054,arm_faster,0.721140928,arm64,200,UCB1,772.2053170000436
1787824586.28756,amd_faster,0.664030151,amd64,200,UCB1,713.719613999956
1787824586.68162,arm_faster,0.719810529,arm64,200,UCB1,774.1885450000154
1787824586.6836386,chacha20,2.055643145,arm64,200,UCB1,2110.7869799999435
1787824586.933681,linpack,1.553857685,amd64,200,UCB1,1557.4559359999967
1787824586.9482448,readdisk,1.040693798,arm64,200,UCB1,1095.238859999995
1787824587.0035763,amd_faster,0.665732688,amd64,200,UCB1,715.5926149999914
1787824587.4681108,arm_faster,0.721677608,arm64,200,UCB1,786.1233190000121
1787824587.7165735,amd_faster,0.661284175,amd64,200,UCB1,712.5409980000086
1787824587.7998564,chacha20,1.006388021,arm64,200,UCB1,1115.7279630000403
1787824588.0434518,readdisk,1.039217718,arm64,200,UCB1,1094.845810000038
1787824588.2453868,arm_faster,0.722057208,arm64,200,UCB1,776.9588390000308
1787824588.432616,amd_faster,0.664518788,amd64,200,UCB1,715.694204999977
1787824588.5254896,linpack,1.587327717,amd64,200,UCB1,1591.3879720000068
1787824589.0243025,arm_faster,0.722774848,arm64,200,UCB1,778.589191999913
1787824589.1415436,readdisk,1.040296917,arm64,200,UCB1,1097.721379999939
1787824589.147291,amd_faster,0.663270954,amd64,200,UCB1,714.2795690000412
1787824589.399213,thread,11.312674937,arm64,200,UCB1,11370.197113000017
1787824589.6944382,readmemory,12.092287986,amd64,200,UCB1,12144.80317999994
1787824589.8037925,arm_faster,0.724085687,arm64,200,UCB1,779.0607670000327
1787824589.9042323,amd_faster,0.662095751,amd64,200,UCB1,756.620106000014
1787824590.0480897,linpack,1.5184182499999999,amd64,200,UCB1,1522.2650299999714
1787824590.2365413,readdisk,1.041173758,arm64,200,UCB1,1094.5805860000064
1787824590.340074,chacha20,2.482877385,arm64,200,UCB1,2539.869426999985
1787824590.5762153,arm_faster,0.721991008,arm64,200,UCB1,772.1069549999129
1787824590.619874,amd_faster,0.665394011,amd64,200,UCB1,715.2515069999481
1787824591.3292558,readdisk,1.040357718,arm64,200,UCB1,1092.330860000061
1787824591.3380811,amd_faster,0.6616283,amd64,200,UCB1,717.8834820000475
1787824591.3501682,arm_faster,0.721553048,arm64,200,UCB1,773.6248080000223
1787824591.8320587,linpack,1.779771691,amd64,200,UCB1,1783.6265729999923
1787824591.873663,primenumber,16.541873216,arm64,200,UCB1,16691.84167600008
1787824592.0847754,chacha20,1.610112665,amd64,200,UCB1,1744.3026089999876
1787824592.1077886,amd_faster,0.662346301,amd64,200,UCB1,769.2692150000084
1787824592.2156775,arm_faster,0.721682088,arm64,200,UCB1,865.1866729999256
1787824592.428157,readdisk,1.041523758,arm64,200,UCB1,1098.559160999912
1787824592.84904,amd_faster,0.662360015,amd64,200,UCB1,740.9007769999789
1787824592.9913833,arm_faster,0.720337609,arm64,200,UCB1,775.3065709999873
1787824593.1453311,chacha20,1.006317101,arm64,200,UCB1,1060.220117999961
1787824593.5254853,readdisk,1.0409185970000001,arm64,200,UCB1,1097.003872000073
1787824593.5495558,linpack,1.713010903,amd64,200,UCB1,1717.1854929999881
1787824593.573402,amd_faster,0.66430117,amd64,200,UCB1,724.0577359999634
1787824593.7757792,arm_faster,0.721584608,arm64,200,UCB1,784.0485809999791
1787824594.2965002,amd_faster,0.659782884,amd64,200,UCB1,722.7918510000109
1787824594.3633075,chacha20,1.162712922,arm64,200,UCB1,1217.6479579999295
1787824594.5522344,arm_faster,0.723082168,arm64,200,UCB1,776.11828900001
1787824594.6204338,readdisk,1.041130118,arm64,200,UCB1,1094.6144719999893
1787824595.0099254,amd_faster,0.661888377,amd64,200,UCB1,712.8406710000945
1787824595.0659935,linpack,1.486012661,amd64,200,UCB1,1515.9978169999704
1787824595.328827,arm_faster,0.720640808,arm64,200,UCB1,776.1747339999374
1787824595.4220347,chacha20,1.003067942,arm64,200,UCB1,1058.3922590000157
1787824595.7128327,readdisk,1.039438358,arm64,200,UCB1,1092.0039950000273
1787824595.728817,amd_faster,0.662033122,amd64,200,UCB1,718.4468189999507
1787824596.1005166,arm_faster,0.721259888,arm64,200,UCB1,771.3291080000317
1787824596.4816675,amd_faster,0.663953031,amd64,200,UCB1,752.5425589999486
1787824596.4879453,chacha20,1.013686258,arm64,200,UCB1,1065.5998959999806
1787824596.7428238,linpack,1.6722088560000001,amd64,200,UCB1,1676.3937629999646
1787824596.8120887,readdisk,1.043057878,arm64,200,UCB1,1098.938870999973
1787824596.8804896,arm_faster,0.719823569,arm64,200,UCB1,779.6266290000631
1787824597.1995542,amd_faster,0.664486691,amd64,200,UCB1,717.455426000015
1787824597.5890353,chacha20,1.003695342,arm64,200,UCB1,1100.7760600000438
1787824597.6668475,arm_faster,0.720815128,arm64,200,UCB1,785.96324800003
1787824597.9121013,readdisk,1.041992878,arm64,200,UCB1,1099.7017939999978
1787824597.9152176,amd_faster,0.662468133,amd64,200,UCB1,715.3100939999604
1787824598.3589182,linpack,1.6118917499999998,amd64,200,UCB1,1615.6202129999429
1787824598.4493403,arm_faster,0.722368407,arm64,200,UCB1,782.1733669999276
1787824598.6443446,chacha20,1.003081942,arm64,200,UCB1,1054.9860169999192
1787824598.6873767,amd_faster,0.666073102,amd64,200,UCB1,771.8868250000241
1787824599.0091093,readdisk,1.042703278,arm64,200,UCB1,1096.691705000012
1787824599.2286248,arm_faster,0.724445967,arm64,200,UCB1,778.9399020000474
1787824599.4075778,amd_faster,0.66077014,amd64,200,UCB1,719.8533939999834
1787824599.9558141,linpack,1.591476914,amd64,200,UCB1,1596.4757699999836
1787824599.9931643,chacha20,1.296118552,arm64,200,UCB1,1348.4817190000058
1787824600.0043192,arm_faster,0.721186329,arm64,200,UCB1,775.2683699999352
1787824600.0894034,readmemory,10.332103325,arm64,200,UCB1,10394.624080999962
1787824600.1094213,readdisk,1.041974837,arm64,200,UCB1,1099.9769609999248
1787824600.1241117,amd_faster,0.664999526,amd64,200,UCB1,716.1045610000656
1787824600.8276331,arm_faster,0.720622968,arm64,200,UCB1,822.9265079999095
1787824600.922255,amd_faster,0.661404164,amd64,200,UCB1,797.812224999916
1787824600.9403853,thread,11.489372231,arm64,200,UCB1,11540.878404999945
1787824601.2515736,readdisk,1.041160918,arm64,200,UCB1,1141.8017959999816
1787824601.5206602,linpack,1.5607641920000002,amd64,200,UCB1,1564.5186240000157
1787824601.6031911,arm_faster,0.725108447,arm64,200,UCB1,775.1676150001003
1787824601.6382859,amd_faster,0.661853891,amd64,200,UCB1,715.7379989999981
1787824602.360368,readdisk,1.042977277,arm64,200,UCB1,1108.3705109999755
1787824602.3803918,arm_faster,0.717083969,arm64,200,UCB1,776.6746319999811
1787824602.3909123,amd_faster,0.664312508,amd64,200,UCB1,752.2879010000452
1787824602.6301033,chacha20,2.580329628,arm64,200,UCB1,2636.609634000024
1787824603.1443827,linpack,1.6189978,amd64,200,UCB1,1623.319145000096
1787824603.1900175,amd_faster,0.663995494,amd64,200,UCB1,798.78614200004
1787824603.2012577,arm_faster,0.723164728,arm64,200,UCB1,820.3920550000703
1787824603.4696586,readdisk,1.041435158,arm64,200,UCB1,1108.968553000068
1787824603.694883,chacha20,1.010637219,arm64,200,UCB1,1064.3934380000246
1787824603.9096725,amd_faster,0.663510519,amd64,200,UCB1,719.3468319999283
1787824604.0204976,arm_faster,0.722205928,arm64,200,UCB1,818.9378669999314
1787824604.5720224,readdisk,1.041370718,arm64,200,UCB1,1101.9413870000108
1787824604.6225014,amd_faster,0.661478443,amd64,200,UCB1,712.4591660000306
1787824604.6975331,linpack,1.549030803,amd64,200,UCB1,1552.828303999945
1787824604.7591069,chacha20,1.006443541,arm64,200,UCB1,1063.9091140000119
1787824604.7967594,arm_faster,0.720736249,arm64,200,UCB1,775.8653949999825
1787824605.3381307,amd_faster,0.663680617,amd64,200,UCB1,715.2932069999451
1787824605.5803428,arm_faster,0.719674689,arm64,200,UCB1,783.2678120000764
1787824605.6688771,readdisk,1.040784558,arm64,200,UCB1,1096.420265000006
1787824605.8118408,chacha20,1.002653782,arm64,200,UCB1,1052.3438239999905
1787824606.0675857,amd_faster,0.661882557,amd64,200,UCB1,729.1292630000044
1787824606.261088,linpack,1.558915404,amd64,200,UCB1,1563.1611129999783
1787824606.366448,arm_faster,0.721793928,arm64,200,UCB1,785.7888390000198
1787824606.778147,readdisk,1.042857917,arm64,200,UCB1,1108.931321
1787824606.7869194,amd_faster,0.665307265,amd64,200,UCB1,718.9081259999739
1787824606.8684797,chacha20,1.002483942,arm64,200,UCB1,1056.309050999971
1787824607.1375165,arm_faster,0.719242209,arm64,200,UCB1,770.7583490000616
1787824607.561072,amd_faster,0.661773682,amd64,200,UCB1,773.8343490000261
1787824607.873387,readdisk,1.041093798,arm64,200,UCB1,1094.9117289999322
1787824607.9140494,arm_faster,0.720298568,arm64,200,UCB1,776.1110679999774
1787824607.9612665,linpack,1.6961093200000001,amd64,200,UCB1,1699.8497679999218
1787824608.2824447,amd_faster,0.661243276,amd64,200,UCB1,721.0416190000615
1787824608.4778278,primenumber,16.549876895,arm64,200,UCB1,16603.685190999953
1787824608.7026558,arm_faster,0.723915367,arm64,200,UCB1,788.3123640000349
1787824608.8734703,chacha20,1.921755876,arm64,200,UCB1,2004.6456500000431
1787824608.9703968,readdisk,1.042764477,arm64,200,UCB1,1096.6915599999538
1787824608.9982512,amd_faster,0.664576712,amd64,200,UCB1,715.4797089999647
1787824609.4769838,arm_faster,0.719281969,arm64,200,UCB1,773.9220400000022
1787824609.5295715,linpack,1.549343248,amd64,200,UCB1,1567.9432640000641
1787824609.7363856,amd_faster,0.66399208,amd64,200,UCB1,737.8354579999495
1787824609.7774673,filehandle,51.317965578,amd64,200,UCB1,51360.32744700003
1787824609.9640236,chacha20,1.039276488,arm64,200,UCB1,1090.241348999939
1787824610.0608997,readdisk,1.039569307,arm64,200,UCB1,1090.0889060000054
1787824610.259904,arm_faster,0.724911687,arm64,200,UCB1,782.5246099999958
1787824610.2835126,linpack,0.747239028,amd64,200,UCB1,753.5412769999539
1787824610.4509883,amd_faster,0.661662019,amd64,200,UCB1,714.251392000051
1787824610.498142,readmemory,10.336735525,arm64,200,UCB1,10408.374894000077
1787824611.037623,linpack,0.723359213,amd64,200,UCB1,753.7928229999125
1787824611.1064186,chacha20,1.087751751,arm64,200,UCB1,1142.077233000009
1787824611.1559966,readdisk,1.04073123,arm64,200,UCB1,1094.7427439999728
1787824611.1654668,amd_faster,0.661608093,amd64,200,UCB1,714.152796999997
1787824611.1976492,arm_faster,0.884343147,arm64,200,UCB1,937.4295279999387
1787824611.7743866,linpack,0.731996669,amd64,200,UCB1,736.3532499999792
1787824611.9272683,amd_faster,0.66874613,amd64,200,UCB1,761.4922889999889
1787824612.0578191,arm_faster,0.752245316,arm64,200,UCB1,859.7080659999392
1787824612.2481828,readdisk,1.03889619,arm64,200,UCB1,1091.87402200007
1787824612.5121207,linpack,0.733847615,amd64,200,UCB1,737.4397620000082
1787824612.6476643,amd_faster,0.663521394,amd64,200,UCB1,720.0632090000454
1787824612.9117749,arm_faster,0.786173303,arm64,200,UCB1,853.5175490000029
1787824613.2489722,linpack,0.732779929,amd64,200,UCB1,736.5349090000564
1787824613.3332984,chacha20,2.173586141,arm64,200,UCB1,2226.5674269999636
1787824613.3404675,readdisk,1.04011215,arm64,200,UCB1,1091.9772190000003
1787824613.361528,amd_faster,0.661480294,amd64,200,UCB1,713.4743099999241
1787824613.6806815,thread,12.651040634,arm64,200,UCB1,12739.979474999927
1787824613.8314407,arm_faster,0.866982593,arm64,200,UCB1,919.3218249999973
1787824613.9828415,linpack,0.729334,amd64,200,UCB1,733.4652109999524
1787824614.4751544,readdisk,1.039449751,arm64,200,UCB1,1134.349109000027
1787824614.4835887,chacha20,1.096323867,arm64,200,UCB1,1149.91575800002
1787824614.4904604,amd_faster,0.937607175,arm64,200,UCB1,1128.5763629999792
1787824614.6183681,arm_faster,0.727344086,arm64,200,UCB1,786.5701960000706
1787824614.7211764,linpack,0.73432396,amd64,200,UCB1,738.0308279999781
1787824615.2921152,amd_faster,0.662246895,amd64,200,UCB1,801.3456390000329
1787824615.4551308,linpack,0.729503067,amd64,200,UCB1,733.636803999957
1787824615.4591453,arm_faster,0.774170148,arm64,200,UCB1,840.464423999947
1787824615.568001,readdisk,1.04146131,arm64,200,UCB1,1092.526993999968
1787824616.007059,amd_faster,0.664382719,amd64,200,UCB1,714.624361999995
1787824616.194616,linpack,0.734923197,amd64,200,UCB1,739.168859000074
1787824616.2626798,arm_faster,0.746050759,arm64,200,UCB1,803.2398069999545
1787824616.6642003,readdisk,1.04146051,arm64,200,UCB1,1095.8853509999926
1787824616.7265272,amd_faster,0.662632605,amd64,200,UCB1,719.1360169999825
1787824616.9360583,linpack,0.737404166,amd64,200,UCB1,741.0888399999749
1787824616.9602325,chacha20,2.383311342,arm64,200,UCB1,2476.266842999962
1787824617.0403454,arm_faster,0.725502887,arm64,200,UCB1,777.2612139999637
1787824617.4414387,amd_faster,0.662103241,amd64,200,UCB1,714.6254299999555
1787824617.6799147,linpack,0.739844518,amd64,200,UCB1,743.5493100000485
1787824617.758978,readdisk,1.04094847,arm64,200,UCB1,1094.448171999943
1787824618.0735266,arm_faster,0.967804156,arm64,200,UCB1,1032.8026540000792
1787824618.0932283,chacha20,1.077444514,arm64,200,UCB1,1132.6743230000602
1787824618.1686795,amd_faster,0.663460898,amd64,200,UCB1,726.921953000101
1787824618.414484,linpack,0.730707561,amd64,200,UCB1,734.2416290000529
1787824618.8562691,readdisk,1.041744711,arm64,200,UCB1,1096.9498200000771
1787824618.8928442,amd_faster,0.665204222,amd64,200,UCB1,723.6960239999917
1787824618.9425523,arm_faster,0.814156813,arm64,200,UCB1,868.6578519999557
1787824619.1511629,linpack,0.732301937,amd64,200,UCB1,736.3110399999186
1787824619.2826617,chacha20,1.103632424,arm64,200,UCB1,1189.1102600000067
1787824619.6241398,amd_faster,0.665518229,amd64,200,UCB1,730.9951400000045
1787824619.7344034,arm_faster,0.726441486,arm64,200,UCB1,791.5310500000032
1787824619.8843658,linpack,0.72925308,amd64,200,UCB1,732.8865760000554
1787824619.9473112,readdisk,1.038825311,arm64,200,UCB1,1090.733863999958
1787824620.3374832,amd_faster,0.661696374,amd64,200,UCB1,713.0343620000303
1787824620.5432856,arm_faster,0.754990235,arm64,200,UCB1,808.5403339999857
1787824620.6191385,linpack,0.730483931,amd64,200,UCB1,734.479747000023
1787824621.0455563,readdisk,1.04246043,arm64,200,UCB1,1097.9329540000435
1787824621.0521004,amd_faster,0.662995306,amd64,200,UCB1,714.3078519999335
1787824621.3267908,arm_faster,0.732627604,arm64,200,UCB1,783.1090700000232
1787824621.3563683,linpack,0.733137656,amd64,200,UCB1,736.9152329999906
1787824621.4753594,chacha20,2.137471195,arm64,200,UCB1,2192.296085999942
1787824621.8115005,amd_faster,0.661402199,amd64,200,UCB1,759.0831369999478
1787824622.1079276,linpack,0.729513756,amd64,200,UCB1,751.2511449999693
1787824622.1391199,arm_faster,0.762105673,arm64,200,UCB1,811.9957839999188
1787824622.1408584,readdisk,1.040748191,arm64,200,UCB1,1094.9197920000415
1787824622.52746,amd_faster,0.662542601,amd64,200,UCB1,715.6711220000034
1787824622.6170077,chacha20,1.090533909,arm64,200,UCB1,1141.3319249999176
1787824622.7310984,readmemory,12.12256593,amd64,200,UCB1,12232.619952999925
1787824622.8465462,linpack,0.734024515,amd64,200,UCB1,738.287248000006
1787824622.944459,arm_faster,0.752253236,arm64,200,UCB1,805.0293969999984
1787824623.2403858,amd_faster,0.661226845,amd64,200,UCB1,712.6143440000305
1787824623.281349,readdisk,1.040013231,arm64,200,UCB1,1140.2089089999663
1787824623.5856347,linpack,0.734464319,amd64,200,UCB1,738.7594369999988
1787824623.8232079,arm_faster,0.820023771,arm64,200,UCB1,878.4339629999067
1787824623.9572322,amd_faster,0.661735429,amd64,200,UCB1,716.5186529999801
1787824624.3248003,linpack,0.734942253,amd64,200,UCB1,738.7205989999757
1787824624.3974683,readdisk,1.042203431,arm64,200,UCB1,1115.7827619999807
1787824624.6074133,arm_faster,0.725090767,arm64,200,UCB1,783.8960799999768
1787824624.6768444,amd_faster,0.665743623,amd64,200,UCB1,719.2089640000177
1787824625.0660565,linpack,0.737275464,amd64,200,UCB1,740.8827859999292
1787824625.0748723,primenumber,16.545743287,arm64,200,UCB1,16596.64374199997
1787824625.1505363,chacha20,2.474871827,arm64,200,UCB1,2533.181507999984
1787824625.3855278,arm_faster,0.723331408,arm64,200,UCB1,777.7542480000648
1787824625.3893058,amd_faster,0.660484874,amd64,200,UCB1,712.1507699999938
1787824625.495625,readdisk,1.04218443,arm64,200,UCB1,1097.8369890000295
1787824626.1498322,amd_faster,0.662479473,amd64,200,UCB1,760.0935359999994
1787824626.160202,arm_faster,0.722148328,arm64,200,UCB1,774.2807299999868
1787824626.5893736,readdisk,1.038461951,arm64,200,UCB1,1093.328050000082
1787824626.6665332,chacha20,1.4551681109999999,amd64,200,UCB1,1515.5892410000433
1787824626.6678946,linpack,1.596978394,amd64,200,UCB1,1601.556864000031
1787824626.8634694,amd_faster,0.66310654,amd64,200,UCB1,713.3054610000045
1787824626.9766772,arm_faster,0.726098846,arm64,200,UCB1,816.15694300001
1787824627.5814328,amd_faster,0.66240044,amd64,200,UCB1,717.6392950000263
1787824627.6874115,readdisk,1.04220199,arm64,200,UCB1,1097.729166000022
1787824627.7594814,arm_faster,0.723809367,arm64,200,UCB1,782.4711349999234
1787824628.2244308,linpack,1.503860352,amd64,200,UCB1,1555.8841289999918
1787824628.3004804,amd_faster,0.661296987,amd64,200,UCB1,718.7134920000062
1787824628.3948298,chacha20,1.675520506,amd64,200,UCB1,1727.8488489999972
1787824628.5392606,arm_faster,0.728451966,arm64,200,UCB1,779.4565749999265
1787824628.7815292,readdisk,1.040043551,arm64,200,UCB1,1093.7756700000136
1787824628.960235,linpack,0.731814988,amd64,200,UCB1,735.4507459999695
1787824629.0305743,amd_faster,0.66182106,amd64,200,UCB1,729.7375379999949
1787824629.4265392,arm_faster,0.835863773,arm64,200,UCB1,886.9304789999433
1787824629.697973,linpack,0.733804417,amd64,200,UCB1,737.4361790000421
1787824629.7471783,amd_faster,0.663946485,amd64,200,UCB1,716.2382770000022
1787824629.880575,readdisk,1.04324079,arm64,200,UCB1,1098.696595999968
1787824630.2671387,arm_faster,0.787313455,arm64,200,UCB1,840.2053540000907
1787824630.289064,thread,16.485270112,arm64,200,UCB1,16607.98373199998
1787824630.4335153,linpack,0.731440735,amd64,200,UCB1,735.2282000000514
1787824630.4619095,amd_faster,0.660247567,amd64,200,UCB1,714.3507889999228
1787824630.7961833,chacha20,2.349887603,arm64,200,UCB1,2401.0249530000465
1787824630.9776285,readdisk,1.04332835,arm64,200,UCB1,1096.7059179999978
1787824631.122217,arm_faster,0.724880177,arm64,200,UCB1,854.7495520000439
1787824631.1805704,amd_faster,0.66299415,amd64,200,UCB1,718.3329760000561
1787824631.6518936,linpack,1.2144084689999999,amd64,200,UCB1,1217.9619920000277
1787824631.8978941,arm_faster,0.725268296,arm64,200,UCB1,775.2224470000328
1787824631.8991628,amd_faster,0.662781942,amd64,200,UCB1,718.2418399999051
1787824632.0708892,readdisk,1.04007047,arm64,200,UCB1,1092.7444999999807
1787824632.6620905,amd_faster,0.662176187,amd64,200,UCB1,762.2826240000222
1787824632.6768093,arm_faster,0.724371496,arm64,200,UCB1,778.4798799999635
1787824632.7069824,linpack,1.051079514,amd64,200,UCB1,1054.7127209999871
1787824632.8574443,chacha20,1.9967691749999998,amd64,200,UCB1,2060.9219319999283
1787824633.136565,readmemory,10.339533484,arm64,200,UCB1,10405.135386000096
1787824633.241021,readdisk,1.040913511,arm64,200,UCB1,1169.7936000000482
1787824633.3799903,amd_faster,0.660897266,amd64,200,UCB1,717.5870259999328
1787824633.99917,linpack,1.229932624,amd64,200,UCB1,1291.8649549999373
1787824634.1026697,amd_faster,0.662606362,amd64,200,UCB1,722.3617659999491
1787824634.303866,arm_faster,1.47188839,amd64,200,UCB1,1626.602643999945
1787824634.3396125,readdisk,1.04124515,arm64,200,UCB1,1098.2847220000167
1787824634.741295,linpack,0.738160463,amd64,200,UCB1,741.7744689998926
1787824634.8388476,amd_faster,0.661024748,amd64,200,UCB1,735.6366059999573
1787824635.1151993,arm_faster,0.751069135,arm64,200,UCB1,810.9778340000275
1787824635.393597,chacha20,2.460583279,arm64,200,UCB1,2535.822951
1787824635.452343,readdisk,1.03985127,arm64,200,UCB1,1112.3327970000219
1787824635.478445,linpack,0.732742153,amd64,200,UCB1,736.8140390000235
1787824635.56155,amd_faster,0.660027553,amd64,200,UCB1,722.3887949999153
1787824635.8964972,arm_faster,0.725281856,arm64,200,UCB1,780.9774860000971
1787824636.235533,linpack,0.724660493,amd64,200,UCB1,756.7733689999159
1787824636.2744112,amd_faster,0.662074899,amd64,200,UCB1,712.5171550000005
1787824636.541958,chacha20,1.082656645,arm64,200,UCB1,1147.9128450000644
1787824636.5509622,readdisk,1.041131471,arm64,200,UCB1,1098.3113730000014
1787824636.8065996,arm_faster,0.858934052,arm64,200,UCB1,909.8149809999541
1787824636.9736042,linpack,0.733806757,amd64,200,UCB1,737.7208499999597
1787824636.9955363,amd_faster,0.663387236,amd64,200,UCB1,720.7635759999675
1787824637.6276605,arm_faster,0.769797575,arm64,200,UCB1,820.6259950000003
1787824637.6871123,chacha20,1.086251845,arm64,200,UCB1,1144.8343509999859
1787824637.690596,readdisk,1.039893751,arm64,200,UCB1,1139.33501300005
1787824637.7170148,linpack,0.739388609,amd64,200,UCB1,743.0023900000151
1787824637.721163,amd_faster,0.662646928,amd64,200,UCB1,725.3256879999981
1787824638.4753244,arm_faster,0.793285494,arm64,200,UCB1,847.161501999949
1787824638.5012414,linpack,0.707832649,amd64,200,UCB1,783.9004410000143
1787824638.5100594,amd_faster,0.661792922,amd64,200,UCB1,788.592595999944
1787824638.83567,readdisk,1.04382775,arm64,200,UCB1,1144.688106999979
1787824639.107357,filehandle,29.314700752,arm64,200,UCB1,29329.57921299999
1787824639.2375526,amd_faster,0.660807956,amd64,200,UCB1,727.1369039999627
1787824639.254316,linpack,0.724647358,amd64,200,UCB1,752.7620469999192
1787824639.285794,arm_faster,0.757029215,arm64,200,UCB1,810.0427209999452
1787824639.9188802,chacha20,2.1783320489999998,arm64,200,UCB1,2231.3357509999605
1787824639.9307766,readdisk,1.040465511,arm64,200,UCB1,1094.619501000011
1787824639.9670827,amd_faster,0.661150268,amd64,200,UCB1,729.0265280000767
1787824640.024556,linpack,0.717193887,amd64,200,UCB1,769.9308349999683
1787824640.1168725,arm_faster,0.755050095,arm64,200,UCB1,830.6456799999751
1787824640.7364285,amd_faster,0.66334648,amd64,200,UCB1,769.0375089999861
1787824640.793445,linpack,0.718858195,amd64,200,UCB1,768.5145890000058
1787824640.9258273,arm_faster,0.758023815,arm64,200,UCB1,808.5291849999976
1787824641.0574684,chacha20,1.088532405,arm64,200,UCB1,1138.2600809999985
1787824641.0638871,readdisk,1.041530551,arm64,200,UCB1,1132.7051040000242
1787824641.449502,amd_faster,0.661193803,amd64,200,UCB1,712.7463099999432
1787824641.5343847,linpack,0.736295792,amd64,200,UCB1,740.6371780000427
1787824641.6804204,primenumber,16.550401043,arm64,200,UCB1,16605.233058999944
1787824641.7775767,arm_faster,0.797555611,arm64,200,UCB1,851.4230719999887
1787824642.1688395,amd_faster,0.661627213,amd64,200,UCB1,718.9082350000717
1787824642.2101521,readdisk,1.04209159,arm64,200,UCB1,1145.9419010000147
1787824642.2848516,linpack,0.746498999,amd64,200,UCB1,750.0534580000249
1787824642.6581395,arm_faster,0.822362201,arm64,200,UCB1,880.1825570000119
1787824642.891325,amd_faster,0.661396913,amd64,200,UCB1,722.133341000017
1787824643.0220573,linpack,0.733162267,amd64,200,UCB1,736.8648870000243
1787824643.321346,readdisk,1.041698351,arm64,200,UCB1,1110.8848389999366
1787824643.4322107,arm_faster,0.723172326,arm64,200,UCB1,773.7396500000386
1787824643.5296333,readmemory,10.338520547,arm64,200,UCB1,10392.715688999942
1787824643.5844214,chacha20,2.47377429,arm64,200,UCB1,2526.632425999992
1787824643.61048,amd_faster,0.664550758,amd64,200,UCB1,718.8309219999383
1787824643.7638144,linpack,0.737810131,amd64,200,UCB1,741.333055000041
1787824644.2744718,arm_faster,0.789223482,arm64,200,UCB1,841.8886910000083
1787824644.3630354,amd_faster,0.660156004,amd64,200,UCB1,752.2413939999524
1787824644.4210951,readdisk,1.04211127,arm64,200,UCB1,1099.426296000047
1787824644.5060601,linpack,0.737822767,amd64,200,UCB1,741.9208170000502
1787824644.8129678,chacha20,1.074421109,arm64,200,UCB1,1228.2247660000394
1787824645.0823774,amd_faster,0.662563483,amd64,200,UCB1,719.0312100000256
1787824645.0978608,arm_faster,0.771816323,arm64,200,UCB1,822.9444609999064
1787824645.2460923,linpack,0.736016875,amd64,200,UCB1,739.7005290000607
1787824645.5169058,readdisk,1.04152223,arm64,200,UCB1,1095.4069230000414
1787824645.7984586,amd_faster,0.664000608,amd64,200,UCB1,715.7823160000589
1787824645.9335148,arm_faster,0.750484965,arm64,200,UCB1,835.2951489999896
1787824645.9601617,chacha20,1.081046388,arm64,200,UCB1,1146.8664940000508
1787824645.9815674,linpack,0.731747119,amd64,200,UCB1,735.1619869999695
1787824646.513568,amd_faster,0.664765139,amd64,200,UCB1,714.7573780000585
1787824646.6164632,readdisk,1.04074275,arm64,200,UCB1,1099.2469729999357
1787824646.764509,linpack,0.720224186,amd64,200,UCB1,782.5413529999423
1787824646.797546,arm_faster,0.804369642,arm64,200,UCB1,863.7044340000557
1787824647.0844088,thread,16.703549654,arm64,200,UCB1,16795.05029300003
1787824647.2288232,amd_faster,0.662256864,amd64,200,UCB1,714.7297249999838
1787824647.5045273,linpack,0.736112953,amd64,200,UCB1,739.7118950000277
1787824647.6127858,arm_faster,0.760956044,arm64,200,UCB1,814.7518030000356
1787824647.709149,readdisk,1.04102319,arm64,200,UCB1,1092.3157539999693
1787824647.9439294,amd_faster,0.660664565,amd64,200,UCB1,714.676704999988
1787824648.2124808,chacha20,2.169253338,arm64,200,UCB1,2252.0061970000143
1787824648.241147,linpack,0.732645243,amd64,200,UCB1,736.2516989999222
1787824648.3915339,arm_faster,0.725079245,arm64,200,UCB1,778.412583999966
1787824648.660477,amd_faster,0.665709852,amd64,200,UCB1,716.2509650000857
1787824648.8089864,readdisk,1.038526631,arm64,200,UCB1,1099.5202400000608
1787824648.9995482,linpack,0.720311733,amd64,200,UCB1,758.0919690000201
1787824649.1764853,arm_faster,0.727402725,arm64,200,UCB1,784.6207689999574
1787824649.3725595,amd_faster,0.660628036,amd64,200,UCB1,711.7536830000972
1787824649.3860788,chacha20,1.108509227,arm64,200,UCB1,1173.248424999997
1787824649.7360704,linpack,0.732284298,amd64,200,UCB1,736.1747420000029
1787824649.900147,readdisk,1.038890271,arm64,200,UCB1,1090.7987089999551
1787824650.0055225,arm_faster,0.770341764,arm64,200,UCB1,828.7038240000584
1787824650.0882013,amd_faster,0.663850627,amd64,200,UCB1,715.2865259999999
1787824650.4756444,linpack,0.735689866,amd64,200,UCB1,739.2534419999492
1787824650.7009938,chacha20,1.221781662,arm64,200,UCB1,1314.5473209999636
1787824650.8118954,amd_faster,0.661186751,amd64,200,UCB1,723.262135999903
1787824650.8490381,arm_faster,0.788222163,arm64,200,UCB1,843.1601519999958
1787824651.0040143,readdisk,1.04006879,arm64,200,UCB1,1103.5316420000072
1787824651.2133384,linpack,0.733091727,amd64,200,UCB1,737.278157999981
1787824651.525481,amd_faster,0.662154274,amd64,200,UCB1,713.2896040000105
1787824651.7135437,arm_faster,0.795853002,arm64,200,UCB1,864.1906300000528
1787824651.8713703,chacha20,1.104413708,arm64,200,UCB1,1170.046606000028
1787824651.9485576,linpack,0.730621302,amd64,200,UCB1,734.8682210000561
1787824652.0966063,readdisk,1.03995263,arm64,200,UCB1,1092.273007000017
1787824652.2398129,amd_faster,0.664673027,amd64,200,UCB1,713.8962049999691
1787824652.662862,arm_faster,0.899154037,arm64,200,UCB1,948.8920009999902
1787824652.6874819,linpack,0.735305168,amd64,200,UCB1,738.6109330000181
1787824652.9546301,amd_faster,0.664123925,amd64,200,UCB1,714.4953950000854
1787824653.1230457,chacha20,1.188308743,arm64,200,UCB1,1251.3659569999618
1787824653.1886644,readdisk,1.04052099,arm64,200,UCB1,1091.6331180000043
1787824653.4467978,arm_faster,0.733690005,arm64,200,UCB1,783.5053070000413
1787824653.4480522,linpack,0.732499542,amd64,200,UCB1,760.288069000012
1787824653.672007,amd_faster,0.661374134,amd64,200,UCB1,716.9572359999847
1787824653.9176192,readmemory,10.334698508,arm64,200,UCB1,10387.544561000028
1787824654.2241614,linpack,0.725385581,amd64,200,UCB1,775.4786030000105
1787824654.2509902,chacha20,1.075016709,arm64,200,UCB1,1127.619697
1787824654.2821982,readdisk,1.04294147,arm64,200,UCB1,1093.1350899999188
1787824654.3895833,amd_faster,0.66133938,amd64,200,UCB1,717.232451999962
1787824654.3908572,arm_faster,0.892788398,arm64,200,UCB1,943.7634089999847
1787824654.970881,linpack,0.742150566,amd64,200,UCB1,746.2697640000897
1787824655.1111765,amd_faster,0.662734885,amd64,200,UCB1,721.223794000025
1787824655.3064132,arm_faster,0.809166282,arm64,200,UCB1,914.9244540000154
1787824655.3945982,readdisk,1.042314911,arm64,200,UCB1,1112.0610539999234
1787824655.7091334,linpack,0.733877176,amd64,200,UCB1,737.9257850000158
1787824655.8230295,amd_faster,0.660526183,amd64,200,UCB1,711.5236579999191
1787824656.1730287,arm_faster,0.805995522,arm64,200,UCB1,866.2654220000832
1787824656.2363439,chacha20,1.933390588,arm64,200,UCB1,1985.0019770000245
1787824656.4451098,linpack,0.731771999,amd64,200,UCB1,735.660158000087
1787824656.4923148,readdisk,1.04070507,arm64,200,UCB1,1097.3213769999575
1787824656.547405,amd_faster,0.66239705,amd64,200,UCB1,724.0789300000188
1787824656.9805117,arm_faster,0.756405924,arm64,200,UCB1,807.1478900000102
1787824657.1844878,linpack,0.735368541,amd64,200,UCB1,739.0398499999264
1787824657.2643507,amd_faster,0.663618367,amd64,200,UCB1,716.6170819999707
1787824657.3711286,chacha20,1.079183468,arm64,200,UCB1,1134.4644689999086
1787824657.588349,readdisk,1.041732511,arm64,200,UCB1,1095.7232739999654
1787824657.8886054,arm_faster,0.85470472,arm64,200,UCB1,907.7645480000456
1787824657.9282818,linpack,0.73936029,amd64,200,UCB1,743.4505009999839
1787824658.2532556,amd_faster,0.937135675,arm64,200,UCB1,988.5831520000465
1787824658.3512714,primenumber,16.536037724,arm64,200,UCB1,16670.54188299994
1787824658.6784034,linpack,0.732746471,amd64,200,UCB1,749.7772810000924
1787824658.6803296,readdisk,1.039700551,arm64,200,UCB1,1091.6833480000605
1787824658.7281096,arm_faster,0.783546763,arm64,200,UCB1,839.1261529999383
1787824658.9668183,amd_faster,0.661007565,amd64,200,UCB1,713.1580760000134
1787824659.4164853,linpack,0.733699859,amd64,200,UCB1,737.7075620000824
1787824659.5263238,arm_faster,0.735876685,arm64,200,UCB1,797.8716489999442
1787824659.67954,amd_faster,0.660765105,amd64,200,UCB1,712.3881709999296
1787824659.7724373,readdisk,1.041129231,arm64,200,UCB1,1091.7962949999946
1787824659.777792,chacha20,2.347355769,arm64,200,UCB1,2406.28535999997
1787824660.1551518,linpack,0.734566664,amd64,200,UCB1,738.2859009999265
1787824660.309917,arm_faster,0.726976245,arm64,200,UCB1,783.1836189999422
1787824660.3969772,amd_faster,0.660477172,amd64,200,UCB1,717.0890840000084
1787824660.8665123,readdisk,1.04131123,arm64,200,UCB1,1093.7397160000728
1787824660.8923054,linpack,0.73308597,amd64,200,UCB1,736.8278630000304
1787824661.0002356,chacha20,1.123565787,arm64,200,UCB1,1222.0997540000553
1787824661.0943425,arm_faster,0.723179405,arm64,200,UCB1,784.1075309999042
1787824661.1115506,amd_faster,0.662127906,amd64,200,UCB1,714.2494400000032
1787824661.6485415,linpack,0.727478176,amd64,200,UCB1,755.9240350000209
1787824661.8583465,amd_faster,0.663129574,amd64,200,UCB1,746.4545770000086
1787824661.909255,arm_faster,0.760755684,arm64,200,UCB1,814.585174000058
1787824661.9608867,readdisk,1.04117307,arm64,200,UCB1,1093.9520289999791
1787824662.1435294,chacha20,1.089627989,arm64,200,UCB1,1142.950355000039
1787824662.3988836,linpack,0.745558335,amd64,200,UCB1,749.8986499999774
1787824662.5703163,amd_faster,0.66034786,amd64,200,UCB1,711.6401950000864
1787824662.7894554,arm_faster,0.827548641,arm64,200,UCB1,879.9131519999719
1787824663.0565672,readdisk,1.041404871,arm64,200,UCB1,1095.3371640000569
1787824663.13566,linpack,0.732801089,amd64,200,UCB1,736.4093360000652
1787824663.2822354,amd_faster,0.660882567,amd64,200,UCB1,711.5532010000152
1787824663.287154,chacha20,1.087637909,arm64,200,UCB1,1143.2529759999852
1787824663.5989952,arm_faster,0.746114845,arm64,200,UCB1,809.2017769999984
1787824663.89106,linpack,0.751232061,amd64,200,UCB1,754.9622269999645
1787824664.0051942,amd_faster,0.664299333,amd64,200,UCB1,722.6026880000518
1787824664.1548972,readdisk,1.04068387,arm64,200,UCB1,1097.884023000006
1787824664.4072754,arm_faster,0.758087325,arm64,200,UCB1,807.9676119999704
1787824664.4751577,chacha20,1.084713268,arm64,200,UCB1,1187.696775000063
1787824664.6309948,linpack,0.735947751,amd64,200,UCB1,739.6361390000266
1787824664.7258573,amd_faster,0.662384261,amd64,200,UCB1,720.212978999939
1787824665.2212317,arm_faster,0.760876444,arm64,200,UCB1,813.6314500000026
1787824665.249557,readdisk,1.041382871,arm64,200,UCB1,1094.3107109999346
1787824665.3721192,linpack,0.736604021,amd64,200,UCB1,740.7852329999969
1787824665.4539099,amd_faster,0.663413562,amd64,200,UCB1,727.744615000006
1787824666.10257,readmemory,12.131905438,amd64,200,UCB1,12184.499159999974
1787824666.1032476,linpack,0.726534737,amd64,200,UCB1,730.861496999978
1787824666.141317,arm_faster,0.857353279,arm64,200,UCB1,919.7645919999786
1787824666.1666284,amd_faster,0.662003658,amd64,200,UCB1,712.3529589999862
1787824666.372435,readdisk,1.039557431,arm64,200,UCB1,1122.4076309999873
1787824666.6458304,chacha20,2.1175651,arm64,200,UCB1,2170.2781430000186
1787824666.8839173,linpack,0.723750018,amd64,200,UCB1,779.8472839999704
1787824666.9213371,amd_faster,0.661966329,amd64,200,UCB1,754.3108909999319
1787824666.959313,arm_faster,0.747361285,arm64,200,UCB1,817.668579000042
1787824667.4769456,readdisk,1.04084583,arm64,200,UCB1,1104.0623119999964
1787824667.565864,thread,20.429537513,arm64,200,UCB1,20481.06338000002
1787824667.6274548,linpack,0.738979897,amd64,200,UCB1,743.2169569999587
1787824667.6465573,amd_faster,0.664207071,amd64,200,UCB1,724.9266689999558
1787824667.7785401,chacha20,1.075712709,arm64,200,UCB1,1132.3595889999751
1787824667.802966,arm_faster,0.766523124,arm64,200,UCB1,843.3492880000131
1787824668.3581855,amd_faster,0.660726687,amd64,200,UCB1,711.2240999999813
1787824668.3611026,linpack,0.730201294,amd64,200,UCB1,733.3493999999519
1787824668.445984,filehandle,29.334661368,arm64,200,UCB1,29338.291829000013
1787824668.5729103,readdisk,1.04141475,arm64,200,UCB1,1095.5200170000126
1787824668.6498845,arm_faster,0.765110204,arm64,200,UCB1,846.4965740000707
1787824669.0693455,amd_faster,0.660430702,amd64,200,UCB1,710.8218760000682
1787824669.12568,linpack,0.715960603,amd64,200,UCB1,764.2805780000117
1787824669.4305158,arm_faster,0.725211446,arm64,200,UCB1,780.2889069999992
1787824669.6728473,readdisk,1.039527431,arm64,200,UCB1,1099.4889480000438
1787824669.783367,amd_faster,0.661072889,amd64,200,UCB1,713.691090999987
1787824669.8640685,linpack,0.733998928,amd64,200,UCB1,737.9568799999561
1787824670.2167926,chacha20,2.384608008,arm64,200,UCB1,2437.795434999998
1787824670.220838,arm_faster,0.726731845,arm64,200,UCB1,789.8488939999879
1787824670.5069854,amd_faster,0.664242462,amd64,200,UCB1,723.3203270000104
1787824670.5983176,linpack,0.7302304,amd64,200,UCB1,733.9523260000078
1787824670.7769663,readdisk,1.04347527,arm64,200,UCB1,1103.7919490000832
1787824671.143597,arm_faster,0.820866601,arm64,200,UCB1,922.2222070000043
1787824671.219118,amd_faster,0.661122309,amd64,200,UCB1,711.7799960000184
1787824671.3343644,linpack,0.732071216,amd64,200,UCB1,735.7194339999751
1787824671.4423854,chacha20,1.171496265,arm64,200,UCB1,1225.2220269999725
1787824671.8731973,readdisk,1.04140251,arm64,200,UCB1,1095.8990200000471
1787824671.9335248,amd_faster,0.660483318,amd64,200,UCB1,714.0907329999209
1787824671.9412425,arm_faster,0.740910445,arm64,200,UCB1,797.2130389999847
1787824672.0784633,linpack,0.739801867,amd64,200,UCB1,743.771283000001
1787824672.5863926,chacha20,1.087959869,arm64,200,UCB1,1143.6670589999949
1787824672.647415,amd_faster,0.660811658,amd64,200,UCB1,713.5982459999468
1787824672.7655237,arm_faster,0.728723125,arm64,200,UCB1,823.9523319999762
1787824672.819499,linpack,0.736589711,amd64,200,UCB1,740.699255000095
1787824672.9645653,readdisk,1.04098395,arm64,200,UCB1,1091.0545670000147
1787824673.3642583,amd_faster,0.659732008,amd64,200,UCB1,716.5144720000853
1787824673.5583458,linpack,0.73496478,amd64,200,UCB1,738.5330179999983
1787824673.6237805,arm_faster,0.805278921,arm64,200,UCB1,857.840038000063
1787824674.0585282,readdisk,1.040779506,arm64,200,UCB1,1093.535711999948
1787824674.081157,amd_faster,0.664125567,amd64,200,UCB1,716.5738720000263
1787824674.2963135,linpack,0.733428166,amd64,200,UCB1,737.6496619999671
1787824674.5142753,arm_faster,0.84000672,arm64,200,UCB1,890.1374979999446
1787824674.7734618,chacha20,2.137059859,arm64,200,UCB1,2186.7514640000536
1787824674.8309703,amd_faster,0.664759691,amd64,200,UCB1,749.4983349999984
1787824674.9431531,primenumber,16.534683245,arm64,200,UCB1,16591.564600000085
1787824675.1531594,readdisk,1.039659806,arm64,200,UCB1,1094.2876629999319
1787824675.3613613,arm_faster,0.793973962,arm64,200,UCB1,846.7386400000123
1787824675.4154315,linpack,1.115306183,amd64,200,UCB1,1118.7966489999326
1787824675.5675733,amd_faster,0.664670476,amd64,200,UCB1,736.307426000053
1787824676.1409402,arm_faster,0.726371765,arm64,200,UCB1,779.1592570000603
1787824676.2465854,readdisk,1.041241646,arm64,200,UCB1,1093.1088959999897
1787824676.2915266,amd_faster,0.660259331,amd64,200,UCB1,723.5218960000793
1787824676.3685255,chacha20,1.425621175,amd64,200,UCB1,1594.7608259999697
1787824676.5602055,readmemory,10.331000789,arm64,200,UCB1,10456.695864999914
1787824676.9218578,arm_faster,0.721988805,arm64,200,UCB1,780.500810000035
1787824676.95628,linpack,1.5371370789999999,amd64,200,UCB1,1540.5283300000292
1787824677.0182583,amd_faster,0.660626541,amd64,200,UCB1,726.3603410000314
1787824677.3454688,readdisk,1.042001126,arm64,200,UCB1,1098.5326700000542
1787824677.6997843,arm_faster,0.724042366,arm64,200,UCB1,777.4918979999939
1787824677.7380185,amd_faster,0.662185587,amd64,200,UCB1,719.3270430000211
1787824677.8538246,chacha20,1.429123065,amd64,200,UCB1,1484.8840820000078
1787824678.4426455,readdisk,1.041001527,arm64,200,UCB1,1096.8508440000733
1787824678.4674976,amd_faster,0.6606589,amd64,200,UCB1,729.1829740000821
1787824678.48106,arm_faster,0.724060366,arm64,200,UCB1,780.9095899999647
1787824678.5390842,linpack,1.562420473,amd64,200,UCB1,1582.4831290000247
1787824679.2199516,amd_faster,0.660760084,amd64,200,UCB1,752.1278030000076
1787824679.3295355,arm_faster,0.722947165,arm64,200,UCB1,848.1682799999817
1787824679.4974976,linpack,0.889242209,amd64,200,UCB1,958.109831999991
1787824679.5520496,readdisk,1.041507206,arm64,200,UCB1,1108.9399689999482
1787824679.9356167,amd_faster,0.661890102,amd64,200,UCB1,715.3504709999652
1787824680.119167,arm_faster,0.727162006,arm64,200,UCB1,789.2393539999603
1787824680.243594,linpack,0.7414436,amd64,200,UCB1,745.7713009999907
1787824680.646084,readdisk,1.042401127,arm64,200,UCB1,1093.6958549999645
1787824680.6473165,amd_faster,0.661931661,amd64,200,UCB1,711.3527869998961
1787824680.8965569,arm_faster,0.725059485,arm64,200,UCB1,777.0756120000897
1787824681.2013001,chacha20,3.292457879,amd64,200,UCB1,3347.1570259999908
1787824681.23206,linpack,0.983726593,amd64,200,UCB1,988.1265530000292
1787824681.4175024,amd_faster,0.662529406,amd64,200,UCB1,769.5262199999888
1787824681.676648,arm_faster,0.725954605,arm64,200,UCB1,779.716594999968
1787824681.745366,readdisk,1.039914686,arm64,200,UCB1,1098.9705870000535
1787824681.9914122,linpack,0.730604121,amd64,200,UCB1,759.0048099999649
1787824682.1329975,amd_faster,0.662312675,amd64,200,UCB1,715.1857359999667
1787824682.3381145,chacha20,1.078742549,arm64,200,UCB1,1136.4978609999525
1787824682.5320349,arm_faster,0.804133762,arm64,200,UCB1,854.9598040000319
1787824682.7270794,linpack,0.731787248,amd64,200,UCB1,735.373447000029
1787824682.8396513,readdisk,1.039978647,arm64,200,UCB1,1093.968188999952
1787824682.8471267,amd_faster,0.661596228,amd64,200,UCB1,713.7767880000183
1787824682.9415464,thread,15.321889115,arm64,200,UCB1,15375.312767000083
1787824683.3336558,arm_faster,0.750370085,arm64,200,UCB1,801.2751820000403
1787824683.46763,linpack,0.73658492,amd64,200,UCB1,740.2302469999995
1787824683.4894183,chacha20,1.097097108,arm64,200,UCB1,1150.965651999968
1787824683.59891,amd_faster,0.660918494,amd64,200,UCB1,751.4018519999581
1787824683.9304347,readdisk,1.039595807,arm64,200,UCB1,1090.35584500009
1787824684.2049725,linpack,0.732082364,amd64,200,UCB1,736.9345949999797
1787824684.218016,arm_faster,0.828797281,arm64,200,UCB1,883.9429360000395
1787824684.3140755,amd_faster,0.661782211,amd64,200,UCB1,714.5588870000665
1787824684.7938325,chacha20,1.239144541,arm64,200,UCB1,1304.0132979999726
1787824684.9431834,linpack,0.73400047,amd64,200,UCB1,737.8608450000002
1787824685.0298684,amd_faster,0.664078228,amd64,200,UCB1,715.3446230000782
1787824685.0325353,readdisk,1.042714086,arm64,200,UCB1,1101.8035309999732
1787824685.0582962,arm_faster,0.782592283,arm64,200,UCB1,839.9601009999742
1787824685.6851358,linpack,0.737523503,amd64,200,UCB1,741.5046649999795
1787824685.743382,amd_faster,0.661716948,amd64,200,UCB1,713.1589759999315
1787824685.932503,arm_faster,0.753030324,arm64,200,UCB1,873.9083010000286
1787824686.1720204,readdisk,1.040601766,arm64,200,UCB1,1139.1274469999644
1787824686.3046803,chacha20,1.456483451,arm64,200,UCB1,1510.5416360000845
1787824686.4221094,linpack,0.732242427,amd64,200,UCB1,736.641304999921
1787824686.4656696,amd_faster,0.661430885,amd64,200,UCB1,721.9621469999993
1787824686.7292676,arm_faster,0.742742965,arm64,200,UCB1,796.4628830000038
1787824686.9476523,readmemory,10.331000109,arm64,200,UCB1,10387.12006000003
1787824687.1611028,linpack,0.735043027,amd64,200,UCB1,738.6732780000784
1787824687.1964703,amd_faster,0.660905551,amd64,200,UCB1,730.4502829999819
1787824687.2681985,readdisk,1.042496366,arm64,200,UCB1,1095.8517250001023
1787824687.5188267,chacha20,1.158985905,arm64,200,UCB1,1213.628649000043
1787824687.5620952,arm_faster,0.780888883,arm64,200,UCB1,832.508358000041
1787824687.9048865,linpack,0.739168226,amd64,200,UCB1,743.3437790000426
1787824687.9100223,amd_faster,0.660700063,amd64,200,UCB1,713.2354569999961
1787824688.3423166,arm_faster,0.722451606,arm64,200,UCB1,779.9111299999595
1787824688.3684826,readdisk,1.040749047,arm64,200,UCB1,1099.9820449999334
1787824688.6270342,amd_faster,0.66340532,amd64,200,UCB1,716.7111840000189
1787824688.6435843,linpack,0.734232804,amd64,200,UCB1,738.3378490000041
1787824688.693017,chacha20,1.122849946,arm64,200,UCB1,1173.858827999993
1787824689.1511543,arm_faster,0.750669725,arm64,200,UCB1,808.5267719999365
1787824689.337486,amd_faster,0.65989473,amd64,200,UCB1,710.1331869999967
1787824689.3996744,linpack,0.721163131,amd64,200,UCB1,755.6468989999985
1787824689.4904182,readdisk,1.041653126,arm64,200,UCB1,1121.6169770000306
1787824689.8348897,chacha20,1.086061428,arm64,200,UCB1,1141.4391250000335
1787824689.931534,arm_faster,0.724021526,arm64,200,UCB1,780.0715389998913
1787824690.0536413,amd_faster,0.664076626,amd64,200,UCB1,715.842350999992
1787824690.1421492,linpack,0.738122314,amd64,200,UCB1,742.0490289999861
1787824690.585506,readdisk,1.040132207,arm64,200,UCB1,1094.761018999975
1787824690.765571,amd_faster,0.660947376,amd64,200,UCB1,711.4825849999988
1787824690.8034017,arm_faster,0.819287602,arm64,200,UCB1,871.5727019999804
1787824690.8803444,linpack,0.733385739,amd64,200,UCB1,737.8723900000068
1787824690.9755368,chacha20,1.085459028,arm64,200,UCB1,1140.2930759999208
1787824691.4779632,amd_faster,0.661584717,amd64,200,UCB1,712.0580590000145
1787824691.5445917,primenumber,16.546368608999998,arm64,200,UCB1,16601.12798099999
1787824691.6235774,linpack,0.73933634,amd64,200,UCB1,742.9143260000046
1787824691.677335,readdisk,1.040679126,arm64,200,UCB1,1091.5052760000208
1787824691.6920965,arm_faster,0.759318924,arm64,200,UCB1,888.3697940000275
1787824692.1966136,amd_faster,0.665669057,amd64,200,UCB1,718.3016449999968
1787824692.360433,linpack,0.73222587,amd64,200,UCB1,736.4371099999971
1787824692.511563,arm_faster,0.727500766,arm64,200,UCB1,819.1445740000063
1787824692.7742472,readdisk,1.040085447,arm64,200,UCB1,1096.5744969998923
1787824692.9243982,amd_faster,0.663761422,amd64,200,UCB1,727.3579259999678
1787824693.100542,linpack,0.73566787,amd64,200,UCB1,739.7968239999955
1787824693.2391312,chacha20,2.207293175,arm64,200,UCB1,2263.2699829999865
1787824693.447526,arm_faster,0.875669518,arm64,200,UCB1,935.5835259999594
1787824693.636682,amd_faster,0.661454806,amd64,200,UCB1,711.9892499999878
1787824693.8382435,linpack,0.733024157,amd64,200,UCB1,737.3406030000069
1787824693.958243,readdisk,1.039319367,arm64,200,UCB1,1183.664381000085
1787824694.2252028,arm_faster,0.722508846,arm64,200,UCB1,777.2973759999786
1787824694.350644,amd_faster,0.660450923,amd64,200,UCB1,713.5199719999719
1787824694.4424124,chacha20,1.145010465,arm64,200,UCB1,1202.9553290000194
1787824694.5804384,linpack,0.737058362,amd64,200,UCB1,741.8689099999938
1787824695.0500674,readdisk,1.039375807,arm64,200,UCB1,1091.5046379999467
1787824695.0878115,amd_faster,0.6609307,amd64,200,UCB1,736.6901410000537
1787824695.1700294,arm_faster,0.895195958,arm64,200,UCB1,944.4875760000286
1787824695.3219802,linpack,0.737108508,amd64,200,UCB1,741.2000190000754
1787824695.6259737,chacha20,1.133207746,arm64,200,UCB1,1183.2422139999608
1787824695.8224714,amd_faster,0.659562069,amd64,200,UCB1,734.3252880000364
1787824695.97714,arm_faster,0.740551205,arm64,200,UCB1,806.7720459999919
1787824696.0590305,linpack,0.732728431,amd64,200,UCB1,736.6297219999751
1787824696.1434507,readdisk,1.039881406,arm64,200,UCB1,1093.0409549999922
1787824696.5428817,amd_faster,0.66081557,amd64,200,UCB1,719.9935419999974
1787824696.7644832,chacha20,1.078550788,arm64,200,UCB1,1138.1973160000598
1787824696.7724032,arm_faster,0.741796325,arm64,200,UCB1,794.97117599999
1787824696.797484,linpack,0.734523849,amd64,200,UCB1,738.1319960001065
1787824697.2406332,readdisk,1.043144646,arm64,200,UCB1,1096.8371989999923
1787824697.2571094,amd_faster,0.662522571,amd64,200,UCB1,713.9035850000255
1787824697.3388093,readmemory,10.336450984,arm64,200,UCB1,10390.593622999972
1787824697.5796733,linpack,0.716057021,amd64,200,UCB1,781.8734910000558
1787824697.6146286,arm_faster,0.751961884,arm64,200,UCB1,841.9237489999887
1787824697.8190622,filehandle,29.368953491,arm64,200,UCB1,29372.761078000054
1787824697.9171872,chacha20,1.101541988,arm64,200,UCB1,1152.3714300000165
1787824698.0098736,amd_faster,0.662761865,amd64,200,UCB1,752.3386470001014
1787824698.3222067,linpack,0.738416861,amd64,200,UCB1,742.0883049999247
1787824698.3413553,readdisk,1.041848766,arm64,200,UCB1,1100.349757999993
1787824698.4066734,arm_faster,0.736987445,arm64,200,UCB1,791.6365979999682
1787824698.7314713,amd_faster,0.664011093,amd64,200,UCB1,721.2272010000333
1787824699.0558093,chacha20,1.088179988,arm64,200,UCB1,1138.1997349999438
1787824699.0629497,linpack,0.736911273,amd64,200,UCB1,740.4286629999888
1787824699.246385,arm_faster,0.778444603,arm64,200,UCB1,839.2880540000078
1787824699.4379168,readdisk,1.040343047,arm64,200,UCB1,1096.1496079999051
1787824699.4465947,amd_faster,0.662353701,amd64,200,UCB1,714.8162750000893
1787824699.8273766,linpack,0.717189034,amd64,200,UCB1,764.064216999941
1787824700.0655618,arm_faster,0.769263163,arm64,200,UCB1,818.8613300000043
1787824700.2064843,amd_faster,0.661611503,amd64,200,UCB1,759.4917709999436
1787824700.537389,readdisk,1.041987447,arm64,200,UCB1,1099.124990000064
1787824700.564883,linpack,0.733718715,amd64,200,UCB1,737.0913669999481
1787824700.8556054,arm_faster,0.734967645,arm64,200,UCB1,789.6964149999803
1787824700.9216092,amd_faster,0.665243497,amd64,200,UCB1,714.8054130000219
1787824701.2952933,chacha20,2.186446816,arm64,200,UCB1,2239.1420249999783
1787824701.3183863,linpack,0.722715438,amd64,200,UCB1,753.1742429999895
1787824701.6346097,readdisk,1.040183087,arm64,200,UCB1,1096.890712000004
1787824701.703056,arm_faster,0.794235563,arm64,200,UCB1,847.060709999937
1787824701.8474877,amd_faster,0.664905426,amd64,200,UCB1,925.4779599999665
1787824702.0736353,linpack,0.72070891,amd64,200,UCB1,754.8878349999768
1787824702.4402328,chacha20,1.088308949,arm64,200,UCB1,1144.6233610000718
1787824702.4911582,arm_faster,0.724637925,arm64,200,UCB1,787.7937550000524
1787824702.5573874,amd_faster,0.660375225,amd64,200,UCB1,709.4620130000067
1787824702.7286682,readdisk,1.040388046,arm64,200,UCB1,1093.667273000051
1787824702.8136127,linpack,0.735362821,amd64,200,UCB1,739.4784150000078
1787824703.2743032,amd_faster,0.664060497,amd64,200,UCB1,716.5756209999472
1787824703.3435054,arm_faster,0.792723922,arm64,200,UCB1,852.0437920000177
1787824703.548974,linpack,0.730630272,amd64,200,UCB1,734.9395420000064
1787824703.8283262,readdisk,1.041459366,arm64,200,UCB1,1099.249023000084
1787824703.985665,amd_faster,0.661447536,amd64,200,UCB1,711.036280999906
1787824704.153655,arm_faster,0.755901444,arm64,200,UCB1,809.8129759999892
1787824704.2839801,linpack,0.730450257,amd64,200,UCB1,734.6805760000734
1787824704.4123554,thread,21.331294311,arm64,200,UCB1,21470.398999000055
1787824704.702473,amd_faster,0.665139158,amd64,200,UCB1,716.310787999987
1787824704.922148,readdisk,1.041475727,arm64,200,UCB1,1093.47793500001
1787824704.9345727,arm_faster,0.729275566,arm64,200,UCB1,780.4764950000163
1787824705.0221522,chacha20,2.527049761,arm64,200,UCB1,2581.5977199999907
1787824705.420025,amd_faster,0.661535265,amd64,200,UCB1,717.2250840000061
1787824705.8130248,arm_faster,0.778274043,arm64,200,UCB1,878.0663109999978
1787824706.0216374,readdisk,1.039835206,arm64,200,UCB1,1099.1791710000598
1787824706.136387,amd_faster,0.663113477,amd64,200,UCB1,716.0423929999524
1787824706.222255,chacha20,1.070774149,arm64,200,UCB1,1199.785229999975
1787824706.251071,linpack,1.963131652,amd64,200,UCB1,1966.7679509999516
1787824706.5861988,arm_faster,0.719879406,arm64,200,UCB1,772.855054000047
1787824706.8521662,amd_faster,0.665483594,amd64,200,UCB1,715.4681429999528
1787824707.118442,readdisk,1.041206926,arm64,200,UCB1,1096.383584000023
1787824707.356062,chacha20,1.072865706,arm64,200,UCB1,1133.4184950000008
1787824707.3614578,arm_faster,0.723499282,arm64,200,UCB1,774.9560759999667
1787824707.912262,amd_faster,0.938051046,arm64,200,UCB1,1059.806395999999
1787824708.1538293,primenumber,16.552769011,arm64,200,UCB1,16608.835596000063
1787824708.1801524,arm_faster,0.723850239,arm64,200,UCB1,818.3920170000647
1787824708.219803,readdisk,1.042820766,arm64,200,UCB1,1100.971204000075
1787824708.622847,amd_faster,0.66058172,amd64,200,UCB1,710.1877420000164
1787824708.6286798,linpack,2.344659783,amd64,200,UCB1,2377.2983860000068
1787824709.0066621,arm_faster,0.724647719,arm64,200,UCB1,826.2005410000484
1787824709.3411365,amd_faster,0.662263263,amd64,200,UCB1,717.9569080000192
1787824709.372645,readdisk,1.040345087,arm64,200,UCB1,1152.5050749999082
1787824709.5300262,chacha20,2.122174802,arm64,200,UCB1,2173.6347319999823
1787824709.565756,readmemory,12.112903097,amd64,200,UCB1,12226.543306000054
1787824709.782225,arm_faster,0.723393959,arm64,200,UCB1,775.1436540000896
1787824710.05568,amd_faster,0.662762767,amd64,200,UCB1,714.1835559999663
1787824710.4854515,readdisk,1.040149566,arm64,200,UCB1,1112.395590999995
1787824710.5679379,arm_faster,0.724334799,arm64,200,UCB1,785.3928270000097
1787824710.6545327,chacha20,1.07292916,arm64,200,UCB1,1124.156888000016
1787824710.769568,amd_faster,0.660397698,amd64,200,UCB1,713.439186999949
1787824710.9324462,linpack,2.252206293,amd64,200,UCB1,2303.3642710000777
1787824711.341353,arm_faster,0.71844424,arm64,200,UCB1,773.0679559999771
1787824711.485394,amd_faster,0.664483113,amd64,200,UCB1,715.4491659999849
1787824711.581175,readdisk,1.041160727,arm64,200,UCB1,1095.3825650000226
1787824712.1283166,arm_faster,0.723038879,arm64,200,UCB1,786.6350250000096
1787824712.2203643,amd_faster,0.66165551,amd64,200,UCB1,734.6474890000536
1787824712.6755648,readdisk,1.040481606,arm64,200,UCB1,1094.0455820000352
1787824712.905102,arm_faster,0.724506319,arm64,200,UCB1,776.4520299999731
1787824712.9314895,amd_faster,0.660563789,amd64,200,UCB1,710.7902849999164
1787824713.1928031,linpack,2.255153197,amd64,200,UCB1,2259.9504119999665
1787824713.2140625,chacha20,2.508573919,arm64,200,UCB1,2559.1915079999126
1787824713.6735673,amd_faster,0.660765195,amd64,200,UCB1,741.7805019999832
1787824713.688563,arm_faster,0.723278879,arm64,200,UCB1,783.1457999999429
1787824713.7745318,readdisk,1.041596406,arm64,200,UCB1,1098.5161180000205
1787824714.3390644,chacha20,1.074238039,arm64,200,UCB1,1124.6559620000198
1787824714.3888962,amd_faster,0.661781033,amd64,200,UCB1,714.8528339999984
1787824714.4981039,arm_faster,0.7232952,arm64,200,UCB1,809.1441289999466
1787824714.8668613,readdisk,1.041627687,arm64,200,UCB1,1091.89350500003
1787824715.111209,amd_faster,0.663420974,amd64,200,UCB1,722.0021809999935
1787824715.2693932,arm_faster,0.720608559,arm64,200,UCB1,770.9843390000515
1787824715.358768,linpack,2.161388603,amd64,200,UCB1,2165.5590770000117
1787824715.463147,chacha20,1.068393841,arm64,200,UCB1,1123.7605850000136
1787824715.8229728,amd_faster,0.660778575,amd64,200,UCB1,711.4411489999384
1787824715.9605591,readdisk,1.040859966,arm64,200,UCB1,1093.351159000008
1787824716.045357,arm_faster,0.723501919,arm64,200,UCB1,775.6228760000567
1787824716.5429037,amd_faster,0.663677088,amd64,200,UCB1,719.5558230000643
1787824716.8343995,arm_faster,0.724613599,arm64,200,UCB1,788.6898090000614
1787824717.060091,readdisk,1.043569246,arm64,200,UCB1,1099.1839800000207
1787824717.2581394,amd_faster,0.659579752,amd64,200,UCB1,714.9016580000307
1787824717.4422727,linpack,2.079324047,amd64,200,UCB1,2083.160919999955
1787824717.6156666,arm_faster,0.722865239,arm64,200,UCB1,780.9669729999769
1787824717.6661406,chacha20,2.1473048,arm64,200,UCB1,2202.674930999933
1787824717.9750419,amd_faster,0.663338384,amd64,200,UCB1,716.5838399999984
1787824718.1605484,readdisk,1.040388326,arm64,200,UCB1,1100.1390540000102
1787824718.3908265,arm_faster,0.723244079,arm64,200,UCB1,774.7395669999833
1787824718.6905384,amd_faster,0.662464868,amd64,200,UCB1,715.2052680000907
1787824718.795055,chacha20,1.0762412,arm64,200,UCB1,1128.5584259999268
1787824719.1714401,arm_faster,0.723855559,arm64,200,UCB1,780.3061419999722
1787824719.2599928,readdisk,1.0405652459999999,arm64,200,UCB1,1099.0247579999277
1787824719.4031682,amd_faster,0.660848082,amd64,200,UCB1,712.2460189999629
1787824719.7010674,linpack,2.254473383,amd64,200,UCB1,2258.462561999977
1787824719.9502387,arm_faster,0.725762199,arm64,200,UCB1,778.4477940000443
1787824719.9835184,readmemory,10.340737342,arm64,200,UCB1,10417.44096399998
1787824720.122315,amd_faster,0.664343982,amd64,200,UCB1,718.8432510000666
1787824720.3558757,readdisk,1.043614606,arm64,200,UCB1,1095.4560889999811
1787824720.8322551,amd_faster,0.660854234,amd64,200,UCB1,709.6253629999865
1787824721.4487715,readdisk,1.041803046,arm64,200,UCB1,1092.50056399992
1787824721.455061,chacha20,2.609351388,arm64,200,UCB1,2659.6892909999497
1787824721.5525389,amd_faster,0.661262849,amd64,200,UCB1,719.9932240000635
1787824721.9236186,linpack,2.218350954,amd64,200,UCB1,2222.2077699999545
1787824721.9456365,arm_faster,1.930968904,arm64,200,UCB1,1995.0516139999763
1787824722.2858627,amd_faster,0.659961315,amd64,200,UCB1,732.861281000055
1787824722.562231,readdisk,1.039103167,arm64,200,UCB1,1113.0801980000342
1787824722.6495087,chacha20,1.07267732,arm64,200,UCB1,1194.0813539999908
1787824722.7222784,arm_faster,0.725891078,arm64,200,UCB1,776.2308390000499
1787824723.0019941,amd_faster,0.661844695,amd64,200,UCB1,715.7957429999442
1787824723.5070343,arm_faster,0.72093684,arm64,200,UCB1,784.4344009999986
1787824723.6598895,readdisk,1.039929287,arm64,200,UCB1,1097.2487569999885
1787824723.7299168,amd_faster,0.663348402,amd64,200,UCB1,727.4979830000348
1787824723.7898517,chacha20,1.07428184,arm64,200,UCB1,1139.8673500000314
1787824724.1892083,linpack,2.261208249,amd64,200,UCB1,2265.21251500003
1787824724.2906296,arm_faster,0.728042679,arm64,200,UCB1,783.2829860000174
1787824724.4530475,amd_faster,0.663426631,amd64,200,UCB1,722.825059999991
1787824724.7613344,readdisk,1.039102886,arm64,200,UCB1,1101.1026950000087
1787824724.8557937,primenumber,16.56547741,arm64,200,UCB1,16701.55087799992
1787824725.0666184,arm_faster,0.723928799,arm64,200,UCB1,775.5675039999232
1787824725.16766,amd_faster,0.661902235,amd64,200,UCB1,714.2777600000727
1787824725.8454504,arm_faster,0.722111439,arm64,200,UCB1,778.4019300000864
1787824725.8546846,readdisk,1.040565007,arm64,200,UCB1,1093.0209020000348
1787824725.879378,amd_faster,0.661688843,amd64,200,UCB1,711.2748870000587
1787824725.9915876,chacha20,2.14640592,arm64,200,UCB1,2201.335982000046
1787824726.3433309,linpack,2.14990046,amd64,200,UCB1,2153.7654549999843
1787824726.5380816,thread,22.018003292,amd64,200,UCB1,22125.319898000045
1787824726.6208234,arm_faster,0.724180799,arm64,200,UCB1,774.9329640000724
1787824726.6705875,amd_faster,0.664653579,amd64,200,UCB1,790.8682470000485
1787824726.9970345,readdisk,1.042735406,arm64,200,UCB1,1141.9609590000164
1787824727.1597955,linpack,0.812015919,amd64,200,UCB1,816.0617820000198
1787824727.2199366,chacha20,1.166371909,arm64,200,UCB1,1227.8956299999209
1787824727.3212745,filehandle,29.498539232,arm64,200,UCB1,29501.897926999958
1787824727.387211,amd_faster,0.660930511,amd64,200,UCB1,716.1975940000502
1787824727.4673257,arm_faster,0.787859672,arm64,200,UCB1,846.1790729999166
1787824727.9005373,linpack,0.736659479,amd64,200,UCB1,740.3995939999959
1787824728.0907664,readdisk,1.041163646,arm64,200,UCB1,1093.3616539999775
1787824728.1022203,amd_faster,0.661192636,amd64,200,UCB1,714.7003889999723
1787824728.3451946,arm_faster,0.825905907,arm64,200,UCB1,877.5364649999347
1787824728.401474,chacha20,1.119898035,arm64,200,UCB1,1181.1680459999252
1787824728.6365168,linpack,0.7315367,amd64,200,UCB1,735.6606390000024
1787824728.8618364,amd_faster,0.664742039,amd64,200,UCB1,759.2264310000019
1787824729.172189,arm_faster,0.768963154,arm64,200,UCB1,826.6768519999914
1787824729.189517,readdisk,1.040745687,arm64,200,UCB1,1098.3843719999413
1787824729.3686738,linpack,0.727784372,amd64,200,UCB1,731.7683329999909
1787824729.5420246,chacha20,1.085403838,arm64,200,UCB1,1140.2325330000167
1787824729.5718684,amd_faster,0.661395677,amd64,200,UCB1,709.6354830000564
1787824729.9835215,arm_faster,0.760055155,arm64,200,UCB1,810.9775990000117
1787824730.1043453,linpack,0.731305715,amd64,200,UCB1,735.2620529999285
1787824730.3086739,amd_faster,0.661248742,amd64,200,UCB1,736.4799429999493
1787824730.3312,readdisk,1.042353686,arm64,200,UCB1,1141.3413869998976
1787824730.3923647,readmemory,10.325041743,arm64,200,UCB1,10408.533336999993
1787824730.6993456,chacha20,1.099094877,arm64,200,UCB1,1157.0062129999314
1787824730.7623038,arm_faster,0.728846478,arm64,200,UCB1,778.4607770000775
1787824730.8401008,linpack,0.731863269,amd64,200,UCB1,735.4295789999696
1787824731.0281496,amd_faster,0.663600809,amd64,200,UCB1,719.0695409999535
1787824731.455813,readdisk,1.041802966,arm64,200,UCB1,1124.2079379999268
1787824731.5525827,arm_faster,0.727783759,arm64,200,UCB1,789.9292810000134
1787824731.5744517,linpack,0.73011411,amd64,200,UCB1,734.0481019999743
1787824731.7406366,amd_faster,0.661984672,amd64,200,UCB1,712.1388919999845
1787824732.3280568,linpack,0.722329047,amd64,200,UCB1,753.2758639999884
1787824732.3788319,arm_faster,0.774185393,arm64,200,UCB1,825.742296000044
1787824732.4585905,amd_faster,0.664468166,amd64,200,UCB1,717.5712169999997
1787824732.5494182,readdisk,1.038188247,arm64,200,UCB1,1093.27890499992
1787824732.6466367,chacha20,1.891557988,arm64,200,UCB1,1946.968925999954
1787824733.069408,linpack,0.737174287,amd64,200,UCB1,741.0249600000043
1787824733.1673608,arm_faster,0.723694439,arm64,200,UCB1,788.1810909999558
1787824733.1936517,amd_faster,0.664653671,amd64,200,UCB1,734.6411140000555
1787824733.6424277,readdisk,1.040582006,arm64,200,UCB1,1092.6907890000166
1787824733.806609,linpack,0.732905552,amd64,200,UCB1,736.8764579999834
1787824733.936662,amd_faster,0.662889891,amd64,200,UCB1,742.6169599999639
1787824733.9975014,arm_faster,0.775471673,arm64,200,UCB1,829.8319839999522
1787824734.548532,linpack,0.737358333,amd64,200,UCB1,741.4973390000341
1787824734.6525795,amd_faster,0.664126592,amd64,200,UCB1,715.5097680000608
1787824734.7143893,chacha20,2.016507455,arm64,200,UCB1,2067.342200999974
1787824734.7400556,readdisk,1.040639086,arm64,200,UCB1,1097.2983509999494
1787824734.7768312,arm_faster,0.722980159,arm64,200,UCB1,778.9559340000096
1787824735.286157,linpack,0.733681429,amd64,200,UCB1,737.2680519999903
1787824735.3687794,amd_faster,0.660891011,amd64,200,UCB1,715.7805800000006
1787824735.593818,arm_faster,0.724638518,arm64,200,UCB1,816.5767369999912
1787824735.8608081,readdisk,1.039809927,arm64,200,UCB1,1120.32873499993
1787824736.022534,linpack,0.731905313,amd64,200,UCB1,736.0591460000023
1787824736.0905347,amd_faster,0.662361999,amd64,200,UCB1,721.3964349999742
1787824736.3320825,chacha20,1.561877785,arm64,200,UCB1,1617.3813159999781
1787824736.3912842,arm_faster,0.741198637,arm64,200,UCB1,797.1339750000652
1787824736.769582,linpack,0.743082865,amd64,200,UCB1,746.6186159999779
1787824736.8060493,amd_faster,0.661798623,amd64,200,UCB1,715.135575999966
1787824736.9554493,readdisk,1.041032686,arm64,200,UCB1,1094.3057450000424
1787824737.2454169,arm_faster,0.794903711,arm64,200,UCB1,853.8106720000087
1787824737.512984,linpack,0.739285767,amd64,200,UCB1,743.0709750000233
1787824737.5185888,amd_faster,0.662545802,amd64,200,UCB1,712.2526499999822
1787824737.635312,chacha20,1.2498163,arm64,200,UCB1,1302.91348500009
1787824738.0562806,readdisk,1.040332286,arm64,200,UCB1,1100.509675000012
1787824738.0788991,arm_faster,0.778320633,arm64,200,UCB1,833.0762479999976
1787824738.2323573,amd_faster,0.662482175,amd64,200,UCB1,713.3759570000393
1787824738.2523558,linpack,0.735365136,amd64,200,UCB1,739.0592890000107
1787824738.8279436,chacha20,1.141798833,arm64,200,UCB1,1192.1810589999495
1787824738.9453135,amd_faster,0.661445791,amd64,200,UCB1,712.6331690000143
1787824739.0075219,linpack,0.72292252,amd64,200,UCB1,754.8335490000682
1787824739.0498042,arm_faster,0.888537181,arm64,200,UCB1,970.4682619999403
1787824739.1501162,readdisk,1.041593206,arm64,200,UCB1,1093.509293000011
1787824739.6590784,amd_faster,0.663365375,amd64,200,UCB1,713.4682559999419
1787824739.743162,linpack,0.731206312,amd64,200,UCB1,735.2855039999895
1787824739.923484,arm_faster,0.818583628,arm64,200,UCB1,873.3032779999803
1787824739.9847734,chacha20,1.105377476,arm64,200,UCB1,1156.464777999986
1787824740.2558103,readdisk,1.041044954,arm64,200,UCB1,1105.270252000082
1787824740.376163,amd_faster,0.664610495,amd64,200,UCB1,716.7733039999575
1787824740.4783847,linpack,0.730882654,amd64,200,UCB1,734.9364919999744
1787824740.7775126,arm_faster,0.795598831,arm64,200,UCB1,853.7153419999868
1787824740.8728364,readmemory,10.332224023,arm64,200,UCB1,10480.067986000107
1787824741.091344,amd_faster,0.664024048,amd64,200,UCB1,714.8622680000472
1787824741.2172937,linpack,0.735021195,amd64,200,UCB1,738.5934769999949
1787824741.354966,readdisk,1.040261434,arm64,200,UCB1,1098.8239380000095
1787824741.469653,primenumber,16.556406051,arm64,200,UCB1,16613.49970499998
1787824741.58362,arm_faster,0.756382395,arm64,200,UCB1,805.8015350000005
1787824741.8065636,amd_faster,0.664289358,amd64,200,UCB1,714.8729240000193
1787824741.9639277,linpack,0.742520473,amd64,200,UCB1,746.2152040000092
1787824741.9691458,chacha20,1.930256264,arm64,200,UCB1,1984.0488129999585
1787824742.405824,arm_faster,0.769999874,arm64,200,UCB1,821.6866470000923
1787824742.4480429,readdisk,1.039272834,arm64,200,UCB1,1092.7456439999332
1787824742.51898,amd_faster,0.662213563,amd64,200,UCB1,712.0775050000248
1787824742.7011933,linpack,0.733236706,amd64,200,UCB1,736.9441509999888
1787824743.1444936,chacha20,1.122820435,arm64,200,UCB1,1175.032715000043
1787824743.237913,amd_faster,0.663397677,amd64,200,UCB1,718.5012549999783
1787824743.3445213,arm_faster,0.88873546,arm64,200,UCB1,938.3417650000183
1787824743.4401686,linpack,0.734526942,amd64,200,UCB1,738.652477999949
1787824743.5546176,readdisk,1.041166874,arm64,200,UCB1,1106.2510450000218
1787824743.9550986,amd_faster,0.666033571,amd64,200,UCB1,716.8375429999969
1787824744.1493042,arm_faster,0.748535156,arm64,200,UCB1,804.394990999981
1787824744.1764739,linpack,0.732501102,amd64,200,UCB1,735.9976479999659
1787824744.3693871,chacha20,1.170257909,arm64,200,UCB1,1224.5669269999553
1787824744.6475253,readdisk,1.040862754,arm64,200,UCB1,1092.514479999977
1787824744.6720965,amd_faster,0.662543718,amd64,200,UCB1,716.6997509999646
1787824744.934619,linpack,0.719883812,amd64,200,UCB1,757.805071000007
1787824744.979078,arm_faster,0.764462474,arm64,200,UCB1,829.442785000083
1787824745.4158952,amd_faster,0.660013964,amd64,200,UCB1,743.3495730000459
1787824745.6705296,linpack,0.731885036,amd64,200,UCB1,735.4997720000256
1787824745.7449512,readdisk,1.041460034,arm64,200,UCB1,1097.0672260000356
1787824745.7649477,arm_faster,0.735140638,arm64,200,UCB1,785.5476260000387
1787824746.1341057,amd_faster,0.664128023,amd64,200,UCB1,717.8807239999969
1787824746.403268,linpack,0.72841666,amd64,200,UCB1,732.3678970000174
1787824746.5189526,chacha20,2.095204445,arm64,200,UCB1,2149.226659999954
1787824746.6309526,arm_faster,0.785870192,arm64,200,UCB1,865.6770119999919
1787824746.8391483,readdisk,1.043378833,arm64,200,UCB1,1093.8798680000446
1787824746.840383,thread,20.248270254,arm64,200,UCB1,20301.958639999953
1787824746.8450382,amd_faster,0.661862717,amd64,200,UCB1,710.6174780000174
1787824747.139394,linpack,0.732132457,amd64,200,UCB1,735.7945900000686
1787824747.6222615,arm_faster,0.936590135,arm64,200,UCB1,990.9511640000801
1787824747.65653,amd_faster,0.662333788,amd64,200,UCB1,811.1841280000363
1787824747.6758387,chacha20,1.095496598,arm64,200,UCB1,1156.463748999954
1787824747.8855298,linpack,0.74212761,amd64,200,UCB1,745.7661839999901
1787824747.939404,readdisk,1.044577394,arm64,200,UCB1,1099.9435800000583
1787824748.3902338,amd_faster,0.661787967,amd64,200,UCB1,733.306932000005
1787824748.4065757,arm_faster,0.725499359,arm64,200,UCB1,784.0067870000667
1787824748.6256075,linpack,0.735994254,amd64,200,UCB1,739.6762979999494
1787824748.8683624,chacha20,1.080979439,arm64,200,UCB1,1192.1851600000082
1787824749.0463579,readdisk,1.041486794,arm64,200,UCB1,1106.6417800000181
1787824749.104902,amd_faster,0.661874865,amd64,200,UCB1,714.2609370000628
1787824749.2841926,arm_faster,0.794058671,arm64,200,UCB1,877.1689679999781
1787824749.363152,linpack,0.733264687,amd64,200,UCB1,737.1193410000387
1787824749.817561,amd_faster,0.663220189,amd64,200,UCB1,712.3219310000195
1787824750.015867,chacha20,1.093310958,arm64,200,UCB1,1147.0296589999407
1787824750.1030042,linpack,0.735836899,amd64,200,UCB1,739.5434669999759
1787824750.1275234,arm_faster,0.792521391,arm64,200,UCB1,843.017973999963
1787824750.1421773,readdisk,1.041967754,arm64,200,UCB1,1095.4922720000013
1787824750.5361125,amd_faster,0.661310806,amd64,200,UCB1,718.1691479999017
1787824750.8340046,linpack,0.727133821,amd64,200,UCB1,730.6839629999331
1787824750.9629173,arm_faster,0.780549313,arm64,200,UCB1,834.8427749999701
1787824751.156605,chacha20,1.088749678,arm64,200,UCB1,1140.385809999998
1787824751.2620916,amd_faster,0.665339243,amd64,200,UCB1,725.6657059999725
1787824751.2832086,readdisk,1.041890434,arm64,200,UCB1,1140.7032619999882
1787824751.568868,linpack,0.730996618,amd64,200,UCB1,734.4764389999909
1787824751.817297,arm_faster,0.724018079,arm64,200,UCB1,854.063807999978
1787824751.974173,amd_faster,0.66184384,amd64,200,UCB1,711.7564469999706
1787824752.316635,linpack,0.743982029,amd64,200,UCB1,747.4487730000874
1787824752.4023561,readdisk,1.040984634,arm64,200,UCB1,1118.8191060000463
1787824752.6635478,arm_faster,0.793157312,arm64,200,UCB1,845.9051860000955
1787824752.692282,amd_faster,0.662909023,amd64,200,UCB1,717.7961749999895
1787824752.9690497,chacha20,1.7533993639999998,arm64,200,UCB1,1811.9994490000408
1787824753.0509784,linpack,0.73029718,amd64,200,UCB1,733.9027850000548
1787824753.0840557,readmemory,12.151491257,amd64,200,UCB1,12210.872365999989
1787824753.4298537,amd_faster,0.661607294,amd64,200,UCB1,737.1198360000335
1787824753.4406672,arm_faster,0.722076479,arm64,200,UCB1,776.6636000000062
1787824753.507117,readdisk,1.041975953,arm64,200,UCB1,1104.4443990000445
1787824753.789192,linpack,0.733745839,amd64,200,UCB1,737.88661399999
1787824754.1529922,amd_faster,0.663439795,amd64,200,UCB1,722.8187729999718
1787824754.3076334,arm_faster,0.770460074,arm64,200,UCB1,866.5581139999858
1787824754.527954,linpack,0.734632744,amd64,200,UCB1,738.4534210000311
1787824754.629647,readdisk,1.040680754,arm64,200,UCB1,1122.2143139999616
1787824754.8761523,amd_faster,0.66457786,amd64,200,UCB1,722.7962630000775
1787824755.0455897,chacha20,2.014158094,arm64,200,UCB1,2076.194137000016
1787824755.0840504,arm_faster,0.726109479,arm64,200,UCB1,775.9959889999664
1787824755.2672508,linpack,0.734925276,amd64,200,UCB1,738.9639589999888
1787824755.6125238,amd_faster,0.660583084,amd64,200,UCB1,736.0323569999991
1787824755.7261693,readdisk,1.039935275,arm64,200,UCB1,1096.1231869999892
1787824756.0022626,arm_faster,0.847661385,arm64,200,UCB1,917.900824999947
1787824756.0035162,linpack,0.731676341,amd64,200,UCB1,735.9903580000946
1787824756.2764592,chacha20,1.175154869,arm64,200,UCB1,1230.410505000009
1787824756.323535,amd_faster,0.661118526,amd64,200,UCB1,710.6658909999624
1787824756.7690308,linpack,0.714554198,amd64,200,UCB1,764.8281900000029
1787824756.783086,filehandle,29.457824265,arm64,200,UCB1,29461.501741000007
1787824756.8196251,readdisk,1.041863434,arm64,200,UCB1,1093.1270010000844
1787824757.0348501,arm_faster,0.981443251,arm64,200,UCB1,1032.1735239999725
1787824757.0416377,amd_faster,0.66235284,amd64,200,UCB1,717.6566580000099
1787824757.414228,chacha20,1.083233599,arm64,200,UCB1,1137.4405000000252
1787824757.5064034,linpack,0.732939016,amd64,200,UCB1,737.0782570000074
1787824757.8039358,amd_faster,0.665174996,amd64,200,UCB1,761.8716420000737
1787824757.8340714,arm_faster,0.748660796,arm64,200,UCB1,798.8672589999624
1787824757.9187703,readdisk,1.039480074,arm64,200,UCB1,1098.6638020000328
1787824758.0689325,primenumber,16.544615011,arm64,200,UCB1,16598.910424999987
1787824758.2485673,linpack,0.738358328,amd64,200,UCB1,741.8499180000708
1787824758.5214183,amd_faster,0.662969158,amd64,200,UCB1,717.162298000062
1787824758.5485616,chacha20,1.083771878,arm64,200,UCB1,1133.9881999999761
1787824758.681025,arm_faster,0.775005553,arm64,200,UCB1,846.614794000061
1787824758.9913917,linpack,0.738693055,amd64,200,UCB1,742.4007619999884
1787824759.0118682,readdisk,1.039467674,arm64,200,UCB1,1092.6695189999691
1787824759.2336693,amd_faster,0.662155579,amd64,200,UCB1,711.9103699999414
1787824759.513163,arm_faster,0.767249674,arm64,200,UCB1,831.8142100000614
1787824759.726152,linpack,0.730083524,amd64,200,UCB1,734.4477020000113
1787824759.956554,amd_faster,0.662074194,amd64,200,UCB1,722.5019810000504
1787824760.1092114,readdisk,1.0414984330000001,arm64,200,UCB1,1097.0103839999865
1787824760.3066347,arm_faster,0.741226077,arm64,200,UCB1,793.1513580000455
1787824760.4636528,linpack,0.733160056,amd64,200,UCB1,737.1590510000487
1787824760.6674883,amd_faster,0.661000294,amd64,200,UCB1,710.5985809999993
1787824760.7793157,chacha20,2.157678319,arm64,200,UCB1,2230.4116900000963
1787824761.1645985,arm_faster,0.80577087,arm64,200,UCB1,857.5347629999897
1787824761.1984591,linpack,0.729653011,amd64,200,UCB1,734.3630269999721
1787824761.2019415,readdisk,1.041773474,arm64,200,UCB1,1092.4143619999995
1787824761.3821952,amd_faster,0.660377654,amd64,200,UCB1,714.3832790000033
1787824761.934579,chacha20,1.099678156,arm64,200,UCB1,1154.9526869999909
1787824761.939985,arm_faster,0.724721279,arm64,200,UCB1,774.9311370000669
1787824761.9441638,linpack,0.727942634,amd64,200,UCB1,745.3915099999904
1787824762.0975304,amd_faster,0.661794924,amd64,200,UCB1,714.9976539999443
1787824762.3086407,readdisk,1.042659754,arm64,200,UCB1,1106.356177000066
1787824762.749419,linpack,0.712446197,amd64,200,UCB1,804.9814259999266
1787824762.816306,amd_faster,0.662254181,amd64,200,UCB1,718.4089879999647
1787824762.8232245,arm_faster,0.785545952,arm64,200,UCB1,882.9511550000007
1787824763.415316,readdisk,1.040211034,arm64,200,UCB1,1106.2598809999145
1787824763.47694,readmemory,10.335257884,arm64,200,UCB1,10392.564972000058
1787824763.4842494,linpack,0.730649053,amd64,200,UCB1,734.5201120000411
1787824763.5308192,amd_faster,0.66232179,amd64,200,UCB1,714.1163450000931
1787824763.7043145,arm_faster,0.786853632,arm64,200,UCB1,880.7916049998994
1787824764.2527797,linpack,0.715608557,amd64,200,UCB1,768.1247850000545
1787824764.4158227,chacha20,2.430952768,arm64,200,UCB1,2480.690332999984
1787824764.498499,arm_faster,0.742214237,arm64,200,UCB1,793.8716240000758
1787824764.5104835,readdisk,1.0424349529999999,arm64,200,UCB1,1094.8443739999902
1787824764.525415,amd_faster,0.937280676,arm64,200,UCB1,994.2584289999559
1787824764.990586,linpack,0.733850698,amd64,200,UCB1,737.4484620000885
1787824765.3360665,amd_faster,0.663800332,amd64,200,UCB1,810.3084619999663
1787824765.3501499,arm_faster,0.777698313,arm64,200,UCB1,851.3334509999595
1787824765.6626415,readdisk,1.041173434,arm64,200,UCB1,1151.8357840000135
1787824765.6850312,chacha20,1.219455264,arm64,200,UCB1,1268.8632130000315
1787824765.7303398,linpack,0.735705745,amd64,200,UCB1,739.3638720000126
1787824766.049427,amd_faster,0.66168533,amd64,200,UCB1,713.0208820000234
1787824766.281189,arm_faster,0.831812227,arm64,200,UCB1,930.7246879999411
1787824766.4832532,linpack,0.719612643,amd64,200,UCB1,752.5958090000131
1787824766.5769157,thread,19.630905204,arm64,200,UCB1,19735.740422999923
1787824766.7544458,readdisk,1.040968593,arm64,200,UCB1,1091.3821200000484
1787824766.7645166,amd_faster,0.661612822,amd64,200,UCB1,714.7700979999172
1787824766.8992844,chacha20,1.136627753,arm64,200,UCB1,1213.8932640000348
1787824767.150183,arm_faster,0.814578269,arm64,200,UCB1,868.6776509999845
1787824767.225615,linpack,0.738689439,amd64,200,UCB1,742.0288190000974
1787824767.5203962,amd_faster,0.662183878,amd64,200,UCB1,755.5930190000026
1787824767.8477669,readdisk,1.039741474,arm64,200,UCB1,1092.8953439999987
1787824767.9523258,arm_faster,0.748136916,arm64,200,UCB1,801.8185280000125
1787824767.9611692,linpack,0.731186221,amd64,200,UCB1,735.1450749999913
1787824768.233507,amd_faster,0.663342809,amd64,200,UCB1,712.7985309999758
1787824768.7275414,linpack,0.719928591,amd64,200,UCB1,766.0438619999468
1787824768.8341997,arm_faster,0.827627348,arm64,200,UCB1,881.5826400000333
1787824768.9458814,readdisk,1.043093594,arm64,200,UCB1,1097.518511999965
1787824768.947152,amd_faster,0.660952432,amd64,200,UCB1,713.3699720000095
1787824769.0433385,chacha20,2.092404646,arm64,200,UCB1,2143.7456969999857
1787824769.4633987,linpack,0.731693423,amd64,200,UCB1,735.4140229999757
1787824769.6679978,arm_faster,0.781211352,arm64,200,UCB1,833.4486349999679
1787824769.7113738,amd_faster,0.66177941,amd64,200,UCB1,763.5550369999464
1787824770.0449684,readdisk,1.041809034,arm64,200,UCB1,1098.712778999925
1787824770.1864421,chacha20,1.085428118,arm64,200,UCB1,1142.691396000032
1787824770.1994553,linpack,0.731390752,amd64,200,UCB1,735.6999220000944
1787824770.4309967,amd_faster,0.663823303,amd64,200,UCB1,719.2689329999666
1787824770.5373793,arm_faster,0.819010388,arm64,200,UCB1,869.0586620000431
1787824770.954307,linpack,0.715125156,amd64,200,UCB1,754.5027600000367
1787824771.1410027,readdisk,1.040132554,arm64,200,UCB1,1095.6865530000641
1787824771.142441,amd_faster,0.661960103,amd64,200,UCB1,711.1482469999828
1787824771.4962254,arm_faster,0.900508767,arm64,200,UCB1,958.5262829999692
1787824771.6915312,linpack,0.73330167,amd64,200,UCB1,736.8983439999965
1787824771.9169655,amd_faster,0.660309783,amd64,200,UCB1,773.8404409999475
1787824772.2396054,readdisk,1.040237834,arm64,200,UCB1,1098.269154000036
1787824772.2696548,arm_faster,0.722088739,arm64,200,UCB1,773.1138679999958
1787824772.4281435,linpack,0.732514246,amd64,200,UCB1,736.2554599999385
1787824772.6328473,amd_faster,0.661938355,amd64,200,UCB1,715.4751589999933
1787824772.876,chacha20,2.637743214,arm64,200,UCB1,2689.2345569999634
1787824773.0678096,arm_faster,0.725390738,arm64,200,UCB1,797.6200630000676
1787824773.1635091,linpack,0.731365569,amd64,200,UCB1,735.0111009999409
1787824773.3372607,readdisk,1.042711314,arm64,200,UCB1,1097.2998510000025
1787824773.345431,amd_faster,0.661917959,amd64,200,UCB1,712.2326479999401
1787824773.8660958,readmemory,10.329615391,arm64,200,UCB1,10388.817305999964
1787824773.8883753,arm_faster,0.768283612,arm64,200,UCB1,820.212968000078
1787824773.8994288,linpack,0.731725962,amd64,200,UCB1,735.606037000025
1787824774.0091753,chacha20,1.078857489,arm64,200,UCB1,1132.8369459999976
1787824774.103337,amd_faster,0.661433747,amd64,200,UCB1,757.5865830000339
1787824774.4328353,readdisk,1.041432314,arm64,200,UCB1,1095.1360490000752
1787824774.6972823,linpack,0.728485793,amd64,200,UCB1,797.5613380000368
1787824774.7684362,arm_faster,0.800719888,arm64,200,UCB1,879.7642320000705
1787824774.8178551,amd_faster,0.662349332,amd64,200,UCB1,714.1056709999702
1787824775.434125,linpack,0.732048221,amd64,200,UCB1,736.4842629999657
1787824775.5304434,readdisk,1.041658194,arm64,200,UCB1,1097.2658819999879
1787824775.5348666,amd_faster,0.660796509,amd64,200,UCB1,716.6283469999826
1787824775.5585153,arm_faster,0.739924456,arm64,200,UCB1,789.7571119999611
1787824776.1704664,linpack,0.73128541,amd64,200,UCB1,735.9959210000397
1787824776.3221738,amd_faster,0.66170772,amd64,200,UCB1,786.9558979999738
1787824776.4404585,arm_faster,0.728092218,arm64,200,UCB1,881.5939680000611
1787824776.6311367,readdisk,1.040906754,arm64,200,UCB1,1100.3409060000422
1787824776.7011914,chacha20,2.637343311,arm64,200,UCB1,2691.6813430000275
1787824776.910124,linpack,0.735672926,amd64,200,UCB1,739.3040119999341
1787824777.036615,amd_faster,0.663897647,amd64,200,UCB1,714.134151000053
1787824777.2184687,arm_faster,0.727952658,arm64,200,UCB1,777.6991669999234
1787824777.6584694,linpack,0.743451973,amd64,200,UCB1,748.0292480000799
1787824777.736538,readdisk,1.040565274,arm64,200,UCB1,1105.0786339999377
1787824777.7494645,amd_faster,0.662050948,amd64,200,UCB1,712.4523189999081
1787824777.8850217,chacha20,1.121346083,arm64,200,UCB1,1183.5157330000357
1787824778.0113792,arm_faster,0.738644976,arm64,200,UCB1,792.5927430000002
1787824778.394874,linpack,0.732586105,amd64,200,UCB1,736.0046270000566
1787824778.503221,amd_faster,0.664403519,amd64,200,UCB1,753.4442439999793
1787824778.8320026,readdisk,1.041370234,arm64,200,UCB1,1095.0691589999906
1787824778.8559854,arm_faster,0.794971329,arm64,200,UCB1,844.2698069999324
1787824779.0288448,chacha20,1.086764168,arm64,200,UCB1,1143.3906720000095
1787824779.1269624,linpack,0.72778234,amd64,200,UCB1,731.7662870000277
1787824779.2195044,amd_faster,0.660426755,amd64,200,UCB1,715.9726180000234
1787824779.706444,arm_faster,0.766901133,arm64,200,UCB1,850.1711640000167
1787824779.868381,linpack,0.736968952,amd64,200,UCB1,741.0991510000713
1787824779.9274328,readdisk,1.042072633,arm64,200,UCB1,1095.1177509999752
1787824779.9478433,amd_faster,0.660277528,amd64,200,UCB1,727.9181000000108
1787824780.5691493,arm_faster,0.810867606,arm64,200,UCB1,862.3909780000076
1787824780.602317,linpack,0.730056248,amd64,200,UCB1,733.6368129999755
1787824780.6923692,amd_faster,0.663979,amd64,200,UCB1,744.1930080000247
1787824781.0241854,readdisk,1.043795354,arm64,200,UCB1,1096.4393409999502
1787824781.2578993,chacha20,2.168354217,arm64,200,UCB1,2228.5930829999643
1787824781.3544292,linpack,0.724163564,amd64,200,UCB1,751.7993259999685
1787824781.3834224,arm_faster,0.754314134,arm64,200,UCB1,813.958447999994
1787824781.41653,amd_faster,0.663172089,amd64,200,UCB1,723.8448419999486
1787824782.091149,linpack,0.732234706,amd64,200,UCB1,736.4007470000615
1787824782.128209,readdisk,1.041768434,arm64,200,UCB1,1103.7090080000098
1787824782.1581798,amd_faster,0.666010342,amd64,200,UCB1,741.2237869999672
1787824782.1935449,arm_faster,0.754045815,arm64,200,UCB1,809.8056589999487
1787824782.4430423,chacha20,1.130880682,arm64,200,UCB1,1184.7799019999457
1787824782.8339543,linpack,0.738130137,amd64,200,UCB1,742.3562579999725
1787824782.8944898,amd_faster,0.663348088,amd64,200,UCB1,735.9976940000479
1787824783.0502203,arm_faster,0.765523533,arm64,200,UCB1,856.2215990000368
1787824783.2214487,readdisk,1.041243234,arm64,200,UCB1,1092.9264009999997
1787824783.5729032,linpack,0.734809037,amd64,200,UCB1,738.5188990000415
1787824783.6105814,amd_faster,0.663247372,amd64,200,UCB1,715.791266999986
1787824783.842824,arm_faster,0.738365857,arm64,200,UCB1,792.2024120000515
1787824784.2573311,readmemory,10.336003471,arm64,200,UCB1,10390.922609999961
1787824784.3049984,linpack,0.728182328,amd64,200,UCB1,731.7674789999273
1787824784.317871,readdisk,1.042388953,arm64,200,UCB1,1096.0235640000064
1787824784.3239465,amd_faster,0.662742336,amd64,200,UCB1,712.9689529999723
1787824784.6298482,arm_faster,0.733990377,arm64,200,UCB1,786.6185549999045
1787824784.7405488,thread,18.104768429,arm64,200,UCB1,18163.27180299993
1787824784.8955946,chacha20,2.395730704,arm64,200,UCB1,2452.190922
1787824785.080531,amd_faster,0.660623273,amd64,200,UCB1,756.274013000052
1787824785.4086676,arm_faster,0.726251698,arm64,200,UCB1,778.4974639999973
1787824785.4130535,readdisk,1.040446074,arm64,200,UCB1,1094.8542609999095
1787824785.785819,linpack,1.474451974,amd64,200,UCB1,1480.3902649999827
1787824785.7944677,amd_faster,0.663662016,amd64,200,UCB1,713.4130450000384
1787824786.0182884,chacha20,1.06911505,arm64,200,UCB1,1122.2682190000342
1787824786.1831415,arm_faster,0.723828619,arm64,200,UCB1,774.0244900001017
1787824786.350873,filehandle,29.563909902,arm64,200,UCB1,29567.386337000018
1787824786.5110722,amd_faster,0.663283753,amd64,200,UCB1,716.278783000007
1787824786.5498018,readdisk,1.040012954,arm64,200,UCB1,1136.3688370000773
1787824786.9625952,arm_faster,0.718906819,arm64,200,UCB1,779.1408139999021
1787824787.1459305,chacha20,1.07527193,arm64,200,UCB1,1127.1553399999448
1787824787.2285821,amd_faster,0.662014664,amd64,200,UCB1,717.204201999948
1787824787.6591516,readdisk,1.040257634,arm64,200,UCB1,1109.021005000045
1787824787.7258055,linpack,1.935973846,amd64,200,UCB1,1939.5632850000766
1787824787.7419348,arm_faster,0.719141939,arm64,200,UCB1,778.9303480000171
1787824787.9481094,amd_faster,0.662519057,amd64,200,UCB1,719.1019319999441
1787824788.5274959,arm_faster,0.722457539,arm64,200,UCB1,785.2469519999659
1787824788.666031,amd_faster,0.662070413,amd64,200,UCB1,717.6041289999375
1787824788.7515073,readdisk,1.040441714,arm64,200,UCB1,1092.0320940000465
1787824789.3166082,arm_faster,0.722762579,arm64,200,UCB1,788.7479449999546
1787824789.3671966,chacha20,2.164363577,arm64,200,UCB1,2220.905129000016
1787824789.376391,amd_faster,0.660165116,amd64,200,UCB1,710.0392280000278
1787824789.7622623,linpack,2.031816438,amd64,200,UCB1,2036.1072740000736
1787824789.8485234,readdisk,1.039444914,arm64,200,UCB1,1096.6376279999395
1787824790.0932987,arm_faster,0.725409658,arm64,200,UCB1,776.3381760000811
1787824790.145462,amd_faster,0.66218471,amd64,200,UCB1,768.7462910000704
1787824790.5029936,chacha20,1.078736968,arm64,200,UCB1,1135.4724809999652
1787824790.8601484,amd_faster,0.661721161,amd64,200,UCB1,714.3656040000224
1787824790.878523,arm_faster,0.731833338,arm64,200,UCB1,784.8988490000011
1787824790.9633682,readdisk,1.042119153,arm64,200,UCB1,1114.4608700000163
1787824791.5745864,amd_faster,0.662438926,amd64,200,UCB1,714.1301240000075
1787824791.6855905,arm_faster,0.725428539,arm64,200,UCB1,806.7210550000254
1787824791.8542736,linpack,2.087968285,amd64,200,UCB1,2091.65065600007
1787824792.0603263,readdisk,1.042272193,arm64,200,UCB1,1096.6438809999772
1787824792.291629,amd_faster,0.66276243,amd64,200,UCB1,716.6645599999129
1787824792.4610205,arm_faster,0.723712778,arm64,200,UCB1,774.9981680000246
1787824792.8143802,chacha20,2.259876284,arm64,200,UCB1,2311.0575409999683
1787824793.0095925,amd_faster,0.661722387,amd64,200,UCB1,717.524868000055
1787824793.1595798,readdisk,1.043376473,arm64,200,UCB1,1098.9117000000306
1787824793.2398899,arm_faster,0.723485139,arm64,200,UCB1,778.4977889999709
1787824793.7250729,amd_faster,0.661439912,amd64,200,UCB1,715.0898140000663
1787824793.854117,linpack,1.995880277,amd64,200,UCB1,1999.5018249999248
1787824793.9405246,chacha20,1.07329057,arm64,200,UCB1,1125.7986350000238
1787824794.0158381,arm_faster,0.723405618,arm64,200,UCB1,775.5464640000582
1787824794.2554631,readdisk,1.041162954,arm64,200,UCB1,1095.5405989999463
1787824794.44489,amd_faster,0.662661624,amd64,200,UCB1,719.388735999928
1787824794.6463327,readmemory,10.335542031,arm64,200,UCB1,10388.669249999908
1787824794.794554,arm_faster,0.723955738,arm64,200,UCB1,778.3529289999933
1787824795.070226,chacha20,1.07183941,arm64,200,UCB1,1129.3066100000715
1787824795.159792,amd_faster,0.664776273,amd64,200,UCB1,714.4885939999313
1787824795.3525698,readdisk,1.042659154,arm64,200,UCB1,1096.75198299999
1787824795.5677786,arm_faster,0.719049379,arm64,200,UCB1,772.8290349999725
1787824795.8740628,amd_faster,0.661378361,amd64,200,UCB1,713.9138510000294
1787824796.0331125,linpack,2.174603568,amd64,200,UCB1,2178.655453000033
1787824796.207231,chacha20,1.0800370479999999,arm64,200,UCB1,1136.6805519999161
1787824796.344405,arm_faster,0.723418779,arm64,200,UCB1,776.2986860000183
1787824796.4455056,readdisk,1.041736394,arm64,200,UCB1,1092.59443499991
1787824796.588973,amd_faster,0.665204921,amd64,200,UCB1,714.6114130000569
1787824797.1262605,arm_faster,0.722608899,arm64,200,UCB1,781.5223070000457
1787824797.3077736,amd_faster,0.664141686,amd64,200,UCB1,718.4070229999406
1787824797.33308,chacha20,1.07244277,arm64,200,UCB1,1125.514183000064
1787824797.5386043,readdisk,1.041153754,arm64,200,UCB1,1092.779207000035
1787824797.9084792,arm_faster,0.724724618,arm64,200,UCB1,781.8933700000343
1787824798.0232515,amd_faster,0.660715344,amd64,200,UCB1,715.1351580000664
1787824798.2693918,linpack,2.23207373,amd64,200,UCB1,2235.957190000022
1787824798.5001912,chacha20,1.076798369,arm64,200,UCB1,1166.799998999977
1787824798.6332676,readdisk,1.039927034,arm64,200,UCB1,1094.235872000013
1787824798.686881,arm_faster,0.724407819,arm64,200,UCB1,778.0262830000311
1787824798.7361512,amd_faster,0.660578183,amd64,200,UCB1,712.5868740000669
1787824799.44853,amd_faster,0.660961901,amd64,200,UCB1,712.097311999969
1787824799.462638,arm_faster,0.722445178,arm64,200,UCB1,775.4300689999809
1787824799.6211987,chacha20,1.06896949,arm64,200,UCB1,1120.6983220000666
1787824799.72627,readdisk,1.041036834,arm64,200,UCB1,1092.683839000074
1787824800.113249,amd_faster,0.661588951,amd64,200,UCB1,664.3263079999997
1787824800.245871,arm_faster,0.730523258,arm64,200,UCB1,782.7427879999505
1787824800.4352438,linpack,2.161342451,amd64,200,UCB1,2165.5360970000856
1787824800.8280516,amd_faster,0.662987968,amd64,200,UCB1,714.463109999997
1787824800.8353908,readdisk,1.041639314,arm64,200,UCB1,1108.80535900003
1787824801.0192735,arm_faster,0.723054978,arm64,200,UCB1,773.0502959999512
1787824801.144451,chacha20,1.471475634,arm64,200,UCB1,1522.9509779999262
1787824801.5424385,amd_faster,0.663971416,amd64,200,UCB1,714.0798670000095
1787824801.7954361,arm_faster,0.724197339,arm64,200,UCB1,775.834887999963
1787824801.983962,readdisk,1.041711234,arm64,200,UCB1,1148.221256999932
1787824802.2583086,amd_faster,0.664693257,amd64,200,UCB1,715.5465749999621
1787824802.271871,chacha20,1.0748160900000001,arm64,200,UCB1,1126.9622209999852
1787824802.5750055,arm_faster,0.722788818,arm64,200,UCB1,779.2485759999863
1787824802.7243237,linpack,2.284083824,amd64,200,UCB1,2288.7558219999846
1787824802.970526,amd_faster,0.662690314,amd64,200,UCB1,711.8804919999775
1787824803.0839052,readdisk,1.041255834,arm64,200,UCB1,1099.493272000018
1787824803.3519864,arm_faster,0.723250618,arm64,200,UCB1,776.6423169999825
1787824803.425,chacha20,1.06660105,arm64,200,UCB1,1152.7874579999207
1787824803.6915305,amd_faster,0.660389831,amd64,200,UCB1,720.6995379999626
1787824804.122111,arm_faster,0.71739062,arm64,200,UCB1,769.7934049999731
1787824804.1795797,readdisk,1.042019512,arm64,200,UCB1,1095.3290310000057
1787824804.4085171,amd_faster,0.661595609,amd64,200,UCB1,716.5922100000444
1787824804.5499227,chacha20,1.07163629,arm64,200,UCB1,1124.4585299999699
1787824804.8948417,arm_faster,0.723570698,arm64,200,UCB1,772.3082710000426
1787824804.928023,linpack,2.198940196,amd64,200,UCB1,2203.318465999928
1787824805.131504,amd_faster,0.66290903,amd64,200,UCB1,722.5789249999934
1787824805.278639,readdisk,1.04168763,arm64,200,UCB1,1098.64531300002
1787824805.6765032,arm_faster,0.728497098,arm64,200,UCB1,781.3365980000526
1787824805.6823416,chacha20,1.07143997,arm64,200,UCB1,1132.0902889999616
1787824805.847297,amd_faster,0.664310534,amd64,200,UCB1,715.4730820000168
1787824806.375398,readdisk,1.04132567,arm64,200,UCB1,1096.3095539999586
1787824806.454263,arm_faster,0.726269378,arm64,200,UCB1,777.4452369999381
1787824806.5632524,amd_faster,0.664719211,amd64,200,UCB1,715.6592219999993
1787824806.952954,readmemory,12.179874561,amd64,200,UCB1,12306.281041000035
1787824807.1928651,linpack,2.243015889,amd64,200,UCB1,2264.4283900000346
1787824807.2303884,arm_faster,0.723706018,arm64,200,UCB1,775.8070259999386
1787824807.2784119,amd_faster,0.662194474,amd64,200,UCB1,714.8168710000391
1787824807.4729917,readdisk,1.04101419,arm64,200,UCB1,1097.273335000068
1787824807.5927947,thread,22.697186304,amd64,200,UCB1,22851.802991
1787824807.8756409,chacha20,2.098131346,arm64,200,UCB1,2192.940935000024
1787824807.9985554,amd_faster,0.661497892,amd64,200,UCB1,719.794294000053
1787824808.0091803,arm_faster,0.724494738,arm64,200,UCB1,778.4379170000193
1787824808.1116598,linpack,0.914504017,amd64,200,UCB1,918.4465669999327
1787824808.323851,primenumber,50.153300779,amd64,200,UCB1,50254.500299999905
1787824808.5709581,readdisk,1.04146151,arm64,200,UCB1,1097.5256460000082
1787824808.7129557,amd_faster,0.662198962,amd64,200,UCB1,714.0046949999714
1787824808.849466,linpack,0.733761186,amd64,200,UCB1,737.4013929999137
1787824808.914164,arm_faster,0.811507246,arm64,200,UCB1,904.6552660000771
1787824809.0096474,chacha20,1.080551489,arm64,200,UCB1,1133.5787629999459
1787824809.428365,amd_faster,0.664918944,amd64,200,UCB1,715.0940779999928
1787824809.5909662,linpack,0.737099797,amd64,200,UCB1,741.2117009999974
1787824809.6759977,readdisk,1.041741391,arm64,200,UCB1,1104.6783970000433
1787824809.7275264,arm_faster,0.756409574,arm64,200,UCB1,813.0650030000197
1787824810.1422813,amd_faster,0.662372953,amd64,200,UCB1,713.552414999981
1787824810.3310728,linpack,0.735552427,amd64,200,UCB1,739.7758020000538
1787824810.5996392,arm_faster,0.813371166,arm64,200,UCB1,871.7144249999365
1787824810.768858,readdisk,1.04083159,arm64,200,UCB1,1092.4458030000324
1787824810.8626592,amd_faster,0.663443652,amd64,200,UCB1,720.0380169999789
1787824811.0726256,linpack,0.737319868,amd64,200,UCB1,741.1879029999682
1787824811.4421866,arm_faster,0.789434089,arm64,200,UCB1,842.1510269999999
1787824811.529684,chacha20,2.462653655,arm64,200,UCB1,2519.5924849999756
1787824811.579085,amd_faster,0.662703125,amd64,200,UCB1,716.0524419999774
1787824811.8139873,linpack,0.737234629,amd64,200,UCB1,740.9520549999797
1787824811.8624482,readdisk,1.04145723,arm64,200,UCB1,1093.2043779999958
1787824812.301069,amd_faster,0.664730528,amd64,200,UCB1,721.659188999979
1787824812.3549893,arm_faster,0.775916891,arm64,200,UCB1,912.46644499995
1787824812.5564346,linpack,0.738074164,amd64,200,UCB1,742.1544270000595
1787824812.6646585,chacha20,1.076702009,arm64,200,UCB1,1134.5718699999452
1787824812.9565072,readdisk,1.03929139,arm64,200,UCB1,1093.7443699999676
1787824813.0185187,amd_faster,0.663282892,amd64,200,UCB1,717.1306210000239
1787824813.1399927,arm_faster,0.731401377,arm64,200,UCB1,784.6591879999778
1787824813.2974014,linpack,0.736991271,amd64,200,UCB1,740.6733760000179
1787824813.7344632,amd_faster,0.661315801,amd64,200,UCB1,715.5865859999722
1787824813.7945113,chacha20,1.077857449,arm64,200,UCB1,1129.5081829999845
1787824813.9855266,arm_faster,0.790401049,arm64,200,UCB1,845.2185630000031
1787824814.036468,linpack,0.734998758,amd64,200,UCB1,738.7577529999589
1787824814.0593443,readdisk,1.039374191,arm64,200,UCB1,1102.4899579999783
1787824814.4484742,amd_faster,0.662097511,amd64,200,UCB1,713.7193470000511
1787824814.7713244,linpack,0.731087011,amd64,200,UCB1,734.5429890000332
1787824814.7968683,arm_faster,0.760351733,arm64,200,UCB1,810.9206449998965
1787824815.1626298,amd_faster,0.659993475,amd64,200,UCB1,713.8162169999305
1787824815.2262297,readdisk,1.04178871,arm64,200,UCB1,1166.5713240000741
1787824815.507284,linpack,0.731919068,amd64,200,UCB1,735.6558410000389
1787824815.612845,arm_faster,0.764587693,arm64,200,UCB1,815.5574949998936
1787824815.7055578,filehandle,29.350956088,arm64,200,UCB1,29354.355075000058
1787824815.9456284,amd_faster,0.661234533,amd64,200,UCB1,782.5278889999936
1787824815.9901268,chacha20,2.13984462,arm64,200,UCB1,2195.292419999987
1787824816.3392446,readdisk,1.04235883,arm64,200,UCB1,1112.7063200000293
1787824816.394611,arm_faster,0.731566177,arm64,200,UCB1,781.4292470000055
1787824816.6593301,amd_faster,0.661235385,amd64,200,UCB1,713.2903049999868
1787824817.0553324,chacha20,1.004985219,arm64,200,UCB1,1064.887092000049
1787824817.1176555,linpack,1.606372378,amd64,200,UCB1,1609.9472539999624
1787824817.1688018,arm_faster,0.722583619,arm64,200,UCB1,773.7467900000183
1787824817.3491833,readmemory,10.340890711,arm64,200,UCB1,10395.915840999918
1787824817.3802114,amd_faster,0.66067047,amd64,200,UCB1,720.558925999967
1787824817.4320643,readdisk,1.040098151,arm64,200,UCB1,1092.5036309999996
1787824817.9434643,arm_faster,0.721240859,arm64,200,UCB1,774.3367719999696
1787824818.1215446,amd_faster,0.662672207,amd64,200,UCB1,740.9977850001042
1787824818.5495038,readdisk,1.04172063,arm64,200,UCB1,1117.126456000051
1787824818.7230961,linpack,1.601489125,amd64,200,UCB1,1605.0266020000663
1787824818.7277532,arm_faster,0.722615818,arm64,200,UCB1,783.9258760000121
1787824818.8430088,amd_faster,0.662406684,amd64,200,UCB1,721.1140450000357
1787824819.4966228,arm_faster,0.71657974,arm64,200,UCB1,768.5351320000109
1787824819.5571587,amd_faster,0.660521774,amd64,200,UCB1,713.8456659999974
1787824819.6469939,readdisk,1.04069359,arm64,200,UCB1,1097.1741889999294
1787824819.718592,chacha20,2.611341555,arm64,200,UCB1,2662.9106719999527
1787824820.1130161,linpack,1.385954027,amd64,200,UCB1,1389.597641000023
1787824820.2830474,amd_faster,0.660645685,amd64,200,UCB1,725.538379999989
1787824820.294538,arm_faster,0.720028739,arm64,200,UCB1,797.4899509999887
1787824820.7521102,readdisk,1.04236803,arm64,200,UCB1,1104.8021880000078
1787824820.7915254,chacha20,1.012237138,arm64,200,UCB1,1072.4754789999906
1787824821.0015671,amd_faster,0.661552076,amd64,200,UCB1,718.1672660000231
1787824821.1098166,arm_faster,0.723460259,arm64,200,UCB1,814.8302109999577
1787824821.7160969,amd_faster,0.659659885,amd64,200,UCB1,714.1587190000109
1787824821.7509425,linpack,1.634033216,amd64,200,UCB1,1637.6100680000718
1787824821.8519523,readdisk,1.03991719,arm64,200,UCB1,1099.5196600000554
1787824821.881131,chacha20,1.006290899,arm64,200,UCB1,1089.193819000002
1787824821.8823512,arm_faster,0.7201115,arm64,200,UCB1,772.2415819999924
1787824822.2655106,thread,14.548662602,arm64,200,UCB1,14672.365382000065
1787824822.4289236,amd_faster,0.661063656,amd64,200,UCB1,712.424814999963
1787824822.7356722,arm_faster,0.725086058,arm64,200,UCB1,852.6559210000642
1787824822.9475155,readdisk,1.04218487,arm64,200,UCB1,1095.2214659999981
1787824822.963614,chacha20,1.004566139,arm64,200,UCB1,1082.1594249999862
1787824823.1435297,amd_faster,0.664026656,amd64,200,UCB1,714.2854420000049
1787824823.3215647,linpack,1.55288679,amd64,200,UCB1,1570.2781930000356
1787824823.5141397,arm_faster,0.721060219,arm64,200,UCB1,778.0285400000366
1787824823.859598,amd_faster,0.662348771,amd64,200,UCB1,715.5881850000014
1787824824.0399244,readdisk,1.04081859,arm64,200,UCB1,1092.0412809999789
1787824824.051689,chacha20,1.006100499,arm64,200,UCB1,1087.707683000076
1787824824.2910247,arm_faster,0.722316459,arm64,200,UCB1,776.5471629999183
1787824824.5754359,amd_faster,0.662211499,amd64,200,UCB1,715.5193499999086
1787824824.9666572,linpack,1.6409391260000001,amd64,200,UCB1,1644.6815799999968
1787824824.9924576,primenumber,16.545456155,arm64,200,UCB1,16668.26980799999
1787824825.0662167,arm_faster,0.722510058,arm64,200,UCB1,774.8567510000157
1787824825.1416514,readdisk,1.04266575,arm64,200,UCB1,1101.3938709999138
1787824825.2904599,amd_faster,0.663727736,amd64,200,UCB1,714.7404959999903
1787824825.8558393,arm_faster,0.738157017,arm64,200,UCB1,789.2060469999933
1787824826.005137,amd_faster,0.66271078,amd64,200,UCB1,714.3642160000354
1787824826.0715406,chacha20,1.922098571,arm64,200,UCB1,2019.34828200001
1787824826.2381601,readdisk,1.04230271,arm64,200,UCB1,1096.0861840000007
1787824826.616174,linpack,1.644957555,amd64,200,UCB1,1649.0923320000093
1787824826.6371648,arm_faster,0.729159257,arm64,200,UCB1,781.0055399999101
1787824826.7213697,amd_faster,0.662250354,amd64,200,UCB1,715.8748809999906
1787824827.2197797,chacha20,1.011107579,arm64,200,UCB1,1147.8234520000115
1787824827.3351657,readdisk,1.04076711,arm64,200,UCB1,1096.6800999999577
1787824827.4119875,arm_faster,0.721825939,arm64,200,UCB1,774.200841000038
1787824827.4414985,amd_faster,0.663459493,amd64,200,UCB1,719.8262709999881
1787824827.743542,readmemory,10.334873158,arm64,200,UCB1,10394.033051000064
1787824828.1818657,amd_faster,0.661953501,amd64,200,UCB1,739.9307040000167
1787824828.1924653,arm_faster,0.723853379,arm64,200,UCB1,780.052001999934
1787824828.27957,chacha20,1.007702338,arm64,200,UCB1,1059.4346510000605
1787824828.3145459,linpack,1.6941722719999999,amd64,200,UCB1,1698.0364049999253
1787824828.4275916,readdisk,1.041057471,arm64,200,UCB1,1092.1047919999864
1787824829.0338643,arm_faster,0.71926486,arm64,200,UCB1,840.9406529999615
1787824829.2679622,amd_faster,0.936682116,arm64,200,UCB1,1085.7479960000092
1787824829.5210922,readdisk,1.04071903,arm64,200,UCB1,1093.0484059999799
1787824829.81355,arm_faster,0.722690978,arm64,200,UCB1,779.3372180000233
1787824829.8545575,linpack,1.483145547,amd64,200,UCB1,1539.6709860000328
1787824829.9985867,amd_faster,0.66274715,amd64,200,UCB1,730.3018750000092
1787824830.4106812,chacha20,2.039861194,arm64,200,UCB1,2130.5276280000953
1787824830.6060243,arm_faster,0.738978976,arm64,200,UCB1,792.1301080000376
1787824830.6318414,readdisk,1.043079989,arm64,200,UCB1,1110.3408660000014
1787824830.7242353,amd_faster,0.661978641,amd64,200,UCB1,725.3122870000652
1787824831.3835685,arm_faster,0.720841819,arm64,200,UCB1,777.2085399999469
1787824831.4384916,amd_faster,0.663862611,amd64,200,UCB1,713.8942300000508
1787824831.4722497,chacha20,1.005914499,arm64,200,UCB1,1061.1538660000406
1787824831.526633,linpack,1.658316999,amd64,200,UCB1,1671.6146690000642
1787824831.7601569,readdisk,1.04143195,arm64,200,UCB1,1127.9988509999157
1787824832.1621382,amd_faster,0.664246427,amd64,200,UCB1,723.3135879999963
1787824832.1664524,arm_faster,0.723697979,arm64,200,UCB1,782.5237750000724
1787824832.8618615,readdisk,1.04087175,arm64,200,UCB1,1101.3116040001023
1787824832.8783545,amd_faster,0.661681912,amd64,200,UCB1,715.8778069999698
1787824832.9902558,arm_faster,0.725824298,arm64,200,UCB1,823.457201999986
1787824833.1945062,linpack,1.645395872,amd64,200,UCB1,1667.455589000042
1787824833.6374955,amd_faster,0.663721315,amd64,200,UCB1,758.8026199999831
1787824833.773219,arm_faster,0.720975019,arm64,200,UCB1,782.6546680000774
1787824833.8939605,thread,11.578023098,arm64,200,UCB1,11627.960330000064
1787824833.9654431,readdisk,1.041481631,arm64,200,UCB1,1103.2214150000073
1787824834.0502443,chacha20,2.50225481,arm64,200,UCB1,2577.6752820000866
1787824834.3534982,amd_faster,0.662394942,amd64,200,UCB1,715.6904650000797
1787824834.5512025,arm_faster,0.721905579,arm64,200,UCB1,777.64644399997
1787824834.818168,linpack,1.61952863,amd64,200,UCB1,1623.341762999985
1787824835.0699954,amd_faster,0.660369992,amd64,200,UCB1,716.1505610000631
1787824835.0713139,readdisk,1.04574167,arm64,200,UCB1,1105.5590109999685
1787824835.1098337,chacha20,1.008753698,arm64,200,UCB1,1059.109006999961
1787824835.322162,arm_faster,0.720191099,arm64,200,UCB1,770.6477660000246
1787824835.7905228,amd_faster,0.660400838,amd64,200,UCB1,720.1649289999068
1787824836.0932894,arm_faster,0.719577281,arm64,200,UCB1,770.8220800000163
1787824836.2195356,readdisk,1.04106907,arm64,200,UCB1,1147.429539999962
1787824836.229585,chacha20,1.003700938,arm64,200,UCB1,1119.3902580000668
1787824836.5093555,amd_faster,0.66300831,amd64,200,UCB1,718.5382019999906
1787824836.5409484,linpack,1.7188917419999998,amd64,200,UCB1,1722.4448120000488
1787824836.8691692,arm_faster,0.720439242,arm64,200,UCB1,775.5396750000045
1787824837.237804,amd_faster,0.664543345,amd64,200,UCB1,728.0390729999908
1787824837.3148808,readdisk,1.04145659,arm64,200,UCB1,1094.890820000046
1787824837.3296466,chacha20,1.004140866,arm64,200,UCB1,1099.6350169999687
1787824837.6411407,arm_faster,0.721205402,arm64,200,UCB1,771.6811020000023
1787824837.9495149,amd_faster,0.661384251,amd64,200,UCB1,711.383377000061
1787824838.101567,linpack,1.5268538299999999,amd64,200,UCB1,1560.2800100000422
1787824838.1387613,readmemory,10.336571796,arm64,200,UCB1,10394.787852000036
1787824838.4074364,readdisk,1.04150667,arm64,200,UCB1,1092.236230000026
1787824838.4206836,arm_faster,0.719526041,arm64,200,UCB1,779.222200999925
1787824838.4225392,chacha20,1.005754786,arm64,200,UCB1,1092.4695279999241
1787824838.6765225,amd_faster,0.66382892,amd64,200,UCB1,726.5750840000464
1787824839.2509613,arm_faster,0.721444481,arm64,200,UCB1,829.8452420000331
1787824839.3917994,amd_faster,0.661934003,amd64,200,UCB1,714.8076139999375
1787824839.5246282,readdisk,1.04313175,arm64,200,UCB1,1116.8533530000104
1787824839.800525,linpack,1.694312752,amd64,200,UCB1,1698.501255999986
1787824840.0303304,arm_faster,0.723781802,arm64,200,UCB1,779.0069379999522
1787824840.1055856,amd_faster,0.661733917,amd64,200,UCB1,713.4270290000586
1787824840.5256732,chacha20,1.949073736,arm64,200,UCB1,2102.846382999928
1787824840.6191578,readdisk,1.04290451,arm64,200,UCB1,1094.1115910000008
1787824840.8263638,amd_faster,0.665424615,amd64,200,UCB1,720.4145970000582
1787824841.2414162,arm_faster,1.152615018,arm64,200,UCB1,1210.7530839999754
1787824841.458362,linpack,1.653404522,amd64,200,UCB1,1657.48162400007
1787824841.537816,amd_faster,0.661150084,amd64,200,UCB1,711.0536430000138
1787824841.5839155,primenumber,16.533238178,arm64,200,UCB1,16590.95360799995
1787824841.5931742,chacha20,1.016886585,arm64,200,UCB1,1067.0943220000026
1787824841.7156782,readdisk,1.04238911,arm64,200,UCB1,1096.1993390000089
1787824842.0293593,arm_faster,0.728635521,arm64,200,UCB1,787.6004350000585
1787824842.256938,amd_faster,0.663523939,amd64,200,UCB1,718.7831830000277
1787824842.80301,arm_faster,0.722061002,arm64,200,UCB1,773.3150590000832
1787824842.8129907,readdisk,1.04102591,arm64,200,UCB1,1096.8907079999326
1787824842.9709156,amd_faster,0.662789124,amd64,200,UCB1,713.5764339999469
1787824843.2046494,linpack,1.7424256470000001,amd64,200,UCB1,1745.946705999927
1787824843.578563,arm_faster,0.721536122,arm64,200,UCB1,775.2528380000285
1787824843.695619,amd_faster,0.662340514,amd64,200,UCB1,724.4140630000402
1787824843.9598489,readdisk,1.04226571,arm64,200,UCB1,1146.4729709999801
1787824844.2795742,chacha20,2.584168062,arm64,200,UCB1,2686.0725259999754
1787824844.3500433,arm_faster,0.721114122,arm64,200,UCB1,771.0514909999802
1787824844.4079719,amd_faster,0.660985824,amd64,200,UCB1,711.9124829999919
1787824844.7842493,linpack,1.575354637,amd64,200,UCB1,1579.1602060000969
1787824845.0569713,readdisk,1.04130067,arm64,200,UCB1,1096.7906989999392
1787824845.1242142,amd_faster,0.665729133,amd64,200,UCB1,715.917189000038
1787824845.1254933,arm_faster,0.723449521,arm64,200,UCB1,775.1602900000307
1787824845.3445184,chacha20,1.011660147,arm64,200,UCB1,1064.4886320000069
1787824845.5571616,thread,11.608481622,arm64,200,UCB1,11662.88452699996
1787824845.8375013,amd_faster,0.661567611,amd64,200,UCB1,712.9649449999533
1787824845.9483724,arm_faster,0.723778921,arm64,200,UCB1,822.1856899999693
1787824846.157182,readdisk,1.04115231,arm64,200,UCB1,1099.8782960000426
1787824846.3355026,linpack,1.546431938,amd64,200,UCB1,1550.890083000013
1787824846.4025657,chacha20,1.004143506,arm64,200,UCB1,1057.6738040000464
1787824846.555285,amd_faster,0.663458129,amd64,200,UCB1,717.4887570000692
1787824846.7277827,arm_faster,0.721499002,arm64,200,UCB1,778.9968639999643
1787824847.2514107,readdisk,1.04176811,arm64,200,UCB1,1093.89046900003
1787824847.2714214,amd_faster,0.66419294,amd64,200,UCB1,715.7970790000263
1787824847.4640186,chacha20,1.008050107,arm64,200,UCB1,1060.9222230000341
1787824847.4974904,arm_faster,0.719914322,arm64,200,UCB1,769.3496519999599
1787824848.0213454,linpack,1.681754512,amd64,200,UCB1,1685.5271790000188
1787824848.0278072,amd_faster,0.66059143,amd64,200,UCB1,755.9960460000639
1787824848.2927926,arm_faster,0.721763842,arm64,200,UCB1,794.8854389999269
1787824848.3534544,readdisk,1.03964083,arm64,200,UCB1,1101.714773000026
1787824848.5230625,chacha20,1.006643546,arm64,200,UCB1,1058.71540499993
1787824848.760941,amd_faster,0.664333994,amd64,200,UCB1,732.79667099996
1787824849.0946558,arm_faster,0.724985282,arm64,200,UCB1,801.4367990000437
1787824849.232179,linpack,1.206841628,amd64,200,UCB1,1210.49510499995
1787824849.4608128,readdisk,1.04273059,arm64,200,UCB1,1106.9691760000069
1787824849.479791,amd_faster,0.661042233,amd64,200,UCB1,718.4589669999468
1787824849.8770163,arm_faster,0.726192281,arm64,200,UCB1,781.9334619999836
1787824850.2454896,amd_faster,0.664745251,amd64,200,UCB1,765.374831000031
1787824850.334622,chacha20,1.7582323469999999,arm64,200,UCB1,1811.2456189999193
1787824850.358879,readmemory,12.145268499,amd64,200,UCB1,12219.694215000003
1787824850.5628881,readdisk,1.04059931,arm64,200,UCB1,1101.6468370000894
1787824850.6531055,arm_faster,0.723005722,arm64,200,UCB1,775.721429999976
1787824850.8765116,linpack,1.637880604,amd64,200,UCB1,1643.9816459999292
1787824850.9602458,amd_faster,0.660038005,amd64,200,UCB1,714.4310559999667
1787824851.3976705,chacha20,1.010946226,arm64,200,UCB1,1062.6537759999337
1787824851.4292772,arm_faster,0.722074241,arm64,200,UCB1,775.8217309999509
1787824851.6604383,readdisk,1.04224327,arm64,200,UCB1,1097.2347150000132
1787824851.6769938,amd_faster,0.662844877,amd64,200,UCB1,716.4484249999532
1787824852.2193701,arm_faster,0.720795721,arm64,200,UCB1,789.7854320000306
1787824852.4276426,amd_faster,0.661773055,amd64,200,UCB1,750.3383020000456
1787824852.454556,chacha20,1.005570627,arm64,200,UCB1,1056.4288919999854
1787824852.45689,linpack,1.576183245,amd64,200,UCB1,1580.030101000034
1787824852.7575142,readdisk,1.039601271,arm64,200,UCB1,1096.7073829999663
1787824852.9925246,arm_faster,0.724098001,arm64,200,UCB1,772.8271030000542
1787824853.151514,amd_faster,0.66631914,amd64,200,UCB1,723.4706889998961
1787824853.545606,chacha20,1.009037907,arm64,200,UCB1,1090.6988519999459
1787824853.7633796,arm_faster,0.720497002,arm64,200,UCB1,770.5473600000232
1787824853.8515363,readdisk,1.04254075,arm64,200,UCB1,1093.6848609999288
1787824853.866296,amd_faster,0.65978743,amd64,200,UCB1,714.3789939999579
1787824854.0835376,linpack,1.5459037,amd64,200,UCB1,1626.2558690000333
1787824854.5414388,arm_faster,0.723467882,arm64,200,UCB1,777.7075709999508
1787824854.6046686,chacha20,1.004690186,arm64,200,UCB1,1058.6973139999145
1787824854.6395447,amd_faster,0.664123502,amd64,200,UCB1,772.9527830000507
1787824854.9561634,readdisk,1.04166295,arm64,200,UCB1,1104.2512910000823
1787824855.3174064,arm_faster,0.720523641,arm64,200,UCB1,775.6417509999665
1787824855.3721282,amd_faster,0.663244192,amd64,200,UCB1,732.1854709999798
1787824855.6582675,linpack,1.570304543,amd64,200,UCB1,1574.329472000045
1787824855.6814804,chacha20,1.020804106,arm64,200,UCB1,1076.415106000013
1787824856.049123,readdisk,1.03992643,arm64,200,UCB1,1092.6482550000856
1787824856.0863748,amd_faster,0.660670721,amd64,200,UCB1,713.9286400000628
1787824856.0954118,arm_faster,0.724074962,arm64,200,UCB1,777.6905650000572
1787824856.7388349,chacha20,1.005812107,arm64,200,UCB1,1056.9363319999638
1787824856.819359,amd_faster,0.66252781,amd64,200,UCB1,732.6712799999768
1787824856.9349015,arm_faster,0.721868881,arm64,200,UCB1,839.0844079999624
1787824857.0022798,thread,11.379501234,arm64,200,UCB1,11444.809865000025
1787824857.1431396,readdisk,1.03923539,arm64,200,UCB1,1093.6740219999592
1787824857.3599179,linpack,1.6976740879999999,amd64,200,UCB1,1701.3238700000102
1787824857.5365367,amd_faster,0.663927354,amd64,200,UCB1,716.8748050000886
1787824858.1924741,primenumber,16.550692016,arm64,200,UCB1,16608.236961999977
1787824858.2480843,readdisk,1.04003743,arm64,200,UCB1,1104.591504000041
1787824858.261167,amd_faster,0.6612855,amd64,200,UCB1,724.2933510000285
1787824858.5859942,arm_faster,1.4878694239999999,amd64,200,UCB1,1650.7873250000102
1787824858.9048674,chacha20,2.104746488,arm64,200,UCB1,2165.5862999999727
1787824858.910656,linpack,1.5468664730000001,amd64,200,UCB1,1550.4216299999598
1787824859.015409,amd_faster,0.664667583,amd64,200,UCB1,753.9338720000615
1787824859.340539,readdisk,1.03998295,arm64,200,UCB1,1092.127749000042
1787824859.3615742,arm_faster,0.721804602,arm64,200,UCB1,775.2460730000621
1787824859.7351108,amd_faster,0.661391258,amd64,200,UCB1,719.3695849999813
1787824859.963347,chacha20,1.005076547,arm64,200,UCB1,1058.1351959999665
1787824860.1715095,arm_faster,0.721308242,arm64,200,UCB1,809.5232089999627
1787824860.3224893,linpack,1.363182385,amd64,200,UCB1,1411.4146330000494
1787824860.4353251,readdisk,1.04060535,arm64,200,UCB1,1094.3362159999879
1787824860.44682,amd_faster,0.661631605,amd64,200,UCB1,711.3422889999583
1787824860.7741833,readmemory,10.336617675,arm64,200,UCB1,10414.975516999903
1787824860.9569142,arm_faster,0.721711042,arm64,200,UCB1,784.9855389999902
1787824861.0235069,chacha20,1.005831306,arm64,200,UCB1,1059.8555010000155
1787824861.2038796,amd_faster,0.663002524,amd64,200,UCB1,756.6354859999365
1787824861.5335276,readdisk,1.03974743,arm64,200,UCB1,1097.873687999936
1787824861.732986,arm_faster,0.723695762,arm64,200,UCB1,775.7692289999341
1787824861.743781,linpack,1.416963126,amd64,200,UCB1,1420.9072190000143
1787824861.9245565,amd_faster,0.663264849,amd64,200,UCB1,720.3405149999753
1787824862.5071867,arm_faster,0.721463481,arm64,200,UCB1,773.8739129999885
1787824862.63157,readdisk,1.04068795,arm64,200,UCB1,1097.7073310000378
1787824862.6425138,amd_faster,0.663277365,amd64,200,UCB1,717.5679970000601
1787824862.919195,filehandle,47.208128693,amd64,200,UCB1,47213.24729499997
1787824863.0518665,linpack,1.2650267419999999,amd64,200,UCB1,1307.6611129999947
1787824863.2192366,chacha20,2.143805125,arm64,200,UCB1,2195.384538999974
1787824863.2840376,arm_faster,0.725113761,arm64,200,UCB1,776.5151020000758
1787824863.3989205,amd_faster,0.663255359,amd64,200,UCB1,756.0161830000425
1787824863.7289605,readdisk,1.04093011,arm64,200,UCB1,1096.9547610000063
1787824863.7910986,linpack,0.735309994,amd64,200,UCB1,738.8874410000881
1787824864.1144707,amd_faster,0.662311698,amd64,200,UCB1,715.2309839999589
1787824864.1289248,arm_faster,0.789837518,arm64,200,UCB1,844.474769000044
1787824864.3443367,chacha20,1.075198582,arm64,200,UCB1,1124.7614820000535
1787824864.5305433,linpack,0.734861779,amd64,200,UCB1,739.1364040000781
1787824864.8246348,readdisk,1.04082143,arm64,200,UCB1,1095.3612250000333
1787824864.8311632,amd_faster,0.663378635,amd64,200,UCB1,716.3711210000656
1787824864.9965317,arm_faster,0.778614759,arm64,200,UCB1,867.2816780000403
1787824865.2746363,linpack,0.739614692,amd64,200,UCB1,743.7469479999663
1787824865.5874083,amd_faster,0.663568905,amd64,200,UCB1,755.9637260000045
1787824865.7854667,arm_faster,0.729676361,arm64,200,UCB1,788.6396740000237
1787824865.9149277,readdisk,1.039156471,arm64,200,UCB1,1089.742440000009
1787824866.0174837,linpack,0.738721832,amd64,200,UCB1,742.424906999986
1787824866.3065205,amd_faster,0.661874338,amd64,200,UCB1,718.79181099996
1787824866.595973,arm_faster,0.75855128,arm64,200,UCB1,810.1823339999328
1787824866.7540047,linpack,0.732489,amd64,200,UCB1,736.1834960000806
1787824866.8169453,chacha20,2.417266631,arm64,200,UCB1,2472.2746529999995
1787824867.0104191,readdisk,1.04216711,arm64,200,UCB1,1095.161652999991
1787824867.020821,amd_faster,0.662993087,amd64,200,UCB1,713.9064169999756
1787824867.3969767,arm_faster,0.731153401,arm64,200,UCB1,800.6763089999822
1787824867.4926746,linpack,0.734402893,amd64,200,UCB1,738.3159119999618
1787824867.7773354,amd_faster,0.660567656,amd64,200,UCB1,756.1933089999684
1787824867.993914,chacha20,1.12542626,arm64,200,UCB1,1176.6285360000666
1787824868.1100292,readdisk,1.04033067,arm64,200,UCB1,1099.2800120000084
1787824868.235265,linpack,0.737930967,amd64,200,UCB1,742.1741559999191
1787824868.2405562,arm_faster,0.789610078,arm64,200,UCB1,843.2610039999417
1787824868.4935553,amd_faster,0.660379519,amd64,200,UCB1,715.9043389999624
1787824868.9759545,linpack,0.736517293,amd64,200,UCB1,740.3299830000378
1787824869.147831,arm_faster,0.852597795,arm64,200,UCB1,906.7953370000623
1787824869.1574285,chacha20,1.109726701,arm64,200,UCB1,1163.194006000026
1787824869.2073092,readdisk,1.040339791,arm64,200,UCB1,1096.94072100001
1787824869.2086651,amd_faster,0.663936455,amd64,200,UCB1,714.795337000055
1787824869.7175508,linpack,0.737195295,amd64,200,UCB1,741.3025150000294
1787824869.991527,arm_faster,0.780798079,arm64,200,UCB1,843.3553730000085
1787824870.034349,amd_faster,0.664114726,amd64,200,UCB1,824.9645089999831
1787824870.3634818,readdisk,1.041030071,arm64,200,UCB1,1155.792523999935
1787824870.4510138,linpack,0.729163983,amd64,200,UCB1,733.0214600000318
1787824870.7615476,amd_faster,0.664402243,amd64,200,UCB1,726.81207800008
1787824870.7930853,arm_faster,0.74372036,arm64,200,UCB1,801.260698999954
1787824871.1847951,linpack,0.72907281,amd64,200,UCB1,733.3707850000337
1787824871.2516742,readmemory,10.331780637,arm64,200,UCB1,10477.160409000022
1787824871.424049,chacha20,2.162515844,arm64,200,UCB1,2266.2948400000005
1787824871.466459,readdisk,1.042884431,arm64,200,UCB1,1102.545565000014
1787824871.4803598,amd_faster,0.661191325,amd64,200,UCB1,718.4866240000929
1787824871.6399484,arm_faster,0.772116279,arm64,200,UCB1,846.4271919999646
1787824871.9190753,linpack,0.73036657,amd64,200,UCB1,733.9424479999934
1787824872.2433975,amd_faster,0.660702743,amd64,200,UCB1,762.7191420000372
1787824872.3817523,thread,15.324138503,arm64,200,UCB1,15379.08432900008
1787824872.5309453,arm_faster,0.755956559,arm64,200,UCB1,890.6670659999918
1787824872.5757747,readdisk,1.04288607,arm64,200,UCB1,1108.898914000065
1787824872.6235437,chacha20,1.142358939,arm64,200,UCB1,1199.1712899999811
1787824872.6551483,linpack,0.732164439,amd64,200,UCB1,735.7681649999677
1787824872.9572227,amd_faster,0.663656968,amd64,200,UCB1,713.4916109999949
1787824873.3204296,arm_faster,0.7388814,arm64,200,UCB1,789.1555769999741
1787824873.41406,linpack,0.722412928,amd64,200,UCB1,758.5713160000296
1787824873.6719716,readdisk,1.04154307,arm64,200,UCB1,1095.863515000019
1787824873.6732335,amd_faster,0.663262849,amd64,200,UCB1,715.7557479999923
1787824874.1284022,arm_faster,0.755471439,arm64,200,UCB1,807.6498909999827
1787824874.1501133,linpack,0.732217181,amd64,200,UCB1,735.7408110000279
1787824874.4375253,amd_faster,0.660579445,amd64,200,UCB1,763.5860040001035
1787824874.7674556,readdisk,1.040546391,arm64,200,UCB1,1095.1581089999536
1787824874.8096778,primenumber,16.559862974,arm64,200,UCB1,16616.862278999975
1787824874.9071603,linpack,0.724884981,amd64,200,UCB1,756.6865879999796
1787824874.9083574,arm_faster,0.727486681,arm64,200,UCB1,779.6685999999227
1787824875.1520662,amd_faster,0.663615111,amd64,200,UCB1,714.12659300006
1787824875.3480139,chacha20,2.657504058,arm64,200,UCB1,2724.0714619999835
1787824875.6466076,linpack,0.735001368,amd64,200,UCB1,739.1384170000492
1787824875.704385,arm_faster,0.725895401,arm64,200,UCB1,795.3448870000557
1787824875.8791742,amd_faster,0.662105377,amd64,200,UCB1,726.7859680000583
1787824875.956492,readdisk,1.041761191,arm64,200,UCB1,1188.6931459999914
1787824876.382879,linpack,0.731666761,amd64,200,UCB1,735.7828760000302
1787824876.4965413,chacha20,1.096125301,arm64,200,UCB1,1148.2135369999469
1787824876.548494,arm_faster,0.793379397,arm64,200,UCB1,843.7972560000162
1787824876.6482806,amd_faster,0.66124134,amd64,200,UCB1,768.8148600000204
1787824877.0500417,readdisk,1.042502751,arm64,200,UCB1,1093.186087999925
1787824877.1249137,linpack,0.737708188,amd64,200,UCB1,741.6761650000581
1787824877.36537,amd_faster,0.663362161,amd64,200,UCB1,716.7575299999953
1787824877.496731,arm_faster,0.890483713,arm64,200,UCB1,947.9009049999831
1787824877.8651042,linpack,0.736376521,amd64,200,UCB1,739.8662840000725
1787824878.079455,amd_faster,0.663127414,amd64,200,UCB1,713.7220390000039
1787824878.146297,readdisk,1.039923991,arm64,200,UCB1,1095.9289710000348
1787824878.3424566,arm_faster,0.779292159,arm64,200,UCB1,845.4153629999155
1787824878.6201196,linpack,0.750818683,amd64,200,UCB1,754.6942339999987
1787824878.7963068,amd_faster,0.660360468,amd64,200,UCB1,716.5353479999794
1787824878.9460642,chacha20,2.392647633,arm64,200,UCB1,2449.077322999983
1787824879.1194026,arm_faster,0.724877601,arm64,200,UCB1,776.6377149999926
1787824879.2389452,readdisk,1.040344271,arm64,200,UCB1,1092.325724000034
1787824879.357453,linpack,0.73347036,amd64,200,UCB1,736.9893339999862
1787824879.5131767,amd_faster,0.662321046,amd64,200,UCB1,716.5859880000198
1787824879.9061322,arm_faster,0.735474841,arm64,200,UCB1,786.4172919998964
1787824880.093178,chacha20,1.095057382,arm64,200,UCB1,1146.7988189999687
1787824880.1057844,linpack,0.743788669,amd64,200,UCB1,747.9436699999269
1787824880.2315056,amd_faster,0.66288622,amd64,200,UCB1,718.0205639999713
1787824880.3319945,readdisk,1.042377391,arm64,200,UCB1,1092.7415879999671
1787824880.7346227,arm_faster,0.775972478,arm64,200,UCB1,828.1943010000532
1787824880.8742042,linpack,0.722761495,amd64,200,UCB1,768.0882559999418
1787824880.9476414,amd_faster,0.661394223,amd64,200,UCB1,715.812536000044
1787824881.2350695,chacha20,1.084545582,arm64,200,UCB1,1141.5655969999534
1787824881.4245136,readdisk,1.039143471,arm64,200,UCB1,1092.1858149999935
1787824881.5454986,arm_faster,0.757090919,arm64,200,UCB1,810.4702780000252
1787824881.6143694,linpack,0.736015126,amd64,200,UCB1,739.8620650000112
1787824881.6454098,readmemory,10.336570036,arm64,200,UCB1,10393.333919000042
1787824881.66287,amd_faster,0.664909554,amd64,200,UCB1,714.7620179999876
1787824882.348645,arm_faster,0.75171856,arm64,200,UCB1,802.8205450000314
1787824882.3500557,linpack,0.731791017,amd64,200,UCB1,735.3953140000158
1787824882.3756075,chacha20,1.085297262,arm64,200,UCB1,1140.214044000004
1787824882.4185839,amd_faster,0.664069602,amd64,200,UCB1,755.3666229999862
1787824882.519291,readdisk,1.040451231,arm64,200,UCB1,1094.4661600000245
1787824883.1265013,linpack,0.71982549,amd64,200,UCB1,775.7611100000759
1787824883.1746192,arm_faster,0.769112879,arm64,200,UCB1,825.5381270000726
1787824883.1818964,amd_faster,0.663338638,amd64,200,UCB1,762.8285839999762
1787824883.6156666,readdisk,1.041905391,arm64,200,UCB1,1096.0574150000184
1787824883.6381533,chacha20,1.170154418,arm64,200,UCB1,1262.0994889999793
1787824883.8674808,linpack,0.736971893,amd64,200,UCB1,740.6335409999656
1787824883.935853,amd_faster,0.660234481,amd64,200,UCB1,753.5582240000167
1787824884.0044372,arm_faster,0.775708238,arm64,200,UCB1,829.3160570000282
1787824884.610122,linpack,0.738612021,amd64,200,UCB1,742.3102970000173
1787824884.6515782,amd_faster,0.663428469,amd64,200,UCB1,715.4033829999662
1787824884.7134206,readdisk,1.040403391,arm64,200,UCB1,1097.3283849999689
1787824884.8694143,arm_faster,0.808805997,arm64,200,UCB1,864.6536830000286
1787824885.3489661,linpack,0.734819107,amd64,200,UCB1,738.5154930000226
1787824885.3698115,amd_faster,0.661689296,amd64,200,UCB1,717.7464139999756
1787824885.6625888,arm_faster,0.733781081,arm64,200,UCB1,792.8262389999645
1787824885.8046708,chacha20,2.083575769,arm64,200,UCB1,2166.213158000005
1787824885.8095276,readdisk,1.040658151,arm64,200,UCB1,1095.8107280000604
1787824886.0888064,linpack,0.73544508,amd64,200,UCB1,739.4397629999503
1787824886.094818,amd_faster,0.663351752,amd64,200,UCB1,724.6276840000974
1787824886.4555745,arm_faster,0.728472642,arm64,200,UCB1,792.5728180000533
1787824886.8073826,amd_faster,0.6615762,amd64,200,UCB1,712.2264270000187
1787824886.8308604,linpack,0.737447721,amd64,200,UCB1,741.6321800000105
1787824886.9522831,readdisk,1.040286351,arm64,200,UCB1,1142.4610049999728
1787824886.971958,chacha20,1.111976821,arm64,200,UCB1,1166.8571850000262
1787824887.3076613,arm_faster,0.801179877,arm64,200,UCB1,851.7377250000209
1787824887.5214937,amd_faster,0.661207485,amd64,200,UCB1,713.7818500000321
1787824887.593645,linpack,0.732444662,amd64,200,UCB1,762.4848519999432
1787824888.0521894,readdisk,1.040315231,arm64,200,UCB1,1099.596490999943
1787824888.1828065,chacha20,1.121495541,arm64,200,UCB1,1210.4452830000128
1787824888.1841273,arm_faster,0.824742477,arm64,200,UCB1,876.0765480000146
1787824888.240598,amd_faster,0.663223764,amd64,200,UCB1,718.7884250000707
1787824888.334087,linpack,0.735914201,amd64,200,UCB1,740.0308210000048
1787824888.9965284,amd_faster,0.661243985,amd64,200,UCB1,755.5338129999427
1787824889.010424,arm_faster,0.725512802,arm64,200,UCB1,825.6395530000873
1787824889.0695357,linpack,0.731558309,amd64,200,UCB1,735.1096579999421
1787824889.149899,readdisk,1.043093711,arm64,200,UCB1,1097.313612999983
1787824889.3335195,chacha20,1.096651661,arm64,200,UCB1,1150.3892979999364
1787824889.7108567,amd_faster,0.663492665,amd64,200,UCB1,713.9621809999426
1787824889.8206487,linpack,0.721945944,amd64,200,UCB1,750.7140249999793
1787824889.8645456,arm_faster,0.766793759,arm64,200,UCB1,853.802754999947
1787824890.242653,readdisk,1.04053675,arm64,200,UCB1,1092.4119999999675
1787824890.4294553,amd_faster,0.661159695,amd64,200,UCB1,718.2683990000669
1787824890.4902391,chacha20,1.094914502,arm64,200,UCB1,1156.3198659999898
1787824890.5544353,linpack,0.729956123,amd64,200,UCB1,733.4100069999749
1787824890.6455817,arm_faster,0.729912761,arm64,200,UCB1,780.7399099999657
1787824891.14405,amd_faster,0.661155764,amd64,200,UCB1,714.2410989999917
1787824891.30068,linpack,0.741529572,amd64,200,UCB1,745.9192019999819
1787824891.3420446,readdisk,1.041333631,arm64,200,UCB1,1098.9474240000163
1787824891.4462807,arm_faster,0.74949416,arm64,200,UCB1,800.2815819999114
1787824891.4561956,primenumber,16.553938358,arm64,200,UCB1,16646.099239000025
1787824891.8574076,amd_faster,0.662085148,amd64,200,UCB1,713.0404189999808
1787824892.0340111,readmemory,10.333068646,arm64,200,UCB1,10388.296378000065
1787824892.042001,linpack,0.73680391,amd64,200,UCB1,740.920585999902
1787824892.284266,arm_faster,0.784468638,arm64,200,UCB1,837.6639049999994
1787824892.3272305,chacha20,1.7736112259999999,arm64,200,UCB1,1836.6762210000616
1787824892.415581,thread,19.89848422,arm64,200,UCB1,20033.436644000063
1787824892.4426603,readdisk,1.040749631,arm64,200,UCB1,1100.2973829999974
1787824892.4644792,filehandle,29.538471307000002,arm64,200,UCB1,29544.97161200004
1787824892.5690768,amd_faster,0.660879345,amd64,200,UCB1,711.3670009999851
1787824892.8112538,linpack,0.719021507,amd64,200,UCB1,768.9301469999918
1787824893.0812542,arm_faster,0.738419281,arm64,200,UCB1,796.6402860000699
1787824893.2815454,amd_faster,0.661175701,amd64,200,UCB1,712.109061000092
1787824893.550526,linpack,0.735284294,amd64,200,UCB1,738.9790360000461
1787824893.5675693,readdisk,1.040954871,arm64,200,UCB1,1124.5089860000235
1787824893.8659344,arm_faster,0.727188801,arm64,200,UCB1,784.3125209999471
1787824893.9994967,amd_faster,0.661059533,amd64,200,UCB1,717.5518519999287
1787824894.1015065,chacha20,1.707784909,arm64,200,UCB1,1773.965563000047
1787824894.2879345,linpack,0.733434334,amd64,200,UCB1,737.0744090000017
1787824894.6487703,arm_faster,0.730495241,arm64,200,UCB1,782.4614730000121
1787824894.6631222,readdisk,1.041823471,arm64,200,UCB1,1095.1581760000408
1787824894.7123895,amd_faster,0.661923418,amd64,200,UCB1,712.6067429999239
1787824895.0280514,linpack,0.735982075,amd64,200,UCB1,739.7701419999976
1787824895.4364219,arm_faster,0.727207041,arm64,200,UCB1,787.3351060000005
1787824895.466659,amd_faster,0.661457847,amd64,200,UCB1,753.9290510000001
1787824895.7685463,linpack,0.73650576,amd64,200,UCB1,740.1654640000288
1787824895.7982562,readdisk,1.040381711,arm64,200,UCB1,1134.8255550000204
1787824896.0115938,chacha20,1.856314142,arm64,200,UCB1,1909.7245000000385
1787824896.2158446,amd_faster,0.66133814,amd64,200,UCB1,748.7061970000468
1787824896.2273974,arm_faster,0.731108321,arm64,200,UCB1,790.6265589999748
1787824896.5056243,linpack,0.732563212,amd64,200,UCB1,736.6732309999406
1787824896.89078,readdisk,1.039233631,arm64,200,UCB1,1092.1151920000511
1787824896.9344742,amd_faster,0.661861718,amd64,200,UCB1,718.2911800000511
1787824897.1554487,arm_faster,0.822641276,arm64,200,UCB1,927.694757999916
1787824897.1970844,chacha20,1.129694859,arm64,200,UCB1,1185.0731319999568
1787824897.2441416,linpack,0.733852778,amd64,200,UCB1,738.1126259999746
1787824897.6544933,amd_faster,0.662772001,amd64,200,UCB1,719.6886300000642
1787824897.9785907,arm_faster,0.764759279,arm64,200,UCB1,822.8243149999344
1787824897.983592,readdisk,1.04064619,arm64,200,UCB1,1092.4834929999179
1787824897.9986277,linpack,0.733881357,amd64,200,UCB1,754.1679180000074
1787824898.368272,amd_faster,0.663684819,amd64,200,UCB1,713.4598389999383
1787824898.4524353,chacha20,1.188651697,arm64,200,UCB1,1255.0306099999489
1787824898.806536,linpack,0.715647754,amd64,200,UCB1,807.5022369999942
1787824899.0140028,arm_faster,0.983684588,arm64,200,UCB1,1035.0100960000646
1787824899.0844834,amd_faster,0.661005016,amd64,200,UCB1,715.8695120000402
1787824899.1359706,readdisk,1.04626683,arm64,200,UCB1,1151.9585879999568
1787824899.5759594,linpack,0.765561049,amd64,200,UCB1,768.9194249999218
1787824899.586883,chacha20,1.0831968220000001,arm64,200,UCB1,1134.033276000082
1787824899.8014119,amd_faster,0.661589848,amd64,200,UCB1,716.60404499994
1787824899.836528,arm_faster,0.771983759,arm64,200,UCB1,822.1655430000965
1787824900.2355716,readdisk,1.04691375,arm64,200,UCB1,1099.2730329999176
1787824900.3148804,linpack,0.734957632,amd64,200,UCB1,738.5055640000928
1787824900.5166345,amd_faster,0.663136054,amd64,200,UCB1,714.9288370000022
1787824900.7284427,arm_faster,0.823285879,arm64,200,UCB1,891.6328750000275
1787824901.0530431,linpack,0.733849148,amd64,200,UCB1,737.8045640000437
1787824901.2316864,amd_faster,0.661374582,amd64,200,UCB1,714.6375350000653
1787824901.360464,readdisk,1.071096267,arm64,200,UCB1,1124.4226129999788
1787824901.5086157,arm_faster,0.725876748,arm64,200,UCB1,779.8646149999513
1787824901.6773372,chacha20,2.033309424,arm64,200,UCB1,2090.119798000046
1787824901.798428,linpack,0.740669197,amd64,200,UCB1,745.0460180000391
1787824902.2799406,amd_faster,0.928956922,arm64,200,UCB1,1047.8215310000678
1787824902.2872126,arm_faster,0.724950468,arm64,200,UCB1,778.1435709999869
1787824902.453771,readdisk,1.041558951,arm64,200,UCB1,1092.8947359999484
1787824902.537461,linpack,0.734591229,amd64,200,UCB1,738.7091130000272
1787824902.8880696,chacha20,1.1516377740000001,arm64,200,UCB1,1210.412167999948
1787824902.9948266,amd_faster,0.663209264,amd64,200,UCB1,714.4621119999783
1787824903.1916735,arm_faster,0.809801258,arm64,200,UCB1,904.1195300000027
1787824903.2785578,linpack,0.736339632,amd64,200,UCB1,740.7832060000601
1787824903.5481396,readdisk,1.041430591,arm64,200,UCB1,1094.017774000008
1787824903.7061336,amd_faster,0.660375555,amd64,200,UCB1,710.9890350000114
1787824904.0298402,arm_faster,0.783204061,arm64,200,UCB1,837.6032750001059
1787824904.1248274,chacha20,1.182398811,arm64,200,UCB1,1236.3684659999308
1787824904.2899604,readmemory,12.147597868,amd64,200,UCB1,12255.628245000025
1787824904.42608,amd_faster,0.665375778,amd64,200,UCB1,719.6286920000148
1787824904.5860155,linpack,1.303167922,amd64,200,UCB1,1307.0529599999645
1787824904.8852437,arm_faster,0.802974418,arm64,200,UCB1,855.0611939999726
1787824905.141267,amd_faster,0.664338863,amd64,200,UCB1,714.8720120000007
1787824905.6634326,arm_faster,0.726790348,arm64,200,UCB1,777.8947879999123
1787824905.861446,amd_faster,0.659594856,amd64,200,UCB1,719.8419769999873
1787824906.0380645,readdisk,2.336519451,amd64,200,UCB1,2489.5968529999664
1787824906.0752456,linpack,1.485315888,amd64,200,UCB1,1488.8794690000395
1787824906.2701645,chacha20,2.093941575,arm64,200,UCB1,2145.00357899999
1787824906.5354383,arm_faster,0.818548576,arm64,200,UCB1,871.6073680000136
1787824906.5773642,amd_faster,0.664839226,amd64,200,UCB1,715.6122320000122
1787824906.8227315,linpack,0.73112439,amd64,200,UCB1,747.1309929999279
1787824907.133137,readdisk,1.043350911,arm64,200,UCB1,1094.7471160000077
1787824907.3225124,amd_faster,0.664381493,amd64,200,UCB1,744.8437870000362
1787824907.3413863,arm_faster,0.734314627,arm64,200,UCB1,805.6257350000351
1787824907.4272466,chacha20,1.094917981,arm64,200,UCB1,1156.7830279999498
1787824907.5650272,linpack,0.737745273,amd64,200,UCB1,741.99304199999
1787824908.0393827,amd_faster,0.660338689,amd64,200,UCB1,716.4653890000636
1787824908.0991168,primenumber,16.550202407,arm64,200,UCB1,16642.60556499994
1787824908.209033,arm_faster,0.765273823,arm64,200,UCB1,867.3118770000201
1787824908.226813,readdisk,1.042067271,arm64,200,UCB1,1093.2741149999856
1787824908.302502,linpack,0.733520789,amd64,200,UCB1,737.1162969999432
1787824908.6495633,chacha20,1.156935654,arm64,200,UCB1,1222.0078230000126
1787824908.7558923,amd_faster,0.662149943,amd64,200,UCB1,716.1005030000069
1787824909.0492136,arm_faster,0.772504422,arm64,200,UCB1,839.8582859999806
1787824909.0626612,linpack,0.726264362,amd64,200,UCB1,759.8344909999923
1787824909.3794322,readdisk,1.04376891,arm64,200,UCB1,1152.2993629999974
1787824909.4728577,amd_faster,0.664012335,amd64,200,UCB1,716.5770780000003
1787824909.7975538,chacha20,1.094454581,arm64,200,UCB1,1147.600409000006
1787824909.8212726,linpack,0.717112347,amd64,200,UCB1,758.180796999909
1787824909.8504324,arm_faster,0.747363746,arm64,200,UCB1,800.8865409999544
1787824910.1855962,amd_faster,0.660328865,amd64,200,UCB1,712.3892820000037
1787824910.494166,readdisk,1.044883231,arm64,200,UCB1,1114.4235609999669
1787824910.5734482,linpack,0.722831895,amd64,200,UCB1,751.8539779999855
1787824910.6964567,arm_faster,0.78718914,arm64,200,UCB1,845.731528999977
1787824910.898229,amd_faster,0.661665088,amd64,200,UCB1,712.2226909999654
1787824910.9318447,chacha20,1.081984863,arm64,200,UCB1,1133.7852970000313
1787824911.3133929,linpack,0.735602347,amd64,200,UCB1,739.6267399999488
1787824911.549827,arm_faster,0.803026858,arm64,200,UCB1,852.9402430000346
1787824911.5886757,readdisk,1.043123591,arm64,200,UCB1,1094.112440999993
1787824911.620581,amd_faster,0.660875622,amd64,200,UCB1,722.0422240000062
1787824912.049463,linpack,0.732074994,amd64,200,UCB1,735.7263379999495
1787824912.3719754,amd_faster,0.668951858,amd64,200,UCB1,751.0271349999584
1787824912.4264627,arm_faster,0.824104375,arm64,200,UCB1,876.286708000066
1787824912.4507866,thread,19.974746518,arm64,200,UCB1,20034.689016000015
1787824912.6959608,readdisk,1.04274167,arm64,200,UCB1,1106.8063280000615
1787824912.7726333,chacha20,1.7647858570000001,arm64,200,UCB1,1840.438076000055
1787824912.7912679,linpack,0.737395718,amd64,200,UCB1,741.43093400005
1787824913.0891786,amd_faster,0.661621499,amd64,200,UCB1,716.8640439999763
1787824913.2091727,arm_faster,0.731538107,arm64,200,UCB1,782.3817060000238
1787824913.5572867,linpack,0.72575414,amd64,200,UCB1,765.7302409999147
1787824913.79308,readdisk,1.04312843,arm64,200,UCB1,1096.7892990000792
1787824913.8055646,amd_faster,0.663644245,amd64,200,UCB1,716.0131879999199
1787824914.0325882,arm_faster,0.770029422,arm64,200,UCB1,823.0851970000685
1787824914.3050728,linpack,0.743943177,amd64,200,UCB1,747.4728660000665
1787824914.556574,amd_faster,0.661951245,amd64,200,UCB1,750.570899999957
1787824914.6814349,readmemory,10.33704097,arm64,200,UCB1,10391.146087999914
1787824914.6878335,chacha20,1.858244645,arm64,200,UCB1,1914.6897420000641
1787824914.81491,arm_faster,0.729655828,arm64,200,UCB1,781.7815889999338
1787824914.8883817,readdisk,1.041900671,arm64,200,UCB1,1094.981076999943
1787824915.04917,linpack,0.73961325,amd64,200,UCB1,743.7643979999393
1787824915.272846,amd_faster,0.663220185,amd64,200,UCB1,715.7606700000088
1787824915.5850034,arm_faster,0.721206069,arm64,200,UCB1,769.7668680000334
1787824915.7903068,linpack,0.736932678,amd64,200,UCB1,740.8143679999739
1787824915.8776355,chacha20,1.085631742,arm64,200,UCB1,1189.4426710000516
1787824915.987535,readdisk,1.042830111,arm64,200,UCB1,1098.7464610000188
1787824915.9918172,amd_faster,0.665131699,amd64,200,UCB1,718.5503439999366
1787824916.3956106,arm_faster,0.759251944,arm64,200,UCB1,810.2191000000403
1787824916.5321934,linpack,0.737421874,amd64,200,UCB1,741.547598000011
1787824916.7595043,amd_faster,0.66541975,amd64,200,UCB1,767.3247070000571
1787824917.0271773,chacha20,1.097382701,arm64,200,UCB1,1149.1149910000331
1787824917.0816026,readdisk,1.042124311,arm64,200,UCB1,1093.704124999931
1787824917.2033308,arm_faster,0.757590584,arm64,200,UCB1,807.3419520000016
1787824917.2792518,linpack,0.74301017,amd64,200,UCB1,746.7083699999648
1787824917.487365,amd_faster,0.66117205,amd64,200,UCB1,727.491121000071
1787824918.0228257,linpack,0.739279601,amd64,200,UCB1,743.1412650000766
1787824918.0283217,arm_faster,0.765328023,arm64,200,UCB1,824.6329349999542
1787824918.1690977,chacha20,1.089313862,arm64,200,UCB1,1141.5917159999935
1787824918.1787972,readdisk,1.042191911,arm64,200,UCB1,1096.6902630000277
1787824918.20253,amd_faster,0.660833442,amd64,200,UCB1,714.8428159999867
1787824918.7620163,linpack,0.734729505,amd64,200,UCB1,738.8248259999273
1787824918.9559202,arm_faster,0.876911889,arm64,200,UCB1,927.1641299999374
1787824918.9884443,amd_faster,0.660983654,amd64,200,UCB1,785.5896959999882
1787824919.3172598,readdisk,1.04251619,arm64,200,UCB1,1138.0689889999758
1787824919.5009747,linpack,0.735117443,amd64,200,UCB1,738.6504690000493
1787824919.7228353,amd_faster,0.660335438,amd64,200,UCB1,733.9634429999933
1787824919.7486835,arm_faster,0.739516386,arm64,200,UCB1,792.4594820000266
1787824920.241452,linpack,0.736447806,amd64,200,UCB1,740.1403759999994
1787824920.4130387,readdisk,1.04418819,arm64,200,UCB1,1095.4276779999645
1787824920.418568,chacha20,2.194440002,arm64,200,UCB1,2249.1593449999527
1787824920.4372802,amd_faster,0.66388097,amd64,200,UCB1,714.1042440000547
1787824920.5596287,arm_faster,0.735618347,arm64,200,UCB1,810.5326590000459
1787824920.9805224,linpack,0.734581087,amd64,200,UCB1,738.7418729999808
1787824921.2342608,amd_faster,0.663686676,amd64,200,UCB1,796.666995999999
1787824921.3795488,arm_faster,0.759555864,arm64,200,UCB1,819.4719419999501
1787824921.5109432,readdisk,1.0422431109999999,arm64,200,UCB1,1097.5573910000094
1787824921.6208622,chacha20,1.098094381,arm64,200,UCB1,1201.7884419999518
1787824921.7264054,linpack,0.741890961,amd64,200,UCB1,745.5367700000579
1787824921.9523594,amd_faster,0.66362562,amd64,200,UCB1,717.7612589999853
1787824922.0621164,filehandle,29.534245264,arm64,200,UCB1,29597.32890800001
1787824922.2202494,arm_faster,0.7880785,arm64,200,UCB1,840.3108979999843
1787824922.4635034,linpack,0.733041883,amd64,200,UCB1,736.7594209999879
1787824922.6122172,readdisk,1.04178795,arm64,200,UCB1,1100.9393799999998
1787824922.6721175,amd_faster,0.665132484,amd64,200,UCB1,719.4533939999701
1787824923.126401,arm_faster,0.851871093,arm64,200,UCB1,905.8402260000094
1787824923.2067814,linpack,0.738304155,amd64,200,UCB1,742.8729440000552
1787824923.3845358,amd_faster,0.660700955,amd64,200,UCB1,712.0987619999823
1787824923.706534,readdisk,1.04109479,arm64,200,UCB1,1093.9762800001063
1787824923.9470952,linpack,0.736158028,amd64,200,UCB1,739.985931000092
1787824923.9487312,arm_faster,0.766447223,arm64,200,UCB1,822.0275859999902
1787824924.096998,amd_faster,0.661806848,amd64,200,UCB1,712.031144999969
1787824924.1584158,chacha20,2.486832685,arm64,200,UCB1,2537.2335929999963
