Timestamp,User Count,Type,Name,Requests/s,Failures/s,50%,66%,75%,80%,90%,95%,98%,99%,99.9%,99.99%,100%,Total Request Count,Total Failure Count,Total Median Response Time,Total Average Response Time,Total Min Response Time,Total Max Response Time,Total Average Content Size
1787824324,0,,Aggregated,0.000000,0.000000,N/A,N/A,N/A,N/A,N/A,N/A,N/A,N/A,N/A,N/A,N/A,0,0,0,0.0,0,0,0
1787824325,9,,Aggregated,0.000000,0.000000,980,980,980,980,980,980,980,980,980,980,980,1,0,977.3715759999959,977.3715759999959,977.3715759999959,977.3715759999959,329.0
1787824326,9,,Aggregated,0.000000,0.000000,980,980,980,980,980,980,980,980,980,980,980,1,0,977.3715759999959,977.3715759999959,977.3715759999959,977.3715759999959,329.0
1787824327,9,,Aggregated,0.000000,0.000000,3000,3000,3000,3000,3000,3000,3000,3000,3000,3000,3000,2,0,980,1965.5268534999948,977.3715759999959,2953.6821309999937,328.5
1787824328,9,,Aggregated,0.500000,0.000000,3000,3000,3700,3700,3700,3700,3700,3700,3700,3700,3700,4,0,2400,2514.0976197499895,977.3715759999959,3693.637582000008,328.0
1787824329,9,,Aggregated,0.333333,0.000000,3000,3700,4200,4200,4400,4400,4400,4400,4400,4400,4400,8,0,2400,2695.583416749997,977.3715759999959,4394.448065999995,326.75
1787824330,9,,Aggregated,0.500000,0.000000,1900,3000,3700,3700,4200,4400,4400,4400,4400,4400,4400,11,0,1900,2166.8796698181773,711.5487789999975,4394.448065999995,327.1818181818182
1787824331,9,,Aggregated,1.000000,0.000000,1900,2400,3000,3700,4200,4400,4400,4400,4400,4400,4400,14,0,1000,1997.472694857143,711.5487789999975,4394.448065999995,326.85714285714283
1787824332,9,,Aggregated,1.500000,0.000000,1000,2400,3000,3400,4200,4400,4400,4400,4400,4400,4400,19,0,1000,1829.9906304736853,711.5487789999975,4394.448065999995,324.7894736842105
1787824333,9,,Aggregated,1.714286,0.000000,1000,1900,2400,3000,3700,4200,4400,4400,4400,4400,4400,23,0,1000,1672.783006913045,711.5487789999975,4394.448065999995,323.04347826086956
1787824334,9,,Aggregated,2.000000,0.000000,1000,1100,2400,2400,3700,4200,4400,4400,4400,4400,4400,28,0,1000,1530.2550433928593,711.5487789999975,4394.448065999995,322.0357142857143
1787824335,9,,Aggregated,2.111111,0.000000,1000,1100,1900,2400,3400,4200,4400,4400,4400,4400,4400,31,0,1000,1475.338100838712,711.5487789999975,4394.448065999995,322.2903225806452
1787824336,9,,Aggregated,2.400000,0.000000,1000,1100,1900,2400,3700,4400,7500,7500,7500,7500,7500,36,0,990,1574.5137271111103,711.5487789999975,7519.496914000001,323.22222222222223
1787824337,9,,Aggregated,2.800000,0.000000,1000,1100,1900,2400,3700,4400,12000,12000,12000,12000,12000,42,0,990,1773.3760200238098,711.5487789999975,12252.001071999985,322.5
1787824338,9,,Aggregated,3.100000,0.000000,1000,1100,1900,2100,3700,4400,12000,12000,12000,12000,12000,47,0,1000,1709.213155297874,711.5487789999975,12252.001071999985,322.27659574468083
1787824339,9,,Aggregated,3.800000,0.000000,1000,1100,1100,2100,3700,4400,12000,12000,12000,12000,12000,50,0,1000,1665.3920255400014,711.5487789999975,12252.001071999985,322.38
1787824340,9,,Aggregated,4.100000,0.000000,1000,1100,1900,2100,3400,4400,7500,12000,12000,12000,12000,55,0,1000,1642.9976967818204,711.5487789999975,12252.001071999985,322.07272727272726
1787824341,9,,Aggregated,4.200000,0.000000,1000,1100,1100,2100,3400,4400,7500,12000,12000,12000,12000,60,0,990,1574.1328020666688,711.5487789999975,12252.001071999985,321.8
1787824342,9,,Aggregated,4.200000,0.000000,1000,1100,1100,2000,3000,4200,7500,12000,12000,12000,12000,64,0,990,1533.4184025000025,711.5487789999975,12252.001071999985,321.359375
1787824343,9,,Aggregated,4.500000,0.000000,1000,1100,1100,2100,3400,4400,12000,19000,19000,19000,19000,70,0,990,1747.7168297285734,711.5487789999975,18588.238251000006,321.87142857142857
1787824344,9,,Aggregated,4.500000,0.000000,990,1100,1100,2000,3000,4400,12000,19000,19000,19000,19000,73,0,990,1715.8139961917825,711.5487789999975,18588.238251000006,321.958904109589
1787824345,9,,Aggregated,4.700000,0.000000,990,1100,1100,2000,3000,4400,12000,19000,19000,19000,19000,79,0,990,1693.1898729367115,711.5487789999975,18588.238251000006,321.8607594936709
1787824346,9,,Aggregated,4.600000,0.000000,990,1100,1100,2000,3000,4200,12000,19000,19000,19000,19000,82,0,990,1664.5718120000024,711.5487789999975,18588.238251000006,321.9878048780488
1787824347,9,,Aggregated,4.700000,0.000000,990,1100,1100,2000,3000,4200,12000,19000,19000,19000,19000,88,0,990,1636.3500062386383,711.5487789999975,18588.238251000006,321.92045454545456
1787824348,9,,Aggregated,4.700000,0.000000,990,1100,1100,2000,3000,4400,12000,19000,19000,19000,19000,92,0,990,1714.7127721304369,711.5487789999975,18588.238251000006,322.0108695652174
1787824349,9,,Aggregated,4.400000,0.000000,990,1100,1100,2000,3000,4400,12000,19000,19000,19000,19000,96,0,990,1692.2313757708362,711.5487789999975,18588.238251000006,321.6875
1787824350,9,,Aggregated,4.500000,0.000000,990,1100,1100,1900,2700,4200,11000,12000,19000,19000,19000,102,0,990,1646.7389702254943,711.5487789999975,18588.238251000006,321.51960784313724
1787824351,9,,Aggregated,4.600000,0.000000,990,1100,1100,1900,3000,4200,11000,12000,19000,19000,19000,106,0,990,1642.9927378396271,711.5487789999975,18588.238251000006,321.7830188679245
1787824352,9,,Aggregated,4.600000,0.000000,990,1100,1100,1900,3000,4200,11000,12000,19000,19000,19000,109,0,990,1625.706681844041,711.5487789999975,18588.238251000006,322.1284403669725
1787824353,9,,Aggregated,4.600000,0.000000,990,1100,1100,1900,2700,4200,11000,12000,19000,19000,19000,114,0,980,1607.1390943333372,711.5487789999975,18588.238251000006,321.9122807017544
1787824354,9,,Aggregated,4.500000,0.000000,990,1100,1100,1600,2700,4200,11000,12000,19000,19000,19000,120,0,980,1575.2434591416707,711.5487789999975,18588.238251000006,321.8333333333333
1787824355,9,,Aggregated,4.600000,0.000000,990,1100,1100,1600,2700,3700,11000,12000,19000,19000,19000,124,0,990,1560.9495880483912,711.5487789999975,18588.238251000006,321.69354838709677
1787824356,9,,Aggregated,4.800000,0.000000,990,1100,1100,1500,2700,3700,11000,12000,19000,19000,19000,127,0,990,1550.4377088267759,711.5487789999975,18588.238251000006,321.78740157480314
1787824357,9,,Aggregated,4.600000,0.000000,1000,1100,1100,1600,2500,3700,11000,12000,19000,19000,19000,134,0,990,1530.5731447238852,711.5487789999975,18588.238251000006,321.7686567164179
1787824358,9,,Aggregated,4.600000,0.000000,1000,1100,1100,1600,2700,4200,11000,12000,19000,19000,19000,138,0,990,1580.1934209347871,711.5487789999975,18588.238251000006,321.5652173913044
1787824359,9,,Aggregated,4.600000,0.000000,1000,1100,1100,1600,2500,3700,11000,12000,19000,19000,19000,144,0,990,1564.9880409861153,711.5487789999975,18588.238251000006,321.59722222222223
1787824360,9,,Aggregated,4.600000,0.000000,1000,1100,1100,1600,2700,4200,12000,17000,19000,19000,19000,148,0,990,1655.1969068986527,711.5487789999975,18588.238251000006,321.7162162162162
1787824361,9,,Aggregated,4.600000,0.000000,1000,1100,1100,1700,2500,4200,11000,17000,19000,19000,19000,154,0,990,1637.8127090844193,711.5487789999975,18588.238251000006,321.75324675324674
1787824362,9,,Aggregated,4.700000,0.000000,1000,1100,1100,1600,2500,4200,11000,17000,19000,19000,19000,160,0,990,1611.568818500004,711.5487789999975,18588.238251000006,321.70625
1787824363,9,,Aggregated,4.700000,0.000000,1000,1100,1100,1600,2400,3700,11000,17000,19000,19000,19000,164,0,990,1596.0401214878095,711.5487789999975,18588.238251000006,321.8658536585366
1787824364,9,,Aggregated,4.900000,0.000000,990,1100,1100,1500,2400,3700,11000,17000,19000,19000,19000,166,0,990,1586.1058600180763,711.5487789999975,18588.238251000006,321.9457831325301
1787824365,9,,Aggregated,4.800000,0.000000,990,1100,1100,1600,2400,3700,11000,17000,19000,19000,19000,173,0,990,1571.0756446763044,711.5415079999821,18588.238251000006,321.97109826589593
1787824366,9,,Aggregated,4.600000,0.000000,990,1100,1100,1500,2400,3700,11000,17000,19000,19000,19000,176,0,990,1558.9717650056855,711.5415079999821,18588.238251000006,322.02272727272725
1787824367,9,,Aggregated,4.800000,0.000000,990,1100,1100,1600,2400,3700,11000,17000,19000,19000,19000,180,0,990,1548.7515505277806,711.5415079999821,18588.238251000006,322.2055555555556
1787824368,9,,Aggregated,4.900000,0.000000,990,1100,1100,1600,2400,3500,11000,17000,19000,19000,19000,187,0,990,1539.7953820855635,661.9619029999626,18588.238251000006,322.2299465240642
1787824369,9,,Aggregated,4.800000,0.000000,990,1100,1100,1600,2400,3700,11000,17000,19000,19000,19000,192,0,990,1572.928306906252,661.9619029999626,18588.238251000006,322.0520833333333
1787824370,9,,Aggregated,4.800000,0.000000,990,1100,1100,1600,2400,3700,11000,17000,19000,19000,19000,197,0,990,1558.1434888680226,661.9619029999626,18588.238251000006,322.24873096446703
1787824371,9,,Aggregated,4.900000,0.000000,990,1100,1100,1600,2400,3700,11000,12000,19000,19000,19000,204,0,990,1592.3385558627479,661.9619029999626,18588.238251000006,322.30882352941177
1787824372,9,,Aggregated,4.900000,0.000000,990,1100,1100,1600,2400,3700,11000,12000,19000,19000,19000,208,0,990,1579.6090160625024,661.9619029999626,18588.238251000006,322.15865384615387
1787824373,9,,Aggregated,4.900000,0.000000,990,1100,1100,1500,2400,3700,11000,12000,19000,19000,19000,213,0,990,1565.9105175023499,661.9619029999626,18588.238251000006,322.09859154929575
1787824374,9,,Aggregated,5.000000,0.000000,990,1100,1100,1500,2400,3700,11000,12000,19000,19000,19000,218,0,990,1553.6449950412866,661.9619029999626,18588.238251000006,322.06880733944956
1787824375,9,,Aggregated,4.900000,0.000000,990,1100,1100,1600,2400,4200,12000,19000,50000,50000,50000,225,0,990,1970.714988111113,661.9619029999626,50446.003504999964,322.2577777777778
1787824376,9,,Aggregated,5.000000,0.000000,990,1100,1100,1500,2400,4200,12000,19000,50000,50000,50000,230,0,980,1945.4427128434802,661.9619029999626,50446.003504999964,322.39565217391305
1787824377,9,,Aggregated,5.200000,0.000000,990,1100,1100,1500,2400,4200,12000,19000,50000,50000,50000,234,0,990,1938.1115966282064,661.9619029999626,50446.003504999964,322.37179487179486
1787824378,9,,Aggregated,5.300000,0.000000,990,1100,1100,1500,2400,4200,12000,19000,50000,50000,50000,239,0,990,1921.0436636694576,661.9619029999626,50446.003504999964,322.31799163179915
1787824379,9,,Aggregated,5.300000,0.000000,980,1100,1100,1500,2400,3700,12000,19000,50000,50000,50000,247,0,980,1886.241161874496,661.9619029999626,50446.003504999964,322.3724696356275
1787824380,9,,Aggregated,5.200000,0.000000,920,1100,1100,1500,2300,3700,11000,19000,50000,50000,50000,251,0,920,1869.6430895378508,661.9619029999626,50446.003504999964,322.47011952191235
1787824381,9,,Aggregated,5.400000,0.000000,920,1100,1100,1500,2400,4200,12000,19000,50000,50000,50000,256,0,900,1894.0105680351583,661.9619029999626,50446.003504999964,322.5625
1787824382,9,,Aggregated,5.400000,0.000000,900,1100,1100,1500,2300,3700,12000,19000,50000,50000,50000,263,0,900,1870.3844988745273,661.9619029999626,50446.003504999964,322.61216730038024
1787824383,9,,Aggregated,5.200000,0.000000,880,1100,1100,1300,2300,3700,12000,19000,50000,50000,50000,269,0,880,1848.6636932267684,661.9619029999626,50446.003504999964,322.5985130111524
1787824384,9,,Aggregated,5.400000,0.000000,900,1100,1100,1300,2200,3700,12000,19000,50000,50000,50000,273,0,900,1835.2682399743612,661.9619029999626,50446.003504999964,322.68131868131866
1787824385,9,,Aggregated,5.500000,0.000000,880,1100,1100,1300,2400,4200,12000,19000,50000,50000,50000,280,0,850,1859.5024740392878,661.9619029999626,50446.003504999964,322.7
1787824386,9,,Aggregated,5.500000,0.000000,860,1100,1100,1300,2300,3700,12000,19000,50000,50000,50000,285,0,860,1843.228839077195,661.9619029999626,50446.003504999964,322.659649122807
1787824387,9,,Aggregated,5.300000,0.000000,860,1100,1100,1300,2300,3700,12000,19000,50000,50000,50000,289,0,860,1829.647602543255,661.9619029999626,50446.003504999964,322.74048442906576
1787824388,9,,Aggregated,5.400000,0.000000,850,1100,1100,1200,2200,3700,12000,19000,50000,50000,50000,297,0,850,1804.0502797575782,661.9619029999626,50446.003504999964,322.7609427609428
1787824389,9,,Aggregated,5.600000,0.000000,850,1100,1100,1200,2100,3500,12000,17000,50000,50000,50000,301,0,850,1791.7544632059826,661.9619029999626,50446.003504999964,322.8405315614618
1787824390,9,,Aggregated,5.900000,0.000000,850,1100,1100,1200,2200,3500,12000,17000,50000,50000,50000,306,0,840,1780.715126349676,661.9619029999626,50446.003504999964,322.7843137254902
1787824391,9,,Aggregated,5.500000,0.000000,840,1100,1100,1200,2200,3700,12000,17000,50000,50000,50000,313,0,840,1791.107640865817,661.9619029999626,50446.003504999964,322.7444089456869
1787824392,9,,Aggregated,5.400000,0.000000,850,1100,1100,1200,2200,4200,12000,17000,50000,50000,50000,318,0,840,1828.8774644182408,661.9619029999626,50446.003504999964,322.69182389937106
1787824393,9,,Aggregated,5.700000,0.000000,850,1100,1100,1300,2200,3700,12000,17000,50000,50000,50000,325,0,850,1815.0068051846174,661.9619029999626,50446.003504999964,322.70153846153846
1787824394,9,,Aggregated,5.400000,0.000000,850,1100,1100,1200,2200,3700,12000,17000,50000,50000,50000,328,0,840,1805.876395878051,661.9619029999626,50446.003504999964,322.7865853658537
1787824395,9,,Aggregated,5.500000,0.000000,840,1100,1100,1200,2200,3700,12000,17000,50000,50000,50000,333,0,840,1793.2747880060085,661.9619029999626,50446.003504999964,322.7357357357357
1787824396,9,,Aggregated,5.600000,0.000000,840,1100,1100,1200,2200,3700,12000,17000,50000,50000,50000,338,0,840,1779.9217056479315,661.9619029999626,50446.003504999964,322.8431952662722
1787824397,9,,Aggregated,5.500000,0.000000,840,1100,1100,1200,2200,3500,12000,17000,50000,50000,50000,343,0,840,1771.1728958571448,661.9619029999626,50446.003504999964,322.8075801749271
1787824398,9,,Aggregated,5.300000,0.000000,840,1100,1100,1200,2200,3500,12000,17000,50000,50000,50000,350,0,840,1752.2147346171448,661.9619029999626,50446.003504999964,322.9371428571429
1787824399,9,,Aggregated,5.200000,0.000000,840,1100,1100,1200,2100,3500,12000,17000,50000,50000,50000,355,0,840,1740.6626705746498,661.9619029999626,50446.003504999964,322.8816901408451
1787824400,9,,Aggregated,5.200000,0.000000,840,1100,1100,1200,2100,3400,12000,17000,50000,50000,50000,361,0,840,1726.587901038783,661.9619029999626,50446.003504999964,322.8421052631579
1787824401,9,,Aggregated,5.400000,0.000000,830,1100,1100,1200,2100,3400,12000,17000,50000,50000,50000,366,0,830,1714.2718522622968,661.9619029999626,50446.003504999964,322.94535519125685
1787824402,9,,Aggregated,5.400000,0.000000,840,1100,1100,1200,2100,3500,12000,17000,50000,50000,50000,372,0,830,1729.8145087123673,661.9619029999626,50446.003504999964,322.89247311827955
1787824403,9,,Aggregated,5.300000,0.000000,830,1100,1100,1200,2100,3500,12000,17000,50000,50000,50000,377,0,830,1717.8109047267922,661.9619029999626,50446.003504999964,322.86737400530507
1787824404,9,,Aggregated,5.400000,0.000000,830,1100,1100,1200,2100,3400,12000,17000,50000,50000,50000,383,0,830,1704.210350814623,661.9619029999626,50446.003504999964,322.98433420365535
1787824405,9,,Aggregated,5.500000,0.000000,830,1100,1100,1200,2100,3500,12000,19000,50000,50000,50000,388,0,830,1742.2301488298988,661.9619029999626,50446.003504999964,323.0103092783505
1787824406,9,,Aggregated,5.400000,0.000000,830,1100,1100,1200,2100,3500,12000,19000,50000,50000,50000,393,0,830,1737.1777864122155,661.9619029999626,50446.003504999964,322.9618320610687
1787824407,9,,Aggregated,5.400000,0.000000,830,1100,1100,1200,2100,3500,12000,19000,50000,50000,50000,397,0,830,1729.0542959345107,661.9619029999626,50446.003504999964,322.8816120906801
1787824408,9,,Aggregated,5.400000,0.000000,830,1100,1100,1200,2200,3500,12000,17000,50000,50000,50000,405,0,830,1754.23325663457,661.9619029999626,50446.003504999964,322.85185185185185
1787824409,9,,Aggregated,5.500000,0.000000,830,1100,1100,1200,2200,3500,12000,17000,50000,50000,50000,408,0,830,1747.6688423308842,661.9619029999626,50446.003504999964,322.8700980392157
1787824410,9,,Aggregated,5.400000,0.000000,830,1100,1100,1200,2200,3500,12000,17000,50000,50000,50000,413,0,830,1744.1223079612612,661.9619029999626,50446.003504999964,322.8232445520581
1787824411,9,,Aggregated,5.400000,0.000000,830,1100,1100,1200,2200,3700,13000,19000,50000,50000,50000,419,0,830,1816.5004239761358,661.9619029999626,50446.003504999964,322.8019093078759
1787824412,9,,Aggregated,5.300000,0.000000,830,1100,1100,1200,2200,3500,13000,19000,50000,50000,50000,424,0,830,1808.1308132476433,661.9619029999626,50446.003504999964,322.87028301886795
1787824413,9,,Aggregated,5.300000,0.000000,830,1100,1100,1200,2200,3500,13000,19000,50000,50000,50000,427,0,830,1801.4671189625312,661.9619029999626,50446.003504999964,322.88290398126463
1787824414,9,,Aggregated,5.300000,0.000000,830,1100,1100,1200,2200,3700,13000,19000,50000,50000,50000,432,0,830,1819.687403048613,661.9619029999626,50446.003504999964,322.8171296296296
1787824415,9,,Aggregated,5.000000,0.000000,830,1100,1100,1200,2200,3700,13000,19000,50000,50000,50000,438,0,830,1810.411693931509,661.9619029999626,50446.003504999964,322.78995433789953
1787824416,9,,Aggregated,4.800000,0.000000,830,1100,1100,1200,2200,3500,13000,19000,50000,50000,50000,442,0,830,1802.433747298645,661.9619029999626,50446.003504999964,322.7307692307692
1787824417,9,,Aggregated,5.100000,0.000000,830,1100,1100,1200,2200,3500,13000,19000,50000,50000,50000,447,0,830,1794.7625444630896,661.9619029999626,50446.003504999964,322.79194630872485
1787824418,9,,Aggregated,5.000000,0.000000,830,1100,1100,1200,2200,3500,12000,19000,50000,50000,50000,451,0,830,1789.4020441751686,661.9619029999626,50446.003504999964,322.7206208425721
1787824419,9,,Aggregated,5.000000,0.000000,830,1100,1100,1200,2200,3500,12000,19000,50000,50000,50000,455,0,830,1781.719181837365,661.9619029999626,50446.003504999964,322.6505494505495
1787824420,9,,Aggregated,4.800000,0.000000,830,1100,1100,1200,2200,3500,12000,19000,50000,50000,50000,459,0,830,1780.6795173790874,661.9619029999626,50446.003504999964,322.72113289760347
1787824421,9,,Aggregated,4.600000,0.000000,830,1100,1100,1200,2200,3400,12000,19000,50000,50000,50000,463,0,830,1772.5928247494624,661.9619029999626,50446.003504999964,322.7429805615551
1787824422,9,,Aggregated,4.700000,0.000000,830,1100,1100,1200,2200,3400,12000,19000,50000,50000,50000,469,0,830,1766.3533354946712,661.9619029999626,50446.003504999964,322.72281449893393
1787824423,9,,Aggregated,4.500000,0.000000,830,1100,1100,1200,2200,3400,12000,19000,50000,50000,50000,473,0,830,1759.3042202071902,661.9619029999626,50446.003504999964,322.6680761099366
1787824424,9,,Aggregated,4.400000,0.000000,830,1100,1100,1200,2200,3500,12000,19000,50000,50000,50000,480,0,830,1768.9670199145853,661.9619029999626,50446.003504999964,322.63958333333335
1787824425,9,,Aggregated,4.500000,0.000000,830,1100,1100,1200,2200,3500,13000,19000,50000,50000,50000,485,0,830,1792.7300670680434,661.9619029999626,50446.003504999964,322.5814432989691
1787824426,9,,Aggregated,4.600000,0.000000,830,1100,1100,1200,2200,3500,13000,19000,50000,50000,50000,490,0,830,1786.3490846673487,661.9619029999626,50446.003504999964,322.5489795918367
1787824427,9,,Aggregated,4.700000,0.000000,830,1100,1100,1200,2200,3500,13000,19000,50000,50000,50000,493,0,830,1780.7598599107523,661.9619029999626,50446.003504999964,322.5659229208925
1787824428,9,,Aggregated,4.800000,0.000000,830,1100,1100,1200,2200,3700,17000,20000,50000,50000,50000,500,0,830,1817.424137496002,661.9619029999626,50446.003504999964,322.536
1787824429,9,,Aggregated,4.700000,0.000000,830,1100,1100,1200,2200,3500,13000,19000,50000,50000,50000,506,0,830,1805.7018622984212,661.9619029999626,50446.003504999964,322.62252964426875
1787824430,9,,Aggregated,4.700000,0.000000,830,1100,1100,1200,2200,3500,13000,19000,50000,50000,50000,512,0,830,1794.7841925371113,661.9619029999626,50446.003504999964,322.603515625
1787824431,9,,Aggregated,5.000000,0.000000,830,1100,1100,1200,2200,3500,13000,19000,50000,50000,50000,516,0,830,1787.3781653372112,661.9619029999626,50446.003504999964,322.6492248062016
1787824432,9,,Aggregated,5.100000,0.000000,830,1100,1100,1200,2200,3400,13000,19000,50000,50000,50000,522,0,830,1779.6540970383164,661.9619029999626,50446.003504999964,322.6455938697318
1787824433,9,,Aggregated,5.300000,0.000000,820,1100,1100,1200,2200,3400,13000,19000,50000,50000,50000,529,0,820,1767.4932887901723,661.9619029999626,50446.003504999964,322.63705103969755
1787824434,9,,Aggregated,5.200000,0.000000,820,1100,1100,1200,2200,3400,13000,19000,50000,50000,50000,533,0,820,1760.5205546791767,661.9619029999626,50446.003504999964,322.68105065666043
1787824435,9,,Aggregated,5.400000,0.000000,820,1100,1100,1200,2200,3400,13000,19000,50000,50000,50000,541,0,820,1764.9439767005567,661.9619029999626,50446.003504999964,322.68761552680223
1787824436,9,,Aggregated,5.600000,0.000000,820,1100,1100,1200,2200,3400,13000,19000,50000,50000,50000,544,0,820,1759.3142463382374,661.9619029999626,50446.003504999964,322.73713235294116
1787824437,9,,Aggregated,5.400000,0.000000,820,1100,1100,1200,2200,3400,13000,19000,50000,50000,50000,550,0,820,1751.845817960002,661.9619029999626,50446.003504999964,322.7181818181818
1787824438,9,,Aggregated,5.500000,0.000000,820,1100,1100,1200,2200,3400,12000,19000,50000,50000,50000,555,0,820,1744.322594374777,661.9619029999626,50446.003504999964,322.77117117117115
1787824439,9,,Aggregated,5.600000,0.000000,820,1100,1100,1200,2200,3400,12000,19000,50000,50000,50000,560,0,820,1739.8753502357163,661.9619029999626,50446.003504999964,322.74107142857144
1787824440,9,,Aggregated,5.600000,0.000000,820,1100,1100,1200,2200,3400,13000,20000,50000,50000,50000,565,0,820,1782.465118761064,661.9619029999626,50446.003504999964,322.8
1787824441,9,,Aggregated,5.400000,0.000000,820,1100,1100,1100,2200,3400,13000,20000,50000,50000,50000,572,0,820,1771.676642234268,661.9619029999626,50446.003504999964,322.82342657342656
1787824442,9,,Aggregated,5.400000,0.000000,820,1100,1100,1100,2200,3500,17000,20000,50000,50000,50000,578,0,820,1789.4818834550197,661.9619029999626,50446.003504999964,322.86851211072667
1787824443,9,,Aggregated,5.300000,0.000000,820,1100,1100,1100,2200,3400,17000,20000,50000,50000,50000,583,0,820,1784.246624737567,661.9619029999626,50446.003504999964,322.8370497427101
1787824444,9,,Aggregated,5.700000,0.000000,820,1100,1100,1100,2200,3400,17000,20000,50000,50000,50000,590,0,820,1773.1541837406805,661.9619029999626,50446.003504999964,322.8406779661017
1787824445,9,,Aggregated,5.500000,0.000000,820,1100,1100,1100,2200,3400,17000,20000,50000,50000,50000,594,0,820,1766.8247803787906,661.9619029999626,50446.003504999964,322.8771043771044
1787824446,9,,Aggregated,5.400000,0.000000,820,1100,1100,1100,2200,3400,17000,19000,50000,50000,50000,601,0,820,1786.96620239601,661.9619029999626,50446.003504999964,322.85357737104823
1787824447,9,,Aggregated,5.500000,0.000000,820,1100,1100,1100,2200,3500,17000,19000,50000,50000,50000,608,0,820,1794.4163895723716,661.9619029999626,50446.003504999964,322.9243421052632
1787824448,9,,Aggregated,5.300000,0.000000,820,1100,1100,1100,2200,3500,17000,19000,50000,50000,50000,612,0,820,1788.4135455751668,661.9619029999626,50446.003504999964,322.9019607843137
1787824449,9,,Aggregated,5.500000,0.000000,820,1100,1100,1100,2200,3500,17000,19000,50000,50000,50000,618,0,820,1779.6626708948252,661.9619029999626,50446.003504999964,322.8802588996764
1787824450,9,,Aggregated,5.800000,0.000000,820,1100,1100,1100,2200,3400,17000,19000,50000,50000,50000,623,0,820,1772.014983775284,661.9619029999626,50446.003504999964,322.9406099518459
1787824451,9,,Aggregated,5.700000,0.000000,820,1100,1100,1100,2200,3400,17000,19000,50000,50000,50000,628,0,820,1766.9647994028696,661.9619029999626,50446.003504999964,322.9140127388535
1787824452,9,,Aggregated,5.800000,0.000000,820,1100,1100,1100,2200,3400,17000,19000,50000,50000,50000,635,0,820,1757.4901128409479,661.9619029999626,50446.003504999964,322.9023622047244
1787824453,9,,Aggregated,5.800000,0.000000,820,1100,1100,1100,2200,3400,17000,19000,50000,50000,50000,640,0,820,1750.2141137390659,661.9619029999626,50446.003504999964,322.9609375
1787824454,9,,Aggregated,5.600000,0.000000,820,1100,1100,1100,2200,3400,17000,19000,50000,50000,50000,644,0,820,1744.5980028245378,661.9619029999626,50446.003504999964,322.9968944099379
1787824455,9,,Aggregated,5.800000,0.000000,820,1100,1100,1100,2200,3400,17000,19000,50000,50000,50000,650,0,820,1738.9449701061583,661.9619029999626,50446.003504999964,322.97846153846154
1787824456,9,,Aggregated,5.700000,0.000000,820,1100,1100,1100,2200,3400,13000,19000,50000,50000,50000,656,0,820,1731.5041670518335,661.9619029999626,50446.003504999964,322.9969512195122
1787824457,9,,Aggregated,5.500000,0.000000,820,1100,1100,1100,2200,3400,13000,19000,50000,50000,50000,662,0,820,1737.8336244214547,661.9619029999626,50446.003504999964,323.0347432024169
1787824458,9,,Aggregated,5.700000,0.000000,820,1100,1100,1100,2200,3400,17000,19000,50000,50000,50000,669,0,820,1752.3580504708568,661.9619029999626,50446.003504999964,323.03736920777277
1787824459,9,,Aggregated,5.500000,0.000000,820,1100,1100,1100,2200,3400,17000,19000,50000,50000,50000,674,0,820,1746.1718519836838,661.9619029999626,50446.003504999964,323.0059347181009
1787824460,9,,Aggregated,5.400000,0.000000,820,1100,1100,1100,2200,3400,17000,19000,50000,50000,50000,680,0,820,1738.9976851926517,661.9619029999626,50446.003504999964,322.98676470588236
1787824461,9,,Aggregated,5.800000,0.000000,820,1100,1100,1100,2200,3400,17000,19000,50000,50000,50000,685,0,820,1732.358791308034,661.9619029999626,50446.003504999964,323.0423357664234
1787824462,9,,Aggregated,5.600000,0.000000,820,1100,1100,1100,2200,3400,17000,19000,50000,50000,50000,690,0,820,1727.3503797985557,661.9619029999626,50446.003504999964,323.0217391304348
1787824463,9,,Aggregated,5.700000,0.000000,820,1100,1100,1100,2100,3400,17000,19000,50000,50000,50000,694,0,820,1723.0626115489963,661.9619029999626,50446.003504999964,323.05043227665703
1787824464,9,,Aggregated,5.600000,0.000000,820,1100,1100,1100,2200,3400,17000,18000,50000,50000,50000,702,0,820,1740.6338116424542,661.9619029999626,50446.003504999964,323.03561253561253
1787824465,9,,Aggregated,5.400000,0.000000,820,1100,1100,1100,2200,3400,17000,18000,50000,50000,50000,706,0,820,1736.71580556516,661.9619029999626,50446.003504999964,323.0750708215297
1787824466,9,,Aggregated,5.400000,0.000000,820,1100,1100,1100,2100,3400,17000,18000,50000,50000,50000,711,0,820,1730.8789935935342,661.9619029999626,50446.003504999964,323.0309423347398
1787824467,9,,Aggregated,5.700000,0.000000,820,1100,1100,1100,2100,3400,17000,18000,50000,50000,50000,714,0,820,1727.2755510546258,661.9619029999626,50446.003504999964,322.9873949579832
1787824468,9,,Aggregated,5.500000,0.000000,820,1100,1100,1100,2200,3400,17000,18000,50000,50000,50000,720,0,820,1736.021546047226,661.9619029999626,50446.003504999964,322.97083333333336
1787824469,9,,Aggregated,5.500000,0.000000,820,1100,1100,1100,2200,3400,17000,18000,50000,50000,50000,724,0,820,1731.1018718729317,661.9619029999626,50446.003504999964,322.9378453038674
1787824470,9,,Aggregated,5.200000,0.000000,820,1100,1100,1100,2200,3400,17000,19000,50000,50000,50000,729,0,820,1767.871326285326,661.9619029999626,50446.003504999964,322.91632373113856
1787824471,9,,Aggregated,5.000000,0.000000,820,1100,1100,1100,2200,3400,17000,19000,50000,50000,50000,734,0,820,1764.707995500003,661.9619029999626,50446.003504999964,322.9032697547684
1787824472,9,,Aggregated,5.000000,0.000000,820,1100,1100,1100,2200,3400,17000,19000,50000,50000,50000,739,0,820,1758.3000560581902,661.9619029999626,50446.003504999964,322.9269282814614
1787824473,9,,Aggregated,4.900000,0.000000,820,1100,1100,1100,2200,3400,17000,19000,50000,50000,50000,743,0,820,1755.3106708788732,661.9619029999626,50446.003504999964,322.95962314939436
1787824474,9,,Aggregated,5.000000,0.000000,820,1100,1100,1100,2200,3400,17000,19000,50000,50000,50000,748,0,820,1750.966625266047,661.9619029999626,50446.003504999964,322.92245989304814
1787824475,9,,Aggregated,4.900000,0.000000,820,1100,1100,1100,2200,3400,17000,19000,50000,50000,50000,755,0,820,1765.7383268609312,661.9619029999626,50446.003504999964,322.89933774834435
1787824476,9,,Aggregated,5.000000,0.000000,820,1100,1100,1100,2200,3400,17000,19000,50000,50000,50000,758,0,820,1762.2263687374711,661.9619029999626,50446.003504999964,322.9089709762533
1787824477,9,,Aggregated,4.600000,0.000000,820,1100,1100,1100,2200,3400,17000,19000,50000,50000,50000,763,0,820,1758.3641701114063,661.9619029999626,50446.003504999964,322.88204456094365
1787824478,9,,Aggregated,4.900000,0.000000,820,1100,1100,1100,2200,3400,17000,19000,50000,50000,50000,768,0,820,1754.6826428138056,661.9619029999626,50446.003504999964,322.8619791666667
1787824479,9,,Aggregated,4.700000,0.000000,820,1100,1100,1100,2200,3400,17000,19000,50000,50000,50000,772,0,820,1749.9838168277238,661.9619029999626,50446.003504999964,322.8316062176166
1787824480,9,,Aggregated,5.000000,0.000000,820,1100,1100,1100,2200,3400,17000,19000,50000,50000,50000,778,0,820,1759.376952406173,661.9619029999626,50446.003504999964,322.8688946015424
1787824481,9,,Aggregated,4.800000,0.000000,820,1100,1100,1100,2200,3400,17000,19000,50000,50000,50000,781,0,820,1755.9401114993625,661.9619029999626,50446.003504999964,322.87836107554415
1787824482,9,,Aggregated,4.800000,0.000000,820,1100,1100,1100,2200,3400,17000,19000,50000,50000,50000,786,0,820,1753.8239904033107,661.9619029999626,50446.003504999964,322.86386768447835
1787824483,9,,Aggregated,4.900000,0.000000,820,1100,1100,1100,2200,3400,17000,19000,50000,50000,50000,792,0,820,1747.441368205811,661.9619029999626,50446.003504999964,322.8459595959596
1787824484,9,,Aggregated,4.600000,0.000000,820,1100,1100,1100,2200,3400,17000,19000,50000,50000,50000,796,0,820,1744.759985658294,661.9619029999626,50446.003504999964,322.8756281407035
1787824485,9,,Aggregated,4.700000,0.000000,820,1100,1100,1100,2200,3400,17000,19000,50000,50000,50000,800,0,820,1742.4369608312522,661.9619029999626,50446.003504999964,322.835
1787824486,9,,Aggregated,4.800000,0.000000,820,1100,1100,1100,2200,3300,17000,18000,50000,50000,50000,806,0,820,1738.0395967444188,661.9619029999626,50446.003504999964,322.8213399503722
1787824487,9,,Aggregated,4.800000,0.000000,820,1100,1100,1100,2200,3400,17000,19000,50000,50000,50000,812,0,820,1758.328099198278,661.9619029999626,50446.003504999964,322.8497536945813
1787824488,9,,Aggregated,4.500000,0.000000,820,1100,1100,1100,2200,3400,17000,19000,50000,50000,50000,817,0,820,1753.2529538433316,661.9619029999626,50446.003504999964,322.8298653610771
1787824489,9,,Aggregated,4.800000,0.000000,820,1100,1100,1100,2200,3300,17000,19000,50000,50000,50000,823,0,820,1746.3534116816547,661.9619029999626,50446.003504999964,322.8809234507898
1787824490,9,,Aggregated,4.800000,0.000000,820,1100,1100,1100,2200,3400,17000,19000,50000,50000,50000,828,0,820,1753.7965430640115,661.9619029999626,50446.003504999964,322.8611111111111
1787824491,9,,Aggregated,4.900000,0.000000,820,1100,1100,1100,2200,3400,17000,19000,50000,50000,50000,835,0,820,1765.3095962778464,661.9619029999626,50446.003504999964,322.8467065868264
1787824493,9,,Aggregated,5.100000,0.000000,820,1100,1100,1100,2200,3400,17000,19000,50000,50000,50000,841,0,820,1758.6543913590986,661.9619029999626,50446.003504999964,322.8965517241379
1787824494,9,,Aggregated,5.000000,0.000000,820,1100,1100,1100,2200,3400,17000,19000,50000,50000,50000,845,0,820,1754.2680753929014,661.9619029999626,50446.003504999964,322.92426035502956
1787824495,9,,Aggregated,5.400000,0.000000,820,1100,1100,1100,2200,3400,17000,19000,50000,50000,50000,851,0,820,1749.7019650011773,661.9619029999626,50446.003504999964,322.9083431257344
1787824496,9,,Aggregated,5.500000,0.000000,820,1100,1100,1100,2200,3400,17000,19000,50000,50000,50000,857,0,820,1743.5851750023364,661.9619029999626,50446.003504999964,322.9078179696616
1787824497,9,,Aggregated,5.300000,0.000000,820,1100,1100,1100,2200,3300,17000,19000,50000,50000,50000,864,0,820,1736.4464508483825,661.9619029999626,50446.003504999964,322.89930555555554
1787824498,9,,Aggregated,5.500000,0.000000,820,1100,1100,1100,2200,3300,17000,19000,50000,50000,50000,868,0,820,1732.3059297592192,661.9619029999626,50446.003504999964,322.926267281106
1787824499,9,,Aggregated,5.700000,0.000000,820,1100,1100,1100,2200,3300,17000,19000,50000,50000,50000,874,0,820,1727.6871328363875,661.9619029999626,50446.003504999964,322.92562929061785
1787824500,9,,Aggregated,5.800000,0.000000,820,1100,1100,1100,2200,3300,17000,20000,50000,50000,50000,881,0,820,1753.3667239875172,661.9619029999626,50446.003504999964,322.9239500567537
1787824501,9,,Aggregated,5.600000,0.000000,820,1100,1100,1100,2200,3300,17000,20000,50000,50000,50000,885,0,820,1749.315558325427,661.9619029999626,50446.003504999964,322.95028248587573
1787824502,9,,Aggregated,5.800000,0.000000,820,1100,1100,1100,2200,3400,17000,20000,50000,50000,50000,892,0,820,1752.8117238878954,661.9619029999626,50446.003504999964,322.9932735426009
1787824503,9,,Aggregated,5.700000,0.000000,820,1100,1100,1100,2200,3400,17000,20000,50000,50000,50000,897,0,820,1749.6990333355657,661.9619029999626,50446.003504999964,322.98996655518397
1787824504,9,,Aggregated,5.700000,0.000000,820,1100,1100,1100,2200,3300,17000,19000,50000,50000,50000,901,0,820,1746.5806660954522,661.9619029999626,50446.003504999964,322.9544950055494
1787824505,9,,Aggregated,5.600000,0.000000,820,1100,1100,1100,2200,3400,17000,19000,50000,50000,50000,907,0,820,1759.6796253054054,661.9619029999626,50446.003504999964,322.9790518191841
1787824506,9,,Aggregated,5.500000,0.000000,820,1100,1100,1100,2200,3400,17000,19000,50000,50000,50000,912,0,820,1755.2813462203978,661.9619029999626,50446.003504999964,322.95394736842104
1787824507,9,,Aggregated,5.600000,0.000000,820,1100,1100,1100,2200,3400,17000,19000,50000,50000,50000,917,0,820,1751.9518192115625,661.9619029999626,50446.003504999964,322.95201744820065
1787824508,9,,Aggregated,5.600000,0.000000,820,1100,1100,1100,2200,3300,17000,19000,50000,50000,50000,922,0,820,1747.5304840227798,661.9619029999626,50446.003504999964,322.97939262472886
1787824509,9,,Aggregated,5.300000,0.000000,820,1100,1100,1100,2200,3400,17000,19000,50000,50000,50000,929,0,820,1759.2240417804123,661.9619029999626,50446.003504999964,322.9634015069968
1787824510,9,,Aggregated,5.300000,0.000000,820,1100,1100,1100,2200,3400,17000,19000,50000,50000,50000,933,0,820,1755.7774419614182,661.9619029999626,50446.003504999964,322.9860664523044
1787824511,9,,Aggregated,5.400000,0.000000,820,1100,1100,1100,2200,3400,17000,19000,50000,50000,50000,938,0,820,1752.1531897526688,661.9619029999626,50446.003504999964,322.954157782516
1787824512,9,,Aggregated,5.400000,0.000000,820,1100,1100,1100,2200,3300,17000,19000,50000,50000,50000,942,0,820,1749.1858174734646,661.9619029999626,50446.003504999964,322.9405520169851
1787824513,9,,Aggregated,5.200000,0.000000,820,1100,1100,1100,2200,3300,17000,19000,50000,50000,50000,947,0,820,1745.484438541714,661.9619029999626,50446.003504999964,322.96937697993667
1787824514,9,,Aggregated,5.300000,0.000000,820,1100,1100,1100,2200,3400,17000,19000,50000,50000,50000,953,0,820,1752.365513324243,661.9619029999626,50446.003504999964,322.9475341028332
1787824515,9,,Aggregated,5.100000,0.000000,820,1100,1100,1100,2200,3400,17000,19000,50000,50000,50000,957,0,820,1749.4056592998995,661.9619029999626,50446.003504999964,322.9717868338558
1787824516,9,,Aggregated,5.100000,0.000000,820,1100,1100,1100,2200,3300,17000,19000,50000,50000,50000,962,0,820,1745.868783062374,661.9619029999626,50446.003504999964,322.9553014553015
1787824517,9,,Aggregated,5.200000,0.000000,820,1100,1100,1100,2200,3400,17000,19000,50000,50000,50000,969,0,820,1751.478635245618,661.9619029999626,50446.003504999964,322.98555211558306
1787824518,9,,Aggregated,5.000000,0.000000,820,1100,1100,1100,2200,3400,17000,19000,50000,50000,50000,974,0,820,1749.0225619722837,661.9619029999626,50446.003504999964,322.96919917864477
1787824519,9,,Aggregated,5.000000,0.000000,820,1100,1100,1100,2200,3400,17000,19000,50000,50000,50000,978,0,820,1745.7054512975503,661.9619029999626,50446.003504999964,322.98977505112475
1787824520,9,,Aggregated,5.200000,0.000000,820,1100,1100,1100,2200,3300,17000,19000,50000,50000,50000,983,0,820,1741.699766159719,661.9619029999626,50446.003504999964,322.96236012207527
1787824521,9,,Aggregated,5.000000,0.000000,820,1100,1100,1100,2200,3300,17000,19000,50000,50000,50000,989,0,820,1737.03276285238,661.9619029999626,50446.003504999964,323.0131445904955
1787824522,9,,Aggregated,5.000000,0.000000,820,1100,1100,1100,2200,3300,17000,19000,50000,50000,50000,994,0,820,1732.5965049798833,661.9619029999626,50446.003504999964,323.04024144869214
1787824523,9,,Aggregated,5.000000,0.000000,820,1100,1100,1100,2200,3300,17000,19000,50000,50000,50000,998,0,820,1730.806217241487,661.9619029999626,50446.003504999964,323.03406813627254
1787824524,9,,Aggregated,5.100000,0.000000,820,1100,1100,1100,2200,3300,17000,18000,50000,50000,50000,1004,0,820,1735.069860091638,661.9619029999626,50446.003504999964,323.05776892430276
1787824525,9,,Aggregated,5.100000,0.000000,820,1100,1100,1100,2200,3300,17000,18000,50000,50000,50000,1011,0,820,1730.3042220791338,661.9619029999626,50446.003504999964,323.0593471810089
1787824526,9,,Aggregated,5.100000,0.000000,820,1100,1100,1100,2200,3400,17000,18000,50000,50000,50000,1017,0,820,1741.0880129616557,661.9619029999626,50446.003504999964,323.04621435594885
1787824527,9,,Aggregated,5.000000,0.000000,820,1100,1100,1100,2200,3300,17000,18000,50000,50000,50000,1021,0,820,1737.544713749269,661.9619029999626,50446.003504999964,323.06856023506367
1787824528,9,,Aggregated,5.500000,0.000000,820,1100,1100,1100,2200,3300,17000,18000,50000,50000,50000,1028,0,820,1731.6301427101207,661.9619029999626,50446.003504999964,323.07003891050584
1787824529,9,,Aggregated,5.200000,0.000000,820,1100,1100,1100,2200,3400,17000,19000,50000,50000,50000,1034,0,820,1753.9829124806613,661.9619029999626,50446.003504999964,323.1025145067698
1787824530,9,,Aggregated,5.200000,0.000000,820,1100,1100,1100,2200,3400,17000,19000,50000,50000,50000,1040,0,820,1749.8825103500037,661.9619029999626,50446.003504999964,323.0903846153846
1787824531,9,,Aggregated,5.300000,0.000000,820,1100,1100,1100,2200,3300,17000,19000,50000,50000,50000,1046,0,820,1744.8356528279196,661.9619029999626,50446.003504999964,323.09369024856596
1787824532,9,,Aggregated,5.500000,0.000000,820,1100,1100,1100,2200,3300,17000,19000,50000,50000,50000,1050,0,820,1741.4636160047653,661.9619029999626,50446.003504999964,323.11238095238093
1787824533,9,,Aggregated,5.800000,0.000000,820,1100,1100,1100,2200,3400,17000,19000,50000,50000,50000,1057,0,820,1750.7960937861906,661.9619029999626,50446.003504999964,323.0983916745506
1787824534,9,,Aggregated,5.800000,0.000000,810,1100,1100,1100,2200,3300,17000,19000,50000,50000,50000,1062,0,810,1746.1222070056529,661.9619029999626,50446.003504999964,323.1431261770245
1787824535,9,,Aggregated,5.800000,0.000000,810,1100,1100,1100,2200,3400,17000,19000,50000,50000,50000,1069,0,810,1749.4375668793296,661.9619029999626,50446.003504999964,323.12722170252573
1787824536,9,,Aggregated,5.800000,0.000000,810,1100,1100,1100,2200,3400,17000,19000,50000,50000,50000,1074,0,810,1745.551528092182,661.9619029999626,50446.003504999964,323.10893854748605
1787824537,9,,Aggregated,5.900000,0.000000,810,1100,1100,1100,2200,3400,17000,19000,50000,50000,50000,1079,0,810,1741.2469127803554,661.9619029999626,50446.003504999964,323.1436515291937
1787824538,9,,Aggregated,5.800000,0.000000,810,1100,1100,1100,2200,3300,17000,19000,50000,50000,50000,1085,0,810,1737.5220415557635,661.9619029999626,50446.003504999964,323.13179723502304
1787824539,9,,Aggregated,5.700000,0.000000,810,1100,1100,1100,2200,3300,17000,19000,50000,50000,50000,1091,0,810,1732.7865647818546,661.9619029999626,50446.003504999964,323.1191567369386
1787824540,9,,Aggregated,5.800000,0.000000,810,1100,1100,1100,2200,3300,17000,19000,50000,50000,50000,1097,0,810,1727.7050914047431,661.9619029999626,50446.003504999964,323.15405651777576
1787824541,9,,Aggregated,5.800000,0.000000,810,1100,1100,1100,2200,3000,17000,18000,50000,50000,50000,1101,0,810,1724.4619754341536,661.9619029999626,50446.003504999964,323.17257039055403
1787824542,9,,Aggregated,5.800000,0.000000,810,1100,1100,1100,2200,3300,17000,18000,50000,50000,50000,1107,0,810,1735.6997619096687,661.9619029999626,50446.003504999964,323.1580849141825
1787824543,9,,Aggregated,5.600000,0.000000,810,1100,1100,1100,2200,3300,17000,18000,50000,50000,50000,1114,0,810,1730.4499463617626,661.9619029999626,50446.003504999964,323.1624775583483
1787824544,9,,Aggregated,5.700000,0.000000,810,1100,1100,1100,2200,3300,17000,18000,50000,50000,50000,1120,0,810,1725.9404025687534,661.9619029999626,50446.003504999964,323.14464285714286
1787824545,9,,Aggregated,5.800000,0.000000,810,1100,1100,1100,2200,3000,17000,18000,50000,50000,50000,1124,0,810,1722.5210711396828,661.9619029999626,50446.003504999964,323.1797153024911
1787824546,9,,Aggregated,5.800000,0.000000,810,1100,1100,1100,2200,3000,17000,18000,50000,50000,50000,1129,0,810,1719.7428601833515,661.9619029999626,50446.003504999964,323.162976085031
1787824547,9,,Aggregated,5.500000,0.000000,810,1100,1100,1100,2200,3300,17000,18000,50000,50000,50000,1136,0,810,1724.6554103529963,661.9619029999626,50446.003504999964,323.15140845070425
1787824548,9,,Aggregated,5.500000,0.000000,810,1100,1100,1100,2200,3000,17000,18000,50000,50000,50000,1142,0,810,1719.964204674259,661.9619029999626,50446.003504999964,323.1865148861646
1787824549,9,,Aggregated,5.500000,0.000000,810,1100,1100,1100,2200,3000,17000,18000,50000,50000,50000,1147,0,810,1716.4130015771611,661.9619029999626,50446.003504999964,323.1691368788143
1787824550,9,,Aggregated,5.500000,0.000000,810,1100,1100,1100,2200,3000,17000,18000,50000,50000,50000,1153,0,810,1712.098735288815,661.9619029999626,50446.003504999964,323.15698178664354
1787824551,9,,Aggregated,5.700000,0.000000,810,1100,1100,1100,2200,3000,17000,18000,50000,50000,50000,1159,0,810,1707.7268489810215,661.9619029999626,50446.003504999964,323.15358067299394
1787824552,9,,Aggregated,5.700000,0.000000,810,1100,1100,1100,2100,3000,17000,18000,50000,50000,50000,1165,0,810,1703.2326681339089,661.9619029999626,50446.003504999964,323.17596566523605
1787824553,9,,Aggregated,5.700000,0.000000,810,1100,1100,1100,2200,3000,17000,19000,50000,50000,50000,1170,0,810,1716.9094662888922,661.9619029999626,50446.003504999964,323.14273504273507
1787824554,9,,Aggregated,5.800000,0.000000,810,1100,1100,1100,2100,3000,17000,19000,50000,50000,50000,1174,0,810,1714.5068141303273,661.9619029999626,50446.003504999964,323.16780238500854
1787824555,9,,Aggregated,5.600000,0.000000,810,1100,1100,1100,2100,3000,17000,19000,50000,50000,50000,1180,0,810,1711.6739340389863,661.9619029999626,50446.003504999964,323.1542372881356
1787824556,9,,Aggregated,5.600000,0.000000,810,1100,1100,1100,2100,3000,17000,19000,50000,50000,50000,1184,0,810,1708.777531360645,661.9619029999626,50446.003504999964,323.13344594594594
1787824557,9,,Aggregated,5.600000,0.000000,810,1100,1100,1100,2100,3000,17000,19000,50000,50000,50000,1191,0,810,1712.9001881544957,661.9619029999626,50446.003504999964,323.12090680100755
1787824558,9,,Aggregated,5.600000,0.000000,810,1100,1100,1100,2100,3000,17000,19000,50000,50000,50000,1195,0,810,1710.2713701924724,661.9619029999626,50446.003504999964,323.092050209205
1787824559,9,,Aggregated,5.600000,0.000000,810,1100,1100,1100,2200,3300,17000,19000,50000,50000,50000,1202,0,810,1743.693045401002,661.9619029999626,50446.003504999964,323.0806988352745
1787824560,9,,Aggregated,5.600000,0.000000,810,1100,1100,1100,2200,3300,17000,19000,50000,50000,50000,1208,0,810,1739.32606506209,661.9619029999626,50446.003504999964,323.0612582781457
1787824561,9,,Aggregated,5.300000,0.000000,810,1100,1100,1100,2100,3300,17000,19000,50000,50000,50000,1211,0,810,1737.2120131940587,661.9619029999626,50446.003504999964,323.06688687035506
1787824562,9,,Aggregated,5.500000,0.000000,810,1100,1100,1100,2200,3300,17000,19000,50000,50000,50000,1217,0,810,1735.0736701347619,661.9619029999626,50446.003504999964,323.05751848808546
1787824563,9,,Aggregated,5.200000,0.000000,810,1100,1100,1100,2100,3000,17000,19000,50000,50000,50000,1222,0,810,1731.601876240593,661.9619029999626,50446.003504999964,323.03273322422257
1787824564,9,,Aggregated,5.200000,0.000000,810,1100,1100,1100,2100,3000,17000,19000,50000,50000,50000,1226,0,810,1728.945651638666,661.9619029999626,50446.003504999964,323.0048939641109
1787824565,9,,Aggregated,5.100000,0.000000,810,1100,1100,1100,2100,3000,17000,19000,50000,50000,50000,1231,0,810,1726.679413120231,661.9619029999626,50446.003504999964,323.0259951259139
1787824566,9,,Aggregated,5.200000,0.000000,810,1100,1100,1100,2100,3000,17000,19000,50000,50000,50000,1235,0,810,1724.7822728202468,661.9619029999626,50446.003504999964,322.9975708502024
1787824567,9,,Aggregated,5.100000,0.000000,810,1100,1100,1100,2100,3000,17000,19000,50000,50000,50000,1240,0,810,1721.385378412907,661.9619029999626,50446.003504999964,322.975
1787824568,9,,Aggregated,5.100000,0.000000,810,1100,1100,1100,2200,3300,17000,19000,50000,50000,50000,1246,0,810,1726.7186036460714,661.9619029999626,50446.003504999964,322.96548956661314
1787824569,9,,Aggregated,5.100000,0.000000,810,1100,1100,1100,2200,3300,17000,19000,50000,50000,50000,1249,0,810,1724.653332146521,661.9619029999626,50446.003504999964,322.96957566052845
1787824570,9,,Aggregated,4.800000,0.000000,810,1100,1100,1100,2100,3300,17000,19000,50000,50000,50000,1252,0,810,1722.580868614221,661.9619029999626,50446.003504999964,322.9752396166134
1787824571,9,,Aggregated,4.800000,0.000000,810,1100,1100,1100,2200,3300,17000,19000,50000,50000,50000,1259,0,810,1720.7153096934103,661.9619029999626,50446.003504999964,322.967434471803
1787824572,9,,Aggregated,4.800000,0.000000,810,1100,1100,1100,2200,3200,17000,19000,50000,50000,50000,1263,0,810,1718.152988475854,661.9619029999626,50446.003504999964,322.94061757719714
1787824573,9,,Aggregated,4.700000,0.000000,810,1100,1100,1100,2200,3200,17000,19000,50000,50000,50000,1268,0,810,1714.8982859329678,661.9619029999626,50446.003504999964,322.9195583596215
1787824574,9,,Aggregated,4.700000,0.000000,810,1100,1100,1100,2200,3300,17000,19000,50000,50000,50000,1273,0,810,1713.4478717360591,661.9619029999626,50446.003504999964,322.9395129615082
1787824575,9,,Aggregated,4.700000,0.000000,810,1100,1100,1100,2200,3300,17000,19000,50000,50000,50000,1277,0,810,1711.8044828935026,661.9619029999626,50446.003504999964,322.91072826938137
1787824576,9,,Aggregated,4.600000,0.000000,810,1100,1100,1100,2200,3300,17000,19000,50000,50000,50000,1282,0,810,1721.1930323003141,661.9619029999626,50446.003504999964,322.8876755070203
1787824577,9,,Aggregated,4.700000,0.000000,810,1100,1100,1100,2200,3300,17000,19000,50000,50000,50000,1286,0,810,1718.4072780598779,661.9619029999626,50446.003504999964,322.8973561430793
1787824578,9,,Aggregated,4.800000,0.000000,810,1100,1100,1100,2200,3400,17000,20000,50000,50000,50000,1293,0,810,1743.4406405073487,661.9619029999626,50446.003504999964,322.88785769528226
1787824579,9,,Aggregated,4.700000,0.000000,810,1100,1100,1100,2200,3400,17000,20000,50000,50000,50000,1297,0,810,1740.6416674333088,661.9619029999626,50446.003504999964,322.89668465690056
1787824580,9,,Aggregated,4.700000,0.000000,810,1100,1100,1100,2200,3300,17000,19000,50000,50000,50000,1302,0,810,1738.3787828333345,661.9619029999626,50446.003504999964,322.889400921659
1787824581,9,,Aggregated,4.400000,0.000000,810,1100,1100,1100,2200,3300,17000,19000,50000,50000,50000,1307,0,810,1735.7392529839335,661.9619029999626,50446.003504999964,322.8737566947207
1787824582,9,,Aggregated,4.700000,0.000000,810,1100,1100,1100,2200,3300,17000,19000,50000,50000,50000,1312,0,810,1732.2615374862812,661.9619029999626,50446.003504999964,322.8879573170732
1787824583,9,,Aggregated,5.000000,0.000000,810,1100,1100,1100,2200,3300,17000,19000,50000,50000,50000,1317,0,810,1730.5273003128334,661.9619029999626,50446.003504999964,322.874715261959
1787824584,9,,Aggregated,4.900000,0.000000,810,1100,1100,1100,2200,3300,17000,19000,50000,50000,50000,1323,0,810,1726.9561153476961,661.9619029999626,50446.003504999964,322.8662131519274
1787824585,9,,Aggregated,5.000000,0.000000,810,1100,1100,1100,2200,3300,17000,19000,50000,50000,50000,1328,0,810,1723.7859737221397,661.9619029999626,50446.003504999964,322.8456325301205
1787824586,9,,Aggregated,5.000000,0.000000,810,1100,1100,1100,2100,3300,17000,19000,50000,50000,50000,1332,0,810,1721.7592973228234,661.9619029999626,50446.003504999964,322.86336336336336
1787824587,9,,Aggregated,5.000000,0.000000,810,1100,1100,1100,2100,3300,17000,19000,50000,50000,50000,1338,0,810,1719.2454159820632,661.9619029999626,50446.003504999964,322.85500747384157
1787824588,9,,Aggregated,5.000000,0.000000,810,1100,1100,1100,2100,3300,17000,19000,50000,50000,50000,1342,0,810,1716.8849513219081,661.9619029999626,50446.003504999964,322.83084947839046
1787824589,9,,Aggregated,5.200000,0.000000,810,1100,1100,1100,2100,3300,17000,19000,50000,50000,50000,1348,0,810,1713.4526972040067,661.9619029999626,50446.003504999964,322.8620178041543
1787824590,9,,Aggregated,5.100000,0.000000,810,1100,1100,1100,2100,3300,17000,19000,50000,50000,50000,1353,0,810,1726.7606666866227,661.9619029999626,50446.003504999964,322.8839615668884
1787824591,9,,Aggregated,5.100000,0.000000,810,1100,1100,1100,2200,3300,17000,19000,50000,50000,50000,1357,0,810,1725.4450924848934,661.9619029999626,50446.003504999964,322.86366985998524
1787824592,9,,Aggregated,5.000000,0.000000,810,1100,1100,1100,2200,3300,17000,19000,50000,50000,50000,1364,0,810,1733.8723385080646,661.9619029999626,50446.003504999964,322.8519061583578
1787824593,9,,Aggregated,5.000000,0.000000,810,1100,1100,1100,2200,3300,17000,19000,50000,50000,50000,1369,0,810,1730.8561307706354,661.9619029999626,50446.003504999964,322.8312636961286
1787824594,9,,Aggregated,5.000000,0.000000,810,1100,1100,1100,2100,3300,17000,19000,50000,50000,50000,1373,0,810,1728.9616450888566,661.9619029999626,50446.003504999964,322.8521485797524
1787824595,9,,Aggregated,5.100000,0.000000,810,1100,1100,1100,2100,3300,17000,19000,50000,50000,50000,1379,0,810,1725.818962846265,661.9619029999626,50446.003504999964,322.8440899202321
1787824596,9,,Aggregated,5.100000,0.000000,810,1100,1100,1100,2100,3300,17000,19000,50000,50000,50000,1384,0,810,1722.7750698554908,661.9619029999626,50446.003504999964,322.8244219653179
1787824597,9,,Aggregated,5.100000,0.000000,810,1100,1100,1100,2100,3300,17000,19000,50000,50000,50000,1389,0,810,1720.4418994945995,661.9619029999626,50446.003504999964,322.81641468682506
1787824598,9,,Aggregated,5.000000,0.000000,810,1100,1100,1100,2100,3300,17000,19000,50000,50000,50000,1394,0,810,1717.441180071735,661.9619029999626,50446.003504999964,322.79698708751795
1787824599,9,,Aggregated,5.200000,0.000000,810,1100,1100,1100,2100,3300,17000,19000,50000,50000,50000,1399,0,810,1715.1067642223006,661.9619029999626,50446.003504999964,322.7898498927806
1787824600,9,,Aggregated,5.300000,0.000000,810,1100,1100,1100,2100,3300,17000,18000,50000,50000,50000,1407,0,810,1717.7427774733458,661.9619029999626,50446.003504999964,322.7825159914712
1787824601,9,,Aggregated,5.300000,0.000000,810,1100,1100,1100,2100,3300,17000,18000,50000,50000,50000,1410,0,810,1723.4224858460977,661.9619029999626,50446.003504999964,322.7886524822695
1787824602,9,,Aggregated,5.300000,0.000000,810,1100,1100,1100,2100,3300,17000,18000,50000,50000,50000,1414,0,810,1721.515509955444,661.9619029999626,50446.003504999964,322.8097595473833
1787824603,9,,Aggregated,5.300000,0.000000,810,1100,1100,1100,2100,3300,17000,18000,50000,50000,50000,1419,0,810,1720.3102134601818,661.9619029999626,50446.003504999964,322.7956307258633
1787824604,9,,Aggregated,5.200000,0.000000,810,1100,1100,1100,2100,3300,17000,18000,50000,50000,50000,1425,0,810,1716.8077317803493,661.9619029999626,50446.003504999964,322.77894736842103
1787824605,9,,Aggregated,5.200000,0.000000,810,1100,1100,1100,2100,3300,17000,18000,50000,50000,50000,1430,0,810,1714.44616863846,661.9619029999626,50446.003504999964,322.77272727272725
1787824606,9,,Aggregated,5.100000,0.000000,810,1100,1100,1100,2100,3300,17000,18000,50000,50000,50000,1435,0,810,1711.5222825951205,661.9619029999626,50446.003504999964,322.7519163763066
1787824607,9,,Aggregated,5.300000,0.000000,810,1100,1100,1100,2100,3300,17000,18000,50000,50000,50000,1441,0,810,1708.5623402657861,661.9619029999626,50446.003504999964,322.7494795281055
1787824608,9,,Aggregated,5.300000,0.000000,810,1100,1100,1100,2100,3300,17000,18000,50000,50000,50000,1445,0,810,1706.8394735204135,661.9619029999626,50446.003504999964,322.7695501730104
1787824609,9,,Aggregated,5.100000,0.000000,810,1100,1100,1100,2100,3300,17000,18000,50000,50000,50000,1451,0,810,1714.8951725223965,661.9619029999626,50446.003504999964,322.74913852515505
1787824610,9,,Aggregated,5.100000,0.000000,810,1100,1100,1100,2100,3300,17000,19000,50000,51000,51000,1457,0,810,1746.6940657474242,661.9619029999626,51360.32744700003,322.74536719286203
1787824611,9,,Aggregated,5.300000,0.000000,810,1100,1100,1100,2100,3300,17000,19000,50000,51000,51000,1466,0,810,1747.7722654106394,661.9619029999626,51360.32744700003,322.74965893587995
1787824612,9,,Aggregated,5.300000,0.000000,810,1100,1100,1100,2100,3300,17000,19000,50000,51000,51000,1469,0,810,1745.807824844791,661.9619029999626,51360.32744700003,322.7651463580667
1787824613,9,,Aggregated,5.300000,0.000000,810,1100,1100,1100,2100,3300,17000,19000,50000,51000,51000,1473,0,810,1743.3771821038683,661.9619029999626,51360.32744700003,322.7786829599457
1787824614,9,,Aggregated,5.100000,0.000000,810,1100,1100,1100,2100,3400,17000,19000,50000,51000,51000,1480,0,810,1748.078317307431,661.9619029999626,51360.32744700003,322.7743243243243
1787824615,9,,Aggregated,5.400000,0.000000,810,1100,1100,1100,2100,3300,17000,19000,50000,51000,51000,1485,0,810,1745.5174086659922,661.9619029999626,51360.32744700003,322.7602693602694
1787824616,9,,Aggregated,5.600000,0.000000,810,1100,1100,1100,2100,3300,17000,19000,50000,51000,51000,1491,0,810,1741.7941777002002,661.9619029999626,51360.32744700003,322.78806170355466
1787824617,9,,Aggregated,5.500000,0.000000,810,1100,1100,1100,2100,3300,17000,19000,50000,51000,51000,1497,0,810,1739.2304589331984,661.9619029999626,51360.32744700003,322.7782231128925
1787824618,9,,Aggregated,5.500000,0.000000,810,1100,1100,1100,2100,3300,17000,18000,50000,51000,51000,1503,0,810,1735.9101921922809,661.9619029999626,51360.32744700003,322.76979374584164
1787824619,9,,Aggregated,5.600000,0.000000,810,1100,1100,1100,2100,3300,17000,18000,50000,51000,51000,1508,0,810,1732.913047234747,661.9619029999626,51360.32744700003,322.79641909814325
1787824620,9,,Aggregated,5.600000,0.000000,810,1100,1100,1100,2100,3300,17000,18000,50000,51000,51000,1513,0,810,1730.183828235293,661.9619029999626,51360.32744700003,322.783212161269
1787824621,9,,Aggregated,5.600000,0.000000,810,1100,1100,1100,2100,3300,17000,18000,50000,51000,51000,1518,0,810,1727.164971916336,661.9619029999626,51360.32744700003,322.8010540184453
1787824622,9,,Aggregated,5.700000,0.000000,810,1100,1100,1100,2100,3300,17000,18000,50000,51000,51000,1525,0,810,1723.9121295842615,661.9619029999626,51360.32744700003,322.8032786885246
1787824623,9,,Aggregated,5.700000,0.000000,810,1100,1100,1100,2100,3300,17000,18000,50000,51000,51000,1530,0,810,1728.4960374254895,661.9619029999626,51360.32744700003,322.79281045751634
1787824624,9,,Aggregated,5.500000,0.000000,810,1100,1100,1100,2100,3300,17000,18000,50000,51000,51000,1535,0,810,1725.5931417374582,661.9619029999626,51360.32744700003,322.8123778501629
1787824625,9,,Aggregated,5.700000,0.000000,810,1100,1100,1100,2100,3300,17000,18000,50000,51000,51000,1542,0,810,1732.8234688767818,661.9619029999626,51360.32744700003,322.8093385214008
1787824626,9,,Aggregated,5.500000,0.000000,810,1100,1100,1100,2100,3300,17000,18000,50000,51000,51000,1547,0,810,1729.8874630129267,661.9619029999626,51360.32744700003,322.8202973497091
1787824627,9,,Aggregated,5.500000,0.000000,810,1100,1100,1100,2100,3300,17000,18000,50000,51000,51000,1552,0,810,1728.01278469072,661.9619029999626,51360.32744700003,322.81378865979383
1787824628,9,,Aggregated,5.600000,0.000000,810,1100,1100,1100,2100,3300,17000,18000,50000,51000,51000,1556,0,810,1726.2400806972992,661.9619029999626,51360.32744700003,322.8303341902314
1787824629,9,,Aggregated,5.600000,0.000000,810,1100,1100,1100,2100,3300,17000,18000,50000,51000,51000,1562,0,810,1723.3127710851454,661.9619029999626,51360.32744700003,322.8271446862996
1787824630,9,,Aggregated,5.600000,0.000000,810,1100,1100,1100,2100,3300,17000,18000,50000,51000,51000,1566,0,810,1721.1071838863325,661.9619029999626,51360.32744700003,322.8397190293742
1787824631,9,,Aggregated,5.400000,0.000000,810,1100,1100,1100,2100,3300,17000,18000,50000,51000,51000,1574,0,810,1727.58731349428,661.9619029999626,51360.32744700003,322.83163913595934
1787824632,9,,Aggregated,5.300000,0.000000,810,1100,1100,1100,2100,3300,17000,18000,50000,51000,51000,1578,0,810,1725.61888607034,661.9619029999626,51360.32744700003,322.8485424588086
1787824633,9,,Aggregated,5.600000,0.000000,810,1100,1100,1100,2100,3300,17000,18000,50000,51000,51000,1583,0,810,1729.6829657372057,661.9619029999626,51360.32744700003,322.84396715097915
1787824634,9,,Aggregated,5.500000,0.000000,810,1100,1100,1100,2100,3300,17000,18000,50000,51000,51000,1587,0,810,1727.7818160737218,661.9619029999626,51360.32744700003,322.85696282293634
1787824635,9,,Aggregated,5.200000,0.000000,810,1100,1100,1100,2100,3300,17000,18000,50000,51000,51000,1592,0,810,1725.5044085326608,661.9619029999626,51360.32744700003,322.87374371859295
1787824636,9,,Aggregated,5.100000,0.000000,810,1100,1100,1100,2100,3300,17000,18000,50000,51000,51000,1598,0,810,1723.1840599630764,661.9619029999626,51360.32744700003,322.8710888610764
1787824637,9,,Aggregated,5.100000,0.000000,810,1100,1100,1100,2100,3300,17000,18000,50000,51000,51000,1604,0,810,1720.059332045509,661.9619029999626,51360.32744700003,322.8628428927681
1787824638,9,,Aggregated,5.200000,0.000000,810,1100,1100,1100,2100,3300,17000,18000,50000,51000,51000,1609,0,810,1717.556427618394,661.9619029999626,51360.32744700003,322.85705407085146
1787824639,9,,Aggregated,5.200000,0.000000,810,1100,1100,1100,2100,3300,17000,18000,50000,51000,51000,1615,0,810,1731.9934060687283,661.9619029999626,51360.32744700003,322.88049535603716
1787824640,9,,Aggregated,5.400000,0.000000,810,1100,1100,1100,2100,3300,17000,18000,50000,51000,51000,1622,0,810,1728.9689974500589,661.9619029999626,51360.32744700003,322.8877928483354
1787824641,9,,Aggregated,5.200000,0.000000,810,1100,1100,1100,2100,3300,17000,18000,50000,51000,51000,1627,0,810,1726.4933990977229,661.9619029999626,51360.32744700003,322.87523048555624
1787824642,9,,Aggregated,5.400000,0.000000,810,1100,1100,1100,2100,3300,17000,18000,50000,51000,51000,1633,0,810,1732.871800420695,661.9619029999626,51360.32744700003,322.88916105327615
1787824643,9,,Aggregated,5.300000,0.000000,810,1100,1100,1100,2100,3300,17000,18000,50000,51000,51000,1637,0,810,1730.5246697189953,661.9619029999626,51360.32744700003,322.91447770311544
1787824644,9,,Aggregated,5.300000,0.000000,810,1100,1100,1100,2100,3300,17000,18000,50000,51000,51000,1643,0,810,1734.1040906335938,661.9619029999626,51360.32744700003,322.90139987827143
1787824645,9,,Aggregated,5.400000,0.000000,810,1100,1100,1100,2100,3300,17000,18000,50000,51000,51000,1651,0,810,1729.908176302238,661.9619029999626,51360.32744700003,322.9061175045427
1787824646,9,,Aggregated,5.400000,0.000000,810,1100,1100,1100,2100,3300,17000,18000,50000,51000,51000,1656,0,810,1727.4196328164223,661.9619029999626,51360.32744700003,322.8937198067633
1787824647,9,,Aggregated,5.700000,0.000000,810,1100,1100,1100,2100,3300,17000,18000,50000,51000,51000,1662,0,810,1733.800807521056,661.9619029999626,51360.32744700003,322.9091456077016
1787824648,9,,Aggregated,5.900000,0.000000,810,1100,1100,1100,2100,3300,17000,18000,50000,51000,51000,1668,0,810,1731.3708969742179,661.9619029999626,51360.32744700003,322.9070743405276
1787824649,9,,Aggregated,5.600000,0.000000,810,1100,1100,1100,2100,3300,17000,18000,50000,51000,51000,1673,0,810,1728.6691886909716,661.9619029999626,51360.32744700003,322.9234907352062
1787824650,9,,Aggregated,5.700000,0.000000,810,1100,1100,1100,2100,3300,17000,18000,50000,51000,51000,1679,0,810,1725.622107557472,661.9619029999626,51360.32744700003,322.92019058963666
1787824651,9,,Aggregated,5.900000,0.000000,810,1100,1100,1100,2100,3300,17000,18000,50000,51000,51000,1685,0,810,1722.7184281543002,661.9619029999626,51360.32744700003,322.9186943620178
1787824652,9,,Aggregated,5.700000,0.000000,810,1100,1100,1100,2100,3300,17000,18000,50000,51000,51000,1691,0,810,1719.7333623376674,661.9619029999626,51360.32744700003,322.91011235955057
1787824653,9,,Aggregated,5.800000,0.000000,810,1100,1100,1100,2100,3300,17000,18000,50000,51000,51000,1696,0,810,1717.461151602002,661.9619029999626,51360.32744700003,322.89740566037733
1787824654,9,,Aggregated,5.800000,0.000000,810,1100,1100,1100,2100,3300,17000,18000,50000,51000,51000,1702,0,810,1719.9562318390101,661.9619029999626,51360.32744700003,322.89776733254996
1787824655,9,,Aggregated,5.800000,0.000000,810,1100,1100,1100,2100,3300,17000,18000,50000,51000,51000,1707,0,810,1717.3914066192124,661.9619029999626,51360.32744700003,322.9132981839484
1787824656,9,,Aggregated,5.700000,0.000000,810,1100,1100,1100,2100,3300,17000,18000,50000,51000,51000,1713,0,810,1715.0699553117308,661.9619029999626,51360.32744700003,322.9095154699358
1787824657,9,,Aggregated,5.800000,0.000000,810,1100,1100,1100,2100,3300,17000,18000,50000,51000,51000,1719,0,810,1711.8875501663724,661.9619029999626,51360.32744700003,322.93368237347295
1787824658,9,,Aggregated,5.500000,0.000000,810,1100,1100,1100,2100,3200,17000,18000,50000,51000,51000,1724,0,810,1709.7474969141497,661.9619029999626,51360.32744700003,322.92111368909514
1787824659,9,,Aggregated,5.500000,0.000000,810,1100,1100,1100,2100,3300,17000,18000,50000,51000,51000,1729,0,810,1716.4077336153812,661.9619029999626,51360.32744700003,322.9317524580683
1787824660,9,,Aggregated,5.700000,0.000000,810,1100,1100,1100,2100,3300,17000,18000,50000,51000,51000,1735,0,810,1714.209398477806,661.9619029999626,51360.32744700003,322.92680115273777
1787824661,9,,Aggregated,5.700000,0.000000,810,1100,1100,1100,2100,3200,17000,18000,50000,51000,51000,1742,0,810,1710.794835456942,661.9619029999626,51360.32744700003,322.92135476463835
1787824662,9,,Aggregated,5.700000,0.000000,810,1100,1100,1100,2100,3200,17000,18000,50000,51000,51000,1747,0,810,1708.5051342507115,661.9619029999626,51360.32744700003,322.9129937034917
1787824663,9,,Aggregated,5.600000,0.000000,810,1100,1100,1100,2100,3200,17000,18000,50000,51000,51000,1754,0,810,1705.1234174515355,661.9619029999626,51360.32744700003,322.9139110604333
1787824664,9,,Aggregated,5.700000,0.000000,810,1100,1100,1100,2100,3200,17000,18000,50000,51000,51000,1758,0,810,1703.1690130403829,661.9619029999626,51360.32744700003,322.9260523321957
1787824665,9,,Aggregated,5.600000,0.000000,810,1100,1100,1100,2100,3000,17000,18000,50000,51000,51000,1764,0,810,1700.416428906459,661.9619029999626,51360.32744700003,322.91780045351476
1787824666,9,,Aggregated,5.600000,0.000000,810,1100,1100,1100,2100,3200,17000,18000,50000,51000,51000,1770,0,810,1703.7008975406743,661.9619029999626,51360.32744700003,322.94406779661017
1787824667,9,,Aggregated,5.600000,0.000000,810,1100,1100,1100,2100,3200,17000,18000,50000,51000,51000,1775,0,810,1702.0817471408413,661.9619029999626,51360.32744700003,322.9323943661972
1787824668,9,,Aggregated,5.600000,0.000000,810,1100,1100,1100,2100,3200,17000,18000,50000,51000,51000,1781,0,810,1710.4009429365487,661.9619029999626,51360.32744700003,322.9208309938237
1787824669,9,,Aggregated,5.800000,0.000000,810,1100,1100,1100,2100,3300,17000,19000,50000,51000,51000,1788,0,810,1722.8322504161038,661.9619029999626,51360.32744700003,322.9507829977629
1787824670,9,,Aggregated,5.800000,0.000000,810,1100,1100,1100,2100,3300,17000,19000,50000,51000,51000,1794,0,810,1720.7263845590824,661.9619029999626,51360.32744700003,322.94370122630994
1787824671,9,,Aggregated,5.700000,0.000000,810,1100,1100,1100,2100,3300,17000,19000,50000,51000,51000,1799,0,810,1718.27582029127,661.9619029999626,51360.32744700003,322.9571984435798
1787824672,9,,Aggregated,5.800000,0.000000,810,1100,1100,1100,2100,3200,17000,18000,50000,51000,51000,1805,0,810,1715.5069896066452,661.9619029999626,51360.32744700003,322.9556786703601
1787824673,9,,Aggregated,5.800000,0.000000,810,1100,1100,1100,2100,3200,17000,18000,50000,51000,51000,1810,0,810,1713.2613744193338,661.9619029999626,51360.32744700003,322.9453038674033
1787824674,9,,Aggregated,5.800000,0.000000,810,1100,1100,1100,2100,3200,17000,18000,50000,51000,51000,1816,0,810,1710.2773868243362,661.9619029999626,51360.32744700003,322.9697136563877
1787824675,9,,Aggregated,6.000000,0.000000,810,1100,1100,1100,2100,3200,17000,18000,50000,51000,51000,1821,0,810,1717.394823741348,661.9619029999626,51360.32744700003,322.948380010983
1787824676,9,,Aggregated,5.700000,0.000000,810,1100,1100,1100,2100,3200,17000,18000,50000,51000,51000,1827,0,810,1714.654409850572,661.9619029999626,51360.32744700003,322.9671592775041
1787824677,9,,Aggregated,5.800000,0.000000,810,1100,1100,1100,2100,3300,17000,18000,50000,51000,51000,1832,0,810,1718.2164044590584,661.9619029999626,51360.32744700003,322.96670305676855
1787824678,9,,Aggregated,5.800000,0.000000,810,1100,1100,1100,2100,3300,17000,18000,50000,51000,51000,1836,0,810,1716.6953641949865,661.9619029999626,51360.32744700003,322.9488017429194
1787824679,9,,Aggregated,5.600000,0.000000,810,1100,1100,1100,2100,3200,17000,18000,50000,51000,51000,1841,0,810,1714.7171336241147,661.9619029999626,51360.32744700003,322.9614340032591
1787824680,9,,Aggregated,5.500000,0.000000,810,1100,1100,1100,2100,3200,17000,18000,50000,51000,51000,1847,0,810,1711.9435962149405,661.9619029999626,51360.32744700003,322.98429886302114
1787824681,9,,Aggregated,5.400000,0.000000,810,1100,1100,1100,2100,3300,17000,18000,50000,51000,51000,1852,0,810,1711.0568196771032,661.9619029999626,51360.32744700003,322.9746220302376
1787824682,9,,Aggregated,5.300000,0.000000,810,1100,1100,1100,2100,3300,17000,18000,50000,51000,51000,1857,0,810,1708.6697005869657,661.9619029999626,51360.32744700003,322.98976844372646
1787824683,9,,Aggregated,5.300000,0.000000,810,1100,1100,1100,2100,3300,17000,18000,50000,51000,51000,1863,0,810,1713.8537428051504,661.9619029999626,51360.32744700003,322.979602791197
1787824684,9,,Aggregated,5.200000,0.000000,810,1100,1100,1100,2100,3300,17000,18000,50000,51000,51000,1871,0,810,1710.1973212410453,661.9619029999626,51360.32744700003,322.98236237306253
1787824685,9,,Aggregated,5.300000,0.000000,810,1100,1100,1100,2100,3300,17000,18000,50000,51000,51000,1876,0,810,1708.1440140938141,661.9619029999626,51360.32744700003,322.97121535181236
1787824686,9,,Aggregated,5.500000,0.000000,810,1100,1100,1100,2100,3200,17000,18000,50000,51000,51000,1881,0,810,1706.250085839976,661.9619029999626,51360.32744700003,322.9617224880383
1787824687,9,,Aggregated,5.300000,0.000000,810,1100,1100,1100,2100,3300,17000,18000,50000,51000,51000,1888,0,810,1707.9785874713953,661.9619029999626,51360.32744700003,322.98411016949154
1787824688,9,,Aggregated,5.300000,0.000000,810,1100,1100,1100,2100,3300,17000,18000,50000,51000,51000,1892,0,810,1706.2189690216671,661.9619029999626,51360.32744700003,322.97568710359405
1787824689,9,,Aggregated,5.400000,0.000000,810,1100,1100,1100,2100,3300,17000,18000,50000,51000,51000,1899,0,810,1703.1036073638727,661.9619029999626,51360.32744700003,322.96945760926803
1787824690,9,,Aggregated,5.600000,0.000000,800,1100,1100,1100,2000,3200,17000,18000,50000,51000,51000,1905,0,800,1700.4989061963222,661.9619029999626,51360.32744700003,322.96902887139106
1787824691,9,,Aggregated,5.600000,0.000000,810,1100,1100,1100,2000,3200,17000,18000,50000,51000,51000,1910,0,800,1698.4326691497347,661.9619029999626,51360.32744700003,322.95968586387437
1787824692,9,,Aggregated,5.800000,0.000000,810,1100,1100,1100,2000,3300,17000,18000,50000,51000,51000,1916,0,800,1703.946072628911,661.9619029999626,51360.32744700003,322.97651356993737
1787824693,9,,Aggregated,6.000000,0.000000,810,1100,1100,1100,2000,3200,17000,18000,50000,51000,51000,1922,0,800,1701.9475838038466,661.9619029999626,51360.32744700003,322.9771071800208
1787824694,9,,Aggregated,5.900000,0.000000,800,1100,1100,1100,2000,3200,17000,18000,50000,51000,51000,1927,0,800,1699.7867831899289,661.9619029999626,51360.32744700003,322.991696938246
1787824695,9,,Aggregated,5.700000,0.000000,800,1100,1100,1100,2000,3200,17000,18000,50000,51000,51000,1934,0,800,1696.825934742499,661.9619029999626,51360.32744700003,322.9917269906929
1787824696,9,,Aggregated,5.800000,0.000000,800,1100,1100,1100,2000,3200,17000,18000,50000,51000,51000,1939,0,800,1694.7990551918476,661.9619029999626,51360.32744700003,322.98246518824135
1787824697,9,,Aggregated,5.700000,0.000000,800,1100,1100,1100,2000,3200,17000,18000,50000,51000,51000,1946,0,800,1696.7153116413122,661.9619029999626,51360.32744700003,322.97584789311406
1787824698,9,,Aggregated,5.800000,0.000000,800,1100,1100,1100,2000,3300,17000,18000,50000,51000,51000,1953,0,800,1708.4238110148453,661.9619029999626,51360.32744700003,322.9795186891961
1787824699,9,,Aggregated,5.800000,0.000000,800,1100,1100,1100,2000,3300,17000,18000,50000,51000,51000,1958,0,800,1706.221901513275,661.9619029999626,51360.32744700003,322.9754851889683
1787824700,9,,Aggregated,5.800000,0.000000,800,1100,1100,1100,2000,3200,17000,18000,50000,51000,51000,1963,0,800,1703.991781132956,661.9619029999626,51360.32744700003,322.9882832399389
1787824701,9,,Aggregated,5.800000,0.000000,800,1100,1100,1100,2000,3200,17000,18000,50000,51000,51000,1969,0,800,1702.0156936602295,661.9619029999626,51360.32744700003,322.9873031995937
1787824702,9,,Aggregated,5.800000,0.000000,800,1100,1100,1100,2000,3200,17000,18000,50000,51000,51000,1973,0,800,1700.4020365098793,661.9619029999626,51360.32744700003,322.99695894576786
1787824703,9,,Aggregated,5.700000,0.000000,800,1100,1100,1100,2000,3200,17000,18000,50000,51000,51000,1980,0,800,1697.4428597292886,661.9619029999626,51360.32744700003,322.99343434343433
1787824704,9,,Aggregated,5.700000,0.000000,800,1100,1100,1100,2000,3000,17000,18000,50000,51000,51000,1985,0,800,1695.2274965551594,661.9619029999626,51360.32744700003,323.01209068010075
1787824705,9,,Aggregated,5.800000,0.000000,800,1100,1100,1100,2000,3200,17000,19000,50000,51000,51000,1990,0,800,1704.356202311051,661.9619029999626,51360.32744700003,322.9934673366834
1787824706,9,,Aggregated,5.700000,0.000000,800,1100,1100,1100,2000,3200,17000,19000,50000,51000,51000,1996,0,800,1702.5280103902762,661.9619029999626,51360.32744700003,322.9874749498998
1787824707,9,,Aggregated,5.900000,0.000000,800,1100,1100,1100,2000,3000,17000,18000,50000,51000,51000,2001,0,800,1700.5192354277815,661.9619029999626,51360.32744700003,322.97251374312845
1787824708,9,,Aggregated,5.500000,0.000000,810,1100,1100,1100,2000,3200,17000,18000,50000,51000,51000,2005,0,810,1706.8962570094718,661.9619029999626,51360.32744700003,322.97406483790525
1787824709,9,,Aggregated,5.500000,0.000000,810,1100,1100,1100,2000,3200,17000,18000,50000,51000,51000,2010,0,810,1705.5279323164132,661.9619029999626,51360.32744700003,322.9865671641791
1787824710,9,,Aggregated,5.200000,0.000000,810,1100,1100,1100,2000,3300,17000,18000,50000,51000,51000,2014,0,810,1710.0301138053578,661.9619029999626,51360.32744700003,322.9712015888779
1787824711,9,,Aggregated,5.200000,0.000000,810,1100,1100,1100,2100,3300,17000,18000,50000,51000,51000,2020,0,810,1708.323002932669,661.9619029999626,51360.32744700003,322.96237623762374
1787824712,9,,Aggregated,5.200000,0.000000,810,1100,1100,1100,2000,3200,17000,18000,50000,51000,51000,2024,0,800,1706.5931720202527,661.9619029999626,51360.32744700003,322.96788537549406
1787824713,9,,Aggregated,5.200000,0.000000,810,1100,1100,1100,2100,3200,17000,18000,50000,51000,51000,2029,0,810,1706.0349975288277,661.9619029999626,51360.32744700003,322.95909314933465
1787824714,9,,Aggregated,5.000000,0.000000,810,1100,1100,1100,2100,3200,17000,18000,50000,51000,51000,2033,0,810,1704.521942138707,661.9619029999626,51360.32744700003,322.94294146581404
1787824715,9,,Aggregated,4.900000,0.000000,810,1100,1100,1100,2100,3200,17000,18000,50000,51000,51000,2039,0,810,1702.5833959946008,661.9619029999626,51360.32744700003,322.95635115252577
1787824716,9,,Aggregated,4.900000,0.000000,810,1100,1100,1100,2100,3000,17000,18000,50000,51000,51000,2043,0,810,1701.0630054831088,661.9619029999626,51360.32744700003,322.93881546744984
1787824717,9,,Aggregated,4.700000,0.000000,800,1100,1100,1100,2100,3000,17000,18000,50000,51000,51000,2047,0,800,1699.3620183058092,661.9619029999626,51360.32744700003,322.94528578407426
1787824718,9,,Aggregated,5.000000,0.000000,810,1100,1100,1100,2100,3000,17000,18000,50000,51000,51000,2052,0,800,1698.5758173440506,661.9619029999626,51360.32744700003,322.93518518518516
1787824719,9,,Aggregated,4.700000,0.000000,800,1100,1100,1100,2100,3000,17000,18000,50000,51000,51000,2057,0,800,1696.6336467433114,661.9619029999626,51360.32744700003,322.92221682061256
1787824720,9,,Aggregated,4.900000,0.000000,800,1100,1100,1100,2100,3000,17000,18000,50000,51000,51000,2063,0,800,1699.4456170770682,661.9619029999626,51360.32744700003,322.9335918565196
1787824721,9,,Aggregated,4.900000,0.000000,800,1100,1100,1100,2100,3000,17000,18000,50000,51000,51000,2064,0,800,1698.9660530004805,661.9619029999626,51360.32744700003,322.9365310077519
1787824722,9,,Aggregated,4.800000,0.000000,810,1100,1100,1100,2100,3000,17000,18000,50000,51000,51000,2070,0,800,1698.593351273909,661.9619029999626,51360.32744700003,322.931884057971
1787824723,9,,Aggregated,4.500000,0.000000,810,1100,1100,1100,2100,3000,17000,18000,50000,51000,51000,2074,0,800,1697.1491925125322,661.9619029999626,51360.32744700003,322.9151398264224
1787824724,9,,Aggregated,4.700000,0.000000,810,1100,1100,1100,2100,3000,17000,18000,50000,51000,51000,2080,0,800,1695.5216198379771,661.9619029999626,51360.32744700003,322.9076923076923
1787824725,9,,Aggregated,4.600000,0.000000,800,1100,1100,1100,2100,3000,17000,18000,50000,51000,51000,2085,0,800,1701.0552964796127,661.9619029999626,51360.32744700003,322.9122302158273
1787824726,9,,Aggregated,4.600000,0.000000,810,1100,1100,1100,2100,3000,17000,18000,50000,51000,51000,2090,0,800,1700.3053073282263,661.9619029999626,51360.32744700003,322.9023923444976
1787824727,9,,Aggregated,4.700000,0.000000,810,1100,1100,1100,2100,3300,17000,20000,50000,51000,51000,2098,0,810,1721.0358566811215,661.9619029999626,51360.32744700003,322.89990467111534
1787824728,9,,Aggregated,4.700000,0.000000,810,1100,1100,1100,2100,3200,17000,19000,50000,51000,51000,2104,0,810,1718.7198538678672,661.9619029999626,51360.32744700003,322.8944866920152
1787824729,9,,Aggregated,4.900000,0.000000,810,1100,1100,1100,2100,3200,17000,19000,50000,51000,51000,2109,0,810,1716.613698039352,661.9619029999626,51360.32744700003,322.9122807017544
1787824730,9,,Aggregated,4.900000,0.000000,810,1100,1100,1100,2100,3300,17000,19000,50000,51000,51000,2116,0,810,1718.3462908790134,661.9619029999626,51360.32744700003,322.9050094517958
1787824731,9,,Aggregated,5.100000,0.000000,810,1100,1100,1100,2100,3300,17000,19000,50000,51000,51000,2120,0,810,1716.7031686839587,661.9619029999626,51360.32744700003,322.89811320754717
1787824732,9,,Aggregated,5.100000,0.000000,810,1100,1100,1100,2100,3200,17000,19000,50000,51000,51000,2126,0,800,1714.1815898320754,661.9619029999626,51360.32744700003,322.9219190968956
1787824733,9,,Aggregated,5.500000,0.000000,800,1100,1100,1100,2100,3200,17000,19000,50000,51000,51000,2132,0,800,1712.1818603170695,661.9619029999626,51360.32744700003,322.9197936210131
1787824734,9,,Aggregated,5.500000,0.000000,800,1100,1100,1100,2100,3200,17000,19000,50000,51000,51000,2136,0,800,1710.5682314545843,661.9619029999626,51360.32744700003,322.93071161048687
1787824735,9,,Aggregated,5.600000,0.000000,800,1100,1100,1100,2100,3000,17000,19000,50000,51000,51000,2143,0,800,1708.178905558559,661.9619029999626,51360.32744700003,322.93280447970136
1787824736,9,,Aggregated,5.800000,0.000000,800,1100,1100,1100,2100,3000,17000,19000,50000,51000,51000,2149,0,800,1706.1127366012065,661.9619029999626,51360.32744700003,322.9274080967892
1787824737,9,,Aggregated,5.800000,0.000000,800,1100,1100,1100,2100,3000,17000,19000,50000,51000,51000,2153,0,800,1704.526772673011,661.9619029999626,51360.32744700003,322.9382257315374
1787824738,9,,Aggregated,5.600000,0.000000,800,1100,1100,1100,2100,3000,17000,19000,50000,51000,51000,2160,0,800,1701.8474073351817,661.9619029999626,51360.32744700003,322.9393518518518
1787824739,9,,Aggregated,5.800000,0.000000,800,1100,1100,1100,2100,3000,17000,19000,50000,51000,51000,2165,0,800,1700.098856894223,661.9619029999626,51360.32744700003,322.93394919168594
1787824740,9,,Aggregated,5.600000,0.000000,800,1100,1100,1100,2100,3000,17000,19000,50000,51000,51000,2171,0,800,1697.841819690462,661.9619029999626,51360.32744700003,322.92814371257487
1787824741,9,,Aggregated,5.600000,0.000000,800,1100,1100,1100,2100,3000,17000,19000,50000,51000,51000,2177,0,800,1699.8785438911314,661.9619029999626,51360.32744700003,322.94441892512634
1787824742,9,,Aggregated,5.700000,0.000000,800,1100,1100,1100,2100,3000,17000,19000,50000,51000,51000,2183,0,800,1705.1405015478667,661.9619029999626,51360.32744700003,322.93953275309207
1787824743,9,,Aggregated,5.500000,0.000000,800,1100,1100,1100,2100,3000,17000,19000,50000,51000,51000,2189,0,800,1702.9215888140673,661.9619029999626,51360.32744700003,322.9328460484239
1787824744,9,,Aggregated,5.800000,0.000000,800,1100,1100,1100,2100,3000,17000,19000,50000,51000,51000,2195,0,800,1700.693420749883,661.9619029999626,51360.32744700003,322.9325740318907
1787824745,9,,Aggregated,5.700000,0.000000,800,1100,1100,1100,2100,3000,17000,19000,50000,51000,51000,2200,0,800,1698.709941002724,661.9619029999626,51360.32744700003,322.9459090909091
1787824746,9,,Aggregated,5.600000,0.000000,800,1100,1100,1100,2100,3000,17000,18000,50000,51000,51000,2205,0,800,1696.703053719271,661.9619029999626,51360.32744700003,322.9628117913832
1787824747,9,,Aggregated,5.800000,0.000000,800,1100,1100,1100,2100,3000,17000,19000,50000,51000,51000,2211,0,800,1703.7934815463557,661.9619029999626,51360.32744700003,322.95431931252824
1787824748,9,,Aggregated,5.800000,0.000000,800,1100,1100,1100,2100,3000,17000,19000,50000,51000,51000,2218,0,800,1701.2664608760113,661.9619029999626,51360.32744700003,322.9517583408476
1787824749,9,,Aggregated,5.800000,0.000000,800,1100,1100,1100,2100,3000,17000,19000,50000,51000,51000,2224,0,800,1699.0899562531442,661.9619029999626,51360.32744700003,322.9541366906475
1787824750,9,,Aggregated,6.000000,0.000000,800,1100,1100,1100,2100,3000,17000,19000,50000,51000,51000,2229,0,800,1697.3142521354835,661.9619029999626,51360.32744700003,322.9457155675191
1787824751,9,,Aggregated,5.800000,0.000000,800,1100,1100,1100,2000,3000,17000,19000,50000,51000,51000,2235,0,800,1695.1247958272893,661.9619029999626,51360.32744700003,322.94049217002237
1787824752,9,,Aggregated,5.600000,0.000000,800,1100,1100,1100,2000,3000,17000,19000,50000,51000,51000,2240,0,800,1693.201108592407,661.9619029999626,51360.32744700003,322.95625
1787824753,9,,Aggregated,5.800000,0.000000,800,1100,1100,1100,2000,3000,17000,19000,50000,51000,51000,2247,0,800,1695.8632588535793,661.9619029999626,51360.32744700003,322.95772140631954
1787824754,9,,Aggregated,5.600000,0.000000,800,1100,1100,1100,2000,3000,17000,19000,50000,51000,51000,2251,0,800,1694.3742561279398,661.9619029999626,51360.32744700003,322.9675699689027
1787824755,9,,Aggregated,5.700000,0.000000,800,1100,1100,1100,2000,3000,17000,19000,50000,51000,51000,2257,0,800,1692.6057016513037,661.9619029999626,51360.32744700003,322.96677004873726
1787824756,9,,Aggregated,5.700000,0.000000,800,1100,1100,1100,2000,3000,17000,19000,50000,51000,51000,2263,0,800,1690.5162137649104,661.9619029999626,51360.32744700003,322.96155545735746
1787824757,9,,Aggregated,5.500000,0.000000,800,1100,1100,1100,2000,3000,17000,20000,50000,51000,51000,2269,0,800,1701.1216039506355,661.9619029999626,51360.32744700003,322.95769061260467
1787824758,9,,Aggregated,5.600000,0.000000,800,1100,1100,1100,2000,3000,17000,20000,50000,51000,51000,2275,0,800,1705.7504002931832,661.9619029999626,51360.32744700003,322.9723076923077
1787824759,9,,Aggregated,5.600000,0.000000,800,1100,1100,1100,2000,3000,17000,20000,50000,51000,51000,2281,0,800,1703.5628700613731,661.9619029999626,51360.32744700003,322.967119684349
1787824760,9,,Aggregated,5.700000,0.000000,800,1100,1100,1100,2000,3000,17000,20000,50000,51000,51000,2287,0,800,1701.2431094429348,661.9619029999626,51360.32744700003,322.989068648885
1787824761,9,,Aggregated,5.900000,0.000000,800,1100,1100,1100,2000,3000,17000,20000,50000,51000,51000,2293,0,800,1699.556344089835,661.9619029999626,51360.32744700003,322.9825556040122
1787824762,9,,Aggregated,5.900000,0.000000,800,1100,1100,1100,2000,3000,17000,20000,50000,51000,51000,2298,0,800,1697.815198504348,661.9619029999626,51360.32744700003,322.97432550043516
1787824763,9,,Aggregated,5.700000,0.000000,800,1100,1100,1100,2000,3000,17000,19000,50000,51000,51000,2302,0,800,1696.3909329335324,661.9619029999626,51360.32744700003,322.9839270199826
1787824764,9,,Aggregated,5.800000,0.000000,800,1100,1100,1100,2000,3000,17000,19000,50000,51000,51000,2308,0,800,1698.9006654094417,661.9619029999626,51360.32744700003,322.98266897746964
1787824765,9,,Aggregated,5.800000,0.000000,800,1100,1100,1100,2000,3000,17000,19000,50000,51000,51000,2314,0,800,1696.7782197783024,661.9619029999626,51360.32744700003,322.9995678478825
1787824766,9,,Aggregated,5.700000,0.000000,800,1100,1100,1100,2000,3000,17000,19000,50000,51000,51000,2319,0,800,1695.1912932324242,661.9619029999626,51360.32744700003,322.99137559292797
1787824767,9,,Aggregated,5.800000,0.000000,800,1100,1100,1100,2000,3000,17000,20000,50000,51000,51000,2326,0,800,1700.8889497807359,661.9619029999626,51360.32744700003,322.99054170249354
1787824768,9,,Aggregated,5.800000,0.000000,800,1100,1100,1100,2000,3000,17000,20000,50000,51000,51000,2331,0,800,1698.9986905564099,661.9619029999626,51360.32744700003,323.002145002145
1787824769,9,,Aggregated,5.800000,0.000000,800,1100,1100,1100,2000,3000,17000,20000,50000,51000,51000,2337,0,800,1697.3485761202357,661.9619029999626,51360.32744700003,323.00171159606333
1787824770,9,,Aggregated,5.700000,0.000000,800,1100,1100,1100,2000,3000,17000,20000,50000,51000,51000,2343,0,800,1695.2612031988863,661.9619029999626,51360.32744700003,322.99658557405036
1787824771,9,,Aggregated,5.600000,0.000000,800,1100,1100,1100,2000,3000,17000,20000,50000,51000,51000,2347,0,800,1693.8335727809929,661.9619029999626,51360.32744700003,323.005965061781
1787824772,9,,Aggregated,5.500000,0.000000,800,1100,1100,1100,2000,3000,17000,20000,50000,51000,51000,2353,0,800,1691.6720352175905,661.9619029999626,51360.32744700003,323.02422439439016
1787824773,9,,Aggregated,5.600000,0.000000,800,1100,1100,1100,2000,3000,17000,20000,50000,51000,51000,2359,0,800,1690.2294074802842,661.9619029999626,51360.32744700003,323.01907587961
1787824774,9,,Aggregated,5.400000,0.000000,800,1100,1100,1100,2000,3000,17000,20000,50000,51000,51000,2365,0,800,1692.25427828118,661.9619029999626,51360.32744700003,323.01014799154336
1787824775,9,,Aggregated,5.400000,0.000000,800,1100,1100,1100,2000,3000,17000,20000,50000,51000,51000,2369,0,800,1690.717299974247,661.9619029999626,51360.32744700003,323.02785985647955
1787824776,9,,Aggregated,5.600000,0.000000,800,1100,1100,1100,2000,3000,17000,20000,50000,51000,51000,2375,0,800,1688.5547287439963,661.9619029999626,51360.32744700003,323.0404210526316
1787824777,9,,Aggregated,5.600000,0.000000,800,1100,1100,1100,2000,3000,17000,20000,50000,51000,51000,2380,0,800,1687.5380841789881,661.9619029999626,51360.32744700003,323.0327731092437
1787824778,9,,Aggregated,5.500000,0.000000,800,1100,1100,1100,2000,2800,17000,20000,50000,51000,51000,2386,0,800,1685.5064181265682,661.9619029999626,51360.32744700003,323.0322715842414
1787824779,9,,Aggregated,5.400000,0.000000,800,1100,1100,1100,2000,2800,17000,20000,50000,51000,51000,2392,0,800,1683.487552858274,661.9619029999626,51360.32744700003,323.02633779264215
1787824780,9,,Aggregated,5.400000,0.000000,800,1100,1100,1100,2000,2800,17000,20000,50000,51000,51000,2396,0,800,1682.1020586823838,661.9619029999626,51360.32744700003,323.03547579298834
1787824781,9,,Aggregated,5.400000,0.000000,800,1100,1100,1100,2000,2800,17000,19000,50000,51000,51000,2404,0,800,1679.8133895349379,661.9619029999626,51360.32744700003,323.03702163061564
1787824782,9,,Aggregated,5.700000,0.000000,800,1100,1100,1100,2000,2800,17000,19000,50000,51000,51000,2409,0,800,1678.2263626172646,661.9619029999626,51360.32744700003,323.0298879202989
1787824783,9,,Aggregated,5.400000,0.000000,800,1100,1100,1100,2000,2800,17000,19000,50000,51000,51000,2413,0,800,1676.8648195180233,661.9619029999626,51360.32744700003,323.03895565685866
1787824784,9,,Aggregated,5.400000,0.000000,800,1100,1100,1100,2000,2800,17000,19000,50000,51000,51000,2420,0,800,1678.2863655706574,661.9619029999626,51360.32744700003,323.0566115702479
1787824785,9,,Aggregated,5.600000,0.000000,800,1100,1100,1100,2000,2800,17000,19000,50000,51000,51000,2426,0,800,1684.0415134785615,661.9619029999626,51360.32744700003,323.0441055234955
1787824786,9,,Aggregated,5.400000,0.000000,800,1100,1100,1100,2000,3000,17000,20000,50000,51000,51000,2431,0,800,1694.4229510715716,661.9619029999626,51360.32744700003,323.041958041958
1787824787,9,,Aggregated,5.500000,0.000000,800,1100,1100,1100,2000,3000,17000,20000,50000,51000,51000,2436,0,800,1692.7825706202752,661.9619029999626,51360.32744700003,323.0295566502463
1787824788,9,,Aggregated,5.500000,0.000000,800,1100,1100,1100,2000,3000,17000,20000,50000,51000,51000,2440,0,800,1691.8708846725372,661.9619029999626,51360.32744700003,323.04139344262296
1787824789,9,,Aggregated,5.600000,0.000000,800,1100,1100,1100,2000,2800,17000,20000,50000,51000,51000,2446,0,800,1690.3023442673716,661.9619029999626,51360.32744700003,323.0322976287817
1787824790,9,,Aggregated,5.600000,0.000000,800,1100,1100,1100,2000,2800,17000,20000,50000,51000,51000,2451,0,800,1689.225963250914,661.9619029999626,51360.32744700003,323.0248878008976
1787824791,9,,Aggregated,5.600000,0.000000,800,1100,1100,1100,2000,2800,17000,20000,50000,51000,51000,2454,0,800,1688.2259825798658,661.9619029999626,51360.32744700003,323.02730236348816
1787824792,9,,Aggregated,5.200000,0.000000,800,1100,1100,1100,2000,2800,17000,20000,50000,51000,51000,2460,0,800,1686.6290120711346,661.9619029999626,51360.32744700003,323.039837398374
1787824793,9,,Aggregated,5.500000,0.000000,800,1100,1100,1100,2000,2800,17000,20000,50000,51000,51000,2464,0,800,1685.8820461010516,661.9619029999626,51360.32744700003,323.02637987012986
1787824794,9,,Aggregated,5.300000,0.000000,800,1100,1100,1100,2000,2800,17000,20000,50000,51000,51000,2470,0,800,1684.3903755732758,661.9619029999626,51360.32744700003,323.02226720647775
1787824795,9,,Aggregated,5.000000,0.000000,800,1100,1100,1100,2000,2800,17000,20000,50000,51000,51000,2475,0,800,1686.6875947604,661.9619029999626,51360.32744700003,323.0056565656566
1787824796,9,,Aggregated,5.100000,0.000000,800,1100,1100,1100,2000,2800,17000,20000,50000,51000,51000,2481,0,800,1685.297367611443,661.9619029999626,51360.32744700003,323.00282144296654
1787824797,9,,Aggregated,4.900000,0.000000,800,1100,1100,1100,2000,2800,17000,20000,50000,51000,51000,2485,0,800,1683.928701798789,661.9619029999626,51360.32744700003,322.99195171026156
1787824798,9,,Aggregated,4.900000,0.000000,800,1100,1100,1100,2000,2800,17000,20000,50000,51000,51000,2490,0,800,1682.9539714433697,661.9619029999626,51360.32744700003,322.9847389558233
1787824799,9,,Aggregated,4.800000,0.000000,800,1100,1100,1100,2000,2800,17000,20000,50000,51000,51000,2495,0,800,1681.2135331879722,661.9619029999626,51360.32744700003,322.9919839679359
1787824800,9,,Aggregated,4.700000,0.000000,800,1100,1100,1100,2000,2800,17000,20000,50000,51000,51000,2500,0,800,1680.1815010631963,661.9619029999626,51360.32744700003,322.984
1787824801,9,,Aggregated,5.000000,0.000000,800,1100,1100,1100,2000,2800,17000,19000,50000,51000,51000,2504,0,800,1679.1425808310667,661.9619029999626,51360.32744700003,322.97084664536743
1787824802,9,,Aggregated,4.900000,0.000000,800,1100,1100,1100,2000,2800,17000,19000,50000,51000,51000,2509,0,800,1677.5821710677526,661.9619029999626,51360.32744700003,322.96173774412114
1787824803,9,,Aggregated,4.800000,0.000000,800,1100,1100,1100,2000,2800,17000,19000,50000,51000,51000,2515,0,800,1676.2872664596387,661.9619029999626,51360.32744700003,322.9554671968191
1787824804,9,,Aggregated,5.000000,0.000000,800,1100,1100,1100,2000,2800,17000,19000,50000,51000,51000,2519,0,800,1674.9364387971382,661.9619029999626,51360.32744700003,322.95950774116716
1787824805,9,,Aggregated,5.100000,0.000000,800,1100,1100,1100,2000,2700,17000,19000,50000,51000,51000,2524,0,800,1673.9644210915183,661.9619029999626,51360.32744700003,322.9496830427892
1787824806,9,,Aggregated,4.900000,0.000000,800,1100,1100,1100,2000,2700,17000,19000,50000,51000,51000,2529,0,800,1672.435292050215,661.9619029999626,51360.32744700003,322.9371293001186
1787824807,9,,Aggregated,5.000000,0.000000,800,1100,1100,1100,2000,2800,17000,19000,50000,51000,51000,2535,0,800,1675.5278577830352,661.9619029999626,51360.32744700003,322.9459566074951
1787824808,9,,Aggregated,5.000000,0.000000,800,1100,1100,1100,2000,2800,17000,20000,50000,51000,51000,2541,0,800,1702.1562544210913,661.9619029999626,51360.32744700003,322.93978748524205
1787824809,9,,Aggregated,4.900000,0.000000,800,1100,1100,1100,2000,2800,17000,20000,50000,51000,51000,2547,0,800,1700.2282302021958,661.9619029999626,51360.32744700003,322.93443266588145
1787824810,9,,Aggregated,5.100000,0.000000,800,1100,1100,1100,2000,2800,17000,20000,50000,51000,51000,2552,0,800,1698.508458324057,661.9619029999626,51360.32744700003,322.94984326018806
1787824811,9,,Aggregated,5.200000,0.000000,800,1100,1100,1100,2000,2800,17000,20000,50000,51000,51000,2558,0,800,1697.177762041827,661.9619029999626,51360.32744700003,322.94448788115716
1787824812,9,,Aggregated,5.300000,0.000000,800,1100,1100,1100,2000,2800,17000,20000,50000,51000,51000,2563,0,800,1695.4994341833765,661.9619029999626,51360.32744700003,322.95435037065937
1787824813,9,,Aggregated,5.300000,0.000000,800,1100,1100,1100,2000,2800,17000,20000,50000,51000,51000,2569,0,800,1693.568697416891,661.9619029999626,51360.32744700003,322.95289996107437
1787824814,9,,Aggregated,5.400000,0.000000,800,1100,1100,1100,2000,2800,17000,20000,50000,51000,51000,2575,0,800,1691.659520020968,661.9619029999626,51360.32744700003,322.9479611650485
1787824815,9,,Aggregated,5.400000,0.000000,800,1100,1100,1100,2000,2800,17000,20000,50000,51000,51000,2580,0,800,1689.9940973139505,661.9619029999626,51360.32744700003,322.96162790697673
1787824816,9,,Aggregated,5.600000,0.000000,800,1100,1100,1100,2000,2800,17000,20000,50000,51000,51000,2586,0,800,1699.6236038344905,661.9619029999626,51360.32744700003,322.9528228924981
1787824817,9,,Aggregated,5.500000,0.000000,800,1100,1100,1100,2000,2800,17000,20000,50000,51000,51000,2593,0,800,1701.3488196509809,661.9619029999626,51360.32744700003,322.94986502121094
1787824818,9,,Aggregated,5.700000,0.000000,800,1100,1100,1100,2000,2800,17000,20000,50000,51000,51000,2596,0,800,1700.39674513405,661.9619029999626,51360.32744700003,322.9510785824345
1787824819,9,,Aggregated,5.600000,0.000000,800,1100,1100,1100,2000,2800,17000,20000,50000,51000,51000,2601,0,800,1698.8936553975368,661.9619029999626,51360.32744700003,322.96386005382544
1787824820,9,,Aggregated,5.600000,0.000000,800,1100,1100,1100,2000,2800,17000,20000,50000,51000,51000,2606,0,800,1698.1945926791989,661.9619029999626,51360.32744700003,322.95894090560245
1787824821,9,,Aggregated,5.400000,0.000000,800,1100,1100,1100,2000,2800,17000,20000,50000,51000,51000,2610,0,800,1697.0135569601503,661.9619029999626,51360.32744700003,322.94521072796937
1787824822,9,,Aggregated,5.300000,0.000000,800,1100,1100,1100,2000,2800,17000,20000,50000,51000,51000,2617,0,800,1700.3832241922019,661.9619029999626,51360.32744700003,322.9380970576997
1787824823,9,,Aggregated,5.300000,0.000000,800,1100,1100,1100,2000,2800,17000,20000,50000,51000,51000,2623,0,800,1698.8164417453268,661.9619029999626,51360.32744700003,322.932138772398
1787824824,9,,Aggregated,5.400000,0.000000,800,1100,1100,1100,2000,2800,17000,20000,50000,51000,51000,2627,0,800,1697.6274880129397,661.9619029999626,51360.32744700003,322.9185382565664
1787824825,9,,Aggregated,5.400000,0.000000,800,1100,1100,1100,2000,2800,17000,20000,50000,51000,51000,2633,0,800,1701.9699479172016,661.9619029999626,51360.32744700003,322.93011773642235
1787824826,9,,Aggregated,5.200000,0.000000,800,1100,1100,1100,2000,2800,17000,20000,50000,51000,51000,2637,0,800,1701.1398853223327,661.9619029999626,51360.32744700003,322.91581342434586
1787824827,9,,Aggregated,5.300000,0.000000,800,1100,1100,1100,2000,2800,17000,20000,50000,51000,51000,2644,0,800,1699.2399323040815,661.9619029999626,51360.32744700003,322.9126323751891
1787824828,9,,Aggregated,5.000000,0.000000,800,1100,1100,1100,2000,2800,17000,20000,50000,51000,51000,2650,0,800,1701.341121742261,661.9619029999626,51360.32744700003,322.91056603773586
1787824829,9,,Aggregated,5.300000,0.000000,800,1100,1100,1100,2000,2800,17000,20000,50000,51000,51000,2653,0,800,1700.5554880030124,661.9619029999626,51360.32744700003,322.91142103279304
1787824830,9,,Aggregated,5.100000,0.000000,800,1100,1100,1100,2000,2800,17000,20000,50000,51000,51000,2657,0,800,1699.944880458785,661.9619029999626,51360.32744700003,322.90628528415505
1787824831,9,,Aggregated,5.100000,0.000000,800,1100,1100,1100,2000,2800,17000,20000,50000,51000,51000,2664,0,800,1698.050000730102,661.9619029999626,51360.32744700003,322.90277777777777
1787824832,9,,Aggregated,5.300000,0.000000,800,1100,1100,1100,2000,2800,17000,20000,50000,51000,51000,2667,0,800,1697.1274983723256,661.9619029999626,51360.32744700003,322.90438695163107
1787824833,9,,Aggregated,5.200000,0.000000,800,1100,1100,1100,2000,2800,17000,20000,50000,51000,51000,2671,0,800,1696.1988544968144,661.9619029999626,51360.32744700003,322.9123923624111
1787824834,9,,Aggregated,5.000000,0.000000,800,1100,1100,1100,2000,2800,17000,20000,50000,51000,51000,2678,0,800,1698.614933377518,661.9619029999626,51360.32744700003,322.90253920836443
1787824835,9,,Aggregated,5.000000,0.000000,800,1100,1100,1100,2000,2800,17000,20000,50000,51000,51000,2683,0,800,1697.4154303738326,661.9619029999626,51360.32744700003,322.8948937756243
1787824836,9,,Aggregated,5.100000,0.000000,800,1100,1100,1100,2000,2800,17000,20000,50000,51000,51000,2689,0,800,1695.93320547192,661.9619029999626,51360.32744700003,322.8921532168092
1787824837,9,,Aggregated,4.900000,0.000000,800,1100,1100,1100,2000,2800,17000,20000,50000,51000,51000,2693,0,800,1694.787409617153,661.9619029999626,51360.32744700003,322.88005941329374
1787824838,9,,Aggregated,5.000000,0.000000,800,1100,1100,1100,2000,2800,17000,20000,50000,51000,51000,2700,0,800,1696.4683534811086,661.9619029999626,51360.32744700003,322.8759259259259
1787824839,9,,Aggregated,5.000000,0.000000,800,1100,1100,1100,2000,2800,17000,20000,50000,51000,51000,2704,0,800,1695.211773554731,661.9619029999626,51360.32744700003,322.8794378698225
1787824840,9,,Aggregated,5.000000,0.000000,800,1100,1100,1100,2000,2800,17000,20000,50000,51000,51000,2708,0,800,1694.6626356344138,661.9619029999626,51360.32744700003,322.87407680945347
1787824841,9,,Aggregated,5.100000,0.000000,800,1100,1100,1100,2000,2800,17000,20000,50000,51000,51000,2715,0,800,1698.7838967834227,661.9619029999626,51360.32744700003,322.86887661141805
1787824842,9,,Aggregated,4.900000,0.000000,800,1100,1100,1100,2000,2800,17000,20000,50000,51000,51000,2718,0,800,1697.8663954098574,661.9619029999626,51360.32744700003,322.8708609271523
1787824843,9,,Aggregated,5.000000,0.000000,800,1100,1100,1100,2000,2800,17000,20000,50000,51000,51000,2723,0,800,1696.623519819681,661.9619029999626,51360.32744700003,322.8824825560044
1787824844,9,,Aggregated,5.100000,0.000000,800,1100,1100,1100,2000,2800,17000,20000,50000,51000,51000,2728,0,800,1695.727920822211,661.9619029999626,51360.32744700003,322.87206744868035
1787824845,9,,Aggregated,5.100000,0.000000,800,1100,1100,1100,2000,2800,17000,20000,50000,51000,51000,2734,0,800,1698.1858703533253,661.9619029999626,51360.32744700003,322.8639356254572
1787824846,9,,Aggregated,5.000000,0.000000,800,1100,1100,1100,2000,2800,17000,20000,50000,51000,51000,2740,0,800,1696.6427923799238,661.9619029999626,51360.32744700003,322.85802919708027
1787824847,9,,Aggregated,5.000000,0.000000,800,1100,1100,1100,2000,2800,17000,20000,50000,51000,51000,2745,0,800,1695.1621884910712,661.9619029999626,51360.32744700003,322.8469945355191
1787824848,9,,Aggregated,5.200000,0.000000,800,1100,1100,1100,2000,2800,17000,20000,50000,51000,51000,2750,0,800,1694.0425622727241,661.9619029999626,51360.32744700003,322.8407272727273
1787824849,9,,Aggregated,5.100000,0.000000,800,1100,1100,1100,2000,2800,17000,20000,50000,51000,51000,2755,0,800,1692.626933926676,661.9619029999626,51360.32744700003,322.8508166969147
1787824850,9,,Aggregated,5.000000,0.000000,800,1100,1100,1100,2000,2800,17000,20000,50000,51000,51000,2760,0,800,1695.604020989852,661.9619029999626,51360.32744700003,322.843115942029
1787824851,9,,Aggregated,5.000000,0.000000,800,1100,1100,1100,2000,2800,17000,20000,50000,51000,51000,2765,0,800,1694.3362414361634,661.9619029999626,51360.32744700003,322.84014466546114
1787824852,9,,Aggregated,5.100000,0.000000,800,1100,1100,1100,2000,2800,17000,20000,50000,51000,51000,2771,0,800,1692.829293914829,661.9619029999626,51360.32744700003,322.83507758931796
1787824853,9,,Aggregated,5.300000,0.000000,800,1100,1100,1100,2000,2800,17000,20000,50000,51000,51000,2775,0,800,1691.7166405279247,661.9619029999626,51360.32744700003,322.8227027027027
1787824854,9,,Aggregated,5.100000,0.000000,800,1100,1100,1100,2000,2700,17000,20000,50000,51000,51000,2781,0,800,1690.239104435092,661.9619029999626,51360.32744700003,322.8162531463502
1787824855,9,,Aggregated,5.200000,0.000000,800,1100,1100,1100,2000,2700,17000,20000,50000,51000,51000,2785,0,800,1689.0269230628332,661.9619029999626,51360.32744700003,322.82010771992816
1787824856,9,,Aggregated,5.300000,0.000000,800,1100,1100,1100,2000,2700,17000,20000,50000,51000,51000,2790,0,800,1687.8763414939037,661.9619029999626,51360.32744700003,322.81362007168457
1787824857,9,,Aggregated,5.400000,0.000000,800,1100,1100,1100,2000,2800,17000,20000,50000,51000,51000,2797,0,800,1689.9393519306373,661.9619029999626,51360.32744700003,322.8097962102252
1787824858,9,,Aggregated,5.100000,0.000000,800,1100,1100,1100,2000,2800,17000,19000,50000,51000,51000,2801,0,800,1694.69770670903,661.9619029999626,51360.32744700003,322.8132809710818
1787824859,9,,Aggregated,5.200000,0.000000,800,1100,1100,1100,2000,2800,17000,19000,50000,51000,51000,2806,0,800,1693.936419143262,661.9619029999626,51360.32744700003,322.8093371347113
1787824860,9,,Aggregated,5.200000,0.000000,800,1100,1100,1100,2000,2800,17000,19000,50000,51000,51000,2812,0,800,1692.3861000156448,661.9619029999626,51360.32744700003,322.80512091038406
1787824861,9,,Aggregated,5.200000,0.000000,800,1100,1100,1100,2000,2800,17000,19000,50000,51000,51000,2817,0,800,1694.392630094069,661.9619029999626,51360.32744700003,322.79197728079515
1787824862,9,,Aggregated,5.200000,0.000000,800,1100,1100,1100,2000,2800,17000,19000,50000,51000,51000,2822,0,800,1693.0873980092108,661.9619029999626,51360.32744700003,322.801559177888
1787824863,9,,Aggregated,5.100000,0.000000,800,1100,1100,1100,2000,2800,17000,20000,50000,51000,51000,2828,0,800,1708.2245507111004,661.9619029999626,51360.32744700003,322.805162659123
1787824864,9,,Aggregated,5.300000,0.000000,800,1100,1100,1100,2000,2800,17000,20000,50000,51000,51000,2834,0,800,1706.4638233069838,661.9619029999626,51360.32744700003,322.8041637261821
1787824865,9,,Aggregated,5.100000,0.000000,800,1100,1100,1100,2000,2800,17000,20000,50000,51000,51000,2839,0,800,1704.9303275625196,661.9619029999626,51360.32744700003,322.814019020782
1787824866,9,,Aggregated,5.200000,0.000000,800,1100,1100,1100,2000,2800,17000,20000,50000,51000,51000,2844,0,800,1703.3920468059048,661.9619029999626,51360.32744700003,322.8231364275668
1787824867,9,,Aggregated,5.400000,0.000000,800,1100,1100,1100,2000,2800,17000,20000,50000,51000,51000,2850,0,800,1702.1064910722782,661.9619029999626,51360.32744700003,322.82105263157894
1787824868,9,,Aggregated,5.400000,0.000000,800,1100,1100,1100,2000,2800,17000,20000,50000,51000,51000,2856,0,800,1700.398088554619,661.9619029999626,51360.32744700003,322.8158263305322
1787824869,9,,Aggregated,5.300000,0.000000,800,1100,1100,1100,2000,2700,17000,20000,50000,51000,51000,2861,0,800,1699.0419420817866,661.9619029999626,51360.32744700003,322.8088081090528
1787824870,9,,Aggregated,5.500000,0.000000,800,1100,1100,1100,2000,2700,17000,20000,50000,51000,51000,2866,0,800,1697.5776108433326,661.9619029999626,51360.32744700003,322.82274947662245
1787824871,9,,Aggregated,5.400000,0.000000,800,1100,1100,1100,2000,2800,17000,20000,50000,51000,51000,2874,0,800,1699.0013190219172,661.9619029999626,51360.32744700003,322.8190675017397
1787824872,9,,Aggregated,5.500000,0.000000,800,1100,1100,1100,2000,2800,17000,20000,50000,51000,51000,2881,0,800,1702.096508928494,661.9619029999626,51360.32744700003,322.8174245053801
1787824873,9,,Aggregated,5.400000,0.000000,800,1100,1100,1100,2000,2800,17000,20000,50000,51000,51000,2884,0,800,1701.11000718689,661.9619029999626,51360.32744700003,322.8259361997226
1787824874,9,,Aggregated,5.500000,0.000000,800,1100,1100,1100,2000,2800,17000,20000,50000,51000,51000,2889,0,800,1699.5915045676675,661.9619029999626,51360.32744700003,322.83454482519903
1787824875,9,,Aggregated,5.800000,0.000000,800,1100,1100,1100,2000,2800,17000,20000,50000,51000,51000,2896,0,800,1703.5723648977864,661.9619029999626,51360.32744700003,322.8335635359116
1787824876,9,,Aggregated,5.600000,0.000000,800,1100,1100,1100,2000,2800,17000,19000,50000,51000,51000,2903,0,800,1701.6028251029936,661.9619029999626,51360.32744700003,322.830864622804
1787824877,9,,Aggregated,5.600000,0.000000,800,1100,1100,1100,2000,2800,17000,19000,50000,51000,51000,2907,0,800,1700.465263832814,661.9619029999626,51360.32744700003,322.83832129342966
1787824878,9,,Aggregated,5.800000,0.000000,800,1100,1100,1100,2000,2800,17000,19000,50000,51000,51000,2912,0,800,1698.970518150065,661.9619029999626,51360.32744700003,322.85199175824175
1787824879,9,,Aggregated,5.700000,0.000000,800,1100,1100,1100,2000,2800,17000,19000,50000,51000,51000,2918,0,800,1697.7005826884815,661.9619029999626,51360.32744700003,322.84784098697736
1787824880,9,,Aggregated,5.600000,0.000000,800,1100,1100,1100,2000,2700,17000,19000,50000,51000,51000,2923,0,800,1696.333295319189,661.9619029999626,51360.32744700003,322.8412589804995
1787824881,9,,Aggregated,5.700000,0.000000,800,1100,1100,1100,2000,2800,17000,19000,50000,51000,51000,2932,0,800,1696.9940303557262,661.9619029999626,51360.32744700003,322.8427694406548
1787824882,9,,Aggregated,5.600000,0.000000,800,1100,1100,1100,2000,2800,17000,19000,50000,51000,51000,2937,0,800,1695.646836802516,661.9619029999626,51360.32744700003,322.8358869594825
1787824883,9,,Aggregated,5.800000,0.000000,800,1100,1100,1100,2000,2700,17000,19000,50000,51000,51000,2942,0,800,1694.3701714527497,661.9619029999626,51360.32744700003,322.8297076818491
1787824884,9,,Aggregated,5.700000,0.000000,800,1100,1100,1100,2000,2700,17000,19000,50000,51000,51000,2947,0,800,1692.7785089636884,661.9619029999626,51360.32744700003,322.8459450288429
1787824885,9,,Aggregated,5.500000,0.000000,800,1100,1100,1100,2000,2700,17000,19000,50000,51000,51000,2952,0,800,1691.3378509925442,661.9619029999626,51360.32744700003,322.8550135501355
1787824886,9,,Aggregated,5.800000,0.000000,800,1100,1100,1100,2000,2700,17000,19000,50000,51000,51000,2957,0,800,1690.344267934052,661.9619029999626,51360.32744700003,322.8491714575583
1787824887,9,,Aggregated,5.600000,0.000000,800,1100,1100,1100,2000,2700,17000,19000,50000,51000,51000,2964,0,800,1688.4072812095112,661.9619029999626,51360.32744700003,322.8498650472335
1787824888,9,,Aggregated,5.500000,0.000000,800,1100,1100,1100,2000,2700,17000,19000,50000,51000,51000,2969,0,800,1687.1283661411221,661.9619029999626,51360.32744700003,322.8443920511957
1787824889,9,,Aggregated,5.800000,0.000000,800,1100,1100,1100,2000,2700,17000,19000,50000,51000,51000,2974,0,800,1685.8265316099503,661.9619029999626,51360.32744700003,322.83826496301276
1787824890,9,,Aggregated,5.600000,0.000000,800,1100,1100,1100,2000,2700,17000,19000,50000,51000,51000,2982,0,800,1683.5840825456041,661.9619029999626,51360.32744700003,322.84037558685446
1787824891,9,,Aggregated,5.600000,0.000000,800,1100,1100,1100,2000,2700,17000,19000,50000,51000,51000,2987,0,800,1687.4634157003654,661.9619029999626,51360.32744700003,322.84633411449613
1787824892,9,,Aggregated,5.800000,0.000000,800,1100,1100,1100,2000,2800,17000,20000,50000,51000,51000,2996,0,800,1704.3924875987957,661.9619029999626,51360.32744700003,322.847129506008
1787824893,9,,Aggregated,5.600000,0.000000,800,1100,1100,1100,2000,2800,17000,20000,50000,51000,51000,3001,0,800,1702.9327092175913,661.9619029999626,51360.32744700003,322.8600466511163
1787824894,9,,Aggregated,5.600000,0.000000,800,1100,1100,1100,2000,2800,17000,20000,50000,51000,51000,3007,0,800,1701.4937094632498,661.9619029999626,51360.32744700003,322.8550049883605
1787824895,9,,Aggregated,6.000000,0.000000,800,1100,1100,1100,2000,2800,17000,20000,50000,51000,51000,3011,0,800,1700.2275740278951,661.9619029999626,51360.32744700003,322.86516107605445
1787824896,9,,Aggregated,5.900000,0.000000,800,1100,1100,1100,2000,2800,17000,20000,50000,51000,51000,3017,0,800,1698.855136527674,661.9619029999626,51360.32744700003,322.86642359960223
1787824897,9,,Aggregated,5.900000,0.000000,800,1100,1100,1100,2000,2700,17000,20000,50000,51000,51000,3023,0,800,1697.2632889255678,661.9619029999626,51360.32744700003,322.8627191531591
1787824898,9,,Aggregated,5.900000,0.000000,800,1100,1100,1100,2000,2700,17000,20000,50000,51000,51000,3028,0,800,1695.9923674362592,661.9619029999626,51360.32744700003,322.8589828269485
1787824899,9,,Aggregated,5.800000,0.000000,800,1100,1100,1100,2000,2700,17000,20000,50000,51000,51000,3034,0,800,1694.488523971982,661.9619029999626,51360.32744700003,322.85926170072514
1787824900,9,,Aggregated,6.200000,0.000000,800,1100,1100,1100,2000,2700,17000,20000,50000,51000,51000,3039,0,800,1693.046942663045,661.9619029999626,51360.32744700003,322.8673905890095
1787824901,9,,Aggregated,5.900000,0.000000,800,1100,1100,1100,2000,2700,17000,20000,50000,51000,51000,3045,0,800,1691.792492858126,661.9619029999626,51360.32744700003,322.8633825944171
1787824902,9,,Aggregated,5.900000,0.000000,800,1100,1100,1100,2000,2700,17000,20000,50000,51000,51000,3050,0,800,1690.4625428596698,661.9619029999626,51360.32744700003,322.8760655737705
1787824903,9,,Aggregated,5.800000,0.000000,800,1100,1100,1100,2000,2700,17000,20000,50000,51000,51000,3056,0,800,1688.9023362391993,661.9619029999626,51360.32744700003,322.87401832460733
1787824904,9,,Aggregated,5.800000,0.000000,800,1100,1100,1100,2000,2700,17000,20000,50000,51000,51000,3061,0,800,1691.4870373031665,661.9619029999626,51360.32744700003,322.8696504410323
1787824905,9,,Aggregated,5.500000,0.000000,800,1100,1100,1100,2000,2700,17000,20000,50000,51000,51000,3064,0,800,1690.5971439879218,661.9619029999626,51360.32744700003,322.8740208877285
1787824906,9,,Aggregated,5.300000,0.000000,800,1100,1100,1100,2000,2700,17000,20000,50000,51000,51000,3070,0,800,1690.0391500511373,661.9619029999626,51360.32744700003,322.87296416938113
1787824907,9,,Aggregated,5.400000,0.000000,800,1100,1100,1100,2000,2700,17000,20000,50000,51000,51000,3076,0,800,1688.4627159811416,661.9619029999626,51360.32744700003,322.87191157347206
1787824908,9,,Aggregated,5.200000,0.000000,800,1100,1100,1100,2000,2700,17000,20000,50000,51000,51000,3082,0,800,1692.0798492615158,661.9619029999626,51360.32744700003,322.8653471771577
1787824909,9,,Aggregated,5.200000,0.000000,800,1100,1100,1100,2000,2700,17000,20000,50000,51000,51000,3087,0,800,1690.694773289599,661.9619029999626,51360.32744700003,322.8736637512148
1787824910,9,,Aggregated,5.000000,0.000000,800,1100,1100,1100,2000,2700,17000,20000,50000,51000,51000,3094,0,800,1688.851270601807,661.9619029999626,51360.32744700003,322.87330316742083
1787824911,9,,Aggregated,5.400000,0.000000,800,1100,1100,1100,2000,2700,17000,20000,50000,51000,51000,3100,0,800,1687.277600283223,661.9619029999626,51360.32744700003,322.87
1787824912,9,,Aggregated,5.400000,0.000000,800,1100,1100,1100,2000,2700,17000,20000,50000,51000,51000,3105,0,800,1692.130465830271,661.9619029999626,51360.32744700003,322.87632850241545
1787824913,9,,Aggregated,5.600000,0.000000,800,1100,1100,1100,2000,2700,17000,20000,50000,51000,51000,3110,0,800,1690.9684699048205,661.9619029999626,51360.32744700003,322.8790996784566
1787824914,9,,Aggregated,5.400000,0.000000,800,1100,1100,1100,2000,2700,17000,20000,50000,51000,51000,3117,0,800,1692.445206507536,661.9619029999626,51360.32744700003,322.8729547641963
1787824915,9,,Aggregated,5.500000,0.000000,800,1100,1100,1100,2000,2700,17000,20000,50000,51000,51000,3122,0,800,1691.0498921479784,661.9619029999626,51360.32744700003,322.8814862267777
1787824916,9,,Aggregated,5.600000,0.000000,800,1100,1100,1100,2000,2700,17000,20000,50000,51000,51000,3128,0,800,1689.5003464923238,661.9619029999626,51360.32744700003,322.8813938618926
1787824917,9,,Aggregated,5.700000,0.000000,800,1100,1100,1100,2000,2700,17000,20000,50000,51000,51000,3134,0,800,1687.9542977326066,661.9619029999626,51360.32744700003,322.87747287811106
1787824918,9,,Aggregated,6.100000,0.000000,800,1100,1100,1100,2000,2700,17000,20000,50000,51000,51000,3139,0,800,1686.7058515734277,661.9619029999626,51360.32744700003,322.87193373685886
1787824919,9,,Aggregated,5.800000,0.000000,800,1100,1100,1100,1900,2700,17000,20000,50000,51000,51000,3145,0,800,1685.0975928909352,661.9619029999626,51360.32744700003,322.8852146263911
1787824920,9,,Aggregated,5.800000,0.000000,800,1100,1100,1100,1900,2700,17000,20000,50000,51000,51000,3151,0,800,1683.9205818552812,661.9619029999626,51360.32744700003,322.8800380831482
1787824921,9,,Aggregated,5.900000,0.000000,800,1100,1100,1100,1900,2700,17000,20000,50000,51000,51000,3157,0,800,1682.4306356794398,661.9619029999626,51360.32744700003,322.88121634463096
1787824922,9,,Aggregated,5.600000,0.000000,800,1100,1100,1100,1900,2700,17000,20000,50000,51000,51000,3163,0,800,1689.8975877647779,661.9619029999626,51360.32744700003,322.8918748024028
1787824923,9,,Aggregated,5.600000,0.000000,800,1100,1100,1100,1900,2700,17000,20000,50000,51000,51000,3167,0,800,1688.8540758800104,661.9619029999626,51360.32744700003,322.89801073571203
