2026/07/17 10:03:03 Registration for node: (ROME)mcwFdoxu5BxiPAySstDFJZ1784275383160223740 - amd64
2026/07/17 10:03:03 Connecting to etcd
2026/07/17 10:03:03 Connected to etcd
2026/07/17 10:03:03 etcd connection state: READY
2026/07/17 10:03:03 etcd: connected and ready
2026/07/17 10:03:03 Registering to etcd: registry/ROME/__lb/amd64/mcwFdoxu5BxiPAySstDFJZ1784275383160223740
2026/07/17 10:03:03 Found target: d9vVFs4fj97ZcEYU4FWAB51784275378161673878
2026/07/17 10:03:03 Found target: Mc66k64k37PXWLjSnPv85K1784275378158161158
2026/07/17 10:03:03 Found target: Av5rdunwxRZpxaTW9hGx8P1784275378156333978
2026/07/17 10:03:03 Found target: wTr55Y46VyqmTWJEtCurdF1784275378158858065
2026/07/17 10:03:03 Found 4 targets
2026/07/17 10:03:03 Initializing with 4 targets.
2026/07/17 10:03:03 Running ArchitectureAwareLB with 128 replicas per node in the hash rings
2026/07/17 10:03:03 LB mode set to MAB
2026/07/17 10:03:03 [LB][MAB] event=new_machine_tag_discovered tag=arm-tiny arch=amd64 action=create_ring_and_add_mab_arm
2026/07/17 10:03:03 [LB] Adding target arm-tiny
2026/07/17 10:03:03 [LB][MAB] event=new_machine_tag_discovered tag=x86-large/gpu/amd arch=amd64 action=create_ring_and_add_mab_arm
2026/07/17 10:03:03 [LB] Adding target x86-large/gpu/amd
2026/07/17 10:03:03 [LB][MAB] event=new_machine_tag_discovered tag=x86-tiny arch=amd64 action=create_ring_and_add_mab_arm
2026/07/17 10:03:03 [LB] Adding target x86-tiny
2026/07/17 10:03:03 [LB][MAB] event=new_machine_tag_discovered tag=x86-tiny/gpu/nvidia arch=amd64 action=create_ring_and_add_mab_arm
2026/07/17 10:03:03 [LB] Adding target x86-tiny/gpu/nvidia
⇨ http server started on [::]:8080
2026/07/17 10:03:06 [LB]: Periodic targets update
2026/07/17 10:03:06 Found target: d9vVFs4fj97ZcEYU4FWAB51784275378161673878
2026/07/17 10:03:06 Found target: Mc66k64k37PXWLjSnPv85K1784275378158161158
2026/07/17 10:03:06 Found target: Av5rdunwxRZpxaTW9hGx8P1784275378156333978
2026/07/17 10:03:06 Found target: wTr55Y46VyqmTWJEtCurdF1784275378158858065
2026/07/17 10:03:06 Found 4 targets
2026/07/17 10:03:08 [LB] Compatible tag found: function=mab_cost_aware_1784275377 tag=x86-large/gpu/amd arch=amd64 pattern="gpu" ring_size=1
2026/07/17 10:03:08 [LB] Compatible tag found: function=mab_cost_aware_1784275377 tag=x86-tiny/gpu/nvidia arch=amd64 pattern="gpu" ring_size=1
2026/07/17 10:03:08 [LB] Compatible tags for function 'mab_cost_aware_1784275377': [x86-large/gpu/amd x86-tiny/gpu/nvidia]
2026/07/17 10:03:08 [LB][MAB] event=before_select function=mab_cost_aware_1784275377 compatible_tags=[x86-large/gpu/amd x86-tiny/gpu/nvidia] has_context=true
2026/07/17 10:03:08 BanditManager GetBandit: policy type: UCB1
2026/07/17 10:03:08 Initialized UCB1 bandit for mab_cost_aware_1784275377
2026/07/17 10:03:08 [MAB] event=arm_added ts=1784275388200 policy=UCB1 function=mab_cost_aware_1784275377 arm=arm-tiny arms=[arm-tiny]
2026/07/17 10:03:08 [MAB] event=arm_added ts=1784275388200 policy=UCB1 function=mab_cost_aware_1784275377 arm=x86-large/gpu/amd arms=[arm-tiny,x86-large/gpu/amd]
2026/07/17 10:03:08 [MAB] event=arm_added ts=1784275388200 policy=UCB1 function=mab_cost_aware_1784275377 arm=x86-tiny arms=[arm-tiny,x86-large/gpu/amd,x86-tiny]
2026/07/17 10:03:08 [MAB] event=arm_added ts=1784275388200 policy=UCB1 function=mab_cost_aware_1784275377 arm=x86-tiny/gpu/nvidia arms=[arm-tiny,x86-large/gpu/amd,x86-tiny,x86-tiny/gpu/nvidia]
2026/07/17 10:03:08 [MAB] event=select_arm ts=1784275388200 policy=UCB1 function=mab_cost_aware_1784275377 selected_arm=x86-large/gpu/amd reason=least_tried score=0.000000 total_counts=0 arms=[x86-large/gpu/amd,x86-tiny/gpu/nvidia]
2026/07/17 10:03:08 [LB][MAB] event=after_select function=mab_cost_aware_1784275377 selected_tag=x86-large/gpu/amd compatible_tags=[x86-large/gpu/amd x86-tiny/gpu/nvidia]
2026/07/17 10:03:08 Candidate has: 256 MB free memory. Function needs: 128 MB
2026/07/17 10:03:08 [LB] Selected target for function 'mab_cost_aware_1784275377': target_tag=x86-large/gpu/amd candidate=Mc66k64k37PXWLjSnPv85K1784275378158161158 candidate_tag=x86-large/gpu/amd
2026/07/17 10:03:08 [LB-Update] Node Mc66k64k37PXWLjSnPv85K1784275378158161158 reported 256 MB free
2026/07/17 10:03:08 [MAB] event=skip_cold_start ts=1784275388699 policy=UCB1 function=mab_cost_aware_1784275377 arm=x86-large/gpu/amd duration_ms=6.693702 reason=cold_start
2026/07/17 10:03:08 [LB] Compatible tag found: function=mab_cost_aware_1784275377 tag=x86-large/gpu/amd arch=amd64 pattern="gpu" ring_size=1
2026/07/17 10:03:08 [LB] Compatible tag found: function=mab_cost_aware_1784275377 tag=x86-tiny/gpu/nvidia arch=amd64 pattern="gpu" ring_size=1
2026/07/17 10:03:08 [LB] Compatible tags for function 'mab_cost_aware_1784275377': [x86-large/gpu/amd x86-tiny/gpu/nvidia]
2026/07/17 10:03:08 [LB][MAB] event=before_select function=mab_cost_aware_1784275377 compatible_tags=[x86-large/gpu/amd x86-tiny/gpu/nvidia] has_context=true
2026/07/17 10:03:08 [MAB] event=select_arm ts=1784275388919 policy=UCB1 function=mab_cost_aware_1784275377 selected_arm=x86-large/gpu/amd reason=least_tried score=0.000000 total_counts=0 arms=[x86-large/gpu/amd,x86-tiny/gpu/nvidia]
2026/07/17 10:03:08 [LB][MAB] event=after_select function=mab_cost_aware_1784275377 selected_tag=x86-large/gpu/amd compatible_tags=[x86-large/gpu/amd x86-tiny/gpu/nvidia]
2026/07/17 10:03:08 Candidate has: 256 MB free memory. Function needs: 128 MB
2026/07/17 10:03:08 [LB] Selected target for function 'mab_cost_aware_1784275377': target_tag=x86-large/gpu/amd candidate=Mc66k64k37PXWLjSnPv85K1784275378158161158 candidate_tag=x86-large/gpu/amd
2026/07/17 10:03:08 [LB-Update] Node Mc66k64k37PXWLjSnPv85K1784275378158161158 reported 256 MB free
2026/07/17 10:03:08 [MAB] event=reward_breakdown ts=1784275388923 policy=UCB1 function=mab_cost_aware_1784275377 arm=x86-large/gpu/amd base_tag=x86-large architecture=x86 specialization=large capabilities=[gpu,amd] duration_ms=2.485760 latency_reward=-0.910578 cost_weight=0.000000 cost_factor=1.200000 cost_term=0.000000 energy_weight=0.000000 energy_factor=1.200000 energy_term=0.000000 final_reward=-0.910578
2026/07/17 10:03:08 [MAB] event=update_reward ts=1784275388923 policy=UCB1 function=mab_cost_aware_1784275377 arm=x86-large/gpu/amd duration_ms=2.485760 warm_start=true reward=-0.910578 count=1 avg_reward=-0.910578 total_counts=1
2026/07/17 10:03:09 [LB] Compatible tag found: function=mab_cost_aware_1784275377 tag=x86-large/gpu/amd arch=amd64 pattern="gpu" ring_size=1
2026/07/17 10:03:09 [LB] Compatible tag found: function=mab_cost_aware_1784275377 tag=x86-tiny/gpu/nvidia arch=amd64 pattern="gpu" ring_size=1
2026/07/17 10:03:09 [LB] Compatible tags for function 'mab_cost_aware_1784275377': [x86-large/gpu/amd x86-tiny/gpu/nvidia]
2026/07/17 10:03:09 [LB][MAB] event=before_select function=mab_cost_aware_1784275377 compatible_tags=[x86-large/gpu/amd x86-tiny/gpu/nvidia] has_context=true
2026/07/17 10:03:09 [MAB] event=select_arm ts=1784275389142 policy=UCB1 function=mab_cost_aware_1784275377 selected_arm=x86-tiny/gpu/nvidia reason=least_tried score=0.000000 total_counts=1 arms=[x86-large/gpu/amd,x86-tiny/gpu/nvidia]
2026/07/17 10:03:09 [LB][MAB] event=after_select function=mab_cost_aware_1784275377 selected_tag=x86-tiny/gpu/nvidia compatible_tags=[x86-large/gpu/amd x86-tiny/gpu/nvidia]
2026/07/17 10:03:09 Candidate has: 512 MB free memory. Function needs: 128 MB
2026/07/17 10:03:09 [LB] Selected target for function 'mab_cost_aware_1784275377': target_tag=x86-tiny/gpu/nvidia candidate=wTr55Y46VyqmTWJEtCurdF1784275378158858065 candidate_tag=x86-tiny/gpu/nvidia
2026/07/17 10:03:09 [LB]: Periodic targets update
2026/07/17 10:03:09 Found target: wTr55Y46VyqmTWJEtCurdF1784275378158858065
2026/07/17 10:03:09 Found target: d9vVFs4fj97ZcEYU4FWAB51784275378161673878
2026/07/17 10:03:09 Found target: Mc66k64k37PXWLjSnPv85K1784275378158161158
2026/07/17 10:03:09 Found target: Av5rdunwxRZpxaTW9hGx8P1784275378156333978
2026/07/17 10:03:09 Found 4 targets
2026/07/17 10:03:09 [LB-Update] Node wTr55Y46VyqmTWJEtCurdF1784275378158858065 reported 512 MB free
2026/07/17 10:03:09 [MAB] event=skip_cold_start ts=1784275389631 policy=UCB1 function=mab_cost_aware_1784275377 arm=x86-tiny/gpu/nvidia duration_ms=7.022279 reason=cold_start
2026/07/17 10:03:09 [LB] Compatible tag found: function=mab_cost_aware_1784275377 tag=x86-large/gpu/amd arch=amd64 pattern="gpu" ring_size=1
2026/07/17 10:03:09 [LB] Compatible tag found: function=mab_cost_aware_1784275377 tag=x86-tiny/gpu/nvidia arch=amd64 pattern="gpu" ring_size=1
2026/07/17 10:03:09 [LB] Compatible tags for function 'mab_cost_aware_1784275377': [x86-large/gpu/amd x86-tiny/gpu/nvidia]
2026/07/17 10:03:09 [LB][MAB] event=before_select function=mab_cost_aware_1784275377 compatible_tags=[x86-large/gpu/amd x86-tiny/gpu/nvidia] has_context=true
2026/07/17 10:03:09 [MAB] event=select_arm ts=1784275389854 policy=UCB1 function=mab_cost_aware_1784275377 selected_arm=x86-tiny/gpu/nvidia reason=least_tried score=0.000000 total_counts=1 arms=[x86-large/gpu/amd,x86-tiny/gpu/nvidia]
2026/07/17 10:03:09 [LB][MAB] event=after_select function=mab_cost_aware_1784275377 selected_tag=x86-tiny/gpu/nvidia compatible_tags=[x86-large/gpu/amd x86-tiny/gpu/nvidia]
2026/07/17 10:03:09 Candidate has: 512 MB free memory. Function needs: 128 MB
2026/07/17 10:03:09 [LB] Selected target for function 'mab_cost_aware_1784275377': target_tag=x86-tiny/gpu/nvidia candidate=wTr55Y46VyqmTWJEtCurdF1784275378158858065 candidate_tag=x86-tiny/gpu/nvidia
2026/07/17 10:03:09 [LB-Update] Node wTr55Y46VyqmTWJEtCurdF1784275378158858065 reported 512 MB free
2026/07/17 10:03:09 [MAB] event=reward_breakdown ts=1784275389858 policy=UCB1 function=mab_cost_aware_1784275377 arm=x86-tiny/gpu/nvidia base_tag=x86-tiny architecture=x86 specialization=tiny capabilities=[gpu,nvidia] duration_ms=3.485222 latency_reward=-1.248532 cost_weight=0.000000 cost_factor=1.600000 cost_term=0.000000 energy_weight=0.000000 energy_factor=1.800000 energy_term=0.000000 final_reward=-1.248532
2026/07/17 10:03:09 [MAB] event=update_reward ts=1784275389858 policy=UCB1 function=mab_cost_aware_1784275377 arm=x86-tiny/gpu/nvidia duration_ms=3.485222 warm_start=true reward=-1.248532 count=1 avg_reward=-1.248532 total_counts=2
2026/07/17 10:03:10 [LB] Compatible tag found: function=mab_cost_aware_1784275377 tag=x86-large/gpu/amd arch=amd64 pattern="gpu" ring_size=1
2026/07/17 10:03:10 [LB] Compatible tag found: function=mab_cost_aware_1784275377 tag=x86-tiny/gpu/nvidia arch=amd64 pattern="gpu" ring_size=1
2026/07/17 10:03:10 [LB] Compatible tags for function 'mab_cost_aware_1784275377': [x86-large/gpu/amd x86-tiny/gpu/nvidia]
2026/07/17 10:03:10 [LB][MAB] event=before_select function=mab_cost_aware_1784275377 compatible_tags=[x86-large/gpu/amd x86-tiny/gpu/nvidia] has_context=true
2026/07/17 10:03:10 [MAB] event=arm_score ts=1784275390081 policy=UCB1 function=mab_cost_aware_1784275377 arm=x86-large/gpu/amd score=-0.244535 base_score=-0.244535 count=1 avg_reward=-0.910578 exploration_bonus=0.666044 total_counts=2 utilization=0.000000 utilization_threshold=0.700000 utilization_penalty=0.000000 utilization_weight=8.000000 utilization_term=0.000000
2026/07/17 10:03:10 [MAB] event=arm_score ts=1784275390081 policy=UCB1 function=mab_cost_aware_1784275377 arm=x86-tiny/gpu/nvidia score=-0.582488 base_score=-0.582488 count=1 avg_reward=-1.248532 exploration_bonus=0.666044 total_counts=2 utilization=0.000000 utilization_threshold=0.700000 utilization_penalty=0.000000 utilization_weight=8.000000 utilization_term=0.000000
2026/07/17 10:03:10 [MAB] event=select_arm ts=1784275390081 policy=UCB1 function=mab_cost_aware_1784275377 selected_arm=x86-large/gpu/amd reason=ucb_score score=-0.244535 total_counts=2 arms=[x86-large/gpu/amd,x86-tiny/gpu/nvidia]
2026/07/17 10:03:10 [LB][MAB] event=after_select function=mab_cost_aware_1784275377 selected_tag=x86-large/gpu/amd compatible_tags=[x86-large/gpu/amd x86-tiny/gpu/nvidia]
2026/07/17 10:03:10 Candidate has: 256 MB free memory. Function needs: 128 MB
2026/07/17 10:03:10 [LB] Selected target for function 'mab_cost_aware_1784275377': target_tag=x86-large/gpu/amd candidate=Mc66k64k37PXWLjSnPv85K1784275378158161158 candidate_tag=x86-large/gpu/amd
2026/07/17 10:03:10 [LB-Update] Node Mc66k64k37PXWLjSnPv85K1784275378158161158 reported 256 MB free
2026/07/17 10:03:10 [MAB] event=reward_breakdown ts=1784275390087 policy=UCB1 function=mab_cost_aware_1784275377 arm=x86-large/gpu/amd base_tag=x86-large architecture=x86 specialization=large capabilities=[gpu,amd] duration_ms=5.331232 latency_reward=-1.673582 cost_weight=0.000000 cost_factor=1.200000 cost_term=0.000000 energy_weight=0.000000 energy_factor=1.200000 energy_term=0.000000 final_reward=-1.673582
2026/07/17 10:03:10 [MAB] event=update_reward ts=1784275390087 policy=UCB1 function=mab_cost_aware_1784275377 arm=x86-large/gpu/amd duration_ms=5.331232 warm_start=true reward=-1.673582 count=2 avg_reward=-1.292080 total_counts=3
2026/07/17 10:03:10 [LB] Compatible tag found: function=mab_cost_aware_1784275377 tag=x86-large/gpu/amd arch=amd64 pattern="gpu" ring_size=1
2026/07/17 10:03:10 [LB] Compatible tag found: function=mab_cost_aware_1784275377 tag=x86-tiny/gpu/nvidia arch=amd64 pattern="gpu" ring_size=1
2026/07/17 10:03:10 [LB] Compatible tags for function 'mab_cost_aware_1784275377': [x86-large/gpu/amd x86-tiny/gpu/nvidia]
2026/07/17 10:03:10 [LB][MAB] event=before_select function=mab_cost_aware_1784275377 compatible_tags=[x86-large/gpu/amd x86-tiny/gpu/nvidia] has_context=true
2026/07/17 10:03:10 [MAB] event=arm_score ts=1784275390309 policy=UCB1 function=mab_cost_aware_1784275377 arm=x86-large/gpu/amd score=-0.699159 base_score=-0.699159 count=2 avg_reward=-1.292080 exploration_bonus=0.592922 total_counts=3 utilization=0.000000 utilization_threshold=0.700000 utilization_penalty=0.000000 utilization_weight=8.000000 utilization_term=0.000000
2026/07/17 10:03:10 [MAB] event=arm_score ts=1784275390309 policy=UCB1 function=mab_cost_aware_1784275377 arm=x86-tiny/gpu/nvidia score=-0.410014 base_score=-0.410014 count=1 avg_reward=-1.248532 exploration_bonus=0.838518 total_counts=3 utilization=0.000000 utilization_threshold=0.700000 utilization_penalty=0.000000 utilization_weight=8.000000 utilization_term=0.000000
2026/07/17 10:03:10 [MAB] event=select_arm ts=1784275390309 policy=UCB1 function=mab_cost_aware_1784275377 selected_arm=x86-tiny/gpu/nvidia reason=ucb_score score=-0.410014 total_counts=3 arms=[x86-large/gpu/amd,x86-tiny/gpu/nvidia]
2026/07/17 10:03:10 [LB][MAB] event=after_select function=mab_cost_aware_1784275377 selected_tag=x86-tiny/gpu/nvidia compatible_tags=[x86-large/gpu/amd x86-tiny/gpu/nvidia]
2026/07/17 10:03:10 Candidate has: 512 MB free memory. Function needs: 128 MB
2026/07/17 10:03:10 [LB] Selected target for function 'mab_cost_aware_1784275377': target_tag=x86-tiny/gpu/nvidia candidate=wTr55Y46VyqmTWJEtCurdF1784275378158858065 candidate_tag=x86-tiny/gpu/nvidia
2026/07/17 10:03:10 [LB-Update] Node wTr55Y46VyqmTWJEtCurdF1784275378158858065 reported 512 MB free
2026/07/17 10:03:10 [MAB] event=reward_breakdown ts=1784275390313 policy=UCB1 function=mab_cost_aware_1784275377 arm=x86-tiny/gpu/nvidia base_tag=x86-tiny architecture=x86 specialization=tiny capabilities=[gpu,nvidia] duration_ms=3.536981 latency_reward=-1.263274 cost_weight=0.000000 cost_factor=1.600000 cost_term=0.000000 energy_weight=0.000000 energy_factor=1.800000 energy_term=0.000000 final_reward=-1.263274
2026/07/17 10:03:10 [MAB] event=update_reward ts=1784275390313 policy=UCB1 function=mab_cost_aware_1784275377 arm=x86-tiny/gpu/nvidia duration_ms=3.536981 warm_start=true reward=-1.263274 count=2 avg_reward=-1.255903 total_counts=4
2026/07/17 10:03:10 [LB] Compatible tag found: function=mab_cost_aware_1784275377 tag=x86-large/gpu/amd arch=amd64 pattern="gpu" ring_size=1
2026/07/17 10:03:10 [LB] Compatible tag found: function=mab_cost_aware_1784275377 tag=x86-tiny/gpu/nvidia arch=amd64 pattern="gpu" ring_size=1
2026/07/17 10:03:10 [LB] Compatible tags for function 'mab_cost_aware_1784275377': [x86-large/gpu/amd x86-tiny/gpu/nvidia]
2026/07/17 10:03:10 [LB][MAB] event=before_select function=mab_cost_aware_1784275377 compatible_tags=[x86-large/gpu/amd x86-tiny/gpu/nvidia] has_context=true
2026/07/17 10:03:10 [MAB] event=arm_score ts=1784275390534 policy=UCB1 function=mab_cost_aware_1784275377 arm=x86-large/gpu/amd score=-0.626037 base_score=-0.626037 count=2 avg_reward=-1.292080 exploration_bonus=0.666044 total_counts=4 utilization=0.000000 utilization_threshold=0.700000 utilization_penalty=0.000000 utilization_weight=8.000000 utilization_term=0.000000
2026/07/17 10:03:10 [MAB] event=arm_score ts=1784275390534 policy=UCB1 function=mab_cost_aware_1784275377 arm=x86-tiny/gpu/nvidia score=-0.589859 base_score=-0.589859 count=2 avg_reward=-1.255903 exploration_bonus=0.666044 total_counts=4 utilization=0.000000 utilization_threshold=0.700000 utilization_penalty=0.000000 utilization_weight=8.000000 utilization_term=0.000000
2026/07/17 10:03:10 [MAB] event=select_arm ts=1784275390534 policy=UCB1 function=mab_cost_aware_1784275377 selected_arm=x86-tiny/gpu/nvidia reason=ucb_score score=-0.589859 total_counts=4 arms=[x86-large/gpu/amd,x86-tiny/gpu/nvidia]
2026/07/17 10:03:10 [LB][MAB] event=after_select function=mab_cost_aware_1784275377 selected_tag=x86-tiny/gpu/nvidia compatible_tags=[x86-large/gpu/amd x86-tiny/gpu/nvidia]
2026/07/17 10:03:10 Candidate has: 512 MB free memory. Function needs: 128 MB
2026/07/17 10:03:10 [LB] Selected target for function 'mab_cost_aware_1784275377': target_tag=x86-tiny/gpu/nvidia candidate=wTr55Y46VyqmTWJEtCurdF1784275378158858065 candidate_tag=x86-tiny/gpu/nvidia
2026/07/17 10:03:10 [LB-Update] Node wTr55Y46VyqmTWJEtCurdF1784275378158858065 reported 512 MB free
2026/07/17 10:03:10 [MAB] event=reward_breakdown ts=1784275390538 policy=UCB1 function=mab_cost_aware_1784275377 arm=x86-tiny/gpu/nvidia base_tag=x86-tiny architecture=x86 specialization=tiny capabilities=[gpu,nvidia] duration_ms=3.172916 latency_reward=-1.154651 cost_weight=0.000000 cost_factor=1.600000 cost_term=0.000000 energy_weight=0.000000 energy_factor=1.800000 energy_term=0.000000 final_reward=-1.154651
2026/07/17 10:03:10 [MAB] event=update_reward ts=1784275390538 policy=UCB1 function=mab_cost_aware_1784275377 arm=x86-tiny/gpu/nvidia duration_ms=3.172916 warm_start=true reward=-1.154651 count=3 avg_reward=-1.222152 total_counts=5
2026/07/17 10:03:10 [LB] Compatible tag found: function=mab_cost_aware_1784275377 tag=x86-large/gpu/amd arch=amd64 pattern="gpu" ring_size=1
2026/07/17 10:03:10 [LB] Compatible tag found: function=mab_cost_aware_1784275377 tag=x86-tiny/gpu/nvidia arch=amd64 pattern="gpu" ring_size=1
2026/07/17 10:03:10 [LB] Compatible tags for function 'mab_cost_aware_1784275377': [x86-large/gpu/amd x86-tiny/gpu/nvidia]
2026/07/17 10:03:10 [LB][MAB] event=before_select function=mab_cost_aware_1784275377 compatible_tags=[x86-large/gpu/amd x86-tiny/gpu/nvidia] has_context=true
2026/07/17 10:03:10 [MAB] event=arm_score ts=1784275390759 policy=UCB1 function=mab_cost_aware_1784275377 arm=x86-large/gpu/amd score=-0.574431 base_score=-0.574431 count=2 avg_reward=-1.292080 exploration_bonus=0.717649 total_counts=5 utilization=0.000000 utilization_threshold=0.700000 utilization_penalty=0.000000 utilization_weight=8.000000 utilization_term=0.000000
2026/07/17 10:03:10 [MAB] event=arm_score ts=1784275390759 policy=UCB1 function=mab_cost_aware_1784275377 arm=x86-tiny/gpu/nvidia score=-0.636194 base_score=-0.636194 count=3 avg_reward=-1.222152 exploration_bonus=0.585958 total_counts=5 utilization=0.000000 utilization_threshold=0.700000 utilization_penalty=0.000000 utilization_weight=8.000000 utilization_term=0.000000
2026/07/17 10:03:10 [MAB] event=select_arm ts=1784275390759 policy=UCB1 function=mab_cost_aware_1784275377 selected_arm=x86-large/gpu/amd reason=ucb_score score=-0.574431 total_counts=5 arms=[x86-large/gpu/amd,x86-tiny/gpu/nvidia]
2026/07/17 10:03:10 [LB][MAB] event=after_select function=mab_cost_aware_1784275377 selected_tag=x86-large/gpu/amd compatible_tags=[x86-large/gpu/amd x86-tiny/gpu/nvidia]
2026/07/17 10:03:10 Candidate has: 256 MB free memory. Function needs: 128 MB
2026/07/17 10:03:10 [LB] Selected target for function 'mab_cost_aware_1784275377': target_tag=x86-large/gpu/amd candidate=Mc66k64k37PXWLjSnPv85K1784275378158161158 candidate_tag=x86-large/gpu/amd
2026/07/17 10:03:10 [LB-Update] Node Mc66k64k37PXWLjSnPv85K1784275378158161158 reported 256 MB free
2026/07/17 10:03:10 [MAB] event=reward_breakdown ts=1784275390763 policy=UCB1 function=mab_cost_aware_1784275377 arm=x86-large/gpu/amd base_tag=x86-large architecture=x86 specialization=large capabilities=[gpu,amd] duration_ms=3.451537 latency_reward=-1.238820 cost_weight=0.000000 cost_factor=1.200000 cost_term=0.000000 energy_weight=0.000000 energy_factor=1.200000 energy_term=0.000000 final_reward=-1.238820
2026/07/17 10:03:10 [MAB] event=update_reward ts=1784275390764 policy=UCB1 function=mab_cost_aware_1784275377 arm=x86-large/gpu/amd duration_ms=3.451537 warm_start=true reward=-1.238820 count=3 avg_reward=-1.274327 total_counts=6
2026/07/17 10:03:10 [LB] Compatible tag found: function=mab_cost_aware_1784275377 tag=x86-large/gpu/amd arch=amd64 pattern="gpu" ring_size=1
2026/07/17 10:03:10 [LB] Compatible tag found: function=mab_cost_aware_1784275377 tag=x86-tiny/gpu/nvidia arch=amd64 pattern="gpu" ring_size=1
2026/07/17 10:03:10 [LB] Compatible tags for function 'mab_cost_aware_1784275377': [x86-large/gpu/amd x86-tiny/gpu/nvidia]
2026/07/17 10:03:10 [LB][MAB] event=before_select function=mab_cost_aware_1784275377 compatible_tags=[x86-large/gpu/amd x86-tiny/gpu/nvidia] has_context=true
2026/07/17 10:03:10 [MAB] event=arm_score ts=1784275390985 policy=UCB1 function=mab_cost_aware_1784275377 arm=x86-large/gpu/amd score=-0.656070 base_score=-0.656070 count=3 avg_reward=-1.274327 exploration_bonus=0.618257 total_counts=6 utilization=0.000000 utilization_threshold=0.700000 utilization_penalty=0.000000 utilization_weight=8.000000 utilization_term=0.000000
2026/07/17 10:03:10 [MAB] event=arm_score ts=1784275390985 policy=UCB1 function=mab_cost_aware_1784275377 arm=x86-tiny/gpu/nvidia score=-0.603895 base_score=-0.603895 count=3 avg_reward=-1.222152 exploration_bonus=0.618257 total_counts=6 utilization=0.000000 utilization_threshold=0.700000 utilization_penalty=0.000000 utilization_weight=8.000000 utilization_term=0.000000
2026/07/17 10:03:10 [MAB] event=select_arm ts=1784275390985 policy=UCB1 function=mab_cost_aware_1784275377 selected_arm=x86-tiny/gpu/nvidia reason=ucb_score score=-0.603895 total_counts=6 arms=[x86-large/gpu/amd,x86-tiny/gpu/nvidia]
2026/07/17 10:03:10 [LB][MAB] event=after_select function=mab_cost_aware_1784275377 selected_tag=x86-tiny/gpu/nvidia compatible_tags=[x86-large/gpu/amd x86-tiny/gpu/nvidia]
2026/07/17 10:03:10 Candidate has: 512 MB free memory. Function needs: 128 MB
2026/07/17 10:03:10 [LB] Selected target for function 'mab_cost_aware_1784275377': target_tag=x86-tiny/gpu/nvidia candidate=wTr55Y46VyqmTWJEtCurdF1784275378158858065 candidate_tag=x86-tiny/gpu/nvidia
2026/07/17 10:03:10 [LB-Update] Node wTr55Y46VyqmTWJEtCurdF1784275378158858065 reported 512 MB free
2026/07/17 10:03:10 [MAB] event=reward_breakdown ts=1784275390988 policy=UCB1 function=mab_cost_aware_1784275377 arm=x86-tiny/gpu/nvidia base_tag=x86-tiny architecture=x86 specialization=tiny capabilities=[gpu,nvidia] duration_ms=2.938812 latency_reward=-1.078005 cost_weight=0.000000 cost_factor=1.600000 cost_term=0.000000 energy_weight=0.000000 energy_factor=1.800000 energy_term=0.000000 final_reward=-1.078005
2026/07/17 10:03:10 [MAB] event=update_reward ts=1784275390988 policy=UCB1 function=mab_cost_aware_1784275377 arm=x86-tiny/gpu/nvidia duration_ms=2.938812 warm_start=true reward=-1.078005 count=4 avg_reward=-1.186115 total_counts=7
2026/07/17 10:03:11 [LB] Compatible tag found: function=mab_cost_aware_1784275377 tag=x86-large/gpu/amd arch=amd64 pattern="gpu" ring_size=1
2026/07/17 10:03:11 [LB] Compatible tag found: function=mab_cost_aware_1784275377 tag=x86-tiny/gpu/nvidia arch=amd64 pattern="gpu" ring_size=1
2026/07/17 10:03:11 [LB] Compatible tags for function 'mab_cost_aware_1784275377': [x86-large/gpu/amd x86-tiny/gpu/nvidia]
2026/07/17 10:03:11 [LB][MAB] event=before_select function=mab_cost_aware_1784275377 compatible_tags=[x86-large/gpu/amd x86-tiny/gpu/nvidia] has_context=true
2026/07/17 10:03:11 [MAB] event=arm_score ts=1784275391210 policy=UCB1 function=mab_cost_aware_1784275377 arm=x86-large/gpu/amd score=-0.630023 base_score=-0.630023 count=3 avg_reward=-1.274327 exploration_bonus=0.644304 total_counts=7 utilization=0.000000 utilization_threshold=0.700000 utilization_penalty=0.000000 utilization_weight=8.000000 utilization_term=0.000000
2026/07/17 10:03:11 [MAB] event=arm_score ts=1784275391210 policy=UCB1 function=mab_cost_aware_1784275377 arm=x86-tiny/gpu/nvidia score=-0.628132 base_score=-0.628132 count=4 avg_reward=-1.186115 exploration_bonus=0.557984 total_counts=7 utilization=0.000000 utilization_threshold=0.700000 utilization_penalty=0.000000 utilization_weight=8.000000 utilization_term=0.000000
2026/07/17 10:03:11 [MAB] event=select_arm ts=1784275391210 policy=UCB1 function=mab_cost_aware_1784275377 selected_arm=x86-tiny/gpu/nvidia reason=ucb_score score=-0.628132 total_counts=7 arms=[x86-large/gpu/amd,x86-tiny/gpu/nvidia]
2026/07/17 10:03:11 [LB][MAB] event=after_select function=mab_cost_aware_1784275377 selected_tag=x86-tiny/gpu/nvidia compatible_tags=[x86-large/gpu/amd x86-tiny/gpu/nvidia]
2026/07/17 10:03:11 Candidate has: 512 MB free memory. Function needs: 128 MB
2026/07/17 10:03:11 [LB] Selected target for function 'mab_cost_aware_1784275377': target_tag=x86-tiny/gpu/nvidia candidate=wTr55Y46VyqmTWJEtCurdF1784275378158858065 candidate_tag=x86-tiny/gpu/nvidia
2026/07/17 10:03:11 [LB-Update] Node wTr55Y46VyqmTWJEtCurdF1784275378158858065 reported 512 MB free
2026/07/17 10:03:11 [MAB] event=reward_breakdown ts=1784275391214 policy=UCB1 function=mab_cost_aware_1784275377 arm=x86-tiny/gpu/nvidia base_tag=x86-tiny architecture=x86 specialization=tiny capabilities=[gpu,nvidia] duration_ms=3.018052 latency_reward=-1.104612 cost_weight=0.000000 cost_factor=1.600000 cost_term=0.000000 energy_weight=0.000000 energy_factor=1.800000 energy_term=0.000000 final_reward=-1.104612
2026/07/17 10:03:11 [MAB] event=update_reward ts=1784275391214 policy=UCB1 function=mab_cost_aware_1784275377 arm=x86-tiny/gpu/nvidia duration_ms=3.018052 warm_start=true reward=-1.104612 count=5 avg_reward=-1.169815 total_counts=8
2026/07/17 10:03:11 [LB] Compatible tag found: function=mab_cost_aware_1784275377 tag=x86-large/gpu/amd arch=amd64 pattern="gpu" ring_size=1
2026/07/17 10:03:11 [LB] Compatible tag found: function=mab_cost_aware_1784275377 tag=x86-tiny/gpu/nvidia arch=amd64 pattern="gpu" ring_size=1
2026/07/17 10:03:11 [LB] Compatible tags for function 'mab_cost_aware_1784275377': [x86-large/gpu/amd x86-tiny/gpu/nvidia]
2026/07/17 10:03:11 [LB][MAB] event=before_select function=mab_cost_aware_1784275377 compatible_tags=[x86-large/gpu/amd x86-tiny/gpu/nvidia] has_context=true
2026/07/17 10:03:11 [MAB] event=arm_score ts=1784275391433 policy=UCB1 function=mab_cost_aware_1784275377 arm=x86-large/gpu/amd score=-0.608283 base_score=-0.608283 count=3 avg_reward=-1.274327 exploration_bonus=0.666044 total_counts=8 utilization=0.000000 utilization_threshold=0.700000 utilization_penalty=0.000000 utilization_weight=8.000000 utilization_term=0.000000
2026/07/17 10:03:11 [MAB] event=arm_score ts=1784275391433 policy=UCB1 function=mab_cost_aware_1784275377 arm=x86-tiny/gpu/nvidia score=-0.653899 base_score=-0.653899 count=5 avg_reward=-1.169815 exploration_bonus=0.515915 total_counts=8 utilization=0.000000 utilization_threshold=0.700000 utilization_penalty=0.000000 utilization_weight=8.000000 utilization_term=0.000000
2026/07/17 10:03:11 [MAB] event=select_arm ts=1784275391433 policy=UCB1 function=mab_cost_aware_1784275377 selected_arm=x86-large/gpu/amd reason=ucb_score score=-0.608283 total_counts=8 arms=[x86-large/gpu/amd,x86-tiny/gpu/nvidia]
2026/07/17 10:03:11 [LB][MAB] event=after_select function=mab_cost_aware_1784275377 selected_tag=x86-large/gpu/amd compatible_tags=[x86-large/gpu/amd x86-tiny/gpu/nvidia]
2026/07/17 10:03:11 Candidate has: 256 MB free memory. Function needs: 128 MB
2026/07/17 10:03:11 [LB] Selected target for function 'mab_cost_aware_1784275377': target_tag=x86-large/gpu/amd candidate=Mc66k64k37PXWLjSnPv85K1784275378158161158 candidate_tag=x86-large/gpu/amd
2026/07/17 10:03:11 [LB-Update] Node Mc66k64k37PXWLjSnPv85K1784275378158161158 reported 256 MB free
2026/07/17 10:03:11 [MAB] event=reward_breakdown ts=1784275391437 policy=UCB1 function=mab_cost_aware_1784275377 arm=x86-large/gpu/amd base_tag=x86-large architecture=x86 specialization=large capabilities=[gpu,amd] duration_ms=2.918428 latency_reward=-1.071045 cost_weight=0.000000 cost_factor=1.200000 cost_term=0.000000 energy_weight=0.000000 energy_factor=1.200000 energy_term=0.000000 final_reward=-1.071045
2026/07/17 10:03:11 [MAB] event=update_reward ts=1784275391437 policy=UCB1 function=mab_cost_aware_1784275377 arm=x86-large/gpu/amd duration_ms=2.918428 warm_start=true reward=-1.071045 count=4 avg_reward=-1.223506 total_counts=9
2026/07/17 10:03:11 [LB] Compatible tag found: function=mab_cost_aware_1784275377 tag=x86-large/gpu/amd arch=amd64 pattern="gpu" ring_size=1
2026/07/17 10:03:11 [LB] Compatible tag found: function=mab_cost_aware_1784275377 tag=x86-tiny/gpu/nvidia arch=amd64 pattern="gpu" ring_size=1
2026/07/17 10:03:11 [LB] Compatible tags for function 'mab_cost_aware_1784275377': [x86-large/gpu/amd x86-tiny/gpu/nvidia]
2026/07/17 10:03:11 [LB][MAB] event=before_select function=mab_cost_aware_1784275377 compatible_tags=[x86-large/gpu/amd x86-tiny/gpu/nvidia] has_context=true
2026/07/17 10:03:11 [MAB] event=arm_score ts=1784275391659 policy=UCB1 function=mab_cost_aware_1784275377 arm=x86-large/gpu/amd score=-0.630585 base_score=-0.630585 count=4 avg_reward=-1.223506 exploration_bonus=0.592922 total_counts=9 utilization=0.000000 utilization_threshold=0.700000 utilization_penalty=0.000000 utilization_weight=8.000000 utilization_term=0.000000
2026/07/17 10:03:11 [MAB] event=arm_score ts=1784275391659 policy=UCB1 function=mab_cost_aware_1784275377 arm=x86-tiny/gpu/nvidia score=-0.639490 base_score=-0.639490 count=5 avg_reward=-1.169815 exploration_bonus=0.530325 total_counts=9 utilization=0.000000 utilization_threshold=0.700000 utilization_penalty=0.000000 utilization_weight=8.000000 utilization_term=0.000000
2026/07/17 10:03:11 [MAB] event=select_arm ts=1784275391659 policy=UCB1 function=mab_cost_aware_1784275377 selected_arm=x86-large/gpu/amd reason=ucb_score score=-0.630585 total_counts=9 arms=[x86-large/gpu/amd,x86-tiny/gpu/nvidia]
2026/07/17 10:03:11 [LB][MAB] event=after_select function=mab_cost_aware_1784275377 selected_tag=x86-large/gpu/amd compatible_tags=[x86-large/gpu/amd x86-tiny/gpu/nvidia]
2026/07/17 10:03:11 Candidate has: 256 MB free memory. Function needs: 128 MB
2026/07/17 10:03:11 [LB] Selected target for function 'mab_cost_aware_1784275377': target_tag=x86-large/gpu/amd candidate=Mc66k64k37PXWLjSnPv85K1784275378158161158 candidate_tag=x86-large/gpu/amd
2026/07/17 10:03:11 [LB-Update] Node Mc66k64k37PXWLjSnPv85K1784275378158161158 reported 256 MB free
2026/07/17 10:03:11 [MAB] event=reward_breakdown ts=1784275391663 policy=UCB1 function=mab_cost_aware_1784275377 arm=x86-large/gpu/amd base_tag=x86-large architecture=x86 specialization=large capabilities=[gpu,amd] duration_ms=3.211075 latency_reward=-1.166606 cost_weight=0.000000 cost_factor=1.200000 cost_term=0.000000 energy_weight=0.000000 energy_factor=1.200000 energy_term=0.000000 final_reward=-1.166606
2026/07/17 10:03:11 [MAB] event=update_reward ts=1784275391663 policy=UCB1 function=mab_cost_aware_1784275377 arm=x86-large/gpu/amd duration_ms=3.211075 warm_start=true reward=-1.166606 count=5 avg_reward=-1.212126 total_counts=10
2026/07/17 10:03:11 [LB] Compatible tag found: function=mab_cost_aware_1784275377 tag=x86-large/gpu/amd arch=amd64 pattern="gpu" ring_size=1
2026/07/17 10:03:11 [LB] Compatible tag found: function=mab_cost_aware_1784275377 tag=x86-tiny/gpu/nvidia arch=amd64 pattern="gpu" ring_size=1
2026/07/17 10:03:11 [LB] Compatible tags for function 'mab_cost_aware_1784275377': [x86-large/gpu/amd x86-tiny/gpu/nvidia]
2026/07/17 10:03:11 [LB][MAB] event=before_select function=mab_cost_aware_1784275377 compatible_tags=[x86-large/gpu/amd x86-tiny/gpu/nvidia] has_context=true
2026/07/17 10:03:11 [MAB] event=arm_score ts=1784275391885 policy=UCB1 function=mab_cost_aware_1784275377 arm=x86-large/gpu/amd score=-0.669235 base_score=-0.669235 count=5 avg_reward=-1.212126 exploration_bonus=0.542891 total_counts=10 utilization=0.000000 utilization_threshold=0.700000 utilization_penalty=0.000000 utilization_weight=8.000000 utilization_term=0.000000
2026/07/17 10:03:11 [MAB] event=arm_score ts=1784275391885 policy=UCB1 function=mab_cost_aware_1784275377 arm=x86-tiny/gpu/nvidia score=-0.626923 base_score=-0.626923 count=5 avg_reward=-1.169815 exploration_bonus=0.542891 total_counts=10 utilization=0.000000 utilization_threshold=0.700000 utilization_penalty=0.000000 utilization_weight=8.000000 utilization_term=0.000000
2026/07/17 10:03:11 [MAB] event=select_arm ts=1784275391885 policy=UCB1 function=mab_cost_aware_1784275377 selected_arm=x86-tiny/gpu/nvidia reason=ucb_score score=-0.626923 total_counts=10 arms=[x86-large/gpu/amd,x86-tiny/gpu/nvidia]
2026/07/17 10:03:11 [LB][MAB] event=after_select function=mab_cost_aware_1784275377 selected_tag=x86-tiny/gpu/nvidia compatible_tags=[x86-large/gpu/amd x86-tiny/gpu/nvidia]
2026/07/17 10:03:11 Candidate has: 512 MB free memory. Function needs: 128 MB
2026/07/17 10:03:11 [LB] Selected target for function 'mab_cost_aware_1784275377': target_tag=x86-tiny/gpu/nvidia candidate=wTr55Y46VyqmTWJEtCurdF1784275378158858065 candidate_tag=x86-tiny/gpu/nvidia
2026/07/17 10:03:11 [LB-Update] Node wTr55Y46VyqmTWJEtCurdF1784275378158858065 reported 512 MB free
2026/07/17 10:03:11 [MAB] event=reward_breakdown ts=1784275391889 policy=UCB1 function=mab_cost_aware_1784275377 arm=x86-tiny/gpu/nvidia base_tag=x86-tiny architecture=x86 specialization=tiny capabilities=[gpu,nvidia] duration_ms=2.989438 latency_reward=-1.095085 cost_weight=0.000000 cost_factor=1.600000 cost_term=0.000000 energy_weight=0.000000 energy_factor=1.800000 energy_term=0.000000 final_reward=-1.095085
2026/07/17 10:03:11 [MAB] event=update_reward ts=1784275391889 policy=UCB1 function=mab_cost_aware_1784275377 arm=x86-tiny/gpu/nvidia duration_ms=2.989438 warm_start=true reward=-1.095085 count=6 avg_reward=-1.157360 total_counts=11
2026/07/17 10:03:12 [LB] Compatible tag found: function=mab_cost_aware_1784275377 tag=x86-large/gpu/amd arch=amd64 pattern="gpu" ring_size=1
2026/07/17 10:03:12 [LB] Compatible tag found: function=mab_cost_aware_1784275377 tag=x86-tiny/gpu/nvidia arch=amd64 pattern="gpu" ring_size=1
2026/07/17 10:03:12 [LB] Compatible tags for function 'mab_cost_aware_1784275377': [x86-large/gpu/amd x86-tiny/gpu/nvidia]
2026/07/17 10:03:12 [LB][MAB] event=before_select function=mab_cost_aware_1784275377 compatible_tags=[x86-large/gpu/amd x86-tiny/gpu/nvidia] has_context=true
2026/07/17 10:03:12 [MAB] event=arm_score ts=1784275392111 policy=UCB1 function=mab_cost_aware_1784275377 arm=x86-large/gpu/amd score=-0.658113 base_score=-0.658113 count=5 avg_reward=-1.212126 exploration_bonus=0.554013 total_counts=11 utilization=0.000000 utilization_threshold=0.700000 utilization_penalty=0.000000 utilization_weight=8.000000 utilization_term=0.000000
2026/07/17 10:03:12 [MAB] event=arm_score ts=1784275392111 policy=UCB1 function=mab_cost_aware_1784275377 arm=x86-tiny/gpu/nvidia score=-0.651617 base_score=-0.651617 count=6 avg_reward=-1.157360 exploration_bonus=0.505743 total_counts=11 utilization=0.000000 utilization_threshold=0.700000 utilization_penalty=0.000000 utilization_weight=8.000000 utilization_term=0.000000
2026/07/17 10:03:12 [MAB] event=select_arm ts=1784275392111 policy=UCB1 function=mab_cost_aware_1784275377 selected_arm=x86-tiny/gpu/nvidia reason=ucb_score score=-0.651617 total_counts=11 arms=[x86-large/gpu/amd,x86-tiny/gpu/nvidia]
2026/07/17 10:03:12 [LB][MAB] event=after_select function=mab_cost_aware_1784275377 selected_tag=x86-tiny/gpu/nvidia compatible_tags=[x86-large/gpu/amd x86-tiny/gpu/nvidia]
2026/07/17 10:03:12 Candidate has: 512 MB free memory. Function needs: 128 MB
2026/07/17 10:03:12 [LB] Selected target for function 'mab_cost_aware_1784275377': target_tag=x86-tiny/gpu/nvidia candidate=wTr55Y46VyqmTWJEtCurdF1784275378158858065 candidate_tag=x86-tiny/gpu/nvidia
2026/07/17 10:03:12 [LB-Update] Node wTr55Y46VyqmTWJEtCurdF1784275378158858065 reported 512 MB free
2026/07/17 10:03:12 [MAB] event=reward_breakdown ts=1784275392115 policy=UCB1 function=mab_cost_aware_1784275377 arm=x86-tiny/gpu/nvidia base_tag=x86-tiny architecture=x86 specialization=tiny capabilities=[gpu,nvidia] duration_ms=3.089912 latency_reward=-1.128143 cost_weight=0.000000 cost_factor=1.600000 cost_term=0.000000 energy_weight=0.000000 energy_factor=1.800000 energy_term=0.000000 final_reward=-1.128143
2026/07/17 10:03:12 [MAB] event=update_reward ts=1784275392115 policy=UCB1 function=mab_cost_aware_1784275377 arm=x86-tiny/gpu/nvidia duration_ms=3.089912 warm_start=true reward=-1.128143 count=7 avg_reward=-1.153186 total_counts=12
2026/07/17 10:03:12 [LB]: Periodic targets update
2026/07/17 10:03:12 Found target: d9vVFs4fj97ZcEYU4FWAB51784275378161673878
2026/07/17 10:03:12 Found target: Mc66k64k37PXWLjSnPv85K1784275378158161158
2026/07/17 10:03:12 Found target: Av5rdunwxRZpxaTW9hGx8P1784275378156333978
2026/07/17 10:03:12 Found target: wTr55Y46VyqmTWJEtCurdF1784275378158858065
2026/07/17 10:03:12 Found 4 targets
2026/07/17 10:03:12 [LB] Compatible tag found: function=mab_cost_aware_1784275377 tag=x86-large/gpu/amd arch=amd64 pattern="gpu" ring_size=1
2026/07/17 10:03:12 [LB] Compatible tag found: function=mab_cost_aware_1784275377 tag=x86-tiny/gpu/nvidia arch=amd64 pattern="gpu" ring_size=1
2026/07/17 10:03:12 [LB] Compatible tags for function 'mab_cost_aware_1784275377': [x86-large/gpu/amd x86-tiny/gpu/nvidia]
2026/07/17 10:03:12 [LB][MAB] event=before_select function=mab_cost_aware_1784275377 compatible_tags=[x86-large/gpu/amd x86-tiny/gpu/nvidia] has_context=true
2026/07/17 10:03:12 [MAB] event=arm_score ts=1784275392336 policy=UCB1 function=mab_cost_aware_1784275377 arm=x86-large/gpu/amd score=-0.648151 base_score=-0.648151 count=5 avg_reward=-1.212126 exploration_bonus=0.563975 total_counts=12 utilization=0.000000 utilization_threshold=0.700000 utilization_penalty=0.000000 utilization_weight=8.000000 utilization_term=0.000000
2026/07/17 10:03:12 [MAB] event=arm_score ts=1784275392336 policy=UCB1 function=mab_cost_aware_1784275377 arm=x86-tiny/gpu/nvidia score=-0.676540 base_score=-0.676540 count=7 avg_reward=-1.153186 exploration_bonus=0.476646 total_counts=12 utilization=0.000000 utilization_threshold=0.700000 utilization_penalty=0.000000 utilization_weight=8.000000 utilization_term=0.000000
2026/07/17 10:03:12 [MAB] event=select_arm ts=1784275392336 policy=UCB1 function=mab_cost_aware_1784275377 selected_arm=x86-large/gpu/amd reason=ucb_score score=-0.648151 total_counts=12 arms=[x86-large/gpu/amd,x86-tiny/gpu/nvidia]
2026/07/17 10:03:12 [LB][MAB] event=after_select function=mab_cost_aware_1784275377 selected_tag=x86-large/gpu/amd compatible_tags=[x86-large/gpu/amd x86-tiny/gpu/nvidia]
2026/07/17 10:03:12 Candidate has: 256 MB free memory. Function needs: 128 MB
2026/07/17 10:03:12 [LB] Selected target for function 'mab_cost_aware_1784275377': target_tag=x86-large/gpu/amd candidate=Mc66k64k37PXWLjSnPv85K1784275378158161158 candidate_tag=x86-large/gpu/amd
2026/07/17 10:03:12 [LB-Update] Node Mc66k64k37PXWLjSnPv85K1784275378158161158 reported 256 MB free
2026/07/17 10:03:12 [MAB] event=reward_breakdown ts=1784275392341 policy=UCB1 function=mab_cost_aware_1784275377 arm=x86-large/gpu/amd base_tag=x86-large architecture=x86 specialization=large capabilities=[gpu,amd] duration_ms=4.413147 latency_reward=-1.484588 cost_weight=0.000000 cost_factor=1.200000 cost_term=0.000000 energy_weight=0.000000 energy_factor=1.200000 energy_term=0.000000 final_reward=-1.484588
2026/07/17 10:03:12 [MAB] event=update_reward ts=1784275392341 policy=UCB1 function=mab_cost_aware_1784275377 arm=x86-large/gpu/amd duration_ms=4.413147 warm_start=true reward=-1.484588 count=6 avg_reward=-1.257537 total_counts=13
2026/07/17 10:03:12 [LB] Compatible tag found: function=mab_cost_aware_1784275377 tag=x86-large/gpu/amd arch=amd64 pattern="gpu" ring_size=1
2026/07/17 10:03:12 [LB] Compatible tag found: function=mab_cost_aware_1784275377 tag=x86-tiny/gpu/nvidia arch=amd64 pattern="gpu" ring_size=1
2026/07/17 10:03:12 [LB] Compatible tags for function 'mab_cost_aware_1784275377': [x86-large/gpu/amd x86-tiny/gpu/nvidia]
2026/07/17 10:03:12 [LB][MAB] event=before_select function=mab_cost_aware_1784275377 compatible_tags=[x86-large/gpu/amd x86-tiny/gpu/nvidia] has_context=true
2026/07/17 10:03:12 [MAB] event=arm_score ts=1784275392565 policy=UCB1 function=mab_cost_aware_1784275377 arm=x86-large/gpu/amd score=-0.734474 base_score=-0.734474 count=6 avg_reward=-1.257537 exploration_bonus=0.523063 total_counts=13 utilization=0.000000 utilization_threshold=0.700000 utilization_penalty=0.000000 utilization_weight=8.000000 utilization_term=0.000000
2026/07/17 10:03:12 [MAB] event=arm_score ts=1784275392565 policy=UCB1 function=mab_cost_aware_1784275377 arm=x86-tiny/gpu/nvidia score=-0.668924 base_score=-0.668924 count=7 avg_reward=-1.153186 exploration_bonus=0.484262 total_counts=13 utilization=0.000000 utilization_threshold=0.700000 utilization_penalty=0.000000 utilization_weight=8.000000 utilization_term=0.000000
2026/07/17 10:03:12 [MAB] event=select_arm ts=1784275392565 policy=UCB1 function=mab_cost_aware_1784275377 selected_arm=x86-tiny/gpu/nvidia reason=ucb_score score=-0.668924 total_counts=13 arms=[x86-large/gpu/amd,x86-tiny/gpu/nvidia]
2026/07/17 10:03:12 [LB][MAB] event=after_select function=mab_cost_aware_1784275377 selected_tag=x86-tiny/gpu/nvidia compatible_tags=[x86-large/gpu/amd x86-tiny/gpu/nvidia]
2026/07/17 10:03:12 Candidate has: 512 MB free memory. Function needs: 128 MB
2026/07/17 10:03:12 [LB] Selected target for function 'mab_cost_aware_1784275377': target_tag=x86-tiny/gpu/nvidia candidate=wTr55Y46VyqmTWJEtCurdF1784275378158858065 candidate_tag=x86-tiny/gpu/nvidia
2026/07/17 10:03:12 [LB-Update] Node wTr55Y46VyqmTWJEtCurdF1784275378158858065 reported 512 MB free
2026/07/17 10:03:12 [MAB] event=reward_breakdown ts=1784275392569 policy=UCB1 function=mab_cost_aware_1784275377 arm=x86-tiny/gpu/nvidia base_tag=x86-tiny architecture=x86 specialization=tiny capabilities=[gpu,nvidia] duration_ms=3.227069 latency_reward=-1.171574 cost_weight=0.000000 cost_factor=1.600000 cost_term=0.000000 energy_weight=0.000000 energy_factor=1.800000 energy_term=0.000000 final_reward=-1.171574
2026/07/17 10:03:12 [MAB] event=update_reward ts=1784275392569 policy=UCB1 function=mab_cost_aware_1784275377 arm=x86-tiny/gpu/nvidia duration_ms=3.227069 warm_start=true reward=-1.171574 count=8 avg_reward=-1.155484 total_counts=14
2026/07/17 10:03:12 [LB] Compatible tag found: function=mab_cost_aware_1784275377 tag=x86-large/gpu/amd arch=amd64 pattern="gpu" ring_size=1
2026/07/17 10:03:12 [LB] Compatible tag found: function=mab_cost_aware_1784275377 tag=x86-tiny/gpu/nvidia arch=amd64 pattern="gpu" ring_size=1
2026/07/17 10:03:12 [LB] Compatible tags for function 'mab_cost_aware_1784275377': [x86-large/gpu/amd x86-tiny/gpu/nvidia]
2026/07/17 10:03:12 [LB][MAB] event=before_select function=mab_cost_aware_1784275377 compatible_tags=[x86-large/gpu/amd x86-tiny/gpu/nvidia] has_context=true
2026/07/17 10:03:12 [MAB] event=arm_score ts=1784275392789 policy=UCB1 function=mab_cost_aware_1784275377 arm=x86-large/gpu/amd score=-0.726971 base_score=-0.726971 count=6 avg_reward=-1.257537 exploration_bonus=0.530565 total_counts=14 utilization=0.000000 utilization_threshold=0.700000 utilization_penalty=0.000000 utilization_weight=8.000000 utilization_term=0.000000
2026/07/17 10:03:12 [MAB] event=arm_score ts=1784275392789 policy=UCB1 function=mab_cost_aware_1784275377 arm=x86-tiny/gpu/nvidia score=-0.696002 base_score=-0.696002 count=8 avg_reward=-1.155484 exploration_bonus=0.459483 total_counts=14 utilization=0.000000 utilization_threshold=0.700000 utilization_penalty=0.000000 utilization_weight=8.000000 utilization_term=0.000000
2026/07/17 10:03:12 [MAB] event=select_arm ts=1784275392789 policy=UCB1 function=mab_cost_aware_1784275377 selected_arm=x86-tiny/gpu/nvidia reason=ucb_score score=-0.696002 total_counts=14 arms=[x86-large/gpu/amd,x86-tiny/gpu/nvidia]
2026/07/17 10:03:12 [LB][MAB] event=after_select function=mab_cost_aware_1784275377 selected_tag=x86-tiny/gpu/nvidia compatible_tags=[x86-large/gpu/amd x86-tiny/gpu/nvidia]
2026/07/17 10:03:12 Candidate has: 512 MB free memory. Function needs: 128 MB
2026/07/17 10:03:12 [LB] Selected target for function 'mab_cost_aware_1784275377': target_tag=x86-tiny/gpu/nvidia candidate=wTr55Y46VyqmTWJEtCurdF1784275378158858065 candidate_tag=x86-tiny/gpu/nvidia
2026/07/17 10:03:12 [LB-Update] Node wTr55Y46VyqmTWJEtCurdF1784275378158858065 reported 512 MB free
2026/07/17 10:03:12 [MAB] event=reward_breakdown ts=1784275392793 policy=UCB1 function=mab_cost_aware_1784275377 arm=x86-tiny/gpu/nvidia base_tag=x86-tiny architecture=x86 specialization=tiny capabilities=[gpu,nvidia] duration_ms=3.062143 latency_reward=-1.119115 cost_weight=0.000000 cost_factor=1.600000 cost_term=0.000000 energy_weight=0.000000 energy_factor=1.800000 energy_term=0.000000 final_reward=-1.119115
2026/07/17 10:03:12 [MAB] event=update_reward ts=1784275392793 policy=UCB1 function=mab_cost_aware_1784275377 arm=x86-tiny/gpu/nvidia duration_ms=3.062143 warm_start=true reward=-1.119115 count=9 avg_reward=-1.151443 total_counts=15
2026/07/17 10:03:13 [LB] Compatible tag found: function=mab_cost_aware_1784275377 tag=x86-large/gpu/amd arch=amd64 pattern="gpu" ring_size=1
2026/07/17 10:03:13 [LB] Compatible tag found: function=mab_cost_aware_1784275377 tag=x86-tiny/gpu/nvidia arch=amd64 pattern="gpu" ring_size=1
2026/07/17 10:03:13 [LB] Compatible tags for function 'mab_cost_aware_1784275377': [x86-large/gpu/amd x86-tiny/gpu/nvidia]
2026/07/17 10:03:13 [LB][MAB] event=before_select function=mab_cost_aware_1784275377 compatible_tags=[x86-large/gpu/amd x86-tiny/gpu/nvidia] has_context=true
2026/07/17 10:03:13 [MAB] event=arm_score ts=1784275393014 policy=UCB1 function=mab_cost_aware_1784275377 arm=x86-large/gpu/amd score=-0.720081 base_score=-0.720081 count=6 avg_reward=-1.257537 exploration_bonus=0.537456 total_counts=15 utilization=0.000000 utilization_threshold=0.700000 utilization_penalty=0.000000 utilization_weight=8.000000 utilization_term=0.000000
2026/07/17 10:03:13 [MAB] event=arm_score ts=1784275393014 policy=UCB1 function=mab_cost_aware_1784275377 arm=x86-tiny/gpu/nvidia score=-0.712613 base_score=-0.712613 count=9 avg_reward=-1.151443 exploration_bonus=0.438831 total_counts=15 utilization=0.000000 utilization_threshold=0.700000 utilization_penalty=0.000000 utilization_weight=8.000000 utilization_term=0.000000
2026/07/17 10:03:13 [MAB] event=select_arm ts=1784275393014 policy=UCB1 function=mab_cost_aware_1784275377 selected_arm=x86-tiny/gpu/nvidia reason=ucb_score score=-0.712613 total_counts=15 arms=[x86-large/gpu/amd,x86-tiny/gpu/nvidia]
2026/07/17 10:03:13 [LB][MAB] event=after_select function=mab_cost_aware_1784275377 selected_tag=x86-tiny/gpu/nvidia compatible_tags=[x86-large/gpu/amd x86-tiny/gpu/nvidia]
2026/07/17 10:03:13 Candidate has: 512 MB free memory. Function needs: 128 MB
2026/07/17 10:03:13 [LB] Selected target for function 'mab_cost_aware_1784275377': target_tag=x86-tiny/gpu/nvidia candidate=wTr55Y46VyqmTWJEtCurdF1784275378158858065 candidate_tag=x86-tiny/gpu/nvidia
2026/07/17 10:03:13 [LB-Update] Node wTr55Y46VyqmTWJEtCurdF1784275378158858065 reported 512 MB free
2026/07/17 10:03:13 [MAB] event=reward_breakdown ts=1784275393019 policy=UCB1 function=mab_cost_aware_1784275377 arm=x86-tiny/gpu/nvidia base_tag=x86-tiny architecture=x86 specialization=tiny capabilities=[gpu,nvidia] duration_ms=3.596471 latency_reward=-1.279953 cost_weight=0.000000 cost_factor=1.600000 cost_term=0.000000 energy_weight=0.000000 energy_factor=1.800000 energy_term=0.000000 final_reward=-1.279953
2026/07/17 10:03:13 [MAB] event=update_reward ts=1784275393019 policy=UCB1 function=mab_cost_aware_1784275377 arm=x86-tiny/gpu/nvidia duration_ms=3.596471 warm_start=true reward=-1.279953 count=10 avg_reward=-1.164294 total_counts=16
2026/07/17 10:03:13 [LB] Compatible tag found: function=mab_cost_aware_1784275377 tag=x86-large/gpu/amd arch=amd64 pattern="gpu" ring_size=1
2026/07/17 10:03:13 [LB] Compatible tag found: function=mab_cost_aware_1784275377 tag=x86-tiny/gpu/nvidia arch=amd64 pattern="gpu" ring_size=1
2026/07/17 10:03:13 [LB] Compatible tags for function 'mab_cost_aware_1784275377': [x86-large/gpu/amd x86-tiny/gpu/nvidia]
2026/07/17 10:03:13 [LB][MAB] event=before_select function=mab_cost_aware_1784275377 compatible_tags=[x86-large/gpu/amd x86-tiny/gpu/nvidia] has_context=true
2026/07/17 10:03:13 [MAB] event=arm_score ts=1784275393242 policy=UCB1 function=mab_cost_aware_1784275377 arm=x86-large/gpu/amd score=-0.713714 base_score=-0.713714 count=6 avg_reward=-1.257537 exploration_bonus=0.543822 total_counts=16 utilization=0.000000 utilization_threshold=0.700000 utilization_penalty=0.000000 utilization_weight=8.000000 utilization_term=0.000000
2026/07/17 10:03:13 [MAB] event=arm_score ts=1784275393242 policy=UCB1 function=mab_cost_aware_1784275377 arm=x86-tiny/gpu/nvidia score=-0.743051 base_score=-0.743051 count=10 avg_reward=-1.164294 exploration_bonus=0.421243 total_counts=16 utilization=0.000000 utilization_threshold=0.700000 utilization_penalty=0.000000 utilization_weight=8.000000 utilization_term=0.000000
2026/07/17 10:03:13 [MAB] event=select_arm ts=1784275393242 policy=UCB1 function=mab_cost_aware_1784275377 selected_arm=x86-large/gpu/amd reason=ucb_score score=-0.713714 total_counts=16 arms=[x86-large/gpu/amd,x86-tiny/gpu/nvidia]
2026/07/17 10:03:13 [LB][MAB] event=after_select function=mab_cost_aware_1784275377 selected_tag=x86-large/gpu/amd compatible_tags=[x86-large/gpu/amd x86-tiny/gpu/nvidia]
2026/07/17 10:03:13 Candidate has: 256 MB free memory. Function needs: 128 MB
2026/07/17 10:03:13 [LB] Selected target for function 'mab_cost_aware_1784275377': target_tag=x86-large/gpu/amd candidate=Mc66k64k37PXWLjSnPv85K1784275378158161158 candidate_tag=x86-large/gpu/amd
2026/07/17 10:03:13 [LB-Update] Node Mc66k64k37PXWLjSnPv85K1784275378158161158 reported 256 MB free
2026/07/17 10:03:13 [MAB] event=reward_breakdown ts=1784275393246 policy=UCB1 function=mab_cost_aware_1784275377 arm=x86-large/gpu/amd base_tag=x86-large architecture=x86 specialization=large capabilities=[gpu,amd] duration_ms=2.952055 latency_reward=-1.082502 cost_weight=0.000000 cost_factor=1.200000 cost_term=0.000000 energy_weight=0.000000 energy_factor=1.200000 energy_term=0.000000 final_reward=-1.082502
2026/07/17 10:03:13 [MAB] event=update_reward ts=1784275393247 policy=UCB1 function=mab_cost_aware_1784275377 arm=x86-large/gpu/amd duration_ms=2.952055 warm_start=true reward=-1.082502 count=7 avg_reward=-1.232532 total_counts=17
2026/07/17 10:03:13 [LB] Compatible tag found: function=mab_cost_aware_1784275377 tag=x86-large/gpu/amd arch=amd64 pattern="gpu" ring_size=1
2026/07/17 10:03:13 [LB] Compatible tag found: function=mab_cost_aware_1784275377 tag=x86-tiny/gpu/nvidia arch=amd64 pattern="gpu" ring_size=1
2026/07/17 10:03:13 [LB] Compatible tags for function 'mab_cost_aware_1784275377': [x86-large/gpu/amd x86-tiny/gpu/nvidia]
2026/07/17 10:03:13 [LB][MAB] event=before_select function=mab_cost_aware_1784275377 compatible_tags=[x86-large/gpu/amd x86-tiny/gpu/nvidia] has_context=true
2026/07/17 10:03:13 [MAB] event=arm_score ts=1784275393469 policy=UCB1 function=mab_cost_aware_1784275377 arm=x86-large/gpu/amd score=-0.723575 base_score=-0.723575 count=7 avg_reward=-1.232532 exploration_bonus=0.508956 total_counts=17 utilization=0.000000 utilization_threshold=0.700000 utilization_penalty=0.000000 utilization_weight=8.000000 utilization_term=0.000000
2026/07/17 10:03:13 [MAB] event=arm_score ts=1784275393469 policy=UCB1 function=mab_cost_aware_1784275377 arm=x86-tiny/gpu/nvidia score=-0.738471 base_score=-0.738471 count=10 avg_reward=-1.164294 exploration_bonus=0.425824 total_counts=17 utilization=0.000000 utilization_threshold=0.700000 utilization_penalty=0.000000 utilization_weight=8.000000 utilization_term=0.000000
2026/07/17 10:03:13 [MAB] event=select_arm ts=1784275393469 policy=UCB1 function=mab_cost_aware_1784275377 selected_arm=x86-large/gpu/amd reason=ucb_score score=-0.723575 total_counts=17 arms=[x86-large/gpu/amd,x86-tiny/gpu/nvidia]
2026/07/17 10:03:13 [LB][MAB] event=after_select function=mab_cost_aware_1784275377 selected_tag=x86-large/gpu/amd compatible_tags=[x86-large/gpu/amd x86-tiny/gpu/nvidia]
2026/07/17 10:03:13 Candidate has: 256 MB free memory. Function needs: 128 MB
2026/07/17 10:03:13 [LB] Selected target for function 'mab_cost_aware_1784275377': target_tag=x86-large/gpu/amd candidate=Mc66k64k37PXWLjSnPv85K1784275378158161158 candidate_tag=x86-large/gpu/amd
2026/07/17 10:03:13 [LB-Update] Node Mc66k64k37PXWLjSnPv85K1784275378158161158 reported 256 MB free
2026/07/17 10:03:13 [MAB] event=reward_breakdown ts=1784275393473 policy=UCB1 function=mab_cost_aware_1784275377 arm=x86-large/gpu/amd base_tag=x86-large architecture=x86 specialization=large capabilities=[gpu,amd] duration_ms=3.317893 latency_reward=-1.199330 cost_weight=0.000000 cost_factor=1.200000 cost_term=0.000000 energy_weight=0.000000 energy_factor=1.200000 energy_term=0.000000 final_reward=-1.199330
2026/07/17 10:03:13 [MAB] event=update_reward ts=1784275393473 policy=UCB1 function=mab_cost_aware_1784275377 arm=x86-large/gpu/amd duration_ms=3.317893 warm_start=true reward=-1.199330 count=8 avg_reward=-1.228381 total_counts=18
2026/07/17 10:03:13 [LB] Compatible tag found: function=mab_cost_aware_1784275377 tag=x86-large/gpu/amd arch=amd64 pattern="gpu" ring_size=1
2026/07/17 10:03:13 [LB] Compatible tag found: function=mab_cost_aware_1784275377 tag=x86-tiny/gpu/nvidia arch=amd64 pattern="gpu" ring_size=1
2026/07/17 10:03:13 [LB] Compatible tags for function 'mab_cost_aware_1784275377': [x86-large/gpu/amd x86-tiny/gpu/nvidia]
2026/07/17 10:03:13 [LB][MAB] event=before_select function=mab_cost_aware_1784275377 compatible_tags=[x86-large/gpu/amd x86-tiny/gpu/nvidia] has_context=true
2026/07/17 10:03:13 [MAB] event=arm_score ts=1784275393694 policy=UCB1 function=mab_cost_aware_1784275377 arm=x86-large/gpu/amd score=-0.747518 base_score=-0.747518 count=8 avg_reward=-1.228381 exploration_bonus=0.480864 total_counts=18 utilization=0.000000 utilization_threshold=0.700000 utilization_penalty=0.000000 utilization_weight=8.000000 utilization_term=0.000000
2026/07/17 10:03:13 [MAB] event=arm_score ts=1784275393695 policy=UCB1 function=mab_cost_aware_1784275377 arm=x86-tiny/gpu/nvidia score=-0.734197 base_score=-0.734197 count=10 avg_reward=-1.164294 exploration_bonus=0.430097 total_counts=18 utilization=0.000000 utilization_threshold=0.700000 utilization_penalty=0.000000 utilization_weight=8.000000 utilization_term=0.000000
2026/07/17 10:03:13 [MAB] event=select_arm ts=1784275393695 policy=UCB1 function=mab_cost_aware_1784275377 selected_arm=x86-tiny/gpu/nvidia reason=ucb_score score=-0.734197 total_counts=18 arms=[x86-large/gpu/amd,x86-tiny/gpu/nvidia]
2026/07/17 10:03:13 [LB][MAB] event=after_select function=mab_cost_aware_1784275377 selected_tag=x86-tiny/gpu/nvidia compatible_tags=[x86-large/gpu/amd x86-tiny/gpu/nvidia]
2026/07/17 10:03:13 Candidate has: 512 MB free memory. Function needs: 128 MB
2026/07/17 10:03:13 [LB] Selected target for function 'mab_cost_aware_1784275377': target_tag=x86-tiny/gpu/nvidia candidate=wTr55Y46VyqmTWJEtCurdF1784275378158858065 candidate_tag=x86-tiny/gpu/nvidia
2026/07/17 10:03:13 [LB-Update] Node wTr55Y46VyqmTWJEtCurdF1784275378158858065 reported 512 MB free
2026/07/17 10:03:13 [MAB] event=reward_breakdown ts=1784275393698 policy=UCB1 function=mab_cost_aware_1784275377 arm=x86-tiny/gpu/nvidia base_tag=x86-tiny architecture=x86 specialization=tiny capabilities=[gpu,nvidia] duration_ms=3.159623 latency_reward=-1.150453 cost_weight=0.000000 cost_factor=1.600000 cost_term=0.000000 energy_weight=0.000000 energy_factor=1.800000 energy_term=0.000000 final_reward=-1.150453
2026/07/17 10:03:13 [MAB] event=update_reward ts=1784275393699 policy=UCB1 function=mab_cost_aware_1784275377 arm=x86-tiny/gpu/nvidia duration_ms=3.159623 warm_start=true reward=-1.150453 count=11 avg_reward=-1.163036 total_counts=19
2026/07/17 10:03:13 [LB] Compatible tag found: function=mab_cost_aware_1784275377 tag=x86-large/gpu/amd arch=amd64 pattern="gpu" ring_size=1
2026/07/17 10:03:13 [LB] Compatible tag found: function=mab_cost_aware_1784275377 tag=x86-tiny/gpu/nvidia arch=amd64 pattern="gpu" ring_size=1
2026/07/17 10:03:13 [LB] Compatible tags for function 'mab_cost_aware_1784275377': [x86-large/gpu/amd x86-tiny/gpu/nvidia]
2026/07/17 10:03:13 [LB][MAB] event=before_select function=mab_cost_aware_1784275377 compatible_tags=[x86-large/gpu/amd x86-tiny/gpu/nvidia] has_context=true
2026/07/17 10:03:13 [MAB] event=arm_score ts=1784275393920 policy=UCB1 function=mab_cost_aware_1784275377 arm=x86-large/gpu/amd score=-0.743041 base_score=-0.743041 count=8 avg_reward=-1.228381 exploration_bonus=0.485340 total_counts=19 utilization=0.000000 utilization_threshold=0.700000 utilization_penalty=0.000000 utilization_weight=8.000000 utilization_term=0.000000
2026/07/17 10:03:13 [MAB] event=arm_score ts=1784275393920 policy=UCB1 function=mab_cost_aware_1784275377 arm=x86-tiny/gpu/nvidia score=-0.749137 base_score=-0.749137 count=11 avg_reward=-1.163036 exploration_bonus=0.413900 total_counts=19 utilization=0.000000 utilization_threshold=0.700000 utilization_penalty=0.000000 utilization_weight=8.000000 utilization_term=0.000000
2026/07/17 10:03:13 [MAB] event=select_arm ts=1784275393920 policy=UCB1 function=mab_cost_aware_1784275377 selected_arm=x86-large/gpu/amd reason=ucb_score score=-0.743041 total_counts=19 arms=[x86-large/gpu/amd,x86-tiny/gpu/nvidia]
2026/07/17 10:03:13 [LB][MAB] event=after_select function=mab_cost_aware_1784275377 selected_tag=x86-large/gpu/amd compatible_tags=[x86-large/gpu/amd x86-tiny/gpu/nvidia]
2026/07/17 10:03:13 Candidate has: 256 MB free memory. Function needs: 128 MB
2026/07/17 10:03:13 [LB] Selected target for function 'mab_cost_aware_1784275377': target_tag=x86-large/gpu/amd candidate=Mc66k64k37PXWLjSnPv85K1784275378158161158 candidate_tag=x86-large/gpu/amd
2026/07/17 10:03:13 [LB-Update] Node Mc66k64k37PXWLjSnPv85K1784275378158161158 reported 256 MB free
2026/07/17 10:03:13 [MAB] event=reward_breakdown ts=1784275393924 policy=UCB1 function=mab_cost_aware_1784275377 arm=x86-large/gpu/amd base_tag=x86-large architecture=x86 specialization=large capabilities=[gpu,amd] duration_ms=3.237770 latency_reward=-1.174885 cost_weight=0.000000 cost_factor=1.200000 cost_term=0.000000 energy_weight=0.000000 energy_factor=1.200000 energy_term=0.000000 final_reward=-1.174885
2026/07/17 10:03:13 [MAB] event=update_reward ts=1784275393924 policy=UCB1 function=mab_cost_aware_1784275377 arm=x86-large/gpu/amd duration_ms=3.237770 warm_start=true reward=-1.174885 count=9 avg_reward=-1.222437 total_counts=20
2026/07/17 10:03:14 [LB] Compatible tag found: function=mab_cost_aware_1784275377 tag=x86-large/gpu/amd arch=amd64 pattern="gpu" ring_size=1
2026/07/17 10:03:14 [LB] Compatible tag found: function=mab_cost_aware_1784275377 tag=x86-tiny/gpu/nvidia arch=amd64 pattern="gpu" ring_size=1
2026/07/17 10:03:14 [LB] Compatible tags for function 'mab_cost_aware_1784275377': [x86-large/gpu/amd x86-tiny/gpu/nvidia]
2026/07/17 10:03:14 [LB][MAB] event=before_select function=mab_cost_aware_1784275377 compatible_tags=[x86-large/gpu/amd x86-tiny/gpu/nvidia] has_context=true
2026/07/17 10:03:14 [MAB] event=arm_score ts=1784275394145 policy=UCB1 function=mab_cost_aware_1784275377 arm=x86-large/gpu/amd score=-0.760886 base_score=-0.760886 count=9 avg_reward=-1.222437 exploration_bonus=0.461552 total_counts=20 utilization=0.000000 utilization_threshold=0.700000 utilization_penalty=0.000000 utilization_weight=8.000000 utilization_term=0.000000
2026/07/17 10:03:14 [MAB] event=arm_score ts=1784275394145 policy=UCB1 function=mab_cost_aware_1784275377 arm=x86-tiny/gpu/nvidia score=-0.745547 base_score=-0.745547 count=11 avg_reward=-1.163036 exploration_bonus=0.417489 total_counts=20 utilization=0.000000 utilization_threshold=0.700000 utilization_penalty=0.000000 utilization_weight=8.000000 utilization_term=0.000000
2026/07/17 10:03:14 [MAB] event=select_arm ts=1784275394145 policy=UCB1 function=mab_cost_aware_1784275377 selected_arm=x86-tiny/gpu/nvidia reason=ucb_score score=-0.745547 total_counts=20 arms=[x86-large/gpu/amd,x86-tiny/gpu/nvidia]
2026/07/17 10:03:14 [LB][MAB] event=after_select function=mab_cost_aware_1784275377 selected_tag=x86-tiny/gpu/nvidia compatible_tags=[x86-large/gpu/amd x86-tiny/gpu/nvidia]
2026/07/17 10:03:14 Candidate has: 512 MB free memory. Function needs: 128 MB
2026/07/17 10:03:14 [LB] Selected target for function 'mab_cost_aware_1784275377': target_tag=x86-tiny/gpu/nvidia candidate=wTr55Y46VyqmTWJEtCurdF1784275378158858065 candidate_tag=x86-tiny/gpu/nvidia
2026/07/17 10:03:14 [LB-Update] Node wTr55Y46VyqmTWJEtCurdF1784275378158858065 reported 512 MB free
2026/07/17 10:03:14 [MAB] event=reward_breakdown ts=1784275394150 policy=UCB1 function=mab_cost_aware_1784275377 arm=x86-tiny/gpu/nvidia base_tag=x86-tiny architecture=x86 specialization=tiny capabilities=[gpu,nvidia] duration_ms=3.799176 latency_reward=-1.334784 cost_weight=0.000000 cost_factor=1.600000 cost_term=0.000000 energy_weight=0.000000 energy_factor=1.800000 energy_term=0.000000 final_reward=-1.334784
2026/07/17 10:03:14 [MAB] event=update_reward ts=1784275394150 policy=UCB1 function=mab_cost_aware_1784275377 arm=x86-tiny/gpu/nvidia duration_ms=3.799176 warm_start=true reward=-1.334784 count=12 avg_reward=-1.177348 total_counts=21
2026/07/17 10:03:14 [LB] Compatible tag found: function=mab_cost_aware_1784275377 tag=x86-large/gpu/amd arch=amd64 pattern="gpu" ring_size=1
2026/07/17 10:03:14 [LB] Compatible tag found: function=mab_cost_aware_1784275377 tag=x86-tiny/gpu/nvidia arch=amd64 pattern="gpu" ring_size=1
2026/07/17 10:03:14 [LB] Compatible tags for function 'mab_cost_aware_1784275377': [x86-large/gpu/amd x86-tiny/gpu/nvidia]
2026/07/17 10:03:14 [LB][MAB] event=before_select function=mab_cost_aware_1784275377 compatible_tags=[x86-large/gpu/amd x86-tiny/gpu/nvidia] has_context=true
2026/07/17 10:03:14 [MAB] event=arm_score ts=1784275394374 policy=UCB1 function=mab_cost_aware_1784275377 arm=x86-large/gpu/amd score=-0.757142 base_score=-0.757142 count=9 avg_reward=-1.222437 exploration_bonus=0.465295 total_counts=21 utilization=0.000000 utilization_threshold=0.700000 utilization_penalty=0.000000 utilization_weight=8.000000 utilization_term=0.000000
2026/07/17 10:03:14 [MAB] event=arm_score ts=1784275394374 policy=UCB1 function=mab_cost_aware_1784275377 arm=x86-tiny/gpu/nvidia score=-0.774391 base_score=-0.774391 count=12 avg_reward=-1.177348 exploration_bonus=0.402957 total_counts=21 utilization=0.000000 utilization_threshold=0.700000 utilization_penalty=0.000000 utilization_weight=8.000000 utilization_term=0.000000
2026/07/17 10:03:14 [MAB] event=select_arm ts=1784275394374 policy=UCB1 function=mab_cost_aware_1784275377 selected_arm=x86-large/gpu/amd reason=ucb_score score=-0.757142 total_counts=21 arms=[x86-large/gpu/amd,x86-tiny/gpu/nvidia]
2026/07/17 10:03:14 [LB][MAB] event=after_select function=mab_cost_aware_1784275377 selected_tag=x86-large/gpu/amd compatible_tags=[x86-large/gpu/amd x86-tiny/gpu/nvidia]
2026/07/17 10:03:14 Candidate has: 256 MB free memory. Function needs: 128 MB
2026/07/17 10:03:14 [LB] Selected target for function 'mab_cost_aware_1784275377': target_tag=x86-large/gpu/amd candidate=Mc66k64k37PXWLjSnPv85K1784275378158161158 candidate_tag=x86-large/gpu/amd
2026/07/17 10:03:14 [LB-Update] Node Mc66k64k37PXWLjSnPv85K1784275378158161158 reported 256 MB free
2026/07/17 10:03:14 [MAB] event=reward_breakdown ts=1784275394379 policy=UCB1 function=mab_cost_aware_1784275377 arm=x86-large/gpu/amd base_tag=x86-large architecture=x86 specialization=large capabilities=[gpu,amd] duration_ms=3.460775 latency_reward=-1.241493 cost_weight=0.000000 cost_factor=1.200000 cost_term=0.000000 energy_weight=0.000000 energy_factor=1.200000 energy_term=0.000000 final_reward=-1.241493
2026/07/17 10:03:14 [MAB] event=update_reward ts=1784275394379 policy=UCB1 function=mab_cost_aware_1784275377 arm=x86-large/gpu/amd duration_ms=3.460775 warm_start=true reward=-1.241493 count=10 avg_reward=-1.224343 total_counts=22
2026/07/17 10:03:14 [LB] Compatible tag found: function=mab_cost_aware_1784275377 tag=x86-large/gpu/amd arch=amd64 pattern="gpu" ring_size=1
2026/07/17 10:03:14 [LB] Compatible tag found: function=mab_cost_aware_1784275377 tag=x86-tiny/gpu/nvidia arch=amd64 pattern="gpu" ring_size=1
2026/07/17 10:03:14 [LB] Compatible tags for function 'mab_cost_aware_1784275377': [x86-large/gpu/amd x86-tiny/gpu/nvidia]
2026/07/17 10:03:14 [LB][MAB] event=before_select function=mab_cost_aware_1784275377 compatible_tags=[x86-large/gpu/amd x86-tiny/gpu/nvidia] has_context=true
2026/07/17 10:03:14 [MAB] event=arm_score ts=1784275394599 policy=UCB1 function=mab_cost_aware_1784275377 arm=x86-large/gpu/amd score=-0.779566 base_score=-0.779566 count=10 avg_reward=-1.224343 exploration_bonus=0.444777 total_counts=22 utilization=0.000000 utilization_threshold=0.700000 utilization_penalty=0.000000 utilization_weight=8.000000 utilization_term=0.000000
2026/07/17 10:03:14 [MAB] event=arm_score ts=1784275394599 policy=UCB1 function=mab_cost_aware_1784275377 arm=x86-tiny/gpu/nvidia score=-0.771324 base_score=-0.771324 count=12 avg_reward=-1.177348 exploration_bonus=0.406024 total_counts=22 utilization=0.000000 utilization_threshold=0.700000 utilization_penalty=0.000000 utilization_weight=8.000000 utilization_term=0.000000
2026/07/17 10:03:14 [MAB] event=select_arm ts=1784275394599 policy=UCB1 function=mab_cost_aware_1784275377 selected_arm=x86-tiny/gpu/nvidia reason=ucb_score score=-0.771324 total_counts=22 arms=[x86-large/gpu/amd,x86-tiny/gpu/nvidia]
2026/07/17 10:03:14 [LB][MAB] event=after_select function=mab_cost_aware_1784275377 selected_tag=x86-tiny/gpu/nvidia compatible_tags=[x86-large/gpu/amd x86-tiny/gpu/nvidia]
2026/07/17 10:03:14 Candidate has: 512 MB free memory. Function needs: 128 MB
2026/07/17 10:03:14 [LB] Selected target for function 'mab_cost_aware_1784275377': target_tag=x86-tiny/gpu/nvidia candidate=wTr55Y46VyqmTWJEtCurdF1784275378158858065 candidate_tag=x86-tiny/gpu/nvidia
2026/07/17 10:03:14 [LB-Update] Node wTr55Y46VyqmTWJEtCurdF1784275378158858065 reported 512 MB free
2026/07/17 10:03:14 [MAB] event=reward_breakdown ts=1784275394603 policy=UCB1 function=mab_cost_aware_1784275377 arm=x86-tiny/gpu/nvidia base_tag=x86-tiny architecture=x86 specialization=tiny capabilities=[gpu,nvidia] duration_ms=3.035273 latency_reward=-1.110301 cost_weight=0.000000 cost_factor=1.600000 cost_term=0.000000 energy_weight=0.000000 energy_factor=1.800000 energy_term=0.000000 final_reward=-1.110301
2026/07/17 10:03:14 [MAB] event=update_reward ts=1784275394603 policy=UCB1 function=mab_cost_aware_1784275377 arm=x86-tiny/gpu/nvidia duration_ms=3.035273 warm_start=true reward=-1.110301 count=13 avg_reward=-1.172191 total_counts=23
2026/07/17 10:03:14 [LB] Compatible tag found: function=mab_cost_aware_1784275377 tag=x86-large/gpu/amd arch=amd64 pattern="gpu" ring_size=1
2026/07/17 10:03:14 [LB] Compatible tag found: function=mab_cost_aware_1784275377 tag=x86-tiny/gpu/nvidia arch=amd64 pattern="gpu" ring_size=1
2026/07/17 10:03:14 [LB] Compatible tags for function 'mab_cost_aware_1784275377': [x86-large/gpu/amd x86-tiny/gpu/nvidia]
2026/07/17 10:03:14 [LB][MAB] event=before_select function=mab_cost_aware_1784275377 compatible_tags=[x86-large/gpu/amd x86-tiny/gpu/nvidia] has_context=true
2026/07/17 10:03:14 [MAB] event=arm_score ts=1784275394822 policy=UCB1 function=mab_cost_aware_1784275377 arm=x86-large/gpu/amd score=-0.776379 base_score=-0.776379 count=10 avg_reward=-1.224343 exploration_bonus=0.447964 total_counts=23 utilization=0.000000 utilization_threshold=0.700000 utilization_penalty=0.000000 utilization_weight=8.000000 utilization_term=0.000000
2026/07/17 10:03:14 [MAB] event=arm_score ts=1784275394822 policy=UCB1 function=mab_cost_aware_1784275377 arm=x86-tiny/gpu/nvidia score=-0.779301 base_score=-0.779301 count=13 avg_reward=-1.172191 exploration_bonus=0.392890 total_counts=23 utilization=0.000000 utilization_threshold=0.700000 utilization_penalty=0.000000 utilization_weight=8.000000 utilization_term=0.000000
2026/07/17 10:03:14 [MAB] event=select_arm ts=1784275394822 policy=UCB1 function=mab_cost_aware_1784275377 selected_arm=x86-large/gpu/amd reason=ucb_score score=-0.776379 total_counts=23 arms=[x86-large/gpu/amd,x86-tiny/gpu/nvidia]
2026/07/17 10:03:14 [LB][MAB] event=after_select function=mab_cost_aware_1784275377 selected_tag=x86-large/gpu/amd compatible_tags=[x86-large/gpu/amd x86-tiny/gpu/nvidia]
2026/07/17 10:03:14 Candidate has: 256 MB free memory. Function needs: 128 MB
2026/07/17 10:03:14 [LB] Selected target for function 'mab_cost_aware_1784275377': target_tag=x86-large/gpu/amd candidate=Mc66k64k37PXWLjSnPv85K1784275378158161158 candidate_tag=x86-large/gpu/amd
2026/07/17 10:03:14 [LB-Update] Node Mc66k64k37PXWLjSnPv85K1784275378158161158 reported 256 MB free
2026/07/17 10:03:14 [MAB] event=reward_breakdown ts=1784275394826 policy=UCB1 function=mab_cost_aware_1784275377 arm=x86-large/gpu/amd base_tag=x86-large architecture=x86 specialization=large capabilities=[gpu,amd] duration_ms=3.146529 latency_reward=-1.146300 cost_weight=0.000000 cost_factor=1.200000 cost_term=0.000000 energy_weight=0.000000 energy_factor=1.200000 energy_term=0.000000 final_reward=-1.146300
2026/07/17 10:03:14 [MAB] event=update_reward ts=1784275394826 policy=UCB1 function=mab_cost_aware_1784275377 arm=x86-large/gpu/amd duration_ms=3.146529 warm_start=true reward=-1.146300 count=11 avg_reward=-1.217248 total_counts=24
2026/07/17 10:03:15 [LB] Compatible tag found: function=mab_cost_aware_1784275377 tag=x86-large/gpu/amd arch=amd64 pattern="gpu" ring_size=1
2026/07/17 10:03:15 [LB] Compatible tag found: function=mab_cost_aware_1784275377 tag=x86-tiny/gpu/nvidia arch=amd64 pattern="gpu" ring_size=1
2026/07/17 10:03:15 [LB] Compatible tags for function 'mab_cost_aware_1784275377': [x86-large/gpu/amd x86-tiny/gpu/nvidia]
2026/07/17 10:03:15 [LB][MAB] event=before_select function=mab_cost_aware_1784275377 compatible_tags=[x86-large/gpu/amd x86-tiny/gpu/nvidia] has_context=true
2026/07/17 10:03:15 [MAB] event=arm_score ts=1784275395047 policy=UCB1 function=mab_cost_aware_1784275377 arm=x86-large/gpu/amd score=-0.787242 base_score=-0.787242 count=11 avg_reward=-1.217248 exploration_bonus=0.430006 total_counts=24 utilization=0.000000 utilization_threshold=0.700000 utilization_penalty=0.000000 utilization_weight=8.000000 utilization_term=0.000000
2026/07/17 10:03:15 [MAB] event=arm_score ts=1784275395047 policy=UCB1 function=mab_cost_aware_1784275377 arm=x86-tiny/gpu/nvidia score=-0.776643 base_score=-0.776643 count=13 avg_reward=-1.172191 exploration_bonus=0.395548 total_counts=24 utilization=0.000000 utilization_threshold=0.700000 utilization_penalty=0.000000 utilization_weight=8.000000 utilization_term=0.000000
2026/07/17 10:03:15 [MAB] event=select_arm ts=1784275395047 policy=UCB1 function=mab_cost_aware_1784275377 selected_arm=x86-tiny/gpu/nvidia reason=ucb_score score=-0.776643 total_counts=24 arms=[x86-large/gpu/amd,x86-tiny/gpu/nvidia]
2026/07/17 10:03:15 [LB][MAB] event=after_select function=mab_cost_aware_1784275377 selected_tag=x86-tiny/gpu/nvidia compatible_tags=[x86-large/gpu/amd x86-tiny/gpu/nvidia]
2026/07/17 10:03:15 Candidate has: 512 MB free memory. Function needs: 128 MB
2026/07/17 10:03:15 [LB] Selected target for function 'mab_cost_aware_1784275377': target_tag=x86-tiny/gpu/nvidia candidate=wTr55Y46VyqmTWJEtCurdF1784275378158858065 candidate_tag=x86-tiny/gpu/nvidia
2026/07/17 10:03:15 [LB-Update] Node wTr55Y46VyqmTWJEtCurdF1784275378158858065 reported 512 MB free
2026/07/17 10:03:15 [MAB] event=reward_breakdown ts=1784275395051 policy=UCB1 function=mab_cost_aware_1784275377 arm=x86-tiny/gpu/nvidia base_tag=x86-tiny architecture=x86 specialization=tiny capabilities=[gpu,nvidia] duration_ms=3.258870 latency_reward=-1.181381 cost_weight=0.000000 cost_factor=1.600000 cost_term=0.000000 energy_weight=0.000000 energy_factor=1.800000 energy_term=0.000000 final_reward=-1.181381
2026/07/17 10:03:15 [MAB] event=update_reward ts=1784275395051 policy=UCB1 function=mab_cost_aware_1784275377 arm=x86-tiny/gpu/nvidia duration_ms=3.258870 warm_start=true reward=-1.181381 count=14 avg_reward=-1.172847 total_counts=25
2026/07/17 10:03:15 [LB]: Periodic targets update
2026/07/17 10:03:15 Found target: d9vVFs4fj97ZcEYU4FWAB51784275378161673878
2026/07/17 10:03:15 Found target: Mc66k64k37PXWLjSnPv85K1784275378158161158
2026/07/17 10:03:15 Found target: Av5rdunwxRZpxaTW9hGx8P1784275378156333978
2026/07/17 10:03:15 Found target: wTr55Y46VyqmTWJEtCurdF1784275378158858065
2026/07/17 10:03:15 Found 4 targets
2026/07/17 10:03:15 [LB] Compatible tag found: function=mab_cost_aware_1784275377 tag=x86-large/gpu/amd arch=amd64 pattern="gpu" ring_size=1
2026/07/17 10:03:15 [LB] Compatible tag found: function=mab_cost_aware_1784275377 tag=x86-tiny/gpu/nvidia arch=amd64 pattern="gpu" ring_size=1
2026/07/17 10:03:15 [LB] Compatible tags for function 'mab_cost_aware_1784275377': [x86-large/gpu/amd x86-tiny/gpu/nvidia]
2026/07/17 10:03:15 [LB][MAB] event=before_select function=mab_cost_aware_1784275377 compatible_tags=[x86-large/gpu/amd x86-tiny/gpu/nvidia] has_context=true
2026/07/17 10:03:15 [MAB] event=arm_score ts=1784275395270 policy=UCB1 function=mab_cost_aware_1784275377 arm=x86-large/gpu/amd score=-0.784489 base_score=-0.784489 count=11 avg_reward=-1.217248 exploration_bonus=0.432759 total_counts=25 utilization=0.000000 utilization_threshold=0.700000 utilization_penalty=0.000000 utilization_weight=8.000000 utilization_term=0.000000
2026/07/17 10:03:15 [MAB] event=arm_score ts=1784275395270 policy=UCB1 function=mab_cost_aware_1784275377 arm=x86-tiny/gpu/nvidia score=-0.789248 base_score=-0.789248 count=14 avg_reward=-1.172847 exploration_bonus=0.383600 total_counts=25 utilization=0.000000 utilization_threshold=0.700000 utilization_penalty=0.000000 utilization_weight=8.000000 utilization_term=0.000000
2026/07/17 10:03:15 [MAB] event=select_arm ts=1784275395270 policy=UCB1 function=mab_cost_aware_1784275377 selected_arm=x86-large/gpu/amd reason=ucb_score score=-0.784489 total_counts=25 arms=[x86-large/gpu/amd,x86-tiny/gpu/nvidia]
2026/07/17 10:03:15 [LB][MAB] event=after_select function=mab_cost_aware_1784275377 selected_tag=x86-large/gpu/amd compatible_tags=[x86-large/gpu/amd x86-tiny/gpu/nvidia]
2026/07/17 10:03:15 Candidate has: 256 MB free memory. Function needs: 128 MB
2026/07/17 10:03:15 [LB] Selected target for function 'mab_cost_aware_1784275377': target_tag=x86-large/gpu/amd candidate=Mc66k64k37PXWLjSnPv85K1784275378158161158 candidate_tag=x86-large/gpu/amd
2026/07/17 10:03:15 [LB-Update] Node Mc66k64k37PXWLjSnPv85K1784275378158161158 reported 256 MB free
2026/07/17 10:03:15 [MAB] event=reward_breakdown ts=1784275395274 policy=UCB1 function=mab_cost_aware_1784275377 arm=x86-large/gpu/amd base_tag=x86-large architecture=x86 specialization=large capabilities=[gpu,amd] duration_ms=3.218575 latency_reward=-1.168939 cost_weight=0.000000 cost_factor=1.200000 cost_term=0.000000 energy_weight=0.000000 energy_factor=1.200000 energy_term=0.000000 final_reward=-1.168939
2026/07/17 10:03:15 [MAB] event=update_reward ts=1784275395274 policy=UCB1 function=mab_cost_aware_1784275377 arm=x86-large/gpu/amd duration_ms=3.218575 warm_start=true reward=-1.168939 count=12 avg_reward=-1.213222 total_counts=26
2026/07/17 10:03:15 [LB] Compatible tag found: function=mab_cost_aware_1784275377 tag=x86-large/gpu/amd arch=amd64 pattern="gpu" ring_size=1
2026/07/17 10:03:15 [LB] Compatible tag found: function=mab_cost_aware_1784275377 tag=x86-tiny/gpu/nvidia arch=amd64 pattern="gpu" ring_size=1
2026/07/17 10:03:15 [LB] Compatible tags for function 'mab_cost_aware_1784275377': [x86-large/gpu/amd x86-tiny/gpu/nvidia]
2026/07/17 10:03:15 [LB][MAB] event=before_select function=mab_cost_aware_1784275377 compatible_tags=[x86-large/gpu/amd x86-tiny/gpu/nvidia] has_context=true
2026/07/17 10:03:15 [MAB] event=arm_score ts=1784275395496 policy=UCB1 function=mab_cost_aware_1784275377 arm=x86-large/gpu/amd score=-0.796371 base_score=-0.796371 count=12 avg_reward=-1.213222 exploration_bonus=0.416851 total_counts=26 utilization=0.000000 utilization_threshold=0.700000 utilization_penalty=0.000000 utilization_weight=8.000000 utilization_term=0.000000
2026/07/17 10:03:15 [MAB] event=arm_score ts=1784275395496 policy=UCB1 function=mab_cost_aware_1784275377 arm=x86-tiny/gpu/nvidia score=-0.786918 base_score=-0.786918 count=14 avg_reward=-1.172847 exploration_bonus=0.385929 total_counts=26 utilization=0.000000 utilization_threshold=0.700000 utilization_penalty=0.000000 utilization_weight=8.000000 utilization_term=0.000000
2026/07/17 10:03:15 [MAB] event=select_arm ts=1784275395496 policy=UCB1 function=mab_cost_aware_1784275377 selected_arm=x86-tiny/gpu/nvidia reason=ucb_score score=-0.786918 total_counts=26 arms=[x86-large/gpu/amd,x86-tiny/gpu/nvidia]
2026/07/17 10:03:15 [LB][MAB] event=after_select function=mab_cost_aware_1784275377 selected_tag=x86-tiny/gpu/nvidia compatible_tags=[x86-large/gpu/amd x86-tiny/gpu/nvidia]
2026/07/17 10:03:15 Candidate has: 512 MB free memory. Function needs: 128 MB
2026/07/17 10:03:15 [LB] Selected target for function 'mab_cost_aware_1784275377': target_tag=x86-tiny/gpu/nvidia candidate=wTr55Y46VyqmTWJEtCurdF1784275378158858065 candidate_tag=x86-tiny/gpu/nvidia
2026/07/17 10:03:15 [LB-Update] Node wTr55Y46VyqmTWJEtCurdF1784275378158858065 reported 512 MB free
2026/07/17 10:03:15 [MAB] event=reward_breakdown ts=1784275395500 policy=UCB1 function=mab_cost_aware_1784275377 arm=x86-tiny/gpu/nvidia base_tag=x86-tiny architecture=x86 specialization=tiny capabilities=[gpu,nvidia] duration_ms=3.215661 latency_reward=-1.168033 cost_weight=0.000000 cost_factor=1.600000 cost_term=0.000000 energy_weight=0.000000 energy_factor=1.800000 energy_term=0.000000 final_reward=-1.168033
2026/07/17 10:03:15 [MAB] event=update_reward ts=1784275395500 policy=UCB1 function=mab_cost_aware_1784275377 arm=x86-tiny/gpu/nvidia duration_ms=3.215661 warm_start=true reward=-1.168033 count=15 avg_reward=-1.172526 total_counts=27
2026/07/17 10:03:15 [LB] Compatible tag found: function=mab_cost_aware_1784275377 tag=x86-large/gpu/amd arch=amd64 pattern="gpu" ring_size=1
2026/07/17 10:03:15 [LB] Compatible tag found: function=mab_cost_aware_1784275377 tag=x86-tiny/gpu/nvidia arch=amd64 pattern="gpu" ring_size=1
2026/07/17 10:03:15 [LB] Compatible tags for function 'mab_cost_aware_1784275377': [x86-large/gpu/amd x86-tiny/gpu/nvidia]
2026/07/17 10:03:15 [LB][MAB] event=before_select function=mab_cost_aware_1784275377 compatible_tags=[x86-large/gpu/amd x86-tiny/gpu/nvidia] has_context=true
2026/07/17 10:03:15 [MAB] event=arm_score ts=1784275395719 policy=UCB1 function=mab_cost_aware_1784275377 arm=x86-large/gpu/amd score=-0.793963 base_score=-0.793963 count=12 avg_reward=-1.213222 exploration_bonus=0.419259 total_counts=27 utilization=0.000000 utilization_threshold=0.700000 utilization_penalty=0.000000 utilization_weight=8.000000 utilization_term=0.000000
2026/07/17 10:03:15 [MAB] event=arm_score ts=1784275395719 policy=UCB1 function=mab_cost_aware_1784275377 arm=x86-tiny/gpu/nvidia score=-0.797530 base_score=-0.797530 count=15 avg_reward=-1.172526 exploration_bonus=0.374996 total_counts=27 utilization=0.000000 utilization_threshold=0.700000 utilization_penalty=0.000000 utilization_weight=8.000000 utilization_term=0.000000
2026/07/17 10:03:15 [MAB] event=select_arm ts=1784275395719 policy=UCB1 function=mab_cost_aware_1784275377 selected_arm=x86-large/gpu/amd reason=ucb_score score=-0.793963 total_counts=27 arms=[x86-large/gpu/amd,x86-tiny/gpu/nvidia]
2026/07/17 10:03:15 [LB][MAB] event=after_select function=mab_cost_aware_1784275377 selected_tag=x86-large/gpu/amd compatible_tags=[x86-large/gpu/amd x86-tiny/gpu/nvidia]
2026/07/17 10:03:15 Candidate has: 256 MB free memory. Function needs: 128 MB
2026/07/17 10:03:15 [LB] Selected target for function 'mab_cost_aware_1784275377': target_tag=x86-large/gpu/amd candidate=Mc66k64k37PXWLjSnPv85K1784275378158161158 candidate_tag=x86-large/gpu/amd
2026/07/17 10:03:15 [LB-Update] Node Mc66k64k37PXWLjSnPv85K1784275378158161158 reported 256 MB free
2026/07/17 10:03:15 [MAB] event=reward_breakdown ts=1784275395723 policy=UCB1 function=mab_cost_aware_1784275377 arm=x86-large/gpu/amd base_tag=x86-large architecture=x86 specialization=large capabilities=[gpu,amd] duration_ms=3.269249 latency_reward=-1.184560 cost_weight=0.000000 cost_factor=1.200000 cost_term=0.000000 energy_weight=0.000000 energy_factor=1.200000 energy_term=0.000000 final_reward=-1.184560
2026/07/17 10:03:15 [MAB] event=update_reward ts=1784275395723 policy=UCB1 function=mab_cost_aware_1784275377 arm=x86-large/gpu/amd duration_ms=3.269249 warm_start=true reward=-1.184560 count=13 avg_reward=-1.211017 total_counts=28
2026/07/17 10:03:15 [LB] Compatible tag found: function=mab_cost_aware_1784275377 tag=x86-large/gpu/amd arch=amd64 pattern="gpu" ring_size=1
2026/07/17 10:03:15 [LB] Compatible tag found: function=mab_cost_aware_1784275377 tag=x86-tiny/gpu/nvidia arch=amd64 pattern="gpu" ring_size=1
2026/07/17 10:03:15 [LB] Compatible tags for function 'mab_cost_aware_1784275377': [x86-large/gpu/amd x86-tiny/gpu/nvidia]
2026/07/17 10:03:15 [LB][MAB] event=before_select function=mab_cost_aware_1784275377 compatible_tags=[x86-large/gpu/amd x86-tiny/gpu/nvidia] has_context=true
2026/07/17 10:03:15 [MAB] event=arm_score ts=1784275395945 policy=UCB1 function=mab_cost_aware_1784275377 arm=x86-large/gpu/amd score=-0.805990 base_score=-0.805990 count=13 avg_reward=-1.211017 exploration_bonus=0.405027 total_counts=28 utilization=0.000000 utilization_threshold=0.700000 utilization_penalty=0.000000 utilization_weight=8.000000 utilization_term=0.000000
2026/07/17 10:03:15 [MAB] event=arm_score ts=1784275395945 policy=UCB1 function=mab_cost_aware_1784275377 arm=x86-tiny/gpu/nvidia score=-0.795467 base_score=-0.795467 count=15 avg_reward=-1.172526 exploration_bonus=0.377060 total_counts=28 utilization=0.000000 utilization_threshold=0.700000 utilization_penalty=0.000000 utilization_weight=8.000000 utilization_term=0.000000
2026/07/17 10:03:15 [MAB] event=select_arm ts=1784275395945 policy=UCB1 function=mab_cost_aware_1784275377 selected_arm=x86-tiny/gpu/nvidia reason=ucb_score score=-0.795467 total_counts=28 arms=[x86-large/gpu/amd,x86-tiny/gpu/nvidia]
2026/07/17 10:03:15 [LB][MAB] event=after_select function=mab_cost_aware_1784275377 selected_tag=x86-tiny/gpu/nvidia compatible_tags=[x86-large/gpu/amd x86-tiny/gpu/nvidia]
2026/07/17 10:03:15 Candidate has: 512 MB free memory. Function needs: 128 MB
2026/07/17 10:03:15 [LB] Selected target for function 'mab_cost_aware_1784275377': target_tag=x86-tiny/gpu/nvidia candidate=wTr55Y46VyqmTWJEtCurdF1784275378158858065 candidate_tag=x86-tiny/gpu/nvidia
2026/07/17 10:03:15 [LB-Update] Node wTr55Y46VyqmTWJEtCurdF1784275378158858065 reported 512 MB free
2026/07/17 10:03:15 [MAB] event=reward_breakdown ts=1784275395949 policy=UCB1 function=mab_cost_aware_1784275377 arm=x86-tiny/gpu/nvidia base_tag=x86-tiny architecture=x86 specialization=tiny capabilities=[gpu,nvidia] duration_ms=2.985649 latency_reward=-1.093817 cost_weight=0.000000 cost_factor=1.600000 cost_term=0.000000 energy_weight=0.000000 energy_factor=1.800000 energy_term=0.000000 final_reward=-1.093817
2026/07/17 10:03:15 [MAB] event=update_reward ts=1784275395949 policy=UCB1 function=mab_cost_aware_1784275377 arm=x86-tiny/gpu/nvidia duration_ms=2.985649 warm_start=true reward=-1.093817 count=16 avg_reward=-1.167607 total_counts=29
2026/07/17 10:03:16 [LB] Compatible tag found: function=mab_cost_aware_1784275377 tag=x86-large/gpu/amd arch=amd64 pattern="gpu" ring_size=1
2026/07/17 10:03:16 [LB] Compatible tag found: function=mab_cost_aware_1784275377 tag=x86-tiny/gpu/nvidia arch=amd64 pattern="gpu" ring_size=1
2026/07/17 10:03:16 [LB] Compatible tags for function 'mab_cost_aware_1784275377': [x86-large/gpu/amd x86-tiny/gpu/nvidia]
2026/07/17 10:03:16 [LB][MAB] event=before_select function=mab_cost_aware_1784275377 compatible_tags=[x86-large/gpu/amd x86-tiny/gpu/nvidia] has_context=true
2026/07/17 10:03:16 [MAB] event=arm_score ts=1784275396168 policy=UCB1 function=mab_cost_aware_1784275377 arm=x86-large/gpu/amd score=-0.803863 base_score=-0.803863 count=13 avg_reward=-1.211017 exploration_bonus=0.407154 total_counts=29 utilization=0.000000 utilization_threshold=0.700000 utilization_penalty=0.000000 utilization_weight=8.000000 utilization_term=0.000000
2026/07/17 10:03:16 [MAB] event=arm_score ts=1784275396168 policy=UCB1 function=mab_cost_aware_1784275377 arm=x86-tiny/gpu/nvidia score=-0.800603 base_score=-0.800603 count=16 avg_reward=-1.167607 exploration_bonus=0.367004 total_counts=29 utilization=0.000000 utilization_threshold=0.700000 utilization_penalty=0.000000 utilization_weight=8.000000 utilization_term=0.000000
2026/07/17 10:03:16 [MAB] event=select_arm ts=1784275396168 policy=UCB1 function=mab_cost_aware_1784275377 selected_arm=x86-tiny/gpu/nvidia reason=ucb_score score=-0.800603 total_counts=29 arms=[x86-large/gpu/amd,x86-tiny/gpu/nvidia]
2026/07/17 10:03:16 [LB][MAB] event=after_select function=mab_cost_aware_1784275377 selected_tag=x86-tiny/gpu/nvidia compatible_tags=[x86-large/gpu/amd x86-tiny/gpu/nvidia]
2026/07/17 10:03:16 Candidate has: 512 MB free memory. Function needs: 128 MB
2026/07/17 10:03:16 [LB] Selected target for function 'mab_cost_aware_1784275377': target_tag=x86-tiny/gpu/nvidia candidate=wTr55Y46VyqmTWJEtCurdF1784275378158858065 candidate_tag=x86-tiny/gpu/nvidia
2026/07/17 10:03:16 [LB-Update] Node wTr55Y46VyqmTWJEtCurdF1784275378158858065 reported 512 MB free
2026/07/17 10:03:16 [MAB] event=reward_breakdown ts=1784275396173 policy=UCB1 function=mab_cost_aware_1784275377 arm=x86-tiny/gpu/nvidia base_tag=x86-tiny architecture=x86 specialization=tiny capabilities=[gpu,nvidia] duration_ms=3.319187 latency_reward=-1.199720 cost_weight=0.000000 cost_factor=1.600000 cost_term=0.000000 energy_weight=0.000000 energy_factor=1.800000 energy_term=0.000000 final_reward=-1.199720
2026/07/17 10:03:16 [MAB] event=update_reward ts=1784275396173 policy=UCB1 function=mab_cost_aware_1784275377 arm=x86-tiny/gpu/nvidia duration_ms=3.319187 warm_start=true reward=-1.199720 count=17 avg_reward=-1.169496 total_counts=30
2026/07/17 10:03:16 [LB] Compatible tag found: function=mab_cost_aware_1784275377 tag=x86-large/gpu/amd arch=amd64 pattern="gpu" ring_size=1
2026/07/17 10:03:16 [LB] Compatible tag found: function=mab_cost_aware_1784275377 tag=x86-tiny/gpu/nvidia arch=amd64 pattern="gpu" ring_size=1
2026/07/17 10:03:16 [LB] Compatible tags for function 'mab_cost_aware_1784275377': [x86-large/gpu/amd x86-tiny/gpu/nvidia]
2026/07/17 10:03:16 [LB][MAB] event=before_select function=mab_cost_aware_1784275377 compatible_tags=[x86-large/gpu/amd x86-tiny/gpu/nvidia] has_context=true
2026/07/17 10:03:16 [MAB] event=arm_score ts=1784275396395 policy=UCB1 function=mab_cost_aware_1784275377 arm=x86-large/gpu/amd score=-0.801819 base_score=-0.801819 count=13 avg_reward=-1.211017 exploration_bonus=0.409199 total_counts=30 utilization=0.000000 utilization_threshold=0.700000 utilization_penalty=0.000000 utilization_weight=8.000000 utilization_term=0.000000
2026/07/17 10:03:16 [MAB] event=arm_score ts=1784275396395 policy=UCB1 function=mab_cost_aware_1784275377 arm=x86-tiny/gpu/nvidia score=-0.811662 base_score=-0.811662 count=17 avg_reward=-1.169496 exploration_bonus=0.357834 total_counts=30 utilization=0.000000 utilization_threshold=0.700000 utilization_penalty=0.000000 utilization_weight=8.000000 utilization_term=0.000000
2026/07/17 10:03:16 [MAB] event=select_arm ts=1784275396395 policy=UCB1 function=mab_cost_aware_1784275377 selected_arm=x86-large/gpu/amd reason=ucb_score score=-0.801819 total_counts=30 arms=[x86-large/gpu/amd,x86-tiny/gpu/nvidia]
2026/07/17 10:03:16 [LB][MAB] event=after_select function=mab_cost_aware_1784275377 selected_tag=x86-large/gpu/amd compatible_tags=[x86-large/gpu/amd x86-tiny/gpu/nvidia]
2026/07/17 10:03:16 Candidate has: 256 MB free memory. Function needs: 128 MB
2026/07/17 10:03:16 [LB] Selected target for function 'mab_cost_aware_1784275377': target_tag=x86-large/gpu/amd candidate=Mc66k64k37PXWLjSnPv85K1784275378158161158 candidate_tag=x86-large/gpu/amd
2026/07/17 10:03:16 [LB-Update] Node Mc66k64k37PXWLjSnPv85K1784275378158161158 reported 256 MB free
2026/07/17 10:03:16 [MAB] event=reward_breakdown ts=1784275396399 policy=UCB1 function=mab_cost_aware_1784275377 arm=x86-large/gpu/amd base_tag=x86-large architecture=x86 specialization=large capabilities=[gpu,amd] duration_ms=2.928335 latency_reward=-1.074434 cost_weight=0.000000 cost_factor=1.200000 cost_term=0.000000 energy_weight=0.000000 energy_factor=1.200000 energy_term=0.000000 final_reward=-1.074434
2026/07/17 10:03:16 [MAB] event=update_reward ts=1784275396399 policy=UCB1 function=mab_cost_aware_1784275377 arm=x86-large/gpu/amd duration_ms=2.928335 warm_start=true reward=-1.074434 count=14 avg_reward=-1.201262 total_counts=31
2026/07/17 10:03:16 [LB] Compatible tag found: function=mab_cost_aware_1784275377 tag=x86-large/gpu/amd arch=amd64 pattern="gpu" ring_size=1
2026/07/17 10:03:16 [LB] Compatible tag found: function=mab_cost_aware_1784275377 tag=x86-tiny/gpu/nvidia arch=amd64 pattern="gpu" ring_size=1
2026/07/17 10:03:16 [LB] Compatible tags for function 'mab_cost_aware_1784275377': [x86-large/gpu/amd x86-tiny/gpu/nvidia]
2026/07/17 10:03:16 [LB][MAB] event=before_select function=mab_cost_aware_1784275377 compatible_tags=[x86-large/gpu/amd x86-tiny/gpu/nvidia] has_context=true
2026/07/17 10:03:16 [MAB] event=arm_score ts=1784275396616 policy=UCB1 function=mab_cost_aware_1784275377 arm=x86-large/gpu/amd score=-0.805052 base_score=-0.805052 count=14 avg_reward=-1.201262 exploration_bonus=0.396210 total_counts=31 utilization=0.000000 utilization_threshold=0.700000 utilization_penalty=0.000000 utilization_weight=8.000000 utilization_term=0.000000
2026/07/17 10:03:16 [MAB] event=arm_score ts=1784275396616 policy=UCB1 function=mab_cost_aware_1784275377 arm=x86-tiny/gpu/nvidia score=-0.809941 base_score=-0.809941 count=17 avg_reward=-1.169496 exploration_bonus=0.359555 total_counts=31 utilization=0.000000 utilization_threshold=0.700000 utilization_penalty=0.000000 utilization_weight=8.000000 utilization_term=0.000000
2026/07/17 10:03:16 [MAB] event=select_arm ts=1784275396616 policy=UCB1 function=mab_cost_aware_1784275377 selected_arm=x86-large/gpu/amd reason=ucb_score score=-0.805052 total_counts=31 arms=[x86-large/gpu/amd,x86-tiny/gpu/nvidia]
2026/07/17 10:03:16 [LB][MAB] event=after_select function=mab_cost_aware_1784275377 selected_tag=x86-large/gpu/amd compatible_tags=[x86-large/gpu/amd x86-tiny/gpu/nvidia]
2026/07/17 10:03:16 Candidate has: 256 MB free memory. Function needs: 128 MB
2026/07/17 10:03:16 [LB] Selected target for function 'mab_cost_aware_1784275377': target_tag=x86-large/gpu/amd candidate=Mc66k64k37PXWLjSnPv85K1784275378158161158 candidate_tag=x86-large/gpu/amd
2026/07/17 10:03:16 [LB-Update] Node Mc66k64k37PXWLjSnPv85K1784275378158161158 reported 256 MB free
2026/07/17 10:03:16 [MAB] event=reward_breakdown ts=1784275396620 policy=UCB1 function=mab_cost_aware_1784275377 arm=x86-large/gpu/amd base_tag=x86-large architecture=x86 specialization=large capabilities=[gpu,amd] duration_ms=2.480700 latency_reward=-0.908541 cost_weight=0.000000 cost_factor=1.200000 cost_term=0.000000 energy_weight=0.000000 energy_factor=1.200000 energy_term=0.000000 final_reward=-0.908541
2026/07/17 10:03:16 [MAB] event=update_reward ts=1784275396620 policy=UCB1 function=mab_cost_aware_1784275377 arm=x86-large/gpu/amd duration_ms=2.480700 warm_start=true reward=-0.908541 count=15 avg_reward=-1.181747 total_counts=32
2026/07/17 10:03:16 [LB] Compatible tag found: function=mab_cost_aware_1784275377 tag=x86-large/gpu/amd arch=amd64 pattern="gpu" ring_size=1
2026/07/17 10:03:16 [LB] Compatible tag found: function=mab_cost_aware_1784275377 tag=x86-tiny/gpu/nvidia arch=amd64 pattern="gpu" ring_size=1
2026/07/17 10:03:16 [LB] Compatible tags for function 'mab_cost_aware_1784275377': [x86-large/gpu/amd x86-tiny/gpu/nvidia]
2026/07/17 10:03:16 [LB][MAB] event=before_select function=mab_cost_aware_1784275377 compatible_tags=[x86-large/gpu/amd x86-tiny/gpu/nvidia] has_context=true
2026/07/17 10:03:16 [MAB] event=arm_score ts=1784275396834 policy=UCB1 function=mab_cost_aware_1784275377 arm=x86-large/gpu/amd score=-0.797206 base_score=-0.797206 count=15 avg_reward=-1.181747 exploration_bonus=0.384541 total_counts=32 utilization=0.000000 utilization_threshold=0.700000 utilization_penalty=0.000000 utilization_weight=8.000000 utilization_term=0.000000
2026/07/17 10:03:16 [MAB] event=arm_score ts=1784275396834 policy=UCB1 function=mab_cost_aware_1784275377 arm=x86-tiny/gpu/nvidia score=-0.808283 base_score=-0.808283 count=17 avg_reward=-1.169496 exploration_bonus=0.361213 total_counts=32 utilization=0.000000 utilization_threshold=0.700000 utilization_penalty=0.000000 utilization_weight=8.000000 utilization_term=0.000000
2026/07/17 10:03:16 [MAB] event=select_arm ts=1784275396834 policy=UCB1 function=mab_cost_aware_1784275377 selected_arm=x86-large/gpu/amd reason=ucb_score score=-0.797206 total_counts=32 arms=[x86-large/gpu/amd,x86-tiny/gpu/nvidia]
2026/07/17 10:03:16 [LB][MAB] event=after_select function=mab_cost_aware_1784275377 selected_tag=x86-large/gpu/amd compatible_tags=[x86-large/gpu/amd x86-tiny/gpu/nvidia]
2026/07/17 10:03:16 Candidate has: 256 MB free memory. Function needs: 128 MB
2026/07/17 10:03:16 [LB] Selected target for function 'mab_cost_aware_1784275377': target_tag=x86-large/gpu/amd candidate=Mc66k64k37PXWLjSnPv85K1784275378158161158 candidate_tag=x86-large/gpu/amd
2026/07/17 10:03:16 [LB-Update] Node Mc66k64k37PXWLjSnPv85K1784275378158161158 reported 256 MB free
2026/07/17 10:03:16 [MAB] event=reward_breakdown ts=1784275396837 policy=UCB1 function=mab_cost_aware_1784275377 arm=x86-large/gpu/amd base_tag=x86-large architecture=x86 specialization=large capabilities=[gpu,amd] duration_ms=1.921822 latency_reward=-0.653274 cost_weight=0.000000 cost_factor=1.200000 cost_term=0.000000 energy_weight=0.000000 energy_factor=1.200000 energy_term=0.000000 final_reward=-0.653274
2026/07/17 10:03:16 [MAB] event=update_reward ts=1784275396837 policy=UCB1 function=mab_cost_aware_1784275377 arm=x86-large/gpu/amd duration_ms=1.921822 warm_start=true reward=-0.653274 count=16 avg_reward=-1.148717 total_counts=33
2026/07/17 10:03:17 [LB] Compatible tag found: function=mab_cost_aware_1784275377 tag=x86-large/gpu/amd arch=amd64 pattern="gpu" ring_size=1
2026/07/17 10:03:17 [LB] Compatible tag found: function=mab_cost_aware_1784275377 tag=x86-tiny/gpu/nvidia arch=amd64 pattern="gpu" ring_size=1
2026/07/17 10:03:17 [LB] Compatible tags for function 'mab_cost_aware_1784275377': [x86-large/gpu/amd x86-tiny/gpu/nvidia]
2026/07/17 10:03:17 [LB][MAB] event=before_select function=mab_cost_aware_1784275377 compatible_tags=[x86-large/gpu/amd x86-tiny/gpu/nvidia] has_context=true
2026/07/17 10:03:17 [MAB] event=arm_score ts=1784275397056 policy=UCB1 function=mab_cost_aware_1784275377 arm=x86-large/gpu/amd score=-0.774738 base_score=-0.774738 count=16 avg_reward=-1.148717 exploration_bonus=0.373979 total_counts=33 utilization=0.000000 utilization_threshold=0.700000 utilization_penalty=0.000000 utilization_weight=8.000000 utilization_term=0.000000
2026/07/17 10:03:17 [MAB] event=arm_score ts=1784275397056 policy=UCB1 function=mab_cost_aware_1784275377 arm=x86-tiny/gpu/nvidia score=-0.806683 base_score=-0.806683 count=17 avg_reward=-1.169496 exploration_bonus=0.362813 total_counts=33 utilization=0.000000 utilization_threshold=0.700000 utilization_penalty=0.000000 utilization_weight=8.000000 utilization_term=0.000000
2026/07/17 10:03:17 [MAB] event=select_arm ts=1784275397056 policy=UCB1 function=mab_cost_aware_1784275377 selected_arm=x86-large/gpu/amd reason=ucb_score score=-0.774738 total_counts=33 arms=[x86-large/gpu/amd,x86-tiny/gpu/nvidia]
2026/07/17 10:03:17 [LB][MAB] event=after_select function=mab_cost_aware_1784275377 selected_tag=x86-large/gpu/amd compatible_tags=[x86-large/gpu/amd x86-tiny/gpu/nvidia]
2026/07/17 10:03:17 Candidate has: 256 MB free memory. Function needs: 128 MB
2026/07/17 10:03:17 [LB] Selected target for function 'mab_cost_aware_1784275377': target_tag=x86-large/gpu/amd candidate=Mc66k64k37PXWLjSnPv85K1784275378158161158 candidate_tag=x86-large/gpu/amd
2026/07/17 10:03:17 [LB-Update] Node Mc66k64k37PXWLjSnPv85K1784275378158161158 reported 256 MB free
2026/07/17 10:03:17 [MAB] event=reward_breakdown ts=1784275397059 policy=UCB1 function=mab_cost_aware_1784275377 arm=x86-large/gpu/amd base_tag=x86-large architecture=x86 specialization=large capabilities=[gpu,amd] duration_ms=2.759778 latency_reward=-1.015150 cost_weight=0.000000 cost_factor=1.200000 cost_term=0.000000 energy_weight=0.000000 energy_factor=1.200000 energy_term=0.000000 final_reward=-1.015150
2026/07/17 10:03:17 [MAB] event=update_reward ts=1784275397059 policy=UCB1 function=mab_cost_aware_1784275377 arm=x86-large/gpu/amd duration_ms=2.759778 warm_start=true reward=-1.015150 count=17 avg_reward=-1.140860 total_counts=34
2026/07/17 10:03:17 [LB] Compatible tag found: function=mab_cost_aware_1784275377 tag=x86-large/gpu/amd arch=amd64 pattern="gpu" ring_size=1
2026/07/17 10:03:17 [LB] Compatible tag found: function=mab_cost_aware_1784275377 tag=x86-tiny/gpu/nvidia arch=amd64 pattern="gpu" ring_size=1
2026/07/17 10:03:17 [LB] Compatible tags for function 'mab_cost_aware_1784275377': [x86-large/gpu/amd x86-tiny/gpu/nvidia]
2026/07/17 10:03:17 [LB][MAB] event=before_select function=mab_cost_aware_1784275377 compatible_tags=[x86-large/gpu/amd x86-tiny/gpu/nvidia] has_context=true
2026/07/17 10:03:17 [MAB] event=arm_score ts=1784275397283 policy=UCB1 function=mab_cost_aware_1784275377 arm=x86-large/gpu/amd score=-0.776502 base_score=-0.776502 count=17 avg_reward=-1.140860 exploration_bonus=0.364358 total_counts=34 utilization=0.000000 utilization_threshold=0.700000 utilization_penalty=0.000000 utilization_weight=8.000000 utilization_term=0.000000
2026/07/17 10:03:17 [MAB] event=arm_score ts=1784275397283 policy=UCB1 function=mab_cost_aware_1784275377 arm=x86-tiny/gpu/nvidia score=-0.805138 base_score=-0.805138 count=17 avg_reward=-1.169496 exploration_bonus=0.364358 total_counts=34 utilization=0.000000 utilization_threshold=0.700000 utilization_penalty=0.000000 utilization_weight=8.000000 utilization_term=0.000000
2026/07/17 10:03:17 [MAB] event=select_arm ts=1784275397283 policy=UCB1 function=mab_cost_aware_1784275377 selected_arm=x86-large/gpu/amd reason=ucb_score score=-0.776502 total_counts=34 arms=[x86-large/gpu/amd,x86-tiny/gpu/nvidia]
2026/07/17 10:03:17 [LB][MAB] event=after_select function=mab_cost_aware_1784275377 selected_tag=x86-large/gpu/amd compatible_tags=[x86-large/gpu/amd x86-tiny/gpu/nvidia]
2026/07/17 10:03:17 Candidate has: 256 MB free memory. Function needs: 128 MB
2026/07/17 10:03:17 [LB] Selected target for function 'mab_cost_aware_1784275377': target_tag=x86-large/gpu/amd candidate=Mc66k64k37PXWLjSnPv85K1784275378158161158 candidate_tag=x86-large/gpu/amd
2026/07/17 10:03:17 [LB-Update] Node Mc66k64k37PXWLjSnPv85K1784275378158161158 reported 256 MB free
2026/07/17 10:03:17 [MAB] event=reward_breakdown ts=1784275397287 policy=UCB1 function=mab_cost_aware_1784275377 arm=x86-large/gpu/amd base_tag=x86-large architecture=x86 specialization=large capabilities=[gpu,amd] duration_ms=3.040916 latency_reward=-1.112159 cost_weight=0.000000 cost_factor=1.200000 cost_term=0.000000 energy_weight=0.000000 energy_factor=1.200000 energy_term=0.000000 final_reward=-1.112159
2026/07/17 10:03:17 [MAB] event=update_reward ts=1784275397287 policy=UCB1 function=mab_cost_aware_1784275377 arm=x86-large/gpu/amd duration_ms=3.040916 warm_start=true reward=-1.112159 count=18 avg_reward=-1.139266 total_counts=35
2026/07/17 10:03:17 [LB] Compatible tag found: function=mab_cost_aware_1784275377 tag=x86-large/gpu/amd arch=amd64 pattern="gpu" ring_size=1
2026/07/17 10:03:17 [LB] Compatible tag found: function=mab_cost_aware_1784275377 tag=x86-tiny/gpu/nvidia arch=amd64 pattern="gpu" ring_size=1
2026/07/17 10:03:17 [LB] Compatible tags for function 'mab_cost_aware_1784275377': [x86-large/gpu/amd x86-tiny/gpu/nvidia]
2026/07/17 10:03:17 [LB][MAB] event=before_select function=mab_cost_aware_1784275377 compatible_tags=[x86-large/gpu/amd x86-tiny/gpu/nvidia] has_context=true
2026/07/17 10:03:17 [MAB] event=arm_score ts=1784275397510 policy=UCB1 function=mab_cost_aware_1784275377 arm=x86-large/gpu/amd score=-0.783721 base_score=-0.783721 count=18 avg_reward=-1.139266 exploration_bonus=0.355545 total_counts=35 utilization=0.000000 utilization_threshold=0.700000 utilization_penalty=0.000000 utilization_weight=8.000000 utilization_term=0.000000
2026/07/17 10:03:17 [MAB] event=arm_score ts=1784275397510 policy=UCB1 function=mab_cost_aware_1784275377 arm=x86-tiny/gpu/nvidia score=-0.803643 base_score=-0.803643 count=17 avg_reward=-1.169496 exploration_bonus=0.365853 total_counts=35 utilization=0.000000 utilization_threshold=0.700000 utilization_penalty=0.000000 utilization_weight=8.000000 utilization_term=0.000000
2026/07/17 10:03:17 [MAB] event=select_arm ts=1784275397510 policy=UCB1 function=mab_cost_aware_1784275377 selected_arm=x86-large/gpu/amd reason=ucb_score score=-0.783721 total_counts=35 arms=[x86-large/gpu/amd,x86-tiny/gpu/nvidia]
2026/07/17 10:03:17 [LB][MAB] event=after_select function=mab_cost_aware_1784275377 selected_tag=x86-large/gpu/amd compatible_tags=[x86-large/gpu/amd x86-tiny/gpu/nvidia]
2026/07/17 10:03:17 Candidate has: 256 MB free memory. Function needs: 128 MB
2026/07/17 10:03:17 [LB] Selected target for function 'mab_cost_aware_1784275377': target_tag=x86-large/gpu/amd candidate=Mc66k64k37PXWLjSnPv85K1784275378158161158 candidate_tag=x86-large/gpu/amd
2026/07/17 10:03:17 [LB-Update] Node Mc66k64k37PXWLjSnPv85K1784275378158161158 reported 256 MB free
2026/07/17 10:03:17 [MAB] event=reward_breakdown ts=1784275397514 policy=UCB1 function=mab_cost_aware_1784275377 arm=x86-large/gpu/amd base_tag=x86-large architecture=x86 specialization=large capabilities=[gpu,amd] duration_ms=2.692084 latency_reward=-0.990316 cost_weight=0.000000 cost_factor=1.200000 cost_term=0.000000 energy_weight=0.000000 energy_factor=1.200000 energy_term=0.000000 final_reward=-0.990316
2026/07/17 10:03:17 [MAB] event=update_reward ts=1784275397514 policy=UCB1 function=mab_cost_aware_1784275377 arm=x86-large/gpu/amd duration_ms=2.692084 warm_start=true reward=-0.990316 count=19 avg_reward=-1.131426 total_counts=36
2026/07/17 10:03:17 [LB] Compatible tag found: function=mab_cost_aware_1784275377 tag=x86-large/gpu/amd arch=amd64 pattern="gpu" ring_size=1
2026/07/17 10:03:17 [LB] Compatible tag found: function=mab_cost_aware_1784275377 tag=x86-tiny/gpu/nvidia arch=amd64 pattern="gpu" ring_size=1
2026/07/17 10:03:17 [LB] Compatible tags for function 'mab_cost_aware_1784275377': [x86-large/gpu/amd x86-tiny/gpu/nvidia]
2026/07/17 10:03:17 [LB][MAB] event=before_select function=mab_cost_aware_1784275377 compatible_tags=[x86-large/gpu/amd x86-tiny/gpu/nvidia] has_context=true
2026/07/17 10:03:17 [MAB] event=arm_score ts=1784275397735 policy=UCB1 function=mab_cost_aware_1784275377 arm=x86-large/gpu/amd score=-0.783996 base_score=-0.783996 count=19 avg_reward=-1.131426 exploration_bonus=0.347431 total_counts=36 utilization=0.000000 utilization_threshold=0.700000 utilization_penalty=0.000000 utilization_weight=8.000000 utilization_term=0.000000
2026/07/17 10:03:17 [MAB] event=arm_score ts=1784275397735 policy=UCB1 function=mab_cost_aware_1784275377 arm=x86-tiny/gpu/nvidia score=-0.802196 base_score=-0.802196 count=17 avg_reward=-1.169496 exploration_bonus=0.367300 total_counts=36 utilization=0.000000 utilization_threshold=0.700000 utilization_penalty=0.000000 utilization_weight=8.000000 utilization_term=0.000000
2026/07/17 10:03:17 [MAB] event=select_arm ts=1784275397735 policy=UCB1 function=mab_cost_aware_1784275377 selected_arm=x86-large/gpu/amd reason=ucb_score score=-0.783996 total_counts=36 arms=[x86-large/gpu/amd,x86-tiny/gpu/nvidia]
2026/07/17 10:03:17 [LB][MAB] event=after_select function=mab_cost_aware_1784275377 selected_tag=x86-large/gpu/amd compatible_tags=[x86-large/gpu/amd x86-tiny/gpu/nvidia]
2026/07/17 10:03:17 Candidate has: 256 MB free memory. Function needs: 128 MB
2026/07/17 10:03:17 [LB] Selected target for function 'mab_cost_aware_1784275377': target_tag=x86-large/gpu/amd candidate=Mc66k64k37PXWLjSnPv85K1784275378158161158 candidate_tag=x86-large/gpu/amd
2026/07/17 10:03:17 [LB-Update] Node Mc66k64k37PXWLjSnPv85K1784275378158161158 reported 256 MB free
2026/07/17 10:03:17 [MAB] event=reward_breakdown ts=1784275397739 policy=UCB1 function=mab_cost_aware_1784275377 arm=x86-large/gpu/amd base_tag=x86-large architecture=x86 specialization=large capabilities=[gpu,amd] duration_ms=2.662358 latency_reward=-0.979212 cost_weight=0.000000 cost_factor=1.200000 cost_term=0.000000 energy_weight=0.000000 energy_factor=1.200000 energy_term=0.000000 final_reward=-0.979212
2026/07/17 10:03:17 [MAB] event=update_reward ts=1784275397739 policy=UCB1 function=mab_cost_aware_1784275377 arm=x86-large/gpu/amd duration_ms=2.662358 warm_start=true reward=-0.979212 count=20 avg_reward=-1.123816 total_counts=37
2026/07/17 10:03:17 [LB] Compatible tag found: function=mab_cost_aware_1784275377 tag=x86-large/gpu/amd arch=amd64 pattern="gpu" ring_size=1
2026/07/17 10:03:17 [LB] Compatible tag found: function=mab_cost_aware_1784275377 tag=x86-tiny/gpu/nvidia arch=amd64 pattern="gpu" ring_size=1
2026/07/17 10:03:17 [LB] Compatible tags for function 'mab_cost_aware_1784275377': [x86-large/gpu/amd x86-tiny/gpu/nvidia]
2026/07/17 10:03:17 [LB][MAB] event=before_select function=mab_cost_aware_1784275377 compatible_tags=[x86-large/gpu/amd x86-tiny/gpu/nvidia] has_context=true
2026/07/17 10:03:17 [MAB] event=arm_score ts=1784275397962 policy=UCB1 function=mab_cost_aware_1784275377 arm=x86-large/gpu/amd score=-0.783890 base_score=-0.783890 count=20 avg_reward=-1.123816 exploration_bonus=0.339926 total_counts=37 utilization=0.000000 utilization_threshold=0.700000 utilization_penalty=0.000000 utilization_weight=8.000000 utilization_term=0.000000
2026/07/17 10:03:17 [MAB] event=arm_score ts=1784275397962 policy=UCB1 function=mab_cost_aware_1784275377 arm=x86-tiny/gpu/nvidia score=-0.800795 base_score=-0.800795 count=17 avg_reward=-1.169496 exploration_bonus=0.368701 total_counts=37 utilization=0.000000 utilization_threshold=0.700000 utilization_penalty=0.000000 utilization_weight=8.000000 utilization_term=0.000000
2026/07/17 10:03:17 [MAB] event=select_arm ts=1784275397962 policy=UCB1 function=mab_cost_aware_1784275377 selected_arm=x86-large/gpu/amd reason=ucb_score score=-0.783890 total_counts=37 arms=[x86-large/gpu/amd,x86-tiny/gpu/nvidia]
2026/07/17 10:03:17 [LB][MAB] event=after_select function=mab_cost_aware_1784275377 selected_tag=x86-large/gpu/amd compatible_tags=[x86-large/gpu/amd x86-tiny/gpu/nvidia]
2026/07/17 10:03:17 Candidate has: 256 MB free memory. Function needs: 128 MB
2026/07/17 10:03:17 [LB] Selected target for function 'mab_cost_aware_1784275377': target_tag=x86-large/gpu/amd candidate=Mc66k64k37PXWLjSnPv85K1784275378158161158 candidate_tag=x86-large/gpu/amd
2026/07/17 10:03:17 [LB-Update] Node Mc66k64k37PXWLjSnPv85K1784275378158161158 reported 256 MB free
2026/07/17 10:03:17 [MAB] event=reward_breakdown ts=1784275397966 policy=UCB1 function=mab_cost_aware_1784275377 arm=x86-large/gpu/amd base_tag=x86-large architecture=x86 specialization=large capabilities=[gpu,amd] duration_ms=3.080345 latency_reward=-1.125042 cost_weight=0.000000 cost_factor=1.200000 cost_term=0.000000 energy_weight=0.000000 energy_factor=1.200000 energy_term=0.000000 final_reward=-1.125042
2026/07/17 10:03:17 [MAB] event=update_reward ts=1784275397966 policy=UCB1 function=mab_cost_aware_1784275377 arm=x86-large/gpu/amd duration_ms=3.080345 warm_start=true reward=-1.125042 count=21 avg_reward=-1.123874 total_counts=38
2026/07/17 10:03:18 [LB] Compatible tag found: function=mab_cost_aware_1784275377 tag=x86-large/gpu/amd arch=amd64 pattern="gpu" ring_size=1
2026/07/17 10:03:18 [LB] Compatible tag found: function=mab_cost_aware_1784275377 tag=x86-tiny/gpu/nvidia arch=amd64 pattern="gpu" ring_size=1
2026/07/17 10:03:18 [LB] Compatible tags for function 'mab_cost_aware_1784275377': [x86-large/gpu/amd x86-tiny/gpu/nvidia]
2026/07/17 10:03:18 [LB][MAB] event=before_select function=mab_cost_aware_1784275377 compatible_tags=[x86-large/gpu/amd x86-tiny/gpu/nvidia] has_context=true
2026/07/17 10:03:18 [MAB] event=arm_score ts=1784275398185 policy=UCB1 function=mab_cost_aware_1784275377 arm=x86-large/gpu/amd score=-0.790918 base_score=-0.790918 count=21 avg_reward=-1.123874 exploration_bonus=0.332956 total_counts=38 utilization=0.000000 utilization_threshold=0.700000 utilization_penalty=0.000000 utilization_weight=8.000000 utilization_term=0.000000
2026/07/17 10:03:18 [MAB] event=arm_score ts=1784275398185 policy=UCB1 function=mab_cost_aware_1784275377 arm=x86-tiny/gpu/nvidia score=-0.799436 base_score=-0.799436 count=17 avg_reward=-1.169496 exploration_bonus=0.370060 total_counts=38 utilization=0.000000 utilization_threshold=0.700000 utilization_penalty=0.000000 utilization_weight=8.000000 utilization_term=0.000000
2026/07/17 10:03:18 [MAB] event=select_arm ts=1784275398185 policy=UCB1 function=mab_cost_aware_1784275377 selected_arm=x86-large/gpu/amd reason=ucb_score score=-0.790918 total_counts=38 arms=[x86-large/gpu/amd,x86-tiny/gpu/nvidia]
2026/07/17 10:03:18 [LB][MAB] event=after_select function=mab_cost_aware_1784275377 selected_tag=x86-large/gpu/amd compatible_tags=[x86-large/gpu/amd x86-tiny/gpu/nvidia]
2026/07/17 10:03:18 Candidate has: 256 MB free memory. Function needs: 128 MB
2026/07/17 10:03:18 [LB] Selected target for function 'mab_cost_aware_1784275377': target_tag=x86-large/gpu/amd candidate=Mc66k64k37PXWLjSnPv85K1784275378158161158 candidate_tag=x86-large/gpu/amd
2026/07/17 10:03:18 [LB-Update] Node Mc66k64k37PXWLjSnPv85K1784275378158161158 reported 256 MB free
2026/07/17 10:03:18 [MAB] event=reward_breakdown ts=1784275398189 policy=UCB1 function=mab_cost_aware_1784275377 arm=x86-large/gpu/amd base_tag=x86-large architecture=x86 specialization=large capabilities=[gpu,amd] duration_ms=3.055617 latency_reward=-1.116982 cost_weight=0.000000 cost_factor=1.200000 cost_term=0.000000 energy_weight=0.000000 energy_factor=1.200000 energy_term=0.000000 final_reward=-1.116982
2026/07/17 10:03:18 [MAB] event=update_reward ts=1784275398189 policy=UCB1 function=mab_cost_aware_1784275377 arm=x86-large/gpu/amd duration_ms=3.055617 warm_start=true reward=-1.116982 count=22 avg_reward=-1.123561 total_counts=39
2026/07/17 10:03:18 [LB]: Periodic targets update
2026/07/17 10:03:18 Found target: wTr55Y46VyqmTWJEtCurdF1784275378158858065
2026/07/17 10:03:18 Found target: d9vVFs4fj97ZcEYU4FWAB51784275378161673878
2026/07/17 10:03:18 Found target: Mc66k64k37PXWLjSnPv85K1784275378158161158
2026/07/17 10:03:18 Found target: Av5rdunwxRZpxaTW9hGx8P1784275378156333978
2026/07/17 10:03:18 Found 4 targets
2026/07/17 10:03:18 [LB] Compatible tag found: function=mab_cost_aware_1784275377 tag=x86-large/gpu/amd arch=amd64 pattern="gpu" ring_size=1
2026/07/17 10:03:18 [LB] Compatible tag found: function=mab_cost_aware_1784275377 tag=x86-tiny/gpu/nvidia arch=amd64 pattern="gpu" ring_size=1
2026/07/17 10:03:18 [LB] Compatible tags for function 'mab_cost_aware_1784275377': [x86-large/gpu/amd x86-tiny/gpu/nvidia]
2026/07/17 10:03:18 [LB][MAB] event=before_select function=mab_cost_aware_1784275377 compatible_tags=[x86-large/gpu/amd x86-tiny/gpu/nvidia] has_context=true
2026/07/17 10:03:18 [MAB] event=arm_score ts=1784275398411 policy=UCB1 function=mab_cost_aware_1784275377 arm=x86-large/gpu/amd score=-0.797100 base_score=-0.797100 count=22 avg_reward=-1.123561 exploration_bonus=0.326460 total_counts=39 utilization=0.000000 utilization_threshold=0.700000 utilization_penalty=0.000000 utilization_weight=8.000000 utilization_term=0.000000
2026/07/17 10:03:18 [MAB] event=arm_score ts=1784275398411 policy=UCB1 function=mab_cost_aware_1784275377 arm=x86-tiny/gpu/nvidia score=-0.798117 base_score=-0.798117 count=17 avg_reward=-1.169496 exploration_bonus=0.371379 total_counts=39 utilization=0.000000 utilization_threshold=0.700000 utilization_penalty=0.000000 utilization_weight=8.000000 utilization_term=0.000000
2026/07/17 10:03:18 [MAB] event=select_arm ts=1784275398411 policy=UCB1 function=mab_cost_aware_1784275377 selected_arm=x86-large/gpu/amd reason=ucb_score score=-0.797100 total_counts=39 arms=[x86-large/gpu/amd,x86-tiny/gpu/nvidia]
2026/07/17 10:03:18 [LB][MAB] event=after_select function=mab_cost_aware_1784275377 selected_tag=x86-large/gpu/amd compatible_tags=[x86-large/gpu/amd x86-tiny/gpu/nvidia]
2026/07/17 10:03:18 Candidate has: 256 MB free memory. Function needs: 128 MB
2026/07/17 10:03:18 [LB] Selected target for function 'mab_cost_aware_1784275377': target_tag=x86-large/gpu/amd candidate=Mc66k64k37PXWLjSnPv85K1784275378158161158 candidate_tag=x86-large/gpu/amd
2026/07/17 10:03:18 [LB-Update] Node Mc66k64k37PXWLjSnPv85K1784275378158161158 reported 256 MB free
2026/07/17 10:03:18 [MAB] event=reward_breakdown ts=1784275398415 policy=UCB1 function=mab_cost_aware_1784275377 arm=x86-large/gpu/amd base_tag=x86-large architecture=x86 specialization=large capabilities=[gpu,amd] duration_ms=3.277969 latency_reward=-1.187224 cost_weight=0.000000 cost_factor=1.200000 cost_term=0.000000 energy_weight=0.000000 energy_factor=1.200000 energy_term=0.000000 final_reward=-1.187224
2026/07/17 10:03:18 [MAB] event=update_reward ts=1784275398415 policy=UCB1 function=mab_cost_aware_1784275377 arm=x86-large/gpu/amd duration_ms=3.277969 warm_start=true reward=-1.187224 count=23 avg_reward=-1.126329 total_counts=40
2026/07/17 10:03:18 [LB] Compatible tag found: function=mab_cost_aware_1784275377 tag=x86-large/gpu/amd arch=amd64 pattern="gpu" ring_size=1
2026/07/17 10:03:18 [LB] Compatible tag found: function=mab_cost_aware_1784275377 tag=x86-tiny/gpu/nvidia arch=amd64 pattern="gpu" ring_size=1
2026/07/17 10:03:18 [LB] Compatible tags for function 'mab_cost_aware_1784275377': [x86-large/gpu/amd x86-tiny/gpu/nvidia]
2026/07/17 10:03:18 [LB][MAB] event=before_select function=mab_cost_aware_1784275377 compatible_tags=[x86-large/gpu/amd x86-tiny/gpu/nvidia] has_context=true
2026/07/17 10:03:18 [MAB] event=arm_score ts=1784275398637 policy=UCB1 function=mab_cost_aware_1784275377 arm=x86-large/gpu/amd score=-0.805943 base_score=-0.805943 count=23 avg_reward=-1.126329 exploration_bonus=0.320386 total_counts=40 utilization=0.000000 utilization_threshold=0.700000 utilization_penalty=0.000000 utilization_weight=8.000000 utilization_term=0.000000
2026/07/17 10:03:18 [MAB] event=arm_score ts=1784275398637 policy=UCB1 function=mab_cost_aware_1784275377 arm=x86-tiny/gpu/nvidia score=-0.796836 base_score=-0.796836 count=17 avg_reward=-1.169496 exploration_bonus=0.372660 total_counts=40 utilization=0.000000 utilization_threshold=0.700000 utilization_penalty=0.000000 utilization_weight=8.000000 utilization_term=0.000000
2026/07/17 10:03:18 [MAB] event=select_arm ts=1784275398637 policy=UCB1 function=mab_cost_aware_1784275377 selected_arm=x86-tiny/gpu/nvidia reason=ucb_score score=-0.796836 total_counts=40 arms=[x86-large/gpu/amd,x86-tiny/gpu/nvidia]
2026/07/17 10:03:18 [LB][MAB] event=after_select function=mab_cost_aware_1784275377 selected_tag=x86-tiny/gpu/nvidia compatible_tags=[x86-large/gpu/amd x86-tiny/gpu/nvidia]
2026/07/17 10:03:18 Candidate has: 512 MB free memory. Function needs: 128 MB
2026/07/17 10:03:18 [LB] Selected target for function 'mab_cost_aware_1784275377': target_tag=x86-tiny/gpu/nvidia candidate=wTr55Y46VyqmTWJEtCurdF1784275378158858065 candidate_tag=x86-tiny/gpu/nvidia
2026/07/17 10:03:18 [LB-Update] Node wTr55Y46VyqmTWJEtCurdF1784275378158858065 reported 512 MB free
2026/07/17 10:03:18 [MAB] event=reward_breakdown ts=1784275398641 policy=UCB1 function=mab_cost_aware_1784275377 arm=x86-tiny/gpu/nvidia base_tag=x86-tiny architecture=x86 specialization=tiny capabilities=[gpu,nvidia] duration_ms=3.090684 latency_reward=-1.128392 cost_weight=0.000000 cost_factor=1.600000 cost_term=0.000000 energy_weight=0.000000 energy_factor=1.800000 energy_term=0.000000 final_reward=-1.128392
2026/07/17 10:03:18 [MAB] event=update_reward ts=1784275398641 policy=UCB1 function=mab_cost_aware_1784275377 arm=x86-tiny/gpu/nvidia duration_ms=3.090684 warm_start=true reward=-1.128392 count=18 avg_reward=-1.167212 total_counts=41
2026/07/17 10:03:18 [LB] Compatible tag found: function=mab_cost_aware_1784275377 tag=x86-large/gpu/amd arch=amd64 pattern="gpu" ring_size=1
2026/07/17 10:03:18 [LB] Compatible tag found: function=mab_cost_aware_1784275377 tag=x86-tiny/gpu/nvidia arch=amd64 pattern="gpu" ring_size=1
2026/07/17 10:03:18 [LB] Compatible tags for function 'mab_cost_aware_1784275377': [x86-large/gpu/amd x86-tiny/gpu/nvidia]
2026/07/17 10:03:18 [LB][MAB] event=before_select function=mab_cost_aware_1784275377 compatible_tags=[x86-large/gpu/amd x86-tiny/gpu/nvidia] has_context=true
2026/07/17 10:03:18 [MAB] event=arm_score ts=1784275398860 policy=UCB1 function=mab_cost_aware_1784275377 arm=x86-large/gpu/amd score=-0.804872 base_score=-0.804872 count=23 avg_reward=-1.126329 exploration_bonus=0.321456 total_counts=41 utilization=0.000000 utilization_threshold=0.700000 utilization_penalty=0.000000 utilization_weight=8.000000 utilization_term=0.000000
2026/07/17 10:03:18 [MAB] event=arm_score ts=1784275398860 policy=UCB1 function=mab_cost_aware_1784275377 arm=x86-tiny/gpu/nvidia score=-0.803842 base_score=-0.803842 count=18 avg_reward=-1.167212 exploration_bonus=0.363370 total_counts=41 utilization=0.000000 utilization_threshold=0.700000 utilization_penalty=0.000000 utilization_weight=8.000000 utilization_term=0.000000
2026/07/17 10:03:18 [MAB] event=select_arm ts=1784275398860 policy=UCB1 function=mab_cost_aware_1784275377 selected_arm=x86-tiny/gpu/nvidia reason=ucb_score score=-0.803842 total_counts=41 arms=[x86-large/gpu/amd,x86-tiny/gpu/nvidia]
2026/07/17 10:03:18 [LB][MAB] event=after_select function=mab_cost_aware_1784275377 selected_tag=x86-tiny/gpu/nvidia compatible_tags=[x86-large/gpu/amd x86-tiny/gpu/nvidia]
2026/07/17 10:03:18 Candidate has: 512 MB free memory. Function needs: 128 MB
2026/07/17 10:03:18 [LB] Selected target for function 'mab_cost_aware_1784275377': target_tag=x86-tiny/gpu/nvidia candidate=wTr55Y46VyqmTWJEtCurdF1784275378158858065 candidate_tag=x86-tiny/gpu/nvidia
2026/07/17 10:03:18 [LB-Update] Node wTr55Y46VyqmTWJEtCurdF1784275378158858065 reported 512 MB free
2026/07/17 10:03:18 [MAB] event=reward_breakdown ts=1784275398865 policy=UCB1 function=mab_cost_aware_1784275377 arm=x86-tiny/gpu/nvidia base_tag=x86-tiny architecture=x86 specialization=tiny capabilities=[gpu,nvidia] duration_ms=3.357567 latency_reward=-1.211217 cost_weight=0.000000 cost_factor=1.600000 cost_term=0.000000 energy_weight=0.000000 energy_factor=1.800000 energy_term=0.000000 final_reward=-1.211217
2026/07/17 10:03:18 [MAB] event=update_reward ts=1784275398865 policy=UCB1 function=mab_cost_aware_1784275377 arm=x86-tiny/gpu/nvidia duration_ms=3.357567 warm_start=true reward=-1.211217 count=19 avg_reward=-1.169529 total_counts=42
2026/07/17 10:03:19 [LB] Compatible tag found: function=mab_cost_aware_1784275377 tag=x86-large/gpu/amd arch=amd64 pattern="gpu" ring_size=1
2026/07/17 10:03:19 [LB] Compatible tag found: function=mab_cost_aware_1784275377 tag=x86-tiny/gpu/nvidia arch=amd64 pattern="gpu" ring_size=1
2026/07/17 10:03:19 [LB] Compatible tags for function 'mab_cost_aware_1784275377': [x86-large/gpu/amd x86-tiny/gpu/nvidia]
2026/07/17 10:03:19 [LB][MAB] event=before_select function=mab_cost_aware_1784275377 compatible_tags=[x86-large/gpu/amd x86-tiny/gpu/nvidia] has_context=true
2026/07/17 10:03:19 [MAB] event=arm_score ts=1784275399084 policy=UCB1 function=mab_cost_aware_1784275377 arm=x86-large/gpu/amd score=-0.803831 base_score=-0.803831 count=23 avg_reward=-1.126329 exploration_bonus=0.322498 total_counts=42 utilization=0.000000 utilization_threshold=0.700000 utilization_penalty=0.000000 utilization_weight=8.000000 utilization_term=0.000000
2026/07/17 10:03:19 [MAB] event=arm_score ts=1784275399084 policy=UCB1 function=mab_cost_aware_1784275377 arm=x86-tiny/gpu/nvidia score=-0.814704 base_score=-0.814704 count=19 avg_reward=-1.169529 exploration_bonus=0.354825 total_counts=42 utilization=0.000000 utilization_threshold=0.700000 utilization_penalty=0.000000 utilization_weight=8.000000 utilization_term=0.000000
2026/07/17 10:03:19 [MAB] event=select_arm ts=1784275399084 policy=UCB1 function=mab_cost_aware_1784275377 selected_arm=x86-large/gpu/amd reason=ucb_score score=-0.803831 total_counts=42 arms=[x86-large/gpu/amd,x86-tiny/gpu/nvidia]
2026/07/17 10:03:19 [LB][MAB] event=after_select function=mab_cost_aware_1784275377 selected_tag=x86-large/gpu/amd compatible_tags=[x86-large/gpu/amd x86-tiny/gpu/nvidia]
2026/07/17 10:03:19 Candidate has: 256 MB free memory. Function needs: 128 MB
2026/07/17 10:03:19 [LB] Selected target for function 'mab_cost_aware_1784275377': target_tag=x86-large/gpu/amd candidate=Mc66k64k37PXWLjSnPv85K1784275378158161158 candidate_tag=x86-large/gpu/amd
2026/07/17 10:03:19 [LB-Update] Node Mc66k64k37PXWLjSnPv85K1784275378158161158 reported 256 MB free
2026/07/17 10:03:19 [MAB] event=reward_breakdown ts=1784275399088 policy=UCB1 function=mab_cost_aware_1784275377 arm=x86-large/gpu/amd base_tag=x86-large architecture=x86 specialization=large capabilities=[gpu,amd] duration_ms=2.759725 latency_reward=-1.015131 cost_weight=0.000000 cost_factor=1.200000 cost_term=0.000000 energy_weight=0.000000 energy_factor=1.200000 energy_term=0.000000 final_reward=-1.015131
2026/07/17 10:03:19 [MAB] event=update_reward ts=1784275399088 policy=UCB1 function=mab_cost_aware_1784275377 arm=x86-large/gpu/amd duration_ms=2.759725 warm_start=true reward=-1.015131 count=24 avg_reward=-1.121695 total_counts=43
2026/07/17 10:03:19 [LB] Compatible tag found: function=mab_cost_aware_1784275377 tag=x86-large/gpu/amd arch=amd64 pattern="gpu" ring_size=1
2026/07/17 10:03:19 [LB] Compatible tag found: function=mab_cost_aware_1784275377 tag=x86-tiny/gpu/nvidia arch=amd64 pattern="gpu" ring_size=1
2026/07/17 10:03:19 [LB] Compatible tags for function 'mab_cost_aware_1784275377': [x86-large/gpu/amd x86-tiny/gpu/nvidia]
2026/07/17 10:03:19 [LB][MAB] event=before_select function=mab_cost_aware_1784275377 compatible_tags=[x86-large/gpu/amd x86-tiny/gpu/nvidia] has_context=true
2026/07/17 10:03:19 [MAB] event=arm_score ts=1784275399308 policy=UCB1 function=mab_cost_aware_1784275377 arm=x86-large/gpu/amd score=-0.804996 base_score=-0.804996 count=24 avg_reward=-1.121695 exploration_bonus=0.316700 total_counts=43 utilization=0.000000 utilization_threshold=0.700000 utilization_penalty=0.000000 utilization_weight=8.000000 utilization_term=0.000000
2026/07/17 10:03:19 [MAB] event=arm_score ts=1784275399308 policy=UCB1 function=mab_cost_aware_1784275377 arm=x86-tiny/gpu/nvidia score=-0.813589 base_score=-0.813589 count=19 avg_reward=-1.169529 exploration_bonus=0.355940 total_counts=43 utilization=0.000000 utilization_threshold=0.700000 utilization_penalty=0.000000 utilization_weight=8.000000 utilization_term=0.000000
2026/07/17 10:03:19 [MAB] event=select_arm ts=1784275399308 policy=UCB1 function=mab_cost_aware_1784275377 selected_arm=x86-large/gpu/amd reason=ucb_score score=-0.804996 total_counts=43 arms=[x86-large/gpu/amd,x86-tiny/gpu/nvidia]
2026/07/17 10:03:19 [LB][MAB] event=after_select function=mab_cost_aware_1784275377 selected_tag=x86-large/gpu/amd compatible_tags=[x86-large/gpu/amd x86-tiny/gpu/nvidia]
2026/07/17 10:03:19 Candidate has: 256 MB free memory. Function needs: 128 MB
2026/07/17 10:03:19 [LB] Selected target for function 'mab_cost_aware_1784275377': target_tag=x86-large/gpu/amd candidate=Mc66k64k37PXWLjSnPv85K1784275378158161158 candidate_tag=x86-large/gpu/amd
2026/07/17 10:03:19 [LB-Update] Node Mc66k64k37PXWLjSnPv85K1784275378158161158 reported 256 MB free
2026/07/17 10:03:19 [MAB] event=reward_breakdown ts=1784275399312 policy=UCB1 function=mab_cost_aware_1784275377 arm=x86-large/gpu/amd base_tag=x86-large architecture=x86 specialization=large capabilities=[gpu,amd] duration_ms=2.940391 latency_reward=-1.078543 cost_weight=0.000000 cost_factor=1.200000 cost_term=0.000000 energy_weight=0.000000 energy_factor=1.200000 energy_term=0.000000 final_reward=-1.078543
2026/07/17 10:03:19 [MAB] event=update_reward ts=1784275399312 policy=UCB1 function=mab_cost_aware_1784275377 arm=x86-large/gpu/amd duration_ms=2.940391 warm_start=true reward=-1.078543 count=25 avg_reward=-1.119969 total_counts=44
2026/07/17 10:03:19 [LB] Compatible tag found: function=mab_cost_aware_1784275377 tag=x86-large/gpu/amd arch=amd64 pattern="gpu" ring_size=1
2026/07/17 10:03:19 [LB] Compatible tag found: function=mab_cost_aware_1784275377 tag=x86-tiny/gpu/nvidia arch=amd64 pattern="gpu" ring_size=1
2026/07/17 10:03:19 [LB] Compatible tags for function 'mab_cost_aware_1784275377': [x86-large/gpu/amd x86-tiny/gpu/nvidia]
2026/07/17 10:03:19 [LB][MAB] event=before_select function=mab_cost_aware_1784275377 compatible_tags=[x86-large/gpu/amd x86-tiny/gpu/nvidia] has_context=true
2026/07/17 10:03:19 [MAB] event=arm_score ts=1784275399532 policy=UCB1 function=mab_cost_aware_1784275377 arm=x86-large/gpu/amd score=-0.808721 base_score=-0.808721 count=25 avg_reward=-1.119969 exploration_bonus=0.311248 total_counts=44 utilization=0.000000 utilization_threshold=0.700000 utilization_penalty=0.000000 utilization_weight=8.000000 utilization_term=0.000000
2026/07/17 10:03:19 [MAB] event=arm_score ts=1784275399532 policy=UCB1 function=mab_cost_aware_1784275377 arm=x86-tiny/gpu/nvidia score=-0.812503 base_score=-0.812503 count=19 avg_reward=-1.169529 exploration_bonus=0.357026 total_counts=44 utilization=0.000000 utilization_threshold=0.700000 utilization_penalty=0.000000 utilization_weight=8.000000 utilization_term=0.000000
2026/07/17 10:03:19 [MAB] event=select_arm ts=1784275399532 policy=UCB1 function=mab_cost_aware_1784275377 selected_arm=x86-large/gpu/amd reason=ucb_score score=-0.808721 total_counts=44 arms=[x86-large/gpu/amd,x86-tiny/gpu/nvidia]
2026/07/17 10:03:19 [LB][MAB] event=after_select function=mab_cost_aware_1784275377 selected_tag=x86-large/gpu/amd compatible_tags=[x86-large/gpu/amd x86-tiny/gpu/nvidia]
2026/07/17 10:03:19 Candidate has: 256 MB free memory. Function needs: 128 MB
2026/07/17 10:03:19 [LB] Selected target for function 'mab_cost_aware_1784275377': target_tag=x86-large/gpu/amd candidate=Mc66k64k37PXWLjSnPv85K1784275378158161158 candidate_tag=x86-large/gpu/amd
2026/07/17 10:03:19 [LB-Update] Node Mc66k64k37PXWLjSnPv85K1784275378158161158 reported 256 MB free
2026/07/17 10:03:19 [MAB] event=reward_breakdown ts=1784275399536 policy=UCB1 function=mab_cost_aware_1784275377 arm=x86-large/gpu/amd base_tag=x86-large architecture=x86 specialization=large capabilities=[gpu,amd] duration_ms=3.330609 latency_reward=-1.203155 cost_weight=0.000000 cost_factor=1.200000 cost_term=0.000000 energy_weight=0.000000 energy_factor=1.200000 energy_term=0.000000 final_reward=-1.203155
2026/07/17 10:03:19 [MAB] event=update_reward ts=1784275399536 policy=UCB1 function=mab_cost_aware_1784275377 arm=x86-large/gpu/amd duration_ms=3.330609 warm_start=true reward=-1.203155 count=26 avg_reward=-1.123169 total_counts=45
2026/07/17 10:03:19 [LB] Compatible tag found: function=mab_cost_aware_1784275377 tag=x86-large/gpu/amd arch=amd64 pattern="gpu" ring_size=1
2026/07/17 10:03:19 [LB] Compatible tag found: function=mab_cost_aware_1784275377 tag=x86-tiny/gpu/nvidia arch=amd64 pattern="gpu" ring_size=1
2026/07/17 10:03:19 [LB] Compatible tags for function 'mab_cost_aware_1784275377': [x86-large/gpu/amd x86-tiny/gpu/nvidia]
2026/07/17 10:03:19 [LB][MAB] event=before_select function=mab_cost_aware_1784275377 compatible_tags=[x86-large/gpu/amd x86-tiny/gpu/nvidia] has_context=true
2026/07/17 10:03:19 [MAB] event=arm_score ts=1784275399755 policy=UCB1 function=mab_cost_aware_1784275377 arm=x86-large/gpu/amd score=-0.817060 base_score=-0.817060 count=26 avg_reward=-1.123169 exploration_bonus=0.306109 total_counts=45 utilization=0.000000 utilization_threshold=0.700000 utilization_penalty=0.000000 utilization_weight=8.000000 utilization_term=0.000000
2026/07/17 10:03:19 [MAB] event=arm_score ts=1784275399755 policy=UCB1 function=mab_cost_aware_1784275377 arm=x86-tiny/gpu/nvidia score=-0.811444 base_score=-0.811444 count=19 avg_reward=-1.169529 exploration_bonus=0.358084 total_counts=45 utilization=0.000000 utilization_threshold=0.700000 utilization_penalty=0.000000 utilization_weight=8.000000 utilization_term=0.000000
2026/07/17 10:03:19 [MAB] event=select_arm ts=1784275399755 policy=UCB1 function=mab_cost_aware_1784275377 selected_arm=x86-tiny/gpu/nvidia reason=ucb_score score=-0.811444 total_counts=45 arms=[x86-large/gpu/amd,x86-tiny/gpu/nvidia]
2026/07/17 10:03:19 [LB][MAB] event=after_select function=mab_cost_aware_1784275377 selected_tag=x86-tiny/gpu/nvidia compatible_tags=[x86-large/gpu/amd x86-tiny/gpu/nvidia]
2026/07/17 10:03:19 Candidate has: 512 MB free memory. Function needs: 128 MB
2026/07/17 10:03:19 [LB] Selected target for function 'mab_cost_aware_1784275377': target_tag=x86-tiny/gpu/nvidia candidate=wTr55Y46VyqmTWJEtCurdF1784275378158858065 candidate_tag=x86-tiny/gpu/nvidia
2026/07/17 10:03:19 [LB-Update] Node wTr55Y46VyqmTWJEtCurdF1784275378158858065 reported 512 MB free
2026/07/17 10:03:19 [MAB] event=reward_breakdown ts=1784275399760 policy=UCB1 function=mab_cost_aware_1784275377 arm=x86-tiny/gpu/nvidia base_tag=x86-tiny architecture=x86 specialization=tiny capabilities=[gpu,nvidia] duration_ms=3.831847 latency_reward=-1.343347 cost_weight=0.000000 cost_factor=1.600000 cost_term=0.000000 energy_weight=0.000000 energy_factor=1.800000 energy_term=0.000000 final_reward=-1.343347
2026/07/17 10:03:19 [MAB] event=update_reward ts=1784275399760 policy=UCB1 function=mab_cost_aware_1784275377 arm=x86-tiny/gpu/nvidia duration_ms=3.831847 warm_start=true reward=-1.343347 count=20 avg_reward=-1.178219 total_counts=46
2026/07/17 10:03:19 [LB] Compatible tag found: function=mab_cost_aware_1784275377 tag=x86-large/gpu/amd arch=amd64 pattern="gpu" ring_size=1
2026/07/17 10:03:19 [LB] Compatible tag found: function=mab_cost_aware_1784275377 tag=x86-tiny/gpu/nvidia arch=amd64 pattern="gpu" ring_size=1
2026/07/17 10:03:19 [LB] Compatible tags for function 'mab_cost_aware_1784275377': [x86-large/gpu/amd x86-tiny/gpu/nvidia]
2026/07/17 10:03:19 [LB][MAB] event=before_select function=mab_cost_aware_1784275377 compatible_tags=[x86-large/gpu/amd x86-tiny/gpu/nvidia] has_context=true
2026/07/17 10:03:19 [MAB] event=arm_score ts=1784275399981 policy=UCB1 function=mab_cost_aware_1784275377 arm=x86-large/gpu/amd score=-0.816178 base_score=-0.816178 count=26 avg_reward=-1.123169 exploration_bonus=0.306991 total_counts=46 utilization=0.000000 utilization_threshold=0.700000 utilization_penalty=0.000000 utilization_weight=8.000000 utilization_term=0.000000
2026/07/17 10:03:19 [MAB] event=arm_score ts=1784275399981 policy=UCB1 function=mab_cost_aware_1784275377 arm=x86-tiny/gpu/nvidia score=-0.828196 base_score=-0.828196 count=20 avg_reward=-1.178219 exploration_bonus=0.350024 total_counts=46 utilization=0.000000 utilization_threshold=0.700000 utilization_penalty=0.000000 utilization_weight=8.000000 utilization_term=0.000000
2026/07/17 10:03:19 [MAB] event=select_arm ts=1784275399981 policy=UCB1 function=mab_cost_aware_1784275377 selected_arm=x86-large/gpu/amd reason=ucb_score score=-0.816178 total_counts=46 arms=[x86-large/gpu/amd,x86-tiny/gpu/nvidia]
2026/07/17 10:03:19 [LB][MAB] event=after_select function=mab_cost_aware_1784275377 selected_tag=x86-large/gpu/amd compatible_tags=[x86-large/gpu/amd x86-tiny/gpu/nvidia]
2026/07/17 10:03:19 Candidate has: 256 MB free memory. Function needs: 128 MB
2026/07/17 10:03:19 [LB] Selected target for function 'mab_cost_aware_1784275377': target_tag=x86-large/gpu/amd candidate=Mc66k64k37PXWLjSnPv85K1784275378158161158 candidate_tag=x86-large/gpu/amd
2026/07/17 10:03:19 [LB-Update] Node Mc66k64k37PXWLjSnPv85K1784275378158161158 reported 256 MB free
2026/07/17 10:03:19 [MAB] event=reward_breakdown ts=1784275399985 policy=UCB1 function=mab_cost_aware_1784275377 arm=x86-large/gpu/amd base_tag=x86-large architecture=x86 specialization=large capabilities=[gpu,amd] duration_ms=3.191655 latency_reward=-1.160540 cost_weight=0.000000 cost_factor=1.200000 cost_term=0.000000 energy_weight=0.000000 energy_factor=1.200000 energy_term=0.000000 final_reward=-1.160540
2026/07/17 10:03:19 [MAB] event=update_reward ts=1784275399985 policy=UCB1 function=mab_cost_aware_1784275377 arm=x86-large/gpu/amd duration_ms=3.191655 warm_start=true reward=-1.160540 count=27 avg_reward=-1.124553 total_counts=47
2026/07/17 10:03:20 [LB] Compatible tag found: function=mab_cost_aware_1784275377 tag=x86-large/gpu/amd arch=amd64 pattern="gpu" ring_size=1
2026/07/17 10:03:20 [LB] Compatible tag found: function=mab_cost_aware_1784275377 tag=x86-tiny/gpu/nvidia arch=amd64 pattern="gpu" ring_size=1
2026/07/17 10:03:20 [LB] Compatible tags for function 'mab_cost_aware_1784275377': [x86-large/gpu/amd x86-tiny/gpu/nvidia]
2026/07/17 10:03:20 [LB][MAB] event=before_select function=mab_cost_aware_1784275377 compatible_tags=[x86-large/gpu/amd x86-tiny/gpu/nvidia] has_context=true
2026/07/17 10:03:20 [MAB] event=arm_score ts=1784275400206 policy=UCB1 function=mab_cost_aware_1784275377 arm=x86-large/gpu/amd score=-0.822456 base_score=-0.822456 count=27 avg_reward=-1.124553 exploration_bonus=0.302097 total_counts=47 utilization=0.000000 utilization_threshold=0.700000 utilization_penalty=0.000000 utilization_weight=8.000000 utilization_term=0.000000
2026/07/17 10:03:20 [MAB] event=arm_score ts=1784275400206 policy=UCB1 function=mab_cost_aware_1784275377 arm=x86-tiny/gpu/nvidia score=-0.827214 base_score=-0.827214 count=20 avg_reward=-1.178219 exploration_bonus=0.351005 total_counts=47 utilization=0.000000 utilization_threshold=0.700000 utilization_penalty=0.000000 utilization_weight=8.000000 utilization_term=0.000000
2026/07/17 10:03:20 [MAB] event=select_arm ts=1784275400206 policy=UCB1 function=mab_cost_aware_1784275377 selected_arm=x86-large/gpu/amd reason=ucb_score score=-0.822456 total_counts=47 arms=[x86-large/gpu/amd,x86-tiny/gpu/nvidia]
2026/07/17 10:03:20 [LB][MAB] event=after_select function=mab_cost_aware_1784275377 selected_tag=x86-large/gpu/amd compatible_tags=[x86-large/gpu/amd x86-tiny/gpu/nvidia]
2026/07/17 10:03:20 Candidate has: 256 MB free memory. Function needs: 128 MB
2026/07/17 10:03:20 [LB] Selected target for function 'mab_cost_aware_1784275377': target_tag=x86-large/gpu/amd candidate=Mc66k64k37PXWLjSnPv85K1784275378158161158 candidate_tag=x86-large/gpu/amd
2026/07/17 10:03:20 [LB-Update] Node Mc66k64k37PXWLjSnPv85K1784275378158161158 reported 256 MB free
2026/07/17 10:03:20 [MAB] event=reward_breakdown ts=1784275400210 policy=UCB1 function=mab_cost_aware_1784275377 arm=x86-large/gpu/amd base_tag=x86-large architecture=x86 specialization=large capabilities=[gpu,amd] duration_ms=2.999271 latency_reward=-1.098369 cost_weight=0.000000 cost_factor=1.200000 cost_term=0.000000 energy_weight=0.000000 energy_factor=1.200000 energy_term=0.000000 final_reward=-1.098369
2026/07/17 10:03:20 [MAB] event=update_reward ts=1784275400210 policy=UCB1 function=mab_cost_aware_1784275377 arm=x86-large/gpu/amd duration_ms=2.999271 warm_start=true reward=-1.098369 count=28 avg_reward=-1.123618 total_counts=48
2026/07/17 10:03:20 [LB] Compatible tag found: function=mab_cost_aware_1784275377 tag=x86-large/gpu/amd arch=amd64 pattern="gpu" ring_size=1
2026/07/17 10:03:20 [LB] Compatible tag found: function=mab_cost_aware_1784275377 tag=x86-tiny/gpu/nvidia arch=amd64 pattern="gpu" ring_size=1
2026/07/17 10:03:20 [LB] Compatible tags for function 'mab_cost_aware_1784275377': [x86-large/gpu/amd x86-tiny/gpu/nvidia]
2026/07/17 10:03:20 [LB][MAB] event=before_select function=mab_cost_aware_1784275377 compatible_tags=[x86-large/gpu/amd x86-tiny/gpu/nvidia] has_context=true
2026/07/17 10:03:20 [MAB] event=arm_score ts=1784275400430 policy=UCB1 function=mab_cost_aware_1784275377 arm=x86-large/gpu/amd score=-0.826154 base_score=-0.826154 count=28 avg_reward=-1.123618 exploration_bonus=0.297464 total_counts=48 utilization=0.000000 utilization_threshold=0.700000 utilization_penalty=0.000000 utilization_weight=8.000000 utilization_term=0.000000
2026/07/17 10:03:20 [MAB] event=arm_score ts=1784275400430 policy=UCB1 function=mab_cost_aware_1784275377 arm=x86-tiny/gpu/nvidia score=-0.826256 base_score=-0.826256 count=20 avg_reward=-1.178219 exploration_bonus=0.351964 total_counts=48 utilization=0.000000 utilization_threshold=0.700000 utilization_penalty=0.000000 utilization_weight=8.000000 utilization_term=0.000000
2026/07/17 10:03:20 [MAB] event=select_arm ts=1784275400430 policy=UCB1 function=mab_cost_aware_1784275377 selected_arm=x86-large/gpu/amd reason=ucb_score score=-0.826154 total_counts=48 arms=[x86-large/gpu/amd,x86-tiny/gpu/nvidia]
2026/07/17 10:03:20 [LB][MAB] event=after_select function=mab_cost_aware_1784275377 selected_tag=x86-large/gpu/amd compatible_tags=[x86-large/gpu/amd x86-tiny/gpu/nvidia]
2026/07/17 10:03:20 Candidate has: 256 MB free memory. Function needs: 128 MB
2026/07/17 10:03:20 [LB] Selected target for function 'mab_cost_aware_1784275377': target_tag=x86-large/gpu/amd candidate=Mc66k64k37PXWLjSnPv85K1784275378158161158 candidate_tag=x86-large/gpu/amd
2026/07/17 10:03:20 [LB-Update] Node Mc66k64k37PXWLjSnPv85K1784275378158161158 reported 256 MB free
2026/07/17 10:03:20 [MAB] event=reward_breakdown ts=1784275400434 policy=UCB1 function=mab_cost_aware_1784275377 arm=x86-large/gpu/amd base_tag=x86-large architecture=x86 specialization=large capabilities=[gpu,amd] duration_ms=3.173029 latency_reward=-1.154687 cost_weight=0.000000 cost_factor=1.200000 cost_term=0.000000 energy_weight=0.000000 energy_factor=1.200000 energy_term=0.000000 final_reward=-1.154687
2026/07/17 10:03:20 [MAB] event=update_reward ts=1784275400434 policy=UCB1 function=mab_cost_aware_1784275377 arm=x86-large/gpu/amd duration_ms=3.173029 warm_start=true reward=-1.154687 count=29 avg_reward=-1.124689 total_counts=49
2026/07/17 10:03:20 [LB] Compatible tag found: function=mab_cost_aware_1784275377 tag=x86-large/gpu/amd arch=amd64 pattern="gpu" ring_size=1
2026/07/17 10:03:20 [LB] Compatible tag found: function=mab_cost_aware_1784275377 tag=x86-tiny/gpu/nvidia arch=amd64 pattern="gpu" ring_size=1
2026/07/17 10:03:20 [LB] Compatible tags for function 'mab_cost_aware_1784275377': [x86-large/gpu/amd x86-tiny/gpu/nvidia]
2026/07/17 10:03:20 [LB][MAB] event=before_select function=mab_cost_aware_1784275377 compatible_tags=[x86-large/gpu/amd x86-tiny/gpu/nvidia] has_context=true
2026/07/17 10:03:20 [MAB] event=arm_score ts=1784275400655 policy=UCB1 function=mab_cost_aware_1784275377 arm=x86-large/gpu/amd score=-0.831622 base_score=-0.831622 count=29 avg_reward=-1.124689 exploration_bonus=0.293067 total_counts=49 utilization=0.000000 utilization_threshold=0.700000 utilization_penalty=0.000000 utilization_weight=8.000000 utilization_term=0.000000
2026/07/17 10:03:20 [MAB] event=arm_score ts=1784275400655 policy=UCB1 function=mab_cost_aware_1784275377 arm=x86-tiny/gpu/nvidia score=-0.825320 base_score=-0.825320 count=20 avg_reward=-1.178219 exploration_bonus=0.352900 total_counts=49 utilization=0.000000 utilization_threshold=0.700000 utilization_penalty=0.000000 utilization_weight=8.000000 utilization_term=0.000000
2026/07/17 10:03:20 [MAB] event=select_arm ts=1784275400655 policy=UCB1 function=mab_cost_aware_1784275377 selected_arm=x86-tiny/gpu/nvidia reason=ucb_score score=-0.825320 total_counts=49 arms=[x86-large/gpu/amd,x86-tiny/gpu/nvidia]
2026/07/17 10:03:20 [LB][MAB] event=after_select function=mab_cost_aware_1784275377 selected_tag=x86-tiny/gpu/nvidia compatible_tags=[x86-large/gpu/amd x86-tiny/gpu/nvidia]
2026/07/17 10:03:20 Candidate has: 512 MB free memory. Function needs: 128 MB
2026/07/17 10:03:20 [LB] Selected target for function 'mab_cost_aware_1784275377': target_tag=x86-tiny/gpu/nvidia candidate=wTr55Y46VyqmTWJEtCurdF1784275378158858065 candidate_tag=x86-tiny/gpu/nvidia
2026/07/17 10:03:20 [LB-Update] Node wTr55Y46VyqmTWJEtCurdF1784275378158858065 reported 512 MB free
2026/07/17 10:03:20 [MAB] event=reward_breakdown ts=1784275400659 policy=UCB1 function=mab_cost_aware_1784275377 arm=x86-tiny/gpu/nvidia base_tag=x86-tiny architecture=x86 specialization=tiny capabilities=[gpu,nvidia] duration_ms=3.063594 latency_reward=-1.119589 cost_weight=0.000000 cost_factor=1.600000 cost_term=0.000000 energy_weight=0.000000 energy_factor=1.800000 energy_term=0.000000 final_reward=-1.119589
2026/07/17 10:03:20 [MAB] event=update_reward ts=1784275400659 policy=UCB1 function=mab_cost_aware_1784275377 arm=x86-tiny/gpu/nvidia duration_ms=3.063594 warm_start=true reward=-1.119589 count=21 avg_reward=-1.175427 total_counts=50
2026/07/17 10:03:20 [LB] Compatible tag found: function=mab_cost_aware_1784275377 tag=x86-large/gpu/amd arch=amd64 pattern="gpu" ring_size=1
2026/07/17 10:03:20 [LB] Compatible tag found: function=mab_cost_aware_1784275377 tag=x86-tiny/gpu/nvidia arch=amd64 pattern="gpu" ring_size=1
2026/07/17 10:03:20 [LB] Compatible tags for function 'mab_cost_aware_1784275377': [x86-large/gpu/amd x86-tiny/gpu/nvidia]
2026/07/17 10:03:20 [LB][MAB] event=before_select function=mab_cost_aware_1784275377 compatible_tags=[x86-large/gpu/amd x86-tiny/gpu/nvidia] has_context=true
2026/07/17 10:03:20 [MAB] event=arm_score ts=1784275400878 policy=UCB1 function=mab_cost_aware_1784275377 arm=x86-large/gpu/amd score=-0.830862 base_score=-0.830862 count=29 avg_reward=-1.124689 exploration_bonus=0.293827 total_counts=50 utilization=0.000000 utilization_threshold=0.700000 utilization_penalty=0.000000 utilization_weight=8.000000 utilization_term=0.000000
2026/07/17 10:03:20 [MAB] event=arm_score ts=1784275400878 policy=UCB1 function=mab_cost_aware_1784275377 arm=x86-tiny/gpu/nvidia score=-0.830140 base_score=-0.830140 count=21 avg_reward=-1.175427 exploration_bonus=0.345288 total_counts=50 utilization=0.000000 utilization_threshold=0.700000 utilization_penalty=0.000000 utilization_weight=8.000000 utilization_term=0.000000
2026/07/17 10:03:20 [MAB] event=select_arm ts=1784275400878 policy=UCB1 function=mab_cost_aware_1784275377 selected_arm=x86-tiny/gpu/nvidia reason=ucb_score score=-0.830140 total_counts=50 arms=[x86-large/gpu/amd,x86-tiny/gpu/nvidia]
2026/07/17 10:03:20 [LB][MAB] event=after_select function=mab_cost_aware_1784275377 selected_tag=x86-tiny/gpu/nvidia compatible_tags=[x86-large/gpu/amd x86-tiny/gpu/nvidia]
2026/07/17 10:03:20 Candidate has: 512 MB free memory. Function needs: 128 MB
2026/07/17 10:03:20 [LB] Selected target for function 'mab_cost_aware_1784275377': target_tag=x86-tiny/gpu/nvidia candidate=wTr55Y46VyqmTWJEtCurdF1784275378158858065 candidate_tag=x86-tiny/gpu/nvidia
2026/07/17 10:03:20 [LB-Update] Node wTr55Y46VyqmTWJEtCurdF1784275378158858065 reported 512 MB free
2026/07/17 10:03:20 [MAB] event=reward_breakdown ts=1784275400881 policy=UCB1 function=mab_cost_aware_1784275377 arm=x86-tiny/gpu/nvidia base_tag=x86-tiny architecture=x86 specialization=tiny capabilities=[gpu,nvidia] duration_ms=2.446186 latency_reward=-0.894530 cost_weight=0.000000 cost_factor=1.600000 cost_term=0.000000 energy_weight=0.000000 energy_factor=1.800000 energy_term=0.000000 final_reward=-0.894530
2026/07/17 10:03:20 [MAB] event=update_reward ts=1784275400881 policy=UCB1 function=mab_cost_aware_1784275377 arm=x86-tiny/gpu/nvidia duration_ms=2.446186 warm_start=true reward=-0.894530 count=22 avg_reward=-1.162659 total_counts=51
2026/07/17 10:03:21 [LB] Compatible tag found: function=mab_cost_aware_1784275377 tag=x86-large/gpu/amd arch=amd64 pattern="gpu" ring_size=1
2026/07/17 10:03:21 [LB] Compatible tag found: function=mab_cost_aware_1784275377 tag=x86-tiny/gpu/nvidia arch=amd64 pattern="gpu" ring_size=1
2026/07/17 10:03:21 [LB] Compatible tags for function 'mab_cost_aware_1784275377': [x86-large/gpu/amd x86-tiny/gpu/nvidia]
2026/07/17 10:03:21 [LB][MAB] event=before_select function=mab_cost_aware_1784275377 compatible_tags=[x86-large/gpu/amd x86-tiny/gpu/nvidia] has_context=true
2026/07/17 10:03:21 [MAB] event=arm_score ts=1784275401104 policy=UCB1 function=mab_cost_aware_1784275377 arm=x86-large/gpu/amd score=-0.830119 base_score=-0.830119 count=29 avg_reward=-1.124689 exploration_bonus=0.294570 total_counts=51 utilization=0.000000 utilization_threshold=0.700000 utilization_penalty=0.000000 utilization_weight=8.000000 utilization_term=0.000000
2026/07/17 10:03:21 [MAB] event=arm_score ts=1784275401104 policy=UCB1 function=mab_cost_aware_1784275377 arm=x86-tiny/gpu/nvidia score=-0.824458 base_score=-0.824458 count=22 avg_reward=-1.162659 exploration_bonus=0.338202 total_counts=51 utilization=0.000000 utilization_threshold=0.700000 utilization_penalty=0.000000 utilization_weight=8.000000 utilization_term=0.000000
2026/07/17 10:03:21 [MAB] event=select_arm ts=1784275401104 policy=UCB1 function=mab_cost_aware_1784275377 selected_arm=x86-tiny/gpu/nvidia reason=ucb_score score=-0.824458 total_counts=51 arms=[x86-large/gpu/amd,x86-tiny/gpu/nvidia]
2026/07/17 10:03:21 [LB][MAB] event=after_select function=mab_cost_aware_1784275377 selected_tag=x86-tiny/gpu/nvidia compatible_tags=[x86-large/gpu/amd x86-tiny/gpu/nvidia]
2026/07/17 10:03:21 Candidate has: 512 MB free memory. Function needs: 128 MB
2026/07/17 10:03:21 [LB] Selected target for function 'mab_cost_aware_1784275377': target_tag=x86-tiny/gpu/nvidia candidate=wTr55Y46VyqmTWJEtCurdF1784275378158858065 candidate_tag=x86-tiny/gpu/nvidia
2026/07/17 10:03:21 [LB-Update] Node wTr55Y46VyqmTWJEtCurdF1784275378158858065 reported 512 MB free
2026/07/17 10:03:21 [MAB] event=reward_breakdown ts=1784275401107 policy=UCB1 function=mab_cost_aware_1784275377 arm=x86-tiny/gpu/nvidia base_tag=x86-tiny architecture=x86 specialization=tiny capabilities=[gpu,nvidia] duration_ms=2.839391 latency_reward=-1.043590 cost_weight=0.000000 cost_factor=1.600000 cost_term=0.000000 energy_weight=0.000000 energy_factor=1.800000 energy_term=0.000000 final_reward=-1.043590
2026/07/17 10:03:21 [MAB] event=update_reward ts=1784275401107 policy=UCB1 function=mab_cost_aware_1784275377 arm=x86-tiny/gpu/nvidia duration_ms=2.839391 warm_start=true reward=-1.043590 count=23 avg_reward=-1.157482 total_counts=52
2026/07/17 10:03:21 [LB]: Periodic targets update
2026/07/17 10:03:21 Found target: d9vVFs4fj97ZcEYU4FWAB51784275378161673878
2026/07/17 10:03:21 Found target: Mc66k64k37PXWLjSnPv85K1784275378158161158
2026/07/17 10:03:21 Found target: Av5rdunwxRZpxaTW9hGx8P1784275378156333978
2026/07/17 10:03:21 Found target: wTr55Y46VyqmTWJEtCurdF1784275378158858065
2026/07/17 10:03:21 Found 4 targets
2026/07/17 10:03:21 [LB] Compatible tag found: function=mab_cost_aware_1784275377 tag=x86-large/gpu/amd arch=amd64 pattern="gpu" ring_size=1
2026/07/17 10:03:21 [LB] Compatible tag found: function=mab_cost_aware_1784275377 tag=x86-tiny/gpu/nvidia arch=amd64 pattern="gpu" ring_size=1
2026/07/17 10:03:21 [LB] Compatible tags for function 'mab_cost_aware_1784275377': [x86-large/gpu/amd x86-tiny/gpu/nvidia]
2026/07/17 10:03:21 [LB][MAB] event=before_select function=mab_cost_aware_1784275377 compatible_tags=[x86-large/gpu/amd x86-tiny/gpu/nvidia] has_context=true
2026/07/17 10:03:21 [MAB] event=arm_score ts=1784275401330 policy=UCB1 function=mab_cost_aware_1784275377 arm=x86-large/gpu/amd score=-0.829393 base_score=-0.829393 count=29 avg_reward=-1.124689 exploration_bonus=0.295296 total_counts=52 utilization=0.000000 utilization_threshold=0.700000 utilization_penalty=0.000000 utilization_weight=8.000000 utilization_term=0.000000
2026/07/17 10:03:21 [MAB] event=arm_score ts=1784275401330 policy=UCB1 function=mab_cost_aware_1784275377 arm=x86-tiny/gpu/nvidia score=-0.825899 base_score=-0.825899 count=23 avg_reward=-1.157482 exploration_bonus=0.331584 total_counts=52 utilization=0.000000 utilization_threshold=0.700000 utilization_penalty=0.000000 utilization_weight=8.000000 utilization_term=0.000000
2026/07/17 10:03:21 [MAB] event=select_arm ts=1784275401330 policy=UCB1 function=mab_cost_aware_1784275377 selected_arm=x86-tiny/gpu/nvidia reason=ucb_score score=-0.825899 total_counts=52 arms=[x86-large/gpu/amd,x86-tiny/gpu/nvidia]
2026/07/17 10:03:21 [LB][MAB] event=after_select function=mab_cost_aware_1784275377 selected_tag=x86-tiny/gpu/nvidia compatible_tags=[x86-large/gpu/amd x86-tiny/gpu/nvidia]
2026/07/17 10:03:21 Candidate has: 512 MB free memory. Function needs: 128 MB
2026/07/17 10:03:21 [LB] Selected target for function 'mab_cost_aware_1784275377': target_tag=x86-tiny/gpu/nvidia candidate=wTr55Y46VyqmTWJEtCurdF1784275378158858065 candidate_tag=x86-tiny/gpu/nvidia
2026/07/17 10:03:21 [LB-Update] Node wTr55Y46VyqmTWJEtCurdF1784275378158858065 reported 512 MB free
2026/07/17 10:03:21 [MAB] event=reward_breakdown ts=1784275401333 policy=UCB1 function=mab_cost_aware_1784275377 arm=x86-tiny/gpu/nvidia base_tag=x86-tiny architecture=x86 specialization=tiny capabilities=[gpu,nvidia] duration_ms=2.937183 latency_reward=-1.077451 cost_weight=0.000000 cost_factor=1.600000 cost_term=0.000000 energy_weight=0.000000 energy_factor=1.800000 energy_term=0.000000 final_reward=-1.077451
2026/07/17 10:03:21 [MAB] event=update_reward ts=1784275401333 policy=UCB1 function=mab_cost_aware_1784275377 arm=x86-tiny/gpu/nvidia duration_ms=2.937183 warm_start=true reward=-1.077451 count=24 avg_reward=-1.154148 total_counts=53
2026/07/17 10:03:21 [LB] Compatible tag found: function=mab_cost_aware_1784275377 tag=x86-large/gpu/amd arch=amd64 pattern="gpu" ring_size=1
2026/07/17 10:03:21 [LB] Compatible tag found: function=mab_cost_aware_1784275377 tag=x86-tiny/gpu/nvidia arch=amd64 pattern="gpu" ring_size=1
2026/07/17 10:03:21 [LB] Compatible tags for function 'mab_cost_aware_1784275377': [x86-large/gpu/amd x86-tiny/gpu/nvidia]
2026/07/17 10:03:21 [LB][MAB] event=before_select function=mab_cost_aware_1784275377 compatible_tags=[x86-large/gpu/amd x86-tiny/gpu/nvidia] has_context=true
2026/07/17 10:03:21 [MAB] event=arm_score ts=1784275401555 policy=UCB1 function=mab_cost_aware_1784275377 arm=x86-large/gpu/amd score=-0.828682 base_score=-0.828682 count=29 avg_reward=-1.124689 exploration_bonus=0.296007 total_counts=53 utilization=0.000000 utilization_threshold=0.700000 utilization_penalty=0.000000 utilization_weight=8.000000 utilization_term=0.000000
2026/07/17 10:03:21 [MAB] event=arm_score ts=1784275401555 policy=UCB1 function=mab_cost_aware_1784275377 arm=x86-tiny/gpu/nvidia score=-0.828764 base_score=-0.828764 count=24 avg_reward=-1.154148 exploration_bonus=0.325384 total_counts=53 utilization=0.000000 utilization_threshold=0.700000 utilization_penalty=0.000000 utilization_weight=8.000000 utilization_term=0.000000
2026/07/17 10:03:21 [MAB] event=select_arm ts=1784275401555 policy=UCB1 function=mab_cost_aware_1784275377 selected_arm=x86-large/gpu/amd reason=ucb_score score=-0.828682 total_counts=53 arms=[x86-large/gpu/amd,x86-tiny/gpu/nvidia]
2026/07/17 10:03:21 [LB][MAB] event=after_select function=mab_cost_aware_1784275377 selected_tag=x86-large/gpu/amd compatible_tags=[x86-large/gpu/amd x86-tiny/gpu/nvidia]
2026/07/17 10:03:21 Candidate has: 256 MB free memory. Function needs: 128 MB
2026/07/17 10:03:21 [LB] Selected target for function 'mab_cost_aware_1784275377': target_tag=x86-large/gpu/amd candidate=Mc66k64k37PXWLjSnPv85K1784275378158161158 candidate_tag=x86-large/gpu/amd
2026/07/17 10:03:21 [LB-Update] Node Mc66k64k37PXWLjSnPv85K1784275378158161158 reported 256 MB free
2026/07/17 10:03:21 [MAB] event=reward_breakdown ts=1784275401560 policy=UCB1 function=mab_cost_aware_1784275377 arm=x86-large/gpu/amd base_tag=x86-large architecture=x86 specialization=large capabilities=[gpu,amd] duration_ms=3.734746 latency_reward=-1.317680 cost_weight=0.000000 cost_factor=1.200000 cost_term=0.000000 energy_weight=0.000000 energy_factor=1.200000 energy_term=0.000000 final_reward=-1.317680
2026/07/17 10:03:21 [MAB] event=update_reward ts=1784275401560 policy=UCB1 function=mab_cost_aware_1784275377 arm=x86-large/gpu/amd duration_ms=3.734746 warm_start=true reward=-1.317680 count=30 avg_reward=-1.131122 total_counts=54
2026/07/17 10:03:21 [LB] Compatible tag found: function=mab_cost_aware_1784275377 tag=x86-large/gpu/amd arch=amd64 pattern="gpu" ring_size=1
2026/07/17 10:03:21 [LB] Compatible tag found: function=mab_cost_aware_1784275377 tag=x86-tiny/gpu/nvidia arch=amd64 pattern="gpu" ring_size=1
2026/07/17 10:03:21 [LB] Compatible tags for function 'mab_cost_aware_1784275377': [x86-large/gpu/amd x86-tiny/gpu/nvidia]
2026/07/17 10:03:21 [LB][MAB] event=before_select function=mab_cost_aware_1784275377 compatible_tags=[x86-large/gpu/amd x86-tiny/gpu/nvidia] has_context=true
2026/07/17 10:03:21 [MAB] event=arm_score ts=1784275401780 policy=UCB1 function=mab_cost_aware_1784275377 arm=x86-large/gpu/amd score=-0.839406 base_score=-0.839406 count=30 avg_reward=-1.131122 exploration_bonus=0.291716 total_counts=54 utilization=0.000000 utilization_threshold=0.700000 utilization_penalty=0.000000 utilization_weight=8.000000 utilization_term=0.000000
2026/07/17 10:03:21 [MAB] event=arm_score ts=1784275401780 policy=UCB1 function=mab_cost_aware_1784275377 arm=x86-tiny/gpu/nvidia score=-0.827999 base_score=-0.827999 count=24 avg_reward=-1.154148 exploration_bonus=0.326149 total_counts=54 utilization=0.000000 utilization_threshold=0.700000 utilization_penalty=0.000000 utilization_weight=8.000000 utilization_term=0.000000
2026/07/17 10:03:21 [MAB] event=select_arm ts=1784275401780 policy=UCB1 function=mab_cost_aware_1784275377 selected_arm=x86-tiny/gpu/nvidia reason=ucb_score score=-0.827999 total_counts=54 arms=[x86-large/gpu/amd,x86-tiny/gpu/nvidia]
2026/07/17 10:03:21 [LB][MAB] event=after_select function=mab_cost_aware_1784275377 selected_tag=x86-tiny/gpu/nvidia compatible_tags=[x86-large/gpu/amd x86-tiny/gpu/nvidia]
2026/07/17 10:03:21 Candidate has: 512 MB free memory. Function needs: 128 MB
2026/07/17 10:03:21 [LB] Selected target for function 'mab_cost_aware_1784275377': target_tag=x86-tiny/gpu/nvidia candidate=wTr55Y46VyqmTWJEtCurdF1784275378158858065 candidate_tag=x86-tiny/gpu/nvidia
2026/07/17 10:03:21 [LB-Update] Node wTr55Y46VyqmTWJEtCurdF1784275378158858065 reported 512 MB free
2026/07/17 10:03:21 [MAB] event=reward_breakdown ts=1784275401784 policy=UCB1 function=mab_cost_aware_1784275377 arm=x86-tiny/gpu/nvidia base_tag=x86-tiny architecture=x86 specialization=tiny capabilities=[gpu,nvidia] duration_ms=3.672066 latency_reward=-1.300754 cost_weight=0.000000 cost_factor=1.600000 cost_term=0.000000 energy_weight=0.000000 energy_factor=1.800000 energy_term=0.000000 final_reward=-1.300754
2026/07/17 10:03:21 [MAB] event=update_reward ts=1784275401784 policy=UCB1 function=mab_cost_aware_1784275377 arm=x86-tiny/gpu/nvidia duration_ms=3.672066 warm_start=true reward=-1.300754 count=25 avg_reward=-1.160012 total_counts=55
2026/07/17 10:03:22 [LB] Compatible tag found: function=mab_cost_aware_1784275377 tag=x86-large/gpu/amd arch=amd64 pattern="gpu" ring_size=1
2026/07/17 10:03:22 [LB] Compatible tag found: function=mab_cost_aware_1784275377 tag=x86-tiny/gpu/nvidia arch=amd64 pattern="gpu" ring_size=1
2026/07/17 10:03:22 [LB] Compatible tags for function 'mab_cost_aware_1784275377': [x86-large/gpu/amd x86-tiny/gpu/nvidia]
2026/07/17 10:03:22 [LB][MAB] event=before_select function=mab_cost_aware_1784275377 compatible_tags=[x86-large/gpu/amd x86-tiny/gpu/nvidia] has_context=true
2026/07/17 10:03:22 [MAB] event=arm_score ts=1784275402006 policy=UCB1 function=mab_cost_aware_1784275377 arm=x86-large/gpu/amd score=-0.838736 base_score=-0.838736 count=30 avg_reward=-1.131122 exploration_bonus=0.292386 total_counts=55 utilization=0.000000 utilization_threshold=0.700000 utilization_penalty=0.000000 utilization_weight=8.000000 utilization_term=0.000000
2026/07/17 10:03:22 [MAB] event=arm_score ts=1784275402006 policy=UCB1 function=mab_cost_aware_1784275377 arm=x86-tiny/gpu/nvidia score=-0.839719 base_score=-0.839719 count=25 avg_reward=-1.160012 exploration_bonus=0.320293 total_counts=55 utilization=0.000000 utilization_threshold=0.700000 utilization_penalty=0.000000 utilization_weight=8.000000 utilization_term=0.000000
2026/07/17 10:03:22 [MAB] event=select_arm ts=1784275402006 policy=UCB1 function=mab_cost_aware_1784275377 selected_arm=x86-large/gpu/amd reason=ucb_score score=-0.838736 total_counts=55 arms=[x86-large/gpu/amd,x86-tiny/gpu/nvidia]
2026/07/17 10:03:22 [LB][MAB] event=after_select function=mab_cost_aware_1784275377 selected_tag=x86-large/gpu/amd compatible_tags=[x86-large/gpu/amd x86-tiny/gpu/nvidia]
2026/07/17 10:03:22 Candidate has: 256 MB free memory. Function needs: 128 MB
2026/07/17 10:03:22 [LB] Selected target for function 'mab_cost_aware_1784275377': target_tag=x86-large/gpu/amd candidate=Mc66k64k37PXWLjSnPv85K1784275378158161158 candidate_tag=x86-large/gpu/amd
2026/07/17 10:03:22 [LB-Update] Node Mc66k64k37PXWLjSnPv85K1784275378158161158 reported 256 MB free
2026/07/17 10:03:22 [MAB] event=reward_breakdown ts=1784275402010 policy=UCB1 function=mab_cost_aware_1784275377 arm=x86-large/gpu/amd base_tag=x86-large architecture=x86 specialization=large capabilities=[gpu,amd] duration_ms=2.744503 latency_reward=-1.009600 cost_weight=0.000000 cost_factor=1.200000 cost_term=0.000000 energy_weight=0.000000 energy_factor=1.200000 energy_term=0.000000 final_reward=-1.009600
2026/07/17 10:03:22 [MAB] event=update_reward ts=1784275402010 policy=UCB1 function=mab_cost_aware_1784275377 arm=x86-large/gpu/amd duration_ms=2.744503 warm_start=true reward=-1.009600 count=31 avg_reward=-1.127202 total_counts=56
2026/07/17 10:03:22 [LB] Compatible tag found: function=mab_cost_aware_1784275377 tag=x86-large/gpu/amd arch=amd64 pattern="gpu" ring_size=1
2026/07/17 10:03:22 [LB] Compatible tag found: function=mab_cost_aware_1784275377 tag=x86-tiny/gpu/nvidia arch=amd64 pattern="gpu" ring_size=1
2026/07/17 10:03:22 [LB] Compatible tags for function 'mab_cost_aware_1784275377': [x86-large/gpu/amd x86-tiny/gpu/nvidia]
2026/07/17 10:03:22 [LB][MAB] event=before_select function=mab_cost_aware_1784275377 compatible_tags=[x86-large/gpu/amd x86-tiny/gpu/nvidia] has_context=true
2026/07/17 10:03:22 [MAB] event=arm_score ts=1784275402230 policy=UCB1 function=mab_cost_aware_1784275377 arm=x86-large/gpu/amd score=-0.838924 base_score=-0.838924 count=31 avg_reward=-1.127202 exploration_bonus=0.288278 total_counts=56 utilization=0.000000 utilization_threshold=0.700000 utilization_penalty=0.000000 utilization_weight=8.000000 utilization_term=0.000000
2026/07/17 10:03:22 [MAB] event=arm_score ts=1784275402230 policy=UCB1 function=mab_cost_aware_1784275377 arm=x86-tiny/gpu/nvidia score=-0.839000 base_score=-0.839000 count=25 avg_reward=-1.160012 exploration_bonus=0.321012 total_counts=56 utilization=0.000000 utilization_threshold=0.700000 utilization_penalty=0.000000 utilization_weight=8.000000 utilization_term=0.000000
2026/07/17 10:03:22 [MAB] event=select_arm ts=1784275402230 policy=UCB1 function=mab_cost_aware_1784275377 selected_arm=x86-large/gpu/amd reason=ucb_score score=-0.838924 total_counts=56 arms=[x86-large/gpu/amd,x86-tiny/gpu/nvidia]
2026/07/17 10:03:22 [LB][MAB] event=after_select function=mab_cost_aware_1784275377 selected_tag=x86-large/gpu/amd compatible_tags=[x86-large/gpu/amd x86-tiny/gpu/nvidia]
2026/07/17 10:03:22 Candidate has: 256 MB free memory. Function needs: 128 MB
2026/07/17 10:03:22 [LB] Selected target for function 'mab_cost_aware_1784275377': target_tag=x86-large/gpu/amd candidate=Mc66k64k37PXWLjSnPv85K1784275378158161158 candidate_tag=x86-large/gpu/amd
2026/07/17 10:03:22 [LB-Update] Node Mc66k64k37PXWLjSnPv85K1784275378158161158 reported 256 MB free
2026/07/17 10:03:22 [MAB] event=reward_breakdown ts=1784275402234 policy=UCB1 function=mab_cost_aware_1784275377 arm=x86-large/gpu/amd base_tag=x86-large architecture=x86 specialization=large capabilities=[gpu,amd] duration_ms=3.122013 latency_reward=-1.138478 cost_weight=0.000000 cost_factor=1.200000 cost_term=0.000000 energy_weight=0.000000 energy_factor=1.200000 energy_term=0.000000 final_reward=-1.138478
2026/07/17 10:03:22 [MAB] event=update_reward ts=1784275402234 policy=UCB1 function=mab_cost_aware_1784275377 arm=x86-large/gpu/amd duration_ms=3.122013 warm_start=true reward=-1.138478 count=32 avg_reward=-1.127554 total_counts=57
2026/07/17 10:03:22 [LB] Compatible tag found: function=mab_cost_aware_1784275377 tag=x86-large/gpu/amd arch=amd64 pattern="gpu" ring_size=1
2026/07/17 10:03:22 [LB] Compatible tag found: function=mab_cost_aware_1784275377 tag=x86-tiny/gpu/nvidia arch=amd64 pattern="gpu" ring_size=1
2026/07/17 10:03:22 [LB] Compatible tags for function 'mab_cost_aware_1784275377': [x86-large/gpu/amd x86-tiny/gpu/nvidia]
2026/07/17 10:03:22 [LB][MAB] event=before_select function=mab_cost_aware_1784275377 compatible_tags=[x86-large/gpu/amd x86-tiny/gpu/nvidia] has_context=true
2026/07/17 10:03:22 [MAB] event=arm_score ts=1784275402456 policy=UCB1 function=mab_cost_aware_1784275377 arm=x86-large/gpu/amd score=-0.843194 base_score=-0.843194 count=32 avg_reward=-1.127554 exploration_bonus=0.284361 total_counts=57 utilization=0.000000 utilization_threshold=0.700000 utilization_penalty=0.000000 utilization_weight=8.000000 utilization_term=0.000000
2026/07/17 10:03:22 [MAB] event=arm_score ts=1784275402456 policy=UCB1 function=mab_cost_aware_1784275377 arm=x86-tiny/gpu/nvidia score=-0.838295 base_score=-0.838295 count=25 avg_reward=-1.160012 exploration_bonus=0.321717 total_counts=57 utilization=0.000000 utilization_threshold=0.700000 utilization_penalty=0.000000 utilization_weight=8.000000 utilization_term=0.000000
2026/07/17 10:03:22 [MAB] event=select_arm ts=1784275402456 policy=UCB1 function=mab_cost_aware_1784275377 selected_arm=x86-tiny/gpu/nvidia reason=ucb_score score=-0.838295 total_counts=57 arms=[x86-large/gpu/amd,x86-tiny/gpu/nvidia]
2026/07/17 10:03:22 [LB][MAB] event=after_select function=mab_cost_aware_1784275377 selected_tag=x86-tiny/gpu/nvidia compatible_tags=[x86-large/gpu/amd x86-tiny/gpu/nvidia]
2026/07/17 10:03:22 Candidate has: 512 MB free memory. Function needs: 128 MB
2026/07/17 10:03:22 [LB] Selected target for function 'mab_cost_aware_1784275377': target_tag=x86-tiny/gpu/nvidia candidate=wTr55Y46VyqmTWJEtCurdF1784275378158858065 candidate_tag=x86-tiny/gpu/nvidia
2026/07/17 10:03:22 [LB-Update] Node wTr55Y46VyqmTWJEtCurdF1784275378158858065 reported 512 MB free
2026/07/17 10:03:22 [MAB] event=reward_breakdown ts=1784275402461 policy=UCB1 function=mab_cost_aware_1784275377 arm=x86-tiny/gpu/nvidia base_tag=x86-tiny architecture=x86 specialization=tiny capabilities=[gpu,nvidia] duration_ms=3.540745 latency_reward=-1.264337 cost_weight=0.000000 cost_factor=1.600000 cost_term=0.000000 energy_weight=0.000000 energy_factor=1.800000 energy_term=0.000000 final_reward=-1.264337
2026/07/17 10:03:22 [MAB] event=update_reward ts=1784275402461 policy=UCB1 function=mab_cost_aware_1784275377 arm=x86-tiny/gpu/nvidia duration_ms=3.540745 warm_start=true reward=-1.264337 count=26 avg_reward=-1.164025 total_counts=58
