2026/07/06 18:32:39 Registration for node: (ROME)YUirJ6kQ2FHgbxRgEV4JGS1783355559388662827 - amd64
2026/07/06 18:32:39 Connecting to etcd
2026/07/06 18:32:39 Connected to etcd
2026/07/06 18:32:39 etcd connection state: READY
2026/07/06 18:32:39 etcd: connected and ready
2026/07/06 18:32:39 Registering to etcd: registry/ROME/__lb/amd64/YUirJ6kQ2FHgbxRgEV4JGS1783355559388662827
2026/07/06 18:32:39 Found target: WhGdXSMaK4VNAekSzir6491783355554389642233
2026/07/06 18:32:39 Found target: Uk7GAQ8hnugcvEoRMqDoKP1783355554387194779
2026/07/06 18:32:39 Found target: RwE2pnQPWxpJbvLqc8LJX71783355554384724877
2026/07/06 18:32:39 Found target: nEz7h2LBm2c75e6aPeDwqX1783355554388602578
2026/07/06 18:32:39 Found 4 targets
2026/07/06 18:32:39 Initializing with 4 targets.
2026/07/06 18:32:39 Running ArchitectureAwareLB with 128 replicas per node in the hash rings
2026/07/06 18:32:39 LB mode set to MAB
2026/07/06 18:32:39 [LB][MAB] event=new_machine_tag_discovered tag=arm-tiny arch=amd64 action=create_ring_and_add_mab_arm
2026/07/06 18:32:39 [LB] Adding target arm-tiny
2026/07/06 18:32:39 [LB][MAB] event=new_machine_tag_discovered tag=x86-large arch=amd64 action=create_ring_and_add_mab_arm
2026/07/06 18:32:39 [LB] Adding target x86-large
2026/07/06 18:32:39 [LB][MAB] event=new_machine_tag_discovered tag=x86-tiny arch=amd64 action=create_ring_and_add_mab_arm
2026/07/06 18:32:39 [LB] Adding target x86-tiny
2026/07/06 18:32:39 [LB][MAB] event=new_machine_tag_discovered tag=x86-tiny/gpu/nvidia arch=amd64 action=create_ring_and_add_mab_arm
2026/07/06 18:32:39 [LB] Adding target x86-tiny/gpu/nvidia
⇨ http server started on [::]:8080
2026/07/06 18:32:42 [LB]: Periodic targets update
2026/07/06 18:32:42 Found target: WhGdXSMaK4VNAekSzir6491783355554389642233
2026/07/06 18:32:42 Found target: Uk7GAQ8hnugcvEoRMqDoKP1783355554387194779
2026/07/06 18:32:42 Found target: RwE2pnQPWxpJbvLqc8LJX71783355554384724877
2026/07/06 18:32:42 Found target: nEz7h2LBm2c75e6aPeDwqX1783355554388602578
2026/07/06 18:32:42 Found 4 targets
2026/07/06 18:32:44 [LB] Compatible tag found: function=mab_cost_aware_1783355553 tag=arm-tiny arch=amd64 pattern="" ring_size=1
2026/07/06 18:32:44 [LB] Compatible tag found: function=mab_cost_aware_1783355553 tag=x86-large arch=amd64 pattern="" ring_size=1
2026/07/06 18:32:44 [LB] Compatible tag found: function=mab_cost_aware_1783355553 tag=x86-tiny arch=amd64 pattern="" ring_size=1
2026/07/06 18:32:44 [LB] Compatible tag found: function=mab_cost_aware_1783355553 tag=x86-tiny/gpu/nvidia arch=amd64 pattern="" ring_size=1
2026/07/06 18:32:44 [LB] Compatible tags for function 'mab_cost_aware_1783355553': [arm-tiny x86-large x86-tiny x86-tiny/gpu/nvidia]
2026/07/06 18:32:44 [LB][MAB] event=before_select function=mab_cost_aware_1783355553 compatible_tags=[arm-tiny x86-large x86-tiny x86-tiny/gpu/nvidia] has_context=true
2026/07/06 18:32:44 BanditManager GetBandit: policy type: UCB1
2026/07/06 18:32:44 Initialized UCB1 bandit for mab_cost_aware_1783355553
2026/07/06 18:32:44 [MAB] event=arm_added ts=1783355564426 policy=UCB1 function=mab_cost_aware_1783355553 arm=arm-tiny arms=[arm-tiny]
2026/07/06 18:32:44 [MAB] event=arm_added ts=1783355564426 policy=UCB1 function=mab_cost_aware_1783355553 arm=x86-large arms=[arm-tiny,x86-large]
2026/07/06 18:32:44 [MAB] event=arm_added ts=1783355564426 policy=UCB1 function=mab_cost_aware_1783355553 arm=x86-tiny arms=[arm-tiny,x86-large,x86-tiny]
2026/07/06 18:32:44 [MAB] event=arm_added ts=1783355564426 policy=UCB1 function=mab_cost_aware_1783355553 arm=x86-tiny/gpu/nvidia arms=[arm-tiny,x86-large,x86-tiny,x86-tiny/gpu/nvidia]
2026/07/06 18:32:44 [MAB] event=select_arm ts=1783355564426 policy=UCB1 function=mab_cost_aware_1783355553 selected_arm=x86-tiny/gpu/nvidia reason=least_tried score=0.000000 total_counts=0 arms=[arm-tiny,x86-large,x86-tiny,x86-tiny/gpu/nvidia]
2026/07/06 18:32:44 [LB][MAB] event=after_select function=mab_cost_aware_1783355553 selected_tag=x86-tiny/gpu/nvidia compatible_tags=[arm-tiny x86-large x86-tiny x86-tiny/gpu/nvidia]
2026/07/06 18:32:44 Candidate has: 512 MB free memory. Function needs: 128 MB
2026/07/06 18:32:44 [LB] Selected target for function 'mab_cost_aware_1783355553': target_tag=x86-tiny/gpu/nvidia candidate=nEz7h2LBm2c75e6aPeDwqX1783355554388602578 candidate_tag=x86-tiny/gpu/nvidia
2026/07/06 18:32:44 [LB-Update] Node nEz7h2LBm2c75e6aPeDwqX1783355554388602578 reported 512 MB free
2026/07/06 18:32:44 [MAB] event=skip_cold_start ts=1783355564909 policy=UCB1 function=mab_cost_aware_1783355553 arm=x86-tiny/gpu/nvidia duration_ms=6.045621 reason=cold_start
2026/07/06 18:32:45 [LB] Compatible tag found: function=mab_cost_aware_1783355553 tag=arm-tiny arch=amd64 pattern="" ring_size=1
2026/07/06 18:32:45 [LB] Compatible tag found: function=mab_cost_aware_1783355553 tag=x86-large arch=amd64 pattern="" ring_size=1
2026/07/06 18:32:45 [LB] Compatible tag found: function=mab_cost_aware_1783355553 tag=x86-tiny arch=amd64 pattern="" ring_size=1
2026/07/06 18:32:45 [LB] Compatible tag found: function=mab_cost_aware_1783355553 tag=x86-tiny/gpu/nvidia arch=amd64 pattern="" ring_size=1
2026/07/06 18:32:45 [LB] Compatible tags for function 'mab_cost_aware_1783355553': [arm-tiny x86-large x86-tiny x86-tiny/gpu/nvidia]
2026/07/06 18:32:45 [LB][MAB] event=before_select function=mab_cost_aware_1783355553 compatible_tags=[arm-tiny x86-large x86-tiny x86-tiny/gpu/nvidia] has_context=true
2026/07/06 18:32:45 [MAB] event=select_arm ts=1783355565131 policy=UCB1 function=mab_cost_aware_1783355553 selected_arm=arm-tiny reason=least_tried score=0.000000 total_counts=0 arms=[arm-tiny,x86-large,x86-tiny,x86-tiny/gpu/nvidia]
2026/07/06 18:32:45 [LB][MAB] event=after_select function=mab_cost_aware_1783355553 selected_tag=arm-tiny compatible_tags=[arm-tiny x86-large x86-tiny x86-tiny/gpu/nvidia]
2026/07/06 18:32:45 Candidate has: 512 MB free memory. Function needs: 128 MB
2026/07/06 18:32:45 [LB] Selected target for function 'mab_cost_aware_1783355553': target_tag=arm-tiny candidate=WhGdXSMaK4VNAekSzir6491783355554389642233 candidate_tag=arm-tiny
2026/07/06 18:32:45 [LB]: Periodic targets update
2026/07/06 18:32:45 Found target: Uk7GAQ8hnugcvEoRMqDoKP1783355554387194779
2026/07/06 18:32:45 Found target: RwE2pnQPWxpJbvLqc8LJX71783355554384724877
2026/07/06 18:32:45 Found target: nEz7h2LBm2c75e6aPeDwqX1783355554388602578
2026/07/06 18:32:45 Found target: WhGdXSMaK4VNAekSzir6491783355554389642233
2026/07/06 18:32:45 Found 4 targets
2026/07/06 18:32:45 [LB-Update] Node WhGdXSMaK4VNAekSzir6491783355554389642233 reported 512 MB free
2026/07/06 18:32:45 [MAB] event=skip_cold_start ts=1783355565620 policy=UCB1 function=mab_cost_aware_1783355553 arm=arm-tiny duration_ms=5.819691 reason=cold_start
2026/07/06 18:32:45 [LB] Compatible tag found: function=mab_cost_aware_1783355553 tag=arm-tiny arch=amd64 pattern="" ring_size=1
2026/07/06 18:32:45 [LB] Compatible tag found: function=mab_cost_aware_1783355553 tag=x86-large arch=amd64 pattern="" ring_size=1
2026/07/06 18:32:45 [LB] Compatible tag found: function=mab_cost_aware_1783355553 tag=x86-tiny arch=amd64 pattern="" ring_size=1
2026/07/06 18:32:45 [LB] Compatible tag found: function=mab_cost_aware_1783355553 tag=x86-tiny/gpu/nvidia arch=amd64 pattern="" ring_size=1
2026/07/06 18:32:45 [LB] Compatible tags for function 'mab_cost_aware_1783355553': [arm-tiny x86-large x86-tiny x86-tiny/gpu/nvidia]
2026/07/06 18:32:45 [LB][MAB] event=before_select function=mab_cost_aware_1783355553 compatible_tags=[arm-tiny x86-large x86-tiny x86-tiny/gpu/nvidia] has_context=true
2026/07/06 18:32:45 [MAB] event=select_arm ts=1783355565842 policy=UCB1 function=mab_cost_aware_1783355553 selected_arm=x86-tiny reason=least_tried score=0.000000 total_counts=0 arms=[arm-tiny,x86-large,x86-tiny,x86-tiny/gpu/nvidia]
2026/07/06 18:32:45 [LB][MAB] event=after_select function=mab_cost_aware_1783355553 selected_tag=x86-tiny compatible_tags=[arm-tiny x86-large x86-tiny x86-tiny/gpu/nvidia]
2026/07/06 18:32:45 Candidate has: 512 MB free memory. Function needs: 128 MB
2026/07/06 18:32:45 [LB] Selected target for function 'mab_cost_aware_1783355553': target_tag=x86-tiny candidate=RwE2pnQPWxpJbvLqc8LJX71783355554384724877 candidate_tag=x86-tiny
2026/07/06 18:32:46 [LB-Update] Node RwE2pnQPWxpJbvLqc8LJX71783355554384724877 reported 512 MB free
2026/07/06 18:32:46 [MAB] event=skip_cold_start ts=1783355566329 policy=UCB1 function=mab_cost_aware_1783355553 arm=x86-tiny duration_ms=6.184693 reason=cold_start
2026/07/06 18:32:46 [LB] Compatible tag found: function=mab_cost_aware_1783355553 tag=arm-tiny arch=amd64 pattern="" ring_size=1
2026/07/06 18:32:46 [LB] Compatible tag found: function=mab_cost_aware_1783355553 tag=x86-large arch=amd64 pattern="" ring_size=1
2026/07/06 18:32:46 [LB] Compatible tag found: function=mab_cost_aware_1783355553 tag=x86-tiny arch=amd64 pattern="" ring_size=1
2026/07/06 18:32:46 [LB] Compatible tag found: function=mab_cost_aware_1783355553 tag=x86-tiny/gpu/nvidia arch=amd64 pattern="" ring_size=1
2026/07/06 18:32:46 [LB] Compatible tags for function 'mab_cost_aware_1783355553': [arm-tiny x86-large x86-tiny x86-tiny/gpu/nvidia]
2026/07/06 18:32:46 [LB][MAB] event=before_select function=mab_cost_aware_1783355553 compatible_tags=[arm-tiny x86-large x86-tiny x86-tiny/gpu/nvidia] has_context=true
2026/07/06 18:32:46 [MAB] event=select_arm ts=1783355566552 policy=UCB1 function=mab_cost_aware_1783355553 selected_arm=arm-tiny reason=least_tried score=0.000000 total_counts=0 arms=[arm-tiny,x86-large,x86-tiny,x86-tiny/gpu/nvidia]
2026/07/06 18:32:46 [LB][MAB] event=after_select function=mab_cost_aware_1783355553 selected_tag=arm-tiny compatible_tags=[arm-tiny x86-large x86-tiny x86-tiny/gpu/nvidia]
2026/07/06 18:32:46 Candidate has: 512 MB free memory. Function needs: 128 MB
2026/07/06 18:32:46 [LB] Selected target for function 'mab_cost_aware_1783355553': target_tag=arm-tiny candidate=WhGdXSMaK4VNAekSzir6491783355554389642233 candidate_tag=arm-tiny
2026/07/06 18:32:46 [LB-Update] Node WhGdXSMaK4VNAekSzir6491783355554389642233 reported 512 MB free
2026/07/06 18:32:46 [MAB] event=reward_breakdown ts=1783355566559 policy=UCB1 function=mab_cost_aware_1783355553 arm=arm-tiny base_tag=arm-tiny architecture=arm specialization=tiny capabilities=[] duration_ms=5.164004 latency_reward=-1.641712 cost_weight=0.600000 cost_factor=0.400000 cost_term=0.240000 energy_weight=0.200000 energy_factor=0.600000 energy_term=0.120000 memory_weight=0.000000 memory_penalty=0.000000 memory_term=0.000000 final_reward=-2.001712
2026/07/06 18:32:46 [MAB] event=update_reward ts=1783355566559 policy=UCB1 function=mab_cost_aware_1783355553 arm=arm-tiny duration_ms=5.164004 warm_start=true reward=-2.001712 count=1 avg_reward=-2.001712 total_counts=1
2026/07/06 18:32:46 [LB] Compatible tag found: function=mab_cost_aware_1783355553 tag=arm-tiny arch=amd64 pattern="" ring_size=1
2026/07/06 18:32:46 [LB] Compatible tag found: function=mab_cost_aware_1783355553 tag=x86-large arch=amd64 pattern="" ring_size=1
2026/07/06 18:32:46 [LB] Compatible tag found: function=mab_cost_aware_1783355553 tag=x86-tiny arch=amd64 pattern="" ring_size=1
2026/07/06 18:32:46 [LB] Compatible tag found: function=mab_cost_aware_1783355553 tag=x86-tiny/gpu/nvidia arch=amd64 pattern="" ring_size=1
2026/07/06 18:32:46 [LB] Compatible tags for function 'mab_cost_aware_1783355553': [arm-tiny x86-large x86-tiny x86-tiny/gpu/nvidia]
2026/07/06 18:32:46 [LB][MAB] event=before_select function=mab_cost_aware_1783355553 compatible_tags=[arm-tiny x86-large x86-tiny x86-tiny/gpu/nvidia] has_context=true
2026/07/06 18:32:46 [MAB] event=select_arm ts=1783355566782 policy=UCB1 function=mab_cost_aware_1783355553 selected_arm=x86-tiny/gpu/nvidia reason=least_tried score=0.000000 total_counts=1 arms=[arm-tiny,x86-large,x86-tiny,x86-tiny/gpu/nvidia]
2026/07/06 18:32:46 [LB][MAB] event=after_select function=mab_cost_aware_1783355553 selected_tag=x86-tiny/gpu/nvidia compatible_tags=[arm-tiny x86-large x86-tiny x86-tiny/gpu/nvidia]
2026/07/06 18:32:46 Candidate has: 512 MB free memory. Function needs: 128 MB
2026/07/06 18:32:46 [LB] Selected target for function 'mab_cost_aware_1783355553': target_tag=x86-tiny/gpu/nvidia candidate=nEz7h2LBm2c75e6aPeDwqX1783355554388602578 candidate_tag=x86-tiny/gpu/nvidia
2026/07/06 18:32:46 [LB-Update] Node nEz7h2LBm2c75e6aPeDwqX1783355554388602578 reported 512 MB free
2026/07/06 18:32:46 [MAB] event=reward_breakdown ts=1783355566786 policy=UCB1 function=mab_cost_aware_1783355553 arm=x86-tiny/gpu/nvidia base_tag=x86-tiny architecture=x86 specialization=tiny capabilities=[gpu,nvidia] duration_ms=3.546643 latency_reward=-1.266002 cost_weight=0.600000 cost_factor=1.600000 cost_term=0.960000 energy_weight=0.200000 energy_factor=1.800000 energy_term=0.360000 memory_weight=0.000000 memory_penalty=0.000000 memory_term=0.000000 final_reward=-2.586002
2026/07/06 18:32:46 [MAB] event=update_reward ts=1783355566786 policy=UCB1 function=mab_cost_aware_1783355553 arm=x86-tiny/gpu/nvidia duration_ms=3.546643 warm_start=true reward=-2.586002 count=1 avg_reward=-2.586002 total_counts=2
2026/07/06 18:32:47 [LB] Compatible tag found: function=mab_cost_aware_1783355553 tag=arm-tiny arch=amd64 pattern="" ring_size=1
2026/07/06 18:32:47 [LB] Compatible tag found: function=mab_cost_aware_1783355553 tag=x86-large arch=amd64 pattern="" ring_size=1
2026/07/06 18:32:47 [LB] Compatible tag found: function=mab_cost_aware_1783355553 tag=x86-tiny arch=amd64 pattern="" ring_size=1
2026/07/06 18:32:47 [LB] Compatible tag found: function=mab_cost_aware_1783355553 tag=x86-tiny/gpu/nvidia arch=amd64 pattern="" ring_size=1
2026/07/06 18:32:47 [LB] Compatible tags for function 'mab_cost_aware_1783355553': [arm-tiny x86-large x86-tiny x86-tiny/gpu/nvidia]
2026/07/06 18:32:47 [LB][MAB] event=before_select function=mab_cost_aware_1783355553 compatible_tags=[arm-tiny x86-large x86-tiny x86-tiny/gpu/nvidia] has_context=true
2026/07/06 18:32:47 [MAB] event=select_arm ts=1783355567010 policy=UCB1 function=mab_cost_aware_1783355553 selected_arm=x86-large reason=least_tried score=0.000000 total_counts=2 arms=[arm-tiny,x86-large,x86-tiny,x86-tiny/gpu/nvidia]
2026/07/06 18:32:47 [LB][MAB] event=after_select function=mab_cost_aware_1783355553 selected_tag=x86-large compatible_tags=[arm-tiny x86-large x86-tiny x86-tiny/gpu/nvidia]
2026/07/06 18:32:47 Candidate has: 512 MB free memory. Function needs: 128 MB
2026/07/06 18:32:47 [LB] Selected target for function 'mab_cost_aware_1783355553': target_tag=x86-large candidate=Uk7GAQ8hnugcvEoRMqDoKP1783355554387194779 candidate_tag=x86-large
2026/07/06 18:32:47 [LB-Update] Node Uk7GAQ8hnugcvEoRMqDoKP1783355554387194779 reported 512 MB free
2026/07/06 18:32:47 [MAB] event=skip_cold_start ts=1783355567502 policy=UCB1 function=mab_cost_aware_1783355553 arm=x86-large duration_ms=6.754994 reason=cold_start
2026/07/06 18:32:47 [LB] Compatible tag found: function=mab_cost_aware_1783355553 tag=arm-tiny arch=amd64 pattern="" ring_size=1
2026/07/06 18:32:47 [LB] Compatible tag found: function=mab_cost_aware_1783355553 tag=x86-large arch=amd64 pattern="" ring_size=1
2026/07/06 18:32:47 [LB] Compatible tag found: function=mab_cost_aware_1783355553 tag=x86-tiny arch=amd64 pattern="" ring_size=1
2026/07/06 18:32:47 [LB] Compatible tag found: function=mab_cost_aware_1783355553 tag=x86-tiny/gpu/nvidia arch=amd64 pattern="" ring_size=1
2026/07/06 18:32:47 [LB] Compatible tags for function 'mab_cost_aware_1783355553': [arm-tiny x86-large x86-tiny x86-tiny/gpu/nvidia]
2026/07/06 18:32:47 [LB][MAB] event=before_select function=mab_cost_aware_1783355553 compatible_tags=[arm-tiny x86-large x86-tiny x86-tiny/gpu/nvidia] has_context=true
2026/07/06 18:32:47 [MAB] event=select_arm ts=1783355567723 policy=UCB1 function=mab_cost_aware_1783355553 selected_arm=x86-large reason=least_tried score=0.000000 total_counts=2 arms=[arm-tiny,x86-large,x86-tiny,x86-tiny/gpu/nvidia]
2026/07/06 18:32:47 [LB][MAB] event=after_select function=mab_cost_aware_1783355553 selected_tag=x86-large compatible_tags=[arm-tiny x86-large x86-tiny x86-tiny/gpu/nvidia]
2026/07/06 18:32:47 Candidate has: 512 MB free memory. Function needs: 128 MB
2026/07/06 18:32:47 [LB] Selected target for function 'mab_cost_aware_1783355553': target_tag=x86-large candidate=Uk7GAQ8hnugcvEoRMqDoKP1783355554387194779 candidate_tag=x86-large
2026/07/06 18:32:47 [LB-Update] Node Uk7GAQ8hnugcvEoRMqDoKP1783355554387194779 reported 512 MB free
2026/07/06 18:32:47 [MAB] event=reward_breakdown ts=1783355567727 policy=UCB1 function=mab_cost_aware_1783355553 arm=x86-large base_tag=x86-large architecture=x86 specialization=large capabilities=[] duration_ms=3.281314 latency_reward=-1.188244 cost_weight=0.600000 cost_factor=1.200000 cost_term=0.720000 energy_weight=0.200000 energy_factor=1.200000 energy_term=0.240000 memory_weight=0.000000 memory_penalty=0.000000 memory_term=0.000000 final_reward=-2.148244
2026/07/06 18:32:47 [MAB] event=update_reward ts=1783355567727 policy=UCB1 function=mab_cost_aware_1783355553 arm=x86-large duration_ms=3.281314 warm_start=true reward=-2.148244 count=1 avg_reward=-2.148244 total_counts=3
2026/07/06 18:32:47 [LB] Compatible tag found: function=mab_cost_aware_1783355553 tag=arm-tiny arch=amd64 pattern="" ring_size=1
2026/07/06 18:32:47 [LB] Compatible tag found: function=mab_cost_aware_1783355553 tag=x86-large arch=amd64 pattern="" ring_size=1
2026/07/06 18:32:47 [LB] Compatible tag found: function=mab_cost_aware_1783355553 tag=x86-tiny arch=amd64 pattern="" ring_size=1
2026/07/06 18:32:47 [LB] Compatible tag found: function=mab_cost_aware_1783355553 tag=x86-tiny/gpu/nvidia arch=amd64 pattern="" ring_size=1
2026/07/06 18:32:47 [LB] Compatible tags for function 'mab_cost_aware_1783355553': [arm-tiny x86-large x86-tiny x86-tiny/gpu/nvidia]
2026/07/06 18:32:47 [LB][MAB] event=before_select function=mab_cost_aware_1783355553 compatible_tags=[arm-tiny x86-large x86-tiny x86-tiny/gpu/nvidia] has_context=true
2026/07/06 18:32:47 [MAB] event=select_arm ts=1783355567949 policy=UCB1 function=mab_cost_aware_1783355553 selected_arm=x86-tiny reason=least_tried score=0.000000 total_counts=3 arms=[arm-tiny,x86-large,x86-tiny,x86-tiny/gpu/nvidia]
2026/07/06 18:32:47 [LB][MAB] event=after_select function=mab_cost_aware_1783355553 selected_tag=x86-tiny compatible_tags=[arm-tiny x86-large x86-tiny x86-tiny/gpu/nvidia]
2026/07/06 18:32:47 Candidate has: 512 MB free memory. Function needs: 128 MB
2026/07/06 18:32:47 [LB] Selected target for function 'mab_cost_aware_1783355553': target_tag=x86-tiny candidate=RwE2pnQPWxpJbvLqc8LJX71783355554384724877 candidate_tag=x86-tiny
2026/07/06 18:32:47 [LB-Update] Node RwE2pnQPWxpJbvLqc8LJX71783355554384724877 reported 512 MB free
2026/07/06 18:32:47 [MAB] event=reward_breakdown ts=1783355567953 policy=UCB1 function=mab_cost_aware_1783355553 arm=x86-tiny base_tag=x86-tiny architecture=x86 specialization=tiny capabilities=[] duration_ms=3.075458 latency_reward=-1.123454 cost_weight=0.600000 cost_factor=0.400000 cost_term=0.240000 energy_weight=0.200000 energy_factor=1.000000 energy_term=0.200000 memory_weight=0.000000 memory_penalty=0.000000 memory_term=0.000000 final_reward=-1.563454
2026/07/06 18:32:47 [MAB] event=update_reward ts=1783355567953 policy=UCB1 function=mab_cost_aware_1783355553 arm=x86-tiny duration_ms=3.075458 warm_start=true reward=-1.563454 count=1 avg_reward=-1.563454 total_counts=4
2026/07/06 18:32:48 [LB] Compatible tag found: function=mab_cost_aware_1783355553 tag=arm-tiny arch=amd64 pattern="" ring_size=1
2026/07/06 18:32:48 [LB] Compatible tag found: function=mab_cost_aware_1783355553 tag=x86-large arch=amd64 pattern="" ring_size=1
2026/07/06 18:32:48 [LB] Compatible tag found: function=mab_cost_aware_1783355553 tag=x86-tiny arch=amd64 pattern="" ring_size=1
2026/07/06 18:32:48 [LB] Compatible tag found: function=mab_cost_aware_1783355553 tag=x86-tiny/gpu/nvidia arch=amd64 pattern="" ring_size=1
2026/07/06 18:32:48 [LB] Compatible tags for function 'mab_cost_aware_1783355553': [arm-tiny x86-large x86-tiny x86-tiny/gpu/nvidia]
2026/07/06 18:32:48 [LB][MAB] event=before_select function=mab_cost_aware_1783355553 compatible_tags=[arm-tiny x86-large x86-tiny x86-tiny/gpu/nvidia] has_context=true
2026/07/06 18:32:48 [MAB] event=arm_score ts=1783355568172 policy=UCB1 function=mab_cost_aware_1783355553 arm=x86-tiny/gpu/nvidia score=-1.644074 count=1 avg_reward=-2.586002 total_counts=4
2026/07/06 18:32:48 [MAB] event=arm_score ts=1783355568172 policy=UCB1 function=mab_cost_aware_1783355553 arm=arm-tiny score=-1.059784 count=1 avg_reward=-2.001712 total_counts=4
2026/07/06 18:32:48 [MAB] event=arm_score ts=1783355568172 policy=UCB1 function=mab_cost_aware_1783355553 arm=x86-large score=-1.206316 count=1 avg_reward=-2.148244 total_counts=4
2026/07/06 18:32:48 [MAB] event=arm_score ts=1783355568172 policy=UCB1 function=mab_cost_aware_1783355553 arm=x86-tiny score=-0.621526 count=1 avg_reward=-1.563454 total_counts=4
2026/07/06 18:32:48 [MAB] event=select_arm ts=1783355568172 policy=UCB1 function=mab_cost_aware_1783355553 selected_arm=x86-tiny reason=ucb_score score=-0.621526 total_counts=4 arms=[arm-tiny,x86-large,x86-tiny,x86-tiny/gpu/nvidia]
2026/07/06 18:32:48 [LB][MAB] event=after_select function=mab_cost_aware_1783355553 selected_tag=x86-tiny compatible_tags=[arm-tiny x86-large x86-tiny x86-tiny/gpu/nvidia]
2026/07/06 18:32:48 Candidate has: 512 MB free memory. Function needs: 128 MB
2026/07/06 18:32:48 [LB] Selected target for function 'mab_cost_aware_1783355553': target_tag=x86-tiny candidate=RwE2pnQPWxpJbvLqc8LJX71783355554384724877 candidate_tag=x86-tiny
2026/07/06 18:32:48 [LB-Update] Node RwE2pnQPWxpJbvLqc8LJX71783355554384724877 reported 512 MB free
2026/07/06 18:32:48 [MAB] event=reward_breakdown ts=1783355568177 policy=UCB1 function=mab_cost_aware_1783355553 arm=x86-tiny base_tag=x86-tiny architecture=x86 specialization=tiny capabilities=[] duration_ms=3.320915 latency_reward=-1.200240 cost_weight=0.600000 cost_factor=0.400000 cost_term=0.240000 energy_weight=0.200000 energy_factor=1.000000 energy_term=0.200000 memory_weight=0.000000 memory_penalty=0.000000 memory_term=0.000000 final_reward=-1.640240
2026/07/06 18:32:48 [MAB] event=update_reward ts=1783355568177 policy=UCB1 function=mab_cost_aware_1783355553 arm=x86-tiny duration_ms=3.320915 warm_start=true reward=-1.640240 count=2 avg_reward=-1.601847 total_counts=5
2026/07/06 18:32:48 [LB] Compatible tag found: function=mab_cost_aware_1783355553 tag=arm-tiny arch=amd64 pattern="" ring_size=1
2026/07/06 18:32:48 [LB] Compatible tag found: function=mab_cost_aware_1783355553 tag=x86-large arch=amd64 pattern="" ring_size=1
2026/07/06 18:32:48 [LB] Compatible tag found: function=mab_cost_aware_1783355553 tag=x86-tiny arch=amd64 pattern="" ring_size=1
2026/07/06 18:32:48 [LB] Compatible tag found: function=mab_cost_aware_1783355553 tag=x86-tiny/gpu/nvidia arch=amd64 pattern="" ring_size=1
2026/07/06 18:32:48 [LB] Compatible tags for function 'mab_cost_aware_1783355553': [arm-tiny x86-large x86-tiny x86-tiny/gpu/nvidia]
2026/07/06 18:32:48 [LB][MAB] event=before_select function=mab_cost_aware_1783355553 compatible_tags=[arm-tiny x86-large x86-tiny x86-tiny/gpu/nvidia] has_context=true
2026/07/06 18:32:48 [MAB] event=arm_score ts=1783355568397 policy=UCB1 function=mab_cost_aware_1783355553 arm=x86-tiny score=-0.884198 count=2 avg_reward=-1.601847 total_counts=5
2026/07/06 18:32:48 [MAB] event=arm_score ts=1783355568397 policy=UCB1 function=mab_cost_aware_1783355553 arm=x86-tiny/gpu/nvidia score=-1.571093 count=1 avg_reward=-2.586002 total_counts=5
2026/07/06 18:32:48 [MAB] event=arm_score ts=1783355568397 policy=UCB1 function=mab_cost_aware_1783355553 arm=arm-tiny score=-0.986803 count=1 avg_reward=-2.001712 total_counts=5
2026/07/06 18:32:48 [MAB] event=arm_score ts=1783355568397 policy=UCB1 function=mab_cost_aware_1783355553 arm=x86-large score=-1.133335 count=1 avg_reward=-2.148244 total_counts=5
2026/07/06 18:32:48 [MAB] event=select_arm ts=1783355568397 policy=UCB1 function=mab_cost_aware_1783355553 selected_arm=x86-tiny reason=ucb_score score=-0.884198 total_counts=5 arms=[arm-tiny,x86-large,x86-tiny,x86-tiny/gpu/nvidia]
2026/07/06 18:32:48 [LB][MAB] event=after_select function=mab_cost_aware_1783355553 selected_tag=x86-tiny compatible_tags=[arm-tiny x86-large x86-tiny x86-tiny/gpu/nvidia]
2026/07/06 18:32:48 Candidate has: 512 MB free memory. Function needs: 128 MB
2026/07/06 18:32:48 [LB] Selected target for function 'mab_cost_aware_1783355553': target_tag=x86-tiny candidate=RwE2pnQPWxpJbvLqc8LJX71783355554384724877 candidate_tag=x86-tiny
2026/07/06 18:32:48 [LB-Update] Node RwE2pnQPWxpJbvLqc8LJX71783355554384724877 reported 512 MB free
2026/07/06 18:32:48 [MAB] event=reward_breakdown ts=1783355568400 policy=UCB1 function=mab_cost_aware_1783355553 arm=x86-tiny base_tag=x86-tiny architecture=x86 specialization=tiny capabilities=[] duration_ms=2.930135 latency_reward=-1.075048 cost_weight=0.600000 cost_factor=0.400000 cost_term=0.240000 energy_weight=0.200000 energy_factor=1.000000 energy_term=0.200000 memory_weight=0.000000 memory_penalty=0.000000 memory_term=0.000000 final_reward=-1.515048
2026/07/06 18:32:48 [MAB] event=update_reward ts=1783355568400 policy=UCB1 function=mab_cost_aware_1783355553 arm=x86-tiny duration_ms=2.930135 warm_start=true reward=-1.515048 count=3 avg_reward=-1.572914 total_counts=6
2026/07/06 18:32:48 [LB]: Periodic targets update
2026/07/06 18:32:48 Found target: WhGdXSMaK4VNAekSzir6491783355554389642233
2026/07/06 18:32:48 Found target: Uk7GAQ8hnugcvEoRMqDoKP1783355554387194779
2026/07/06 18:32:48 Found target: RwE2pnQPWxpJbvLqc8LJX71783355554384724877
2026/07/06 18:32:48 Found target: nEz7h2LBm2c75e6aPeDwqX1783355554388602578
2026/07/06 18:32:48 Found 4 targets
2026/07/06 18:32:48 [LB] Compatible tag found: function=mab_cost_aware_1783355553 tag=arm-tiny arch=amd64 pattern="" ring_size=1
2026/07/06 18:32:48 [LB] Compatible tag found: function=mab_cost_aware_1783355553 tag=x86-large arch=amd64 pattern="" ring_size=1
2026/07/06 18:32:48 [LB] Compatible tag found: function=mab_cost_aware_1783355553 tag=x86-tiny arch=amd64 pattern="" ring_size=1
2026/07/06 18:32:48 [LB] Compatible tag found: function=mab_cost_aware_1783355553 tag=x86-tiny/gpu/nvidia arch=amd64 pattern="" ring_size=1
2026/07/06 18:32:48 [LB] Compatible tags for function 'mab_cost_aware_1783355553': [arm-tiny x86-large x86-tiny x86-tiny/gpu/nvidia]
2026/07/06 18:32:48 [LB][MAB] event=before_select function=mab_cost_aware_1783355553 compatible_tags=[arm-tiny x86-large x86-tiny x86-tiny/gpu/nvidia] has_context=true
2026/07/06 18:32:48 [MAB] event=arm_score ts=1783355568617 policy=UCB1 function=mab_cost_aware_1783355553 arm=arm-tiny score=-0.930859 count=1 avg_reward=-2.001712 total_counts=6
2026/07/06 18:32:48 [MAB] event=arm_score ts=1783355568617 policy=UCB1 function=mab_cost_aware_1783355553 arm=x86-large score=-1.077391 count=1 avg_reward=-2.148244 total_counts=6
2026/07/06 18:32:48 [MAB] event=arm_score ts=1783355568617 policy=UCB1 function=mab_cost_aware_1783355553 arm=x86-tiny score=-0.954657 count=3 avg_reward=-1.572914 total_counts=6
2026/07/06 18:32:48 [MAB] event=arm_score ts=1783355568617 policy=UCB1 function=mab_cost_aware_1783355553 arm=x86-tiny/gpu/nvidia score=-1.515149 count=1 avg_reward=-2.586002 total_counts=6
2026/07/06 18:32:48 [MAB] event=select_arm ts=1783355568617 policy=UCB1 function=mab_cost_aware_1783355553 selected_arm=arm-tiny reason=ucb_score score=-0.930859 total_counts=6 arms=[arm-tiny,x86-large,x86-tiny,x86-tiny/gpu/nvidia]
2026/07/06 18:32:48 [LB][MAB] event=after_select function=mab_cost_aware_1783355553 selected_tag=arm-tiny compatible_tags=[arm-tiny x86-large x86-tiny x86-tiny/gpu/nvidia]
2026/07/06 18:32:48 Candidate has: 512 MB free memory. Function needs: 128 MB
2026/07/06 18:32:48 [LB] Selected target for function 'mab_cost_aware_1783355553': target_tag=arm-tiny candidate=WhGdXSMaK4VNAekSzir6491783355554389642233 candidate_tag=arm-tiny
2026/07/06 18:32:48 [LB-Update] Node WhGdXSMaK4VNAekSzir6491783355554389642233 reported 512 MB free
2026/07/06 18:32:48 [MAB] event=reward_breakdown ts=1783355568620 policy=UCB1 function=mab_cost_aware_1783355553 arm=arm-tiny base_tag=arm-tiny architecture=arm specialization=tiny capabilities=[] duration_ms=2.884668 latency_reward=-1.059410 cost_weight=0.600000 cost_factor=0.400000 cost_term=0.240000 energy_weight=0.200000 energy_factor=0.600000 energy_term=0.120000 memory_weight=0.000000 memory_penalty=0.000000 memory_term=0.000000 final_reward=-1.419410
2026/07/06 18:32:48 [MAB] event=update_reward ts=1783355568620 policy=UCB1 function=mab_cost_aware_1783355553 arm=arm-tiny duration_ms=2.884668 warm_start=true reward=-1.419410 count=2 avg_reward=-1.710561 total_counts=7
2026/07/06 18:32:48 [LB] Compatible tag found: function=mab_cost_aware_1783355553 tag=arm-tiny arch=amd64 pattern="" ring_size=1
2026/07/06 18:32:48 [LB] Compatible tag found: function=mab_cost_aware_1783355553 tag=x86-large arch=amd64 pattern="" ring_size=1
2026/07/06 18:32:48 [LB] Compatible tag found: function=mab_cost_aware_1783355553 tag=x86-tiny arch=amd64 pattern="" ring_size=1
2026/07/06 18:32:48 [LB] Compatible tag found: function=mab_cost_aware_1783355553 tag=x86-tiny/gpu/nvidia arch=amd64 pattern="" ring_size=1
2026/07/06 18:32:48 [LB] Compatible tags for function 'mab_cost_aware_1783355553': [arm-tiny x86-large x86-tiny x86-tiny/gpu/nvidia]
2026/07/06 18:32:48 [LB][MAB] event=before_select function=mab_cost_aware_1783355553 compatible_tags=[arm-tiny x86-large x86-tiny x86-tiny/gpu/nvidia] has_context=true
2026/07/06 18:32:48 [MAB] event=arm_score ts=1783355568840 policy=UCB1 function=mab_cost_aware_1783355553 arm=x86-large score=-1.032277 count=1 avg_reward=-2.148244 total_counts=7
2026/07/06 18:32:48 [MAB] event=arm_score ts=1783355568840 policy=UCB1 function=mab_cost_aware_1783355553 arm=x86-tiny score=-0.928610 count=3 avg_reward=-1.572914 total_counts=7
2026/07/06 18:32:48 [MAB] event=arm_score ts=1783355568840 policy=UCB1 function=mab_cost_aware_1783355553 arm=x86-tiny/gpu/nvidia score=-1.470034 count=1 avg_reward=-2.586002 total_counts=7
2026/07/06 18:32:48 [MAB] event=arm_score ts=1783355568840 policy=UCB1 function=mab_cost_aware_1783355553 arm=arm-tiny score=-0.921453 count=2 avg_reward=-1.710561 total_counts=7
2026/07/06 18:32:48 [MAB] event=select_arm ts=1783355568840 policy=UCB1 function=mab_cost_aware_1783355553 selected_arm=arm-tiny reason=ucb_score score=-0.921453 total_counts=7 arms=[arm-tiny,x86-large,x86-tiny,x86-tiny/gpu/nvidia]
2026/07/06 18:32:48 [LB][MAB] event=after_select function=mab_cost_aware_1783355553 selected_tag=arm-tiny compatible_tags=[arm-tiny x86-large x86-tiny x86-tiny/gpu/nvidia]
2026/07/06 18:32:48 Candidate has: 512 MB free memory. Function needs: 128 MB
2026/07/06 18:32:48 [LB] Selected target for function 'mab_cost_aware_1783355553': target_tag=arm-tiny candidate=WhGdXSMaK4VNAekSzir6491783355554389642233 candidate_tag=arm-tiny
2026/07/06 18:32:48 [LB-Update] Node WhGdXSMaK4VNAekSzir6491783355554389642233 reported 512 MB free
2026/07/06 18:32:48 [MAB] event=reward_breakdown ts=1783355568845 policy=UCB1 function=mab_cost_aware_1783355553 arm=arm-tiny base_tag=arm-tiny architecture=arm specialization=tiny capabilities=[] duration_ms=3.768347 latency_reward=-1.326636 cost_weight=0.600000 cost_factor=0.400000 cost_term=0.240000 energy_weight=0.200000 energy_factor=0.600000 energy_term=0.120000 memory_weight=0.000000 memory_penalty=0.000000 memory_term=0.000000 final_reward=-1.686636
2026/07/06 18:32:48 [MAB] event=update_reward ts=1783355568845 policy=UCB1 function=mab_cost_aware_1783355553 arm=arm-tiny duration_ms=3.768347 warm_start=true reward=-1.686636 count=3 avg_reward=-1.702586 total_counts=8
2026/07/06 18:32:49 [LB] Compatible tag found: function=mab_cost_aware_1783355553 tag=arm-tiny arch=amd64 pattern="" ring_size=1
2026/07/06 18:32:49 [LB] Compatible tag found: function=mab_cost_aware_1783355553 tag=x86-large arch=amd64 pattern="" ring_size=1
2026/07/06 18:32:49 [LB] Compatible tag found: function=mab_cost_aware_1783355553 tag=x86-tiny arch=amd64 pattern="" ring_size=1
2026/07/06 18:32:49 [LB] Compatible tag found: function=mab_cost_aware_1783355553 tag=x86-tiny/gpu/nvidia arch=amd64 pattern="" ring_size=1
2026/07/06 18:32:49 [LB] Compatible tags for function 'mab_cost_aware_1783355553': [arm-tiny x86-large x86-tiny x86-tiny/gpu/nvidia]
2026/07/06 18:32:49 [LB][MAB] event=before_select function=mab_cost_aware_1783355553 compatible_tags=[arm-tiny x86-large x86-tiny x86-tiny/gpu/nvidia] has_context=true
2026/07/06 18:32:49 [MAB] event=arm_score ts=1783355569066 policy=UCB1 function=mab_cost_aware_1783355553 arm=x86-tiny/gpu/nvidia score=-1.432380 count=1 avg_reward=-2.586002 total_counts=8
2026/07/06 18:32:49 [MAB] event=arm_score ts=1783355569066 policy=UCB1 function=mab_cost_aware_1783355553 arm=arm-tiny score=-1.036542 count=3 avg_reward=-1.702586 total_counts=8
2026/07/06 18:32:49 [MAB] event=arm_score ts=1783355569066 policy=UCB1 function=mab_cost_aware_1783355553 arm=x86-large score=-0.994622 count=1 avg_reward=-2.148244 total_counts=8
2026/07/06 18:32:49 [MAB] event=arm_score ts=1783355569066 policy=UCB1 function=mab_cost_aware_1783355553 arm=x86-tiny score=-0.906871 count=3 avg_reward=-1.572914 total_counts=8
2026/07/06 18:32:49 [MAB] event=select_arm ts=1783355569066 policy=UCB1 function=mab_cost_aware_1783355553 selected_arm=x86-tiny reason=ucb_score score=-0.906871 total_counts=8 arms=[arm-tiny,x86-large,x86-tiny,x86-tiny/gpu/nvidia]
2026/07/06 18:32:49 [LB][MAB] event=after_select function=mab_cost_aware_1783355553 selected_tag=x86-tiny compatible_tags=[arm-tiny x86-large x86-tiny x86-tiny/gpu/nvidia]
2026/07/06 18:32:49 Candidate has: 512 MB free memory. Function needs: 128 MB
2026/07/06 18:32:49 [LB] Selected target for function 'mab_cost_aware_1783355553': target_tag=x86-tiny candidate=RwE2pnQPWxpJbvLqc8LJX71783355554384724877 candidate_tag=x86-tiny
2026/07/06 18:32:49 [LB-Update] Node RwE2pnQPWxpJbvLqc8LJX71783355554384724877 reported 512 MB free
2026/07/06 18:32:49 [MAB] event=reward_breakdown ts=1783355569070 policy=UCB1 function=mab_cost_aware_1783355553 arm=x86-tiny base_tag=x86-tiny architecture=x86 specialization=tiny capabilities=[] duration_ms=3.155437 latency_reward=-1.149127 cost_weight=0.600000 cost_factor=0.400000 cost_term=0.240000 energy_weight=0.200000 energy_factor=1.000000 energy_term=0.200000 memory_weight=0.000000 memory_penalty=0.000000 memory_term=0.000000 final_reward=-1.589127
2026/07/06 18:32:49 [MAB] event=update_reward ts=1783355569070 policy=UCB1 function=mab_cost_aware_1783355553 arm=x86-tiny duration_ms=3.155437 warm_start=true reward=-1.589127 count=4 avg_reward=-1.576967 total_counts=9
2026/07/06 18:32:49 [LB] Compatible tag found: function=mab_cost_aware_1783355553 tag=arm-tiny arch=amd64 pattern="" ring_size=1
2026/07/06 18:32:49 [LB] Compatible tag found: function=mab_cost_aware_1783355553 tag=x86-large arch=amd64 pattern="" ring_size=1
2026/07/06 18:32:49 [LB] Compatible tag found: function=mab_cost_aware_1783355553 tag=x86-tiny arch=amd64 pattern="" ring_size=1
2026/07/06 18:32:49 [LB] Compatible tag found: function=mab_cost_aware_1783355553 tag=x86-tiny/gpu/nvidia arch=amd64 pattern="" ring_size=1
2026/07/06 18:32:49 [LB] Compatible tags for function 'mab_cost_aware_1783355553': [arm-tiny x86-large x86-tiny x86-tiny/gpu/nvidia]
2026/07/06 18:32:49 [LB][MAB] event=before_select function=mab_cost_aware_1783355553 compatible_tags=[arm-tiny x86-large x86-tiny x86-tiny/gpu/nvidia] has_context=true
2026/07/06 18:32:49 [MAB] event=arm_score ts=1783355569290 policy=UCB1 function=mab_cost_aware_1783355553 arm=x86-tiny score=-0.984046 count=4 avg_reward=-1.576967 total_counts=9
2026/07/06 18:32:49 [MAB] event=arm_score ts=1783355569290 policy=UCB1 function=mab_cost_aware_1783355553 arm=x86-tiny/gpu/nvidia score=-1.400158 count=1 avg_reward=-2.586002 total_counts=9
2026/07/06 18:32:49 [MAB] event=arm_score ts=1783355569290 policy=UCB1 function=mab_cost_aware_1783355553 arm=arm-tiny score=-1.017939 count=3 avg_reward=-1.702586 total_counts=9
2026/07/06 18:32:49 [MAB] event=arm_score ts=1783355569290 policy=UCB1 function=mab_cost_aware_1783355553 arm=x86-large score=-0.962401 count=1 avg_reward=-2.148244 total_counts=9
2026/07/06 18:32:49 [MAB] event=select_arm ts=1783355569290 policy=UCB1 function=mab_cost_aware_1783355553 selected_arm=x86-large reason=ucb_score score=-0.962401 total_counts=9 arms=[arm-tiny,x86-large,x86-tiny,x86-tiny/gpu/nvidia]
2026/07/06 18:32:49 [LB][MAB] event=after_select function=mab_cost_aware_1783355553 selected_tag=x86-large compatible_tags=[arm-tiny x86-large x86-tiny x86-tiny/gpu/nvidia]
2026/07/06 18:32:49 Candidate has: 512 MB free memory. Function needs: 128 MB
2026/07/06 18:32:49 [LB] Selected target for function 'mab_cost_aware_1783355553': target_tag=x86-large candidate=Uk7GAQ8hnugcvEoRMqDoKP1783355554387194779 candidate_tag=x86-large
2026/07/06 18:32:49 [LB-Update] Node Uk7GAQ8hnugcvEoRMqDoKP1783355554387194779 reported 512 MB free
2026/07/06 18:32:49 [MAB] event=reward_breakdown ts=1783355569294 policy=UCB1 function=mab_cost_aware_1783355553 arm=x86-large base_tag=x86-large architecture=x86 specialization=large capabilities=[] duration_ms=3.020759 latency_reward=-1.105508 cost_weight=0.600000 cost_factor=1.200000 cost_term=0.720000 energy_weight=0.200000 energy_factor=1.200000 energy_term=0.240000 memory_weight=0.000000 memory_penalty=0.000000 memory_term=0.000000 final_reward=-2.065508
2026/07/06 18:32:49 [MAB] event=update_reward ts=1783355569294 policy=UCB1 function=mab_cost_aware_1783355553 arm=x86-large duration_ms=3.020759 warm_start=true reward=-2.065508 count=2 avg_reward=-2.106876 total_counts=10
2026/07/06 18:32:49 [LB] Compatible tag found: function=mab_cost_aware_1783355553 tag=arm-tiny arch=amd64 pattern="" ring_size=1
2026/07/06 18:32:49 [LB] Compatible tag found: function=mab_cost_aware_1783355553 tag=x86-large arch=amd64 pattern="" ring_size=1
2026/07/06 18:32:49 [LB] Compatible tag found: function=mab_cost_aware_1783355553 tag=x86-tiny arch=amd64 pattern="" ring_size=1
2026/07/06 18:32:49 [LB] Compatible tag found: function=mab_cost_aware_1783355553 tag=x86-tiny/gpu/nvidia arch=amd64 pattern="" ring_size=1
2026/07/06 18:32:49 [LB] Compatible tags for function 'mab_cost_aware_1783355553': [arm-tiny x86-large x86-tiny x86-tiny/gpu/nvidia]
2026/07/06 18:32:49 [LB][MAB] event=before_select function=mab_cost_aware_1783355553 compatible_tags=[arm-tiny x86-large x86-tiny x86-tiny/gpu/nvidia] has_context=true
2026/07/06 18:32:49 [MAB] event=arm_score ts=1783355569517 policy=UCB1 function=mab_cost_aware_1783355553 arm=x86-tiny/gpu/nvidia score=-1.372060 count=1 avg_reward=-2.586002 total_counts=10
2026/07/06 18:32:49 [MAB] event=arm_score ts=1783355569517 policy=UCB1 function=mab_cost_aware_1783355553 arm=arm-tiny score=-1.001717 count=3 avg_reward=-1.702586 total_counts=10
2026/07/06 18:32:49 [MAB] event=arm_score ts=1783355569517 policy=UCB1 function=mab_cost_aware_1783355553 arm=x86-large score=-1.248490 count=2 avg_reward=-2.106876 total_counts=10
2026/07/06 18:32:49 [MAB] event=arm_score ts=1783355569517 policy=UCB1 function=mab_cost_aware_1783355553 arm=x86-tiny score=-0.969997 count=4 avg_reward=-1.576967 total_counts=10
2026/07/06 18:32:49 [MAB] event=select_arm ts=1783355569517 policy=UCB1 function=mab_cost_aware_1783355553 selected_arm=x86-tiny reason=ucb_score score=-0.969997 total_counts=10 arms=[arm-tiny,x86-large,x86-tiny,x86-tiny/gpu/nvidia]
2026/07/06 18:32:49 [LB][MAB] event=after_select function=mab_cost_aware_1783355553 selected_tag=x86-tiny compatible_tags=[arm-tiny x86-large x86-tiny x86-tiny/gpu/nvidia]
2026/07/06 18:32:49 Candidate has: 512 MB free memory. Function needs: 128 MB
2026/07/06 18:32:49 [LB] Selected target for function 'mab_cost_aware_1783355553': target_tag=x86-tiny candidate=RwE2pnQPWxpJbvLqc8LJX71783355554384724877 candidate_tag=x86-tiny
2026/07/06 18:32:49 [LB-Update] Node RwE2pnQPWxpJbvLqc8LJX71783355554384724877 reported 512 MB free
2026/07/06 18:32:49 [MAB] event=reward_breakdown ts=1783355569522 policy=UCB1 function=mab_cost_aware_1783355553 arm=x86-tiny base_tag=x86-tiny architecture=x86 specialization=tiny capabilities=[] duration_ms=3.519391 latency_reward=-1.258288 cost_weight=0.600000 cost_factor=0.400000 cost_term=0.240000 energy_weight=0.200000 energy_factor=1.000000 energy_term=0.200000 memory_weight=0.000000 memory_penalty=0.000000 memory_term=0.000000 final_reward=-1.698288
2026/07/06 18:32:49 [MAB] event=update_reward ts=1783355569522 policy=UCB1 function=mab_cost_aware_1783355553 arm=x86-tiny duration_ms=3.519391 warm_start=true reward=-1.698288 count=5 avg_reward=-1.601232 total_counts=11
2026/07/06 18:32:49 [LB] Compatible tag found: function=mab_cost_aware_1783355553 tag=arm-tiny arch=amd64 pattern="" ring_size=1
2026/07/06 18:32:49 [LB] Compatible tag found: function=mab_cost_aware_1783355553 tag=x86-large arch=amd64 pattern="" ring_size=1
2026/07/06 18:32:49 [LB] Compatible tag found: function=mab_cost_aware_1783355553 tag=x86-tiny arch=amd64 pattern="" ring_size=1
2026/07/06 18:32:49 [LB] Compatible tag found: function=mab_cost_aware_1783355553 tag=x86-tiny/gpu/nvidia arch=amd64 pattern="" ring_size=1
2026/07/06 18:32:49 [LB] Compatible tags for function 'mab_cost_aware_1783355553': [arm-tiny x86-large x86-tiny x86-tiny/gpu/nvidia]
2026/07/06 18:32:49 [LB][MAB] event=before_select function=mab_cost_aware_1783355553 compatible_tags=[arm-tiny x86-large x86-tiny x86-tiny/gpu/nvidia] has_context=true
2026/07/06 18:32:49 [MAB] event=arm_score ts=1783355569744 policy=UCB1 function=mab_cost_aware_1783355553 arm=arm-tiny score=-0.987358 count=3 avg_reward=-1.702586 total_counts=11
2026/07/06 18:32:49 [MAB] event=arm_score ts=1783355569744 policy=UCB1 function=mab_cost_aware_1783355553 arm=x86-large score=-1.230904 count=2 avg_reward=-2.106876 total_counts=11
2026/07/06 18:32:49 [MAB] event=arm_score ts=1783355569744 policy=UCB1 function=mab_cost_aware_1783355553 arm=x86-tiny score=-1.047218 count=5 avg_reward=-1.601232 total_counts=11
2026/07/06 18:32:49 [MAB] event=arm_score ts=1783355569744 policy=UCB1 function=mab_cost_aware_1783355553 arm=x86-tiny/gpu/nvidia score=-1.347190 count=1 avg_reward=-2.586002 total_counts=11
2026/07/06 18:32:49 [MAB] event=select_arm ts=1783355569744 policy=UCB1 function=mab_cost_aware_1783355553 selected_arm=arm-tiny reason=ucb_score score=-0.987358 total_counts=11 arms=[arm-tiny,x86-large,x86-tiny,x86-tiny/gpu/nvidia]
2026/07/06 18:32:49 [LB][MAB] event=after_select function=mab_cost_aware_1783355553 selected_tag=arm-tiny compatible_tags=[arm-tiny x86-large x86-tiny x86-tiny/gpu/nvidia]
2026/07/06 18:32:49 Candidate has: 512 MB free memory. Function needs: 128 MB
2026/07/06 18:32:49 [LB] Selected target for function 'mab_cost_aware_1783355553': target_tag=arm-tiny candidate=WhGdXSMaK4VNAekSzir6491783355554389642233 candidate_tag=arm-tiny
2026/07/06 18:32:49 [LB-Update] Node WhGdXSMaK4VNAekSzir6491783355554389642233 reported 512 MB free
2026/07/06 18:32:49 [MAB] event=reward_breakdown ts=1783355569748 policy=UCB1 function=mab_cost_aware_1783355553 arm=arm-tiny base_tag=arm-tiny architecture=arm specialization=tiny capabilities=[] duration_ms=3.049437 latency_reward=-1.114957 cost_weight=0.600000 cost_factor=0.400000 cost_term=0.240000 energy_weight=0.200000 energy_factor=0.600000 energy_term=0.120000 memory_weight=0.000000 memory_penalty=0.000000 memory_term=0.000000 final_reward=-1.474957
2026/07/06 18:32:49 [MAB] event=update_reward ts=1783355569748 policy=UCB1 function=mab_cost_aware_1783355553 arm=arm-tiny duration_ms=3.049437 warm_start=true reward=-1.474957 count=4 avg_reward=-1.645679 total_counts=12
2026/07/06 18:32:49 [LB] Compatible tag found: function=mab_cost_aware_1783355553 tag=arm-tiny arch=amd64 pattern="" ring_size=1
2026/07/06 18:32:49 [LB] Compatible tag found: function=mab_cost_aware_1783355553 tag=x86-large arch=amd64 pattern="" ring_size=1
2026/07/06 18:32:49 [LB] Compatible tag found: function=mab_cost_aware_1783355553 tag=x86-tiny arch=amd64 pattern="" ring_size=1
2026/07/06 18:32:49 [LB] Compatible tag found: function=mab_cost_aware_1783355553 tag=x86-tiny/gpu/nvidia arch=amd64 pattern="" ring_size=1
2026/07/06 18:32:49 [LB] Compatible tags for function 'mab_cost_aware_1783355553': [arm-tiny x86-large x86-tiny x86-tiny/gpu/nvidia]
2026/07/06 18:32:49 [LB][MAB] event=before_select function=mab_cost_aware_1783355553 compatible_tags=[arm-tiny x86-large x86-tiny x86-tiny/gpu/nvidia] has_context=true
2026/07/06 18:32:49 [MAB] event=arm_score ts=1783355569968 policy=UCB1 function=mab_cost_aware_1783355553 arm=arm-tiny score=-1.015135 count=4 avg_reward=-1.645679 total_counts=12
2026/07/06 18:32:49 [MAB] event=arm_score ts=1783355569968 policy=UCB1 function=mab_cost_aware_1783355553 arm=x86-large score=-1.215153 count=2 avg_reward=-2.106876 total_counts=12
2026/07/06 18:32:49 [MAB] event=arm_score ts=1783355569968 policy=UCB1 function=mab_cost_aware_1783355553 arm=x86-tiny score=-1.037256 count=5 avg_reward=-1.601232 total_counts=12
2026/07/06 18:32:49 [MAB] event=arm_score ts=1783355569968 policy=UCB1 function=mab_cost_aware_1783355553 arm=x86-tiny/gpu/nvidia score=-1.324915 count=1 avg_reward=-2.586002 total_counts=12
2026/07/06 18:32:49 [MAB] event=select_arm ts=1783355569968 policy=UCB1 function=mab_cost_aware_1783355553 selected_arm=arm-tiny reason=ucb_score score=-1.015135 total_counts=12 arms=[arm-tiny,x86-large,x86-tiny,x86-tiny/gpu/nvidia]
2026/07/06 18:32:49 [LB][MAB] event=after_select function=mab_cost_aware_1783355553 selected_tag=arm-tiny compatible_tags=[arm-tiny x86-large x86-tiny x86-tiny/gpu/nvidia]
2026/07/06 18:32:49 Candidate has: 512 MB free memory. Function needs: 128 MB
2026/07/06 18:32:49 [LB] Selected target for function 'mab_cost_aware_1783355553': target_tag=arm-tiny candidate=WhGdXSMaK4VNAekSzir6491783355554389642233 candidate_tag=arm-tiny
2026/07/06 18:32:49 [LB-Update] Node WhGdXSMaK4VNAekSzir6491783355554389642233 reported 512 MB free
2026/07/06 18:32:49 [MAB] event=reward_breakdown ts=1783355569972 policy=UCB1 function=mab_cost_aware_1783355553 arm=arm-tiny base_tag=arm-tiny architecture=arm specialization=tiny capabilities=[] duration_ms=3.054903 latency_reward=-1.116748 cost_weight=0.600000 cost_factor=0.400000 cost_term=0.240000 energy_weight=0.200000 energy_factor=0.600000 energy_term=0.120000 memory_weight=0.000000 memory_penalty=0.000000 memory_term=0.000000 final_reward=-1.476748
2026/07/06 18:32:49 [MAB] event=update_reward ts=1783355569972 policy=UCB1 function=mab_cost_aware_1783355553 arm=arm-tiny duration_ms=3.054903 warm_start=true reward=-1.476748 count=5 avg_reward=-1.611893 total_counts=13
2026/07/06 18:32:50 [LB] Compatible tag found: function=mab_cost_aware_1783355553 tag=arm-tiny arch=amd64 pattern="" ring_size=1
2026/07/06 18:32:50 [LB] Compatible tag found: function=mab_cost_aware_1783355553 tag=x86-large arch=amd64 pattern="" ring_size=1
2026/07/06 18:32:50 [LB] Compatible tag found: function=mab_cost_aware_1783355553 tag=x86-tiny arch=amd64 pattern="" ring_size=1
2026/07/06 18:32:50 [LB] Compatible tag found: function=mab_cost_aware_1783355553 tag=x86-tiny/gpu/nvidia arch=amd64 pattern="" ring_size=1
2026/07/06 18:32:50 [LB] Compatible tags for function 'mab_cost_aware_1783355553': [arm-tiny x86-large x86-tiny x86-tiny/gpu/nvidia]
2026/07/06 18:32:50 [LB][MAB] event=before_select function=mab_cost_aware_1783355553 compatible_tags=[arm-tiny x86-large x86-tiny x86-tiny/gpu/nvidia] has_context=true
2026/07/06 18:32:50 [MAB] event=arm_score ts=1783355570189 policy=UCB1 function=mab_cost_aware_1783355553 arm=arm-tiny score=-1.038906 count=5 avg_reward=-1.611893 total_counts=13
2026/07/06 18:32:50 [MAB] event=arm_score ts=1783355570189 policy=UCB1 function=mab_cost_aware_1783355553 arm=x86-large score=-1.200905 count=2 avg_reward=-2.106876 total_counts=13
2026/07/06 18:32:50 [MAB] event=arm_score ts=1783355570189 policy=UCB1 function=mab_cost_aware_1783355553 arm=x86-tiny score=-1.028245 count=5 avg_reward=-1.601232 total_counts=13
2026/07/06 18:32:50 [MAB] event=arm_score ts=1783355570189 policy=UCB1 function=mab_cost_aware_1783355553 arm=x86-tiny/gpu/nvidia score=-1.304765 count=1 avg_reward=-2.586002 total_counts=13
2026/07/06 18:32:50 [MAB] event=select_arm ts=1783355570189 policy=UCB1 function=mab_cost_aware_1783355553 selected_arm=x86-tiny reason=ucb_score score=-1.028245 total_counts=13 arms=[arm-tiny,x86-large,x86-tiny,x86-tiny/gpu/nvidia]
2026/07/06 18:32:50 [LB][MAB] event=after_select function=mab_cost_aware_1783355553 selected_tag=x86-tiny compatible_tags=[arm-tiny x86-large x86-tiny x86-tiny/gpu/nvidia]
2026/07/06 18:32:50 Candidate has: 512 MB free memory. Function needs: 128 MB
2026/07/06 18:32:50 [LB] Selected target for function 'mab_cost_aware_1783355553': target_tag=x86-tiny candidate=RwE2pnQPWxpJbvLqc8LJX71783355554384724877 candidate_tag=x86-tiny
2026/07/06 18:32:50 [LB-Update] Node RwE2pnQPWxpJbvLqc8LJX71783355554384724877 reported 512 MB free
2026/07/06 18:32:50 [MAB] event=reward_breakdown ts=1783355570192 policy=UCB1 function=mab_cost_aware_1783355553 arm=x86-tiny base_tag=x86-tiny architecture=x86 specialization=tiny capabilities=[] duration_ms=2.736726 latency_reward=-1.006762 cost_weight=0.600000 cost_factor=0.400000 cost_term=0.240000 energy_weight=0.200000 energy_factor=1.000000 energy_term=0.200000 memory_weight=0.000000 memory_penalty=0.000000 memory_term=0.000000 final_reward=-1.446762
2026/07/06 18:32:50 [MAB] event=update_reward ts=1783355570192 policy=UCB1 function=mab_cost_aware_1783355553 arm=x86-tiny duration_ms=2.736726 warm_start=true reward=-1.446762 count=6 avg_reward=-1.575487 total_counts=14
2026/07/06 18:32:50 [LB] Compatible tag found: function=mab_cost_aware_1783355553 tag=arm-tiny arch=amd64 pattern="" ring_size=1
2026/07/06 18:32:50 [LB] Compatible tag found: function=mab_cost_aware_1783355553 tag=x86-large arch=amd64 pattern="" ring_size=1
2026/07/06 18:32:50 [LB] Compatible tag found: function=mab_cost_aware_1783355553 tag=x86-tiny arch=amd64 pattern="" ring_size=1
2026/07/06 18:32:50 [LB] Compatible tag found: function=mab_cost_aware_1783355553 tag=x86-tiny/gpu/nvidia arch=amd64 pattern="" ring_size=1
2026/07/06 18:32:50 [LB] Compatible tags for function 'mab_cost_aware_1783355553': [arm-tiny x86-large x86-tiny x86-tiny/gpu/nvidia]
2026/07/06 18:32:50 [LB][MAB] event=before_select function=mab_cost_aware_1783355553 compatible_tags=[arm-tiny x86-large x86-tiny x86-tiny/gpu/nvidia] has_context=true
2026/07/06 18:32:50 [MAB] event=arm_score ts=1783355570412 policy=UCB1 function=mab_cost_aware_1783355553 arm=arm-tiny score=-1.030688 count=5 avg_reward=-1.611893 total_counts=14
2026/07/06 18:32:50 [MAB] event=arm_score ts=1783355570412 policy=UCB1 function=mab_cost_aware_1783355553 arm=x86-large score=-1.187910 count=2 avg_reward=-2.106876 total_counts=14
2026/07/06 18:32:50 [MAB] event=arm_score ts=1783355570412 policy=UCB1 function=mab_cost_aware_1783355553 arm=x86-tiny score=-1.044921 count=6 avg_reward=-1.575487 total_counts=14
2026/07/06 18:32:50 [MAB] event=arm_score ts=1783355570412 policy=UCB1 function=mab_cost_aware_1783355553 arm=x86-tiny/gpu/nvidia score=-1.286387 count=1 avg_reward=-2.586002 total_counts=14
2026/07/06 18:32:50 [MAB] event=select_arm ts=1783355570412 policy=UCB1 function=mab_cost_aware_1783355553 selected_arm=arm-tiny reason=ucb_score score=-1.030688 total_counts=14 arms=[arm-tiny,x86-large,x86-tiny,x86-tiny/gpu/nvidia]
2026/07/06 18:32:50 [LB][MAB] event=after_select function=mab_cost_aware_1783355553 selected_tag=arm-tiny compatible_tags=[arm-tiny x86-large x86-tiny x86-tiny/gpu/nvidia]
2026/07/06 18:32:50 Candidate has: 512 MB free memory. Function needs: 128 MB
2026/07/06 18:32:50 [LB] Selected target for function 'mab_cost_aware_1783355553': target_tag=arm-tiny candidate=WhGdXSMaK4VNAekSzir6491783355554389642233 candidate_tag=arm-tiny
2026/07/06 18:32:50 [LB-Update] Node WhGdXSMaK4VNAekSzir6491783355554389642233 reported 512 MB free
2026/07/06 18:32:50 [MAB] event=reward_breakdown ts=1783355570416 policy=UCB1 function=mab_cost_aware_1783355553 arm=arm-tiny base_tag=arm-tiny architecture=arm specialization=tiny capabilities=[] duration_ms=3.281327 latency_reward=-1.188248 cost_weight=0.600000 cost_factor=0.400000 cost_term=0.240000 energy_weight=0.200000 energy_factor=0.600000 energy_term=0.120000 memory_weight=0.000000 memory_penalty=0.000000 memory_term=0.000000 final_reward=-1.548248
2026/07/06 18:32:50 [MAB] event=update_reward ts=1783355570416 policy=UCB1 function=mab_cost_aware_1783355553 arm=arm-tiny duration_ms=3.281327 warm_start=true reward=-1.548248 count=6 avg_reward=-1.601285 total_counts=15
2026/07/06 18:32:50 [LB] Compatible tag found: function=mab_cost_aware_1783355553 tag=arm-tiny arch=amd64 pattern="" ring_size=1
2026/07/06 18:32:50 [LB] Compatible tag found: function=mab_cost_aware_1783355553 tag=x86-large arch=amd64 pattern="" ring_size=1
2026/07/06 18:32:50 [LB] Compatible tag found: function=mab_cost_aware_1783355553 tag=x86-tiny arch=amd64 pattern="" ring_size=1
2026/07/06 18:32:50 [LB] Compatible tag found: function=mab_cost_aware_1783355553 tag=x86-tiny/gpu/nvidia arch=amd64 pattern="" ring_size=1
2026/07/06 18:32:50 [LB] Compatible tags for function 'mab_cost_aware_1783355553': [arm-tiny x86-large x86-tiny x86-tiny/gpu/nvidia]
2026/07/06 18:32:50 [LB][MAB] event=before_select function=mab_cost_aware_1783355553 compatible_tags=[arm-tiny x86-large x86-tiny x86-tiny/gpu/nvidia] has_context=true
2026/07/06 18:32:50 [MAB] event=arm_score ts=1783355570633 policy=UCB1 function=mab_cost_aware_1783355553 arm=x86-tiny score=-1.038031 count=6 avg_reward=-1.575487 total_counts=15
2026/07/06 18:32:50 [MAB] event=arm_score ts=1783355570633 policy=UCB1 function=mab_cost_aware_1783355553 arm=x86-tiny/gpu/nvidia score=-1.269509 count=1 avg_reward=-2.586002 total_counts=15
2026/07/06 18:32:50 [MAB] event=arm_score ts=1783355570633 policy=UCB1 function=mab_cost_aware_1783355553 arm=arm-tiny score=-1.063829 count=6 avg_reward=-1.601285 total_counts=15
2026/07/06 18:32:50 [MAB] event=arm_score ts=1783355570633 policy=UCB1 function=mab_cost_aware_1783355553 arm=x86-large score=-1.175975 count=2 avg_reward=-2.106876 total_counts=15
2026/07/06 18:32:50 [MAB] event=select_arm ts=1783355570633 policy=UCB1 function=mab_cost_aware_1783355553 selected_arm=x86-tiny reason=ucb_score score=-1.038031 total_counts=15 arms=[arm-tiny,x86-large,x86-tiny,x86-tiny/gpu/nvidia]
2026/07/06 18:32:50 [LB][MAB] event=after_select function=mab_cost_aware_1783355553 selected_tag=x86-tiny compatible_tags=[arm-tiny x86-large x86-tiny x86-tiny/gpu/nvidia]
2026/07/06 18:32:50 Candidate has: 512 MB free memory. Function needs: 128 MB
2026/07/06 18:32:50 [LB] Selected target for function 'mab_cost_aware_1783355553': target_tag=x86-tiny candidate=RwE2pnQPWxpJbvLqc8LJX71783355554384724877 candidate_tag=x86-tiny
2026/07/06 18:32:50 [LB-Update] Node RwE2pnQPWxpJbvLqc8LJX71783355554384724877 reported 512 MB free
2026/07/06 18:32:50 [MAB] event=reward_breakdown ts=1783355570638 policy=UCB1 function=mab_cost_aware_1783355553 arm=x86-tiny base_tag=x86-tiny architecture=x86 specialization=tiny capabilities=[] duration_ms=3.944444 latency_reward=-1.372308 cost_weight=0.600000 cost_factor=0.400000 cost_term=0.240000 energy_weight=0.200000 energy_factor=1.000000 energy_term=0.200000 memory_weight=0.000000 memory_penalty=0.000000 memory_term=0.000000 final_reward=-1.812308
2026/07/06 18:32:50 [MAB] event=update_reward ts=1783355570638 policy=UCB1 function=mab_cost_aware_1783355553 arm=x86-tiny duration_ms=3.944444 warm_start=true reward=-1.812308 count=7 avg_reward=-1.609318 total_counts=16
2026/07/06 18:32:50 [LB] Compatible tag found: function=mab_cost_aware_1783355553 tag=arm-tiny arch=amd64 pattern="" ring_size=1
2026/07/06 18:32:50 [LB] Compatible tag found: function=mab_cost_aware_1783355553 tag=x86-large arch=amd64 pattern="" ring_size=1
2026/07/06 18:32:50 [LB] Compatible tag found: function=mab_cost_aware_1783355553 tag=x86-tiny arch=amd64 pattern="" ring_size=1
2026/07/06 18:32:50 [LB] Compatible tag found: function=mab_cost_aware_1783355553 tag=x86-tiny/gpu/nvidia arch=amd64 pattern="" ring_size=1
2026/07/06 18:32:50 [LB] Compatible tags for function 'mab_cost_aware_1783355553': [arm-tiny x86-large x86-tiny x86-tiny/gpu/nvidia]
2026/07/06 18:32:50 [LB][MAB] event=before_select function=mab_cost_aware_1783355553 compatible_tags=[arm-tiny x86-large x86-tiny x86-tiny/gpu/nvidia] has_context=true
2026/07/06 18:32:50 [MAB] event=arm_score ts=1783355570858 policy=UCB1 function=mab_cost_aware_1783355553 arm=arm-tiny score=-1.057463 count=6 avg_reward=-1.601285 total_counts=16
2026/07/06 18:32:50 [MAB] event=arm_score ts=1783355570858 policy=UCB1 function=mab_cost_aware_1783355553 arm=x86-large score=-1.164948 count=2 avg_reward=-2.106876 total_counts=16
2026/07/06 18:32:50 [MAB] event=arm_score ts=1783355570858 policy=UCB1 function=mab_cost_aware_1783355553 arm=x86-tiny score=-1.105837 count=7 avg_reward=-1.609318 total_counts=16
2026/07/06 18:32:50 [MAB] event=arm_score ts=1783355570858 policy=UCB1 function=mab_cost_aware_1783355553 arm=x86-tiny/gpu/nvidia score=-1.253914 count=1 avg_reward=-2.586002 total_counts=16
2026/07/06 18:32:50 [MAB] event=select_arm ts=1783355570858 policy=UCB1 function=mab_cost_aware_1783355553 selected_arm=arm-tiny reason=ucb_score score=-1.057463 total_counts=16 arms=[arm-tiny,x86-large,x86-tiny,x86-tiny/gpu/nvidia]
2026/07/06 18:32:50 [LB][MAB] event=after_select function=mab_cost_aware_1783355553 selected_tag=arm-tiny compatible_tags=[arm-tiny x86-large x86-tiny x86-tiny/gpu/nvidia]
2026/07/06 18:32:50 Candidate has: 512 MB free memory. Function needs: 128 MB
2026/07/06 18:32:50 [LB] Selected target for function 'mab_cost_aware_1783355553': target_tag=arm-tiny candidate=WhGdXSMaK4VNAekSzir6491783355554389642233 candidate_tag=arm-tiny
2026/07/06 18:32:50 [LB-Update] Node WhGdXSMaK4VNAekSzir6491783355554389642233 reported 512 MB free
2026/07/06 18:32:50 [MAB] event=reward_breakdown ts=1783355570862 policy=UCB1 function=mab_cost_aware_1783355553 arm=arm-tiny base_tag=arm-tiny architecture=arm specialization=tiny capabilities=[] duration_ms=3.041463 latency_reward=-1.112339 cost_weight=0.600000 cost_factor=0.400000 cost_term=0.240000 energy_weight=0.200000 energy_factor=0.600000 energy_term=0.120000 memory_weight=0.000000 memory_penalty=0.000000 memory_term=0.000000 final_reward=-1.472339
2026/07/06 18:32:50 [MAB] event=update_reward ts=1783355570862 policy=UCB1 function=mab_cost_aware_1783355553 arm=arm-tiny duration_ms=3.041463 warm_start=true reward=-1.472339 count=7 avg_reward=-1.582864 total_counts=17
2026/07/06 18:32:51 [LB] Compatible tag found: function=mab_cost_aware_1783355553 tag=arm-tiny arch=amd64 pattern="" ring_size=1
2026/07/06 18:32:51 [LB] Compatible tag found: function=mab_cost_aware_1783355553 tag=x86-large arch=amd64 pattern="" ring_size=1
2026/07/06 18:32:51 [LB] Compatible tag found: function=mab_cost_aware_1783355553 tag=x86-tiny arch=amd64 pattern="" ring_size=1
2026/07/06 18:32:51 [LB] Compatible tag found: function=mab_cost_aware_1783355553 tag=x86-tiny/gpu/nvidia arch=amd64 pattern="" ring_size=1
2026/07/06 18:32:51 [LB] Compatible tags for function 'mab_cost_aware_1783355553': [arm-tiny x86-large x86-tiny x86-tiny/gpu/nvidia]
2026/07/06 18:32:51 [LB][MAB] event=before_select function=mab_cost_aware_1783355553 compatible_tags=[arm-tiny x86-large x86-tiny x86-tiny/gpu/nvidia] has_context=true
2026/07/06 18:32:51 [MAB] event=arm_score ts=1783355571083 policy=UCB1 function=mab_cost_aware_1783355553 arm=x86-tiny score=-1.100362 count=7 avg_reward=-1.609318 total_counts=17
2026/07/06 18:32:51 [MAB] event=arm_score ts=1783355571083 policy=UCB1 function=mab_cost_aware_1783355553 arm=x86-tiny/gpu/nvidia score=-1.239429 count=1 avg_reward=-2.586002 total_counts=17
2026/07/06 18:32:51 [MAB] event=arm_score ts=1783355571083 policy=UCB1 function=mab_cost_aware_1783355553 arm=arm-tiny score=-1.073908 count=7 avg_reward=-1.582864 total_counts=17
2026/07/06 18:32:51 [MAB] event=arm_score ts=1783355571083 policy=UCB1 function=mab_cost_aware_1783355553 arm=x86-large score=-1.154706 count=2 avg_reward=-2.106876 total_counts=17
2026/07/06 18:32:51 [MAB] event=select_arm ts=1783355571083 policy=UCB1 function=mab_cost_aware_1783355553 selected_arm=arm-tiny reason=ucb_score score=-1.073908 total_counts=17 arms=[arm-tiny,x86-large,x86-tiny,x86-tiny/gpu/nvidia]
2026/07/06 18:32:51 [LB][MAB] event=after_select function=mab_cost_aware_1783355553 selected_tag=arm-tiny compatible_tags=[arm-tiny x86-large x86-tiny x86-tiny/gpu/nvidia]
2026/07/06 18:32:51 Candidate has: 512 MB free memory. Function needs: 128 MB
2026/07/06 18:32:51 [LB] Selected target for function 'mab_cost_aware_1783355553': target_tag=arm-tiny candidate=WhGdXSMaK4VNAekSzir6491783355554389642233 candidate_tag=arm-tiny
2026/07/06 18:32:51 [LB-Update] Node WhGdXSMaK4VNAekSzir6491783355554389642233 reported 512 MB free
2026/07/06 18:32:51 [MAB] event=reward_breakdown ts=1783355571087 policy=UCB1 function=mab_cost_aware_1783355553 arm=arm-tiny base_tag=arm-tiny architecture=arm specialization=tiny capabilities=[] duration_ms=3.170179 latency_reward=-1.153788 cost_weight=0.600000 cost_factor=0.400000 cost_term=0.240000 energy_weight=0.200000 energy_factor=0.600000 energy_term=0.120000 memory_weight=0.000000 memory_penalty=0.000000 memory_term=0.000000 final_reward=-1.513788
2026/07/06 18:32:51 [MAB] event=update_reward ts=1783355571087 policy=UCB1 function=mab_cost_aware_1783355553 arm=arm-tiny duration_ms=3.170179 warm_start=true reward=-1.513788 count=8 avg_reward=-1.574230 total_counts=18
2026/07/06 18:32:51 [LB] Compatible tag found: function=mab_cost_aware_1783355553 tag=arm-tiny arch=amd64 pattern="" ring_size=1
2026/07/06 18:32:51 [LB] Compatible tag found: function=mab_cost_aware_1783355553 tag=x86-large arch=amd64 pattern="" ring_size=1
2026/07/06 18:32:51 [LB] Compatible tag found: function=mab_cost_aware_1783355553 tag=x86-tiny arch=amd64 pattern="" ring_size=1
2026/07/06 18:32:51 [LB] Compatible tag found: function=mab_cost_aware_1783355553 tag=x86-tiny/gpu/nvidia arch=amd64 pattern="" ring_size=1
2026/07/06 18:32:51 [LB] Compatible tags for function 'mab_cost_aware_1783355553': [arm-tiny x86-large x86-tiny x86-tiny/gpu/nvidia]
2026/07/06 18:32:51 [LB][MAB] event=before_select function=mab_cost_aware_1783355553 compatible_tags=[arm-tiny x86-large x86-tiny x86-tiny/gpu/nvidia] has_context=true
2026/07/06 18:32:51 [MAB] event=arm_score ts=1783355571307 policy=UCB1 function=mab_cost_aware_1783355553 arm=arm-tiny score=-1.093366 count=8 avg_reward=-1.574230 total_counts=18
2026/07/06 18:32:51 [MAB] event=arm_score ts=1783355571307 policy=UCB1 function=mab_cost_aware_1783355553 arm=x86-large score=-1.145149 count=2 avg_reward=-2.106876 total_counts=18
2026/07/06 18:32:51 [MAB] event=arm_score ts=1783355571307 policy=UCB1 function=mab_cost_aware_1783355553 arm=x86-tiny score=-1.095254 count=7 avg_reward=-1.609318 total_counts=18
2026/07/06 18:32:51 [MAB] event=arm_score ts=1783355571307 policy=UCB1 function=mab_cost_aware_1783355553 arm=x86-tiny/gpu/nvidia score=-1.225914 count=1 avg_reward=-2.586002 total_counts=18
2026/07/06 18:32:51 [MAB] event=select_arm ts=1783355571307 policy=UCB1 function=mab_cost_aware_1783355553 selected_arm=arm-tiny reason=ucb_score score=-1.093366 total_counts=18 arms=[arm-tiny,x86-large,x86-tiny,x86-tiny/gpu/nvidia]
2026/07/06 18:32:51 [LB][MAB] event=after_select function=mab_cost_aware_1783355553 selected_tag=arm-tiny compatible_tags=[arm-tiny x86-large x86-tiny x86-tiny/gpu/nvidia]
2026/07/06 18:32:51 Candidate has: 512 MB free memory. Function needs: 128 MB
2026/07/06 18:32:51 [LB] Selected target for function 'mab_cost_aware_1783355553': target_tag=arm-tiny candidate=WhGdXSMaK4VNAekSzir6491783355554389642233 candidate_tag=arm-tiny
2026/07/06 18:32:51 [LB-Update] Node WhGdXSMaK4VNAekSzir6491783355554389642233 reported 512 MB free
2026/07/06 18:32:51 [MAB] event=reward_breakdown ts=1783355571311 policy=UCB1 function=mab_cost_aware_1783355553 arm=arm-tiny base_tag=arm-tiny architecture=arm specialization=tiny capabilities=[] duration_ms=3.194624 latency_reward=-1.161469 cost_weight=0.600000 cost_factor=0.400000 cost_term=0.240000 energy_weight=0.200000 energy_factor=0.600000 energy_term=0.120000 memory_weight=0.000000 memory_penalty=0.000000 memory_term=0.000000 final_reward=-1.521469
2026/07/06 18:32:51 [MAB] event=update_reward ts=1783355571311 policy=UCB1 function=mab_cost_aware_1783355553 arm=arm-tiny duration_ms=3.194624 warm_start=true reward=-1.521469 count=9 avg_reward=-1.568367 total_counts=19
2026/07/06 18:32:51 [LB]: Periodic targets update
2026/07/06 18:32:51 Found target: WhGdXSMaK4VNAekSzir6491783355554389642233
2026/07/06 18:32:51 Found target: Uk7GAQ8hnugcvEoRMqDoKP1783355554387194779
2026/07/06 18:32:51 Found target: RwE2pnQPWxpJbvLqc8LJX71783355554384724877
2026/07/06 18:32:51 Found target: nEz7h2LBm2c75e6aPeDwqX1783355554388602578
2026/07/06 18:32:51 Found 4 targets
2026/07/06 18:32:51 [LB] Compatible tag found: function=mab_cost_aware_1783355553 tag=arm-tiny arch=amd64 pattern="" ring_size=1
2026/07/06 18:32:51 [LB] Compatible tag found: function=mab_cost_aware_1783355553 tag=x86-large arch=amd64 pattern="" ring_size=1
2026/07/06 18:32:51 [LB] Compatible tag found: function=mab_cost_aware_1783355553 tag=x86-tiny arch=amd64 pattern="" ring_size=1
2026/07/06 18:32:51 [LB] Compatible tag found: function=mab_cost_aware_1783355553 tag=x86-tiny/gpu/nvidia arch=amd64 pattern="" ring_size=1
2026/07/06 18:32:51 [LB] Compatible tags for function 'mab_cost_aware_1783355553': [arm-tiny x86-large x86-tiny x86-tiny/gpu/nvidia]
2026/07/06 18:32:51 [LB][MAB] event=before_select function=mab_cost_aware_1783355553 compatible_tags=[arm-tiny x86-large x86-tiny x86-tiny/gpu/nvidia] has_context=true
2026/07/06 18:32:51 [MAB] event=arm_score ts=1783355571533 policy=UCB1 function=mab_cost_aware_1783355553 arm=arm-tiny score=-1.110784 count=9 avg_reward=-1.568367 total_counts=19
2026/07/06 18:32:51 [MAB] event=arm_score ts=1783355571533 policy=UCB1 function=mab_cost_aware_1783355553 arm=x86-large score=-1.136196 count=2 avg_reward=-2.106876 total_counts=19
2026/07/06 18:32:51 [MAB] event=arm_score ts=1783355571533 policy=UCB1 function=mab_cost_aware_1783355553 arm=x86-tiny score=-1.090468 count=7 avg_reward=-1.609318 total_counts=19
2026/07/06 18:32:51 [MAB] event=arm_score ts=1783355571533 policy=UCB1 function=mab_cost_aware_1783355553 arm=x86-tiny/gpu/nvidia score=-1.213252 count=1 avg_reward=-2.586002 total_counts=19
2026/07/06 18:32:51 [MAB] event=select_arm ts=1783355571533 policy=UCB1 function=mab_cost_aware_1783355553 selected_arm=x86-tiny reason=ucb_score score=-1.090468 total_counts=19 arms=[arm-tiny,x86-large,x86-tiny,x86-tiny/gpu/nvidia]
2026/07/06 18:32:51 [LB][MAB] event=after_select function=mab_cost_aware_1783355553 selected_tag=x86-tiny compatible_tags=[arm-tiny x86-large x86-tiny x86-tiny/gpu/nvidia]
2026/07/06 18:32:51 Candidate has: 512 MB free memory. Function needs: 128 MB
2026/07/06 18:32:51 [LB] Selected target for function 'mab_cost_aware_1783355553': target_tag=x86-tiny candidate=RwE2pnQPWxpJbvLqc8LJX71783355554384724877 candidate_tag=x86-tiny
2026/07/06 18:32:51 [LB-Update] Node RwE2pnQPWxpJbvLqc8LJX71783355554384724877 reported 512 MB free
2026/07/06 18:32:51 [MAB] event=reward_breakdown ts=1783355571537 policy=UCB1 function=mab_cost_aware_1783355553 arm=x86-tiny base_tag=x86-tiny architecture=x86 specialization=tiny capabilities=[] duration_ms=2.814593 latency_reward=-1.034818 cost_weight=0.600000 cost_factor=0.400000 cost_term=0.240000 energy_weight=0.200000 energy_factor=1.000000 energy_term=0.200000 memory_weight=0.000000 memory_penalty=0.000000 memory_term=0.000000 final_reward=-1.474818
2026/07/06 18:32:51 [MAB] event=update_reward ts=1783355571537 policy=UCB1 function=mab_cost_aware_1783355553 arm=x86-tiny duration_ms=2.814593 warm_start=true reward=-1.474818 count=8 avg_reward=-1.592506 total_counts=20
2026/07/06 18:32:51 [LB] Compatible tag found: function=mab_cost_aware_1783355553 tag=arm-tiny arch=amd64 pattern="" ring_size=1
2026/07/06 18:32:51 [LB] Compatible tag found: function=mab_cost_aware_1783355553 tag=x86-large arch=amd64 pattern="" ring_size=1
2026/07/06 18:32:51 [LB] Compatible tag found: function=mab_cost_aware_1783355553 tag=x86-tiny arch=amd64 pattern="" ring_size=1
2026/07/06 18:32:51 [LB] Compatible tag found: function=mab_cost_aware_1783355553 tag=x86-tiny/gpu/nvidia arch=amd64 pattern="" ring_size=1
2026/07/06 18:32:51 [LB] Compatible tags for function 'mab_cost_aware_1783355553': [arm-tiny x86-large x86-tiny x86-tiny/gpu/nvidia]
2026/07/06 18:32:51 [LB][MAB] event=before_select function=mab_cost_aware_1783355553 compatible_tags=[arm-tiny x86-large x86-tiny x86-tiny/gpu/nvidia] has_context=true
2026/07/06 18:32:51 [MAB] event=arm_score ts=1783355571758 policy=UCB1 function=mab_cost_aware_1783355553 arm=arm-tiny score=-1.106816 count=9 avg_reward=-1.568367 total_counts=20
2026/07/06 18:32:51 [MAB] event=arm_score ts=1783355571758 policy=UCB1 function=mab_cost_aware_1783355553 arm=x86-large score=-1.127777 count=2 avg_reward=-2.106876 total_counts=20
2026/07/06 18:32:51 [MAB] event=arm_score ts=1783355571758 policy=UCB1 function=mab_cost_aware_1783355553 arm=x86-tiny score=-1.102956 count=8 avg_reward=-1.592506 total_counts=20
2026/07/06 18:32:51 [MAB] event=arm_score ts=1783355571758 policy=UCB1 function=mab_cost_aware_1783355553 arm=x86-tiny/gpu/nvidia score=-1.201347 count=1 avg_reward=-2.586002 total_counts=20
2026/07/06 18:32:51 [MAB] event=select_arm ts=1783355571758 policy=UCB1 function=mab_cost_aware_1783355553 selected_arm=x86-tiny reason=ucb_score score=-1.102956 total_counts=20 arms=[arm-tiny,x86-large,x86-tiny,x86-tiny/gpu/nvidia]
2026/07/06 18:32:51 [LB][MAB] event=after_select function=mab_cost_aware_1783355553 selected_tag=x86-tiny compatible_tags=[arm-tiny x86-large x86-tiny x86-tiny/gpu/nvidia]
2026/07/06 18:32:51 Candidate has: 512 MB free memory. Function needs: 128 MB
2026/07/06 18:32:51 [LB] Selected target for function 'mab_cost_aware_1783355553': target_tag=x86-tiny candidate=RwE2pnQPWxpJbvLqc8LJX71783355554384724877 candidate_tag=x86-tiny
2026/07/06 18:32:51 [LB-Update] Node RwE2pnQPWxpJbvLqc8LJX71783355554384724877 reported 512 MB free
2026/07/06 18:32:51 [MAB] event=reward_breakdown ts=1783355571762 policy=UCB1 function=mab_cost_aware_1783355553 arm=x86-tiny base_tag=x86-tiny architecture=x86 specialization=tiny capabilities=[] duration_ms=2.990800 latency_reward=-1.095541 cost_weight=0.600000 cost_factor=0.400000 cost_term=0.240000 energy_weight=0.200000 energy_factor=1.000000 energy_term=0.200000 memory_weight=0.000000 memory_penalty=0.000000 memory_term=0.000000 final_reward=-1.535541
2026/07/06 18:32:51 [MAB] event=update_reward ts=1783355571762 policy=UCB1 function=mab_cost_aware_1783355553 arm=x86-tiny duration_ms=2.990800 warm_start=true reward=-1.535541 count=9 avg_reward=-1.586176 total_counts=21
2026/07/06 18:32:51 [LB] Compatible tag found: function=mab_cost_aware_1783355553 tag=arm-tiny arch=amd64 pattern="" ring_size=1
2026/07/06 18:32:51 [LB] Compatible tag found: function=mab_cost_aware_1783355553 tag=x86-large arch=amd64 pattern="" ring_size=1
2026/07/06 18:32:51 [LB] Compatible tag found: function=mab_cost_aware_1783355553 tag=x86-tiny arch=amd64 pattern="" ring_size=1
2026/07/06 18:32:51 [LB] Compatible tag found: function=mab_cost_aware_1783355553 tag=x86-tiny/gpu/nvidia arch=amd64 pattern="" ring_size=1
2026/07/06 18:32:51 [LB] Compatible tags for function 'mab_cost_aware_1783355553': [arm-tiny x86-large x86-tiny x86-tiny/gpu/nvidia]
2026/07/06 18:32:51 [LB][MAB] event=before_select function=mab_cost_aware_1783355553 compatible_tags=[arm-tiny x86-large x86-tiny x86-tiny/gpu/nvidia] has_context=true
2026/07/06 18:32:51 [MAB] event=arm_score ts=1783355571983 policy=UCB1 function=mab_cost_aware_1783355553 arm=arm-tiny score=-1.103073 count=9 avg_reward=-1.568367 total_counts=21
2026/07/06 18:32:51 [MAB] event=arm_score ts=1783355571983 policy=UCB1 function=mab_cost_aware_1783355553 arm=x86-large score=-1.119836 count=2 avg_reward=-2.106876 total_counts=21
2026/07/06 18:32:51 [MAB] event=arm_score ts=1783355571983 policy=UCB1 function=mab_cost_aware_1783355553 arm=x86-tiny score=-1.120881 count=9 avg_reward=-1.586176 total_counts=21
2026/07/06 18:32:51 [MAB] event=arm_score ts=1783355571983 policy=UCB1 function=mab_cost_aware_1783355553 arm=x86-tiny/gpu/nvidia score=-1.190117 count=1 avg_reward=-2.586002 total_counts=21
2026/07/06 18:32:51 [MAB] event=select_arm ts=1783355571983 policy=UCB1 function=mab_cost_aware_1783355553 selected_arm=arm-tiny reason=ucb_score score=-1.103073 total_counts=21 arms=[arm-tiny,x86-large,x86-tiny,x86-tiny/gpu/nvidia]
2026/07/06 18:32:51 [LB][MAB] event=after_select function=mab_cost_aware_1783355553 selected_tag=arm-tiny compatible_tags=[arm-tiny x86-large x86-tiny x86-tiny/gpu/nvidia]
2026/07/06 18:32:51 Candidate has: 512 MB free memory. Function needs: 128 MB
2026/07/06 18:32:51 [LB] Selected target for function 'mab_cost_aware_1783355553': target_tag=arm-tiny candidate=WhGdXSMaK4VNAekSzir6491783355554389642233 candidate_tag=arm-tiny
2026/07/06 18:32:51 [LB-Update] Node WhGdXSMaK4VNAekSzir6491783355554389642233 reported 512 MB free
2026/07/06 18:32:51 [MAB] event=reward_breakdown ts=1783355571988 policy=UCB1 function=mab_cost_aware_1783355553 arm=arm-tiny base_tag=arm-tiny architecture=arm specialization=tiny capabilities=[] duration_ms=3.495922 latency_reward=-1.251597 cost_weight=0.600000 cost_factor=0.400000 cost_term=0.240000 energy_weight=0.200000 energy_factor=0.600000 energy_term=0.120000 memory_weight=0.000000 memory_penalty=0.000000 memory_term=0.000000 final_reward=-1.611597
2026/07/06 18:32:51 [MAB] event=update_reward ts=1783355571988 policy=UCB1 function=mab_cost_aware_1783355553 arm=arm-tiny duration_ms=3.495922 warm_start=true reward=-1.611597 count=10 avg_reward=-1.572690 total_counts=22
2026/07/06 18:32:52 [LB] Compatible tag found: function=mab_cost_aware_1783355553 tag=arm-tiny arch=amd64 pattern="" ring_size=1
2026/07/06 18:32:52 [LB] Compatible tag found: function=mab_cost_aware_1783355553 tag=x86-large arch=amd64 pattern="" ring_size=1
2026/07/06 18:32:52 [LB] Compatible tag found: function=mab_cost_aware_1783355553 tag=x86-tiny arch=amd64 pattern="" ring_size=1
2026/07/06 18:32:52 [LB] Compatible tag found: function=mab_cost_aware_1783355553 tag=x86-tiny/gpu/nvidia arch=amd64 pattern="" ring_size=1
2026/07/06 18:32:52 [LB] Compatible tags for function 'mab_cost_aware_1783355553': [arm-tiny x86-large x86-tiny x86-tiny/gpu/nvidia]
2026/07/06 18:32:52 [LB][MAB] event=before_select function=mab_cost_aware_1783355553 compatible_tags=[arm-tiny x86-large x86-tiny x86-tiny/gpu/nvidia] has_context=true
2026/07/06 18:32:52 [MAB] event=arm_score ts=1783355572207 policy=UCB1 function=mab_cost_aware_1783355553 arm=x86-large score=-1.112324 count=2 avg_reward=-2.106876 total_counts=22
2026/07/06 18:32:52 [MAB] event=arm_score ts=1783355572207 policy=UCB1 function=mab_cost_aware_1783355553 arm=x86-tiny score=-1.117340 count=9 avg_reward=-1.586176 total_counts=22
2026/07/06 18:32:52 [MAB] event=arm_score ts=1783355572207 policy=UCB1 function=mab_cost_aware_1783355553 arm=x86-tiny/gpu/nvidia score=-1.179493 count=1 avg_reward=-2.586002 total_counts=22
2026/07/06 18:32:52 [MAB] event=arm_score ts=1783355572207 policy=UCB1 function=mab_cost_aware_1783355553 arm=arm-tiny score=-1.127913 count=10 avg_reward=-1.572690 total_counts=22
2026/07/06 18:32:52 [MAB] event=select_arm ts=1783355572207 policy=UCB1 function=mab_cost_aware_1783355553 selected_arm=x86-large reason=ucb_score score=-1.112324 total_counts=22 arms=[arm-tiny,x86-large,x86-tiny,x86-tiny/gpu/nvidia]
2026/07/06 18:32:52 [LB][MAB] event=after_select function=mab_cost_aware_1783355553 selected_tag=x86-large compatible_tags=[arm-tiny x86-large x86-tiny x86-tiny/gpu/nvidia]
2026/07/06 18:32:52 Candidate has: 512 MB free memory. Function needs: 128 MB
2026/07/06 18:32:52 [LB] Selected target for function 'mab_cost_aware_1783355553': target_tag=x86-large candidate=Uk7GAQ8hnugcvEoRMqDoKP1783355554387194779 candidate_tag=x86-large
2026/07/06 18:32:52 [LB-Update] Node Uk7GAQ8hnugcvEoRMqDoKP1783355554387194779 reported 512 MB free
2026/07/06 18:32:52 [MAB] event=reward_breakdown ts=1783355572210 policy=UCB1 function=mab_cost_aware_1783355553 arm=x86-large base_tag=x86-large architecture=x86 specialization=large capabilities=[] duration_ms=2.516715 latency_reward=-0.922954 cost_weight=0.600000 cost_factor=1.200000 cost_term=0.720000 energy_weight=0.200000 energy_factor=1.200000 energy_term=0.240000 memory_weight=0.000000 memory_penalty=0.000000 memory_term=0.000000 final_reward=-1.882954
2026/07/06 18:32:52 [MAB] event=update_reward ts=1783355572210 policy=UCB1 function=mab_cost_aware_1783355553 arm=x86-large duration_ms=2.516715 warm_start=true reward=-1.882954 count=3 avg_reward=-2.032236 total_counts=23
2026/07/06 18:32:52 [LB] Compatible tag found: function=mab_cost_aware_1783355553 tag=arm-tiny arch=amd64 pattern="" ring_size=1
2026/07/06 18:32:52 [LB] Compatible tag found: function=mab_cost_aware_1783355553 tag=x86-large arch=amd64 pattern="" ring_size=1
2026/07/06 18:32:52 [LB] Compatible tag found: function=mab_cost_aware_1783355553 tag=x86-tiny arch=amd64 pattern="" ring_size=1
2026/07/06 18:32:52 [LB] Compatible tag found: function=mab_cost_aware_1783355553 tag=x86-tiny/gpu/nvidia arch=amd64 pattern="" ring_size=1
2026/07/06 18:32:52 [LB] Compatible tags for function 'mab_cost_aware_1783355553': [arm-tiny x86-large x86-tiny x86-tiny/gpu/nvidia]
2026/07/06 18:32:52 [LB][MAB] event=before_select function=mab_cost_aware_1783355553 compatible_tags=[arm-tiny x86-large x86-tiny x86-tiny/gpu/nvidia] has_context=true
2026/07/06 18:32:52 [MAB] event=arm_score ts=1783355572429 policy=UCB1 function=mab_cost_aware_1783355553 arm=x86-tiny score=-1.113981 count=9 avg_reward=-1.586176 total_counts=23
2026/07/06 18:32:52 [MAB] event=arm_score ts=1783355572429 policy=UCB1 function=mab_cost_aware_1783355553 arm=x86-tiny/gpu/nvidia score=-1.169415 count=1 avg_reward=-2.586002 total_counts=23
2026/07/06 18:32:52 [MAB] event=arm_score ts=1783355572429 policy=UCB1 function=mab_cost_aware_1783355553 arm=arm-tiny score=-1.124727 count=10 avg_reward=-1.572690 total_counts=23
2026/07/06 18:32:52 [MAB] event=arm_score ts=1783355572429 policy=UCB1 function=mab_cost_aware_1783355553 arm=x86-large score=-1.214369 count=3 avg_reward=-2.032236 total_counts=23
2026/07/06 18:32:52 [MAB] event=select_arm ts=1783355572429 policy=UCB1 function=mab_cost_aware_1783355553 selected_arm=x86-tiny reason=ucb_score score=-1.113981 total_counts=23 arms=[arm-tiny,x86-large,x86-tiny,x86-tiny/gpu/nvidia]
2026/07/06 18:32:52 [LB][MAB] event=after_select function=mab_cost_aware_1783355553 selected_tag=x86-tiny compatible_tags=[arm-tiny x86-large x86-tiny x86-tiny/gpu/nvidia]
2026/07/06 18:32:52 Candidate has: 512 MB free memory. Function needs: 128 MB
2026/07/06 18:32:52 [LB] Selected target for function 'mab_cost_aware_1783355553': target_tag=x86-tiny candidate=RwE2pnQPWxpJbvLqc8LJX71783355554384724877 candidate_tag=x86-tiny
2026/07/06 18:32:52 [LB-Update] Node RwE2pnQPWxpJbvLqc8LJX71783355554384724877 reported 512 MB free
2026/07/06 18:32:52 [MAB] event=reward_breakdown ts=1783355572433 policy=UCB1 function=mab_cost_aware_1783355553 arm=x86-tiny base_tag=x86-tiny architecture=x86 specialization=tiny capabilities=[] duration_ms=3.113791 latency_reward=-1.135841 cost_weight=0.600000 cost_factor=0.400000 cost_term=0.240000 energy_weight=0.200000 energy_factor=1.000000 energy_term=0.200000 memory_weight=0.000000 memory_penalty=0.000000 memory_term=0.000000 final_reward=-1.575841
2026/07/06 18:32:52 [MAB] event=update_reward ts=1783355572433 policy=UCB1 function=mab_cost_aware_1783355553 arm=x86-tiny duration_ms=3.113791 warm_start=true reward=-1.575841 count=10 avg_reward=-1.585143 total_counts=24
2026/07/06 18:32:52 [LB] Compatible tag found: function=mab_cost_aware_1783355553 tag=arm-tiny arch=amd64 pattern="" ring_size=1
2026/07/06 18:32:52 [LB] Compatible tag found: function=mab_cost_aware_1783355553 tag=x86-large arch=amd64 pattern="" ring_size=1
2026/07/06 18:32:52 [LB] Compatible tag found: function=mab_cost_aware_1783355553 tag=x86-tiny arch=amd64 pattern="" ring_size=1
2026/07/06 18:32:52 [LB] Compatible tag found: function=mab_cost_aware_1783355553 tag=x86-tiny/gpu/nvidia arch=amd64 pattern="" ring_size=1
2026/07/06 18:32:52 [LB] Compatible tags for function 'mab_cost_aware_1783355553': [arm-tiny x86-large x86-tiny x86-tiny/gpu/nvidia]
2026/07/06 18:32:52 [LB][MAB] event=before_select function=mab_cost_aware_1783355553 compatible_tags=[arm-tiny x86-large x86-tiny x86-tiny/gpu/nvidia] has_context=true
2026/07/06 18:32:52 [MAB] event=arm_score ts=1783355572652 policy=UCB1 function=mab_cost_aware_1783355553 arm=x86-tiny/gpu/nvidia score=-1.159834 count=1 avg_reward=-2.586002 total_counts=24
2026/07/06 18:32:52 [MAB] event=arm_score ts=1783355572652 policy=UCB1 function=mab_cost_aware_1783355553 arm=arm-tiny score=-1.121697 count=10 avg_reward=-1.572690 total_counts=24
2026/07/06 18:32:52 [MAB] event=arm_score ts=1783355572652 policy=UCB1 function=mab_cost_aware_1783355553 arm=x86-large score=-1.208837 count=3 avg_reward=-2.032236 total_counts=24
2026/07/06 18:32:52 [MAB] event=arm_score ts=1783355572652 policy=UCB1 function=mab_cost_aware_1783355553 arm=x86-tiny score=-1.134149 count=10 avg_reward=-1.585143 total_counts=24
2026/07/06 18:32:52 [MAB] event=select_arm ts=1783355572652 policy=UCB1 function=mab_cost_aware_1783355553 selected_arm=arm-tiny reason=ucb_score score=-1.121697 total_counts=24 arms=[arm-tiny,x86-large,x86-tiny,x86-tiny/gpu/nvidia]
2026/07/06 18:32:52 [LB][MAB] event=after_select function=mab_cost_aware_1783355553 selected_tag=arm-tiny compatible_tags=[arm-tiny x86-large x86-tiny x86-tiny/gpu/nvidia]
2026/07/06 18:32:52 Candidate has: 512 MB free memory. Function needs: 128 MB
2026/07/06 18:32:52 [LB] Selected target for function 'mab_cost_aware_1783355553': target_tag=arm-tiny candidate=WhGdXSMaK4VNAekSzir6491783355554389642233 candidate_tag=arm-tiny
2026/07/06 18:32:52 [LB-Update] Node WhGdXSMaK4VNAekSzir6491783355554389642233 reported 512 MB free
2026/07/06 18:32:52 [MAB] event=reward_breakdown ts=1783355572656 policy=UCB1 function=mab_cost_aware_1783355553 arm=arm-tiny base_tag=arm-tiny architecture=arm specialization=tiny capabilities=[] duration_ms=3.113494 latency_reward=-1.135746 cost_weight=0.600000 cost_factor=0.400000 cost_term=0.240000 energy_weight=0.200000 energy_factor=0.600000 energy_term=0.120000 memory_weight=0.000000 memory_penalty=0.000000 memory_term=0.000000 final_reward=-1.495746
2026/07/06 18:32:52 [MAB] event=update_reward ts=1783355572656 policy=UCB1 function=mab_cost_aware_1783355553 arm=arm-tiny duration_ms=3.113494 warm_start=true reward=-1.495746 count=11 avg_reward=-1.565695 total_counts=25
2026/07/06 18:32:52 [LB] Compatible tag found: function=mab_cost_aware_1783355553 tag=arm-tiny arch=amd64 pattern="" ring_size=1
2026/07/06 18:32:52 [LB] Compatible tag found: function=mab_cost_aware_1783355553 tag=x86-large arch=amd64 pattern="" ring_size=1
2026/07/06 18:32:52 [LB] Compatible tag found: function=mab_cost_aware_1783355553 tag=x86-tiny arch=amd64 pattern="" ring_size=1
2026/07/06 18:32:52 [LB] Compatible tag found: function=mab_cost_aware_1783355553 tag=x86-tiny/gpu/nvidia arch=amd64 pattern="" ring_size=1
2026/07/06 18:32:52 [LB] Compatible tags for function 'mab_cost_aware_1783355553': [arm-tiny x86-large x86-tiny x86-tiny/gpu/nvidia]
2026/07/06 18:32:52 [LB][MAB] event=before_select function=mab_cost_aware_1783355553 compatible_tags=[arm-tiny x86-large x86-tiny x86-tiny/gpu/nvidia] has_context=true
2026/07/06 18:32:52 [MAB] event=arm_score ts=1783355572877 policy=UCB1 function=mab_cost_aware_1783355553 arm=arm-tiny score=-1.132937 count=11 avg_reward=-1.565695 total_counts=25
2026/07/06 18:32:52 [MAB] event=arm_score ts=1783355572877 policy=UCB1 function=mab_cost_aware_1783355553 arm=x86-large score=-1.203566 count=3 avg_reward=-2.032236 total_counts=25
2026/07/06 18:32:52 [MAB] event=arm_score ts=1783355572877 policy=UCB1 function=mab_cost_aware_1783355553 arm=x86-tiny score=-1.131262 count=10 avg_reward=-1.585143 total_counts=25
2026/07/06 18:32:52 [MAB] event=arm_score ts=1783355572877 policy=UCB1 function=mab_cost_aware_1783355553 arm=x86-tiny/gpu/nvidia score=-1.150703 count=1 avg_reward=-2.586002 total_counts=25
2026/07/06 18:32:52 [MAB] event=select_arm ts=1783355572877 policy=UCB1 function=mab_cost_aware_1783355553 selected_arm=x86-tiny reason=ucb_score score=-1.131262 total_counts=25 arms=[arm-tiny,x86-large,x86-tiny,x86-tiny/gpu/nvidia]
2026/07/06 18:32:52 [LB][MAB] event=after_select function=mab_cost_aware_1783355553 selected_tag=x86-tiny compatible_tags=[arm-tiny x86-large x86-tiny x86-tiny/gpu/nvidia]
2026/07/06 18:32:52 Candidate has: 512 MB free memory. Function needs: 128 MB
2026/07/06 18:32:52 [LB] Selected target for function 'mab_cost_aware_1783355553': target_tag=x86-tiny candidate=RwE2pnQPWxpJbvLqc8LJX71783355554384724877 candidate_tag=x86-tiny
2026/07/06 18:32:52 [LB-Update] Node RwE2pnQPWxpJbvLqc8LJX71783355554384724877 reported 512 MB free
2026/07/06 18:32:52 [MAB] event=reward_breakdown ts=1783355572880 policy=UCB1 function=mab_cost_aware_1783355553 arm=x86-tiny base_tag=x86-tiny architecture=x86 specialization=tiny capabilities=[] duration_ms=2.592347 latency_reward=-0.952564 cost_weight=0.600000 cost_factor=0.400000 cost_term=0.240000 energy_weight=0.200000 energy_factor=1.000000 energy_term=0.200000 memory_weight=0.000000 memory_penalty=0.000000 memory_term=0.000000 final_reward=-1.392564
2026/07/06 18:32:52 [MAB] event=update_reward ts=1783355572880 policy=UCB1 function=mab_cost_aware_1783355553 arm=x86-tiny duration_ms=2.592347 warm_start=true reward=-1.392564 count=11 avg_reward=-1.567636 total_counts=26
2026/07/06 18:32:53 [LB] Compatible tag found: function=mab_cost_aware_1783355553 tag=arm-tiny arch=amd64 pattern="" ring_size=1
2026/07/06 18:32:53 [LB] Compatible tag found: function=mab_cost_aware_1783355553 tag=x86-large arch=amd64 pattern="" ring_size=1
2026/07/06 18:32:53 [LB] Compatible tag found: function=mab_cost_aware_1783355553 tag=x86-tiny arch=amd64 pattern="" ring_size=1
2026/07/06 18:32:53 [LB] Compatible tag found: function=mab_cost_aware_1783355553 tag=x86-tiny/gpu/nvidia arch=amd64 pattern="" ring_size=1
2026/07/06 18:32:53 [LB] Compatible tags for function 'mab_cost_aware_1783355553': [arm-tiny x86-large x86-tiny x86-tiny/gpu/nvidia]
2026/07/06 18:32:53 [LB][MAB] event=before_select function=mab_cost_aware_1783355553 compatible_tags=[arm-tiny x86-large x86-tiny x86-tiny/gpu/nvidia] has_context=true
2026/07/06 18:32:53 [MAB] event=arm_score ts=1783355573099 policy=UCB1 function=mab_cost_aware_1783355553 arm=arm-tiny score=-1.130308 count=11 avg_reward=-1.565695 total_counts=26
2026/07/06 18:32:53 [MAB] event=arm_score ts=1783355573099 policy=UCB1 function=mab_cost_aware_1783355553 arm=x86-large score=-1.198533 count=3 avg_reward=-2.032236 total_counts=26
2026/07/06 18:32:53 [MAB] event=arm_score ts=1783355573099 policy=UCB1 function=mab_cost_aware_1783355553 arm=x86-tiny score=-1.132248 count=11 avg_reward=-1.567636 total_counts=26
2026/07/06 18:32:53 [MAB] event=arm_score ts=1783355573099 policy=UCB1 function=mab_cost_aware_1783355553 arm=x86-tiny/gpu/nvidia score=-1.141986 count=1 avg_reward=-2.586002 total_counts=26
2026/07/06 18:32:53 [MAB] event=select_arm ts=1783355573099 policy=UCB1 function=mab_cost_aware_1783355553 selected_arm=arm-tiny reason=ucb_score score=-1.130308 total_counts=26 arms=[arm-tiny,x86-large,x86-tiny,x86-tiny/gpu/nvidia]
2026/07/06 18:32:53 [LB][MAB] event=after_select function=mab_cost_aware_1783355553 selected_tag=arm-tiny compatible_tags=[arm-tiny x86-large x86-tiny x86-tiny/gpu/nvidia]
2026/07/06 18:32:53 Candidate has: 512 MB free memory. Function needs: 128 MB
2026/07/06 18:32:53 [LB] Selected target for function 'mab_cost_aware_1783355553': target_tag=arm-tiny candidate=WhGdXSMaK4VNAekSzir6491783355554389642233 candidate_tag=arm-tiny
2026/07/06 18:32:53 [LB-Update] Node WhGdXSMaK4VNAekSzir6491783355554389642233 reported 512 MB free
2026/07/06 18:32:53 [MAB] event=reward_breakdown ts=1783355573101 policy=UCB1 function=mab_cost_aware_1783355553 arm=arm-tiny base_tag=arm-tiny architecture=arm specialization=tiny capabilities=[] duration_ms=1.921441 latency_reward=-0.653075 cost_weight=0.600000 cost_factor=0.400000 cost_term=0.240000 energy_weight=0.200000 energy_factor=0.600000 energy_term=0.120000 memory_weight=0.000000 memory_penalty=0.000000 memory_term=0.000000 final_reward=-1.013075
2026/07/06 18:32:53 [MAB] event=update_reward ts=1783355573101 policy=UCB1 function=mab_cost_aware_1783355553 arm=arm-tiny duration_ms=1.921441 warm_start=true reward=-1.013075 count=12 avg_reward=-1.519644 total_counts=27
2026/07/06 18:32:53 [LB] Compatible tag found: function=mab_cost_aware_1783355553 tag=arm-tiny arch=amd64 pattern="" ring_size=1
2026/07/06 18:32:53 [LB] Compatible tag found: function=mab_cost_aware_1783355553 tag=x86-large arch=amd64 pattern="" ring_size=1
2026/07/06 18:32:53 [LB] Compatible tag found: function=mab_cost_aware_1783355553 tag=x86-tiny arch=amd64 pattern="" ring_size=1
2026/07/06 18:32:53 [LB] Compatible tag found: function=mab_cost_aware_1783355553 tag=x86-tiny/gpu/nvidia arch=amd64 pattern="" ring_size=1
2026/07/06 18:32:53 [LB] Compatible tags for function 'mab_cost_aware_1783355553': [arm-tiny x86-large x86-tiny x86-tiny/gpu/nvidia]
2026/07/06 18:32:53 [LB][MAB] event=before_select function=mab_cost_aware_1783355553 compatible_tags=[arm-tiny x86-large x86-tiny x86-tiny/gpu/nvidia] has_context=true
2026/07/06 18:32:53 [MAB] event=arm_score ts=1783355573321 policy=UCB1 function=mab_cost_aware_1783355553 arm=arm-tiny score=-1.100385 count=12 avg_reward=-1.519644 total_counts=27
2026/07/06 18:32:53 [MAB] event=arm_score ts=1783355573321 policy=UCB1 function=mab_cost_aware_1783355553 arm=x86-large score=-1.193718 count=3 avg_reward=-2.032236 total_counts=27
2026/07/06 18:32:53 [MAB] event=arm_score ts=1783355573321 policy=UCB1 function=mab_cost_aware_1783355553 arm=x86-tiny score=-1.129734 count=11 avg_reward=-1.567636 total_counts=27
2026/07/06 18:32:53 [MAB] event=arm_score ts=1783355573321 policy=UCB1 function=mab_cost_aware_1783355553 arm=x86-tiny/gpu/nvidia score=-1.133646 count=1 avg_reward=-2.586002 total_counts=27
2026/07/06 18:32:53 [MAB] event=select_arm ts=1783355573321 policy=UCB1 function=mab_cost_aware_1783355553 selected_arm=arm-tiny reason=ucb_score score=-1.100385 total_counts=27 arms=[arm-tiny,x86-large,x86-tiny,x86-tiny/gpu/nvidia]
2026/07/06 18:32:53 [LB][MAB] event=after_select function=mab_cost_aware_1783355553 selected_tag=arm-tiny compatible_tags=[arm-tiny x86-large x86-tiny x86-tiny/gpu/nvidia]
2026/07/06 18:32:53 Candidate has: 512 MB free memory. Function needs: 128 MB
2026/07/06 18:32:53 [LB] Selected target for function 'mab_cost_aware_1783355553': target_tag=arm-tiny candidate=WhGdXSMaK4VNAekSzir6491783355554389642233 candidate_tag=arm-tiny
2026/07/06 18:32:53 [LB-Update] Node WhGdXSMaK4VNAekSzir6491783355554389642233 reported 512 MB free
2026/07/06 18:32:53 [MAB] event=reward_breakdown ts=1783355573325 policy=UCB1 function=mab_cost_aware_1783355553 arm=arm-tiny base_tag=arm-tiny architecture=arm specialization=tiny capabilities=[] duration_ms=3.181496 latency_reward=-1.157352 cost_weight=0.600000 cost_factor=0.400000 cost_term=0.240000 energy_weight=0.200000 energy_factor=0.600000 energy_term=0.120000 memory_weight=0.000000 memory_penalty=0.000000 memory_term=0.000000 final_reward=-1.517352
2026/07/06 18:32:53 [MAB] event=update_reward ts=1783355573325 policy=UCB1 function=mab_cost_aware_1783355553 arm=arm-tiny duration_ms=3.181496 warm_start=true reward=-1.517352 count=13 avg_reward=-1.519467 total_counts=28
2026/07/06 18:32:53 [LB] Compatible tag found: function=mab_cost_aware_1783355553 tag=arm-tiny arch=amd64 pattern="" ring_size=1
2026/07/06 18:32:53 [LB] Compatible tag found: function=mab_cost_aware_1783355553 tag=x86-large arch=amd64 pattern="" ring_size=1
2026/07/06 18:32:53 [LB] Compatible tag found: function=mab_cost_aware_1783355553 tag=x86-tiny arch=amd64 pattern="" ring_size=1
2026/07/06 18:32:53 [LB] Compatible tag found: function=mab_cost_aware_1783355553 tag=x86-tiny/gpu/nvidia arch=amd64 pattern="" ring_size=1
2026/07/06 18:32:53 [LB] Compatible tags for function 'mab_cost_aware_1783355553': [arm-tiny x86-large x86-tiny x86-tiny/gpu/nvidia]
2026/07/06 18:32:53 [LB][MAB] event=before_select function=mab_cost_aware_1783355553 compatible_tags=[arm-tiny x86-large x86-tiny x86-tiny/gpu/nvidia] has_context=true
2026/07/06 18:32:53 [MAB] event=arm_score ts=1783355573544 policy=UCB1 function=mab_cost_aware_1783355553 arm=x86-tiny/gpu/nvidia score=-1.125655 count=1 avg_reward=-2.586002 total_counts=28
2026/07/06 18:32:53 [MAB] event=arm_score ts=1783355573544 policy=UCB1 function=mab_cost_aware_1783355553 arm=arm-tiny score=-1.114440 count=13 avg_reward=-1.519467 total_counts=28
2026/07/06 18:32:53 [MAB] event=arm_score ts=1783355573544 policy=UCB1 function=mab_cost_aware_1783355553 arm=x86-large score=-1.189104 count=3 avg_reward=-2.032236 total_counts=28
2026/07/06 18:32:53 [MAB] event=arm_score ts=1783355573544 policy=UCB1 function=mab_cost_aware_1783355553 arm=x86-tiny score=-1.127325 count=11 avg_reward=-1.567636 total_counts=28
2026/07/06 18:32:53 [MAB] event=select_arm ts=1783355573544 policy=UCB1 function=mab_cost_aware_1783355553 selected_arm=arm-tiny reason=ucb_score score=-1.114440 total_counts=28 arms=[arm-tiny,x86-large,x86-tiny,x86-tiny/gpu/nvidia]
2026/07/06 18:32:53 [LB][MAB] event=after_select function=mab_cost_aware_1783355553 selected_tag=arm-tiny compatible_tags=[arm-tiny x86-large x86-tiny x86-tiny/gpu/nvidia]
2026/07/06 18:32:53 Candidate has: 512 MB free memory. Function needs: 128 MB
2026/07/06 18:32:53 [LB] Selected target for function 'mab_cost_aware_1783355553': target_tag=arm-tiny candidate=WhGdXSMaK4VNAekSzir6491783355554389642233 candidate_tag=arm-tiny
2026/07/06 18:32:53 [LB-Update] Node WhGdXSMaK4VNAekSzir6491783355554389642233 reported 512 MB free
2026/07/06 18:32:53 [MAB] event=reward_breakdown ts=1783355573548 policy=UCB1 function=mab_cost_aware_1783355553 arm=arm-tiny base_tag=arm-tiny architecture=arm specialization=tiny capabilities=[] duration_ms=2.773891 latency_reward=-1.020251 cost_weight=0.600000 cost_factor=0.400000 cost_term=0.240000 energy_weight=0.200000 energy_factor=0.600000 energy_term=0.120000 memory_weight=0.000000 memory_penalty=0.000000 memory_term=0.000000 final_reward=-1.380251
2026/07/06 18:32:53 [MAB] event=update_reward ts=1783355573548 policy=UCB1 function=mab_cost_aware_1783355553 arm=arm-tiny duration_ms=2.773891 warm_start=true reward=-1.380251 count=14 avg_reward=-1.509523 total_counts=29
2026/07/06 18:32:53 [LB] Compatible tag found: function=mab_cost_aware_1783355553 tag=arm-tiny arch=amd64 pattern="" ring_size=1
2026/07/06 18:32:53 [LB] Compatible tag found: function=mab_cost_aware_1783355553 tag=x86-large arch=amd64 pattern="" ring_size=1
2026/07/06 18:32:53 [LB] Compatible tag found: function=mab_cost_aware_1783355553 tag=x86-tiny arch=amd64 pattern="" ring_size=1
2026/07/06 18:32:53 [LB] Compatible tag found: function=mab_cost_aware_1783355553 tag=x86-tiny/gpu/nvidia arch=amd64 pattern="" ring_size=1
2026/07/06 18:32:53 [LB] Compatible tags for function 'mab_cost_aware_1783355553': [arm-tiny x86-large x86-tiny x86-tiny/gpu/nvidia]
2026/07/06 18:32:53 [LB][MAB] event=before_select function=mab_cost_aware_1783355553 compatible_tags=[arm-tiny x86-large x86-tiny x86-tiny/gpu/nvidia] has_context=true
2026/07/06 18:32:53 [MAB] event=arm_score ts=1783355573767 policy=UCB1 function=mab_cost_aware_1783355553 arm=x86-tiny/gpu/nvidia score=-1.117986 count=1 avg_reward=-2.586002 total_counts=29
2026/07/06 18:32:53 [MAB] event=arm_score ts=1783355573767 policy=UCB1 function=mab_cost_aware_1783355553 arm=arm-tiny score=-1.117180 count=14 avg_reward=-1.509523 total_counts=29
2026/07/06 18:32:53 [MAB] event=arm_score ts=1783355573767 policy=UCB1 function=mab_cost_aware_1783355553 arm=x86-large score=-1.184676 count=3 avg_reward=-2.032236 total_counts=29
2026/07/06 18:32:53 [MAB] event=arm_score ts=1783355573767 policy=UCB1 function=mab_cost_aware_1783355553 arm=x86-tiny score=-1.125012 count=11 avg_reward=-1.567636 total_counts=29
2026/07/06 18:32:53 [MAB] event=select_arm ts=1783355573767 policy=UCB1 function=mab_cost_aware_1783355553 selected_arm=arm-tiny reason=ucb_score score=-1.117180 total_counts=29 arms=[arm-tiny,x86-large,x86-tiny,x86-tiny/gpu/nvidia]
2026/07/06 18:32:53 [LB][MAB] event=after_select function=mab_cost_aware_1783355553 selected_tag=arm-tiny compatible_tags=[arm-tiny x86-large x86-tiny x86-tiny/gpu/nvidia]
2026/07/06 18:32:53 Candidate has: 512 MB free memory. Function needs: 128 MB
2026/07/06 18:32:53 [LB] Selected target for function 'mab_cost_aware_1783355553': target_tag=arm-tiny candidate=WhGdXSMaK4VNAekSzir6491783355554389642233 candidate_tag=arm-tiny
2026/07/06 18:32:53 [LB-Update] Node WhGdXSMaK4VNAekSzir6491783355554389642233 reported 512 MB free
2026/07/06 18:32:53 [MAB] event=reward_breakdown ts=1783355573771 policy=UCB1 function=mab_cost_aware_1783355553 arm=arm-tiny base_tag=arm-tiny architecture=arm specialization=tiny capabilities=[] duration_ms=3.409887 latency_reward=-1.226679 cost_weight=0.600000 cost_factor=0.400000 cost_term=0.240000 energy_weight=0.200000 energy_factor=0.600000 energy_term=0.120000 memory_weight=0.000000 memory_penalty=0.000000 memory_term=0.000000 final_reward=-1.586679
2026/07/06 18:32:53 [MAB] event=update_reward ts=1783355573771 policy=UCB1 function=mab_cost_aware_1783355553 arm=arm-tiny duration_ms=3.409887 warm_start=true reward=-1.586679 count=15 avg_reward=-1.514667 total_counts=30
2026/07/06 18:32:53 [LB] Compatible tag found: function=mab_cost_aware_1783355553 tag=arm-tiny arch=amd64 pattern="" ring_size=1
2026/07/06 18:32:53 [LB] Compatible tag found: function=mab_cost_aware_1783355553 tag=x86-large arch=amd64 pattern="" ring_size=1
2026/07/06 18:32:53 [LB] Compatible tag found: function=mab_cost_aware_1783355553 tag=x86-tiny arch=amd64 pattern="" ring_size=1
2026/07/06 18:32:53 [LB] Compatible tag found: function=mab_cost_aware_1783355553 tag=x86-tiny/gpu/nvidia arch=amd64 pattern="" ring_size=1
2026/07/06 18:32:53 [LB] Compatible tags for function 'mab_cost_aware_1783355553': [arm-tiny x86-large x86-tiny x86-tiny/gpu/nvidia]
2026/07/06 18:32:53 [LB][MAB] event=before_select function=mab_cost_aware_1783355553 compatible_tags=[arm-tiny x86-large x86-tiny x86-tiny/gpu/nvidia] has_context=true
2026/07/06 18:32:53 [MAB] event=arm_score ts=1783355573993 policy=UCB1 function=mab_cost_aware_1783355553 arm=arm-tiny score=-1.133724 count=15 avg_reward=-1.514667 total_counts=30
2026/07/06 18:32:53 [MAB] event=arm_score ts=1783355573993 policy=UCB1 function=mab_cost_aware_1783355553 arm=x86-large score=-1.180421 count=3 avg_reward=-2.032236 total_counts=30
2026/07/06 18:32:53 [MAB] event=arm_score ts=1783355573993 policy=UCB1 function=mab_cost_aware_1783355553 arm=x86-tiny score=-1.122790 count=11 avg_reward=-1.567636 total_counts=30
2026/07/06 18:32:53 [MAB] event=arm_score ts=1783355573993 policy=UCB1 function=mab_cost_aware_1783355553 arm=x86-tiny/gpu/nvidia score=-1.110615 count=1 avg_reward=-2.586002 total_counts=30
2026/07/06 18:32:53 [MAB] event=select_arm ts=1783355573993 policy=UCB1 function=mab_cost_aware_1783355553 selected_arm=x86-tiny/gpu/nvidia reason=ucb_score score=-1.110615 total_counts=30 arms=[arm-tiny,x86-large,x86-tiny,x86-tiny/gpu/nvidia]
2026/07/06 18:32:53 [LB][MAB] event=after_select function=mab_cost_aware_1783355553 selected_tag=x86-tiny/gpu/nvidia compatible_tags=[arm-tiny x86-large x86-tiny x86-tiny/gpu/nvidia]
2026/07/06 18:32:53 Candidate has: 512 MB free memory. Function needs: 128 MB
2026/07/06 18:32:53 [LB] Selected target for function 'mab_cost_aware_1783355553': target_tag=x86-tiny/gpu/nvidia candidate=nEz7h2LBm2c75e6aPeDwqX1783355554388602578 candidate_tag=x86-tiny/gpu/nvidia
2026/07/06 18:32:53 [LB-Update] Node nEz7h2LBm2c75e6aPeDwqX1783355554388602578 reported 512 MB free
2026/07/06 18:32:53 [MAB] event=reward_breakdown ts=1783355573997 policy=UCB1 function=mab_cost_aware_1783355553 arm=x86-tiny/gpu/nvidia base_tag=x86-tiny architecture=x86 specialization=tiny capabilities=[gpu,nvidia] duration_ms=3.438682 latency_reward=-1.235088 cost_weight=0.600000 cost_factor=1.600000 cost_term=0.960000 energy_weight=0.200000 energy_factor=1.800000 energy_term=0.360000 memory_weight=0.000000 memory_penalty=0.000000 memory_term=0.000000 final_reward=-2.555088
2026/07/06 18:32:53 [MAB] event=update_reward ts=1783355573997 policy=UCB1 function=mab_cost_aware_1783355553 arm=x86-tiny/gpu/nvidia duration_ms=3.438682 warm_start=true reward=-2.555088 count=2 avg_reward=-2.570545 total_counts=31
2026/07/06 18:32:54 [LB] Compatible tag found: function=mab_cost_aware_1783355553 tag=arm-tiny arch=amd64 pattern="" ring_size=1
2026/07/06 18:32:54 [LB] Compatible tag found: function=mab_cost_aware_1783355553 tag=x86-large arch=amd64 pattern="" ring_size=1
2026/07/06 18:32:54 [LB] Compatible tag found: function=mab_cost_aware_1783355553 tag=x86-tiny arch=amd64 pattern="" ring_size=1
2026/07/06 18:32:54 [LB] Compatible tag found: function=mab_cost_aware_1783355553 tag=x86-tiny/gpu/nvidia arch=amd64 pattern="" ring_size=1
2026/07/06 18:32:54 [LB] Compatible tags for function 'mab_cost_aware_1783355553': [arm-tiny x86-large x86-tiny x86-tiny/gpu/nvidia]
2026/07/06 18:32:54 [LB][MAB] event=before_select function=mab_cost_aware_1783355553 compatible_tags=[arm-tiny x86-large x86-tiny x86-tiny/gpu/nvidia] has_context=true
2026/07/06 18:32:54 [MAB] event=arm_score ts=1783355574218 policy=UCB1 function=mab_cost_aware_1783355553 arm=arm-tiny score=-1.131892 count=15 avg_reward=-1.514667 total_counts=31
2026/07/06 18:32:54 [MAB] event=arm_score ts=1783355574218 policy=UCB1 function=mab_cost_aware_1783355553 arm=x86-large score=-1.176324 count=3 avg_reward=-2.032236 total_counts=31
2026/07/06 18:32:54 [MAB] event=arm_score ts=1783355574218 policy=UCB1 function=mab_cost_aware_1783355553 arm=x86-tiny score=-1.120651 count=11 avg_reward=-1.567636 total_counts=31
2026/07/06 18:32:54 [MAB] event=arm_score ts=1783355574218 policy=UCB1 function=mab_cost_aware_1783355553 arm=x86-tiny/gpu/nvidia score=-1.522272 count=2 avg_reward=-2.570545 total_counts=31
2026/07/06 18:32:54 [MAB] event=select_arm ts=1783355574218 policy=UCB1 function=mab_cost_aware_1783355553 selected_arm=x86-tiny reason=ucb_score score=-1.120651 total_counts=31 arms=[arm-tiny,x86-large,x86-tiny,x86-tiny/gpu/nvidia]
2026/07/06 18:32:54 [LB][MAB] event=after_select function=mab_cost_aware_1783355553 selected_tag=x86-tiny compatible_tags=[arm-tiny x86-large x86-tiny x86-tiny/gpu/nvidia]
2026/07/06 18:32:54 Candidate has: 512 MB free memory. Function needs: 128 MB
2026/07/06 18:32:54 [LB] Selected target for function 'mab_cost_aware_1783355553': target_tag=x86-tiny candidate=RwE2pnQPWxpJbvLqc8LJX71783355554384724877 candidate_tag=x86-tiny
2026/07/06 18:32:54 [LB-Update] Node RwE2pnQPWxpJbvLqc8LJX71783355554384724877 reported 512 MB free
2026/07/06 18:32:54 [MAB] event=reward_breakdown ts=1783355574221 policy=UCB1 function=mab_cost_aware_1783355553 arm=x86-tiny base_tag=x86-tiny architecture=x86 specialization=tiny capabilities=[] duration_ms=3.061420 latency_reward=-1.118879 cost_weight=0.600000 cost_factor=0.400000 cost_term=0.240000 energy_weight=0.200000 energy_factor=1.000000 energy_term=0.200000 memory_weight=0.000000 memory_penalty=0.000000 memory_term=0.000000 final_reward=-1.558879
2026/07/06 18:32:54 [MAB] event=update_reward ts=1783355574222 policy=UCB1 function=mab_cost_aware_1783355553 arm=x86-tiny duration_ms=3.061420 warm_start=true reward=-1.558879 count=12 avg_reward=-1.566906 total_counts=32
2026/07/06 18:32:54 [LB]: Periodic targets update
2026/07/06 18:32:54 Found target: WhGdXSMaK4VNAekSzir6491783355554389642233
2026/07/06 18:32:54 Found target: Uk7GAQ8hnugcvEoRMqDoKP1783355554387194779
2026/07/06 18:32:54 Found target: RwE2pnQPWxpJbvLqc8LJX71783355554384724877
2026/07/06 18:32:54 Found target: nEz7h2LBm2c75e6aPeDwqX1783355554388602578
2026/07/06 18:32:54 Found 4 targets
2026/07/06 18:32:54 [LB] Compatible tag found: function=mab_cost_aware_1783355553 tag=arm-tiny arch=amd64 pattern="" ring_size=1
2026/07/06 18:32:54 [LB] Compatible tag found: function=mab_cost_aware_1783355553 tag=x86-large arch=amd64 pattern="" ring_size=1
2026/07/06 18:32:54 [LB] Compatible tag found: function=mab_cost_aware_1783355553 tag=x86-tiny arch=amd64 pattern="" ring_size=1
2026/07/06 18:32:54 [LB] Compatible tag found: function=mab_cost_aware_1783355553 tag=x86-tiny/gpu/nvidia arch=amd64 pattern="" ring_size=1
2026/07/06 18:32:54 [LB] Compatible tags for function 'mab_cost_aware_1783355553': [arm-tiny x86-large x86-tiny x86-tiny/gpu/nvidia]
2026/07/06 18:32:54 [LB][MAB] event=before_select function=mab_cost_aware_1783355553 compatible_tags=[arm-tiny x86-large x86-tiny x86-tiny/gpu/nvidia] has_context=true
2026/07/06 18:32:54 [MAB] event=arm_score ts=1783355574441 policy=UCB1 function=mab_cost_aware_1783355553 arm=x86-tiny/gpu/nvidia score=-1.517437 count=2 avg_reward=-2.570545 total_counts=32
2026/07/06 18:32:54 [MAB] event=arm_score ts=1783355574441 policy=UCB1 function=mab_cost_aware_1783355553 arm=arm-tiny score=-1.130127 count=15 avg_reward=-1.514667 total_counts=32
2026/07/06 18:32:54 [MAB] event=arm_score ts=1783355574441 policy=UCB1 function=mab_cost_aware_1783355553 arm=x86-large score=-1.172377 count=3 avg_reward=-2.032236 total_counts=32
2026/07/06 18:32:54 [MAB] event=arm_score ts=1783355574441 policy=UCB1 function=mab_cost_aware_1783355553 arm=x86-tiny score=-1.136976 count=12 avg_reward=-1.566906 total_counts=32
2026/07/06 18:32:54 [MAB] event=select_arm ts=1783355574441 policy=UCB1 function=mab_cost_aware_1783355553 selected_arm=arm-tiny reason=ucb_score score=-1.130127 total_counts=32 arms=[arm-tiny,x86-large,x86-tiny,x86-tiny/gpu/nvidia]
2026/07/06 18:32:54 [LB][MAB] event=after_select function=mab_cost_aware_1783355553 selected_tag=arm-tiny compatible_tags=[arm-tiny x86-large x86-tiny x86-tiny/gpu/nvidia]
2026/07/06 18:32:54 Candidate has: 512 MB free memory. Function needs: 128 MB
2026/07/06 18:32:54 [LB] Selected target for function 'mab_cost_aware_1783355553': target_tag=arm-tiny candidate=WhGdXSMaK4VNAekSzir6491783355554389642233 candidate_tag=arm-tiny
2026/07/06 18:32:54 [LB-Update] Node WhGdXSMaK4VNAekSzir6491783355554389642233 reported 512 MB free
2026/07/06 18:32:54 [MAB] event=reward_breakdown ts=1783355574444 policy=UCB1 function=mab_cost_aware_1783355553 arm=arm-tiny base_tag=arm-tiny architecture=arm specialization=tiny capabilities=[] duration_ms=2.877924 latency_reward=-1.057069 cost_weight=0.600000 cost_factor=0.400000 cost_term=0.240000 energy_weight=0.200000 energy_factor=0.600000 energy_term=0.120000 memory_weight=0.000000 memory_penalty=0.000000 memory_term=0.000000 final_reward=-1.417069
2026/07/06 18:32:54 [MAB] event=update_reward ts=1783355574444 policy=UCB1 function=mab_cost_aware_1783355553 arm=arm-tiny duration_ms=2.877924 warm_start=true reward=-1.417069 count=16 avg_reward=-1.508567 total_counts=33
2026/07/06 18:32:54 [LB] Compatible tag found: function=mab_cost_aware_1783355553 tag=arm-tiny arch=amd64 pattern="" ring_size=1
2026/07/06 18:32:54 [LB] Compatible tag found: function=mab_cost_aware_1783355553 tag=x86-large arch=amd64 pattern="" ring_size=1
2026/07/06 18:32:54 [LB] Compatible tag found: function=mab_cost_aware_1783355553 tag=x86-tiny arch=amd64 pattern="" ring_size=1
2026/07/06 18:32:54 [LB] Compatible tag found: function=mab_cost_aware_1783355553 tag=x86-tiny/gpu/nvidia arch=amd64 pattern="" ring_size=1
2026/07/06 18:32:54 [LB] Compatible tags for function 'mab_cost_aware_1783355553': [arm-tiny x86-large x86-tiny x86-tiny/gpu/nvidia]
2026/07/06 18:32:54 [LB][MAB] event=before_select function=mab_cost_aware_1783355553 compatible_tags=[arm-tiny x86-large x86-tiny x86-tiny/gpu/nvidia] has_context=true
2026/07/06 18:32:54 [MAB] event=arm_score ts=1783355574666 policy=UCB1 function=mab_cost_aware_1783355553 arm=arm-tiny score=-1.134588 count=16 avg_reward=-1.508567 total_counts=33
2026/07/06 18:32:54 [MAB] event=arm_score ts=1783355574666 policy=UCB1 function=mab_cost_aware_1783355553 arm=x86-large score=-1.168568 count=3 avg_reward=-2.032236 total_counts=33
2026/07/06 18:32:54 [MAB] event=arm_score ts=1783355574666 policy=UCB1 function=mab_cost_aware_1783355553 arm=x86-tiny score=-1.135072 count=12 avg_reward=-1.566906 total_counts=33
2026/07/06 18:32:54 [MAB] event=arm_score ts=1783355574666 policy=UCB1 function=mab_cost_aware_1783355553 arm=x86-tiny/gpu/nvidia score=-1.512773 count=2 avg_reward=-2.570545 total_counts=33
2026/07/06 18:32:54 [MAB] event=select_arm ts=1783355574666 policy=UCB1 function=mab_cost_aware_1783355553 selected_arm=arm-tiny reason=ucb_score score=-1.134588 total_counts=33 arms=[arm-tiny,x86-large,x86-tiny,x86-tiny/gpu/nvidia]
2026/07/06 18:32:54 [LB][MAB] event=after_select function=mab_cost_aware_1783355553 selected_tag=arm-tiny compatible_tags=[arm-tiny x86-large x86-tiny x86-tiny/gpu/nvidia]
2026/07/06 18:32:54 Candidate has: 512 MB free memory. Function needs: 128 MB
2026/07/06 18:32:54 [LB] Selected target for function 'mab_cost_aware_1783355553': target_tag=arm-tiny candidate=WhGdXSMaK4VNAekSzir6491783355554389642233 candidate_tag=arm-tiny
2026/07/06 18:32:54 [LB-Update] Node WhGdXSMaK4VNAekSzir6491783355554389642233 reported 512 MB free
2026/07/06 18:32:54 [MAB] event=reward_breakdown ts=1783355574670 policy=UCB1 function=mab_cost_aware_1783355553 arm=arm-tiny base_tag=arm-tiny architecture=arm specialization=tiny capabilities=[] duration_ms=2.990941 latency_reward=-1.095588 cost_weight=0.600000 cost_factor=0.400000 cost_term=0.240000 energy_weight=0.200000 energy_factor=0.600000 energy_term=0.120000 memory_weight=0.000000 memory_penalty=0.000000 memory_term=0.000000 final_reward=-1.455588
2026/07/06 18:32:54 [MAB] event=update_reward ts=1783355574670 policy=UCB1 function=mab_cost_aware_1783355553 arm=arm-tiny duration_ms=2.990941 warm_start=true reward=-1.455588 count=17 avg_reward=-1.505451 total_counts=34
2026/07/06 18:32:54 [LB] Compatible tag found: function=mab_cost_aware_1783355553 tag=arm-tiny arch=amd64 pattern="" ring_size=1
2026/07/06 18:32:54 [LB] Compatible tag found: function=mab_cost_aware_1783355553 tag=x86-large arch=amd64 pattern="" ring_size=1
2026/07/06 18:32:54 [LB] Compatible tag found: function=mab_cost_aware_1783355553 tag=x86-tiny arch=amd64 pattern="" ring_size=1
2026/07/06 18:32:54 [LB] Compatible tag found: function=mab_cost_aware_1783355553 tag=x86-tiny/gpu/nvidia arch=amd64 pattern="" ring_size=1
2026/07/06 18:32:54 [LB] Compatible tags for function 'mab_cost_aware_1783355553': [arm-tiny x86-large x86-tiny x86-tiny/gpu/nvidia]
2026/07/06 18:32:54 [LB][MAB] event=before_select function=mab_cost_aware_1783355553 compatible_tags=[arm-tiny x86-large x86-tiny x86-tiny/gpu/nvidia] has_context=true
2026/07/06 18:32:54 [MAB] event=arm_score ts=1783355574889 policy=UCB1 function=mab_cost_aware_1783355553 arm=arm-tiny score=-1.141092 count=17 avg_reward=-1.505451 total_counts=34
2026/07/06 18:32:54 [MAB] event=arm_score ts=1783355574889 policy=UCB1 function=mab_cost_aware_1783355553 arm=x86-large score=-1.164889 count=3 avg_reward=-2.032236 total_counts=34
2026/07/06 18:32:54 [MAB] event=arm_score ts=1783355574889 policy=UCB1 function=mab_cost_aware_1783355553 arm=x86-tiny score=-1.133232 count=12 avg_reward=-1.566906 total_counts=34
2026/07/06 18:32:54 [MAB] event=arm_score ts=1783355574889 policy=UCB1 function=mab_cost_aware_1783355553 arm=x86-tiny/gpu/nvidia score=-1.508267 count=2 avg_reward=-2.570545 total_counts=34
2026/07/06 18:32:54 [MAB] event=select_arm ts=1783355574889 policy=UCB1 function=mab_cost_aware_1783355553 selected_arm=x86-tiny reason=ucb_score score=-1.133232 total_counts=34 arms=[arm-tiny,x86-large,x86-tiny,x86-tiny/gpu/nvidia]
2026/07/06 18:32:54 [LB][MAB] event=after_select function=mab_cost_aware_1783355553 selected_tag=x86-tiny compatible_tags=[arm-tiny x86-large x86-tiny x86-tiny/gpu/nvidia]
2026/07/06 18:32:54 Candidate has: 512 MB free memory. Function needs: 128 MB
2026/07/06 18:32:54 [LB] Selected target for function 'mab_cost_aware_1783355553': target_tag=x86-tiny candidate=RwE2pnQPWxpJbvLqc8LJX71783355554384724877 candidate_tag=x86-tiny
2026/07/06 18:32:54 [LB-Update] Node RwE2pnQPWxpJbvLqc8LJX71783355554384724877 reported 512 MB free
2026/07/06 18:32:54 [MAB] event=reward_breakdown ts=1783355574893 policy=UCB1 function=mab_cost_aware_1783355553 arm=x86-tiny base_tag=x86-tiny architecture=x86 specialization=tiny capabilities=[] duration_ms=3.023156 latency_reward=-1.106301 cost_weight=0.600000 cost_factor=0.400000 cost_term=0.240000 energy_weight=0.200000 energy_factor=1.000000 energy_term=0.200000 memory_weight=0.000000 memory_penalty=0.000000 memory_term=0.000000 final_reward=-1.546301
2026/07/06 18:32:54 [MAB] event=update_reward ts=1783355574893 policy=UCB1 function=mab_cost_aware_1783355553 arm=x86-tiny duration_ms=3.023156 warm_start=true reward=-1.546301 count=13 avg_reward=-1.565321 total_counts=35
2026/07/06 18:32:55 [LB] Compatible tag found: function=mab_cost_aware_1783355553 tag=arm-tiny arch=amd64 pattern="" ring_size=1
2026/07/06 18:32:55 [LB] Compatible tag found: function=mab_cost_aware_1783355553 tag=x86-large arch=amd64 pattern="" ring_size=1
2026/07/06 18:32:55 [LB] Compatible tag found: function=mab_cost_aware_1783355553 tag=x86-tiny arch=amd64 pattern="" ring_size=1
2026/07/06 18:32:55 [LB] Compatible tag found: function=mab_cost_aware_1783355553 tag=x86-tiny/gpu/nvidia arch=amd64 pattern="" ring_size=1
2026/07/06 18:32:55 [LB] Compatible tags for function 'mab_cost_aware_1783355553': [arm-tiny x86-large x86-tiny x86-tiny/gpu/nvidia]
2026/07/06 18:32:55 [LB][MAB] event=before_select function=mab_cost_aware_1783355553 compatible_tags=[arm-tiny x86-large x86-tiny x86-tiny/gpu/nvidia] has_context=true
2026/07/06 18:32:55 [MAB] event=arm_score ts=1783355575111 policy=UCB1 function=mab_cost_aware_1783355553 arm=arm-tiny score=-1.139598 count=17 avg_reward=-1.505451 total_counts=35
2026/07/06 18:32:55 [MAB] event=arm_score ts=1783355575111 policy=UCB1 function=mab_cost_aware_1783355553 arm=x86-large score=-1.161331 count=3 avg_reward=-2.032236 total_counts=35
2026/07/06 18:32:55 [MAB] event=arm_score ts=1783355575111 policy=UCB1 function=mab_cost_aware_1783355553 arm=x86-tiny score=-1.146952 count=13 avg_reward=-1.565321 total_counts=35
2026/07/06 18:32:55 [MAB] event=arm_score ts=1783355575111 policy=UCB1 function=mab_cost_aware_1783355553 arm=x86-tiny/gpu/nvidia score=-1.503909 count=2 avg_reward=-2.570545 total_counts=35
2026/07/06 18:32:55 [MAB] event=select_arm ts=1783355575111 policy=UCB1 function=mab_cost_aware_1783355553 selected_arm=arm-tiny reason=ucb_score score=-1.139598 total_counts=35 arms=[arm-tiny,x86-large,x86-tiny,x86-tiny/gpu/nvidia]
2026/07/06 18:32:55 [LB][MAB] event=after_select function=mab_cost_aware_1783355553 selected_tag=arm-tiny compatible_tags=[arm-tiny x86-large x86-tiny x86-tiny/gpu/nvidia]
2026/07/06 18:32:55 Candidate has: 512 MB free memory. Function needs: 128 MB
2026/07/06 18:32:55 [LB] Selected target for function 'mab_cost_aware_1783355553': target_tag=arm-tiny candidate=WhGdXSMaK4VNAekSzir6491783355554389642233 candidate_tag=arm-tiny
2026/07/06 18:32:55 [LB-Update] Node WhGdXSMaK4VNAekSzir6491783355554389642233 reported 512 MB free
2026/07/06 18:32:55 [MAB] event=reward_breakdown ts=1783355575115 policy=UCB1 function=mab_cost_aware_1783355553 arm=arm-tiny base_tag=arm-tiny architecture=arm specialization=tiny capabilities=[] duration_ms=2.771587 latency_reward=-1.019420 cost_weight=0.600000 cost_factor=0.400000 cost_term=0.240000 energy_weight=0.200000 energy_factor=0.600000 energy_term=0.120000 memory_weight=0.000000 memory_penalty=0.000000 memory_term=0.000000 final_reward=-1.379420
2026/07/06 18:32:55 [MAB] event=update_reward ts=1783355575115 policy=UCB1 function=mab_cost_aware_1783355553 arm=arm-tiny duration_ms=2.771587 warm_start=true reward=-1.379420 count=18 avg_reward=-1.498449 total_counts=36
2026/07/06 18:32:55 [LB] Compatible tag found: function=mab_cost_aware_1783355553 tag=arm-tiny arch=amd64 pattern="" ring_size=1
2026/07/06 18:32:55 [LB] Compatible tag found: function=mab_cost_aware_1783355553 tag=x86-large arch=amd64 pattern="" ring_size=1
2026/07/06 18:32:55 [LB] Compatible tag found: function=mab_cost_aware_1783355553 tag=x86-tiny arch=amd64 pattern="" ring_size=1
2026/07/06 18:32:55 [LB] Compatible tag found: function=mab_cost_aware_1783355553 tag=x86-tiny/gpu/nvidia arch=amd64 pattern="" ring_size=1
2026/07/06 18:32:55 [LB] Compatible tags for function 'mab_cost_aware_1783355553': [arm-tiny x86-large x86-tiny x86-tiny/gpu/nvidia]
2026/07/06 18:32:55 [LB][MAB] event=before_select function=mab_cost_aware_1783355553 compatible_tags=[arm-tiny x86-large x86-tiny x86-tiny/gpu/nvidia] has_context=true
2026/07/06 18:32:55 [MAB] event=arm_score ts=1783355575333 policy=UCB1 function=mab_cost_aware_1783355553 arm=arm-tiny score=-1.141498 count=18 avg_reward=-1.498449 total_counts=36
2026/07/06 18:32:55 [MAB] event=arm_score ts=1783355575333 policy=UCB1 function=mab_cost_aware_1783355553 arm=x86-large score=-1.157888 count=3 avg_reward=-2.032236 total_counts=36
2026/07/06 18:32:55 [MAB] event=arm_score ts=1783355575333 policy=UCB1 function=mab_cost_aware_1783355553 arm=x86-tiny score=-1.145298 count=13 avg_reward=-1.565321 total_counts=36
2026/07/06 18:32:55 [MAB] event=arm_score ts=1783355575333 policy=UCB1 function=mab_cost_aware_1783355553 arm=x86-tiny/gpu/nvidia score=-1.499692 count=2 avg_reward=-2.570545 total_counts=36
2026/07/06 18:32:55 [MAB] event=select_arm ts=1783355575334 policy=UCB1 function=mab_cost_aware_1783355553 selected_arm=arm-tiny reason=ucb_score score=-1.141498 total_counts=36 arms=[arm-tiny,x86-large,x86-tiny,x86-tiny/gpu/nvidia]
2026/07/06 18:32:55 [LB][MAB] event=after_select function=mab_cost_aware_1783355553 selected_tag=arm-tiny compatible_tags=[arm-tiny x86-large x86-tiny x86-tiny/gpu/nvidia]
2026/07/06 18:32:55 Candidate has: 512 MB free memory. Function needs: 128 MB
2026/07/06 18:32:55 [LB] Selected target for function 'mab_cost_aware_1783355553': target_tag=arm-tiny candidate=WhGdXSMaK4VNAekSzir6491783355554389642233 candidate_tag=arm-tiny
2026/07/06 18:32:55 [LB-Update] Node WhGdXSMaK4VNAekSzir6491783355554389642233 reported 512 MB free
2026/07/06 18:32:55 [MAB] event=reward_breakdown ts=1783355575337 policy=UCB1 function=mab_cost_aware_1783355553 arm=arm-tiny base_tag=arm-tiny architecture=arm specialization=tiny capabilities=[] duration_ms=2.899045 latency_reward=-1.064381 cost_weight=0.600000 cost_factor=0.400000 cost_term=0.240000 energy_weight=0.200000 energy_factor=0.600000 energy_term=0.120000 memory_weight=0.000000 memory_penalty=0.000000 memory_term=0.000000 final_reward=-1.424381
2026/07/06 18:32:55 [MAB] event=update_reward ts=1783355575337 policy=UCB1 function=mab_cost_aware_1783355553 arm=arm-tiny duration_ms=2.899045 warm_start=true reward=-1.424381 count=19 avg_reward=-1.494551 total_counts=37
2026/07/06 18:32:55 [LB] Compatible tag found: function=mab_cost_aware_1783355553 tag=arm-tiny arch=amd64 pattern="" ring_size=1
2026/07/06 18:32:55 [LB] Compatible tag found: function=mab_cost_aware_1783355553 tag=x86-large arch=amd64 pattern="" ring_size=1
2026/07/06 18:32:55 [LB] Compatible tag found: function=mab_cost_aware_1783355553 tag=x86-tiny arch=amd64 pattern="" ring_size=1
2026/07/06 18:32:55 [LB] Compatible tag found: function=mab_cost_aware_1783355553 tag=x86-tiny/gpu/nvidia arch=amd64 pattern="" ring_size=1
2026/07/06 18:32:55 [LB] Compatible tags for function 'mab_cost_aware_1783355553': [arm-tiny x86-large x86-tiny x86-tiny/gpu/nvidia]
2026/07/06 18:32:55 [LB][MAB] event=before_select function=mab_cost_aware_1783355553 compatible_tags=[arm-tiny x86-large x86-tiny x86-tiny/gpu/nvidia] has_context=true
2026/07/06 18:32:55 [MAB] event=arm_score ts=1783355575559 policy=UCB1 function=mab_cost_aware_1783355553 arm=arm-tiny score=-1.145795 count=19 avg_reward=-1.494551 total_counts=37
2026/07/06 18:32:55 [MAB] event=arm_score ts=1783355575559 policy=UCB1 function=mab_cost_aware_1783355553 arm=x86-large score=-1.154552 count=3 avg_reward=-2.032236 total_counts=37
2026/07/06 18:32:55 [MAB] event=arm_score ts=1783355575559 policy=UCB1 function=mab_cost_aware_1783355553 arm=x86-tiny score=-1.143695 count=13 avg_reward=-1.565321 total_counts=37
2026/07/06 18:32:55 [MAB] event=arm_score ts=1783355575559 policy=UCB1 function=mab_cost_aware_1783355553 arm=x86-tiny/gpu/nvidia score=-1.495606 count=2 avg_reward=-2.570545 total_counts=37
2026/07/06 18:32:55 [MAB] event=select_arm ts=1783355575559 policy=UCB1 function=mab_cost_aware_1783355553 selected_arm=x86-tiny reason=ucb_score score=-1.143695 total_counts=37 arms=[arm-tiny,x86-large,x86-tiny,x86-tiny/gpu/nvidia]
2026/07/06 18:32:55 [LB][MAB] event=after_select function=mab_cost_aware_1783355553 selected_tag=x86-tiny compatible_tags=[arm-tiny x86-large x86-tiny x86-tiny/gpu/nvidia]
2026/07/06 18:32:55 Candidate has: 512 MB free memory. Function needs: 128 MB
2026/07/06 18:32:55 [LB] Selected target for function 'mab_cost_aware_1783355553': target_tag=x86-tiny candidate=RwE2pnQPWxpJbvLqc8LJX71783355554384724877 candidate_tag=x86-tiny
2026/07/06 18:32:55 [LB-Update] Node RwE2pnQPWxpJbvLqc8LJX71783355554384724877 reported 512 MB free
2026/07/06 18:32:55 [MAB] event=reward_breakdown ts=1783355575564 policy=UCB1 function=mab_cost_aware_1783355553 arm=x86-tiny base_tag=x86-tiny architecture=x86 specialization=tiny capabilities=[] duration_ms=3.476369 latency_reward=-1.245988 cost_weight=0.600000 cost_factor=0.400000 cost_term=0.240000 energy_weight=0.200000 energy_factor=1.000000 energy_term=0.200000 memory_weight=0.000000 memory_penalty=0.000000 memory_term=0.000000 final_reward=-1.685988
2026/07/06 18:32:55 [MAB] event=update_reward ts=1783355575564 policy=UCB1 function=mab_cost_aware_1783355553 arm=x86-tiny duration_ms=3.476369 warm_start=true reward=-1.685988 count=14 avg_reward=-1.573940 total_counts=38
2026/07/06 18:32:55 [LB] Compatible tag found: function=mab_cost_aware_1783355553 tag=arm-tiny arch=amd64 pattern="" ring_size=1
2026/07/06 18:32:55 [LB] Compatible tag found: function=mab_cost_aware_1783355553 tag=x86-large arch=amd64 pattern="" ring_size=1
2026/07/06 18:32:55 [LB] Compatible tag found: function=mab_cost_aware_1783355553 tag=x86-tiny arch=amd64 pattern="" ring_size=1
2026/07/06 18:32:55 [LB] Compatible tag found: function=mab_cost_aware_1783355553 tag=x86-tiny/gpu/nvidia arch=amd64 pattern="" ring_size=1
2026/07/06 18:32:55 [LB] Compatible tags for function 'mab_cost_aware_1783355553': [arm-tiny x86-large x86-tiny x86-tiny/gpu/nvidia]
2026/07/06 18:32:55 [LB][MAB] event=before_select function=mab_cost_aware_1783355553 compatible_tags=[arm-tiny x86-large x86-tiny x86-tiny/gpu/nvidia] has_context=true
2026/07/06 18:32:55 [MAB] event=arm_score ts=1783355575784 policy=UCB1 function=mab_cost_aware_1783355553 arm=arm-tiny score=-1.144509 count=19 avg_reward=-1.494551 total_counts=38
2026/07/06 18:32:55 [MAB] event=arm_score ts=1783355575784 policy=UCB1 function=mab_cost_aware_1783355553 arm=x86-large score=-1.151316 count=3 avg_reward=-2.032236 total_counts=38
2026/07/06 18:32:55 [MAB] event=arm_score ts=1783355575784 policy=UCB1 function=mab_cost_aware_1783355553 arm=x86-tiny score=-1.166154 count=14 avg_reward=-1.573940 total_counts=38
2026/07/06 18:32:55 [MAB] event=arm_score ts=1783355575784 policy=UCB1 function=mab_cost_aware_1783355553 arm=x86-tiny/gpu/nvidia score=-1.491644 count=2 avg_reward=-2.570545 total_counts=38
2026/07/06 18:32:55 [MAB] event=select_arm ts=1783355575784 policy=UCB1 function=mab_cost_aware_1783355553 selected_arm=arm-tiny reason=ucb_score score=-1.144509 total_counts=38 arms=[arm-tiny,x86-large,x86-tiny,x86-tiny/gpu/nvidia]
2026/07/06 18:32:55 [LB][MAB] event=after_select function=mab_cost_aware_1783355553 selected_tag=arm-tiny compatible_tags=[arm-tiny x86-large x86-tiny x86-tiny/gpu/nvidia]
2026/07/06 18:32:55 Candidate has: 512 MB free memory. Function needs: 128 MB
2026/07/06 18:32:55 [LB] Selected target for function 'mab_cost_aware_1783355553': target_tag=arm-tiny candidate=WhGdXSMaK4VNAekSzir6491783355554389642233 candidate_tag=arm-tiny
2026/07/06 18:32:55 [LB-Update] Node WhGdXSMaK4VNAekSzir6491783355554389642233 reported 512 MB free
2026/07/06 18:32:55 [MAB] event=reward_breakdown ts=1783355575788 policy=UCB1 function=mab_cost_aware_1783355553 arm=arm-tiny base_tag=arm-tiny architecture=arm specialization=tiny capabilities=[] duration_ms=3.038822 latency_reward=-1.111470 cost_weight=0.600000 cost_factor=0.400000 cost_term=0.240000 energy_weight=0.200000 energy_factor=0.600000 energy_term=0.120000 memory_weight=0.000000 memory_penalty=0.000000 memory_term=0.000000 final_reward=-1.471470
2026/07/06 18:32:55 [MAB] event=update_reward ts=1783355575788 policy=UCB1 function=mab_cost_aware_1783355553 arm=arm-tiny duration_ms=3.038822 warm_start=true reward=-1.471470 count=20 avg_reward=-1.493397 total_counts=39
2026/07/06 18:32:56 [LB] Compatible tag found: function=mab_cost_aware_1783355553 tag=arm-tiny arch=amd64 pattern="" ring_size=1
2026/07/06 18:32:56 [LB] Compatible tag found: function=mab_cost_aware_1783355553 tag=x86-large arch=amd64 pattern="" ring_size=1
2026/07/06 18:32:56 [LB] Compatible tag found: function=mab_cost_aware_1783355553 tag=x86-tiny arch=amd64 pattern="" ring_size=1
2026/07/06 18:32:56 [LB] Compatible tag found: function=mab_cost_aware_1783355553 tag=x86-tiny/gpu/nvidia arch=amd64 pattern="" ring_size=1
2026/07/06 18:32:56 [LB] Compatible tags for function 'mab_cost_aware_1783355553': [arm-tiny x86-large x86-tiny x86-tiny/gpu/nvidia]
2026/07/06 18:32:56 [LB][MAB] event=before_select function=mab_cost_aware_1783355553 compatible_tags=[arm-tiny x86-large x86-tiny x86-tiny/gpu/nvidia] has_context=true
2026/07/06 18:32:56 [MAB] event=arm_score ts=1783355576009 policy=UCB1 function=mab_cost_aware_1783355553 arm=x86-tiny/gpu/nvidia score=-1.487799 count=2 avg_reward=-2.570545 total_counts=39
2026/07/06 18:32:56 [MAB] event=arm_score ts=1783355576009 policy=UCB1 function=mab_cost_aware_1783355553 arm=arm-tiny score=-1.151002 count=20 avg_reward=-1.493397 total_counts=39
2026/07/06 18:32:56 [MAB] event=arm_score ts=1783355576009 policy=UCB1 function=mab_cost_aware_1783355553 arm=x86-large score=-1.148177 count=3 avg_reward=-2.032236 total_counts=39
2026/07/06 18:32:56 [MAB] event=arm_score ts=1783355576009 policy=UCB1 function=mab_cost_aware_1783355553 arm=x86-tiny score=-1.164700 count=14 avg_reward=-1.573940 total_counts=39
2026/07/06 18:32:56 [MAB] event=select_arm ts=1783355576009 policy=UCB1 function=mab_cost_aware_1783355553 selected_arm=x86-large reason=ucb_score score=-1.148177 total_counts=39 arms=[arm-tiny,x86-large,x86-tiny,x86-tiny/gpu/nvidia]
2026/07/06 18:32:56 [LB][MAB] event=after_select function=mab_cost_aware_1783355553 selected_tag=x86-large compatible_tags=[arm-tiny x86-large x86-tiny x86-tiny/gpu/nvidia]
2026/07/06 18:32:56 Candidate has: 512 MB free memory. Function needs: 128 MB
2026/07/06 18:32:56 [LB] Selected target for function 'mab_cost_aware_1783355553': target_tag=x86-large candidate=Uk7GAQ8hnugcvEoRMqDoKP1783355554387194779 candidate_tag=x86-large
2026/07/06 18:32:56 [LB-Update] Node Uk7GAQ8hnugcvEoRMqDoKP1783355554387194779 reported 512 MB free
2026/07/06 18:32:56 [MAB] event=reward_breakdown ts=1783355576012 policy=UCB1 function=mab_cost_aware_1783355553 arm=x86-large base_tag=x86-large architecture=x86 specialization=large capabilities=[] duration_ms=2.539198 latency_reward=-0.931848 cost_weight=0.600000 cost_factor=1.200000 cost_term=0.720000 energy_weight=0.200000 energy_factor=1.200000 energy_term=0.240000 memory_weight=0.000000 memory_penalty=0.000000 memory_term=0.000000 final_reward=-1.891848
2026/07/06 18:32:56 [MAB] event=update_reward ts=1783355576012 policy=UCB1 function=mab_cost_aware_1783355553 arm=x86-large duration_ms=2.539198 warm_start=true reward=-1.891848 count=4 avg_reward=-1.997139 total_counts=40
2026/07/06 18:32:56 [LB] Compatible tag found: function=mab_cost_aware_1783355553 tag=arm-tiny arch=amd64 pattern="" ring_size=1
2026/07/06 18:32:56 [LB] Compatible tag found: function=mab_cost_aware_1783355553 tag=x86-large arch=amd64 pattern="" ring_size=1
2026/07/06 18:32:56 [LB] Compatible tag found: function=mab_cost_aware_1783355553 tag=x86-tiny arch=amd64 pattern="" ring_size=1
2026/07/06 18:32:56 [LB] Compatible tag found: function=mab_cost_aware_1783355553 tag=x86-tiny/gpu/nvidia arch=amd64 pattern="" ring_size=1
2026/07/06 18:32:56 [LB] Compatible tags for function 'mab_cost_aware_1783355553': [arm-tiny x86-large x86-tiny x86-tiny/gpu/nvidia]
2026/07/06 18:32:56 [LB][MAB] event=before_select function=mab_cost_aware_1783355553 compatible_tags=[arm-tiny x86-large x86-tiny x86-tiny/gpu/nvidia] has_context=true
2026/07/06 18:32:56 [MAB] event=arm_score ts=1783355576232 policy=UCB1 function=mab_cost_aware_1783355553 arm=arm-tiny score=-1.149821 count=20 avg_reward=-1.493397 total_counts=40
2026/07/06 18:32:56 [MAB] event=arm_score ts=1783355576232 policy=UCB1 function=mab_cost_aware_1783355553 arm=x86-large score=-1.228880 count=4 avg_reward=-1.997139 total_counts=40
2026/07/06 18:32:56 [MAB] event=arm_score ts=1783355576232 policy=UCB1 function=mab_cost_aware_1783355553 arm=x86-tiny score=-1.163289 count=14 avg_reward=-1.573940 total_counts=40
2026/07/06 18:32:56 [MAB] event=arm_score ts=1783355576232 policy=UCB1 function=mab_cost_aware_1783355553 arm=x86-tiny/gpu/nvidia score=-1.484064 count=2 avg_reward=-2.570545 total_counts=40
2026/07/06 18:32:56 [MAB] event=select_arm ts=1783355576232 policy=UCB1 function=mab_cost_aware_1783355553 selected_arm=arm-tiny reason=ucb_score score=-1.149821 total_counts=40 arms=[arm-tiny,x86-large,x86-tiny,x86-tiny/gpu/nvidia]
2026/07/06 18:32:56 [LB][MAB] event=after_select function=mab_cost_aware_1783355553 selected_tag=arm-tiny compatible_tags=[arm-tiny x86-large x86-tiny x86-tiny/gpu/nvidia]
2026/07/06 18:32:56 Candidate has: 512 MB free memory. Function needs: 128 MB
2026/07/06 18:32:56 [LB] Selected target for function 'mab_cost_aware_1783355553': target_tag=arm-tiny candidate=WhGdXSMaK4VNAekSzir6491783355554389642233 candidate_tag=arm-tiny
2026/07/06 18:32:56 [LB-Update] Node WhGdXSMaK4VNAekSzir6491783355554389642233 reported 512 MB free
2026/07/06 18:32:56 [MAB] event=reward_breakdown ts=1783355576236 policy=UCB1 function=mab_cost_aware_1783355553 arm=arm-tiny base_tag=arm-tiny architecture=arm specialization=tiny capabilities=[] duration_ms=3.077597 latency_reward=-1.124149 cost_weight=0.600000 cost_factor=0.400000 cost_term=0.240000 energy_weight=0.200000 energy_factor=0.600000 energy_term=0.120000 memory_weight=0.000000 memory_penalty=0.000000 memory_term=0.000000 final_reward=-1.484149
2026/07/06 18:32:56 [MAB] event=update_reward ts=1783355576236 policy=UCB1 function=mab_cost_aware_1783355553 arm=arm-tiny duration_ms=3.077597 warm_start=true reward=-1.484149 count=21 avg_reward=-1.492956 total_counts=41
2026/07/06 18:32:56 [LB] Compatible tag found: function=mab_cost_aware_1783355553 tag=arm-tiny arch=amd64 pattern="" ring_size=1
2026/07/06 18:32:56 [LB] Compatible tag found: function=mab_cost_aware_1783355553 tag=x86-large arch=amd64 pattern="" ring_size=1
2026/07/06 18:32:56 [LB] Compatible tag found: function=mab_cost_aware_1783355553 tag=x86-tiny arch=amd64 pattern="" ring_size=1
2026/07/06 18:32:56 [LB] Compatible tag found: function=mab_cost_aware_1783355553 tag=x86-tiny/gpu/nvidia arch=amd64 pattern="" ring_size=1
2026/07/06 18:32:56 [LB] Compatible tags for function 'mab_cost_aware_1783355553': [arm-tiny x86-large x86-tiny x86-tiny/gpu/nvidia]
2026/07/06 18:32:56 [LB][MAB] event=before_select function=mab_cost_aware_1783355553 compatible_tags=[arm-tiny x86-large x86-tiny x86-tiny/gpu/nvidia] has_context=true
2026/07/06 18:32:56 [MAB] event=arm_score ts=1783355576454 policy=UCB1 function=mab_cost_aware_1783355553 arm=arm-tiny score=-1.156541 count=21 avg_reward=-1.492956 total_counts=41
2026/07/06 18:32:56 [MAB] event=arm_score ts=1783355576454 policy=UCB1 function=mab_cost_aware_1783355553 arm=x86-large score=-1.226313 count=4 avg_reward=-1.997139 total_counts=41
2026/07/06 18:32:56 [MAB] event=arm_score ts=1783355576454 policy=UCB1 function=mab_cost_aware_1783355553 arm=x86-tiny score=-1.161917 count=14 avg_reward=-1.573940 total_counts=41
2026/07/06 18:32:56 [MAB] event=arm_score ts=1783355576454 policy=UCB1 function=mab_cost_aware_1783355553 arm=x86-tiny/gpu/nvidia score=-1.480433 count=2 avg_reward=-2.570545 total_counts=41
2026/07/06 18:32:56 [MAB] event=select_arm ts=1783355576454 policy=UCB1 function=mab_cost_aware_1783355553 selected_arm=arm-tiny reason=ucb_score score=-1.156541 total_counts=41 arms=[arm-tiny,x86-large,x86-tiny,x86-tiny/gpu/nvidia]
2026/07/06 18:32:56 [LB][MAB] event=after_select function=mab_cost_aware_1783355553 selected_tag=arm-tiny compatible_tags=[arm-tiny x86-large x86-tiny x86-tiny/gpu/nvidia]
2026/07/06 18:32:56 Candidate has: 512 MB free memory. Function needs: 128 MB
2026/07/06 18:32:56 [LB] Selected target for function 'mab_cost_aware_1783355553': target_tag=arm-tiny candidate=WhGdXSMaK4VNAekSzir6491783355554389642233 candidate_tag=arm-tiny
2026/07/06 18:32:56 [LB-Update] Node WhGdXSMaK4VNAekSzir6491783355554389642233 reported 512 MB free
2026/07/06 18:32:56 [MAB] event=reward_breakdown ts=1783355576457 policy=UCB1 function=mab_cost_aware_1783355553 arm=arm-tiny base_tag=arm-tiny architecture=arm specialization=tiny capabilities=[] duration_ms=2.707186 latency_reward=-0.995910 cost_weight=0.600000 cost_factor=0.400000 cost_term=0.240000 energy_weight=0.200000 energy_factor=0.600000 energy_term=0.120000 memory_weight=0.000000 memory_penalty=0.000000 memory_term=0.000000 final_reward=-1.355910
2026/07/06 18:32:56 [MAB] event=update_reward ts=1783355576457 policy=UCB1 function=mab_cost_aware_1783355553 arm=arm-tiny duration_ms=2.707186 warm_start=true reward=-1.355910 count=22 avg_reward=-1.486727 total_counts=42
2026/07/06 18:32:56 [LB] Compatible tag found: function=mab_cost_aware_1783355553 tag=arm-tiny arch=amd64 pattern="" ring_size=1
2026/07/06 18:32:56 [LB] Compatible tag found: function=mab_cost_aware_1783355553 tag=x86-large arch=amd64 pattern="" ring_size=1
2026/07/06 18:32:56 [LB] Compatible tag found: function=mab_cost_aware_1783355553 tag=x86-tiny arch=amd64 pattern="" ring_size=1
2026/07/06 18:32:56 [LB] Compatible tag found: function=mab_cost_aware_1783355553 tag=x86-tiny/gpu/nvidia arch=amd64 pattern="" ring_size=1
2026/07/06 18:32:56 [LB] Compatible tags for function 'mab_cost_aware_1783355553': [arm-tiny x86-large x86-tiny x86-tiny/gpu/nvidia]
2026/07/06 18:32:56 [LB][MAB] event=before_select function=mab_cost_aware_1783355553 compatible_tags=[arm-tiny x86-large x86-tiny x86-tiny/gpu/nvidia] has_context=true
2026/07/06 18:32:56 [MAB] event=arm_score ts=1783355576677 policy=UCB1 function=mab_cost_aware_1783355553 arm=x86-large score=-1.223817 count=4 avg_reward=-1.997139 total_counts=42
2026/07/06 18:32:56 [MAB] event=arm_score ts=1783355576677 policy=UCB1 function=mab_cost_aware_1783355553 arm=x86-tiny score=-1.160582 count=14 avg_reward=-1.573940 total_counts=42
2026/07/06 18:32:56 [MAB] event=arm_score ts=1783355576677 policy=UCB1 function=mab_cost_aware_1783355553 arm=x86-tiny/gpu/nvidia score=-1.476902 count=2 avg_reward=-2.570545 total_counts=42
2026/07/06 18:32:56 [MAB] event=arm_score ts=1783355576677 policy=UCB1 function=mab_cost_aware_1783355553 arm=arm-tiny score=-1.156981 count=22 avg_reward=-1.486727 total_counts=42
2026/07/06 18:32:56 [MAB] event=select_arm ts=1783355576677 policy=UCB1 function=mab_cost_aware_1783355553 selected_arm=arm-tiny reason=ucb_score score=-1.156981 total_counts=42 arms=[arm-tiny,x86-large,x86-tiny,x86-tiny/gpu/nvidia]
2026/07/06 18:32:56 [LB][MAB] event=after_select function=mab_cost_aware_1783355553 selected_tag=arm-tiny compatible_tags=[arm-tiny x86-large x86-tiny x86-tiny/gpu/nvidia]
2026/07/06 18:32:56 Candidate has: 512 MB free memory. Function needs: 128 MB
2026/07/06 18:32:56 [LB] Selected target for function 'mab_cost_aware_1783355553': target_tag=arm-tiny candidate=WhGdXSMaK4VNAekSzir6491783355554389642233 candidate_tag=arm-tiny
2026/07/06 18:32:56 [LB-Update] Node WhGdXSMaK4VNAekSzir6491783355554389642233 reported 512 MB free
2026/07/06 18:32:56 [MAB] event=reward_breakdown ts=1783355576681 policy=UCB1 function=mab_cost_aware_1783355553 arm=arm-tiny base_tag=arm-tiny architecture=arm specialization=tiny capabilities=[] duration_ms=2.969206 latency_reward=-1.088295 cost_weight=0.600000 cost_factor=0.400000 cost_term=0.240000 energy_weight=0.200000 energy_factor=0.600000 energy_term=0.120000 memory_weight=0.000000 memory_penalty=0.000000 memory_term=0.000000 final_reward=-1.448295
2026/07/06 18:32:56 [MAB] event=update_reward ts=1783355576681 policy=UCB1 function=mab_cost_aware_1783355553 arm=arm-tiny duration_ms=2.969206 warm_start=true reward=-1.448295 count=23 avg_reward=-1.485056 total_counts=43
2026/07/06 18:32:56 [LB] Compatible tag found: function=mab_cost_aware_1783355553 tag=arm-tiny arch=amd64 pattern="" ring_size=1
2026/07/06 18:32:56 [LB] Compatible tag found: function=mab_cost_aware_1783355553 tag=x86-large arch=amd64 pattern="" ring_size=1
2026/07/06 18:32:56 [LB] Compatible tag found: function=mab_cost_aware_1783355553 tag=x86-tiny arch=amd64 pattern="" ring_size=1
2026/07/06 18:32:56 [LB] Compatible tag found: function=mab_cost_aware_1783355553 tag=x86-tiny/gpu/nvidia arch=amd64 pattern="" ring_size=1
2026/07/06 18:32:56 [LB] Compatible tags for function 'mab_cost_aware_1783355553': [arm-tiny x86-large x86-tiny x86-tiny/gpu/nvidia]
2026/07/06 18:32:56 [LB][MAB] event=before_select function=mab_cost_aware_1783355553 compatible_tags=[arm-tiny x86-large x86-tiny x86-tiny/gpu/nvidia] has_context=true
2026/07/06 18:32:56 [MAB] event=arm_score ts=1783355576903 policy=UCB1 function=mab_cost_aware_1783355553 arm=arm-tiny score=-1.161545 count=23 avg_reward=-1.485056 total_counts=43
2026/07/06 18:32:56 [MAB] event=arm_score ts=1783355576903 policy=UCB1 function=mab_cost_aware_1783355553 arm=x86-large score=-1.221386 count=4 avg_reward=-1.997139 total_counts=43
2026/07/06 18:32:56 [MAB] event=arm_score ts=1783355576903 policy=UCB1 function=mab_cost_aware_1783355553 arm=x86-tiny score=-1.159283 count=14 avg_reward=-1.573940 total_counts=43
2026/07/06 18:32:56 [MAB] event=arm_score ts=1783355576903 policy=UCB1 function=mab_cost_aware_1783355553 arm=x86-tiny/gpu/nvidia score=-1.473465 count=2 avg_reward=-2.570545 total_counts=43
2026/07/06 18:32:56 [MAB] event=select_arm ts=1783355576903 policy=UCB1 function=mab_cost_aware_1783355553 selected_arm=x86-tiny reason=ucb_score score=-1.159283 total_counts=43 arms=[arm-tiny,x86-large,x86-tiny,x86-tiny/gpu/nvidia]
2026/07/06 18:32:56 [LB][MAB] event=after_select function=mab_cost_aware_1783355553 selected_tag=x86-tiny compatible_tags=[arm-tiny x86-large x86-tiny x86-tiny/gpu/nvidia]
2026/07/06 18:32:56 Candidate has: 512 MB free memory. Function needs: 128 MB
2026/07/06 18:32:56 [LB] Selected target for function 'mab_cost_aware_1783355553': target_tag=x86-tiny candidate=RwE2pnQPWxpJbvLqc8LJX71783355554384724877 candidate_tag=x86-tiny
2026/07/06 18:32:56 [LB-Update] Node RwE2pnQPWxpJbvLqc8LJX71783355554384724877 reported 512 MB free
2026/07/06 18:32:56 [MAB] event=reward_breakdown ts=1783355576907 policy=UCB1 function=mab_cost_aware_1783355553 arm=x86-tiny base_tag=x86-tiny architecture=x86 specialization=tiny capabilities=[] duration_ms=2.991313 latency_reward=-1.095712 cost_weight=0.600000 cost_factor=0.400000 cost_term=0.240000 energy_weight=0.200000 energy_factor=1.000000 energy_term=0.200000 memory_weight=0.000000 memory_penalty=0.000000 memory_term=0.000000 final_reward=-1.535712
2026/07/06 18:32:56 [MAB] event=update_reward ts=1783355576907 policy=UCB1 function=mab_cost_aware_1783355553 arm=x86-tiny duration_ms=2.991313 warm_start=true reward=-1.535712 count=15 avg_reward=-1.571391 total_counts=44
2026/07/06 18:32:57 [LB] Compatible tag found: function=mab_cost_aware_1783355553 tag=arm-tiny arch=amd64 pattern="" ring_size=1
2026/07/06 18:32:57 [LB] Compatible tag found: function=mab_cost_aware_1783355553 tag=x86-large arch=amd64 pattern="" ring_size=1
2026/07/06 18:32:57 [LB] Compatible tag found: function=mab_cost_aware_1783355553 tag=x86-tiny arch=amd64 pattern="" ring_size=1
2026/07/06 18:32:57 [LB] Compatible tag found: function=mab_cost_aware_1783355553 tag=x86-tiny/gpu/nvidia arch=amd64 pattern="" ring_size=1
2026/07/06 18:32:57 [LB] Compatible tags for function 'mab_cost_aware_1783355553': [arm-tiny x86-large x86-tiny x86-tiny/gpu/nvidia]
2026/07/06 18:32:57 [LB][MAB] event=before_select function=mab_cost_aware_1783355553 compatible_tags=[arm-tiny x86-large x86-tiny x86-tiny/gpu/nvidia] has_context=true
2026/07/06 18:32:57 [MAB] event=arm_score ts=1783355577126 policy=UCB1 function=mab_cost_aware_1783355553 arm=arm-tiny score=-1.160558 count=23 avg_reward=-1.485056 total_counts=44
2026/07/06 18:32:57 [MAB] event=arm_score ts=1783355577126 policy=UCB1 function=mab_cost_aware_1783355553 arm=x86-large score=-1.219019 count=4 avg_reward=-1.997139 total_counts=44
2026/07/06 18:32:57 [MAB] event=arm_score ts=1783355577126 policy=UCB1 function=mab_cost_aware_1783355553 arm=x86-tiny score=-1.169572 count=15 avg_reward=-1.571391 total_counts=44
2026/07/06 18:32:57 [MAB] event=arm_score ts=1783355577126 policy=UCB1 function=mab_cost_aware_1783355553 arm=x86-tiny/gpu/nvidia score=-1.470117 count=2 avg_reward=-2.570545 total_counts=44
2026/07/06 18:32:57 [MAB] event=select_arm ts=1783355577126 policy=UCB1 function=mab_cost_aware_1783355553 selected_arm=arm-tiny reason=ucb_score score=-1.160558 total_counts=44 arms=[arm-tiny,x86-large,x86-tiny,x86-tiny/gpu/nvidia]
2026/07/06 18:32:57 [LB][MAB] event=after_select function=mab_cost_aware_1783355553 selected_tag=arm-tiny compatible_tags=[arm-tiny x86-large x86-tiny x86-tiny/gpu/nvidia]
2026/07/06 18:32:57 Candidate has: 512 MB free memory. Function needs: 128 MB
2026/07/06 18:32:57 [LB] Selected target for function 'mab_cost_aware_1783355553': target_tag=arm-tiny candidate=WhGdXSMaK4VNAekSzir6491783355554389642233 candidate_tag=arm-tiny
2026/07/06 18:32:57 [LB-Update] Node WhGdXSMaK4VNAekSzir6491783355554389642233 reported 512 MB free
2026/07/06 18:32:57 [MAB] event=reward_breakdown ts=1783355577129 policy=UCB1 function=mab_cost_aware_1783355553 arm=arm-tiny base_tag=arm-tiny architecture=arm specialization=tiny capabilities=[] duration_ms=2.796999 latency_reward=-1.028547 cost_weight=0.600000 cost_factor=0.400000 cost_term=0.240000 energy_weight=0.200000 energy_factor=0.600000 energy_term=0.120000 memory_weight=0.000000 memory_penalty=0.000000 memory_term=0.000000 final_reward=-1.388547
2026/07/06 18:32:57 [MAB] event=update_reward ts=1783355577129 policy=UCB1 function=mab_cost_aware_1783355553 arm=arm-tiny duration_ms=2.796999 warm_start=true reward=-1.388547 count=24 avg_reward=-1.481035 total_counts=45
2026/07/06 18:32:57 [LB] Compatible tag found: function=mab_cost_aware_1783355553 tag=arm-tiny arch=amd64 pattern="" ring_size=1
2026/07/06 18:32:57 [LB] Compatible tag found: function=mab_cost_aware_1783355553 tag=x86-large arch=amd64 pattern="" ring_size=1
2026/07/06 18:32:57 [LB] Compatible tag found: function=mab_cost_aware_1783355553 tag=x86-tiny arch=amd64 pattern="" ring_size=1
2026/07/06 18:32:57 [LB] Compatible tag found: function=mab_cost_aware_1783355553 tag=x86-tiny/gpu/nvidia arch=amd64 pattern="" ring_size=1
2026/07/06 18:32:57 [LB] Compatible tags for function 'mab_cost_aware_1783355553': [arm-tiny x86-large x86-tiny x86-tiny/gpu/nvidia]
2026/07/06 18:32:57 [LB][MAB] event=before_select function=mab_cost_aware_1783355553 compatible_tags=[arm-tiny x86-large x86-tiny x86-tiny/gpu/nvidia] has_context=true
2026/07/06 18:32:57 [MAB] event=arm_score ts=1783355577349 policy=UCB1 function=mab_cost_aware_1783355553 arm=x86-tiny/gpu/nvidia score=-1.466855 count=2 avg_reward=-2.570545 total_counts=45
2026/07/06 18:32:57 [MAB] event=arm_score ts=1783355577349 policy=UCB1 function=mab_cost_aware_1783355553 arm=arm-tiny score=-1.162427 count=24 avg_reward=-1.481035 total_counts=45
2026/07/06 18:32:57 [MAB] event=arm_score ts=1783355577349 policy=UCB1 function=mab_cost_aware_1783355553 arm=x86-large score=-1.216712 count=4 avg_reward=-1.997139 total_counts=45
2026/07/06 18:32:57 [MAB] event=arm_score ts=1783355577349 policy=UCB1 function=mab_cost_aware_1783355553 arm=x86-tiny score=-1.168381 count=15 avg_reward=-1.571391 total_counts=45
2026/07/06 18:32:57 [MAB] event=select_arm ts=1783355577349 policy=UCB1 function=mab_cost_aware_1783355553 selected_arm=arm-tiny reason=ucb_score score=-1.162427 total_counts=45 arms=[arm-tiny,x86-large,x86-tiny,x86-tiny/gpu/nvidia]
2026/07/06 18:32:57 [LB][MAB] event=after_select function=mab_cost_aware_1783355553 selected_tag=arm-tiny compatible_tags=[arm-tiny x86-large x86-tiny x86-tiny/gpu/nvidia]
2026/07/06 18:32:57 Candidate has: 512 MB free memory. Function needs: 128 MB
2026/07/06 18:32:57 [LB] Selected target for function 'mab_cost_aware_1783355553': target_tag=arm-tiny candidate=WhGdXSMaK4VNAekSzir6491783355554389642233 candidate_tag=arm-tiny
2026/07/06 18:32:57 [LB-Update] Node WhGdXSMaK4VNAekSzir6491783355554389642233 reported 512 MB free
2026/07/06 18:32:57 [MAB] event=reward_breakdown ts=1783355577352 policy=UCB1 function=mab_cost_aware_1783355553 arm=arm-tiny base_tag=arm-tiny architecture=arm specialization=tiny capabilities=[] duration_ms=2.870764 latency_reward=-1.054578 cost_weight=0.600000 cost_factor=0.400000 cost_term=0.240000 energy_weight=0.200000 energy_factor=0.600000 energy_term=0.120000 memory_weight=0.000000 memory_penalty=0.000000 memory_term=0.000000 final_reward=-1.414578
2026/07/06 18:32:57 [MAB] event=update_reward ts=1783355577352 policy=UCB1 function=mab_cost_aware_1783355553 arm=arm-tiny duration_ms=2.870764 warm_start=true reward=-1.414578 count=25 avg_reward=-1.478377 total_counts=46
2026/07/06 18:32:57 [LB]: Periodic targets update
2026/07/06 18:32:57 Found target: Uk7GAQ8hnugcvEoRMqDoKP1783355554387194779
2026/07/06 18:32:57 Found target: RwE2pnQPWxpJbvLqc8LJX71783355554384724877
2026/07/06 18:32:57 Found target: nEz7h2LBm2c75e6aPeDwqX1783355554388602578
2026/07/06 18:32:57 Found target: WhGdXSMaK4VNAekSzir6491783355554389642233
2026/07/06 18:32:57 Found 4 targets
2026/07/06 18:32:57 [LB] Compatible tag found: function=mab_cost_aware_1783355553 tag=arm-tiny arch=amd64 pattern="" ring_size=1
2026/07/06 18:32:57 [LB] Compatible tag found: function=mab_cost_aware_1783355553 tag=x86-large arch=amd64 pattern="" ring_size=1
2026/07/06 18:32:57 [LB] Compatible tag found: function=mab_cost_aware_1783355553 tag=x86-tiny arch=amd64 pattern="" ring_size=1
2026/07/06 18:32:57 [LB] Compatible tag found: function=mab_cost_aware_1783355553 tag=x86-tiny/gpu/nvidia arch=amd64 pattern="" ring_size=1
2026/07/06 18:32:57 [LB] Compatible tags for function 'mab_cost_aware_1783355553': [arm-tiny x86-large x86-tiny x86-tiny/gpu/nvidia]
2026/07/06 18:32:57 [LB][MAB] event=before_select function=mab_cost_aware_1783355553 compatible_tags=[arm-tiny x86-large x86-tiny x86-tiny/gpu/nvidia] has_context=true
2026/07/06 18:32:57 [MAB] event=arm_score ts=1783355577573 policy=UCB1 function=mab_cost_aware_1783355553 arm=x86-tiny score=-1.167219 count=15 avg_reward=-1.571391 total_counts=46
2026/07/06 18:32:57 [MAB] event=arm_score ts=1783355577573 policy=UCB1 function=mab_cost_aware_1783355553 arm=x86-tiny/gpu/nvidia score=-1.463673 count=2 avg_reward=-2.570545 total_counts=46
2026/07/06 18:32:57 [MAB] event=arm_score ts=1783355577573 policy=UCB1 function=mab_cost_aware_1783355553 arm=arm-tiny score=-1.165306 count=25 avg_reward=-1.478377 total_counts=46
2026/07/06 18:32:57 [MAB] event=arm_score ts=1783355577573 policy=UCB1 function=mab_cost_aware_1783355553 arm=x86-large score=-1.214462 count=4 avg_reward=-1.997139 total_counts=46
2026/07/06 18:32:57 [MAB] event=select_arm ts=1783355577573 policy=UCB1 function=mab_cost_aware_1783355553 selected_arm=arm-tiny reason=ucb_score score=-1.165306 total_counts=46 arms=[arm-tiny,x86-large,x86-tiny,x86-tiny/gpu/nvidia]
2026/07/06 18:32:57 [LB][MAB] event=after_select function=mab_cost_aware_1783355553 selected_tag=arm-tiny compatible_tags=[arm-tiny x86-large x86-tiny x86-tiny/gpu/nvidia]
2026/07/06 18:32:57 Candidate has: 512 MB free memory. Function needs: 128 MB
2026/07/06 18:32:57 [LB] Selected target for function 'mab_cost_aware_1783355553': target_tag=arm-tiny candidate=WhGdXSMaK4VNAekSzir6491783355554389642233 candidate_tag=arm-tiny
2026/07/06 18:32:57 [LB-Update] Node WhGdXSMaK4VNAekSzir6491783355554389642233 reported 512 MB free
2026/07/06 18:32:57 [MAB] event=reward_breakdown ts=1783355577576 policy=UCB1 function=mab_cost_aware_1783355553 arm=arm-tiny base_tag=arm-tiny architecture=arm specialization=tiny capabilities=[] duration_ms=2.767317 latency_reward=-1.017878 cost_weight=0.600000 cost_factor=0.400000 cost_term=0.240000 energy_weight=0.200000 energy_factor=0.600000 energy_term=0.120000 memory_weight=0.000000 memory_penalty=0.000000 memory_term=0.000000 final_reward=-1.377878
2026/07/06 18:32:57 [MAB] event=update_reward ts=1783355577576 policy=UCB1 function=mab_cost_aware_1783355553 arm=arm-tiny duration_ms=2.767317 warm_start=true reward=-1.377878 count=26 avg_reward=-1.474511 total_counts=47
2026/07/06 18:32:57 [LB] Compatible tag found: function=mab_cost_aware_1783355553 tag=arm-tiny arch=amd64 pattern="" ring_size=1
2026/07/06 18:32:57 [LB] Compatible tag found: function=mab_cost_aware_1783355553 tag=x86-large arch=amd64 pattern="" ring_size=1
2026/07/06 18:32:57 [LB] Compatible tag found: function=mab_cost_aware_1783355553 tag=x86-tiny arch=amd64 pattern="" ring_size=1
2026/07/06 18:32:57 [LB] Compatible tag found: function=mab_cost_aware_1783355553 tag=x86-tiny/gpu/nvidia arch=amd64 pattern="" ring_size=1
2026/07/06 18:32:57 [LB] Compatible tags for function 'mab_cost_aware_1783355553': [arm-tiny x86-large x86-tiny x86-tiny/gpu/nvidia]
2026/07/06 18:32:57 [LB][MAB] event=before_select function=mab_cost_aware_1783355553 compatible_tags=[arm-tiny x86-large x86-tiny x86-tiny/gpu/nvidia] has_context=true
2026/07/06 18:32:57 [MAB] event=arm_score ts=1783355577795 policy=UCB1 function=mab_cost_aware_1783355553 arm=arm-tiny score=-1.166659 count=26 avg_reward=-1.474511 total_counts=47
2026/07/06 18:32:57 [MAB] event=arm_score ts=1783355577795 policy=UCB1 function=mab_cost_aware_1783355553 arm=x86-large score=-1.212267 count=4 avg_reward=-1.997139 total_counts=47
2026/07/06 18:32:57 [MAB] event=arm_score ts=1783355577795 policy=UCB1 function=mab_cost_aware_1783355553 arm=x86-tiny score=-1.166085 count=15 avg_reward=-1.571391 total_counts=47
2026/07/06 18:32:57 [MAB] event=arm_score ts=1783355577795 policy=UCB1 function=mab_cost_aware_1783355553 arm=x86-tiny/gpu/nvidia score=-1.460569 count=2 avg_reward=-2.570545 total_counts=47
2026/07/06 18:32:57 [MAB] event=select_arm ts=1783355577795 policy=UCB1 function=mab_cost_aware_1783355553 selected_arm=x86-tiny reason=ucb_score score=-1.166085 total_counts=47 arms=[arm-tiny,x86-large,x86-tiny,x86-tiny/gpu/nvidia]
2026/07/06 18:32:57 [LB][MAB] event=after_select function=mab_cost_aware_1783355553 selected_tag=x86-tiny compatible_tags=[arm-tiny x86-large x86-tiny x86-tiny/gpu/nvidia]
2026/07/06 18:32:57 Candidate has: 512 MB free memory. Function needs: 128 MB
2026/07/06 18:32:57 [LB] Selected target for function 'mab_cost_aware_1783355553': target_tag=x86-tiny candidate=RwE2pnQPWxpJbvLqc8LJX71783355554384724877 candidate_tag=x86-tiny
2026/07/06 18:32:57 [LB-Update] Node RwE2pnQPWxpJbvLqc8LJX71783355554384724877 reported 512 MB free
2026/07/06 18:32:57 [MAB] event=reward_breakdown ts=1783355577800 policy=UCB1 function=mab_cost_aware_1783355553 arm=x86-tiny base_tag=x86-tiny architecture=x86 specialization=tiny capabilities=[] duration_ms=3.171083 latency_reward=-1.154073 cost_weight=0.600000 cost_factor=0.400000 cost_term=0.240000 energy_weight=0.200000 energy_factor=1.000000 energy_term=0.200000 memory_weight=0.000000 memory_penalty=0.000000 memory_term=0.000000 final_reward=-1.594073
2026/07/06 18:32:57 [MAB] event=update_reward ts=1783355577800 policy=UCB1 function=mab_cost_aware_1783355553 arm=x86-tiny duration_ms=3.171083 warm_start=true reward=-1.594073 count=16 avg_reward=-1.572809 total_counts=48
2026/07/06 18:32:58 [LB] Compatible tag found: function=mab_cost_aware_1783355553 tag=arm-tiny arch=amd64 pattern="" ring_size=1
2026/07/06 18:32:58 [LB] Compatible tag found: function=mab_cost_aware_1783355553 tag=x86-large arch=amd64 pattern="" ring_size=1
2026/07/06 18:32:58 [LB] Compatible tag found: function=mab_cost_aware_1783355553 tag=x86-tiny arch=amd64 pattern="" ring_size=1
2026/07/06 18:32:58 [LB] Compatible tag found: function=mab_cost_aware_1783355553 tag=x86-tiny/gpu/nvidia arch=amd64 pattern="" ring_size=1
2026/07/06 18:32:58 [LB] Compatible tags for function 'mab_cost_aware_1783355553': [arm-tiny x86-large x86-tiny x86-tiny/gpu/nvidia]
2026/07/06 18:32:58 [LB][MAB] event=before_select function=mab_cost_aware_1783355553 compatible_tags=[arm-tiny x86-large x86-tiny x86-tiny/gpu/nvidia] has_context=true
2026/07/06 18:32:58 [MAB] event=arm_score ts=1783355578020 policy=UCB1 function=mab_cost_aware_1783355553 arm=x86-tiny/gpu/nvidia score=-1.457538 count=2 avg_reward=-2.570545 total_counts=48
2026/07/06 18:32:58 [MAB] event=arm_score ts=1783355578020 policy=UCB1 function=mab_cost_aware_1783355553 arm=arm-tiny score=-1.165819 count=26 avg_reward=-1.474511 total_counts=48
2026/07/06 18:32:58 [MAB] event=arm_score ts=1783355578020 policy=UCB1 function=mab_cost_aware_1783355553 arm=x86-large score=-1.210124 count=4 avg_reward=-1.997139 total_counts=48
2026/07/06 18:32:58 [MAB] event=arm_score ts=1783355578020 policy=UCB1 function=mab_cost_aware_1783355553 arm=x86-tiny score=-1.179302 count=16 avg_reward=-1.572809 total_counts=48
2026/07/06 18:32:58 [MAB] event=select_arm ts=1783355578020 policy=UCB1 function=mab_cost_aware_1783355553 selected_arm=arm-tiny reason=ucb_score score=-1.165819 total_counts=48 arms=[arm-tiny,x86-large,x86-tiny,x86-tiny/gpu/nvidia]
2026/07/06 18:32:58 [LB][MAB] event=after_select function=mab_cost_aware_1783355553 selected_tag=arm-tiny compatible_tags=[arm-tiny x86-large x86-tiny x86-tiny/gpu/nvidia]
2026/07/06 18:32:58 Candidate has: 512 MB free memory. Function needs: 128 MB
2026/07/06 18:32:58 [LB] Selected target for function 'mab_cost_aware_1783355553': target_tag=arm-tiny candidate=WhGdXSMaK4VNAekSzir6491783355554389642233 candidate_tag=arm-tiny
2026/07/06 18:32:58 [LB-Update] Node WhGdXSMaK4VNAekSzir6491783355554389642233 reported 512 MB free
2026/07/06 18:32:58 [MAB] event=reward_breakdown ts=1783355578024 policy=UCB1 function=mab_cost_aware_1783355553 arm=arm-tiny base_tag=arm-tiny architecture=arm specialization=tiny capabilities=[] duration_ms=2.969601 latency_reward=-1.088428 cost_weight=0.600000 cost_factor=0.400000 cost_term=0.240000 energy_weight=0.200000 energy_factor=0.600000 energy_term=0.120000 memory_weight=0.000000 memory_penalty=0.000000 memory_term=0.000000 final_reward=-1.448428
2026/07/06 18:32:58 [MAB] event=update_reward ts=1783355578024 policy=UCB1 function=mab_cost_aware_1783355553 arm=arm-tiny duration_ms=2.969601 warm_start=true reward=-1.448428 count=27 avg_reward=-1.473545 total_counts=49
2026/07/06 18:32:58 [LB] Compatible tag found: function=mab_cost_aware_1783355553 tag=arm-tiny arch=amd64 pattern="" ring_size=1
2026/07/06 18:32:58 [LB] Compatible tag found: function=mab_cost_aware_1783355553 tag=x86-large arch=amd64 pattern="" ring_size=1
2026/07/06 18:32:58 [LB] Compatible tag found: function=mab_cost_aware_1783355553 tag=x86-tiny arch=amd64 pattern="" ring_size=1
2026/07/06 18:32:58 [LB] Compatible tag found: function=mab_cost_aware_1783355553 tag=x86-tiny/gpu/nvidia arch=amd64 pattern="" ring_size=1
2026/07/06 18:32:58 [LB] Compatible tags for function 'mab_cost_aware_1783355553': [arm-tiny x86-large x86-tiny x86-tiny/gpu/nvidia]
2026/07/06 18:32:58 [LB][MAB] event=before_select function=mab_cost_aware_1783355553 compatible_tags=[arm-tiny x86-large x86-tiny x86-tiny/gpu/nvidia] has_context=true
2026/07/06 18:32:58 [MAB] event=arm_score ts=1783355578245 policy=UCB1 function=mab_cost_aware_1783355553 arm=x86-large score=-1.208031 count=4 avg_reward=-1.997139 total_counts=49
2026/07/06 18:32:58 [MAB] event=arm_score ts=1783355578245 policy=UCB1 function=mab_cost_aware_1783355553 arm=x86-tiny score=-1.178255 count=16 avg_reward=-1.572809 total_counts=49
2026/07/06 18:32:58 [MAB] event=arm_score ts=1783355578245 policy=UCB1 function=mab_cost_aware_1783355553 arm=x86-tiny/gpu/nvidia score=-1.454578 count=2 avg_reward=-2.570545 total_counts=49
2026/07/06 18:32:58 [MAB] event=arm_score ts=1783355578245 policy=UCB1 function=mab_cost_aware_1783355553 arm=arm-tiny score=-1.169817 count=27 avg_reward=-1.473545 total_counts=49
2026/07/06 18:32:58 [MAB] event=select_arm ts=1783355578245 policy=UCB1 function=mab_cost_aware_1783355553 selected_arm=arm-tiny reason=ucb_score score=-1.169817 total_counts=49 arms=[arm-tiny,x86-large,x86-tiny,x86-tiny/gpu/nvidia]
2026/07/06 18:32:58 [LB][MAB] event=after_select function=mab_cost_aware_1783355553 selected_tag=arm-tiny compatible_tags=[arm-tiny x86-large x86-tiny x86-tiny/gpu/nvidia]
2026/07/06 18:32:58 Candidate has: 512 MB free memory. Function needs: 128 MB
2026/07/06 18:32:58 [LB] Selected target for function 'mab_cost_aware_1783355553': target_tag=arm-tiny candidate=WhGdXSMaK4VNAekSzir6491783355554389642233 candidate_tag=arm-tiny
2026/07/06 18:32:58 [LB-Update] Node WhGdXSMaK4VNAekSzir6491783355554389642233 reported 512 MB free
2026/07/06 18:32:58 [MAB] event=reward_breakdown ts=1783355578249 policy=UCB1 function=mab_cost_aware_1783355553 arm=arm-tiny base_tag=arm-tiny architecture=arm specialization=tiny capabilities=[] duration_ms=3.309055 latency_reward=-1.196663 cost_weight=0.600000 cost_factor=0.400000 cost_term=0.240000 energy_weight=0.200000 energy_factor=0.600000 energy_term=0.120000 memory_weight=0.000000 memory_penalty=0.000000 memory_term=0.000000 final_reward=-1.556663
2026/07/06 18:32:58 [MAB] event=update_reward ts=1783355578249 policy=UCB1 function=mab_cost_aware_1783355553 arm=arm-tiny duration_ms=3.309055 warm_start=true reward=-1.556663 count=28 avg_reward=-1.476514 total_counts=50
2026/07/06 18:32:58 [LB] Compatible tag found: function=mab_cost_aware_1783355553 tag=arm-tiny arch=amd64 pattern="" ring_size=1
2026/07/06 18:32:58 [LB] Compatible tag found: function=mab_cost_aware_1783355553 tag=x86-large arch=amd64 pattern="" ring_size=1
2026/07/06 18:32:58 [LB] Compatible tag found: function=mab_cost_aware_1783355553 tag=x86-tiny arch=amd64 pattern="" ring_size=1
2026/07/06 18:32:58 [LB] Compatible tag found: function=mab_cost_aware_1783355553 tag=x86-tiny/gpu/nvidia arch=amd64 pattern="" ring_size=1
2026/07/06 18:32:58 [LB] Compatible tags for function 'mab_cost_aware_1783355553': [arm-tiny x86-large x86-tiny x86-tiny/gpu/nvidia]
2026/07/06 18:32:58 [LB][MAB] event=before_select function=mab_cost_aware_1783355553 compatible_tags=[arm-tiny x86-large x86-tiny x86-tiny/gpu/nvidia] has_context=true
2026/07/06 18:32:58 [MAB] event=arm_score ts=1783355578468 policy=UCB1 function=mab_cost_aware_1783355553 arm=arm-tiny score=-1.177486 count=28 avg_reward=-1.476514 total_counts=50
2026/07/06 18:32:58 [MAB] event=arm_score ts=1783355578468 policy=UCB1 function=mab_cost_aware_1783355553 arm=x86-large score=-1.205985 count=4 avg_reward=-1.997139 total_counts=50
2026/07/06 18:32:58 [MAB] event=arm_score ts=1783355578468 policy=UCB1 function=mab_cost_aware_1783355553 arm=x86-tiny score=-1.177232 count=16 avg_reward=-1.572809 total_counts=50
2026/07/06 18:32:58 [MAB] event=arm_score ts=1783355578468 policy=UCB1 function=mab_cost_aware_1783355553 arm=x86-tiny/gpu/nvidia score=-1.451685 count=2 avg_reward=-2.570545 total_counts=50
2026/07/06 18:32:58 [MAB] event=select_arm ts=1783355578468 policy=UCB1 function=mab_cost_aware_1783355553 selected_arm=x86-tiny reason=ucb_score score=-1.177232 total_counts=50 arms=[arm-tiny,x86-large,x86-tiny,x86-tiny/gpu/nvidia]
2026/07/06 18:32:58 [LB][MAB] event=after_select function=mab_cost_aware_1783355553 selected_tag=x86-tiny compatible_tags=[arm-tiny x86-large x86-tiny x86-tiny/gpu/nvidia]
2026/07/06 18:32:58 Candidate has: 512 MB free memory. Function needs: 128 MB
2026/07/06 18:32:58 [LB] Selected target for function 'mab_cost_aware_1783355553': target_tag=x86-tiny candidate=RwE2pnQPWxpJbvLqc8LJX71783355554384724877 candidate_tag=x86-tiny
2026/07/06 18:32:58 [LB-Update] Node RwE2pnQPWxpJbvLqc8LJX71783355554384724877 reported 512 MB free
2026/07/06 18:32:58 [MAB] event=reward_breakdown ts=1783355578472 policy=UCB1 function=mab_cost_aware_1783355553 arm=x86-tiny base_tag=x86-tiny architecture=x86 specialization=tiny capabilities=[] duration_ms=3.012215 latency_reward=-1.102676 cost_weight=0.600000 cost_factor=0.400000 cost_term=0.240000 energy_weight=0.200000 energy_factor=1.000000 energy_term=0.200000 memory_weight=0.000000 memory_penalty=0.000000 memory_term=0.000000 final_reward=-1.542676
2026/07/06 18:32:58 [MAB] event=update_reward ts=1783355578472 policy=UCB1 function=mab_cost_aware_1783355553 arm=x86-tiny duration_ms=3.012215 warm_start=true reward=-1.542676 count=17 avg_reward=-1.571037 total_counts=51
2026/07/06 18:32:58 [LB] Compatible tag found: function=mab_cost_aware_1783355553 tag=arm-tiny arch=amd64 pattern="" ring_size=1
2026/07/06 18:32:58 [LB] Compatible tag found: function=mab_cost_aware_1783355553 tag=x86-large arch=amd64 pattern="" ring_size=1
2026/07/06 18:32:58 [LB] Compatible tag found: function=mab_cost_aware_1783355553 tag=x86-tiny arch=amd64 pattern="" ring_size=1
2026/07/06 18:32:58 [LB] Compatible tag found: function=mab_cost_aware_1783355553 tag=x86-tiny/gpu/nvidia arch=amd64 pattern="" ring_size=1
2026/07/06 18:32:58 [LB] Compatible tags for function 'mab_cost_aware_1783355553': [arm-tiny x86-large x86-tiny x86-tiny/gpu/nvidia]
2026/07/06 18:32:58 [LB][MAB] event=before_select function=mab_cost_aware_1783355553 compatible_tags=[arm-tiny x86-large x86-tiny x86-tiny/gpu/nvidia] has_context=true
2026/07/06 18:32:58 [MAB] event=arm_score ts=1783355578692 policy=UCB1 function=mab_cost_aware_1783355553 arm=arm-tiny score=-1.176730 count=28 avg_reward=-1.476514 total_counts=51
2026/07/06 18:32:58 [MAB] event=arm_score ts=1783355578692 policy=UCB1 function=mab_cost_aware_1783355553 arm=x86-large score=-1.203985 count=4 avg_reward=-1.997139 total_counts=51
2026/07/06 18:32:58 [MAB] event=arm_score ts=1783355578692 policy=UCB1 function=mab_cost_aware_1783355553 arm=x86-tiny score=-1.186301 count=17 avg_reward=-1.571037 total_counts=51
2026/07/06 18:32:58 [MAB] event=arm_score ts=1783355578692 policy=UCB1 function=mab_cost_aware_1783355553 arm=x86-tiny/gpu/nvidia score=-1.448857 count=2 avg_reward=-2.570545 total_counts=51
2026/07/06 18:32:58 [MAB] event=select_arm ts=1783355578692 policy=UCB1 function=mab_cost_aware_1783355553 selected_arm=arm-tiny reason=ucb_score score=-1.176730 total_counts=51 arms=[arm-tiny,x86-large,x86-tiny,x86-tiny/gpu/nvidia]
2026/07/06 18:32:58 [LB][MAB] event=after_select function=mab_cost_aware_1783355553 selected_tag=arm-tiny compatible_tags=[arm-tiny x86-large x86-tiny x86-tiny/gpu/nvidia]
2026/07/06 18:32:58 Candidate has: 512 MB free memory. Function needs: 128 MB
2026/07/06 18:32:58 [LB] Selected target for function 'mab_cost_aware_1783355553': target_tag=arm-tiny candidate=WhGdXSMaK4VNAekSzir6491783355554389642233 candidate_tag=arm-tiny
2026/07/06 18:32:58 [LB-Update] Node WhGdXSMaK4VNAekSzir6491783355554389642233 reported 512 MB free
2026/07/06 18:32:58 [MAB] event=reward_breakdown ts=1783355578696 policy=UCB1 function=mab_cost_aware_1783355553 arm=arm-tiny base_tag=arm-tiny architecture=arm specialization=tiny capabilities=[] duration_ms=3.492022 latency_reward=-1.250481 cost_weight=0.600000 cost_factor=0.400000 cost_term=0.240000 energy_weight=0.200000 energy_factor=0.600000 energy_term=0.120000 memory_weight=0.000000 memory_penalty=0.000000 memory_term=0.000000 final_reward=-1.610481
2026/07/06 18:32:58 [MAB] event=update_reward ts=1783355578696 policy=UCB1 function=mab_cost_aware_1783355553 arm=arm-tiny duration_ms=3.492022 warm_start=true reward=-1.610481 count=29 avg_reward=-1.481133 total_counts=52
2026/07/06 18:32:58 [LB] Compatible tag found: function=mab_cost_aware_1783355553 tag=arm-tiny arch=amd64 pattern="" ring_size=1
2026/07/06 18:32:58 [LB] Compatible tag found: function=mab_cost_aware_1783355553 tag=x86-large arch=amd64 pattern="" ring_size=1
2026/07/06 18:32:58 [LB] Compatible tag found: function=mab_cost_aware_1783355553 tag=x86-tiny arch=amd64 pattern="" ring_size=1
2026/07/06 18:32:58 [LB] Compatible tag found: function=mab_cost_aware_1783355553 tag=x86-tiny/gpu/nvidia arch=amd64 pattern="" ring_size=1
2026/07/06 18:32:58 [LB] Compatible tags for function 'mab_cost_aware_1783355553': [arm-tiny x86-large x86-tiny x86-tiny/gpu/nvidia]
2026/07/06 18:32:58 [LB][MAB] event=before_select function=mab_cost_aware_1783355553 compatible_tags=[arm-tiny x86-large x86-tiny x86-tiny/gpu/nvidia] has_context=true
2026/07/06 18:32:58 [MAB] event=arm_score ts=1783355578917 policy=UCB1 function=mab_cost_aware_1783355553 arm=x86-tiny score=-1.185352 count=17 avg_reward=-1.571037 total_counts=52
2026/07/06 18:32:58 [MAB] event=arm_score ts=1783355578917 policy=UCB1 function=mab_cost_aware_1783355553 arm=x86-tiny/gpu/nvidia score=-1.446090 count=2 avg_reward=-2.570545 total_counts=52
2026/07/06 18:32:58 [MAB] event=arm_score ts=1783355578917 policy=UCB1 function=mab_cost_aware_1783355553 arm=arm-tiny score=-1.185837 count=29 avg_reward=-1.481133 total_counts=52
2026/07/06 18:32:58 [MAB] event=arm_score ts=1783355578917 policy=UCB1 function=mab_cost_aware_1783355553 arm=x86-large score=-1.202029 count=4 avg_reward=-1.997139 total_counts=52
2026/07/06 18:32:58 [MAB] event=select_arm ts=1783355578917 policy=UCB1 function=mab_cost_aware_1783355553 selected_arm=x86-tiny reason=ucb_score score=-1.185352 total_counts=52 arms=[arm-tiny,x86-large,x86-tiny,x86-tiny/gpu/nvidia]
2026/07/06 18:32:58 [LB][MAB] event=after_select function=mab_cost_aware_1783355553 selected_tag=x86-tiny compatible_tags=[arm-tiny x86-large x86-tiny x86-tiny/gpu/nvidia]
2026/07/06 18:32:58 Candidate has: 512 MB free memory. Function needs: 128 MB
2026/07/06 18:32:58 [LB] Selected target for function 'mab_cost_aware_1783355553': target_tag=x86-tiny candidate=RwE2pnQPWxpJbvLqc8LJX71783355554384724877 candidate_tag=x86-tiny
2026/07/06 18:32:58 [LB-Update] Node RwE2pnQPWxpJbvLqc8LJX71783355554384724877 reported 512 MB free
2026/07/06 18:32:58 [MAB] event=reward_breakdown ts=1783355578921 policy=UCB1 function=mab_cost_aware_1783355553 arm=x86-tiny base_tag=x86-tiny architecture=x86 specialization=tiny capabilities=[] duration_ms=3.003507 latency_reward=-1.099781 cost_weight=0.600000 cost_factor=0.400000 cost_term=0.240000 energy_weight=0.200000 energy_factor=1.000000 energy_term=0.200000 memory_weight=0.000000 memory_penalty=0.000000 memory_term=0.000000 final_reward=-1.539781
2026/07/06 18:32:58 [MAB] event=update_reward ts=1783355578921 policy=UCB1 function=mab_cost_aware_1783355553 arm=x86-tiny duration_ms=3.003507 warm_start=true reward=-1.539781 count=18 avg_reward=-1.569300 total_counts=53
2026/07/06 18:32:59 [LB] Compatible tag found: function=mab_cost_aware_1783355553 tag=arm-tiny arch=amd64 pattern="" ring_size=1
2026/07/06 18:32:59 [LB] Compatible tag found: function=mab_cost_aware_1783355553 tag=x86-large arch=amd64 pattern="" ring_size=1
2026/07/06 18:32:59 [LB] Compatible tag found: function=mab_cost_aware_1783355553 tag=x86-tiny arch=amd64 pattern="" ring_size=1
2026/07/06 18:32:59 [LB] Compatible tag found: function=mab_cost_aware_1783355553 tag=x86-tiny/gpu/nvidia arch=amd64 pattern="" ring_size=1
2026/07/06 18:32:59 [LB] Compatible tags for function 'mab_cost_aware_1783355553': [arm-tiny x86-large x86-tiny x86-tiny/gpu/nvidia]
2026/07/06 18:32:59 [LB][MAB] event=before_select function=mab_cost_aware_1783355553 compatible_tags=[arm-tiny x86-large x86-tiny x86-tiny/gpu/nvidia] has_context=true
2026/07/06 18:32:59 [MAB] event=arm_score ts=1783355579139 policy=UCB1 function=mab_cost_aware_1783355553 arm=arm-tiny score=-1.185126 count=29 avg_reward=-1.481133 total_counts=53
2026/07/06 18:32:59 [MAB] event=arm_score ts=1783355579139 policy=UCB1 function=mab_cost_aware_1783355553 arm=x86-large score=-1.200115 count=4 avg_reward=-1.997139 total_counts=53
2026/07/06 18:32:59 [MAB] event=arm_score ts=1783355579139 policy=UCB1 function=mab_cost_aware_1783355553 arm=x86-tiny score=-1.193580 count=18 avg_reward=-1.569300 total_counts=53
2026/07/06 18:32:59 [MAB] event=arm_score ts=1783355579139 policy=UCB1 function=mab_cost_aware_1783355553 arm=x86-tiny/gpu/nvidia score=-1.443383 count=2 avg_reward=-2.570545 total_counts=53
2026/07/06 18:32:59 [MAB] event=select_arm ts=1783355579139 policy=UCB1 function=mab_cost_aware_1783355553 selected_arm=arm-tiny reason=ucb_score score=-1.185126 total_counts=53 arms=[arm-tiny,x86-large,x86-tiny,x86-tiny/gpu/nvidia]
2026/07/06 18:32:59 [LB][MAB] event=after_select function=mab_cost_aware_1783355553 selected_tag=arm-tiny compatible_tags=[arm-tiny x86-large x86-tiny x86-tiny/gpu/nvidia]
2026/07/06 18:32:59 Candidate has: 512 MB free memory. Function needs: 128 MB
2026/07/06 18:32:59 [LB] Selected target for function 'mab_cost_aware_1783355553': target_tag=arm-tiny candidate=WhGdXSMaK4VNAekSzir6491783355554389642233 candidate_tag=arm-tiny
2026/07/06 18:32:59 [LB-Update] Node WhGdXSMaK4VNAekSzir6491783355554389642233 reported 512 MB free
2026/07/06 18:32:59 [MAB] event=reward_breakdown ts=1783355579143 policy=UCB1 function=mab_cost_aware_1783355553 arm=arm-tiny base_tag=arm-tiny architecture=arm specialization=tiny capabilities=[] duration_ms=2.914517 latency_reward=-1.069704 cost_weight=0.600000 cost_factor=0.400000 cost_term=0.240000 energy_weight=0.200000 energy_factor=0.600000 energy_term=0.120000 memory_weight=0.000000 memory_penalty=0.000000 memory_term=0.000000 final_reward=-1.429704
2026/07/06 18:32:59 [MAB] event=update_reward ts=1783355579143 policy=UCB1 function=mab_cost_aware_1783355553 arm=arm-tiny duration_ms=2.914517 warm_start=true reward=-1.429704 count=30 avg_reward=-1.479419 total_counts=54
2026/07/06 18:32:59 [LB] Compatible tag found: function=mab_cost_aware_1783355553 tag=arm-tiny arch=amd64 pattern="" ring_size=1
2026/07/06 18:32:59 [LB] Compatible tag found: function=mab_cost_aware_1783355553 tag=x86-large arch=amd64 pattern="" ring_size=1
2026/07/06 18:32:59 [LB] Compatible tag found: function=mab_cost_aware_1783355553 tag=x86-tiny arch=amd64 pattern="" ring_size=1
2026/07/06 18:32:59 [LB] Compatible tag found: function=mab_cost_aware_1783355553 tag=x86-tiny/gpu/nvidia arch=amd64 pattern="" ring_size=1
2026/07/06 18:32:59 [LB] Compatible tags for function 'mab_cost_aware_1783355553': [arm-tiny x86-large x86-tiny x86-tiny/gpu/nvidia]
2026/07/06 18:32:59 [LB][MAB] event=before_select function=mab_cost_aware_1783355553 compatible_tags=[arm-tiny x86-large x86-tiny x86-tiny/gpu/nvidia] has_context=true
2026/07/06 18:32:59 [MAB] event=arm_score ts=1783355579362 policy=UCB1 function=mab_cost_aware_1783355553 arm=x86-tiny/gpu/nvidia score=-1.440733 count=2 avg_reward=-2.570545 total_counts=54
2026/07/06 18:32:59 [MAB] event=arm_score ts=1783355579362 policy=UCB1 function=mab_cost_aware_1783355553 arm=arm-tiny score=-1.187703 count=30 avg_reward=-1.479419 total_counts=54
2026/07/06 18:32:59 [MAB] event=arm_score ts=1783355579362 policy=UCB1 function=mab_cost_aware_1783355553 arm=x86-large score=-1.198241 count=4 avg_reward=-1.997139 total_counts=54
2026/07/06 18:32:59 [MAB] event=arm_score ts=1783355579362 policy=UCB1 function=mab_cost_aware_1783355553 arm=x86-tiny score=-1.192696 count=18 avg_reward=-1.569300 total_counts=54
2026/07/06 18:32:59 [MAB] event=select_arm ts=1783355579362 policy=UCB1 function=mab_cost_aware_1783355553 selected_arm=arm-tiny reason=ucb_score score=-1.187703 total_counts=54 arms=[arm-tiny,x86-large,x86-tiny,x86-tiny/gpu/nvidia]
2026/07/06 18:32:59 [LB][MAB] event=after_select function=mab_cost_aware_1783355553 selected_tag=arm-tiny compatible_tags=[arm-tiny x86-large x86-tiny x86-tiny/gpu/nvidia]
2026/07/06 18:32:59 Candidate has: 512 MB free memory. Function needs: 128 MB
2026/07/06 18:32:59 [LB] Selected target for function 'mab_cost_aware_1783355553': target_tag=arm-tiny candidate=WhGdXSMaK4VNAekSzir6491783355554389642233 candidate_tag=arm-tiny
2026/07/06 18:32:59 [LB-Update] Node WhGdXSMaK4VNAekSzir6491783355554389642233 reported 512 MB free
2026/07/06 18:32:59 [MAB] event=reward_breakdown ts=1783355579366 policy=UCB1 function=mab_cost_aware_1783355553 arm=arm-tiny base_tag=arm-tiny architecture=arm specialization=tiny capabilities=[] duration_ms=2.882557 latency_reward=-1.058678 cost_weight=0.600000 cost_factor=0.400000 cost_term=0.240000 energy_weight=0.200000 energy_factor=0.600000 energy_term=0.120000 memory_weight=0.000000 memory_penalty=0.000000 memory_term=0.000000 final_reward=-1.418678
2026/07/06 18:32:59 [MAB] event=update_reward ts=1783355579366 policy=UCB1 function=mab_cost_aware_1783355553 arm=arm-tiny duration_ms=2.882557 warm_start=true reward=-1.418678 count=31 avg_reward=-1.477460 total_counts=55
2026/07/06 18:32:59 [LB] Compatible tag found: function=mab_cost_aware_1783355553 tag=arm-tiny arch=amd64 pattern="" ring_size=1
2026/07/06 18:32:59 [LB] Compatible tag found: function=mab_cost_aware_1783355553 tag=x86-large arch=amd64 pattern="" ring_size=1
2026/07/06 18:32:59 [LB] Compatible tag found: function=mab_cost_aware_1783355553 tag=x86-tiny arch=amd64 pattern="" ring_size=1
2026/07/06 18:32:59 [LB] Compatible tag found: function=mab_cost_aware_1783355553 tag=x86-tiny/gpu/nvidia arch=amd64 pattern="" ring_size=1
2026/07/06 18:32:59 [LB] Compatible tags for function 'mab_cost_aware_1783355553': [arm-tiny x86-large x86-tiny x86-tiny/gpu/nvidia]
2026/07/06 18:32:59 [LB][MAB] event=before_select function=mab_cost_aware_1783355553 compatible_tags=[arm-tiny x86-large x86-tiny x86-tiny/gpu/nvidia] has_context=true
2026/07/06 18:32:59 [MAB] event=arm_score ts=1783355579585 policy=UCB1 function=mab_cost_aware_1783355553 arm=x86-tiny score=-1.191831 count=18 avg_reward=-1.569300 total_counts=55
2026/07/06 18:32:59 [MAB] event=arm_score ts=1783355579585 policy=UCB1 function=mab_cost_aware_1783355553 arm=x86-tiny/gpu/nvidia score=-1.438137 count=2 avg_reward=-2.570545 total_counts=55
2026/07/06 18:32:59 [MAB] event=arm_score ts=1783355579585 policy=UCB1 function=mab_cost_aware_1783355553 arm=arm-tiny score=-1.189828 count=31 avg_reward=-1.477460 total_counts=55
2026/07/06 18:32:59 [MAB] event=arm_score ts=1783355579585 policy=UCB1 function=mab_cost_aware_1783355553 arm=x86-large score=-1.196406 count=4 avg_reward=-1.997139 total_counts=55
2026/07/06 18:32:59 [MAB] event=select_arm ts=1783355579585 policy=UCB1 function=mab_cost_aware_1783355553 selected_arm=arm-tiny reason=ucb_score score=-1.189828 total_counts=55 arms=[arm-tiny,x86-large,x86-tiny,x86-tiny/gpu/nvidia]
2026/07/06 18:32:59 [LB][MAB] event=after_select function=mab_cost_aware_1783355553 selected_tag=arm-tiny compatible_tags=[arm-tiny x86-large x86-tiny x86-tiny/gpu/nvidia]
2026/07/06 18:32:59 Candidate has: 512 MB free memory. Function needs: 128 MB
2026/07/06 18:32:59 [LB] Selected target for function 'mab_cost_aware_1783355553': target_tag=arm-tiny candidate=WhGdXSMaK4VNAekSzir6491783355554389642233 candidate_tag=arm-tiny
2026/07/06 18:32:59 [LB-Update] Node WhGdXSMaK4VNAekSzir6491783355554389642233 reported 512 MB free
2026/07/06 18:32:59 [MAB] event=reward_breakdown ts=1783355579589 policy=UCB1 function=mab_cost_aware_1783355553 arm=arm-tiny base_tag=arm-tiny architecture=arm specialization=tiny capabilities=[] duration_ms=2.911502 latency_reward=-1.068669 cost_weight=0.600000 cost_factor=0.400000 cost_term=0.240000 energy_weight=0.200000 energy_factor=0.600000 energy_term=0.120000 memory_weight=0.000000 memory_penalty=0.000000 memory_term=0.000000 final_reward=-1.428669
2026/07/06 18:32:59 [MAB] event=update_reward ts=1783355579589 policy=UCB1 function=mab_cost_aware_1783355553 arm=arm-tiny duration_ms=2.911502 warm_start=true reward=-1.428669 count=32 avg_reward=-1.475935 total_counts=56
2026/07/06 18:32:59 [LB] Compatible tag found: function=mab_cost_aware_1783355553 tag=arm-tiny arch=amd64 pattern="" ring_size=1
2026/07/06 18:32:59 [LB] Compatible tag found: function=mab_cost_aware_1783355553 tag=x86-large arch=amd64 pattern="" ring_size=1
2026/07/06 18:32:59 [LB] Compatible tag found: function=mab_cost_aware_1783355553 tag=x86-tiny arch=amd64 pattern="" ring_size=1
2026/07/06 18:32:59 [LB] Compatible tag found: function=mab_cost_aware_1783355553 tag=x86-tiny/gpu/nvidia arch=amd64 pattern="" ring_size=1
2026/07/06 18:32:59 [LB] Compatible tags for function 'mab_cost_aware_1783355553': [arm-tiny x86-large x86-tiny x86-tiny/gpu/nvidia]
2026/07/06 18:32:59 [LB][MAB] event=before_select function=mab_cost_aware_1783355553 compatible_tags=[arm-tiny x86-large x86-tiny x86-tiny/gpu/nvidia] has_context=true
2026/07/06 18:32:59 [MAB] event=arm_score ts=1783355579809 policy=UCB1 function=mab_cost_aware_1783355553 arm=x86-tiny score=-1.190983 count=18 avg_reward=-1.569300 total_counts=56
2026/07/06 18:32:59 [MAB] event=arm_score ts=1783355579809 policy=UCB1 function=mab_cost_aware_1783355553 arm=x86-tiny/gpu/nvidia score=-1.435594 count=2 avg_reward=-2.570545 total_counts=56
2026/07/06 18:32:59 [MAB] event=arm_score ts=1783355579809 policy=UCB1 function=mab_cost_aware_1783355553 arm=arm-tiny score=-1.192197 count=32 avg_reward=-1.475935 total_counts=56
2026/07/06 18:32:59 [MAB] event=arm_score ts=1783355579809 policy=UCB1 function=mab_cost_aware_1783355553 arm=x86-large score=-1.194608 count=4 avg_reward=-1.997139 total_counts=56
2026/07/06 18:32:59 [MAB] event=select_arm ts=1783355579809 policy=UCB1 function=mab_cost_aware_1783355553 selected_arm=x86-tiny reason=ucb_score score=-1.190983 total_counts=56 arms=[arm-tiny,x86-large,x86-tiny,x86-tiny/gpu/nvidia]
2026/07/06 18:32:59 [LB][MAB] event=after_select function=mab_cost_aware_1783355553 selected_tag=x86-tiny compatible_tags=[arm-tiny x86-large x86-tiny x86-tiny/gpu/nvidia]
2026/07/06 18:32:59 Candidate has: 512 MB free memory. Function needs: 128 MB
2026/07/06 18:32:59 [LB] Selected target for function 'mab_cost_aware_1783355553': target_tag=x86-tiny candidate=RwE2pnQPWxpJbvLqc8LJX71783355554384724877 candidate_tag=x86-tiny
2026/07/06 18:32:59 [LB-Update] Node RwE2pnQPWxpJbvLqc8LJX71783355554384724877 reported 512 MB free
2026/07/06 18:32:59 [MAB] event=reward_breakdown ts=1783355579814 policy=UCB1 function=mab_cost_aware_1783355553 arm=x86-tiny base_tag=x86-tiny architecture=x86 specialization=tiny capabilities=[] duration_ms=3.302052 latency_reward=-1.194544 cost_weight=0.600000 cost_factor=0.400000 cost_term=0.240000 energy_weight=0.200000 energy_factor=1.000000 energy_term=0.200000 memory_weight=0.000000 memory_penalty=0.000000 memory_term=0.000000 final_reward=-1.634544
2026/07/06 18:32:59 [MAB] event=update_reward ts=1783355579814 policy=UCB1 function=mab_cost_aware_1783355553 arm=x86-tiny duration_ms=3.302052 warm_start=true reward=-1.634544 count=19 avg_reward=-1.572734 total_counts=57
2026/07/06 18:33:00 [LB] Compatible tag found: function=mab_cost_aware_1783355553 tag=arm-tiny arch=amd64 pattern="" ring_size=1
2026/07/06 18:33:00 [LB] Compatible tag found: function=mab_cost_aware_1783355553 tag=x86-large arch=amd64 pattern="" ring_size=1
2026/07/06 18:33:00 [LB] Compatible tag found: function=mab_cost_aware_1783355553 tag=x86-tiny arch=amd64 pattern="" ring_size=1
2026/07/06 18:33:00 [LB] Compatible tag found: function=mab_cost_aware_1783355553 tag=x86-tiny/gpu/nvidia arch=amd64 pattern="" ring_size=1
2026/07/06 18:33:00 [LB] Compatible tags for function 'mab_cost_aware_1783355553': [arm-tiny x86-large x86-tiny x86-tiny/gpu/nvidia]
2026/07/06 18:33:00 [LB][MAB] event=before_select function=mab_cost_aware_1783355553 compatible_tags=[arm-tiny x86-large x86-tiny x86-tiny/gpu/nvidia] has_context=true
2026/07/06 18:33:00 [MAB] event=arm_score ts=1783355580037 policy=UCB1 function=mab_cost_aware_1783355553 arm=x86-tiny score=-1.203699 count=19 avg_reward=-1.572734 total_counts=57
2026/07/06 18:33:00 [MAB] event=arm_score ts=1783355580037 policy=UCB1 function=mab_cost_aware_1783355553 arm=x86-tiny/gpu/nvidia score=-1.433102 count=2 avg_reward=-2.570545 total_counts=57
2026/07/06 18:33:00 [MAB] event=arm_score ts=1783355580037 policy=UCB1 function=mab_cost_aware_1783355553 arm=arm-tiny score=-1.191574 count=32 avg_reward=-1.475935 total_counts=57
2026/07/06 18:33:00 [MAB] event=arm_score ts=1783355580037 policy=UCB1 function=mab_cost_aware_1783355553 arm=x86-large score=-1.192845 count=4 avg_reward=-1.997139 total_counts=57
2026/07/06 18:33:00 [MAB] event=select_arm ts=1783355580037 policy=UCB1 function=mab_cost_aware_1783355553 selected_arm=arm-tiny reason=ucb_score score=-1.191574 total_counts=57 arms=[arm-tiny,x86-large,x86-tiny,x86-tiny/gpu/nvidia]
2026/07/06 18:33:00 [LB][MAB] event=after_select function=mab_cost_aware_1783355553 selected_tag=arm-tiny compatible_tags=[arm-tiny x86-large x86-tiny x86-tiny/gpu/nvidia]
2026/07/06 18:33:00 Candidate has: 512 MB free memory. Function needs: 128 MB
2026/07/06 18:33:00 [LB] Selected target for function 'mab_cost_aware_1783355553': target_tag=arm-tiny candidate=WhGdXSMaK4VNAekSzir6491783355554389642233 candidate_tag=arm-tiny
2026/07/06 18:33:00 [LB-Update] Node WhGdXSMaK4VNAekSzir6491783355554389642233 reported 512 MB free
2026/07/06 18:33:00 [MAB] event=reward_breakdown ts=1783355580040 policy=UCB1 function=mab_cost_aware_1783355553 arm=arm-tiny base_tag=arm-tiny architecture=arm specialization=tiny capabilities=[] duration_ms=2.889315 latency_reward=-1.061019 cost_weight=0.600000 cost_factor=0.400000 cost_term=0.240000 energy_weight=0.200000 energy_factor=0.600000 energy_term=0.120000 memory_weight=0.000000 memory_penalty=0.000000 memory_term=0.000000 final_reward=-1.421019
2026/07/06 18:33:00 [MAB] event=update_reward ts=1783355580040 policy=UCB1 function=mab_cost_aware_1783355553 arm=arm-tiny duration_ms=2.889315 warm_start=true reward=-1.421019 count=33 avg_reward=-1.474271 total_counts=58
2026/07/06 18:33:00 [LB] Compatible tag found: function=mab_cost_aware_1783355553 tag=arm-tiny arch=amd64 pattern="" ring_size=1
2026/07/06 18:33:00 [LB] Compatible tag found: function=mab_cost_aware_1783355553 tag=x86-large arch=amd64 pattern="" ring_size=1
2026/07/06 18:33:00 [LB] Compatible tag found: function=mab_cost_aware_1783355553 tag=x86-tiny arch=amd64 pattern="" ring_size=1
2026/07/06 18:33:00 [LB] Compatible tag found: function=mab_cost_aware_1783355553 tag=x86-tiny/gpu/nvidia arch=amd64 pattern="" ring_size=1
2026/07/06 18:33:00 [LB] Compatible tags for function 'mab_cost_aware_1783355553': [arm-tiny x86-large x86-tiny x86-tiny/gpu/nvidia]
2026/07/06 18:33:00 [LB][MAB] event=before_select function=mab_cost_aware_1783355553 compatible_tags=[arm-tiny x86-large x86-tiny x86-tiny/gpu/nvidia] has_context=true
2026/07/06 18:33:00 [MAB] event=arm_score ts=1783355580260 policy=UCB1 function=mab_cost_aware_1783355553 arm=arm-tiny score=-1.193650 count=33 avg_reward=-1.474271 total_counts=58
2026/07/06 18:33:00 [MAB] event=arm_score ts=1783355580260 policy=UCB1 function=mab_cost_aware_1783355553 arm=x86-large score=-1.191117 count=4 avg_reward=-1.997139 total_counts=58
2026/07/06 18:33:00 [MAB] event=arm_score ts=1783355580260 policy=UCB1 function=mab_cost_aware_1783355553 arm=x86-tiny score=-1.202906 count=19 avg_reward=-1.572734 total_counts=58
2026/07/06 18:33:00 [MAB] event=arm_score ts=1783355580260 policy=UCB1 function=mab_cost_aware_1783355553 arm=x86-tiny/gpu/nvidia score=-1.430658 count=2 avg_reward=-2.570545 total_counts=58
2026/07/06 18:33:00 [MAB] event=select_arm ts=1783355580260 policy=UCB1 function=mab_cost_aware_1783355553 selected_arm=x86-large reason=ucb_score score=-1.191117 total_counts=58 arms=[arm-tiny,x86-large,x86-tiny,x86-tiny/gpu/nvidia]
2026/07/06 18:33:00 [LB][MAB] event=after_select function=mab_cost_aware_1783355553 selected_tag=x86-large compatible_tags=[arm-tiny x86-large x86-tiny x86-tiny/gpu/nvidia]
2026/07/06 18:33:00 Candidate has: 512 MB free memory. Function needs: 128 MB
2026/07/06 18:33:00 [LB] Selected target for function 'mab_cost_aware_1783355553': target_tag=x86-large candidate=Uk7GAQ8hnugcvEoRMqDoKP1783355554387194779 candidate_tag=x86-large
2026/07/06 18:33:00 [LB-Update] Node Uk7GAQ8hnugcvEoRMqDoKP1783355554387194779 reported 512 MB free
2026/07/06 18:33:00 [MAB] event=reward_breakdown ts=1783355580264 policy=UCB1 function=mab_cost_aware_1783355553 arm=x86-large base_tag=x86-large architecture=x86 specialization=large capabilities=[] duration_ms=3.330476 latency_reward=-1.203115 cost_weight=0.600000 cost_factor=1.200000 cost_term=0.720000 energy_weight=0.200000 energy_factor=1.200000 energy_term=0.240000 memory_weight=0.000000 memory_penalty=0.000000 memory_term=0.000000 final_reward=-2.163115
2026/07/06 18:33:00 [MAB] event=update_reward ts=1783355580264 policy=UCB1 function=mab_cost_aware_1783355553 arm=x86-large duration_ms=3.330476 warm_start=true reward=-2.163115 count=5 avg_reward=-2.030334 total_counts=59
2026/07/06 18:33:00 [LB]: Periodic targets update
2026/07/06 18:33:00 Found target: WhGdXSMaK4VNAekSzir6491783355554389642233
2026/07/06 18:33:00 Found target: Uk7GAQ8hnugcvEoRMqDoKP1783355554387194779
2026/07/06 18:33:00 Found target: RwE2pnQPWxpJbvLqc8LJX71783355554384724877
2026/07/06 18:33:00 Found target: nEz7h2LBm2c75e6aPeDwqX1783355554388602578
2026/07/06 18:33:00 Found 4 targets
2026/07/06 18:33:00 [LB] Compatible tag found: function=mab_cost_aware_1783355553 tag=arm-tiny arch=amd64 pattern="" ring_size=1
2026/07/06 18:33:00 [LB] Compatible tag found: function=mab_cost_aware_1783355553 tag=x86-large arch=amd64 pattern="" ring_size=1
2026/07/06 18:33:00 [LB] Compatible tag found: function=mab_cost_aware_1783355553 tag=x86-tiny arch=amd64 pattern="" ring_size=1
2026/07/06 18:33:00 [LB] Compatible tag found: function=mab_cost_aware_1783355553 tag=x86-tiny/gpu/nvidia arch=amd64 pattern="" ring_size=1
2026/07/06 18:33:00 [LB] Compatible tags for function 'mab_cost_aware_1783355553': [arm-tiny x86-large x86-tiny x86-tiny/gpu/nvidia]
2026/07/06 18:33:00 [LB][MAB] event=before_select function=mab_cost_aware_1783355553 compatible_tags=[arm-tiny x86-large x86-tiny x86-tiny/gpu/nvidia] has_context=true
2026/07/06 18:33:00 [MAB] event=arm_score ts=1783355580485 policy=UCB1 function=mab_cost_aware_1783355553 arm=x86-tiny score=-1.202128 count=19 avg_reward=-1.572734 total_counts=59
2026/07/06 18:33:00 [MAB] event=arm_score ts=1783355580485 policy=UCB1 function=mab_cost_aware_1783355553 arm=x86-tiny/gpu/nvidia score=-1.428261 count=2 avg_reward=-2.570545 total_counts=59
2026/07/06 18:33:00 [MAB] event=arm_score ts=1783355580485 policy=UCB1 function=mab_cost_aware_1783355553 arm=arm-tiny score=-1.193060 count=33 avg_reward=-1.474271 total_counts=59
2026/07/06 18:33:00 [MAB] event=arm_score ts=1783355580485 policy=UCB1 function=mab_cost_aware_1783355553 arm=x86-large score=-1.307890 count=5 avg_reward=-2.030334 total_counts=59
2026/07/06 18:33:00 [MAB] event=select_arm ts=1783355580485 policy=UCB1 function=mab_cost_aware_1783355553 selected_arm=arm-tiny reason=ucb_score score=-1.193060 total_counts=59 arms=[arm-tiny,x86-large,x86-tiny,x86-tiny/gpu/nvidia]
2026/07/06 18:33:00 [LB][MAB] event=after_select function=mab_cost_aware_1783355553 selected_tag=arm-tiny compatible_tags=[arm-tiny x86-large x86-tiny x86-tiny/gpu/nvidia]
2026/07/06 18:33:00 Candidate has: 512 MB free memory. Function needs: 128 MB
2026/07/06 18:33:00 [LB] Selected target for function 'mab_cost_aware_1783355553': target_tag=arm-tiny candidate=WhGdXSMaK4VNAekSzir6491783355554389642233 candidate_tag=arm-tiny
2026/07/06 18:33:00 [LB-Update] Node WhGdXSMaK4VNAekSzir6491783355554389642233 reported 512 MB free
2026/07/06 18:33:00 [MAB] event=reward_breakdown ts=1783355580489 policy=UCB1 function=mab_cost_aware_1783355553 arm=arm-tiny base_tag=arm-tiny architecture=arm specialization=tiny capabilities=[] duration_ms=3.635028 latency_reward=-1.290617 cost_weight=0.600000 cost_factor=0.400000 cost_term=0.240000 energy_weight=0.200000 energy_factor=0.600000 energy_term=0.120000 memory_weight=0.000000 memory_penalty=0.000000 memory_term=0.000000 final_reward=-1.650617
2026/07/06 18:33:00 [MAB] event=update_reward ts=1783355580489 policy=UCB1 function=mab_cost_aware_1783355553 arm=arm-tiny duration_ms=3.635028 warm_start=true reward=-1.650617 count=34 avg_reward=-1.479457 total_counts=60
2026/07/06 18:33:00 [LB] Compatible tag found: function=mab_cost_aware_1783355553 tag=arm-tiny arch=amd64 pattern="" ring_size=1
2026/07/06 18:33:00 [LB] Compatible tag found: function=mab_cost_aware_1783355553 tag=x86-large arch=amd64 pattern="" ring_size=1
2026/07/06 18:33:00 [LB] Compatible tag found: function=mab_cost_aware_1783355553 tag=x86-tiny arch=amd64 pattern="" ring_size=1
2026/07/06 18:33:00 [LB] Compatible tag found: function=mab_cost_aware_1783355553 tag=x86-tiny/gpu/nvidia arch=amd64 pattern="" ring_size=1
2026/07/06 18:33:00 [LB] Compatible tags for function 'mab_cost_aware_1783355553': [arm-tiny x86-large x86-tiny x86-tiny/gpu/nvidia]
2026/07/06 18:33:00 [LB][MAB] event=before_select function=mab_cost_aware_1783355553 compatible_tags=[arm-tiny x86-large x86-tiny x86-tiny/gpu/nvidia] has_context=true
2026/07/06 18:33:00 [MAB] event=arm_score ts=1783355580711 policy=UCB1 function=mab_cost_aware_1783355553 arm=arm-tiny score=-1.201843 count=34 avg_reward=-1.479457 total_counts=60
2026/07/06 18:33:00 [MAB] event=arm_score ts=1783355580711 policy=UCB1 function=mab_cost_aware_1783355553 arm=x86-large score=-1.306403 count=5 avg_reward=-2.030334 total_counts=60
2026/07/06 18:33:00 [MAB] event=arm_score ts=1783355580711 policy=UCB1 function=mab_cost_aware_1783355553 arm=x86-tiny score=-1.201365 count=19 avg_reward=-1.572734 total_counts=60
2026/07/06 18:33:00 [MAB] event=arm_score ts=1783355580711 policy=UCB1 function=mab_cost_aware_1783355553 arm=x86-tiny/gpu/nvidia score=-1.425909 count=2 avg_reward=-2.570545 total_counts=60
2026/07/06 18:33:00 [MAB] event=select_arm ts=1783355580711 policy=UCB1 function=mab_cost_aware_1783355553 selected_arm=x86-tiny reason=ucb_score score=-1.201365 total_counts=60 arms=[arm-tiny,x86-large,x86-tiny,x86-tiny/gpu/nvidia]
2026/07/06 18:33:00 [LB][MAB] event=after_select function=mab_cost_aware_1783355553 selected_tag=x86-tiny compatible_tags=[arm-tiny x86-large x86-tiny x86-tiny/gpu/nvidia]
2026/07/06 18:33:00 Candidate has: 512 MB free memory. Function needs: 128 MB
2026/07/06 18:33:00 [LB] Selected target for function 'mab_cost_aware_1783355553': target_tag=x86-tiny candidate=RwE2pnQPWxpJbvLqc8LJX71783355554384724877 candidate_tag=x86-tiny
2026/07/06 18:33:00 [LB-Update] Node RwE2pnQPWxpJbvLqc8LJX71783355554384724877 reported 512 MB free
2026/07/06 18:33:00 [MAB] event=reward_breakdown ts=1783355580716 policy=UCB1 function=mab_cost_aware_1783355553 arm=x86-tiny base_tag=x86-tiny architecture=x86 specialization=tiny capabilities=[] duration_ms=3.416291 latency_reward=-1.228555 cost_weight=0.600000 cost_factor=0.400000 cost_term=0.240000 energy_weight=0.200000 energy_factor=1.000000 energy_term=0.200000 memory_weight=0.000000 memory_penalty=0.000000 memory_term=0.000000 final_reward=-1.668555
2026/07/06 18:33:00 [MAB] event=update_reward ts=1783355580716 policy=UCB1 function=mab_cost_aware_1783355553 arm=x86-tiny duration_ms=3.416291 warm_start=true reward=-1.668555 count=20 avg_reward=-1.577525 total_counts=61
2026/07/06 18:33:00 [LB] Compatible tag found: function=mab_cost_aware_1783355553 tag=arm-tiny arch=amd64 pattern="" ring_size=1
2026/07/06 18:33:00 [LB] Compatible tag found: function=mab_cost_aware_1783355553 tag=x86-large arch=amd64 pattern="" ring_size=1
2026/07/06 18:33:00 [LB] Compatible tag found: function=mab_cost_aware_1783355553 tag=x86-tiny arch=amd64 pattern="" ring_size=1
2026/07/06 18:33:00 [LB] Compatible tag found: function=mab_cost_aware_1783355553 tag=x86-tiny/gpu/nvidia arch=amd64 pattern="" ring_size=1
2026/07/06 18:33:00 [LB] Compatible tags for function 'mab_cost_aware_1783355553': [arm-tiny x86-large x86-tiny x86-tiny/gpu/nvidia]
2026/07/06 18:33:00 [LB][MAB] event=before_select function=mab_cost_aware_1783355553 compatible_tags=[arm-tiny x86-large x86-tiny x86-tiny/gpu/nvidia] has_context=true
2026/07/06 18:33:00 [MAB] event=arm_score ts=1783355580937 policy=UCB1 function=mab_cost_aware_1783355553 arm=x86-tiny/gpu/nvidia score=-1.423601 count=2 avg_reward=-2.570545 total_counts=61
2026/07/06 18:33:00 [MAB] event=arm_score ts=1783355580937 policy=UCB1 function=mab_cost_aware_1783355553 arm=arm-tiny score=-1.201283 count=34 avg_reward=-1.479457 total_counts=61
2026/07/06 18:33:00 [MAB] event=arm_score ts=1783355580937 policy=UCB1 function=mab_cost_aware_1783355553 arm=x86-large score=-1.304943 count=5 avg_reward=-2.030334 total_counts=61
2026/07/06 18:33:00 [MAB] event=arm_score ts=1783355580937 policy=UCB1 function=mab_cost_aware_1783355553 arm=x86-tiny score=-1.214830 count=20 avg_reward=-1.577525 total_counts=61
2026/07/06 18:33:00 [MAB] event=select_arm ts=1783355580937 policy=UCB1 function=mab_cost_aware_1783355553 selected_arm=arm-tiny reason=ucb_score score=-1.201283 total_counts=61 arms=[arm-tiny,x86-large,x86-tiny,x86-tiny/gpu/nvidia]
2026/07/06 18:33:00 [LB][MAB] event=after_select function=mab_cost_aware_1783355553 selected_tag=arm-tiny compatible_tags=[arm-tiny x86-large x86-tiny x86-tiny/gpu/nvidia]
2026/07/06 18:33:00 Candidate has: 512 MB free memory. Function needs: 128 MB
2026/07/06 18:33:00 [LB] Selected target for function 'mab_cost_aware_1783355553': target_tag=arm-tiny candidate=WhGdXSMaK4VNAekSzir6491783355554389642233 candidate_tag=arm-tiny
2026/07/06 18:33:00 [LB-Update] Node WhGdXSMaK4VNAekSzir6491783355554389642233 reported 512 MB free
2026/07/06 18:33:00 [MAB] event=reward_breakdown ts=1783355580941 policy=UCB1 function=mab_cost_aware_1783355553 arm=arm-tiny base_tag=arm-tiny architecture=arm specialization=tiny capabilities=[] duration_ms=3.055276 latency_reward=-1.116870 cost_weight=0.600000 cost_factor=0.400000 cost_term=0.240000 energy_weight=0.200000 energy_factor=0.600000 energy_term=0.120000 memory_weight=0.000000 memory_penalty=0.000000 memory_term=0.000000 final_reward=-1.476870
2026/07/06 18:33:00 [MAB] event=update_reward ts=1783355580941 policy=UCB1 function=mab_cost_aware_1783355553 arm=arm-tiny duration_ms=3.055276 warm_start=true reward=-1.476870 count=35 avg_reward=-1.479383 total_counts=62
2026/07/06 18:33:01 [LB] Compatible tag found: function=mab_cost_aware_1783355553 tag=arm-tiny arch=amd64 pattern="" ring_size=1
2026/07/06 18:33:01 [LB] Compatible tag found: function=mab_cost_aware_1783355553 tag=x86-large arch=amd64 pattern="" ring_size=1
2026/07/06 18:33:01 [LB] Compatible tag found: function=mab_cost_aware_1783355553 tag=x86-tiny arch=amd64 pattern="" ring_size=1
2026/07/06 18:33:01 [LB] Compatible tag found: function=mab_cost_aware_1783355553 tag=x86-tiny/gpu/nvidia arch=amd64 pattern="" ring_size=1
2026/07/06 18:33:01 [LB] Compatible tags for function 'mab_cost_aware_1783355553': [arm-tiny x86-large x86-tiny x86-tiny/gpu/nvidia]
2026/07/06 18:33:01 [LB][MAB] event=before_select function=mab_cost_aware_1783355553 compatible_tags=[arm-tiny x86-large x86-tiny x86-tiny/gpu/nvidia] has_context=true
2026/07/06 18:33:01 [MAB] event=arm_score ts=1783355581158 policy=UCB1 function=mab_cost_aware_1783355553 arm=arm-tiny score=-1.204670 count=35 avg_reward=-1.479383 total_counts=62
2026/07/06 18:33:01 [MAB] event=arm_score ts=1783355581158 policy=UCB1 function=mab_cost_aware_1783355553 arm=x86-large score=-1.303510 count=5 avg_reward=-2.030334 total_counts=62
2026/07/06 18:33:01 [MAB] event=arm_score ts=1783355581158 policy=UCB1 function=mab_cost_aware_1783355553 arm=x86-tiny score=-1.214113 count=20 avg_reward=-1.577525 total_counts=62
2026/07/06 18:33:01 [MAB] event=arm_score ts=1783355581158 policy=UCB1 function=mab_cost_aware_1783355553 arm=x86-tiny/gpu/nvidia score=-1.421335 count=2 avg_reward=-2.570545 total_counts=62
2026/07/06 18:33:01 [MAB] event=select_arm ts=1783355581158 policy=UCB1 function=mab_cost_aware_1783355553 selected_arm=arm-tiny reason=ucb_score score=-1.204670 total_counts=62 arms=[arm-tiny,x86-large,x86-tiny,x86-tiny/gpu/nvidia]
2026/07/06 18:33:01 [LB][MAB] event=after_select function=mab_cost_aware_1783355553 selected_tag=arm-tiny compatible_tags=[arm-tiny x86-large x86-tiny x86-tiny/gpu/nvidia]
2026/07/06 18:33:01 Candidate has: 512 MB free memory. Function needs: 128 MB
2026/07/06 18:33:01 [LB] Selected target for function 'mab_cost_aware_1783355553': target_tag=arm-tiny candidate=WhGdXSMaK4VNAekSzir6491783355554389642233 candidate_tag=arm-tiny
2026/07/06 18:33:01 [LB-Update] Node WhGdXSMaK4VNAekSzir6491783355554389642233 reported 512 MB free
2026/07/06 18:33:01 [MAB] event=reward_breakdown ts=1783355581161 policy=UCB1 function=mab_cost_aware_1783355553 arm=arm-tiny base_tag=arm-tiny architecture=arm specialization=tiny capabilities=[] duration_ms=2.793037 latency_reward=-1.027130 cost_weight=0.600000 cost_factor=0.400000 cost_term=0.240000 energy_weight=0.200000 energy_factor=0.600000 energy_term=0.120000 memory_weight=0.000000 memory_penalty=0.000000 memory_term=0.000000 final_reward=-1.387130
2026/07/06 18:33:01 [MAB] event=update_reward ts=1783355581161 policy=UCB1 function=mab_cost_aware_1783355553 arm=arm-tiny duration_ms=2.793037 warm_start=true reward=-1.387130 count=36 avg_reward=-1.476821 total_counts=63
2026/07/06 18:33:01 [LB] Compatible tag found: function=mab_cost_aware_1783355553 tag=arm-tiny arch=amd64 pattern="" ring_size=1
2026/07/06 18:33:01 [LB] Compatible tag found: function=mab_cost_aware_1783355553 tag=x86-large arch=amd64 pattern="" ring_size=1
2026/07/06 18:33:01 [LB] Compatible tag found: function=mab_cost_aware_1783355553 tag=x86-tiny arch=amd64 pattern="" ring_size=1
2026/07/06 18:33:01 [LB] Compatible tag found: function=mab_cost_aware_1783355553 tag=x86-tiny/gpu/nvidia arch=amd64 pattern="" ring_size=1
2026/07/06 18:33:01 [LB] Compatible tags for function 'mab_cost_aware_1783355553': [arm-tiny x86-large x86-tiny x86-tiny/gpu/nvidia]
2026/07/06 18:33:01 [LB][MAB] event=before_select function=mab_cost_aware_1783355553 compatible_tags=[arm-tiny x86-large x86-tiny x86-tiny/gpu/nvidia] has_context=true
2026/07/06 18:33:01 [MAB] event=arm_score ts=1783355581383 policy=UCB1 function=mab_cost_aware_1783355553 arm=arm-tiny score=-1.205425 count=36 avg_reward=-1.476821 total_counts=63
2026/07/06 18:33:01 [MAB] event=arm_score ts=1783355581383 policy=UCB1 function=mab_cost_aware_1783355553 arm=x86-large score=-1.302102 count=5 avg_reward=-2.030334 total_counts=63
2026/07/06 18:33:01 [MAB] event=arm_score ts=1783355581383 policy=UCB1 function=mab_cost_aware_1783355553 arm=x86-tiny score=-1.213409 count=20 avg_reward=-1.577525 total_counts=63
2026/07/06 18:33:01 [MAB] event=arm_score ts=1783355581383 policy=UCB1 function=mab_cost_aware_1783355553 arm=x86-tiny/gpu/nvidia score=-1.419110 count=2 avg_reward=-2.570545 total_counts=63
2026/07/06 18:33:01 [MAB] event=select_arm ts=1783355581383 policy=UCB1 function=mab_cost_aware_1783355553 selected_arm=arm-tiny reason=ucb_score score=-1.205425 total_counts=63 arms=[arm-tiny,x86-large,x86-tiny,x86-tiny/gpu/nvidia]
2026/07/06 18:33:01 [LB][MAB] event=after_select function=mab_cost_aware_1783355553 selected_tag=arm-tiny compatible_tags=[arm-tiny x86-large x86-tiny x86-tiny/gpu/nvidia]
2026/07/06 18:33:01 Candidate has: 512 MB free memory. Function needs: 128 MB
2026/07/06 18:33:01 [LB] Selected target for function 'mab_cost_aware_1783355553': target_tag=arm-tiny candidate=WhGdXSMaK4VNAekSzir6491783355554389642233 candidate_tag=arm-tiny
2026/07/06 18:33:01 [LB-Update] Node WhGdXSMaK4VNAekSzir6491783355554389642233 reported 512 MB free
2026/07/06 18:33:01 [MAB] event=reward_breakdown ts=1783355581387 policy=UCB1 function=mab_cost_aware_1783355553 arm=arm-tiny base_tag=arm-tiny architecture=arm specialization=tiny capabilities=[] duration_ms=2.958430 latency_reward=-1.084659 cost_weight=0.600000 cost_factor=0.400000 cost_term=0.240000 energy_weight=0.200000 energy_factor=0.600000 energy_term=0.120000 memory_weight=0.000000 memory_penalty=0.000000 memory_term=0.000000 final_reward=-1.444659
2026/07/06 18:33:01 [MAB] event=update_reward ts=1783355581387 policy=UCB1 function=mab_cost_aware_1783355553 arm=arm-tiny duration_ms=2.958430 warm_start=true reward=-1.444659 count=37 avg_reward=-1.475952 total_counts=64
2026/07/06 18:33:01 [LB] Compatible tag found: function=mab_cost_aware_1783355553 tag=arm-tiny arch=amd64 pattern="" ring_size=1
2026/07/06 18:33:01 [LB] Compatible tag found: function=mab_cost_aware_1783355553 tag=x86-large arch=amd64 pattern="" ring_size=1
2026/07/06 18:33:01 [LB] Compatible tag found: function=mab_cost_aware_1783355553 tag=x86-tiny arch=amd64 pattern="" ring_size=1
2026/07/06 18:33:01 [LB] Compatible tag found: function=mab_cost_aware_1783355553 tag=x86-tiny/gpu/nvidia arch=amd64 pattern="" ring_size=1
2026/07/06 18:33:01 [LB] Compatible tags for function 'mab_cost_aware_1783355553': [arm-tiny x86-large x86-tiny x86-tiny/gpu/nvidia]
2026/07/06 18:33:01 [LB][MAB] event=before_select function=mab_cost_aware_1783355553 compatible_tags=[arm-tiny x86-large x86-tiny x86-tiny/gpu/nvidia] has_context=true
2026/07/06 18:33:01 [MAB] event=arm_score ts=1783355581608 policy=UCB1 function=mab_cost_aware_1783355553 arm=x86-tiny score=-1.212718 count=20 avg_reward=-1.577525 total_counts=64
2026/07/06 18:33:01 [MAB] event=arm_score ts=1783355581608 policy=UCB1 function=mab_cost_aware_1783355553 arm=x86-tiny/gpu/nvidia score=-1.416923 count=2 avg_reward=-2.570545 total_counts=64
2026/07/06 18:33:01 [MAB] event=arm_score ts=1783355581608 policy=UCB1 function=mab_cost_aware_1783355553 arm=arm-tiny score=-1.207740 count=37 avg_reward=-1.475952 total_counts=64
2026/07/06 18:33:01 [MAB] event=arm_score ts=1783355581608 policy=UCB1 function=mab_cost_aware_1783355553 arm=x86-large score=-1.300720 count=5 avg_reward=-2.030334 total_counts=64
2026/07/06 18:33:01 [MAB] event=select_arm ts=1783355581608 policy=UCB1 function=mab_cost_aware_1783355553 selected_arm=arm-tiny reason=ucb_score score=-1.207740 total_counts=64 arms=[arm-tiny,x86-large,x86-tiny,x86-tiny/gpu/nvidia]
2026/07/06 18:33:01 [LB][MAB] event=after_select function=mab_cost_aware_1783355553 selected_tag=arm-tiny compatible_tags=[arm-tiny x86-large x86-tiny x86-tiny/gpu/nvidia]
2026/07/06 18:33:01 Candidate has: 512 MB free memory. Function needs: 128 MB
2026/07/06 18:33:01 [LB] Selected target for function 'mab_cost_aware_1783355553': target_tag=arm-tiny candidate=WhGdXSMaK4VNAekSzir6491783355554389642233 candidate_tag=arm-tiny
2026/07/06 18:33:01 [LB-Update] Node WhGdXSMaK4VNAekSzir6491783355554389642233 reported 512 MB free
2026/07/06 18:33:01 [MAB] event=reward_breakdown ts=1783355581611 policy=UCB1 function=mab_cost_aware_1783355553 arm=arm-tiny base_tag=arm-tiny architecture=arm specialization=tiny capabilities=[] duration_ms=2.890732 latency_reward=-1.061510 cost_weight=0.600000 cost_factor=0.400000 cost_term=0.240000 energy_weight=0.200000 energy_factor=0.600000 energy_term=0.120000 memory_weight=0.000000 memory_penalty=0.000000 memory_term=0.000000 final_reward=-1.421510
2026/07/06 18:33:01 [MAB] event=update_reward ts=1783355581611 policy=UCB1 function=mab_cost_aware_1783355553 arm=arm-tiny duration_ms=2.890732 warm_start=true reward=-1.421510 count=38 avg_reward=-1.474519 total_counts=65
2026/07/06 18:33:01 [LB] Compatible tag found: function=mab_cost_aware_1783355553 tag=arm-tiny arch=amd64 pattern="" ring_size=1
2026/07/06 18:33:01 [LB] Compatible tag found: function=mab_cost_aware_1783355553 tag=x86-large arch=amd64 pattern="" ring_size=1
2026/07/06 18:33:01 [LB] Compatible tag found: function=mab_cost_aware_1783355553 tag=x86-tiny arch=amd64 pattern="" ring_size=1
2026/07/06 18:33:01 [LB] Compatible tag found: function=mab_cost_aware_1783355553 tag=x86-tiny/gpu/nvidia arch=amd64 pattern="" ring_size=1
2026/07/06 18:33:01 [LB] Compatible tags for function 'mab_cost_aware_1783355553': [arm-tiny x86-large x86-tiny x86-tiny/gpu/nvidia]
2026/07/06 18:33:01 [LB][MAB] event=before_select function=mab_cost_aware_1783355553 compatible_tags=[arm-tiny x86-large x86-tiny x86-tiny/gpu/nvidia] has_context=true
2026/07/06 18:33:01 [MAB] event=arm_score ts=1783355581834 policy=UCB1 function=mab_cost_aware_1783355553 arm=arm-tiny score=-1.209367 count=38 avg_reward=-1.474519 total_counts=65
2026/07/06 18:33:01 [MAB] event=arm_score ts=1783355581834 policy=UCB1 function=mab_cost_aware_1783355553 arm=x86-large score=-1.299361 count=5 avg_reward=-2.030334 total_counts=65
2026/07/06 18:33:01 [MAB] event=arm_score ts=1783355581834 policy=UCB1 function=mab_cost_aware_1783355553 arm=x86-tiny score=-1.212039 count=20 avg_reward=-1.577525 total_counts=65
2026/07/06 18:33:01 [MAB] event=arm_score ts=1783355581834 policy=UCB1 function=mab_cost_aware_1783355553 arm=x86-tiny/gpu/nvidia score=-1.414775 count=2 avg_reward=-2.570545 total_counts=65
2026/07/06 18:33:01 [MAB] event=select_arm ts=1783355581834 policy=UCB1 function=mab_cost_aware_1783355553 selected_arm=arm-tiny reason=ucb_score score=-1.209367 total_counts=65 arms=[arm-tiny,x86-large,x86-tiny,x86-tiny/gpu/nvidia]
2026/07/06 18:33:01 [LB][MAB] event=after_select function=mab_cost_aware_1783355553 selected_tag=arm-tiny compatible_tags=[arm-tiny x86-large x86-tiny x86-tiny/gpu/nvidia]
2026/07/06 18:33:01 Candidate has: 512 MB free memory. Function needs: 128 MB
2026/07/06 18:33:01 [LB] Selected target for function 'mab_cost_aware_1783355553': target_tag=arm-tiny candidate=WhGdXSMaK4VNAekSzir6491783355554389642233 candidate_tag=arm-tiny
2026/07/06 18:33:01 [LB-Update] Node WhGdXSMaK4VNAekSzir6491783355554389642233 reported 512 MB free
2026/07/06 18:33:01 [MAB] event=reward_breakdown ts=1783355581838 policy=UCB1 function=mab_cost_aware_1783355553 arm=arm-tiny base_tag=arm-tiny architecture=arm specialization=tiny capabilities=[] duration_ms=3.359324 latency_reward=-1.211740 cost_weight=0.600000 cost_factor=0.400000 cost_term=0.240000 energy_weight=0.200000 energy_factor=0.600000 energy_term=0.120000 memory_weight=0.000000 memory_penalty=0.000000 memory_term=0.000000 final_reward=-1.571740
2026/07/06 18:33:01 [MAB] event=update_reward ts=1783355581838 policy=UCB1 function=mab_cost_aware_1783355553 arm=arm-tiny duration_ms=3.359324 warm_start=true reward=-1.571740 count=39 avg_reward=-1.477012 total_counts=66
2026/07/06 18:33:02 [LB] Compatible tag found: function=mab_cost_aware_1783355553 tag=arm-tiny arch=amd64 pattern="" ring_size=1
2026/07/06 18:33:02 [LB] Compatible tag found: function=mab_cost_aware_1783355553 tag=x86-large arch=amd64 pattern="" ring_size=1
2026/07/06 18:33:02 [LB] Compatible tag found: function=mab_cost_aware_1783355553 tag=x86-tiny arch=amd64 pattern="" ring_size=1
2026/07/06 18:33:02 [LB] Compatible tag found: function=mab_cost_aware_1783355553 tag=x86-tiny/gpu/nvidia arch=amd64 pattern="" ring_size=1
2026/07/06 18:33:02 [LB] Compatible tags for function 'mab_cost_aware_1783355553': [arm-tiny x86-large x86-tiny x86-tiny/gpu/nvidia]
2026/07/06 18:33:02 [LB][MAB] event=before_select function=mab_cost_aware_1783355553 compatible_tags=[arm-tiny x86-large x86-tiny x86-tiny/gpu/nvidia] has_context=true
2026/07/06 18:33:02 [MAB] event=arm_score ts=1783355582058 policy=UCB1 function=mab_cost_aware_1783355553 arm=arm-tiny score=-1.214803 count=39 avg_reward=-1.477012 total_counts=66
2026/07/06 18:33:02 [MAB] event=arm_score ts=1783355582058 policy=UCB1 function=mab_cost_aware_1783355553 arm=x86-large score=-1.298025 count=5 avg_reward=-2.030334 total_counts=66
2026/07/06 18:33:02 [MAB] event=arm_score ts=1783355582058 policy=UCB1 function=mab_cost_aware_1783355553 arm=x86-tiny score=-1.211371 count=20 avg_reward=-1.577525 total_counts=66
2026/07/06 18:33:02 [MAB] event=arm_score ts=1783355582058 policy=UCB1 function=mab_cost_aware_1783355553 arm=x86-tiny/gpu/nvidia score=-1.412663 count=2 avg_reward=-2.570545 total_counts=66
2026/07/06 18:33:02 [MAB] event=select_arm ts=1783355582058 policy=UCB1 function=mab_cost_aware_1783355553 selected_arm=x86-tiny reason=ucb_score score=-1.211371 total_counts=66 arms=[arm-tiny,x86-large,x86-tiny,x86-tiny/gpu/nvidia]
2026/07/06 18:33:02 [LB][MAB] event=after_select function=mab_cost_aware_1783355553 selected_tag=x86-tiny compatible_tags=[arm-tiny x86-large x86-tiny x86-tiny/gpu/nvidia]
2026/07/06 18:33:02 Candidate has: 512 MB free memory. Function needs: 128 MB
2026/07/06 18:33:02 [LB] Selected target for function 'mab_cost_aware_1783355553': target_tag=x86-tiny candidate=RwE2pnQPWxpJbvLqc8LJX71783355554384724877 candidate_tag=x86-tiny
2026/07/06 18:33:02 [LB-Update] Node RwE2pnQPWxpJbvLqc8LJX71783355554384724877 reported 512 MB free
2026/07/06 18:33:02 [MAB] event=reward_breakdown ts=1783355582061 policy=UCB1 function=mab_cost_aware_1783355553 arm=x86-tiny base_tag=x86-tiny architecture=x86 specialization=tiny capabilities=[] duration_ms=2.668186 latency_reward=-0.981399 cost_weight=0.600000 cost_factor=0.400000 cost_term=0.240000 energy_weight=0.200000 energy_factor=1.000000 energy_term=0.200000 memory_weight=0.000000 memory_penalty=0.000000 memory_term=0.000000 final_reward=-1.421399
2026/07/06 18:33:02 [MAB] event=update_reward ts=1783355582061 policy=UCB1 function=mab_cost_aware_1783355553 arm=x86-tiny duration_ms=2.668186 warm_start=true reward=-1.421399 count=21 avg_reward=-1.570090 total_counts=67
2026/07/06 18:33:02 [LB] Compatible tag found: function=mab_cost_aware_1783355553 tag=arm-tiny arch=amd64 pattern="" ring_size=1
2026/07/06 18:33:02 [LB] Compatible tag found: function=mab_cost_aware_1783355553 tag=x86-large arch=amd64 pattern="" ring_size=1
2026/07/06 18:33:02 [LB] Compatible tag found: function=mab_cost_aware_1783355553 tag=x86-tiny arch=amd64 pattern="" ring_size=1
2026/07/06 18:33:02 [LB] Compatible tag found: function=mab_cost_aware_1783355553 tag=x86-tiny/gpu/nvidia arch=amd64 pattern="" ring_size=1
2026/07/06 18:33:02 [LB] Compatible tags for function 'mab_cost_aware_1783355553': [arm-tiny x86-large x86-tiny x86-tiny/gpu/nvidia]
2026/07/06 18:33:02 [LB][MAB] event=before_select function=mab_cost_aware_1783355553 compatible_tags=[arm-tiny x86-large x86-tiny x86-tiny/gpu/nvidia] has_context=true
2026/07/06 18:33:02 [MAB] event=arm_score ts=1783355582283 policy=UCB1 function=mab_cost_aware_1783355553 arm=arm-tiny score=-1.214333 count=39 avg_reward=-1.477012 total_counts=67
2026/07/06 18:33:02 [MAB] event=arm_score ts=1783355582283 policy=UCB1 function=mab_cost_aware_1783355553 arm=x86-large score=-1.296712 count=5 avg_reward=-2.030334 total_counts=67
2026/07/06 18:33:02 [MAB] event=arm_score ts=1783355582283 policy=UCB1 function=mab_cost_aware_1783355553 arm=x86-tiny score=-1.212120 count=21 avg_reward=-1.570090 total_counts=67
2026/07/06 18:33:02 [MAB] event=arm_score ts=1783355582283 policy=UCB1 function=mab_cost_aware_1783355553 arm=x86-tiny/gpu/nvidia score=-1.410587 count=2 avg_reward=-2.570545 total_counts=67
2026/07/06 18:33:02 [MAB] event=select_arm ts=1783355582283 policy=UCB1 function=mab_cost_aware_1783355553 selected_arm=x86-tiny reason=ucb_score score=-1.212120 total_counts=67 arms=[arm-tiny,x86-large,x86-tiny,x86-tiny/gpu/nvidia]
2026/07/06 18:33:02 [LB][MAB] event=after_select function=mab_cost_aware_1783355553 selected_tag=x86-tiny compatible_tags=[arm-tiny x86-large x86-tiny x86-tiny/gpu/nvidia]
2026/07/06 18:33:02 Candidate has: 512 MB free memory. Function needs: 128 MB
2026/07/06 18:33:02 [LB] Selected target for function 'mab_cost_aware_1783355553': target_tag=x86-tiny candidate=RwE2pnQPWxpJbvLqc8LJX71783355554384724877 candidate_tag=x86-tiny
2026/07/06 18:33:02 [LB-Update] Node RwE2pnQPWxpJbvLqc8LJX71783355554384724877 reported 512 MB free
2026/07/06 18:33:02 [MAB] event=reward_breakdown ts=1783355582287 policy=UCB1 function=mab_cost_aware_1783355553 arm=x86-tiny base_tag=x86-tiny architecture=x86 specialization=tiny capabilities=[] duration_ms=3.042069 latency_reward=-1.112538 cost_weight=0.600000 cost_factor=0.400000 cost_term=0.240000 energy_weight=0.200000 energy_factor=1.000000 energy_term=0.200000 memory_weight=0.000000 memory_penalty=0.000000 memory_term=0.000000 final_reward=-1.552538
2026/07/06 18:33:02 [MAB] event=update_reward ts=1783355582287 policy=UCB1 function=mab_cost_aware_1783355553 arm=x86-tiny duration_ms=3.042069 warm_start=true reward=-1.552538 count=22 avg_reward=-1.569293 total_counts=68
2026/07/06 18:33:02 [LB] Compatible tag found: function=mab_cost_aware_1783355553 tag=arm-tiny arch=amd64 pattern="" ring_size=1
2026/07/06 18:33:02 [LB] Compatible tag found: function=mab_cost_aware_1783355553 tag=x86-large arch=amd64 pattern="" ring_size=1
2026/07/06 18:33:02 [LB] Compatible tag found: function=mab_cost_aware_1783355553 tag=x86-tiny arch=amd64 pattern="" ring_size=1
2026/07/06 18:33:02 [LB] Compatible tag found: function=mab_cost_aware_1783355553 tag=x86-tiny/gpu/nvidia arch=amd64 pattern="" ring_size=1
2026/07/06 18:33:02 [LB] Compatible tags for function 'mab_cost_aware_1783355553': [arm-tiny x86-large x86-tiny x86-tiny/gpu/nvidia]
2026/07/06 18:33:02 [LB][MAB] event=before_select function=mab_cost_aware_1783355553 compatible_tags=[arm-tiny x86-large x86-tiny x86-tiny/gpu/nvidia] has_context=true
2026/07/06 18:33:02 [MAB] event=arm_score ts=1783355582504 policy=UCB1 function=mab_cost_aware_1783355553 arm=arm-tiny score=-1.213871 count=39 avg_reward=-1.477012 total_counts=68
2026/07/06 18:33:02 [MAB] event=arm_score ts=1783355582504 policy=UCB1 function=mab_cost_aware_1783355553 arm=x86-large score=-1.295421 count=5 avg_reward=-2.030334 total_counts=68
2026/07/06 18:33:02 [MAB] event=arm_score ts=1783355582504 policy=UCB1 function=mab_cost_aware_1783355553 arm=x86-tiny score=-1.218937 count=22 avg_reward=-1.569293 total_counts=68
2026/07/06 18:33:02 [MAB] event=arm_score ts=1783355582504 policy=UCB1 function=mab_cost_aware_1783355553 arm=x86-tiny/gpu/nvidia score=-1.408546 count=2 avg_reward=-2.570545 total_counts=68
2026/07/06 18:33:02 [MAB] event=select_arm ts=1783355582504 policy=UCB1 function=mab_cost_aware_1783355553 selected_arm=arm-tiny reason=ucb_score score=-1.213871 total_counts=68 arms=[arm-tiny,x86-large,x86-tiny,x86-tiny/gpu/nvidia]
2026/07/06 18:33:02 [LB][MAB] event=after_select function=mab_cost_aware_1783355553 selected_tag=arm-tiny compatible_tags=[arm-tiny x86-large x86-tiny x86-tiny/gpu/nvidia]
2026/07/06 18:33:02 Candidate has: 512 MB free memory. Function needs: 128 MB
2026/07/06 18:33:02 [LB] Selected target for function 'mab_cost_aware_1783355553': target_tag=arm-tiny candidate=WhGdXSMaK4VNAekSzir6491783355554389642233 candidate_tag=arm-tiny
2026/07/06 18:33:02 [LB-Update] Node WhGdXSMaK4VNAekSzir6491783355554389642233 reported 512 MB free
2026/07/06 18:33:02 [MAB] event=reward_breakdown ts=1783355582508 policy=UCB1 function=mab_cost_aware_1783355553 arm=arm-tiny base_tag=arm-tiny architecture=arm specialization=tiny capabilities=[] duration_ms=2.776591 latency_reward=-1.021224 cost_weight=0.600000 cost_factor=0.400000 cost_term=0.240000 energy_weight=0.200000 energy_factor=0.600000 energy_term=0.120000 memory_weight=0.000000 memory_penalty=0.000000 memory_term=0.000000 final_reward=-1.381224
2026/07/06 18:33:02 [MAB] event=update_reward ts=1783355582508 policy=UCB1 function=mab_cost_aware_1783355553 arm=arm-tiny duration_ms=2.776591 warm_start=true reward=-1.381224 count=40 avg_reward=-1.474617 total_counts=69
2026/07/06 18:33:02 [LB] Compatible tag found: function=mab_cost_aware_1783355553 tag=arm-tiny arch=amd64 pattern="" ring_size=1
2026/07/06 18:33:02 [LB] Compatible tag found: function=mab_cost_aware_1783355553 tag=x86-large arch=amd64 pattern="" ring_size=1
2026/07/06 18:33:02 [LB] Compatible tag found: function=mab_cost_aware_1783355553 tag=x86-tiny arch=amd64 pattern="" ring_size=1
2026/07/06 18:33:02 [LB] Compatible tag found: function=mab_cost_aware_1783355553 tag=x86-tiny/gpu/nvidia arch=amd64 pattern="" ring_size=1
2026/07/06 18:33:02 [LB] Compatible tags for function 'mab_cost_aware_1783355553': [arm-tiny x86-large x86-tiny x86-tiny/gpu/nvidia]
2026/07/06 18:33:02 [LB][MAB] event=before_select function=mab_cost_aware_1783355553 compatible_tags=[arm-tiny x86-large x86-tiny x86-tiny/gpu/nvidia] has_context=true
2026/07/06 18:33:02 [MAB] event=arm_score ts=1783355582729 policy=UCB1 function=mab_cost_aware_1783355553 arm=arm-tiny score=-1.214337 count=40 avg_reward=-1.474617 total_counts=69
2026/07/06 18:33:02 [MAB] event=arm_score ts=1783355582729 policy=UCB1 function=mab_cost_aware_1783355553 arm=x86-large score=-1.294151 count=5 avg_reward=-2.030334 total_counts=69
2026/07/06 18:33:02 [MAB] event=arm_score ts=1783355582729 policy=UCB1 function=mab_cost_aware_1783355553 arm=x86-tiny score=-1.218331 count=22 avg_reward=-1.569293 total_counts=69
2026/07/06 18:33:02 [MAB] event=arm_score ts=1783355582729 policy=UCB1 function=mab_cost_aware_1783355553 arm=x86-tiny/gpu/nvidia score=-1.406537 count=2 avg_reward=-2.570545 total_counts=69
2026/07/06 18:33:02 [MAB] event=select_arm ts=1783355582729 policy=UCB1 function=mab_cost_aware_1783355553 selected_arm=arm-tiny reason=ucb_score score=-1.214337 total_counts=69 arms=[arm-tiny,x86-large,x86-tiny,x86-tiny/gpu/nvidia]
2026/07/06 18:33:02 [LB][MAB] event=after_select function=mab_cost_aware_1783355553 selected_tag=arm-tiny compatible_tags=[arm-tiny x86-large x86-tiny x86-tiny/gpu/nvidia]
2026/07/06 18:33:02 Candidate has: 512 MB free memory. Function needs: 128 MB
2026/07/06 18:33:02 [LB] Selected target for function 'mab_cost_aware_1783355553': target_tag=arm-tiny candidate=WhGdXSMaK4VNAekSzir6491783355554389642233 candidate_tag=arm-tiny
2026/07/06 18:33:02 [LB-Update] Node WhGdXSMaK4VNAekSzir6491783355554389642233 reported 512 MB free
2026/07/06 18:33:02 [MAB] event=reward_breakdown ts=1783355582733 policy=UCB1 function=mab_cost_aware_1783355553 arm=arm-tiny base_tag=arm-tiny architecture=arm specialization=tiny capabilities=[] duration_ms=2.941385 latency_reward=-1.078881 cost_weight=0.600000 cost_factor=0.400000 cost_term=0.240000 energy_weight=0.200000 energy_factor=0.600000 energy_term=0.120000 memory_weight=0.000000 memory_penalty=0.000000 memory_term=0.000000 final_reward=-1.438881
2026/07/06 18:33:02 [MAB] event=update_reward ts=1783355582733 policy=UCB1 function=mab_cost_aware_1783355553 arm=arm-tiny duration_ms=2.941385 warm_start=true reward=-1.438881 count=41 avg_reward=-1.473745 total_counts=70
2026/07/06 18:33:02 [LB] Compatible tag found: function=mab_cost_aware_1783355553 tag=arm-tiny arch=amd64 pattern="" ring_size=1
2026/07/06 18:33:02 [LB] Compatible tag found: function=mab_cost_aware_1783355553 tag=x86-large arch=amd64 pattern="" ring_size=1
2026/07/06 18:33:02 [LB] Compatible tag found: function=mab_cost_aware_1783355553 tag=x86-tiny arch=amd64 pattern="" ring_size=1
2026/07/06 18:33:02 [LB] Compatible tag found: function=mab_cost_aware_1783355553 tag=x86-tiny/gpu/nvidia arch=amd64 pattern="" ring_size=1
2026/07/06 18:33:02 [LB] Compatible tags for function 'mab_cost_aware_1783355553': [arm-tiny x86-large x86-tiny x86-tiny/gpu/nvidia]
2026/07/06 18:33:02 [LB][MAB] event=before_select function=mab_cost_aware_1783355553 compatible_tags=[arm-tiny x86-large x86-tiny x86-tiny/gpu/nvidia] has_context=true
2026/07/06 18:33:02 [MAB] event=arm_score ts=1783355582952 policy=UCB1 function=mab_cost_aware_1783355553 arm=arm-tiny score=-1.216223 count=41 avg_reward=-1.473745 total_counts=70
2026/07/06 18:33:02 [MAB] event=arm_score ts=1783355582952 policy=UCB1 function=mab_cost_aware_1783355553 arm=x86-large score=-1.292901 count=5 avg_reward=-2.030334 total_counts=70
2026/07/06 18:33:02 [MAB] event=arm_score ts=1783355582952 policy=UCB1 function=mab_cost_aware_1783355553 arm=x86-tiny score=-1.217735 count=22 avg_reward=-1.569293 total_counts=70
2026/07/06 18:33:02 [MAB] event=arm_score ts=1783355582952 policy=UCB1 function=mab_cost_aware_1783355553 arm=x86-tiny/gpu/nvidia score=-1.404561 count=2 avg_reward=-2.570545 total_counts=70
2026/07/06 18:33:02 [MAB] event=select_arm ts=1783355582952 policy=UCB1 function=mab_cost_aware_1783355553 selected_arm=arm-tiny reason=ucb_score score=-1.216223 total_counts=70 arms=[arm-tiny,x86-large,x86-tiny,x86-tiny/gpu/nvidia]
2026/07/06 18:33:02 [LB][MAB] event=after_select function=mab_cost_aware_1783355553 selected_tag=arm-tiny compatible_tags=[arm-tiny x86-large x86-tiny x86-tiny/gpu/nvidia]
2026/07/06 18:33:02 Candidate has: 512 MB free memory. Function needs: 128 MB
2026/07/06 18:33:02 [LB] Selected target for function 'mab_cost_aware_1783355553': target_tag=arm-tiny candidate=WhGdXSMaK4VNAekSzir6491783355554389642233 candidate_tag=arm-tiny
2026/07/06 18:33:02 [LB-Update] Node WhGdXSMaK4VNAekSzir6491783355554389642233 reported 512 MB free
2026/07/06 18:33:02 [MAB] event=reward_breakdown ts=1783355582955 policy=UCB1 function=mab_cost_aware_1783355553 arm=arm-tiny base_tag=arm-tiny architecture=arm specialization=tiny capabilities=[] duration_ms=2.575024 latency_reward=-0.945859 cost_weight=0.600000 cost_factor=0.400000 cost_term=0.240000 energy_weight=0.200000 energy_factor=0.600000 energy_term=0.120000 memory_weight=0.000000 memory_penalty=0.000000 memory_term=0.000000 final_reward=-1.305859
2026/07/06 18:33:02 [MAB] event=update_reward ts=1783355582955 policy=UCB1 function=mab_cost_aware_1783355553 arm=arm-tiny duration_ms=2.575024 warm_start=true reward=-1.305859 count=42 avg_reward=-1.469748 total_counts=71
2026/07/06 18:33:03 [LB] Compatible tag found: function=mab_cost_aware_1783355553 tag=arm-tiny arch=amd64 pattern="" ring_size=1
2026/07/06 18:33:03 [LB] Compatible tag found: function=mab_cost_aware_1783355553 tag=x86-large arch=amd64 pattern="" ring_size=1
2026/07/06 18:33:03 [LB] Compatible tag found: function=mab_cost_aware_1783355553 tag=x86-tiny arch=amd64 pattern="" ring_size=1
2026/07/06 18:33:03 [LB] Compatible tag found: function=mab_cost_aware_1783355553 tag=x86-tiny/gpu/nvidia arch=amd64 pattern="" ring_size=1
2026/07/06 18:33:03 [LB] Compatible tags for function 'mab_cost_aware_1783355553': [arm-tiny x86-large x86-tiny x86-tiny/gpu/nvidia]
2026/07/06 18:33:03 [LB][MAB] event=before_select function=mab_cost_aware_1783355553 compatible_tags=[arm-tiny x86-large x86-tiny x86-tiny/gpu/nvidia] has_context=true
2026/07/06 18:33:03 [MAB] event=arm_score ts=1783355583176 policy=UCB1 function=mab_cost_aware_1783355553 arm=arm-tiny score=-1.214885 count=42 avg_reward=-1.469748 total_counts=71
2026/07/06 18:33:03 [MAB] event=arm_score ts=1783355583176 policy=UCB1 function=mab_cost_aware_1783355553 arm=x86-large score=-1.291671 count=5 avg_reward=-2.030334 total_counts=71
2026/07/06 18:33:03 [MAB] event=arm_score ts=1783355583176 policy=UCB1 function=mab_cost_aware_1783355553 arm=x86-tiny score=-1.217149 count=22 avg_reward=-1.569293 total_counts=71
2026/07/06 18:33:03 [MAB] event=arm_score ts=1783355583176 policy=UCB1 function=mab_cost_aware_1783355553 arm=x86-tiny/gpu/nvidia score=-1.402616 count=2 avg_reward=-2.570545 total_counts=71
2026/07/06 18:33:03 [MAB] event=select_arm ts=1783355583176 policy=UCB1 function=mab_cost_aware_1783355553 selected_arm=arm-tiny reason=ucb_score score=-1.214885 total_counts=71 arms=[arm-tiny,x86-large,x86-tiny,x86-tiny/gpu/nvidia]
2026/07/06 18:33:03 [LB][MAB] event=after_select function=mab_cost_aware_1783355553 selected_tag=arm-tiny compatible_tags=[arm-tiny x86-large x86-tiny x86-tiny/gpu/nvidia]
2026/07/06 18:33:03 Candidate has: 512 MB free memory. Function needs: 128 MB
2026/07/06 18:33:03 [LB] Selected target for function 'mab_cost_aware_1783355553': target_tag=arm-tiny candidate=WhGdXSMaK4VNAekSzir6491783355554389642233 candidate_tag=arm-tiny
2026/07/06 18:33:03 [LB-Update] Node WhGdXSMaK4VNAekSzir6491783355554389642233 reported 512 MB free
2026/07/06 18:33:03 [MAB] event=reward_breakdown ts=1783355583181 policy=UCB1 function=mab_cost_aware_1783355553 arm=arm-tiny base_tag=arm-tiny architecture=arm specialization=tiny capabilities=[] duration_ms=3.302268 latency_reward=-1.194610 cost_weight=0.600000 cost_factor=0.400000 cost_term=0.240000 energy_weight=0.200000 energy_factor=0.600000 energy_term=0.120000 memory_weight=0.000000 memory_penalty=0.000000 memory_term=0.000000 final_reward=-1.554610
2026/07/06 18:33:03 [MAB] event=update_reward ts=1783355583181 policy=UCB1 function=mab_cost_aware_1783355553 arm=arm-tiny duration_ms=3.302268 warm_start=true reward=-1.554610 count=43 avg_reward=-1.471722 total_counts=72
2026/07/06 18:33:03 [LB] Compatible tag found: function=mab_cost_aware_1783355553 tag=arm-tiny arch=amd64 pattern="" ring_size=1
2026/07/06 18:33:03 [LB] Compatible tag found: function=mab_cost_aware_1783355553 tag=x86-large arch=amd64 pattern="" ring_size=1
2026/07/06 18:33:03 [LB] Compatible tag found: function=mab_cost_aware_1783355553 tag=x86-tiny arch=amd64 pattern="" ring_size=1
2026/07/06 18:33:03 [LB] Compatible tag found: function=mab_cost_aware_1783355553 tag=x86-tiny/gpu/nvidia arch=amd64 pattern="" ring_size=1
2026/07/06 18:33:03 [LB] Compatible tags for function 'mab_cost_aware_1783355553': [arm-tiny x86-large x86-tiny x86-tiny/gpu/nvidia]
2026/07/06 18:33:03 [LB][MAB] event=before_select function=mab_cost_aware_1783355553 compatible_tags=[arm-tiny x86-large x86-tiny x86-tiny/gpu/nvidia] has_context=true
2026/07/06 18:33:03 [MAB] event=arm_score ts=1783355583403 policy=UCB1 function=mab_cost_aware_1783355553 arm=arm-tiny score=-1.219427 count=43 avg_reward=-1.471722 total_counts=72
2026/07/06 18:33:03 [MAB] event=arm_score ts=1783355583403 policy=UCB1 function=mab_cost_aware_1783355553 arm=x86-large score=-1.290460 count=5 avg_reward=-2.030334 total_counts=72
2026/07/06 18:33:03 [MAB] event=arm_score ts=1783355583403 policy=UCB1 function=mab_cost_aware_1783355553 arm=x86-tiny score=-1.216572 count=22 avg_reward=-1.569293 total_counts=72
2026/07/06 18:33:03 [MAB] event=arm_score ts=1783355583403 policy=UCB1 function=mab_cost_aware_1783355553 arm=x86-tiny/gpu/nvidia score=-1.400702 count=2 avg_reward=-2.570545 total_counts=72
2026/07/06 18:33:03 [MAB] event=select_arm ts=1783355583403 policy=UCB1 function=mab_cost_aware_1783355553 selected_arm=x86-tiny reason=ucb_score score=-1.216572 total_counts=72 arms=[arm-tiny,x86-large,x86-tiny,x86-tiny/gpu/nvidia]
2026/07/06 18:33:03 [LB][MAB] event=after_select function=mab_cost_aware_1783355553 selected_tag=x86-tiny compatible_tags=[arm-tiny x86-large x86-tiny x86-tiny/gpu/nvidia]
2026/07/06 18:33:03 Candidate has: 512 MB free memory. Function needs: 128 MB
2026/07/06 18:33:03 [LB] Selected target for function 'mab_cost_aware_1783355553': target_tag=x86-tiny candidate=RwE2pnQPWxpJbvLqc8LJX71783355554384724877 candidate_tag=x86-tiny
2026/07/06 18:33:03 [LB-Update] Node RwE2pnQPWxpJbvLqc8LJX71783355554384724877 reported 512 MB free
2026/07/06 18:33:03 [MAB] event=reward_breakdown ts=1783355583407 policy=UCB1 function=mab_cost_aware_1783355553 arm=x86-tiny base_tag=x86-tiny architecture=x86 specialization=tiny capabilities=[] duration_ms=3.390221 latency_reward=-1.220895 cost_weight=0.600000 cost_factor=0.400000 cost_term=0.240000 energy_weight=0.200000 energy_factor=1.000000 energy_term=0.200000 memory_weight=0.000000 memory_penalty=0.000000 memory_term=0.000000 final_reward=-1.660895
2026/07/06 18:33:03 [MAB] event=update_reward ts=1783355583407 policy=UCB1 function=mab_cost_aware_1783355553 arm=x86-tiny duration_ms=3.390221 warm_start=true reward=-1.660895 count=23 avg_reward=-1.573275 total_counts=73
2026/07/06 18:33:03 [LB]: Periodic targets update
2026/07/06 18:33:03 Found target: WhGdXSMaK4VNAekSzir6491783355554389642233
2026/07/06 18:33:03 Found target: Uk7GAQ8hnugcvEoRMqDoKP1783355554387194779
2026/07/06 18:33:03 Found target: RwE2pnQPWxpJbvLqc8LJX71783355554384724877
2026/07/06 18:33:03 Found target: nEz7h2LBm2c75e6aPeDwqX1783355554388602578
2026/07/06 18:33:03 Found 4 targets
2026/07/06 18:33:03 [LB] Compatible tag found: function=mab_cost_aware_1783355553 tag=arm-tiny arch=amd64 pattern="" ring_size=1
2026/07/06 18:33:03 [LB] Compatible tag found: function=mab_cost_aware_1783355553 tag=x86-large arch=amd64 pattern="" ring_size=1
2026/07/06 18:33:03 [LB] Compatible tag found: function=mab_cost_aware_1783355553 tag=x86-tiny arch=amd64 pattern="" ring_size=1
2026/07/06 18:33:03 [LB] Compatible tag found: function=mab_cost_aware_1783355553 tag=x86-tiny/gpu/nvidia arch=amd64 pattern="" ring_size=1
2026/07/06 18:33:03 [LB] Compatible tags for function 'mab_cost_aware_1783355553': [arm-tiny x86-large x86-tiny x86-tiny/gpu/nvidia]
2026/07/06 18:33:03 [LB][MAB] event=before_select function=mab_cost_aware_1783355553 compatible_tags=[arm-tiny x86-large x86-tiny x86-tiny/gpu/nvidia] has_context=true
2026/07/06 18:33:03 [MAB] event=arm_score ts=1783355583627 policy=UCB1 function=mab_cost_aware_1783355553 arm=arm-tiny score=-1.219020 count=43 avg_reward=-1.471722 total_counts=73
2026/07/06 18:33:03 [MAB] event=arm_score ts=1783355583627 policy=UCB1 function=mab_cost_aware_1783355553 arm=x86-large score=-1.289268 count=5 avg_reward=-2.030334 total_counts=73
2026/07/06 18:33:03 [MAB] event=arm_score ts=1783355583627 policy=UCB1 function=mab_cost_aware_1783355553 arm=x86-tiny score=-1.227752 count=23 avg_reward=-1.573275 total_counts=73
2026/07/06 18:33:03 [MAB] event=arm_score ts=1783355583627 policy=UCB1 function=mab_cost_aware_1783355553 arm=x86-tiny/gpu/nvidia score=-1.398817 count=2 avg_reward=-2.570545 total_counts=73
2026/07/06 18:33:03 [MAB] event=select_arm ts=1783355583627 policy=UCB1 function=mab_cost_aware_1783355553 selected_arm=arm-tiny reason=ucb_score score=-1.219020 total_counts=73 arms=[arm-tiny,x86-large,x86-tiny,x86-tiny/gpu/nvidia]
2026/07/06 18:33:03 [LB][MAB] event=after_select function=mab_cost_aware_1783355553 selected_tag=arm-tiny compatible_tags=[arm-tiny x86-large x86-tiny x86-tiny/gpu/nvidia]
2026/07/06 18:33:03 Candidate has: 512 MB free memory. Function needs: 128 MB
2026/07/06 18:33:03 [LB] Selected target for function 'mab_cost_aware_1783355553': target_tag=arm-tiny candidate=WhGdXSMaK4VNAekSzir6491783355554389642233 candidate_tag=arm-tiny
2026/07/06 18:33:03 [LB-Update] Node WhGdXSMaK4VNAekSzir6491783355554389642233 reported 512 MB free
2026/07/06 18:33:03 [MAB] event=reward_breakdown ts=1783355583632 policy=UCB1 function=mab_cost_aware_1783355553 arm=arm-tiny base_tag=arm-tiny architecture=arm specialization=tiny capabilities=[] duration_ms=3.407778 latency_reward=-1.226060 cost_weight=0.600000 cost_factor=0.400000 cost_term=0.240000 energy_weight=0.200000 energy_factor=0.600000 energy_term=0.120000 memory_weight=0.000000 memory_penalty=0.000000 memory_term=0.000000 final_reward=-1.586060
2026/07/06 18:33:03 [MAB] event=update_reward ts=1783355583632 policy=UCB1 function=mab_cost_aware_1783355553 arm=arm-tiny duration_ms=3.407778 warm_start=true reward=-1.586060 count=44 avg_reward=-1.474320 total_counts=74
2026/07/06 18:33:03 [LB] Compatible tag found: function=mab_cost_aware_1783355553 tag=arm-tiny arch=amd64 pattern="" ring_size=1
2026/07/06 18:33:03 [LB] Compatible tag found: function=mab_cost_aware_1783355553 tag=x86-large arch=amd64 pattern="" ring_size=1
2026/07/06 18:33:03 [LB] Compatible tag found: function=mab_cost_aware_1783355553 tag=x86-tiny arch=amd64 pattern="" ring_size=1
2026/07/06 18:33:03 [LB] Compatible tag found: function=mab_cost_aware_1783355553 tag=x86-tiny/gpu/nvidia arch=amd64 pattern="" ring_size=1
2026/07/06 18:33:03 [LB] Compatible tags for function 'mab_cost_aware_1783355553': [arm-tiny x86-large x86-tiny x86-tiny/gpu/nvidia]
2026/07/06 18:33:03 [LB][MAB] event=before_select function=mab_cost_aware_1783355553 compatible_tags=[arm-tiny x86-large x86-tiny x86-tiny/gpu/nvidia] has_context=true
2026/07/06 18:33:03 [MAB] event=arm_score ts=1783355583852 policy=UCB1 function=mab_cost_aware_1783355553 arm=arm-tiny score=-1.224111 count=44 avg_reward=-1.474320 total_counts=74
2026/07/06 18:33:03 [MAB] event=arm_score ts=1783355583852 policy=UCB1 function=mab_cost_aware_1783355553 arm=x86-large score=-1.288094 count=5 avg_reward=-2.030334 total_counts=74
2026/07/06 18:33:03 [MAB] event=arm_score ts=1783355583852 policy=UCB1 function=mab_cost_aware_1783355553 arm=x86-tiny score=-1.227204 count=23 avg_reward=-1.573275 total_counts=74
2026/07/06 18:33:03 [MAB] event=arm_score ts=1783355583852 policy=UCB1 function=mab_cost_aware_1783355553 arm=x86-tiny/gpu/nvidia score=-1.396960 count=2 avg_reward=-2.570545 total_counts=74
2026/07/06 18:33:03 [MAB] event=select_arm ts=1783355583852 policy=UCB1 function=mab_cost_aware_1783355553 selected_arm=arm-tiny reason=ucb_score score=-1.224111 total_counts=74 arms=[arm-tiny,x86-large,x86-tiny,x86-tiny/gpu/nvidia]
2026/07/06 18:33:03 [LB][MAB] event=after_select function=mab_cost_aware_1783355553 selected_tag=arm-tiny compatible_tags=[arm-tiny x86-large x86-tiny x86-tiny/gpu/nvidia]
2026/07/06 18:33:03 Candidate has: 512 MB free memory. Function needs: 128 MB
2026/07/06 18:33:03 [LB] Selected target for function 'mab_cost_aware_1783355553': target_tag=arm-tiny candidate=WhGdXSMaK4VNAekSzir6491783355554389642233 candidate_tag=arm-tiny
2026/07/06 18:33:03 [LB-Update] Node WhGdXSMaK4VNAekSzir6491783355554389642233 reported 512 MB free
2026/07/06 18:33:03 [MAB] event=reward_breakdown ts=1783355583856 policy=UCB1 function=mab_cost_aware_1783355553 arm=arm-tiny base_tag=arm-tiny architecture=arm specialization=tiny capabilities=[] duration_ms=3.150505 latency_reward=-1.147563 cost_weight=0.600000 cost_factor=0.400000 cost_term=0.240000 energy_weight=0.200000 energy_factor=0.600000 energy_term=0.120000 memory_weight=0.000000 memory_penalty=0.000000 memory_term=0.000000 final_reward=-1.507563
2026/07/06 18:33:03 [MAB] event=update_reward ts=1783355583856 policy=UCB1 function=mab_cost_aware_1783355553 arm=arm-tiny duration_ms=3.150505 warm_start=true reward=-1.507563 count=45 avg_reward=-1.475059 total_counts=75
2026/07/06 18:33:04 [LB] Compatible tag found: function=mab_cost_aware_1783355553 tag=arm-tiny arch=amd64 pattern="" ring_size=1
2026/07/06 18:33:04 [LB] Compatible tag found: function=mab_cost_aware_1783355553 tag=x86-large arch=amd64 pattern="" ring_size=1
2026/07/06 18:33:04 [LB] Compatible tag found: function=mab_cost_aware_1783355553 tag=x86-tiny arch=amd64 pattern="" ring_size=1
2026/07/06 18:33:04 [LB] Compatible tag found: function=mab_cost_aware_1783355553 tag=x86-tiny/gpu/nvidia arch=amd64 pattern="" ring_size=1
2026/07/06 18:33:04 [LB] Compatible tags for function 'mab_cost_aware_1783355553': [arm-tiny x86-large x86-tiny x86-tiny/gpu/nvidia]
2026/07/06 18:33:04 [LB][MAB] event=before_select function=mab_cost_aware_1783355553 compatible_tags=[arm-tiny x86-large x86-tiny x86-tiny/gpu/nvidia] has_context=true
2026/07/06 18:33:04 [MAB] event=arm_score ts=1783355584077 policy=UCB1 function=mab_cost_aware_1783355553 arm=x86-large score=-1.286937 count=5 avg_reward=-2.030334 total_counts=75
2026/07/06 18:33:04 [MAB] event=arm_score ts=1783355584077 policy=UCB1 function=mab_cost_aware_1783355553 arm=x86-tiny score=-1.226665 count=23 avg_reward=-1.573275 total_counts=75
2026/07/06 18:33:04 [MAB] event=arm_score ts=1783355584077 policy=UCB1 function=mab_cost_aware_1783355553 arm=x86-tiny/gpu/nvidia score=-1.395132 count=2 avg_reward=-2.570545 total_counts=75
2026/07/06 18:33:04 [MAB] event=arm_score ts=1783355584077 policy=UCB1 function=mab_cost_aware_1783355553 arm=arm-tiny score=-1.227260 count=45 avg_reward=-1.475059 total_counts=75
2026/07/06 18:33:04 [MAB] event=select_arm ts=1783355584077 policy=UCB1 function=mab_cost_aware_1783355553 selected_arm=x86-tiny reason=ucb_score score=-1.226665 total_counts=75 arms=[arm-tiny,x86-large,x86-tiny,x86-tiny/gpu/nvidia]
2026/07/06 18:33:04 [LB][MAB] event=after_select function=mab_cost_aware_1783355553 selected_tag=x86-tiny compatible_tags=[arm-tiny x86-large x86-tiny x86-tiny/gpu/nvidia]
2026/07/06 18:33:04 Candidate has: 512 MB free memory. Function needs: 128 MB
2026/07/06 18:33:04 [LB] Selected target for function 'mab_cost_aware_1783355553': target_tag=x86-tiny candidate=RwE2pnQPWxpJbvLqc8LJX71783355554384724877 candidate_tag=x86-tiny
2026/07/06 18:33:04 [LB-Update] Node RwE2pnQPWxpJbvLqc8LJX71783355554384724877 reported 512 MB free
2026/07/06 18:33:04 [MAB] event=reward_breakdown ts=1783355584086 policy=UCB1 function=mab_cost_aware_1783355553 arm=x86-tiny base_tag=x86-tiny architecture=x86 specialization=tiny capabilities=[] duration_ms=3.141197 latency_reward=-1.144604 cost_weight=0.600000 cost_factor=0.400000 cost_term=0.240000 energy_weight=0.200000 energy_factor=1.000000 energy_term=0.200000 memory_weight=0.000000 memory_penalty=0.000000 memory_term=0.000000 final_reward=-1.584604
2026/07/06 18:33:04 [MAB] event=update_reward ts=1783355584086 policy=UCB1 function=mab_cost_aware_1783355553 arm=x86-tiny duration_ms=3.141197 warm_start=true reward=-1.584604 count=24 avg_reward=-1.573747 total_counts=76
