2026/07/06 18:36:28 Registration for node: (ROME)wkZttDb4nk3hUDusuBsqU41783355788481273173 - amd64
2026/07/06 18:36:28 Connecting to etcd
2026/07/06 18:36:28 Connected to etcd
2026/07/06 18:36:28 etcd connection state: READY
2026/07/06 18:36:28 etcd: connected and ready
2026/07/06 18:36:28 Registering to etcd: registry/ROME/__lb/amd64/wkZttDb4nk3hUDusuBsqU41783355788481273173
2026/07/06 18:36:28 Found target: vpsc5EyUeu2bgV5e5BQz2f1783355783477036272
2026/07/06 18:36:28 Found target: RC9BoWr7bsn5ThsQeA6m9d1783355783476196901
2026/07/06 18:36:28 Found target: Yfj9dc9aZ5sc6MzJoZmaP61783355783474809800
2026/07/06 18:36:28 Found target: WjectcSXtXYALypFSHKKHj1783355783475722225
2026/07/06 18:36:28 Found 4 targets
2026/07/06 18:36:28 Initializing with 4 targets.
2026/07/06 18:36:28 Running ArchitectureAwareLB with 128 replicas per node in the hash rings
2026/07/06 18:36:28 LB mode set to MAB
2026/07/06 18:36:28 [LB][MAB] event=new_machine_tag_discovered tag=x86-tiny/gpu/nvidia arch=amd64 action=create_ring_and_add_mab_arm
2026/07/06 18:36:28 [LB] Adding target x86-tiny/gpu/nvidia
2026/07/06 18:36:28 [LB][MAB] event=new_machine_tag_discovered tag=arm-tiny arch=amd64 action=create_ring_and_add_mab_arm
2026/07/06 18:36:28 [LB] Adding target arm-tiny
2026/07/06 18:36:28 [LB][MAB] event=new_machine_tag_discovered tag=x86-large arch=amd64 action=create_ring_and_add_mab_arm
2026/07/06 18:36:28 [LB] Adding target x86-large
2026/07/06 18:36:28 [LB][MAB] event=new_machine_tag_discovered tag=x86-tiny arch=amd64 action=create_ring_and_add_mab_arm
2026/07/06 18:36:28 [LB] Adding target x86-tiny
⇨ http server started on [::]:8080
2026/07/06 18:36:31 [LB]: Periodic targets update
2026/07/06 18:36:31 Found target: RC9BoWr7bsn5ThsQeA6m9d1783355783476196901
2026/07/06 18:36:31 Found target: Yfj9dc9aZ5sc6MzJoZmaP61783355783474809800
2026/07/06 18:36:31 Found target: WjectcSXtXYALypFSHKKHj1783355783475722225
2026/07/06 18:36:31 Found target: vpsc5EyUeu2bgV5e5BQz2f1783355783477036272
2026/07/06 18:36:31 Found 4 targets
2026/07/06 18:36:33 [LB] Compatible tag found: function=mab_cost_aware_1783355782 tag=x86-tiny/gpu/nvidia arch=amd64 pattern="" ring_size=1
2026/07/06 18:36:33 [LB] Compatible tag found: function=mab_cost_aware_1783355782 tag=arm-tiny arch=amd64 pattern="" ring_size=1
2026/07/06 18:36:33 [LB] Compatible tag found: function=mab_cost_aware_1783355782 tag=x86-large arch=amd64 pattern="" ring_size=1
2026/07/06 18:36:33 [LB] Compatible tag found: function=mab_cost_aware_1783355782 tag=x86-tiny arch=amd64 pattern="" ring_size=1
2026/07/06 18:36:33 [LB] Compatible tags for function 'mab_cost_aware_1783355782': [x86-tiny/gpu/nvidia arm-tiny x86-large x86-tiny]
2026/07/06 18:36:33 [LB][MAB] event=before_select function=mab_cost_aware_1783355782 compatible_tags=[x86-tiny/gpu/nvidia arm-tiny x86-large x86-tiny] has_context=true
2026/07/06 18:36:33 BanditManager GetBandit: policy type: UCB1
2026/07/06 18:36:33 Initialized UCB1 bandit for mab_cost_aware_1783355782
2026/07/06 18:36:33 [MAB] event=arm_added ts=1783355793522 policy=UCB1 function=mab_cost_aware_1783355782 arm=x86-tiny/gpu/nvidia arms=[x86-tiny/gpu/nvidia]
2026/07/06 18:36:33 [MAB] event=arm_added ts=1783355793522 policy=UCB1 function=mab_cost_aware_1783355782 arm=arm-tiny arms=[arm-tiny,x86-tiny/gpu/nvidia]
2026/07/06 18:36:33 [MAB] event=arm_added ts=1783355793522 policy=UCB1 function=mab_cost_aware_1783355782 arm=x86-large arms=[arm-tiny,x86-large,x86-tiny/gpu/nvidia]
2026/07/06 18:36:33 [MAB] event=arm_added ts=1783355793522 policy=UCB1 function=mab_cost_aware_1783355782 arm=x86-tiny arms=[arm-tiny,x86-large,x86-tiny,x86-tiny/gpu/nvidia]
2026/07/06 18:36:33 [MAB] event=select_arm ts=1783355793522 policy=UCB1 function=mab_cost_aware_1783355782 selected_arm=x86-tiny/gpu/nvidia reason=least_tried score=0.000000 total_counts=0 arms=[arm-tiny,x86-large,x86-tiny,x86-tiny/gpu/nvidia]
2026/07/06 18:36:33 [LB][MAB] event=after_select function=mab_cost_aware_1783355782 selected_tag=x86-tiny/gpu/nvidia compatible_tags=[x86-tiny/gpu/nvidia arm-tiny x86-large x86-tiny]
2026/07/06 18:36:33 Candidate has: 512 MB free memory. Function needs: 128 MB
2026/07/06 18:36:33 [LB] Selected target for function 'mab_cost_aware_1783355782': target_tag=x86-tiny/gpu/nvidia candidate=vpsc5EyUeu2bgV5e5BQz2f1783355783477036272 candidate_tag=x86-tiny/gpu/nvidia
2026/07/06 18:36:34 [LB-Update] Node vpsc5EyUeu2bgV5e5BQz2f1783355783477036272 reported 512 MB free
2026/07/06 18:36:34 [MAB] event=skip_cold_start ts=1783355794007 policy=UCB1 function=mab_cost_aware_1783355782 arm=x86-tiny/gpu/nvidia duration_ms=8.070590 reason=cold_start
2026/07/06 18:36:34 [LB] Compatible tag found: function=mab_cost_aware_1783355782 tag=x86-tiny/gpu/nvidia arch=amd64 pattern="" ring_size=1
2026/07/06 18:36:34 [LB] Compatible tag found: function=mab_cost_aware_1783355782 tag=arm-tiny arch=amd64 pattern="" ring_size=1
2026/07/06 18:36:34 [LB] Compatible tag found: function=mab_cost_aware_1783355782 tag=x86-large arch=amd64 pattern="" ring_size=1
2026/07/06 18:36:34 [LB] Compatible tag found: function=mab_cost_aware_1783355782 tag=x86-tiny arch=amd64 pattern="" ring_size=1
2026/07/06 18:36:34 [LB] Compatible tags for function 'mab_cost_aware_1783355782': [x86-tiny/gpu/nvidia arm-tiny x86-large x86-tiny]
2026/07/06 18:36:34 [LB][MAB] event=before_select function=mab_cost_aware_1783355782 compatible_tags=[x86-tiny/gpu/nvidia arm-tiny x86-large x86-tiny] has_context=true
2026/07/06 18:36:34 [MAB] event=select_arm ts=1783355794233 policy=UCB1 function=mab_cost_aware_1783355782 selected_arm=x86-large reason=least_tried score=0.000000 total_counts=0 arms=[arm-tiny,x86-large,x86-tiny,x86-tiny/gpu/nvidia]
2026/07/06 18:36:34 [LB][MAB] event=after_select function=mab_cost_aware_1783355782 selected_tag=x86-large compatible_tags=[x86-tiny/gpu/nvidia arm-tiny x86-large x86-tiny]
2026/07/06 18:36:34 Candidate has: 512 MB free memory. Function needs: 128 MB
2026/07/06 18:36:34 [LB] Selected target for function 'mab_cost_aware_1783355782': target_tag=x86-large candidate=Yfj9dc9aZ5sc6MzJoZmaP61783355783474809800 candidate_tag=x86-large
2026/07/06 18:36:34 [LB]: Periodic targets update
2026/07/06 18:36:34 Found target: Yfj9dc9aZ5sc6MzJoZmaP61783355783474809800
2026/07/06 18:36:34 Found target: WjectcSXtXYALypFSHKKHj1783355783475722225
2026/07/06 18:36:34 Found target: vpsc5EyUeu2bgV5e5BQz2f1783355783477036272
2026/07/06 18:36:34 Found target: RC9BoWr7bsn5ThsQeA6m9d1783355783476196901
2026/07/06 18:36:34 Found 4 targets
2026/07/06 18:36:34 [LB-Update] Node Yfj9dc9aZ5sc6MzJoZmaP61783355783474809800 reported 512 MB free
2026/07/06 18:36:34 [MAB] event=skip_cold_start ts=1783355794732 policy=UCB1 function=mab_cost_aware_1783355782 arm=x86-large duration_ms=5.821607 reason=cold_start
2026/07/06 18:36:34 [LB] Compatible tag found: function=mab_cost_aware_1783355782 tag=x86-tiny/gpu/nvidia arch=amd64 pattern="" ring_size=1
2026/07/06 18:36:34 [LB] Compatible tag found: function=mab_cost_aware_1783355782 tag=arm-tiny arch=amd64 pattern="" ring_size=1
2026/07/06 18:36:34 [LB] Compatible tag found: function=mab_cost_aware_1783355782 tag=x86-large arch=amd64 pattern="" ring_size=1
2026/07/06 18:36:34 [LB] Compatible tag found: function=mab_cost_aware_1783355782 tag=x86-tiny arch=amd64 pattern="" ring_size=1
2026/07/06 18:36:34 [LB] Compatible tags for function 'mab_cost_aware_1783355782': [x86-tiny/gpu/nvidia arm-tiny x86-large x86-tiny]
2026/07/06 18:36:34 [LB][MAB] event=before_select function=mab_cost_aware_1783355782 compatible_tags=[x86-tiny/gpu/nvidia arm-tiny x86-large x86-tiny] has_context=true
2026/07/06 18:36:34 [MAB] event=select_arm ts=1783355794955 policy=UCB1 function=mab_cost_aware_1783355782 selected_arm=x86-tiny/gpu/nvidia reason=least_tried score=0.000000 total_counts=0 arms=[arm-tiny,x86-large,x86-tiny,x86-tiny/gpu/nvidia]
2026/07/06 18:36:34 [LB][MAB] event=after_select function=mab_cost_aware_1783355782 selected_tag=x86-tiny/gpu/nvidia compatible_tags=[x86-tiny/gpu/nvidia arm-tiny x86-large x86-tiny]
2026/07/06 18:36:34 Candidate has: 512 MB free memory. Function needs: 128 MB
2026/07/06 18:36:34 [LB] Selected target for function 'mab_cost_aware_1783355782': target_tag=x86-tiny/gpu/nvidia candidate=vpsc5EyUeu2bgV5e5BQz2f1783355783477036272 candidate_tag=x86-tiny/gpu/nvidia
2026/07/06 18:36:34 [LB-Update] Node vpsc5EyUeu2bgV5e5BQz2f1783355783477036272 reported 512 MB free
2026/07/06 18:36:34 [MAB] event=reward_breakdown ts=1783355794960 policy=UCB1 function=mab_cost_aware_1783355782 arm=x86-tiny/gpu/nvidia base_tag=x86-tiny architecture=x86 specialization=tiny capabilities=[gpu,nvidia] duration_ms=4.237085 latency_reward=-1.443876 cost_weight=0.600000 cost_factor=1.600000 cost_term=0.960000 energy_weight=0.200000 energy_factor=1.800000 energy_term=0.360000 memory_weight=0.000000 memory_penalty=0.000000 memory_term=0.000000 final_reward=-2.763876
2026/07/06 18:36:34 [MAB] event=update_reward ts=1783355794960 policy=UCB1 function=mab_cost_aware_1783355782 arm=x86-tiny/gpu/nvidia duration_ms=4.237085 warm_start=true reward=-2.763876 count=1 avg_reward=-2.763876 total_counts=1
2026/07/06 18:36:35 [LB] Compatible tag found: function=mab_cost_aware_1783355782 tag=x86-tiny/gpu/nvidia arch=amd64 pattern="" ring_size=1
2026/07/06 18:36:35 [LB] Compatible tag found: function=mab_cost_aware_1783355782 tag=arm-tiny arch=amd64 pattern="" ring_size=1
2026/07/06 18:36:35 [LB] Compatible tag found: function=mab_cost_aware_1783355782 tag=x86-large arch=amd64 pattern="" ring_size=1
2026/07/06 18:36:35 [LB] Compatible tag found: function=mab_cost_aware_1783355782 tag=x86-tiny arch=amd64 pattern="" ring_size=1
2026/07/06 18:36:35 [LB] Compatible tags for function 'mab_cost_aware_1783355782': [x86-tiny/gpu/nvidia arm-tiny x86-large x86-tiny]
2026/07/06 18:36:35 [LB][MAB] event=before_select function=mab_cost_aware_1783355782 compatible_tags=[x86-tiny/gpu/nvidia arm-tiny x86-large x86-tiny] has_context=true
2026/07/06 18:36:35 [MAB] event=select_arm ts=1783355795180 policy=UCB1 function=mab_cost_aware_1783355782 selected_arm=arm-tiny reason=least_tried score=0.000000 total_counts=1 arms=[arm-tiny,x86-large,x86-tiny,x86-tiny/gpu/nvidia]
2026/07/06 18:36:35 [LB][MAB] event=after_select function=mab_cost_aware_1783355782 selected_tag=arm-tiny compatible_tags=[x86-tiny/gpu/nvidia arm-tiny x86-large x86-tiny]
2026/07/06 18:36:35 Candidate has: 512 MB free memory. Function needs: 128 MB
2026/07/06 18:36:35 [LB] Selected target for function 'mab_cost_aware_1783355782': target_tag=arm-tiny candidate=RC9BoWr7bsn5ThsQeA6m9d1783355783476196901 candidate_tag=arm-tiny
2026/07/06 18:36:35 [LB-Update] Node RC9BoWr7bsn5ThsQeA6m9d1783355783476196901 reported 512 MB free
2026/07/06 18:36:35 [MAB] event=skip_cold_start ts=1783355795665 policy=UCB1 function=mab_cost_aware_1783355782 arm=arm-tiny duration_ms=7.453780 reason=cold_start
2026/07/06 18:36:35 [LB] Compatible tag found: function=mab_cost_aware_1783355782 tag=x86-tiny/gpu/nvidia arch=amd64 pattern="" ring_size=1
2026/07/06 18:36:35 [LB] Compatible tag found: function=mab_cost_aware_1783355782 tag=arm-tiny arch=amd64 pattern="" ring_size=1
2026/07/06 18:36:35 [LB] Compatible tag found: function=mab_cost_aware_1783355782 tag=x86-large arch=amd64 pattern="" ring_size=1
2026/07/06 18:36:35 [LB] Compatible tag found: function=mab_cost_aware_1783355782 tag=x86-tiny arch=amd64 pattern="" ring_size=1
2026/07/06 18:36:35 [LB] Compatible tags for function 'mab_cost_aware_1783355782': [x86-tiny/gpu/nvidia arm-tiny x86-large x86-tiny]
2026/07/06 18:36:35 [LB][MAB] event=before_select function=mab_cost_aware_1783355782 compatible_tags=[x86-tiny/gpu/nvidia arm-tiny x86-large x86-tiny] has_context=true
2026/07/06 18:36:35 [MAB] event=select_arm ts=1783355795888 policy=UCB1 function=mab_cost_aware_1783355782 selected_arm=arm-tiny reason=least_tried score=0.000000 total_counts=1 arms=[arm-tiny,x86-large,x86-tiny,x86-tiny/gpu/nvidia]
2026/07/06 18:36:35 [LB][MAB] event=after_select function=mab_cost_aware_1783355782 selected_tag=arm-tiny compatible_tags=[x86-tiny/gpu/nvidia arm-tiny x86-large x86-tiny]
2026/07/06 18:36:35 Candidate has: 512 MB free memory. Function needs: 128 MB
2026/07/06 18:36:35 [LB] Selected target for function 'mab_cost_aware_1783355782': target_tag=arm-tiny candidate=RC9BoWr7bsn5ThsQeA6m9d1783355783476196901 candidate_tag=arm-tiny
2026/07/06 18:36:35 [LB-Update] Node RC9BoWr7bsn5ThsQeA6m9d1783355783476196901 reported 512 MB free
2026/07/06 18:36:35 [MAB] event=reward_breakdown ts=1783355795891 policy=UCB1 function=mab_cost_aware_1783355782 arm=arm-tiny base_tag=arm-tiny architecture=arm specialization=tiny capabilities=[] duration_ms=2.520543 latency_reward=-0.924474 cost_weight=0.600000 cost_factor=0.400000 cost_term=0.240000 energy_weight=0.200000 energy_factor=0.600000 energy_term=0.120000 memory_weight=0.000000 memory_penalty=0.000000 memory_term=0.000000 final_reward=-1.284474
2026/07/06 18:36:35 [MAB] event=update_reward ts=1783355795891 policy=UCB1 function=mab_cost_aware_1783355782 arm=arm-tiny duration_ms=2.520543 warm_start=true reward=-1.284474 count=1 avg_reward=-1.284474 total_counts=2
2026/07/06 18:36:36 [LB] Compatible tag found: function=mab_cost_aware_1783355782 tag=x86-tiny/gpu/nvidia arch=amd64 pattern="" ring_size=1
2026/07/06 18:36:36 [LB] Compatible tag found: function=mab_cost_aware_1783355782 tag=arm-tiny arch=amd64 pattern="" ring_size=1
2026/07/06 18:36:36 [LB] Compatible tag found: function=mab_cost_aware_1783355782 tag=x86-large arch=amd64 pattern="" ring_size=1
2026/07/06 18:36:36 [LB] Compatible tag found: function=mab_cost_aware_1783355782 tag=x86-tiny arch=amd64 pattern="" ring_size=1
2026/07/06 18:36:36 [LB] Compatible tags for function 'mab_cost_aware_1783355782': [x86-tiny/gpu/nvidia arm-tiny x86-large x86-tiny]
2026/07/06 18:36:36 [LB][MAB] event=before_select function=mab_cost_aware_1783355782 compatible_tags=[x86-tiny/gpu/nvidia arm-tiny x86-large x86-tiny] has_context=true
2026/07/06 18:36:36 [MAB] event=select_arm ts=1783355796110 policy=UCB1 function=mab_cost_aware_1783355782 selected_arm=x86-large reason=least_tried score=0.000000 total_counts=2 arms=[arm-tiny,x86-large,x86-tiny,x86-tiny/gpu/nvidia]
2026/07/06 18:36:36 [LB][MAB] event=after_select function=mab_cost_aware_1783355782 selected_tag=x86-large compatible_tags=[x86-tiny/gpu/nvidia arm-tiny x86-large x86-tiny]
2026/07/06 18:36:36 Candidate has: 512 MB free memory. Function needs: 128 MB
2026/07/06 18:36:36 [LB] Selected target for function 'mab_cost_aware_1783355782': target_tag=x86-large candidate=Yfj9dc9aZ5sc6MzJoZmaP61783355783474809800 candidate_tag=x86-large
2026/07/06 18:36:36 [LB-Update] Node Yfj9dc9aZ5sc6MzJoZmaP61783355783474809800 reported 512 MB free
2026/07/06 18:36:36 [MAB] event=reward_breakdown ts=1783355796113 policy=UCB1 function=mab_cost_aware_1783355782 arm=x86-large base_tag=x86-large architecture=x86 specialization=large capabilities=[] duration_ms=3.097160 latency_reward=-1.130486 cost_weight=0.600000 cost_factor=1.200000 cost_term=0.720000 energy_weight=0.200000 energy_factor=1.200000 energy_term=0.240000 memory_weight=0.000000 memory_penalty=0.000000 memory_term=0.000000 final_reward=-2.090486
2026/07/06 18:36:36 [MAB] event=update_reward ts=1783355796113 policy=UCB1 function=mab_cost_aware_1783355782 arm=x86-large duration_ms=3.097160 warm_start=true reward=-2.090486 count=1 avg_reward=-2.090486 total_counts=3
2026/07/06 18:36:36 [LB] Compatible tag found: function=mab_cost_aware_1783355782 tag=x86-tiny/gpu/nvidia arch=amd64 pattern="" ring_size=1
2026/07/06 18:36:36 [LB] Compatible tag found: function=mab_cost_aware_1783355782 tag=arm-tiny arch=amd64 pattern="" ring_size=1
2026/07/06 18:36:36 [LB] Compatible tag found: function=mab_cost_aware_1783355782 tag=x86-large arch=amd64 pattern="" ring_size=1
2026/07/06 18:36:36 [LB] Compatible tag found: function=mab_cost_aware_1783355782 tag=x86-tiny arch=amd64 pattern="" ring_size=1
2026/07/06 18:36:36 [LB] Compatible tags for function 'mab_cost_aware_1783355782': [x86-tiny/gpu/nvidia arm-tiny x86-large x86-tiny]
2026/07/06 18:36:36 [LB][MAB] event=before_select function=mab_cost_aware_1783355782 compatible_tags=[x86-tiny/gpu/nvidia arm-tiny x86-large x86-tiny] has_context=true
2026/07/06 18:36:36 [MAB] event=select_arm ts=1783355796334 policy=UCB1 function=mab_cost_aware_1783355782 selected_arm=x86-tiny reason=least_tried score=0.000000 total_counts=3 arms=[arm-tiny,x86-large,x86-tiny,x86-tiny/gpu/nvidia]
2026/07/06 18:36:36 [LB][MAB] event=after_select function=mab_cost_aware_1783355782 selected_tag=x86-tiny compatible_tags=[x86-tiny/gpu/nvidia arm-tiny x86-large x86-tiny]
2026/07/06 18:36:36 Candidate has: 512 MB free memory. Function needs: 128 MB
2026/07/06 18:36:36 [LB] Selected target for function 'mab_cost_aware_1783355782': target_tag=x86-tiny candidate=WjectcSXtXYALypFSHKKHj1783355783475722225 candidate_tag=x86-tiny
2026/07/06 18:36:36 [LB-Update] Node WjectcSXtXYALypFSHKKHj1783355783475722225 reported 512 MB free
2026/07/06 18:36:36 [MAB] event=skip_cold_start ts=1783355796815 policy=UCB1 function=mab_cost_aware_1783355782 arm=x86-tiny duration_ms=6.295724 reason=cold_start
2026/07/06 18:36:37 [LB] Compatible tag found: function=mab_cost_aware_1783355782 tag=x86-tiny/gpu/nvidia arch=amd64 pattern="" ring_size=1
2026/07/06 18:36:37 [LB] Compatible tag found: function=mab_cost_aware_1783355782 tag=arm-tiny arch=amd64 pattern="" ring_size=1
2026/07/06 18:36:37 [LB] Compatible tag found: function=mab_cost_aware_1783355782 tag=x86-large arch=amd64 pattern="" ring_size=1
2026/07/06 18:36:37 [LB] Compatible tag found: function=mab_cost_aware_1783355782 tag=x86-tiny arch=amd64 pattern="" ring_size=1
2026/07/06 18:36:37 [LB] Compatible tags for function 'mab_cost_aware_1783355782': [x86-tiny/gpu/nvidia arm-tiny x86-large x86-tiny]
2026/07/06 18:36:37 [LB][MAB] event=before_select function=mab_cost_aware_1783355782 compatible_tags=[x86-tiny/gpu/nvidia arm-tiny x86-large x86-tiny] has_context=true
2026/07/06 18:36:37 [MAB] event=select_arm ts=1783355797037 policy=UCB1 function=mab_cost_aware_1783355782 selected_arm=x86-tiny reason=least_tried score=0.000000 total_counts=3 arms=[arm-tiny,x86-large,x86-tiny,x86-tiny/gpu/nvidia]
2026/07/06 18:36:37 [LB][MAB] event=after_select function=mab_cost_aware_1783355782 selected_tag=x86-tiny compatible_tags=[x86-tiny/gpu/nvidia arm-tiny x86-large x86-tiny]
2026/07/06 18:36:37 Candidate has: 512 MB free memory. Function needs: 128 MB
2026/07/06 18:36:37 [LB] Selected target for function 'mab_cost_aware_1783355782': target_tag=x86-tiny candidate=WjectcSXtXYALypFSHKKHj1783355783475722225 candidate_tag=x86-tiny
2026/07/06 18:36:37 [LB-Update] Node WjectcSXtXYALypFSHKKHj1783355783475722225 reported 512 MB free
2026/07/06 18:36:37 [MAB] event=reward_breakdown ts=1783355797041 policy=UCB1 function=mab_cost_aware_1783355782 arm=x86-tiny base_tag=x86-tiny architecture=x86 specialization=tiny capabilities=[] duration_ms=3.426189 latency_reward=-1.231449 cost_weight=0.600000 cost_factor=0.400000 cost_term=0.240000 energy_weight=0.200000 energy_factor=1.000000 energy_term=0.200000 memory_weight=0.000000 memory_penalty=0.000000 memory_term=0.000000 final_reward=-1.671449
2026/07/06 18:36:37 [MAB] event=update_reward ts=1783355797041 policy=UCB1 function=mab_cost_aware_1783355782 arm=x86-tiny duration_ms=3.426189 warm_start=true reward=-1.671449 count=1 avg_reward=-1.671449 total_counts=4
2026/07/06 18:36:37 [LB] Compatible tag found: function=mab_cost_aware_1783355782 tag=x86-tiny/gpu/nvidia arch=amd64 pattern="" ring_size=1
2026/07/06 18:36:37 [LB] Compatible tag found: function=mab_cost_aware_1783355782 tag=arm-tiny arch=amd64 pattern="" ring_size=1
2026/07/06 18:36:37 [LB] Compatible tag found: function=mab_cost_aware_1783355782 tag=x86-large arch=amd64 pattern="" ring_size=1
2026/07/06 18:36:37 [LB] Compatible tag found: function=mab_cost_aware_1783355782 tag=x86-tiny arch=amd64 pattern="" ring_size=1
2026/07/06 18:36:37 [LB] Compatible tags for function 'mab_cost_aware_1783355782': [x86-tiny/gpu/nvidia arm-tiny x86-large x86-tiny]
2026/07/06 18:36:37 [LB][MAB] event=before_select function=mab_cost_aware_1783355782 compatible_tags=[x86-tiny/gpu/nvidia arm-tiny x86-large x86-tiny] has_context=true
2026/07/06 18:36:37 [MAB] event=arm_score ts=1783355797263 policy=UCB1 function=mab_cost_aware_1783355782 arm=x86-tiny/gpu/nvidia score=-1.821948 count=1 avg_reward=-2.763876 total_counts=4
2026/07/06 18:36:37 [MAB] event=arm_score ts=1783355797263 policy=UCB1 function=mab_cost_aware_1783355782 arm=arm-tiny score=-0.342546 count=1 avg_reward=-1.284474 total_counts=4
2026/07/06 18:36:37 [MAB] event=arm_score ts=1783355797263 policy=UCB1 function=mab_cost_aware_1783355782 arm=x86-large score=-1.148558 count=1 avg_reward=-2.090486 total_counts=4
2026/07/06 18:36:37 [MAB] event=arm_score ts=1783355797263 policy=UCB1 function=mab_cost_aware_1783355782 arm=x86-tiny score=-0.729521 count=1 avg_reward=-1.671449 total_counts=4
2026/07/06 18:36:37 [MAB] event=select_arm ts=1783355797263 policy=UCB1 function=mab_cost_aware_1783355782 selected_arm=arm-tiny reason=ucb_score score=-0.342546 total_counts=4 arms=[arm-tiny,x86-large,x86-tiny,x86-tiny/gpu/nvidia]
2026/07/06 18:36:37 [LB][MAB] event=after_select function=mab_cost_aware_1783355782 selected_tag=arm-tiny compatible_tags=[x86-tiny/gpu/nvidia arm-tiny x86-large x86-tiny]
2026/07/06 18:36:37 Candidate has: 512 MB free memory. Function needs: 128 MB
2026/07/06 18:36:37 [LB] Selected target for function 'mab_cost_aware_1783355782': target_tag=arm-tiny candidate=RC9BoWr7bsn5ThsQeA6m9d1783355783476196901 candidate_tag=arm-tiny
2026/07/06 18:36:37 [LB-Update] Node RC9BoWr7bsn5ThsQeA6m9d1783355783476196901 reported 512 MB free
2026/07/06 18:36:37 [MAB] event=reward_breakdown ts=1783355797266 policy=UCB1 function=mab_cost_aware_1783355782 arm=arm-tiny base_tag=arm-tiny architecture=arm specialization=tiny capabilities=[] duration_ms=2.973492 latency_reward=-1.089737 cost_weight=0.600000 cost_factor=0.400000 cost_term=0.240000 energy_weight=0.200000 energy_factor=0.600000 energy_term=0.120000 memory_weight=0.000000 memory_penalty=0.000000 memory_term=0.000000 final_reward=-1.449737
2026/07/06 18:36:37 [MAB] event=update_reward ts=1783355797266 policy=UCB1 function=mab_cost_aware_1783355782 arm=arm-tiny duration_ms=2.973492 warm_start=true reward=-1.449737 count=2 avg_reward=-1.367106 total_counts=5
2026/07/06 18:36:37 [LB] Compatible tag found: function=mab_cost_aware_1783355782 tag=x86-tiny/gpu/nvidia arch=amd64 pattern="" ring_size=1
2026/07/06 18:36:37 [LB] Compatible tag found: function=mab_cost_aware_1783355782 tag=arm-tiny arch=amd64 pattern="" ring_size=1
2026/07/06 18:36:37 [LB] Compatible tag found: function=mab_cost_aware_1783355782 tag=x86-large arch=amd64 pattern="" ring_size=1
2026/07/06 18:36:37 [LB] Compatible tag found: function=mab_cost_aware_1783355782 tag=x86-tiny arch=amd64 pattern="" ring_size=1
2026/07/06 18:36:37 [LB] Compatible tags for function 'mab_cost_aware_1783355782': [x86-tiny/gpu/nvidia arm-tiny x86-large x86-tiny]
2026/07/06 18:36:37 [LB][MAB] event=before_select function=mab_cost_aware_1783355782 compatible_tags=[x86-tiny/gpu/nvidia arm-tiny x86-large x86-tiny] has_context=true
2026/07/06 18:36:37 [MAB] event=arm_score ts=1783355797487 policy=UCB1 function=mab_cost_aware_1783355782 arm=x86-tiny/gpu/nvidia score=-1.748967 count=1 avg_reward=-2.763876 total_counts=5
2026/07/06 18:36:37 [MAB] event=arm_score ts=1783355797487 policy=UCB1 function=mab_cost_aware_1783355782 arm=arm-tiny score=-0.649457 count=2 avg_reward=-1.367106 total_counts=5
2026/07/06 18:36:37 [MAB] event=arm_score ts=1783355797487 policy=UCB1 function=mab_cost_aware_1783355782 arm=x86-large score=-1.075577 count=1 avg_reward=-2.090486 total_counts=5
2026/07/06 18:36:37 [MAB] event=arm_score ts=1783355797487 policy=UCB1 function=mab_cost_aware_1783355782 arm=x86-tiny score=-0.656540 count=1 avg_reward=-1.671449 total_counts=5
2026/07/06 18:36:37 [MAB] event=select_arm ts=1783355797487 policy=UCB1 function=mab_cost_aware_1783355782 selected_arm=arm-tiny reason=ucb_score score=-0.649457 total_counts=5 arms=[arm-tiny,x86-large,x86-tiny,x86-tiny/gpu/nvidia]
2026/07/06 18:36:37 [LB][MAB] event=after_select function=mab_cost_aware_1783355782 selected_tag=arm-tiny compatible_tags=[x86-tiny/gpu/nvidia arm-tiny x86-large x86-tiny]
2026/07/06 18:36:37 Candidate has: 512 MB free memory. Function needs: 128 MB
2026/07/06 18:36:37 [LB] Selected target for function 'mab_cost_aware_1783355782': target_tag=arm-tiny candidate=RC9BoWr7bsn5ThsQeA6m9d1783355783476196901 candidate_tag=arm-tiny
2026/07/06 18:36:37 [LB-Update] Node RC9BoWr7bsn5ThsQeA6m9d1783355783476196901 reported 512 MB free
2026/07/06 18:36:37 [MAB] event=reward_breakdown ts=1783355797492 policy=UCB1 function=mab_cost_aware_1783355782 arm=arm-tiny base_tag=arm-tiny architecture=arm specialization=tiny capabilities=[] duration_ms=3.449805 latency_reward=-1.238318 cost_weight=0.600000 cost_factor=0.400000 cost_term=0.240000 energy_weight=0.200000 energy_factor=0.600000 energy_term=0.120000 memory_weight=0.000000 memory_penalty=0.000000 memory_term=0.000000 final_reward=-1.598318
2026/07/06 18:36:37 [MAB] event=update_reward ts=1783355797492 policy=UCB1 function=mab_cost_aware_1783355782 arm=arm-tiny duration_ms=3.449805 warm_start=true reward=-1.598318 count=3 avg_reward=-1.444176 total_counts=6
2026/07/06 18:36:37 [LB]: Periodic targets update
2026/07/06 18:36:37 Found target: RC9BoWr7bsn5ThsQeA6m9d1783355783476196901
2026/07/06 18:36:37 Found target: Yfj9dc9aZ5sc6MzJoZmaP61783355783474809800
2026/07/06 18:36:37 Found target: WjectcSXtXYALypFSHKKHj1783355783475722225
2026/07/06 18:36:37 Found target: vpsc5EyUeu2bgV5e5BQz2f1783355783477036272
2026/07/06 18:36:37 Found 4 targets
2026/07/06 18:36:37 [LB] Compatible tag found: function=mab_cost_aware_1783355782 tag=x86-tiny/gpu/nvidia arch=amd64 pattern="" ring_size=1
2026/07/06 18:36:37 [LB] Compatible tag found: function=mab_cost_aware_1783355782 tag=arm-tiny arch=amd64 pattern="" ring_size=1
2026/07/06 18:36:37 [LB] Compatible tag found: function=mab_cost_aware_1783355782 tag=x86-large arch=amd64 pattern="" ring_size=1
2026/07/06 18:36:37 [LB] Compatible tag found: function=mab_cost_aware_1783355782 tag=x86-tiny arch=amd64 pattern="" ring_size=1
2026/07/06 18:36:37 [LB] Compatible tags for function 'mab_cost_aware_1783355782': [x86-tiny/gpu/nvidia arm-tiny x86-large x86-tiny]
2026/07/06 18:36:37 [LB][MAB] event=before_select function=mab_cost_aware_1783355782 compatible_tags=[x86-tiny/gpu/nvidia arm-tiny x86-large x86-tiny] has_context=true
2026/07/06 18:36:37 [MAB] event=arm_score ts=1783355797713 policy=UCB1 function=mab_cost_aware_1783355782 arm=x86-tiny/gpu/nvidia score=-1.693023 count=1 avg_reward=-2.763876 total_counts=6
2026/07/06 18:36:37 [MAB] event=arm_score ts=1783355797713 policy=UCB1 function=mab_cost_aware_1783355782 arm=arm-tiny score=-0.825919 count=3 avg_reward=-1.444176 total_counts=6
2026/07/06 18:36:37 [MAB] event=arm_score ts=1783355797713 policy=UCB1 function=mab_cost_aware_1783355782 arm=x86-large score=-1.019633 count=1 avg_reward=-2.090486 total_counts=6
2026/07/06 18:36:37 [MAB] event=arm_score ts=1783355797713 policy=UCB1 function=mab_cost_aware_1783355782 arm=x86-tiny score=-0.600596 count=1 avg_reward=-1.671449 total_counts=6
2026/07/06 18:36:37 [MAB] event=select_arm ts=1783355797713 policy=UCB1 function=mab_cost_aware_1783355782 selected_arm=x86-tiny reason=ucb_score score=-0.600596 total_counts=6 arms=[arm-tiny,x86-large,x86-tiny,x86-tiny/gpu/nvidia]
2026/07/06 18:36:37 [LB][MAB] event=after_select function=mab_cost_aware_1783355782 selected_tag=x86-tiny compatible_tags=[x86-tiny/gpu/nvidia arm-tiny x86-large x86-tiny]
2026/07/06 18:36:37 Candidate has: 512 MB free memory. Function needs: 128 MB
2026/07/06 18:36:37 [LB] Selected target for function 'mab_cost_aware_1783355782': target_tag=x86-tiny candidate=WjectcSXtXYALypFSHKKHj1783355783475722225 candidate_tag=x86-tiny
2026/07/06 18:36:37 [LB-Update] Node WjectcSXtXYALypFSHKKHj1783355783475722225 reported 512 MB free
2026/07/06 18:36:37 [MAB] event=reward_breakdown ts=1783355797718 policy=UCB1 function=mab_cost_aware_1783355782 arm=x86-tiny base_tag=x86-tiny architecture=x86 specialization=tiny capabilities=[] duration_ms=3.516353 latency_reward=-1.257424 cost_weight=0.600000 cost_factor=0.400000 cost_term=0.240000 energy_weight=0.200000 energy_factor=1.000000 energy_term=0.200000 memory_weight=0.000000 memory_penalty=0.000000 memory_term=0.000000 final_reward=-1.697424
2026/07/06 18:36:37 [MAB] event=update_reward ts=1783355797718 policy=UCB1 function=mab_cost_aware_1783355782 arm=x86-tiny duration_ms=3.516353 warm_start=true reward=-1.697424 count=2 avg_reward=-1.684436 total_counts=7
2026/07/06 18:36:37 [LB] Compatible tag found: function=mab_cost_aware_1783355782 tag=x86-tiny/gpu/nvidia arch=amd64 pattern="" ring_size=1
2026/07/06 18:36:37 [LB] Compatible tag found: function=mab_cost_aware_1783355782 tag=arm-tiny arch=amd64 pattern="" ring_size=1
2026/07/06 18:36:37 [LB] Compatible tag found: function=mab_cost_aware_1783355782 tag=x86-large arch=amd64 pattern="" ring_size=1
2026/07/06 18:36:37 [LB] Compatible tag found: function=mab_cost_aware_1783355782 tag=x86-tiny arch=amd64 pattern="" ring_size=1
2026/07/06 18:36:37 [LB] Compatible tags for function 'mab_cost_aware_1783355782': [x86-tiny/gpu/nvidia arm-tiny x86-large x86-tiny]
2026/07/06 18:36:37 [LB][MAB] event=before_select function=mab_cost_aware_1783355782 compatible_tags=[x86-tiny/gpu/nvidia arm-tiny x86-large x86-tiny] has_context=true
2026/07/06 18:36:37 [MAB] event=arm_score ts=1783355797938 policy=UCB1 function=mab_cost_aware_1783355782 arm=x86-tiny/gpu/nvidia score=-1.647908 count=1 avg_reward=-2.763876 total_counts=7
2026/07/06 18:36:37 [MAB] event=arm_score ts=1783355797938 policy=UCB1 function=mab_cost_aware_1783355782 arm=arm-tiny score=-0.799872 count=3 avg_reward=-1.444176 total_counts=7
2026/07/06 18:36:37 [MAB] event=arm_score ts=1783355797938 policy=UCB1 function=mab_cost_aware_1783355782 arm=x86-large score=-0.974518 count=1 avg_reward=-2.090486 total_counts=7
2026/07/06 18:36:37 [MAB] event=arm_score ts=1783355797938 policy=UCB1 function=mab_cost_aware_1783355782 arm=x86-tiny score=-0.895329 count=2 avg_reward=-1.684436 total_counts=7
2026/07/06 18:36:37 [MAB] event=select_arm ts=1783355797938 policy=UCB1 function=mab_cost_aware_1783355782 selected_arm=arm-tiny reason=ucb_score score=-0.799872 total_counts=7 arms=[arm-tiny,x86-large,x86-tiny,x86-tiny/gpu/nvidia]
2026/07/06 18:36:37 [LB][MAB] event=after_select function=mab_cost_aware_1783355782 selected_tag=arm-tiny compatible_tags=[x86-tiny/gpu/nvidia arm-tiny x86-large x86-tiny]
2026/07/06 18:36:37 Candidate has: 512 MB free memory. Function needs: 128 MB
2026/07/06 18:36:37 [LB] Selected target for function 'mab_cost_aware_1783355782': target_tag=arm-tiny candidate=RC9BoWr7bsn5ThsQeA6m9d1783355783476196901 candidate_tag=arm-tiny
2026/07/06 18:36:37 [LB-Update] Node RC9BoWr7bsn5ThsQeA6m9d1783355783476196901 reported 512 MB free
2026/07/06 18:36:37 [MAB] event=reward_breakdown ts=1783355797942 policy=UCB1 function=mab_cost_aware_1783355782 arm=arm-tiny base_tag=arm-tiny architecture=arm specialization=tiny capabilities=[] duration_ms=3.267837 latency_reward=-1.184128 cost_weight=0.600000 cost_factor=0.400000 cost_term=0.240000 energy_weight=0.200000 energy_factor=0.600000 energy_term=0.120000 memory_weight=0.000000 memory_penalty=0.000000 memory_term=0.000000 final_reward=-1.544128
2026/07/06 18:36:37 [MAB] event=update_reward ts=1783355797942 policy=UCB1 function=mab_cost_aware_1783355782 arm=arm-tiny duration_ms=3.267837 warm_start=true reward=-1.544128 count=4 avg_reward=-1.469164 total_counts=8
2026/07/06 18:36:38 [LB] Compatible tag found: function=mab_cost_aware_1783355782 tag=x86-tiny/gpu/nvidia arch=amd64 pattern="" ring_size=1
2026/07/06 18:36:38 [LB] Compatible tag found: function=mab_cost_aware_1783355782 tag=arm-tiny arch=amd64 pattern="" ring_size=1
2026/07/06 18:36:38 [LB] Compatible tag found: function=mab_cost_aware_1783355782 tag=x86-large arch=amd64 pattern="" ring_size=1
2026/07/06 18:36:38 [LB] Compatible tag found: function=mab_cost_aware_1783355782 tag=x86-tiny arch=amd64 pattern="" ring_size=1
2026/07/06 18:36:38 [LB] Compatible tags for function 'mab_cost_aware_1783355782': [x86-tiny/gpu/nvidia arm-tiny x86-large x86-tiny]
2026/07/06 18:36:38 [LB][MAB] event=before_select function=mab_cost_aware_1783355782 compatible_tags=[x86-tiny/gpu/nvidia arm-tiny x86-large x86-tiny] has_context=true
2026/07/06 18:36:38 [MAB] event=arm_score ts=1783355798163 policy=UCB1 function=mab_cost_aware_1783355782 arm=x86-large score=-0.936864 count=1 avg_reward=-2.090486 total_counts=8
2026/07/06 18:36:38 [MAB] event=arm_score ts=1783355798163 policy=UCB1 function=mab_cost_aware_1783355782 arm=x86-tiny score=-0.868703 count=2 avg_reward=-1.684436 total_counts=8
2026/07/06 18:36:38 [MAB] event=arm_score ts=1783355798163 policy=UCB1 function=mab_cost_aware_1783355782 arm=x86-tiny/gpu/nvidia score=-1.610254 count=1 avg_reward=-2.763876 total_counts=8
2026/07/06 18:36:38 [MAB] event=arm_score ts=1783355798163 policy=UCB1 function=mab_cost_aware_1783355782 arm=arm-tiny score=-0.892354 count=4 avg_reward=-1.469164 total_counts=8
2026/07/06 18:36:38 [MAB] event=select_arm ts=1783355798163 policy=UCB1 function=mab_cost_aware_1783355782 selected_arm=x86-tiny reason=ucb_score score=-0.868703 total_counts=8 arms=[arm-tiny,x86-large,x86-tiny,x86-tiny/gpu/nvidia]
2026/07/06 18:36:38 [LB][MAB] event=after_select function=mab_cost_aware_1783355782 selected_tag=x86-tiny compatible_tags=[x86-tiny/gpu/nvidia arm-tiny x86-large x86-tiny]
2026/07/06 18:36:38 Candidate has: 512 MB free memory. Function needs: 128 MB
2026/07/06 18:36:38 [LB] Selected target for function 'mab_cost_aware_1783355782': target_tag=x86-tiny candidate=WjectcSXtXYALypFSHKKHj1783355783475722225 candidate_tag=x86-tiny
2026/07/06 18:36:38 [LB-Update] Node WjectcSXtXYALypFSHKKHj1783355783475722225 reported 512 MB free
2026/07/06 18:36:38 [MAB] event=reward_breakdown ts=1783355798168 policy=UCB1 function=mab_cost_aware_1783355782 arm=x86-tiny base_tag=x86-tiny architecture=x86 specialization=tiny capabilities=[] duration_ms=3.322023 latency_reward=-1.200574 cost_weight=0.600000 cost_factor=0.400000 cost_term=0.240000 energy_weight=0.200000 energy_factor=1.000000 energy_term=0.200000 memory_weight=0.000000 memory_penalty=0.000000 memory_term=0.000000 final_reward=-1.640574
2026/07/06 18:36:38 [MAB] event=update_reward ts=1783355798168 policy=UCB1 function=mab_cost_aware_1783355782 arm=x86-tiny duration_ms=3.322023 warm_start=true reward=-1.640574 count=3 avg_reward=-1.669816 total_counts=9
2026/07/06 18:36:38 [LB] Compatible tag found: function=mab_cost_aware_1783355782 tag=x86-tiny/gpu/nvidia arch=amd64 pattern="" ring_size=1
2026/07/06 18:36:38 [LB] Compatible tag found: function=mab_cost_aware_1783355782 tag=arm-tiny arch=amd64 pattern="" ring_size=1
2026/07/06 18:36:38 [LB] Compatible tag found: function=mab_cost_aware_1783355782 tag=x86-large arch=amd64 pattern="" ring_size=1
2026/07/06 18:36:38 [LB] Compatible tag found: function=mab_cost_aware_1783355782 tag=x86-tiny arch=amd64 pattern="" ring_size=1
2026/07/06 18:36:38 [LB] Compatible tags for function 'mab_cost_aware_1783355782': [x86-tiny/gpu/nvidia arm-tiny x86-large x86-tiny]
2026/07/06 18:36:38 [LB][MAB] event=before_select function=mab_cost_aware_1783355782 compatible_tags=[x86-tiny/gpu/nvidia arm-tiny x86-large x86-tiny] has_context=true
2026/07/06 18:36:38 [MAB] event=arm_score ts=1783355798388 policy=UCB1 function=mab_cost_aware_1783355782 arm=x86-tiny/gpu/nvidia score=-1.578032 count=1 avg_reward=-2.763876 total_counts=9
2026/07/06 18:36:38 [MAB] event=arm_score ts=1783355798388 policy=UCB1 function=mab_cost_aware_1783355782 arm=arm-tiny score=-0.876243 count=4 avg_reward=-1.469164 total_counts=9
2026/07/06 18:36:38 [MAB] event=arm_score ts=1783355798388 policy=UCB1 function=mab_cost_aware_1783355782 arm=x86-large score=-0.904643 count=1 avg_reward=-2.090486 total_counts=9
2026/07/06 18:36:38 [MAB] event=arm_score ts=1783355798388 policy=UCB1 function=mab_cost_aware_1783355782 arm=x86-tiny score=-0.985169 count=3 avg_reward=-1.669816 total_counts=9
2026/07/06 18:36:38 [MAB] event=select_arm ts=1783355798388 policy=UCB1 function=mab_cost_aware_1783355782 selected_arm=arm-tiny reason=ucb_score score=-0.876243 total_counts=9 arms=[arm-tiny,x86-large,x86-tiny,x86-tiny/gpu/nvidia]
2026/07/06 18:36:38 [LB][MAB] event=after_select function=mab_cost_aware_1783355782 selected_tag=arm-tiny compatible_tags=[x86-tiny/gpu/nvidia arm-tiny x86-large x86-tiny]
2026/07/06 18:36:38 Candidate has: 512 MB free memory. Function needs: 128 MB
2026/07/06 18:36:38 [LB] Selected target for function 'mab_cost_aware_1783355782': target_tag=arm-tiny candidate=RC9BoWr7bsn5ThsQeA6m9d1783355783476196901 candidate_tag=arm-tiny
2026/07/06 18:36:38 [LB-Update] Node RC9BoWr7bsn5ThsQeA6m9d1783355783476196901 reported 512 MB free
2026/07/06 18:36:38 [MAB] event=reward_breakdown ts=1783355798393 policy=UCB1 function=mab_cost_aware_1783355782 arm=arm-tiny base_tag=arm-tiny architecture=arm specialization=tiny capabilities=[] duration_ms=3.275675 latency_reward=-1.186524 cost_weight=0.600000 cost_factor=0.400000 cost_term=0.240000 energy_weight=0.200000 energy_factor=0.600000 energy_term=0.120000 memory_weight=0.000000 memory_penalty=0.000000 memory_term=0.000000 final_reward=-1.546524
2026/07/06 18:36:38 [MAB] event=update_reward ts=1783355798393 policy=UCB1 function=mab_cost_aware_1783355782 arm=arm-tiny duration_ms=3.275675 warm_start=true reward=-1.546524 count=5 avg_reward=-1.484636 total_counts=10
2026/07/06 18:36:38 [LB] Compatible tag found: function=mab_cost_aware_1783355782 tag=x86-tiny/gpu/nvidia arch=amd64 pattern="" ring_size=1
2026/07/06 18:36:38 [LB] Compatible tag found: function=mab_cost_aware_1783355782 tag=arm-tiny arch=amd64 pattern="" ring_size=1
2026/07/06 18:36:38 [LB] Compatible tag found: function=mab_cost_aware_1783355782 tag=x86-large arch=amd64 pattern="" ring_size=1
2026/07/06 18:36:38 [LB] Compatible tag found: function=mab_cost_aware_1783355782 tag=x86-tiny arch=amd64 pattern="" ring_size=1
2026/07/06 18:36:38 [LB] Compatible tags for function 'mab_cost_aware_1783355782': [x86-tiny/gpu/nvidia arm-tiny x86-large x86-tiny]
2026/07/06 18:36:38 [LB][MAB] event=before_select function=mab_cost_aware_1783355782 compatible_tags=[x86-tiny/gpu/nvidia arm-tiny x86-large x86-tiny] has_context=true
2026/07/06 18:36:38 [MAB] event=arm_score ts=1783355798611 policy=UCB1 function=mab_cost_aware_1783355782 arm=x86-tiny/gpu/nvidia score=-1.549934 count=1 avg_reward=-2.763876 total_counts=10
2026/07/06 18:36:38 [MAB] event=arm_score ts=1783355798611 policy=UCB1 function=mab_cost_aware_1783355782 arm=arm-tiny score=-0.941745 count=5 avg_reward=-1.484636 total_counts=10
2026/07/06 18:36:38 [MAB] event=arm_score ts=1783355798611 policy=UCB1 function=mab_cost_aware_1783355782 arm=x86-large score=-0.876544 count=1 avg_reward=-2.090486 total_counts=10
2026/07/06 18:36:38 [MAB] event=arm_score ts=1783355798611 policy=UCB1 function=mab_cost_aware_1783355782 arm=x86-tiny score=-0.968946 count=3 avg_reward=-1.669816 total_counts=10
2026/07/06 18:36:38 [MAB] event=select_arm ts=1783355798611 policy=UCB1 function=mab_cost_aware_1783355782 selected_arm=x86-large reason=ucb_score score=-0.876544 total_counts=10 arms=[arm-tiny,x86-large,x86-tiny,x86-tiny/gpu/nvidia]
2026/07/06 18:36:38 [LB][MAB] event=after_select function=mab_cost_aware_1783355782 selected_tag=x86-large compatible_tags=[x86-tiny/gpu/nvidia arm-tiny x86-large x86-tiny]
2026/07/06 18:36:38 Candidate has: 512 MB free memory. Function needs: 128 MB
2026/07/06 18:36:38 [LB] Selected target for function 'mab_cost_aware_1783355782': target_tag=x86-large candidate=Yfj9dc9aZ5sc6MzJoZmaP61783355783474809800 candidate_tag=x86-large
2026/07/06 18:36:38 [LB-Update] Node Yfj9dc9aZ5sc6MzJoZmaP61783355783474809800 reported 512 MB free
2026/07/06 18:36:38 [MAB] event=reward_breakdown ts=1783355798616 policy=UCB1 function=mab_cost_aware_1783355782 arm=x86-large base_tag=x86-large architecture=x86 specialization=large capabilities=[] duration_ms=4.401223 latency_reward=-1.481882 cost_weight=0.600000 cost_factor=1.200000 cost_term=0.720000 energy_weight=0.200000 energy_factor=1.200000 energy_term=0.240000 memory_weight=0.000000 memory_penalty=0.000000 memory_term=0.000000 final_reward=-2.441882
2026/07/06 18:36:38 [MAB] event=update_reward ts=1783355798616 policy=UCB1 function=mab_cost_aware_1783355782 arm=x86-large duration_ms=4.401223 warm_start=true reward=-2.441882 count=2 avg_reward=-2.266184 total_counts=11
2026/07/06 18:36:38 [LB] Compatible tag found: function=mab_cost_aware_1783355782 tag=x86-tiny/gpu/nvidia arch=amd64 pattern="" ring_size=1
2026/07/06 18:36:38 [LB] Compatible tag found: function=mab_cost_aware_1783355782 tag=arm-tiny arch=amd64 pattern="" ring_size=1
2026/07/06 18:36:38 [LB] Compatible tag found: function=mab_cost_aware_1783355782 tag=x86-large arch=amd64 pattern="" ring_size=1
2026/07/06 18:36:38 [LB] Compatible tag found: function=mab_cost_aware_1783355782 tag=x86-tiny arch=amd64 pattern="" ring_size=1
2026/07/06 18:36:38 [LB] Compatible tags for function 'mab_cost_aware_1783355782': [x86-tiny/gpu/nvidia arm-tiny x86-large x86-tiny]
2026/07/06 18:36:38 [LB][MAB] event=before_select function=mab_cost_aware_1783355782 compatible_tags=[x86-tiny/gpu/nvidia arm-tiny x86-large x86-tiny] has_context=true
2026/07/06 18:36:38 [MAB] event=arm_score ts=1783355798840 policy=UCB1 function=mab_cost_aware_1783355782 arm=x86-tiny/gpu/nvidia score=-1.525064 count=1 avg_reward=-2.763876 total_counts=11
2026/07/06 18:36:38 [MAB] event=arm_score ts=1783355798840 policy=UCB1 function=mab_cost_aware_1783355782 arm=arm-tiny score=-0.930623 count=5 avg_reward=-1.484636 total_counts=11
2026/07/06 18:36:38 [MAB] event=arm_score ts=1783355798840 policy=UCB1 function=mab_cost_aware_1783355782 arm=x86-large score=-1.390212 count=2 avg_reward=-2.266184 total_counts=11
2026/07/06 18:36:38 [MAB] event=arm_score ts=1783355798840 policy=UCB1 function=mab_cost_aware_1783355782 arm=x86-tiny score=-0.954588 count=3 avg_reward=-1.669816 total_counts=11
2026/07/06 18:36:38 [MAB] event=select_arm ts=1783355798840 policy=UCB1 function=mab_cost_aware_1783355782 selected_arm=arm-tiny reason=ucb_score score=-0.930623 total_counts=11 arms=[arm-tiny,x86-large,x86-tiny,x86-tiny/gpu/nvidia]
2026/07/06 18:36:38 [LB][MAB] event=after_select function=mab_cost_aware_1783355782 selected_tag=arm-tiny compatible_tags=[x86-tiny/gpu/nvidia arm-tiny x86-large x86-tiny]
2026/07/06 18:36:38 Candidate has: 512 MB free memory. Function needs: 128 MB
2026/07/06 18:36:38 [LB] Selected target for function 'mab_cost_aware_1783355782': target_tag=arm-tiny candidate=RC9BoWr7bsn5ThsQeA6m9d1783355783476196901 candidate_tag=arm-tiny
2026/07/06 18:36:38 [LB-Update] Node RC9BoWr7bsn5ThsQeA6m9d1783355783476196901 reported 512 MB free
2026/07/06 18:36:38 [MAB] event=reward_breakdown ts=1783355798844 policy=UCB1 function=mab_cost_aware_1783355782 arm=arm-tiny base_tag=arm-tiny architecture=arm specialization=tiny capabilities=[] duration_ms=3.167987 latency_reward=-1.153096 cost_weight=0.600000 cost_factor=0.400000 cost_term=0.240000 energy_weight=0.200000 energy_factor=0.600000 energy_term=0.120000 memory_weight=0.000000 memory_penalty=0.000000 memory_term=0.000000 final_reward=-1.513096
2026/07/06 18:36:38 [MAB] event=update_reward ts=1783355798844 policy=UCB1 function=mab_cost_aware_1783355782 arm=arm-tiny duration_ms=3.167987 warm_start=true reward=-1.513096 count=6 avg_reward=-1.489380 total_counts=12
2026/07/06 18:36:39 [LB] Compatible tag found: function=mab_cost_aware_1783355782 tag=x86-tiny/gpu/nvidia arch=amd64 pattern="" ring_size=1
2026/07/06 18:36:39 [LB] Compatible tag found: function=mab_cost_aware_1783355782 tag=arm-tiny arch=amd64 pattern="" ring_size=1
2026/07/06 18:36:39 [LB] Compatible tag found: function=mab_cost_aware_1783355782 tag=x86-large arch=amd64 pattern="" ring_size=1
2026/07/06 18:36:39 [LB] Compatible tag found: function=mab_cost_aware_1783355782 tag=x86-tiny arch=amd64 pattern="" ring_size=1
2026/07/06 18:36:39 [LB] Compatible tags for function 'mab_cost_aware_1783355782': [x86-tiny/gpu/nvidia arm-tiny x86-large x86-tiny]
2026/07/06 18:36:39 [LB][MAB] event=before_select function=mab_cost_aware_1783355782 compatible_tags=[x86-tiny/gpu/nvidia arm-tiny x86-large x86-tiny] has_context=true
2026/07/06 18:36:39 [MAB] event=arm_score ts=1783355799065 policy=UCB1 function=mab_cost_aware_1783355782 arm=x86-tiny/gpu/nvidia score=-1.502789 count=1 avg_reward=-2.763876 total_counts=12
2026/07/06 18:36:39 [MAB] event=arm_score ts=1783355799065 policy=UCB1 function=mab_cost_aware_1783355782 arm=arm-tiny score=-0.974543 count=6 avg_reward=-1.489380 total_counts=12
2026/07/06 18:36:39 [MAB] event=arm_score ts=1783355799065 policy=UCB1 function=mab_cost_aware_1783355782 arm=x86-large score=-1.374461 count=2 avg_reward=-2.266184 total_counts=12
2026/07/06 18:36:39 [MAB] event=arm_score ts=1783355799065 policy=UCB1 function=mab_cost_aware_1783355782 arm=x86-tiny score=-0.941727 count=3 avg_reward=-1.669816 total_counts=12
2026/07/06 18:36:39 [MAB] event=select_arm ts=1783355799065 policy=UCB1 function=mab_cost_aware_1783355782 selected_arm=x86-tiny reason=ucb_score score=-0.941727 total_counts=12 arms=[arm-tiny,x86-large,x86-tiny,x86-tiny/gpu/nvidia]
2026/07/06 18:36:39 [LB][MAB] event=after_select function=mab_cost_aware_1783355782 selected_tag=x86-tiny compatible_tags=[x86-tiny/gpu/nvidia arm-tiny x86-large x86-tiny]
2026/07/06 18:36:39 Candidate has: 512 MB free memory. Function needs: 128 MB
2026/07/06 18:36:39 [LB] Selected target for function 'mab_cost_aware_1783355782': target_tag=x86-tiny candidate=WjectcSXtXYALypFSHKKHj1783355783475722225 candidate_tag=x86-tiny
2026/07/06 18:36:39 [LB-Update] Node WjectcSXtXYALypFSHKKHj1783355783475722225 reported 512 MB free
2026/07/06 18:36:39 [MAB] event=reward_breakdown ts=1783355799069 policy=UCB1 function=mab_cost_aware_1783355782 arm=x86-tiny base_tag=x86-tiny architecture=x86 specialization=tiny capabilities=[] duration_ms=3.601957 latency_reward=-1.281477 cost_weight=0.600000 cost_factor=0.400000 cost_term=0.240000 energy_weight=0.200000 energy_factor=1.000000 energy_term=0.200000 memory_weight=0.000000 memory_penalty=0.000000 memory_term=0.000000 final_reward=-1.721477
2026/07/06 18:36:39 [MAB] event=update_reward ts=1783355799069 policy=UCB1 function=mab_cost_aware_1783355782 arm=x86-tiny duration_ms=3.601957 warm_start=true reward=-1.721477 count=4 avg_reward=-1.682731 total_counts=13
2026/07/06 18:36:39 [LB] Compatible tag found: function=mab_cost_aware_1783355782 tag=x86-tiny/gpu/nvidia arch=amd64 pattern="" ring_size=1
2026/07/06 18:36:39 [LB] Compatible tag found: function=mab_cost_aware_1783355782 tag=arm-tiny arch=amd64 pattern="" ring_size=1
2026/07/06 18:36:39 [LB] Compatible tag found: function=mab_cost_aware_1783355782 tag=x86-large arch=amd64 pattern="" ring_size=1
2026/07/06 18:36:39 [LB] Compatible tag found: function=mab_cost_aware_1783355782 tag=x86-tiny arch=amd64 pattern="" ring_size=1
2026/07/06 18:36:39 [LB] Compatible tags for function 'mab_cost_aware_1783355782': [x86-tiny/gpu/nvidia arm-tiny x86-large x86-tiny]
2026/07/06 18:36:39 [LB][MAB] event=before_select function=mab_cost_aware_1783355782 compatible_tags=[x86-tiny/gpu/nvidia arm-tiny x86-large x86-tiny] has_context=true
2026/07/06 18:36:39 [MAB] event=arm_score ts=1783355799290 policy=UCB1 function=mab_cost_aware_1783355782 arm=x86-tiny score=-1.042113 count=4 avg_reward=-1.682731 total_counts=13
2026/07/06 18:36:39 [MAB] event=arm_score ts=1783355799290 policy=UCB1 function=mab_cost_aware_1783355782 arm=x86-tiny/gpu/nvidia score=-1.482639 count=1 avg_reward=-2.763876 total_counts=13
2026/07/06 18:36:39 [MAB] event=arm_score ts=1783355799290 policy=UCB1 function=mab_cost_aware_1783355782 arm=arm-tiny score=-0.966317 count=6 avg_reward=-1.489380 total_counts=13
2026/07/06 18:36:39 [MAB] event=arm_score ts=1783355799290 policy=UCB1 function=mab_cost_aware_1783355782 arm=x86-large score=-1.360213 count=2 avg_reward=-2.266184 total_counts=13
2026/07/06 18:36:39 [MAB] event=select_arm ts=1783355799290 policy=UCB1 function=mab_cost_aware_1783355782 selected_arm=arm-tiny reason=ucb_score score=-0.966317 total_counts=13 arms=[arm-tiny,x86-large,x86-tiny,x86-tiny/gpu/nvidia]
2026/07/06 18:36:39 [LB][MAB] event=after_select function=mab_cost_aware_1783355782 selected_tag=arm-tiny compatible_tags=[x86-tiny/gpu/nvidia arm-tiny x86-large x86-tiny]
2026/07/06 18:36:39 Candidate has: 512 MB free memory. Function needs: 128 MB
2026/07/06 18:36:39 [LB] Selected target for function 'mab_cost_aware_1783355782': target_tag=arm-tiny candidate=RC9BoWr7bsn5ThsQeA6m9d1783355783476196901 candidate_tag=arm-tiny
2026/07/06 18:36:39 [LB-Update] Node RC9BoWr7bsn5ThsQeA6m9d1783355783476196901 reported 512 MB free
2026/07/06 18:36:39 [MAB] event=reward_breakdown ts=1783355799294 policy=UCB1 function=mab_cost_aware_1783355782 arm=arm-tiny base_tag=arm-tiny architecture=arm specialization=tiny capabilities=[] duration_ms=2.911627 latency_reward=-1.068712 cost_weight=0.600000 cost_factor=0.400000 cost_term=0.240000 energy_weight=0.200000 energy_factor=0.600000 energy_term=0.120000 memory_weight=0.000000 memory_penalty=0.000000 memory_term=0.000000 final_reward=-1.428712
2026/07/06 18:36:39 [MAB] event=update_reward ts=1783355799294 policy=UCB1 function=mab_cost_aware_1783355782 arm=arm-tiny duration_ms=2.911627 warm_start=true reward=-1.428712 count=7 avg_reward=-1.480713 total_counts=14
2026/07/06 18:36:39 [LB] Compatible tag found: function=mab_cost_aware_1783355782 tag=x86-tiny/gpu/nvidia arch=amd64 pattern="" ring_size=1
2026/07/06 18:36:39 [LB] Compatible tag found: function=mab_cost_aware_1783355782 tag=arm-tiny arch=amd64 pattern="" ring_size=1
2026/07/06 18:36:39 [LB] Compatible tag found: function=mab_cost_aware_1783355782 tag=x86-large arch=amd64 pattern="" ring_size=1
2026/07/06 18:36:39 [LB] Compatible tag found: function=mab_cost_aware_1783355782 tag=x86-tiny arch=amd64 pattern="" ring_size=1
2026/07/06 18:36:39 [LB] Compatible tags for function 'mab_cost_aware_1783355782': [x86-tiny/gpu/nvidia arm-tiny x86-large x86-tiny]
2026/07/06 18:36:39 [LB][MAB] event=before_select function=mab_cost_aware_1783355782 compatible_tags=[x86-tiny/gpu/nvidia arm-tiny x86-large x86-tiny] has_context=true
2026/07/06 18:36:39 [MAB] event=arm_score ts=1783355799515 policy=UCB1 function=mab_cost_aware_1783355782 arm=x86-tiny/gpu/nvidia score=-1.464261 count=1 avg_reward=-2.763876 total_counts=14
2026/07/06 18:36:39 [MAB] event=arm_score ts=1783355799515 policy=UCB1 function=mab_cost_aware_1783355782 arm=arm-tiny score=-0.989505 count=7 avg_reward=-1.480713 total_counts=14
2026/07/06 18:36:39 [MAB] event=arm_score ts=1783355799515 policy=UCB1 function=mab_cost_aware_1783355782 arm=x86-large score=-1.347218 count=2 avg_reward=-2.266184 total_counts=14
2026/07/06 18:36:39 [MAB] event=arm_score ts=1783355799515 policy=UCB1 function=mab_cost_aware_1783355782 arm=x86-tiny score=-1.032924 count=4 avg_reward=-1.682731 total_counts=14
2026/07/06 18:36:39 [MAB] event=select_arm ts=1783355799515 policy=UCB1 function=mab_cost_aware_1783355782 selected_arm=arm-tiny reason=ucb_score score=-0.989505 total_counts=14 arms=[arm-tiny,x86-large,x86-tiny,x86-tiny/gpu/nvidia]
2026/07/06 18:36:39 [LB][MAB] event=after_select function=mab_cost_aware_1783355782 selected_tag=arm-tiny compatible_tags=[x86-tiny/gpu/nvidia arm-tiny x86-large x86-tiny]
2026/07/06 18:36:39 Candidate has: 512 MB free memory. Function needs: 128 MB
2026/07/06 18:36:39 [LB] Selected target for function 'mab_cost_aware_1783355782': target_tag=arm-tiny candidate=RC9BoWr7bsn5ThsQeA6m9d1783355783476196901 candidate_tag=arm-tiny
2026/07/06 18:36:39 [LB-Update] Node RC9BoWr7bsn5ThsQeA6m9d1783355783476196901 reported 512 MB free
2026/07/06 18:36:39 [MAB] event=reward_breakdown ts=1783355799520 policy=UCB1 function=mab_cost_aware_1783355782 arm=arm-tiny base_tag=arm-tiny architecture=arm specialization=tiny capabilities=[] duration_ms=3.549566 latency_reward=-1.266825 cost_weight=0.600000 cost_factor=0.400000 cost_term=0.240000 energy_weight=0.200000 energy_factor=0.600000 energy_term=0.120000 memory_weight=0.000000 memory_penalty=0.000000 memory_term=0.000000 final_reward=-1.626825
2026/07/06 18:36:39 [MAB] event=update_reward ts=1783355799520 policy=UCB1 function=mab_cost_aware_1783355782 arm=arm-tiny duration_ms=3.549566 warm_start=true reward=-1.626825 count=8 avg_reward=-1.498977 total_counts=15
2026/07/06 18:36:39 [LB] Compatible tag found: function=mab_cost_aware_1783355782 tag=x86-tiny/gpu/nvidia arch=amd64 pattern="" ring_size=1
2026/07/06 18:36:39 [LB] Compatible tag found: function=mab_cost_aware_1783355782 tag=arm-tiny arch=amd64 pattern="" ring_size=1
2026/07/06 18:36:39 [LB] Compatible tag found: function=mab_cost_aware_1783355782 tag=x86-large arch=amd64 pattern="" ring_size=1
2026/07/06 18:36:39 [LB] Compatible tag found: function=mab_cost_aware_1783355782 tag=x86-tiny arch=amd64 pattern="" ring_size=1
2026/07/06 18:36:39 [LB] Compatible tags for function 'mab_cost_aware_1783355782': [x86-tiny/gpu/nvidia arm-tiny x86-large x86-tiny]
2026/07/06 18:36:39 [LB][MAB] event=before_select function=mab_cost_aware_1783355782 compatible_tags=[x86-tiny/gpu/nvidia arm-tiny x86-large x86-tiny] has_context=true
2026/07/06 18:36:39 [MAB] event=arm_score ts=1783355799740 policy=UCB1 function=mab_cost_aware_1783355782 arm=arm-tiny score=-1.033527 count=8 avg_reward=-1.498977 total_counts=15
2026/07/06 18:36:39 [MAB] event=arm_score ts=1783355799740 policy=UCB1 function=mab_cost_aware_1783355782 arm=x86-large score=-1.335283 count=2 avg_reward=-2.266184 total_counts=15
2026/07/06 18:36:39 [MAB] event=arm_score ts=1783355799740 policy=UCB1 function=mab_cost_aware_1783355782 arm=x86-tiny score=-1.024485 count=4 avg_reward=-1.682731 total_counts=15
2026/07/06 18:36:39 [MAB] event=arm_score ts=1783355799740 policy=UCB1 function=mab_cost_aware_1783355782 arm=x86-tiny/gpu/nvidia score=-1.447383 count=1 avg_reward=-2.763876 total_counts=15
2026/07/06 18:36:39 [MAB] event=select_arm ts=1783355799740 policy=UCB1 function=mab_cost_aware_1783355782 selected_arm=x86-tiny reason=ucb_score score=-1.024485 total_counts=15 arms=[arm-tiny,x86-large,x86-tiny,x86-tiny/gpu/nvidia]
2026/07/06 18:36:39 [LB][MAB] event=after_select function=mab_cost_aware_1783355782 selected_tag=x86-tiny compatible_tags=[x86-tiny/gpu/nvidia arm-tiny x86-large x86-tiny]
2026/07/06 18:36:39 Candidate has: 512 MB free memory. Function needs: 128 MB
2026/07/06 18:36:39 [LB] Selected target for function 'mab_cost_aware_1783355782': target_tag=x86-tiny candidate=WjectcSXtXYALypFSHKKHj1783355783475722225 candidate_tag=x86-tiny
2026/07/06 18:36:39 [LB-Update] Node WjectcSXtXYALypFSHKKHj1783355783475722225 reported 512 MB free
2026/07/06 18:36:39 [MAB] event=reward_breakdown ts=1783355799744 policy=UCB1 function=mab_cost_aware_1783355782 arm=x86-tiny base_tag=x86-tiny architecture=x86 specialization=tiny capabilities=[] duration_ms=2.962534 latency_reward=-1.086045 cost_weight=0.600000 cost_factor=0.400000 cost_term=0.240000 energy_weight=0.200000 energy_factor=1.000000 energy_term=0.200000 memory_weight=0.000000 memory_penalty=0.000000 memory_term=0.000000 final_reward=-1.526045
2026/07/06 18:36:39 [MAB] event=update_reward ts=1783355799744 policy=UCB1 function=mab_cost_aware_1783355782 arm=x86-tiny duration_ms=2.962534 warm_start=true reward=-1.526045 count=5 avg_reward=-1.651394 total_counts=16
2026/07/06 18:36:39 [LB] Compatible tag found: function=mab_cost_aware_1783355782 tag=x86-tiny/gpu/nvidia arch=amd64 pattern="" ring_size=1
2026/07/06 18:36:39 [LB] Compatible tag found: function=mab_cost_aware_1783355782 tag=arm-tiny arch=amd64 pattern="" ring_size=1
2026/07/06 18:36:39 [LB] Compatible tag found: function=mab_cost_aware_1783355782 tag=x86-large arch=amd64 pattern="" ring_size=1
2026/07/06 18:36:39 [LB] Compatible tag found: function=mab_cost_aware_1783355782 tag=x86-tiny arch=amd64 pattern="" ring_size=1
2026/07/06 18:36:39 [LB] Compatible tags for function 'mab_cost_aware_1783355782': [x86-tiny/gpu/nvidia arm-tiny x86-large x86-tiny]
2026/07/06 18:36:39 [LB][MAB] event=before_select function=mab_cost_aware_1783355782 compatible_tags=[x86-tiny/gpu/nvidia arm-tiny x86-large x86-tiny] has_context=true
2026/07/06 18:36:39 [MAB] event=arm_score ts=1783355799968 policy=UCB1 function=mab_cost_aware_1783355782 arm=x86-tiny/gpu/nvidia score=-1.431788 count=1 avg_reward=-2.763876 total_counts=16
2026/07/06 18:36:39 [MAB] event=arm_score ts=1783355799968 policy=UCB1 function=mab_cost_aware_1783355782 arm=arm-tiny score=-1.028013 count=8 avg_reward=-1.498977 total_counts=16
2026/07/06 18:36:39 [MAB] event=arm_score ts=1783355799968 policy=UCB1 function=mab_cost_aware_1783355782 arm=x86-large score=-1.324256 count=2 avg_reward=-2.266184 total_counts=16
2026/07/06 18:36:39 [MAB] event=arm_score ts=1783355799968 policy=UCB1 function=mab_cost_aware_1783355782 arm=x86-tiny score=-1.055666 count=5 avg_reward=-1.651394 total_counts=16
2026/07/06 18:36:39 [MAB] event=select_arm ts=1783355799968 policy=UCB1 function=mab_cost_aware_1783355782 selected_arm=arm-tiny reason=ucb_score score=-1.028013 total_counts=16 arms=[arm-tiny,x86-large,x86-tiny,x86-tiny/gpu/nvidia]
2026/07/06 18:36:39 [LB][MAB] event=after_select function=mab_cost_aware_1783355782 selected_tag=arm-tiny compatible_tags=[x86-tiny/gpu/nvidia arm-tiny x86-large x86-tiny]
2026/07/06 18:36:39 Candidate has: 512 MB free memory. Function needs: 128 MB
2026/07/06 18:36:39 [LB] Selected target for function 'mab_cost_aware_1783355782': target_tag=arm-tiny candidate=RC9BoWr7bsn5ThsQeA6m9d1783355783476196901 candidate_tag=arm-tiny
2026/07/06 18:36:39 [LB-Update] Node RC9BoWr7bsn5ThsQeA6m9d1783355783476196901 reported 512 MB free
2026/07/06 18:36:39 [MAB] event=reward_breakdown ts=1783355799972 policy=UCB1 function=mab_cost_aware_1783355782 arm=arm-tiny base_tag=arm-tiny architecture=arm specialization=tiny capabilities=[] duration_ms=3.023327 latency_reward=-1.106358 cost_weight=0.600000 cost_factor=0.400000 cost_term=0.240000 energy_weight=0.200000 energy_factor=0.600000 energy_term=0.120000 memory_weight=0.000000 memory_penalty=0.000000 memory_term=0.000000 final_reward=-1.466358
2026/07/06 18:36:39 [MAB] event=update_reward ts=1783355799972 policy=UCB1 function=mab_cost_aware_1783355782 arm=arm-tiny duration_ms=3.023327 warm_start=true reward=-1.466358 count=9 avg_reward=-1.495353 total_counts=17
2026/07/06 18:36:40 [LB] Compatible tag found: function=mab_cost_aware_1783355782 tag=x86-tiny/gpu/nvidia arch=amd64 pattern="" ring_size=1
2026/07/06 18:36:40 [LB] Compatible tag found: function=mab_cost_aware_1783355782 tag=arm-tiny arch=amd64 pattern="" ring_size=1
2026/07/06 18:36:40 [LB] Compatible tag found: function=mab_cost_aware_1783355782 tag=x86-large arch=amd64 pattern="" ring_size=1
2026/07/06 18:36:40 [LB] Compatible tag found: function=mab_cost_aware_1783355782 tag=x86-tiny arch=amd64 pattern="" ring_size=1
2026/07/06 18:36:40 [LB] Compatible tags for function 'mab_cost_aware_1783355782': [x86-tiny/gpu/nvidia arm-tiny x86-large x86-tiny]
2026/07/06 18:36:40 [LB][MAB] event=before_select function=mab_cost_aware_1783355782 compatible_tags=[x86-tiny/gpu/nvidia arm-tiny x86-large x86-tiny] has_context=true
2026/07/06 18:36:40 [MAB] event=arm_score ts=1783355800194 policy=UCB1 function=mab_cost_aware_1783355782 arm=x86-large score=-1.314014 count=2 avg_reward=-2.266184 total_counts=17
2026/07/06 18:36:40 [MAB] event=arm_score ts=1783355800194 policy=UCB1 function=mab_cost_aware_1783355782 arm=x86-tiny score=-1.049188 count=5 avg_reward=-1.651394 total_counts=17
2026/07/06 18:36:40 [MAB] event=arm_score ts=1783355800194 policy=UCB1 function=mab_cost_aware_1783355782 arm=x86-tiny/gpu/nvidia score=-1.417303 count=1 avg_reward=-2.763876 total_counts=17
2026/07/06 18:36:40 [MAB] event=arm_score ts=1783355800194 policy=UCB1 function=mab_cost_aware_1783355782 arm=arm-tiny score=-1.046495 count=9 avg_reward=-1.495353 total_counts=17
2026/07/06 18:36:40 [MAB] event=select_arm ts=1783355800194 policy=UCB1 function=mab_cost_aware_1783355782 selected_arm=arm-tiny reason=ucb_score score=-1.046495 total_counts=17 arms=[arm-tiny,x86-large,x86-tiny,x86-tiny/gpu/nvidia]
2026/07/06 18:36:40 [LB][MAB] event=after_select function=mab_cost_aware_1783355782 selected_tag=arm-tiny compatible_tags=[x86-tiny/gpu/nvidia arm-tiny x86-large x86-tiny]
2026/07/06 18:36:40 Candidate has: 512 MB free memory. Function needs: 128 MB
2026/07/06 18:36:40 [LB] Selected target for function 'mab_cost_aware_1783355782': target_tag=arm-tiny candidate=RC9BoWr7bsn5ThsQeA6m9d1783355783476196901 candidate_tag=arm-tiny
2026/07/06 18:36:40 [LB-Update] Node RC9BoWr7bsn5ThsQeA6m9d1783355783476196901 reported 512 MB free
2026/07/06 18:36:40 [MAB] event=reward_breakdown ts=1783355800199 policy=UCB1 function=mab_cost_aware_1783355782 arm=arm-tiny base_tag=arm-tiny architecture=arm specialization=tiny capabilities=[] duration_ms=3.416079 latency_reward=-1.228493 cost_weight=0.600000 cost_factor=0.400000 cost_term=0.240000 energy_weight=0.200000 energy_factor=0.600000 energy_term=0.120000 memory_weight=0.000000 memory_penalty=0.000000 memory_term=0.000000 final_reward=-1.588493
2026/07/06 18:36:40 [MAB] event=update_reward ts=1783355800199 policy=UCB1 function=mab_cost_aware_1783355782 arm=arm-tiny duration_ms=3.416079 warm_start=true reward=-1.588493 count=10 avg_reward=-1.504667 total_counts=18
2026/07/06 18:36:40 [LB] Compatible tag found: function=mab_cost_aware_1783355782 tag=x86-tiny/gpu/nvidia arch=amd64 pattern="" ring_size=1
2026/07/06 18:36:40 [LB] Compatible tag found: function=mab_cost_aware_1783355782 tag=arm-tiny arch=amd64 pattern="" ring_size=1
2026/07/06 18:36:40 [LB] Compatible tag found: function=mab_cost_aware_1783355782 tag=x86-large arch=amd64 pattern="" ring_size=1
2026/07/06 18:36:40 [LB] Compatible tag found: function=mab_cost_aware_1783355782 tag=x86-tiny arch=amd64 pattern="" ring_size=1
2026/07/06 18:36:40 [LB] Compatible tags for function 'mab_cost_aware_1783355782': [x86-tiny/gpu/nvidia arm-tiny x86-large x86-tiny]
2026/07/06 18:36:40 [LB][MAB] event=before_select function=mab_cost_aware_1783355782 compatible_tags=[x86-tiny/gpu/nvidia arm-tiny x86-large x86-tiny] has_context=true
2026/07/06 18:36:40 [MAB] event=arm_score ts=1783355800424 policy=UCB1 function=mab_cost_aware_1783355782 arm=x86-tiny score=-1.043144 count=5 avg_reward=-1.651394 total_counts=18
2026/07/06 18:36:40 [MAB] event=arm_score ts=1783355800424 policy=UCB1 function=mab_cost_aware_1783355782 arm=x86-tiny/gpu/nvidia score=-1.403788 count=1 avg_reward=-2.763876 total_counts=18
2026/07/06 18:36:40 [MAB] event=arm_score ts=1783355800424 policy=UCB1 function=mab_cost_aware_1783355782 arm=arm-tiny score=-1.074569 count=10 avg_reward=-1.504667 total_counts=18
2026/07/06 18:36:40 [MAB] event=arm_score ts=1783355800424 policy=UCB1 function=mab_cost_aware_1783355782 arm=x86-large score=-1.304457 count=2 avg_reward=-2.266184 total_counts=18
2026/07/06 18:36:40 [MAB] event=select_arm ts=1783355800424 policy=UCB1 function=mab_cost_aware_1783355782 selected_arm=x86-tiny reason=ucb_score score=-1.043144 total_counts=18 arms=[arm-tiny,x86-large,x86-tiny,x86-tiny/gpu/nvidia]
2026/07/06 18:36:40 [LB][MAB] event=after_select function=mab_cost_aware_1783355782 selected_tag=x86-tiny compatible_tags=[x86-tiny/gpu/nvidia arm-tiny x86-large x86-tiny]
2026/07/06 18:36:40 Candidate has: 512 MB free memory. Function needs: 128 MB
2026/07/06 18:36:40 [LB] Selected target for function 'mab_cost_aware_1783355782': target_tag=x86-tiny candidate=WjectcSXtXYALypFSHKKHj1783355783475722225 candidate_tag=x86-tiny
2026/07/06 18:36:40 [LB-Update] Node WjectcSXtXYALypFSHKKHj1783355783475722225 reported 512 MB free
2026/07/06 18:36:40 [MAB] event=reward_breakdown ts=1783355800428 policy=UCB1 function=mab_cost_aware_1783355782 arm=x86-tiny base_tag=x86-tiny architecture=x86 specialization=tiny capabilities=[] duration_ms=3.004778 latency_reward=-1.100204 cost_weight=0.600000 cost_factor=0.400000 cost_term=0.240000 energy_weight=0.200000 energy_factor=1.000000 energy_term=0.200000 memory_weight=0.000000 memory_penalty=0.000000 memory_term=0.000000 final_reward=-1.540204
2026/07/06 18:36:40 [MAB] event=update_reward ts=1783355800428 policy=UCB1 function=mab_cost_aware_1783355782 arm=x86-tiny duration_ms=3.004778 warm_start=true reward=-1.540204 count=6 avg_reward=-1.632862 total_counts=19
2026/07/06 18:36:40 [LB]: Periodic targets update
2026/07/06 18:36:40 Found target: WjectcSXtXYALypFSHKKHj1783355783475722225
2026/07/06 18:36:40 Found target: vpsc5EyUeu2bgV5e5BQz2f1783355783477036272
2026/07/06 18:36:40 Found target: RC9BoWr7bsn5ThsQeA6m9d1783355783476196901
2026/07/06 18:36:40 Found target: Yfj9dc9aZ5sc6MzJoZmaP61783355783474809800
2026/07/06 18:36:40 Found 4 targets
2026/07/06 18:36:40 [LB] Compatible tag found: function=mab_cost_aware_1783355782 tag=x86-tiny/gpu/nvidia arch=amd64 pattern="" ring_size=1
2026/07/06 18:36:40 [LB] Compatible tag found: function=mab_cost_aware_1783355782 tag=arm-tiny arch=amd64 pattern="" ring_size=1
2026/07/06 18:36:40 [LB] Compatible tag found: function=mab_cost_aware_1783355782 tag=x86-large arch=amd64 pattern="" ring_size=1
2026/07/06 18:36:40 [LB] Compatible tag found: function=mab_cost_aware_1783355782 tag=x86-tiny arch=amd64 pattern="" ring_size=1
2026/07/06 18:36:40 [LB] Compatible tags for function 'mab_cost_aware_1783355782': [x86-tiny/gpu/nvidia arm-tiny x86-large x86-tiny]
2026/07/06 18:36:40 [LB][MAB] event=before_select function=mab_cost_aware_1783355782 compatible_tags=[x86-tiny/gpu/nvidia arm-tiny x86-large x86-tiny] has_context=true
2026/07/06 18:36:40 [MAB] event=arm_score ts=1783355800648 policy=UCB1 function=mab_cost_aware_1783355782 arm=x86-tiny/gpu/nvidia score=-1.391126 count=1 avg_reward=-2.763876 total_counts=19
2026/07/06 18:36:40 [MAB] event=arm_score ts=1783355800648 policy=UCB1 function=mab_cost_aware_1783355782 arm=arm-tiny score=-1.070565 count=10 avg_reward=-1.504667 total_counts=19
2026/07/06 18:36:40 [MAB] event=arm_score ts=1783355800648 policy=UCB1 function=mab_cost_aware_1783355782 arm=x86-large score=-1.295504 count=2 avg_reward=-2.266184 total_counts=19
2026/07/06 18:36:40 [MAB] event=arm_score ts=1783355800648 policy=UCB1 function=mab_cost_aware_1783355782 arm=x86-tiny score=-1.072440 count=6 avg_reward=-1.632862 total_counts=19
2026/07/06 18:36:40 [MAB] event=select_arm ts=1783355800648 policy=UCB1 function=mab_cost_aware_1783355782 selected_arm=arm-tiny reason=ucb_score score=-1.070565 total_counts=19 arms=[arm-tiny,x86-large,x86-tiny,x86-tiny/gpu/nvidia]
2026/07/06 18:36:40 [LB][MAB] event=after_select function=mab_cost_aware_1783355782 selected_tag=arm-tiny compatible_tags=[x86-tiny/gpu/nvidia arm-tiny x86-large x86-tiny]
2026/07/06 18:36:40 Candidate has: 512 MB free memory. Function needs: 128 MB
2026/07/06 18:36:40 [LB] Selected target for function 'mab_cost_aware_1783355782': target_tag=arm-tiny candidate=RC9BoWr7bsn5ThsQeA6m9d1783355783476196901 candidate_tag=arm-tiny
2026/07/06 18:36:40 [LB-Update] Node RC9BoWr7bsn5ThsQeA6m9d1783355783476196901 reported 512 MB free
2026/07/06 18:36:40 [MAB] event=reward_breakdown ts=1783355800652 policy=UCB1 function=mab_cost_aware_1783355782 arm=arm-tiny base_tag=arm-tiny architecture=arm specialization=tiny capabilities=[] duration_ms=3.279301 latency_reward=-1.187630 cost_weight=0.600000 cost_factor=0.400000 cost_term=0.240000 energy_weight=0.200000 energy_factor=0.600000 energy_term=0.120000 memory_weight=0.000000 memory_penalty=0.000000 memory_term=0.000000 final_reward=-1.547630
2026/07/06 18:36:40 [MAB] event=update_reward ts=1783355800652 policy=UCB1 function=mab_cost_aware_1783355782 arm=arm-tiny duration_ms=3.279301 warm_start=true reward=-1.547630 count=11 avg_reward=-1.508572 total_counts=20
2026/07/06 18:36:40 [LB] Compatible tag found: function=mab_cost_aware_1783355782 tag=x86-tiny/gpu/nvidia arch=amd64 pattern="" ring_size=1
2026/07/06 18:36:40 [LB] Compatible tag found: function=mab_cost_aware_1783355782 tag=arm-tiny arch=amd64 pattern="" ring_size=1
2026/07/06 18:36:40 [LB] Compatible tag found: function=mab_cost_aware_1783355782 tag=x86-large arch=amd64 pattern="" ring_size=1
2026/07/06 18:36:40 [LB] Compatible tag found: function=mab_cost_aware_1783355782 tag=x86-tiny arch=amd64 pattern="" ring_size=1
2026/07/06 18:36:40 [LB] Compatible tags for function 'mab_cost_aware_1783355782': [x86-tiny/gpu/nvidia arm-tiny x86-large x86-tiny]
2026/07/06 18:36:40 [LB][MAB] event=before_select function=mab_cost_aware_1783355782 compatible_tags=[x86-tiny/gpu/nvidia arm-tiny x86-large x86-tiny] has_context=true
2026/07/06 18:36:40 [MAB] event=arm_score ts=1783355800873 policy=UCB1 function=mab_cost_aware_1783355782 arm=x86-large score=-1.287085 count=2 avg_reward=-2.266184 total_counts=20
2026/07/06 18:36:40 [MAB] event=arm_score ts=1783355800873 policy=UCB1 function=mab_cost_aware_1783355782 arm=x86-tiny score=-1.067579 count=6 avg_reward=-1.632862 total_counts=20
2026/07/06 18:36:40 [MAB] event=arm_score ts=1783355800873 policy=UCB1 function=mab_cost_aware_1783355782 arm=x86-tiny/gpu/nvidia score=-1.379221 count=1 avg_reward=-2.763876 total_counts=20
2026/07/06 18:36:40 [MAB] event=arm_score ts=1783355800873 policy=UCB1 function=mab_cost_aware_1783355782 arm=arm-tiny score=-1.091083 count=11 avg_reward=-1.508572 total_counts=20
2026/07/06 18:36:40 [MAB] event=select_arm ts=1783355800873 policy=UCB1 function=mab_cost_aware_1783355782 selected_arm=x86-tiny reason=ucb_score score=-1.067579 total_counts=20 arms=[arm-tiny,x86-large,x86-tiny,x86-tiny/gpu/nvidia]
2026/07/06 18:36:40 [LB][MAB] event=after_select function=mab_cost_aware_1783355782 selected_tag=x86-tiny compatible_tags=[x86-tiny/gpu/nvidia arm-tiny x86-large x86-tiny]
2026/07/06 18:36:40 Candidate has: 512 MB free memory. Function needs: 128 MB
2026/07/06 18:36:40 [LB] Selected target for function 'mab_cost_aware_1783355782': target_tag=x86-tiny candidate=WjectcSXtXYALypFSHKKHj1783355783475722225 candidate_tag=x86-tiny
2026/07/06 18:36:40 [LB-Update] Node WjectcSXtXYALypFSHKKHj1783355783475722225 reported 512 MB free
2026/07/06 18:36:40 [MAB] event=reward_breakdown ts=1783355800878 policy=UCB1 function=mab_cost_aware_1783355782 arm=x86-tiny base_tag=x86-tiny architecture=x86 specialization=tiny capabilities=[] duration_ms=3.980766 latency_reward=-1.381474 cost_weight=0.600000 cost_factor=0.400000 cost_term=0.240000 energy_weight=0.200000 energy_factor=1.000000 energy_term=0.200000 memory_weight=0.000000 memory_penalty=0.000000 memory_term=0.000000 final_reward=-1.821474
2026/07/06 18:36:40 [MAB] event=update_reward ts=1783355800878 policy=UCB1 function=mab_cost_aware_1783355782 arm=x86-tiny duration_ms=3.980766 warm_start=true reward=-1.821474 count=7 avg_reward=-1.659807 total_counts=21
2026/07/06 18:36:41 [LB] Compatible tag found: function=mab_cost_aware_1783355782 tag=x86-tiny/gpu/nvidia arch=amd64 pattern="" ring_size=1
2026/07/06 18:36:41 [LB] Compatible tag found: function=mab_cost_aware_1783355782 tag=arm-tiny arch=amd64 pattern="" ring_size=1
2026/07/06 18:36:41 [LB] Compatible tag found: function=mab_cost_aware_1783355782 tag=x86-large arch=amd64 pattern="" ring_size=1
2026/07/06 18:36:41 [LB] Compatible tag found: function=mab_cost_aware_1783355782 tag=x86-tiny arch=amd64 pattern="" ring_size=1
2026/07/06 18:36:41 [LB] Compatible tags for function 'mab_cost_aware_1783355782': [x86-tiny/gpu/nvidia arm-tiny x86-large x86-tiny]
2026/07/06 18:36:41 [LB][MAB] event=before_select function=mab_cost_aware_1783355782 compatible_tags=[x86-tiny/gpu/nvidia arm-tiny x86-large x86-tiny] has_context=true
2026/07/06 18:36:41 [MAB] event=arm_score ts=1783355801097 policy=UCB1 function=mab_cost_aware_1783355782 arm=x86-tiny/gpu/nvidia score=-1.367991 count=1 avg_reward=-2.763876 total_counts=21
2026/07/06 18:36:41 [MAB] event=arm_score ts=1783355801097 policy=UCB1 function=mab_cost_aware_1783355782 arm=arm-tiny score=-1.087697 count=11 avg_reward=-1.508572 total_counts=21
2026/07/06 18:36:41 [MAB] event=arm_score ts=1783355801097 policy=UCB1 function=mab_cost_aware_1783355782 arm=x86-large score=-1.279144 count=2 avg_reward=-2.266184 total_counts=21
2026/07/06 18:36:41 [MAB] event=arm_score ts=1783355801097 policy=UCB1 function=mab_cost_aware_1783355782 arm=x86-tiny score=-1.132212 count=7 avg_reward=-1.659807 total_counts=21
2026/07/06 18:36:41 [MAB] event=select_arm ts=1783355801097 policy=UCB1 function=mab_cost_aware_1783355782 selected_arm=arm-tiny reason=ucb_score score=-1.087697 total_counts=21 arms=[arm-tiny,x86-large,x86-tiny,x86-tiny/gpu/nvidia]
2026/07/06 18:36:41 [LB][MAB] event=after_select function=mab_cost_aware_1783355782 selected_tag=arm-tiny compatible_tags=[x86-tiny/gpu/nvidia arm-tiny x86-large x86-tiny]
2026/07/06 18:36:41 Candidate has: 512 MB free memory. Function needs: 128 MB
2026/07/06 18:36:41 [LB] Selected target for function 'mab_cost_aware_1783355782': target_tag=arm-tiny candidate=RC9BoWr7bsn5ThsQeA6m9d1783355783476196901 candidate_tag=arm-tiny
2026/07/06 18:36:41 [LB-Update] Node RC9BoWr7bsn5ThsQeA6m9d1783355783476196901 reported 512 MB free
2026/07/06 18:36:41 [MAB] event=reward_breakdown ts=1783355801102 policy=UCB1 function=mab_cost_aware_1783355782 arm=arm-tiny base_tag=arm-tiny architecture=arm specialization=tiny capabilities=[] duration_ms=3.213413 latency_reward=-1.167334 cost_weight=0.600000 cost_factor=0.400000 cost_term=0.240000 energy_weight=0.200000 energy_factor=0.600000 energy_term=0.120000 memory_weight=0.000000 memory_penalty=0.000000 memory_term=0.000000 final_reward=-1.527334
2026/07/06 18:36:41 [MAB] event=update_reward ts=1783355801102 policy=UCB1 function=mab_cost_aware_1783355782 arm=arm-tiny duration_ms=3.213413 warm_start=true reward=-1.527334 count=12 avg_reward=-1.510136 total_counts=22
2026/07/06 18:36:41 [LB] Compatible tag found: function=mab_cost_aware_1783355782 tag=x86-tiny/gpu/nvidia arch=amd64 pattern="" ring_size=1
2026/07/06 18:36:41 [LB] Compatible tag found: function=mab_cost_aware_1783355782 tag=arm-tiny arch=amd64 pattern="" ring_size=1
2026/07/06 18:36:41 [LB] Compatible tag found: function=mab_cost_aware_1783355782 tag=x86-large arch=amd64 pattern="" ring_size=1
2026/07/06 18:36:41 [LB] Compatible tag found: function=mab_cost_aware_1783355782 tag=x86-tiny arch=amd64 pattern="" ring_size=1
2026/07/06 18:36:41 [LB] Compatible tags for function 'mab_cost_aware_1783355782': [x86-tiny/gpu/nvidia arm-tiny x86-large x86-tiny]
2026/07/06 18:36:41 [LB][MAB] event=before_select function=mab_cost_aware_1783355782 compatible_tags=[x86-tiny/gpu/nvidia arm-tiny x86-large x86-tiny] has_context=true
2026/07/06 18:36:41 [MAB] event=arm_score ts=1783355801323 policy=UCB1 function=mab_cost_aware_1783355782 arm=x86-tiny/gpu/nvidia score=-1.357367 count=1 avg_reward=-2.763876 total_counts=22
2026/07/06 18:36:41 [MAB] event=arm_score ts=1783355801323 policy=UCB1 function=mab_cost_aware_1783355782 arm=arm-tiny score=-1.104112 count=12 avg_reward=-1.510136 total_counts=22
2026/07/06 18:36:41 [MAB] event=arm_score ts=1783355801323 policy=UCB1 function=mab_cost_aware_1783355782 arm=x86-large score=-1.271632 count=2 avg_reward=-2.266184 total_counts=22
2026/07/06 18:36:41 [MAB] event=arm_score ts=1783355801323 policy=UCB1 function=mab_cost_aware_1783355782 arm=x86-tiny score=-1.128196 count=7 avg_reward=-1.659807 total_counts=22
2026/07/06 18:36:41 [MAB] event=select_arm ts=1783355801323 policy=UCB1 function=mab_cost_aware_1783355782 selected_arm=arm-tiny reason=ucb_score score=-1.104112 total_counts=22 arms=[arm-tiny,x86-large,x86-tiny,x86-tiny/gpu/nvidia]
2026/07/06 18:36:41 [LB][MAB] event=after_select function=mab_cost_aware_1783355782 selected_tag=arm-tiny compatible_tags=[x86-tiny/gpu/nvidia arm-tiny x86-large x86-tiny]
2026/07/06 18:36:41 Candidate has: 512 MB free memory. Function needs: 128 MB
2026/07/06 18:36:41 [LB] Selected target for function 'mab_cost_aware_1783355782': target_tag=arm-tiny candidate=RC9BoWr7bsn5ThsQeA6m9d1783355783476196901 candidate_tag=arm-tiny
2026/07/06 18:36:41 [LB-Update] Node RC9BoWr7bsn5ThsQeA6m9d1783355783476196901 reported 512 MB free
2026/07/06 18:36:41 [MAB] event=reward_breakdown ts=1783355801327 policy=UCB1 function=mab_cost_aware_1783355782 arm=arm-tiny base_tag=arm-tiny architecture=arm specialization=tiny capabilities=[] duration_ms=2.627890 latency_reward=-0.966181 cost_weight=0.600000 cost_factor=0.400000 cost_term=0.240000 energy_weight=0.200000 energy_factor=0.600000 energy_term=0.120000 memory_weight=0.000000 memory_penalty=0.000000 memory_term=0.000000 final_reward=-1.326181
2026/07/06 18:36:41 [MAB] event=update_reward ts=1783355801327 policy=UCB1 function=mab_cost_aware_1783355782 arm=arm-tiny duration_ms=2.627890 warm_start=true reward=-1.326181 count=13 avg_reward=-1.495986 total_counts=23
2026/07/06 18:36:41 [LB] Compatible tag found: function=mab_cost_aware_1783355782 tag=x86-tiny/gpu/nvidia arch=amd64 pattern="" ring_size=1
2026/07/06 18:36:41 [LB] Compatible tag found: function=mab_cost_aware_1783355782 tag=arm-tiny arch=amd64 pattern="" ring_size=1
2026/07/06 18:36:41 [LB] Compatible tag found: function=mab_cost_aware_1783355782 tag=x86-large arch=amd64 pattern="" ring_size=1
2026/07/06 18:36:41 [LB] Compatible tag found: function=mab_cost_aware_1783355782 tag=x86-tiny arch=amd64 pattern="" ring_size=1
2026/07/06 18:36:41 [LB] Compatible tags for function 'mab_cost_aware_1783355782': [x86-tiny/gpu/nvidia arm-tiny x86-large x86-tiny]
2026/07/06 18:36:41 [LB][MAB] event=before_select function=mab_cost_aware_1783355782 compatible_tags=[x86-tiny/gpu/nvidia arm-tiny x86-large x86-tiny] has_context=true
2026/07/06 18:36:41 [MAB] event=arm_score ts=1783355801547 policy=UCB1 function=mab_cost_aware_1783355782 arm=x86-tiny/gpu/nvidia score=-1.347289 count=1 avg_reward=-2.763876 total_counts=23
2026/07/06 18:36:41 [MAB] event=arm_score ts=1783355801547 policy=UCB1 function=mab_cost_aware_1783355782 arm=arm-tiny score=-1.103095 count=13 avg_reward=-1.495986 total_counts=23
2026/07/06 18:36:41 [MAB] event=arm_score ts=1783355801547 policy=UCB1 function=mab_cost_aware_1783355782 arm=x86-large score=-1.264506 count=2 avg_reward=-2.266184 total_counts=23
2026/07/06 18:36:41 [MAB] event=arm_score ts=1783355801547 policy=UCB1 function=mab_cost_aware_1783355782 arm=x86-tiny score=-1.124387 count=7 avg_reward=-1.659807 total_counts=23
2026/07/06 18:36:41 [MAB] event=select_arm ts=1783355801547 policy=UCB1 function=mab_cost_aware_1783355782 selected_arm=arm-tiny reason=ucb_score score=-1.103095 total_counts=23 arms=[arm-tiny,x86-large,x86-tiny,x86-tiny/gpu/nvidia]
2026/07/06 18:36:41 [LB][MAB] event=after_select function=mab_cost_aware_1783355782 selected_tag=arm-tiny compatible_tags=[x86-tiny/gpu/nvidia arm-tiny x86-large x86-tiny]
2026/07/06 18:36:41 Candidate has: 512 MB free memory. Function needs: 128 MB
2026/07/06 18:36:41 [LB] Selected target for function 'mab_cost_aware_1783355782': target_tag=arm-tiny candidate=RC9BoWr7bsn5ThsQeA6m9d1783355783476196901 candidate_tag=arm-tiny
2026/07/06 18:36:41 [LB-Update] Node RC9BoWr7bsn5ThsQeA6m9d1783355783476196901 reported 512 MB free
2026/07/06 18:36:41 [MAB] event=reward_breakdown ts=1783355801551 policy=UCB1 function=mab_cost_aware_1783355782 arm=arm-tiny base_tag=arm-tiny architecture=arm specialization=tiny capabilities=[] duration_ms=3.285047 latency_reward=-1.189381 cost_weight=0.600000 cost_factor=0.400000 cost_term=0.240000 energy_weight=0.200000 energy_factor=0.600000 energy_term=0.120000 memory_weight=0.000000 memory_penalty=0.000000 memory_term=0.000000 final_reward=-1.549381
2026/07/06 18:36:41 [MAB] event=update_reward ts=1783355801551 policy=UCB1 function=mab_cost_aware_1783355782 arm=arm-tiny duration_ms=3.285047 warm_start=true reward=-1.549381 count=14 avg_reward=-1.499799 total_counts=24
2026/07/06 18:36:41 [LB] Compatible tag found: function=mab_cost_aware_1783355782 tag=x86-tiny/gpu/nvidia arch=amd64 pattern="" ring_size=1
2026/07/06 18:36:41 [LB] Compatible tag found: function=mab_cost_aware_1783355782 tag=arm-tiny arch=amd64 pattern="" ring_size=1
2026/07/06 18:36:41 [LB] Compatible tag found: function=mab_cost_aware_1783355782 tag=x86-large arch=amd64 pattern="" ring_size=1
2026/07/06 18:36:41 [LB] Compatible tag found: function=mab_cost_aware_1783355782 tag=x86-tiny arch=amd64 pattern="" ring_size=1
2026/07/06 18:36:41 [LB] Compatible tags for function 'mab_cost_aware_1783355782': [x86-tiny/gpu/nvidia arm-tiny x86-large x86-tiny]
2026/07/06 18:36:41 [LB][MAB] event=before_select function=mab_cost_aware_1783355782 compatible_tags=[x86-tiny/gpu/nvidia arm-tiny x86-large x86-tiny] has_context=true
2026/07/06 18:36:41 [MAB] event=arm_score ts=1783355801772 policy=UCB1 function=mab_cost_aware_1783355782 arm=x86-tiny score=-1.120766 count=7 avg_reward=-1.659807 total_counts=24
2026/07/06 18:36:41 [MAB] event=arm_score ts=1783355801772 policy=UCB1 function=mab_cost_aware_1783355782 arm=x86-tiny/gpu/nvidia score=-1.337708 count=1 avg_reward=-2.763876 total_counts=24
2026/07/06 18:36:41 [MAB] event=arm_score ts=1783355801772 policy=UCB1 function=mab_cost_aware_1783355782 arm=arm-tiny score=-1.118640 count=14 avg_reward=-1.499799 total_counts=24
2026/07/06 18:36:41 [MAB] event=arm_score ts=1783355801772 policy=UCB1 function=mab_cost_aware_1783355782 arm=x86-large score=-1.257731 count=2 avg_reward=-2.266184 total_counts=24
2026/07/06 18:36:41 [MAB] event=select_arm ts=1783355801772 policy=UCB1 function=mab_cost_aware_1783355782 selected_arm=arm-tiny reason=ucb_score score=-1.118640 total_counts=24 arms=[arm-tiny,x86-large,x86-tiny,x86-tiny/gpu/nvidia]
2026/07/06 18:36:41 [LB][MAB] event=after_select function=mab_cost_aware_1783355782 selected_tag=arm-tiny compatible_tags=[x86-tiny/gpu/nvidia arm-tiny x86-large x86-tiny]
2026/07/06 18:36:41 Candidate has: 512 MB free memory. Function needs: 128 MB
2026/07/06 18:36:41 [LB] Selected target for function 'mab_cost_aware_1783355782': target_tag=arm-tiny candidate=RC9BoWr7bsn5ThsQeA6m9d1783355783476196901 candidate_tag=arm-tiny
2026/07/06 18:36:41 [LB-Update] Node RC9BoWr7bsn5ThsQeA6m9d1783355783476196901 reported 512 MB free
2026/07/06 18:36:41 [MAB] event=reward_breakdown ts=1783355801775 policy=UCB1 function=mab_cost_aware_1783355782 arm=arm-tiny base_tag=arm-tiny architecture=arm specialization=tiny capabilities=[] duration_ms=2.802000 latency_reward=-1.030333 cost_weight=0.600000 cost_factor=0.400000 cost_term=0.240000 energy_weight=0.200000 energy_factor=0.600000 energy_term=0.120000 memory_weight=0.000000 memory_penalty=0.000000 memory_term=0.000000 final_reward=-1.390333
2026/07/06 18:36:41 [MAB] event=update_reward ts=1783355801775 policy=UCB1 function=mab_cost_aware_1783355782 arm=arm-tiny duration_ms=2.802000 warm_start=true reward=-1.390333 count=15 avg_reward=-1.492502 total_counts=25
2026/07/06 18:36:41 [LB] Compatible tag found: function=mab_cost_aware_1783355782 tag=x86-tiny/gpu/nvidia arch=amd64 pattern="" ring_size=1
2026/07/06 18:36:41 [LB] Compatible tag found: function=mab_cost_aware_1783355782 tag=arm-tiny arch=amd64 pattern="" ring_size=1
2026/07/06 18:36:41 [LB] Compatible tag found: function=mab_cost_aware_1783355782 tag=x86-large arch=amd64 pattern="" ring_size=1
2026/07/06 18:36:41 [LB] Compatible tag found: function=mab_cost_aware_1783355782 tag=x86-tiny arch=amd64 pattern="" ring_size=1
2026/07/06 18:36:41 [LB] Compatible tags for function 'mab_cost_aware_1783355782': [x86-tiny/gpu/nvidia arm-tiny x86-large x86-tiny]
2026/07/06 18:36:41 [LB][MAB] event=before_select function=mab_cost_aware_1783355782 compatible_tags=[x86-tiny/gpu/nvidia arm-tiny x86-large x86-tiny] has_context=true
2026/07/06 18:36:41 [MAB] event=arm_score ts=1783355801998 policy=UCB1 function=mab_cost_aware_1783355782 arm=x86-tiny/gpu/nvidia score=-1.328577 count=1 avg_reward=-2.763876 total_counts=25
2026/07/06 18:36:41 [MAB] event=arm_score ts=1783355801998 policy=UCB1 function=mab_cost_aware_1783355782 arm=arm-tiny score=-1.121909 count=15 avg_reward=-1.492502 total_counts=25
2026/07/06 18:36:41 [MAB] event=arm_score ts=1783355801998 policy=UCB1 function=mab_cost_aware_1783355782 arm=x86-large score=-1.251275 count=2 avg_reward=-2.266184 total_counts=25
2026/07/06 18:36:41 [MAB] event=arm_score ts=1783355801998 policy=UCB1 function=mab_cost_aware_1783355782 arm=x86-tiny score=-1.117315 count=7 avg_reward=-1.659807 total_counts=25
2026/07/06 18:36:41 [MAB] event=select_arm ts=1783355801998 policy=UCB1 function=mab_cost_aware_1783355782 selected_arm=x86-tiny reason=ucb_score score=-1.117315 total_counts=25 arms=[arm-tiny,x86-large,x86-tiny,x86-tiny/gpu/nvidia]
2026/07/06 18:36:41 [LB][MAB] event=after_select function=mab_cost_aware_1783355782 selected_tag=x86-tiny compatible_tags=[x86-tiny/gpu/nvidia arm-tiny x86-large x86-tiny]
2026/07/06 18:36:41 Candidate has: 512 MB free memory. Function needs: 128 MB
2026/07/06 18:36:41 [LB] Selected target for function 'mab_cost_aware_1783355782': target_tag=x86-tiny candidate=WjectcSXtXYALypFSHKKHj1783355783475722225 candidate_tag=x86-tiny
2026/07/06 18:36:42 [LB-Update] Node WjectcSXtXYALypFSHKKHj1783355783475722225 reported 512 MB free
2026/07/06 18:36:42 [MAB] event=reward_breakdown ts=1783355802002 policy=UCB1 function=mab_cost_aware_1783355782 arm=x86-tiny base_tag=x86-tiny architecture=x86 specialization=tiny capabilities=[] duration_ms=3.233431 latency_reward=-1.173544 cost_weight=0.600000 cost_factor=0.400000 cost_term=0.240000 energy_weight=0.200000 energy_factor=1.000000 energy_term=0.200000 memory_weight=0.000000 memory_penalty=0.000000 memory_term=0.000000 final_reward=-1.613544
2026/07/06 18:36:42 [MAB] event=update_reward ts=1783355802003 policy=UCB1 function=mab_cost_aware_1783355782 arm=x86-tiny duration_ms=3.233431 warm_start=true reward=-1.613544 count=8 avg_reward=-1.654024 total_counts=26
2026/07/06 18:36:42 [LB] Compatible tag found: function=mab_cost_aware_1783355782 tag=x86-tiny/gpu/nvidia arch=amd64 pattern="" ring_size=1
2026/07/06 18:36:42 [LB] Compatible tag found: function=mab_cost_aware_1783355782 tag=arm-tiny arch=amd64 pattern="" ring_size=1
2026/07/06 18:36:42 [LB] Compatible tag found: function=mab_cost_aware_1783355782 tag=x86-large arch=amd64 pattern="" ring_size=1
2026/07/06 18:36:42 [LB] Compatible tag found: function=mab_cost_aware_1783355782 tag=x86-tiny arch=amd64 pattern="" ring_size=1
2026/07/06 18:36:42 [LB] Compatible tags for function 'mab_cost_aware_1783355782': [x86-tiny/gpu/nvidia arm-tiny x86-large x86-tiny]
2026/07/06 18:36:42 [LB][MAB] event=before_select function=mab_cost_aware_1783355782 compatible_tags=[x86-tiny/gpu/nvidia arm-tiny x86-large x86-tiny] has_context=true
2026/07/06 18:36:42 [MAB] event=arm_score ts=1783355802225 policy=UCB1 function=mab_cost_aware_1783355782 arm=x86-tiny/gpu/nvidia score=-1.319860 count=1 avg_reward=-2.763876 total_counts=26
2026/07/06 18:36:42 [MAB] event=arm_score ts=1783355802225 policy=UCB1 function=mab_cost_aware_1783355782 arm=arm-tiny score=-1.119658 count=15 avg_reward=-1.492502 total_counts=26
2026/07/06 18:36:42 [MAB] event=arm_score ts=1783355802225 policy=UCB1 function=mab_cost_aware_1783355782 arm=x86-large score=-1.245111 count=2 avg_reward=-2.266184 total_counts=26
2026/07/06 18:36:42 [MAB] event=arm_score ts=1783355802225 policy=UCB1 function=mab_cost_aware_1783355782 arm=x86-tiny score=-1.143487 count=8 avg_reward=-1.654024 total_counts=26
2026/07/06 18:36:42 [MAB] event=select_arm ts=1783355802225 policy=UCB1 function=mab_cost_aware_1783355782 selected_arm=arm-tiny reason=ucb_score score=-1.119658 total_counts=26 arms=[arm-tiny,x86-large,x86-tiny,x86-tiny/gpu/nvidia]
2026/07/06 18:36:42 [LB][MAB] event=after_select function=mab_cost_aware_1783355782 selected_tag=arm-tiny compatible_tags=[x86-tiny/gpu/nvidia arm-tiny x86-large x86-tiny]
2026/07/06 18:36:42 Candidate has: 512 MB free memory. Function needs: 128 MB
2026/07/06 18:36:42 [LB] Selected target for function 'mab_cost_aware_1783355782': target_tag=arm-tiny candidate=RC9BoWr7bsn5ThsQeA6m9d1783355783476196901 candidate_tag=arm-tiny
2026/07/06 18:36:42 [LB-Update] Node RC9BoWr7bsn5ThsQeA6m9d1783355783476196901 reported 512 MB free
2026/07/06 18:36:42 [MAB] event=reward_breakdown ts=1783355802230 policy=UCB1 function=mab_cost_aware_1783355782 arm=arm-tiny base_tag=arm-tiny architecture=arm specialization=tiny capabilities=[] duration_ms=3.479634 latency_reward=-1.246927 cost_weight=0.600000 cost_factor=0.400000 cost_term=0.240000 energy_weight=0.200000 energy_factor=0.600000 energy_term=0.120000 memory_weight=0.000000 memory_penalty=0.000000 memory_term=0.000000 final_reward=-1.606927
2026/07/06 18:36:42 [MAB] event=update_reward ts=1783355802230 policy=UCB1 function=mab_cost_aware_1783355782 arm=arm-tiny duration_ms=3.479634 warm_start=true reward=-1.606927 count=16 avg_reward=-1.499653 total_counts=27
2026/07/06 18:36:42 [LB] Compatible tag found: function=mab_cost_aware_1783355782 tag=x86-tiny/gpu/nvidia arch=amd64 pattern="" ring_size=1
2026/07/06 18:36:42 [LB] Compatible tag found: function=mab_cost_aware_1783355782 tag=arm-tiny arch=amd64 pattern="" ring_size=1
2026/07/06 18:36:42 [LB] Compatible tag found: function=mab_cost_aware_1783355782 tag=x86-large arch=amd64 pattern="" ring_size=1
2026/07/06 18:36:42 [LB] Compatible tag found: function=mab_cost_aware_1783355782 tag=x86-tiny arch=amd64 pattern="" ring_size=1
2026/07/06 18:36:42 [LB] Compatible tags for function 'mab_cost_aware_1783355782': [x86-tiny/gpu/nvidia arm-tiny x86-large x86-tiny]
2026/07/06 18:36:42 [LB][MAB] event=before_select function=mab_cost_aware_1783355782 compatible_tags=[x86-tiny/gpu/nvidia arm-tiny x86-large x86-tiny] has_context=true
2026/07/06 18:36:42 [MAB] event=arm_score ts=1783355802452 policy=UCB1 function=mab_cost_aware_1783355782 arm=x86-tiny score=-1.140539 count=8 avg_reward=-1.654024 total_counts=27
2026/07/06 18:36:42 [MAB] event=arm_score ts=1783355802452 policy=UCB1 function=mab_cost_aware_1783355782 arm=x86-tiny/gpu/nvidia score=-1.311520 count=1 avg_reward=-2.763876 total_counts=27
2026/07/06 18:36:42 [MAB] event=arm_score ts=1783355802452 policy=UCB1 function=mab_cost_aware_1783355782 arm=arm-tiny score=-1.136565 count=16 avg_reward=-1.499653 total_counts=27
2026/07/06 18:36:42 [MAB] event=arm_score ts=1783355802452 policy=UCB1 function=mab_cost_aware_1783355782 arm=x86-large score=-1.239214 count=2 avg_reward=-2.266184 total_counts=27
2026/07/06 18:36:42 [MAB] event=select_arm ts=1783355802452 policy=UCB1 function=mab_cost_aware_1783355782 selected_arm=arm-tiny reason=ucb_score score=-1.136565 total_counts=27 arms=[arm-tiny,x86-large,x86-tiny,x86-tiny/gpu/nvidia]
2026/07/06 18:36:42 [LB][MAB] event=after_select function=mab_cost_aware_1783355782 selected_tag=arm-tiny compatible_tags=[x86-tiny/gpu/nvidia arm-tiny x86-large x86-tiny]
2026/07/06 18:36:42 Candidate has: 512 MB free memory. Function needs: 128 MB
2026/07/06 18:36:42 [LB] Selected target for function 'mab_cost_aware_1783355782': target_tag=arm-tiny candidate=RC9BoWr7bsn5ThsQeA6m9d1783355783476196901 candidate_tag=arm-tiny
2026/07/06 18:36:42 [LB-Update] Node RC9BoWr7bsn5ThsQeA6m9d1783355783476196901 reported 512 MB free
2026/07/06 18:36:42 [MAB] event=reward_breakdown ts=1783355802456 policy=UCB1 function=mab_cost_aware_1783355782 arm=arm-tiny base_tag=arm-tiny architecture=arm specialization=tiny capabilities=[] duration_ms=3.438660 latency_reward=-1.235082 cost_weight=0.600000 cost_factor=0.400000 cost_term=0.240000 energy_weight=0.200000 energy_factor=0.600000 energy_term=0.120000 memory_weight=0.000000 memory_penalty=0.000000 memory_term=0.000000 final_reward=-1.595082
2026/07/06 18:36:42 [MAB] event=update_reward ts=1783355802456 policy=UCB1 function=mab_cost_aware_1783355782 arm=arm-tiny duration_ms=3.438660 warm_start=true reward=-1.595082 count=17 avg_reward=-1.505267 total_counts=28
2026/07/06 18:36:42 [LB] Compatible tag found: function=mab_cost_aware_1783355782 tag=x86-tiny/gpu/nvidia arch=amd64 pattern="" ring_size=1
2026/07/06 18:36:42 [LB] Compatible tag found: function=mab_cost_aware_1783355782 tag=arm-tiny arch=amd64 pattern="" ring_size=1
2026/07/06 18:36:42 [LB] Compatible tag found: function=mab_cost_aware_1783355782 tag=x86-large arch=amd64 pattern="" ring_size=1
2026/07/06 18:36:42 [LB] Compatible tag found: function=mab_cost_aware_1783355782 tag=x86-tiny arch=amd64 pattern="" ring_size=1
2026/07/06 18:36:42 [LB] Compatible tags for function 'mab_cost_aware_1783355782': [x86-tiny/gpu/nvidia arm-tiny x86-large x86-tiny]
2026/07/06 18:36:42 [LB][MAB] event=before_select function=mab_cost_aware_1783355782 compatible_tags=[x86-tiny/gpu/nvidia arm-tiny x86-large x86-tiny] has_context=true
2026/07/06 18:36:42 [MAB] event=arm_score ts=1783355802678 policy=UCB1 function=mab_cost_aware_1783355782 arm=x86-tiny/gpu/nvidia score=-1.303529 count=1 avg_reward=-2.763876 total_counts=28
2026/07/06 18:36:42 [MAB] event=arm_score ts=1783355802678 policy=UCB1 function=mab_cost_aware_1783355782 arm=arm-tiny score=-1.151081 count=17 avg_reward=-1.505267 total_counts=28
2026/07/06 18:36:42 [MAB] event=arm_score ts=1783355802678 policy=UCB1 function=mab_cost_aware_1783355782 arm=x86-large score=-1.233563 count=2 avg_reward=-2.266184 total_counts=28
2026/07/06 18:36:42 [MAB] event=arm_score ts=1783355802678 policy=UCB1 function=mab_cost_aware_1783355782 arm=x86-tiny score=-1.137714 count=8 avg_reward=-1.654024 total_counts=28
2026/07/06 18:36:42 [MAB] event=select_arm ts=1783355802678 policy=UCB1 function=mab_cost_aware_1783355782 selected_arm=x86-tiny reason=ucb_score score=-1.137714 total_counts=28 arms=[arm-tiny,x86-large,x86-tiny,x86-tiny/gpu/nvidia]
2026/07/06 18:36:42 [LB][MAB] event=after_select function=mab_cost_aware_1783355782 selected_tag=x86-tiny compatible_tags=[x86-tiny/gpu/nvidia arm-tiny x86-large x86-tiny]
2026/07/06 18:36:42 Candidate has: 512 MB free memory. Function needs: 128 MB
2026/07/06 18:36:42 [LB] Selected target for function 'mab_cost_aware_1783355782': target_tag=x86-tiny candidate=WjectcSXtXYALypFSHKKHj1783355783475722225 candidate_tag=x86-tiny
2026/07/06 18:36:42 [LB-Update] Node WjectcSXtXYALypFSHKKHj1783355783475722225 reported 512 MB free
2026/07/06 18:36:42 [MAB] event=reward_breakdown ts=1783355802682 policy=UCB1 function=mab_cost_aware_1783355782 arm=x86-tiny base_tag=x86-tiny architecture=x86 specialization=tiny capabilities=[] duration_ms=3.130555 latency_reward=-1.141210 cost_weight=0.600000 cost_factor=0.400000 cost_term=0.240000 energy_weight=0.200000 energy_factor=1.000000 energy_term=0.200000 memory_weight=0.000000 memory_penalty=0.000000 memory_term=0.000000 final_reward=-1.581210
2026/07/06 18:36:42 [MAB] event=update_reward ts=1783355802682 policy=UCB1 function=mab_cost_aware_1783355782 arm=x86-tiny duration_ms=3.130555 warm_start=true reward=-1.581210 count=9 avg_reward=-1.645933 total_counts=29
2026/07/06 18:36:42 [LB] Compatible tag found: function=mab_cost_aware_1783355782 tag=x86-tiny/gpu/nvidia arch=amd64 pattern="" ring_size=1
2026/07/06 18:36:42 [LB] Compatible tag found: function=mab_cost_aware_1783355782 tag=arm-tiny arch=amd64 pattern="" ring_size=1
2026/07/06 18:36:42 [LB] Compatible tag found: function=mab_cost_aware_1783355782 tag=x86-large arch=amd64 pattern="" ring_size=1
2026/07/06 18:36:42 [LB] Compatible tag found: function=mab_cost_aware_1783355782 tag=x86-tiny arch=amd64 pattern="" ring_size=1
2026/07/06 18:36:42 [LB] Compatible tags for function 'mab_cost_aware_1783355782': [x86-tiny/gpu/nvidia arm-tiny x86-large x86-tiny]
2026/07/06 18:36:42 [LB][MAB] event=before_select function=mab_cost_aware_1783355782 compatible_tags=[x86-tiny/gpu/nvidia arm-tiny x86-large x86-tiny] has_context=true
2026/07/06 18:36:42 [MAB] event=arm_score ts=1783355802903 policy=UCB1 function=mab_cost_aware_1783355782 arm=x86-tiny/gpu/nvidia score=-1.295860 count=1 avg_reward=-2.763876 total_counts=29
2026/07/06 18:36:42 [MAB] event=arm_score ts=1783355802903 policy=UCB1 function=mab_cost_aware_1783355782 arm=arm-tiny score=-1.149221 count=17 avg_reward=-1.505267 total_counts=29
2026/07/06 18:36:42 [MAB] event=arm_score ts=1783355802904 policy=UCB1 function=mab_cost_aware_1783355782 arm=x86-large score=-1.228140 count=2 avg_reward=-2.266184 total_counts=29
2026/07/06 18:36:42 [MAB] event=arm_score ts=1783355802904 policy=UCB1 function=mab_cost_aware_1783355782 arm=x86-tiny score=-1.156595 count=9 avg_reward=-1.645933 total_counts=29
2026/07/06 18:36:42 [MAB] event=select_arm ts=1783355802904 policy=UCB1 function=mab_cost_aware_1783355782 selected_arm=arm-tiny reason=ucb_score score=-1.149221 total_counts=29 arms=[arm-tiny,x86-large,x86-tiny,x86-tiny/gpu/nvidia]
2026/07/06 18:36:42 [LB][MAB] event=after_select function=mab_cost_aware_1783355782 selected_tag=arm-tiny compatible_tags=[x86-tiny/gpu/nvidia arm-tiny x86-large x86-tiny]
2026/07/06 18:36:42 Candidate has: 512 MB free memory. Function needs: 128 MB
2026/07/06 18:36:42 [LB] Selected target for function 'mab_cost_aware_1783355782': target_tag=arm-tiny candidate=RC9BoWr7bsn5ThsQeA6m9d1783355783476196901 candidate_tag=arm-tiny
2026/07/06 18:36:42 [LB-Update] Node RC9BoWr7bsn5ThsQeA6m9d1783355783476196901 reported 512 MB free
2026/07/06 18:36:42 [MAB] event=reward_breakdown ts=1783355802907 policy=UCB1 function=mab_cost_aware_1783355782 arm=arm-tiny base_tag=arm-tiny architecture=arm specialization=tiny capabilities=[] duration_ms=2.863426 latency_reward=-1.052019 cost_weight=0.600000 cost_factor=0.400000 cost_term=0.240000 energy_weight=0.200000 energy_factor=0.600000 energy_term=0.120000 memory_weight=0.000000 memory_penalty=0.000000 memory_term=0.000000 final_reward=-1.412019
2026/07/06 18:36:42 [MAB] event=update_reward ts=1783355802907 policy=UCB1 function=mab_cost_aware_1783355782 arm=arm-tiny duration_ms=2.863426 warm_start=true reward=-1.412019 count=18 avg_reward=-1.500086 total_counts=30
2026/07/06 18:36:43 [LB] Compatible tag found: function=mab_cost_aware_1783355782 tag=x86-tiny/gpu/nvidia arch=amd64 pattern="" ring_size=1
2026/07/06 18:36:43 [LB] Compatible tag found: function=mab_cost_aware_1783355782 tag=arm-tiny arch=amd64 pattern="" ring_size=1
2026/07/06 18:36:43 [LB] Compatible tag found: function=mab_cost_aware_1783355782 tag=x86-large arch=amd64 pattern="" ring_size=1
2026/07/06 18:36:43 [LB] Compatible tag found: function=mab_cost_aware_1783355782 tag=x86-tiny arch=amd64 pattern="" ring_size=1
2026/07/06 18:36:43 [LB] Compatible tags for function 'mab_cost_aware_1783355782': [x86-tiny/gpu/nvidia arm-tiny x86-large x86-tiny]
2026/07/06 18:36:43 [LB][MAB] event=before_select function=mab_cost_aware_1783355782 compatible_tags=[x86-tiny/gpu/nvidia arm-tiny x86-large x86-tiny] has_context=true
2026/07/06 18:36:43 [MAB] event=arm_score ts=1783355803129 policy=UCB1 function=mab_cost_aware_1783355782 arm=x86-tiny/gpu/nvidia score=-1.288489 count=1 avg_reward=-2.763876 total_counts=30
2026/07/06 18:36:43 [MAB] event=arm_score ts=1783355803129 policy=UCB1 function=mab_cost_aware_1783355782 arm=arm-tiny score=-1.152334 count=18 avg_reward=-1.500086 total_counts=30
2026/07/06 18:36:43 [MAB] event=arm_score ts=1783355803129 policy=UCB1 function=mab_cost_aware_1783355782 arm=x86-large score=-1.222928 count=2 avg_reward=-2.266184 total_counts=30
2026/07/06 18:36:43 [MAB] event=arm_score ts=1783355803129 policy=UCB1 function=mab_cost_aware_1783355782 arm=x86-tiny score=-1.154138 count=9 avg_reward=-1.645933 total_counts=30
2026/07/06 18:36:43 [MAB] event=select_arm ts=1783355803129 policy=UCB1 function=mab_cost_aware_1783355782 selected_arm=arm-tiny reason=ucb_score score=-1.152334 total_counts=30 arms=[arm-tiny,x86-large,x86-tiny,x86-tiny/gpu/nvidia]
2026/07/06 18:36:43 [LB][MAB] event=after_select function=mab_cost_aware_1783355782 selected_tag=arm-tiny compatible_tags=[x86-tiny/gpu/nvidia arm-tiny x86-large x86-tiny]
2026/07/06 18:36:43 Candidate has: 512 MB free memory. Function needs: 128 MB
2026/07/06 18:36:43 [LB] Selected target for function 'mab_cost_aware_1783355782': target_tag=arm-tiny candidate=RC9BoWr7bsn5ThsQeA6m9d1783355783476196901 candidate_tag=arm-tiny
2026/07/06 18:36:43 [LB-Update] Node RC9BoWr7bsn5ThsQeA6m9d1783355783476196901 reported 512 MB free
2026/07/06 18:36:43 [MAB] event=reward_breakdown ts=1783355803133 policy=UCB1 function=mab_cost_aware_1783355782 arm=arm-tiny base_tag=arm-tiny architecture=arm specialization=tiny capabilities=[] duration_ms=3.109405 latency_reward=-1.134431 cost_weight=0.600000 cost_factor=0.400000 cost_term=0.240000 energy_weight=0.200000 energy_factor=0.600000 energy_term=0.120000 memory_weight=0.000000 memory_penalty=0.000000 memory_term=0.000000 final_reward=-1.494431
2026/07/06 18:36:43 [MAB] event=update_reward ts=1783355803133 policy=UCB1 function=mab_cost_aware_1783355782 arm=arm-tiny duration_ms=3.109405 warm_start=true reward=-1.494431 count=19 avg_reward=-1.499789 total_counts=31
2026/07/06 18:36:43 [LB] Compatible tag found: function=mab_cost_aware_1783355782 tag=x86-tiny/gpu/nvidia arch=amd64 pattern="" ring_size=1
2026/07/06 18:36:43 [LB] Compatible tag found: function=mab_cost_aware_1783355782 tag=arm-tiny arch=amd64 pattern="" ring_size=1
2026/07/06 18:36:43 [LB] Compatible tag found: function=mab_cost_aware_1783355782 tag=x86-large arch=amd64 pattern="" ring_size=1
2026/07/06 18:36:43 [LB] Compatible tag found: function=mab_cost_aware_1783355782 tag=x86-tiny arch=amd64 pattern="" ring_size=1
2026/07/06 18:36:43 [LB] Compatible tags for function 'mab_cost_aware_1783355782': [x86-tiny/gpu/nvidia arm-tiny x86-large x86-tiny]
2026/07/06 18:36:43 [LB][MAB] event=before_select function=mab_cost_aware_1783355782 compatible_tags=[x86-tiny/gpu/nvidia arm-tiny x86-large x86-tiny] has_context=true
2026/07/06 18:36:43 [MAB] event=arm_score ts=1783355803353 policy=UCB1 function=mab_cost_aware_1783355782 arm=x86-tiny/gpu/nvidia score=-1.281394 count=1 avg_reward=-2.763876 total_counts=31
2026/07/06 18:36:43 [MAB] event=arm_score ts=1783355803353 policy=UCB1 function=mab_cost_aware_1783355782 arm=arm-tiny score=-1.159684 count=19 avg_reward=-1.499789 total_counts=31
2026/07/06 18:36:43 [MAB] event=arm_score ts=1783355803353 policy=UCB1 function=mab_cost_aware_1783355782 arm=x86-large score=-1.217911 count=2 avg_reward=-2.266184 total_counts=31
2026/07/06 18:36:43 [MAB] event=arm_score ts=1783355803353 policy=UCB1 function=mab_cost_aware_1783355782 arm=x86-tiny score=-1.151773 count=9 avg_reward=-1.645933 total_counts=31
2026/07/06 18:36:43 [MAB] event=select_arm ts=1783355803353 policy=UCB1 function=mab_cost_aware_1783355782 selected_arm=x86-tiny reason=ucb_score score=-1.151773 total_counts=31 arms=[arm-tiny,x86-large,x86-tiny,x86-tiny/gpu/nvidia]
2026/07/06 18:36:43 [LB][MAB] event=after_select function=mab_cost_aware_1783355782 selected_tag=x86-tiny compatible_tags=[x86-tiny/gpu/nvidia arm-tiny x86-large x86-tiny]
2026/07/06 18:36:43 Candidate has: 512 MB free memory. Function needs: 128 MB
2026/07/06 18:36:43 [LB] Selected target for function 'mab_cost_aware_1783355782': target_tag=x86-tiny candidate=WjectcSXtXYALypFSHKKHj1783355783475722225 candidate_tag=x86-tiny
2026/07/06 18:36:43 [LB-Update] Node WjectcSXtXYALypFSHKKHj1783355783475722225 reported 512 MB free
2026/07/06 18:36:43 [MAB] event=reward_breakdown ts=1783355803357 policy=UCB1 function=mab_cost_aware_1783355782 arm=x86-tiny base_tag=x86-tiny architecture=x86 specialization=tiny capabilities=[] duration_ms=3.100686 latency_reward=-1.131623 cost_weight=0.600000 cost_factor=0.400000 cost_term=0.240000 energy_weight=0.200000 energy_factor=1.000000 energy_term=0.200000 memory_weight=0.000000 memory_penalty=0.000000 memory_term=0.000000 final_reward=-1.571623
2026/07/06 18:36:43 [MAB] event=update_reward ts=1783355803357 policy=UCB1 function=mab_cost_aware_1783355782 arm=x86-tiny duration_ms=3.100686 warm_start=true reward=-1.571623 count=10 avg_reward=-1.638502 total_counts=32
2026/07/06 18:36:43 [LB]: Periodic targets update
2026/07/06 18:36:43 Found target: Yfj9dc9aZ5sc6MzJoZmaP61783355783474809800
2026/07/06 18:36:43 Found target: WjectcSXtXYALypFSHKKHj1783355783475722225
2026/07/06 18:36:43 Found target: vpsc5EyUeu2bgV5e5BQz2f1783355783477036272
2026/07/06 18:36:43 Found target: RC9BoWr7bsn5ThsQeA6m9d1783355783476196901
2026/07/06 18:36:43 Found 4 targets
2026/07/06 18:36:43 [LB] Compatible tag found: function=mab_cost_aware_1783355782 tag=x86-tiny/gpu/nvidia arch=amd64 pattern="" ring_size=1
2026/07/06 18:36:43 [LB] Compatible tag found: function=mab_cost_aware_1783355782 tag=arm-tiny arch=amd64 pattern="" ring_size=1
2026/07/06 18:36:43 [LB] Compatible tag found: function=mab_cost_aware_1783355782 tag=x86-large arch=amd64 pattern="" ring_size=1
2026/07/06 18:36:43 [LB] Compatible tag found: function=mab_cost_aware_1783355782 tag=x86-tiny arch=amd64 pattern="" ring_size=1
2026/07/06 18:36:43 [LB] Compatible tags for function 'mab_cost_aware_1783355782': [x86-tiny/gpu/nvidia arm-tiny x86-large x86-tiny]
2026/07/06 18:36:43 [LB][MAB] event=before_select function=mab_cost_aware_1783355782 compatible_tags=[x86-tiny/gpu/nvidia arm-tiny x86-large x86-tiny] has_context=true
2026/07/06 18:36:43 [MAB] event=arm_score ts=1783355803576 policy=UCB1 function=mab_cost_aware_1783355782 arm=arm-tiny score=-1.158115 count=19 avg_reward=-1.499789 total_counts=32
2026/07/06 18:36:43 [MAB] event=arm_score ts=1783355803576 policy=UCB1 function=mab_cost_aware_1783355782 arm=x86-large score=-1.213076 count=2 avg_reward=-2.266184 total_counts=32
2026/07/06 18:36:43 [MAB] event=arm_score ts=1783355803576 policy=UCB1 function=mab_cost_aware_1783355782 arm=x86-tiny score=-1.167538 count=10 avg_reward=-1.638502 total_counts=32
2026/07/06 18:36:43 [MAB] event=arm_score ts=1783355803576 policy=UCB1 function=mab_cost_aware_1783355782 arm=x86-tiny/gpu/nvidia score=-1.274557 count=1 avg_reward=-2.763876 total_counts=32
2026/07/06 18:36:43 [MAB] event=select_arm ts=1783355803576 policy=UCB1 function=mab_cost_aware_1783355782 selected_arm=arm-tiny reason=ucb_score score=-1.158115 total_counts=32 arms=[arm-tiny,x86-large,x86-tiny,x86-tiny/gpu/nvidia]
2026/07/06 18:36:43 [LB][MAB] event=after_select function=mab_cost_aware_1783355782 selected_tag=arm-tiny compatible_tags=[x86-tiny/gpu/nvidia arm-tiny x86-large x86-tiny]
2026/07/06 18:36:43 Candidate has: 512 MB free memory. Function needs: 128 MB
2026/07/06 18:36:43 [LB] Selected target for function 'mab_cost_aware_1783355782': target_tag=arm-tiny candidate=RC9BoWr7bsn5ThsQeA6m9d1783355783476196901 candidate_tag=arm-tiny
2026/07/06 18:36:43 [LB-Update] Node RC9BoWr7bsn5ThsQeA6m9d1783355783476196901 reported 512 MB free
2026/07/06 18:36:43 [MAB] event=reward_breakdown ts=1783355803579 policy=UCB1 function=mab_cost_aware_1783355782 arm=arm-tiny base_tag=arm-tiny architecture=arm specialization=tiny capabilities=[] duration_ms=2.943314 latency_reward=-1.079536 cost_weight=0.600000 cost_factor=0.400000 cost_term=0.240000 energy_weight=0.200000 energy_factor=0.600000 energy_term=0.120000 memory_weight=0.000000 memory_penalty=0.000000 memory_term=0.000000 final_reward=-1.439536
2026/07/06 18:36:43 [MAB] event=update_reward ts=1783355803579 policy=UCB1 function=mab_cost_aware_1783355782 arm=arm-tiny duration_ms=2.943314 warm_start=true reward=-1.439536 count=20 avg_reward=-1.496776 total_counts=33
2026/07/06 18:36:43 [LB] Compatible tag found: function=mab_cost_aware_1783355782 tag=x86-tiny/gpu/nvidia arch=amd64 pattern="" ring_size=1
2026/07/06 18:36:43 [LB] Compatible tag found: function=mab_cost_aware_1783355782 tag=arm-tiny arch=amd64 pattern="" ring_size=1
2026/07/06 18:36:43 [LB] Compatible tag found: function=mab_cost_aware_1783355782 tag=x86-large arch=amd64 pattern="" ring_size=1
2026/07/06 18:36:43 [LB] Compatible tag found: function=mab_cost_aware_1783355782 tag=x86-tiny arch=amd64 pattern="" ring_size=1
2026/07/06 18:36:43 [LB] Compatible tags for function 'mab_cost_aware_1783355782': [x86-tiny/gpu/nvidia arm-tiny x86-large x86-tiny]
2026/07/06 18:36:43 [LB][MAB] event=before_select function=mab_cost_aware_1783355782 compatible_tags=[x86-tiny/gpu/nvidia arm-tiny x86-large x86-tiny] has_context=true
2026/07/06 18:36:43 [MAB] event=arm_score ts=1783355803798 policy=UCB1 function=mab_cost_aware_1783355782 arm=x86-tiny/gpu/nvidia score=-1.267959 count=1 avg_reward=-2.763876 total_counts=33
2026/07/06 18:36:43 [MAB] event=arm_score ts=1783355803798 policy=UCB1 function=mab_cost_aware_1783355782 arm=arm-tiny score=-1.162279 count=20 avg_reward=-1.496776 total_counts=33
2026/07/06 18:36:43 [MAB] event=arm_score ts=1783355803798 policy=UCB1 function=mab_cost_aware_1783355782 arm=x86-large score=-1.208412 count=2 avg_reward=-2.266184 total_counts=33
2026/07/06 18:36:43 [MAB] event=arm_score ts=1783355803798 policy=UCB1 function=mab_cost_aware_1783355782 arm=x86-tiny score=-1.165452 count=10 avg_reward=-1.638502 total_counts=33
2026/07/06 18:36:43 [MAB] event=select_arm ts=1783355803798 policy=UCB1 function=mab_cost_aware_1783355782 selected_arm=arm-tiny reason=ucb_score score=-1.162279 total_counts=33 arms=[arm-tiny,x86-large,x86-tiny,x86-tiny/gpu/nvidia]
2026/07/06 18:36:43 [LB][MAB] event=after_select function=mab_cost_aware_1783355782 selected_tag=arm-tiny compatible_tags=[x86-tiny/gpu/nvidia arm-tiny x86-large x86-tiny]
2026/07/06 18:36:43 Candidate has: 512 MB free memory. Function needs: 128 MB
2026/07/06 18:36:43 [LB] Selected target for function 'mab_cost_aware_1783355782': target_tag=arm-tiny candidate=RC9BoWr7bsn5ThsQeA6m9d1783355783476196901 candidate_tag=arm-tiny
2026/07/06 18:36:43 [LB-Update] Node RC9BoWr7bsn5ThsQeA6m9d1783355783476196901 reported 512 MB free
2026/07/06 18:36:43 [MAB] event=reward_breakdown ts=1783355803802 policy=UCB1 function=mab_cost_aware_1783355782 arm=arm-tiny base_tag=arm-tiny architecture=arm specialization=tiny capabilities=[] duration_ms=2.962858 latency_reward=-1.086154 cost_weight=0.600000 cost_factor=0.400000 cost_term=0.240000 energy_weight=0.200000 energy_factor=0.600000 energy_term=0.120000 memory_weight=0.000000 memory_penalty=0.000000 memory_term=0.000000 final_reward=-1.446154
2026/07/06 18:36:43 [MAB] event=update_reward ts=1783355803802 policy=UCB1 function=mab_cost_aware_1783355782 arm=arm-tiny duration_ms=2.962858 warm_start=true reward=-1.446154 count=21 avg_reward=-1.494366 total_counts=34
2026/07/06 18:36:44 [LB] Compatible tag found: function=mab_cost_aware_1783355782 tag=x86-tiny/gpu/nvidia arch=amd64 pattern="" ring_size=1
2026/07/06 18:36:44 [LB] Compatible tag found: function=mab_cost_aware_1783355782 tag=arm-tiny arch=amd64 pattern="" ring_size=1
2026/07/06 18:36:44 [LB] Compatible tag found: function=mab_cost_aware_1783355782 tag=x86-large arch=amd64 pattern="" ring_size=1
2026/07/06 18:36:44 [LB] Compatible tag found: function=mab_cost_aware_1783355782 tag=x86-tiny arch=amd64 pattern="" ring_size=1
2026/07/06 18:36:44 [LB] Compatible tags for function 'mab_cost_aware_1783355782': [x86-tiny/gpu/nvidia arm-tiny x86-large x86-tiny]
2026/07/06 18:36:44 [LB][MAB] event=before_select function=mab_cost_aware_1783355782 compatible_tags=[x86-tiny/gpu/nvidia arm-tiny x86-large x86-tiny] has_context=true
2026/07/06 18:36:44 [MAB] event=arm_score ts=1783355804021 policy=UCB1 function=mab_cost_aware_1783355782 arm=x86-tiny/gpu/nvidia score=-1.261587 count=1 avg_reward=-2.763876 total_counts=34
2026/07/06 18:36:44 [MAB] event=arm_score ts=1783355804021 policy=UCB1 function=mab_cost_aware_1783355782 arm=arm-tiny score=-1.166539 count=21 avg_reward=-1.494366 total_counts=34
2026/07/06 18:36:44 [MAB] event=arm_score ts=1783355804021 policy=UCB1 function=mab_cost_aware_1783355782 arm=x86-large score=-1.203906 count=2 avg_reward=-2.266184 total_counts=34
2026/07/06 18:36:44 [MAB] event=arm_score ts=1783355804021 policy=UCB1 function=mab_cost_aware_1783355782 arm=x86-tiny score=-1.163437 count=10 avg_reward=-1.638502 total_counts=34
2026/07/06 18:36:44 [MAB] event=select_arm ts=1783355804021 policy=UCB1 function=mab_cost_aware_1783355782 selected_arm=x86-tiny reason=ucb_score score=-1.163437 total_counts=34 arms=[arm-tiny,x86-large,x86-tiny,x86-tiny/gpu/nvidia]
2026/07/06 18:36:44 [LB][MAB] event=after_select function=mab_cost_aware_1783355782 selected_tag=x86-tiny compatible_tags=[x86-tiny/gpu/nvidia arm-tiny x86-large x86-tiny]
2026/07/06 18:36:44 Candidate has: 512 MB free memory. Function needs: 128 MB
2026/07/06 18:36:44 [LB] Selected target for function 'mab_cost_aware_1783355782': target_tag=x86-tiny candidate=WjectcSXtXYALypFSHKKHj1783355783475722225 candidate_tag=x86-tiny
2026/07/06 18:36:44 [LB-Update] Node WjectcSXtXYALypFSHKKHj1783355783475722225 reported 512 MB free
2026/07/06 18:36:44 [MAB] event=reward_breakdown ts=1783355804025 policy=UCB1 function=mab_cost_aware_1783355782 arm=x86-tiny base_tag=x86-tiny architecture=x86 specialization=tiny capabilities=[] duration_ms=2.971415 latency_reward=-1.089038 cost_weight=0.600000 cost_factor=0.400000 cost_term=0.240000 energy_weight=0.200000 energy_factor=1.000000 energy_term=0.200000 memory_weight=0.000000 memory_penalty=0.000000 memory_term=0.000000 final_reward=-1.529038
2026/07/06 18:36:44 [MAB] event=update_reward ts=1783355804025 policy=UCB1 function=mab_cost_aware_1783355782 arm=x86-tiny duration_ms=2.971415 warm_start=true reward=-1.529038 count=11 avg_reward=-1.628551 total_counts=35
2026/07/06 18:36:44 [LB] Compatible tag found: function=mab_cost_aware_1783355782 tag=x86-tiny/gpu/nvidia arch=amd64 pattern="" ring_size=1
2026/07/06 18:36:44 [LB] Compatible tag found: function=mab_cost_aware_1783355782 tag=arm-tiny arch=amd64 pattern="" ring_size=1
2026/07/06 18:36:44 [LB] Compatible tag found: function=mab_cost_aware_1783355782 tag=x86-large arch=amd64 pattern="" ring_size=1
2026/07/06 18:36:44 [LB] Compatible tag found: function=mab_cost_aware_1783355782 tag=x86-tiny arch=amd64 pattern="" ring_size=1
2026/07/06 18:36:44 [LB] Compatible tags for function 'mab_cost_aware_1783355782': [x86-tiny/gpu/nvidia arm-tiny x86-large x86-tiny]
2026/07/06 18:36:44 [LB][MAB] event=before_select function=mab_cost_aware_1783355782 compatible_tags=[x86-tiny/gpu/nvidia arm-tiny x86-large x86-tiny] has_context=true
2026/07/06 18:36:44 [MAB] event=arm_score ts=1783355804247 policy=UCB1 function=mab_cost_aware_1783355782 arm=x86-tiny/gpu/nvidia score=-1.255425 count=1 avg_reward=-2.763876 total_counts=35
2026/07/06 18:36:44 [MAB] event=arm_score ts=1783355804247 policy=UCB1 function=mab_cost_aware_1783355782 arm=arm-tiny score=-1.165195 count=21 avg_reward=-1.494366 total_counts=35
2026/07/06 18:36:44 [MAB] event=arm_score ts=1783355804247 policy=UCB1 function=mab_cost_aware_1783355782 arm=x86-large score=-1.199548 count=2 avg_reward=-2.266184 total_counts=35
2026/07/06 18:36:44 [MAB] event=arm_score ts=1783355804247 policy=UCB1 function=mab_cost_aware_1783355782 arm=x86-tiny score=-1.173736 count=11 avg_reward=-1.628551 total_counts=35
2026/07/06 18:36:44 [MAB] event=select_arm ts=1783355804247 policy=UCB1 function=mab_cost_aware_1783355782 selected_arm=arm-tiny reason=ucb_score score=-1.165195 total_counts=35 arms=[arm-tiny,x86-large,x86-tiny,x86-tiny/gpu/nvidia]
2026/07/06 18:36:44 [LB][MAB] event=after_select function=mab_cost_aware_1783355782 selected_tag=arm-tiny compatible_tags=[x86-tiny/gpu/nvidia arm-tiny x86-large x86-tiny]
2026/07/06 18:36:44 Candidate has: 512 MB free memory. Function needs: 128 MB
2026/07/06 18:36:44 [LB] Selected target for function 'mab_cost_aware_1783355782': target_tag=arm-tiny candidate=RC9BoWr7bsn5ThsQeA6m9d1783355783476196901 candidate_tag=arm-tiny
2026/07/06 18:36:44 [LB-Update] Node RC9BoWr7bsn5ThsQeA6m9d1783355783476196901 reported 512 MB free
2026/07/06 18:36:44 [MAB] event=reward_breakdown ts=1783355804252 policy=UCB1 function=mab_cost_aware_1783355782 arm=arm-tiny base_tag=arm-tiny architecture=arm specialization=tiny capabilities=[] duration_ms=3.628984 latency_reward=-1.288953 cost_weight=0.600000 cost_factor=0.400000 cost_term=0.240000 energy_weight=0.200000 energy_factor=0.600000 energy_term=0.120000 memory_weight=0.000000 memory_penalty=0.000000 memory_term=0.000000 final_reward=-1.648953
2026/07/06 18:36:44 [MAB] event=update_reward ts=1783355804252 policy=UCB1 function=mab_cost_aware_1783355782 arm=arm-tiny duration_ms=3.628984 warm_start=true reward=-1.648953 count=22 avg_reward=-1.501392 total_counts=36
2026/07/06 18:36:44 [LB] Compatible tag found: function=mab_cost_aware_1783355782 tag=x86-tiny/gpu/nvidia arch=amd64 pattern="" ring_size=1
2026/07/06 18:36:44 [LB] Compatible tag found: function=mab_cost_aware_1783355782 tag=arm-tiny arch=amd64 pattern="" ring_size=1
2026/07/06 18:36:44 [LB] Compatible tag found: function=mab_cost_aware_1783355782 tag=x86-large arch=amd64 pattern="" ring_size=1
2026/07/06 18:36:44 [LB] Compatible tag found: function=mab_cost_aware_1783355782 tag=x86-tiny arch=amd64 pattern="" ring_size=1
2026/07/06 18:36:44 [LB] Compatible tags for function 'mab_cost_aware_1783355782': [x86-tiny/gpu/nvidia arm-tiny x86-large x86-tiny]
2026/07/06 18:36:44 [LB][MAB] event=before_select function=mab_cost_aware_1783355782 compatible_tags=[x86-tiny/gpu/nvidia arm-tiny x86-large x86-tiny] has_context=true
2026/07/06 18:36:44 [MAB] event=arm_score ts=1783355804473 policy=UCB1 function=mab_cost_aware_1783355782 arm=arm-tiny score=-1.178518 count=22 avg_reward=-1.501392 total_counts=36
2026/07/06 18:36:44 [MAB] event=arm_score ts=1783355804473 policy=UCB1 function=mab_cost_aware_1783355782 arm=x86-large score=-1.195331 count=2 avg_reward=-2.266184 total_counts=36
2026/07/06 18:36:44 [MAB] event=arm_score ts=1783355804473 policy=UCB1 function=mab_cost_aware_1783355782 arm=x86-tiny score=-1.171938 count=11 avg_reward=-1.628551 total_counts=36
2026/07/06 18:36:44 [MAB] event=arm_score ts=1783355804473 policy=UCB1 function=mab_cost_aware_1783355782 arm=x86-tiny/gpu/nvidia score=-1.249461 count=1 avg_reward=-2.763876 total_counts=36
2026/07/06 18:36:44 [MAB] event=select_arm ts=1783355804473 policy=UCB1 function=mab_cost_aware_1783355782 selected_arm=x86-tiny reason=ucb_score score=-1.171938 total_counts=36 arms=[arm-tiny,x86-large,x86-tiny,x86-tiny/gpu/nvidia]
2026/07/06 18:36:44 [LB][MAB] event=after_select function=mab_cost_aware_1783355782 selected_tag=x86-tiny compatible_tags=[x86-tiny/gpu/nvidia arm-tiny x86-large x86-tiny]
2026/07/06 18:36:44 Candidate has: 512 MB free memory. Function needs: 128 MB
2026/07/06 18:36:44 [LB] Selected target for function 'mab_cost_aware_1783355782': target_tag=x86-tiny candidate=WjectcSXtXYALypFSHKKHj1783355783475722225 candidate_tag=x86-tiny
2026/07/06 18:36:44 [LB-Update] Node WjectcSXtXYALypFSHKKHj1783355783475722225 reported 512 MB free
2026/07/06 18:36:44 [MAB] event=reward_breakdown ts=1783355804477 policy=UCB1 function=mab_cost_aware_1783355782 arm=x86-tiny base_tag=x86-tiny architecture=x86 specialization=tiny capabilities=[] duration_ms=3.091422 latency_reward=-1.128631 cost_weight=0.600000 cost_factor=0.400000 cost_term=0.240000 energy_weight=0.200000 energy_factor=1.000000 energy_term=0.200000 memory_weight=0.000000 memory_penalty=0.000000 memory_term=0.000000 final_reward=-1.568631
2026/07/06 18:36:44 [MAB] event=update_reward ts=1783355804477 policy=UCB1 function=mab_cost_aware_1783355782 arm=x86-tiny duration_ms=3.091422 warm_start=true reward=-1.568631 count=12 avg_reward=-1.623558 total_counts=37
2026/07/06 18:36:44 [LB] Compatible tag found: function=mab_cost_aware_1783355782 tag=x86-tiny/gpu/nvidia arch=amd64 pattern="" ring_size=1
2026/07/06 18:36:44 [LB] Compatible tag found: function=mab_cost_aware_1783355782 tag=arm-tiny arch=amd64 pattern="" ring_size=1
2026/07/06 18:36:44 [LB] Compatible tag found: function=mab_cost_aware_1783355782 tag=x86-large arch=amd64 pattern="" ring_size=1
2026/07/06 18:36:44 [LB] Compatible tag found: function=mab_cost_aware_1783355782 tag=x86-tiny arch=amd64 pattern="" ring_size=1
2026/07/06 18:36:44 [LB] Compatible tags for function 'mab_cost_aware_1783355782': [x86-tiny/gpu/nvidia arm-tiny x86-large x86-tiny]
2026/07/06 18:36:44 [LB][MAB] event=before_select function=mab_cost_aware_1783355782 compatible_tags=[x86-tiny/gpu/nvidia arm-tiny x86-large x86-tiny] has_context=true
2026/07/06 18:36:44 [MAB] event=arm_score ts=1783355804699 policy=UCB1 function=mab_cost_aware_1783355782 arm=x86-tiny/gpu/nvidia score=-1.243682 count=1 avg_reward=-2.763876 total_counts=37
2026/07/06 18:36:44 [MAB] event=arm_score ts=1783355804699 policy=UCB1 function=mab_cost_aware_1783355782 arm=arm-tiny score=-1.177286 count=22 avg_reward=-1.501392 total_counts=37
2026/07/06 18:36:44 [MAB] event=arm_score ts=1783355804699 policy=UCB1 function=mab_cost_aware_1783355782 arm=x86-large score=-1.191245 count=2 avg_reward=-2.266184 total_counts=37
2026/07/06 18:36:44 [MAB] event=arm_score ts=1783355804699 policy=UCB1 function=mab_cost_aware_1783355782 arm=x86-tiny score=-1.184716 count=12 avg_reward=-1.623558 total_counts=37
2026/07/06 18:36:44 [MAB] event=select_arm ts=1783355804699 policy=UCB1 function=mab_cost_aware_1783355782 selected_arm=arm-tiny reason=ucb_score score=-1.177286 total_counts=37 arms=[arm-tiny,x86-large,x86-tiny,x86-tiny/gpu/nvidia]
2026/07/06 18:36:44 [LB][MAB] event=after_select function=mab_cost_aware_1783355782 selected_tag=arm-tiny compatible_tags=[x86-tiny/gpu/nvidia arm-tiny x86-large x86-tiny]
2026/07/06 18:36:44 Candidate has: 512 MB free memory. Function needs: 128 MB
2026/07/06 18:36:44 [LB] Selected target for function 'mab_cost_aware_1783355782': target_tag=arm-tiny candidate=RC9BoWr7bsn5ThsQeA6m9d1783355783476196901 candidate_tag=arm-tiny
2026/07/06 18:36:44 [LB-Update] Node RC9BoWr7bsn5ThsQeA6m9d1783355783476196901 reported 512 MB free
2026/07/06 18:36:44 [MAB] event=reward_breakdown ts=1783355804703 policy=UCB1 function=mab_cost_aware_1783355782 arm=arm-tiny base_tag=arm-tiny architecture=arm specialization=tiny capabilities=[] duration_ms=3.583199 latency_reward=-1.276256 cost_weight=0.600000 cost_factor=0.400000 cost_term=0.240000 energy_weight=0.200000 energy_factor=0.600000 energy_term=0.120000 memory_weight=0.000000 memory_penalty=0.000000 memory_term=0.000000 final_reward=-1.636256
2026/07/06 18:36:44 [MAB] event=update_reward ts=1783355804703 policy=UCB1 function=mab_cost_aware_1783355782 arm=arm-tiny duration_ms=3.583199 warm_start=true reward=-1.636256 count=23 avg_reward=-1.507256 total_counts=38
2026/07/06 18:36:44 [LB] Compatible tag found: function=mab_cost_aware_1783355782 tag=x86-tiny/gpu/nvidia arch=amd64 pattern="" ring_size=1
2026/07/06 18:36:44 [LB] Compatible tag found: function=mab_cost_aware_1783355782 tag=arm-tiny arch=amd64 pattern="" ring_size=1
2026/07/06 18:36:44 [LB] Compatible tag found: function=mab_cost_aware_1783355782 tag=x86-large arch=amd64 pattern="" ring_size=1
2026/07/06 18:36:44 [LB] Compatible tag found: function=mab_cost_aware_1783355782 tag=x86-tiny arch=amd64 pattern="" ring_size=1
2026/07/06 18:36:44 [LB] Compatible tags for function 'mab_cost_aware_1783355782': [x86-tiny/gpu/nvidia arm-tiny x86-large x86-tiny]
2026/07/06 18:36:44 [LB][MAB] event=before_select function=mab_cost_aware_1783355782 compatible_tags=[x86-tiny/gpu/nvidia arm-tiny x86-large x86-tiny] has_context=true
2026/07/06 18:36:44 [MAB] event=arm_score ts=1783355804922 policy=UCB1 function=mab_cost_aware_1783355782 arm=x86-tiny/gpu/nvidia score=-1.238079 count=1 avg_reward=-2.763876 total_counts=38
2026/07/06 18:36:44 [MAB] event=arm_score ts=1783355804922 policy=UCB1 function=mab_cost_aware_1783355782 arm=arm-tiny score=-1.189105 count=23 avg_reward=-1.507256 total_counts=38
2026/07/06 18:36:44 [MAB] event=arm_score ts=1783355804922 policy=UCB1 function=mab_cost_aware_1783355782 arm=x86-large score=-1.187283 count=2 avg_reward=-2.266184 total_counts=38
2026/07/06 18:36:44 [MAB] event=arm_score ts=1783355804922 policy=UCB1 function=mab_cost_aware_1783355782 arm=x86-tiny score=-1.183098 count=12 avg_reward=-1.623558 total_counts=38
2026/07/06 18:36:44 [MAB] event=select_arm ts=1783355804922 policy=UCB1 function=mab_cost_aware_1783355782 selected_arm=x86-tiny reason=ucb_score score=-1.183098 total_counts=38 arms=[arm-tiny,x86-large,x86-tiny,x86-tiny/gpu/nvidia]
2026/07/06 18:36:44 [LB][MAB] event=after_select function=mab_cost_aware_1783355782 selected_tag=x86-tiny compatible_tags=[x86-tiny/gpu/nvidia arm-tiny x86-large x86-tiny]
2026/07/06 18:36:44 Candidate has: 512 MB free memory. Function needs: 128 MB
2026/07/06 18:36:44 [LB] Selected target for function 'mab_cost_aware_1783355782': target_tag=x86-tiny candidate=WjectcSXtXYALypFSHKKHj1783355783475722225 candidate_tag=x86-tiny
2026/07/06 18:36:44 [LB-Update] Node WjectcSXtXYALypFSHKKHj1783355783475722225 reported 512 MB free
2026/07/06 18:36:44 [MAB] event=reward_breakdown ts=1783355804926 policy=UCB1 function=mab_cost_aware_1783355782 arm=x86-tiny base_tag=x86-tiny architecture=x86 specialization=tiny capabilities=[] duration_ms=3.145378 latency_reward=-1.145934 cost_weight=0.600000 cost_factor=0.400000 cost_term=0.240000 energy_weight=0.200000 energy_factor=1.000000 energy_term=0.200000 memory_weight=0.000000 memory_penalty=0.000000 memory_term=0.000000 final_reward=-1.585934
2026/07/06 18:36:44 [MAB] event=update_reward ts=1783355804926 policy=UCB1 function=mab_cost_aware_1783355782 arm=x86-tiny duration_ms=3.145378 warm_start=true reward=-1.585934 count=13 avg_reward=-1.620664 total_counts=39
2026/07/06 18:36:45 [LB] Compatible tag found: function=mab_cost_aware_1783355782 tag=x86-tiny/gpu/nvidia arch=amd64 pattern="" ring_size=1
2026/07/06 18:36:45 [LB] Compatible tag found: function=mab_cost_aware_1783355782 tag=arm-tiny arch=amd64 pattern="" ring_size=1
2026/07/06 18:36:45 [LB] Compatible tag found: function=mab_cost_aware_1783355782 tag=x86-large arch=amd64 pattern="" ring_size=1
2026/07/06 18:36:45 [LB] Compatible tag found: function=mab_cost_aware_1783355782 tag=x86-tiny arch=amd64 pattern="" ring_size=1
2026/07/06 18:36:45 [LB] Compatible tags for function 'mab_cost_aware_1783355782': [x86-tiny/gpu/nvidia arm-tiny x86-large x86-tiny]
2026/07/06 18:36:45 [LB][MAB] event=before_select function=mab_cost_aware_1783355782 compatible_tags=[x86-tiny/gpu/nvidia arm-tiny x86-large x86-tiny] has_context=true
2026/07/06 18:36:45 [MAB] event=arm_score ts=1783355805145 policy=UCB1 function=mab_cost_aware_1783355782 arm=x86-tiny score=-1.195976 count=13 avg_reward=-1.620664 total_counts=39
2026/07/06 18:36:45 [MAB] event=arm_score ts=1783355805145 policy=UCB1 function=mab_cost_aware_1783355782 arm=x86-tiny/gpu/nvidia score=-1.232641 count=1 avg_reward=-2.763876 total_counts=39
2026/07/06 18:36:45 [MAB] event=arm_score ts=1783355805145 policy=UCB1 function=mab_cost_aware_1783355782 arm=arm-tiny score=-1.187971 count=23 avg_reward=-1.507256 total_counts=39
2026/07/06 18:36:45 [MAB] event=arm_score ts=1783355805145 policy=UCB1 function=mab_cost_aware_1783355782 arm=x86-large score=-1.183438 count=2 avg_reward=-2.266184 total_counts=39
2026/07/06 18:36:45 [MAB] event=select_arm ts=1783355805145 policy=UCB1 function=mab_cost_aware_1783355782 selected_arm=x86-large reason=ucb_score score=-1.183438 total_counts=39 arms=[arm-tiny,x86-large,x86-tiny,x86-tiny/gpu/nvidia]
2026/07/06 18:36:45 [LB][MAB] event=after_select function=mab_cost_aware_1783355782 selected_tag=x86-large compatible_tags=[x86-tiny/gpu/nvidia arm-tiny x86-large x86-tiny]
2026/07/06 18:36:45 Candidate has: 512 MB free memory. Function needs: 128 MB
2026/07/06 18:36:45 [LB] Selected target for function 'mab_cost_aware_1783355782': target_tag=x86-large candidate=Yfj9dc9aZ5sc6MzJoZmaP61783355783474809800 candidate_tag=x86-large
2026/07/06 18:36:45 [LB-Update] Node Yfj9dc9aZ5sc6MzJoZmaP61783355783474809800 reported 512 MB free
2026/07/06 18:36:45 [MAB] event=reward_breakdown ts=1783355805149 policy=UCB1 function=mab_cost_aware_1783355782 arm=x86-large base_tag=x86-large architecture=x86 specialization=large capabilities=[] duration_ms=3.187625 latency_reward=-1.159276 cost_weight=0.600000 cost_factor=1.200000 cost_term=0.720000 energy_weight=0.200000 energy_factor=1.200000 energy_term=0.240000 memory_weight=0.000000 memory_penalty=0.000000 memory_term=0.000000 final_reward=-2.119276
2026/07/06 18:36:45 [MAB] event=update_reward ts=1783355805149 policy=UCB1 function=mab_cost_aware_1783355782 arm=x86-large duration_ms=3.187625 warm_start=true reward=-2.119276 count=3 avg_reward=-2.217215 total_counts=40
2026/07/06 18:36:45 [LB] Compatible tag found: function=mab_cost_aware_1783355782 tag=x86-tiny/gpu/nvidia arch=amd64 pattern="" ring_size=1
2026/07/06 18:36:45 [LB] Compatible tag found: function=mab_cost_aware_1783355782 tag=arm-tiny arch=amd64 pattern="" ring_size=1
2026/07/06 18:36:45 [LB] Compatible tag found: function=mab_cost_aware_1783355782 tag=x86-large arch=amd64 pattern="" ring_size=1
2026/07/06 18:36:45 [LB] Compatible tag found: function=mab_cost_aware_1783355782 tag=x86-tiny arch=amd64 pattern="" ring_size=1
2026/07/06 18:36:45 [LB] Compatible tags for function 'mab_cost_aware_1783355782': [x86-tiny/gpu/nvidia arm-tiny x86-large x86-tiny]
2026/07/06 18:36:45 [LB][MAB] event=before_select function=mab_cost_aware_1783355782 compatible_tags=[x86-tiny/gpu/nvidia arm-tiny x86-large x86-tiny] has_context=true
2026/07/06 18:36:45 [MAB] event=arm_score ts=1783355805370 policy=UCB1 function=mab_cost_aware_1783355782 arm=x86-tiny/gpu/nvidia score=-1.227359 count=1 avg_reward=-2.763876 total_counts=40
2026/07/06 18:36:45 [MAB] event=arm_score ts=1783355805370 policy=UCB1 function=mab_cost_aware_1783355782 arm=arm-tiny score=-1.186870 count=23 avg_reward=-1.507256 total_counts=40
2026/07/06 18:36:45 [MAB] event=arm_score ts=1783355805370 policy=UCB1 function=mab_cost_aware_1783355782 arm=x86-large score=-1.330107 count=3 avg_reward=-2.217215 total_counts=40
2026/07/06 18:36:45 [MAB] event=arm_score ts=1783355805370 policy=UCB1 function=mab_cost_aware_1783355782 arm=x86-tiny score=-1.194511 count=13 avg_reward=-1.620664 total_counts=40
2026/07/06 18:36:45 [MAB] event=select_arm ts=1783355805370 policy=UCB1 function=mab_cost_aware_1783355782 selected_arm=arm-tiny reason=ucb_score score=-1.186870 total_counts=40 arms=[arm-tiny,x86-large,x86-tiny,x86-tiny/gpu/nvidia]
2026/07/06 18:36:45 [LB][MAB] event=after_select function=mab_cost_aware_1783355782 selected_tag=arm-tiny compatible_tags=[x86-tiny/gpu/nvidia arm-tiny x86-large x86-tiny]
2026/07/06 18:36:45 Candidate has: 512 MB free memory. Function needs: 128 MB
2026/07/06 18:36:45 [LB] Selected target for function 'mab_cost_aware_1783355782': target_tag=arm-tiny candidate=RC9BoWr7bsn5ThsQeA6m9d1783355783476196901 candidate_tag=arm-tiny
2026/07/06 18:36:45 [LB-Update] Node RC9BoWr7bsn5ThsQeA6m9d1783355783476196901 reported 512 MB free
2026/07/06 18:36:45 [MAB] event=reward_breakdown ts=1783355805373 policy=UCB1 function=mab_cost_aware_1783355782 arm=arm-tiny base_tag=arm-tiny architecture=arm specialization=tiny capabilities=[] duration_ms=2.576141 latency_reward=-0.946293 cost_weight=0.600000 cost_factor=0.400000 cost_term=0.240000 energy_weight=0.200000 energy_factor=0.600000 energy_term=0.120000 memory_weight=0.000000 memory_penalty=0.000000 memory_term=0.000000 final_reward=-1.306293
2026/07/06 18:36:45 [MAB] event=update_reward ts=1783355805373 policy=UCB1 function=mab_cost_aware_1783355782 arm=arm-tiny duration_ms=2.576141 warm_start=true reward=-1.306293 count=24 avg_reward=-1.498882 total_counts=41
2026/07/06 18:36:45 [LB] Compatible tag found: function=mab_cost_aware_1783355782 tag=x86-tiny/gpu/nvidia arch=amd64 pattern="" ring_size=1
2026/07/06 18:36:45 [LB] Compatible tag found: function=mab_cost_aware_1783355782 tag=arm-tiny arch=amd64 pattern="" ring_size=1
2026/07/06 18:36:45 [LB] Compatible tag found: function=mab_cost_aware_1783355782 tag=x86-large arch=amd64 pattern="" ring_size=1
2026/07/06 18:36:45 [LB] Compatible tag found: function=mab_cost_aware_1783355782 tag=x86-tiny arch=amd64 pattern="" ring_size=1
2026/07/06 18:36:45 [LB] Compatible tags for function 'mab_cost_aware_1783355782': [x86-tiny/gpu/nvidia arm-tiny x86-large x86-tiny]
2026/07/06 18:36:45 [LB][MAB] event=before_select function=mab_cost_aware_1783355782 compatible_tags=[x86-tiny/gpu/nvidia arm-tiny x86-large x86-tiny] has_context=true
2026/07/06 18:36:45 [MAB] event=arm_score ts=1783355805594 policy=UCB1 function=mab_cost_aware_1783355782 arm=x86-tiny/gpu/nvidia score=-1.222225 count=1 avg_reward=-2.763876 total_counts=41
2026/07/06 18:36:45 [MAB] event=arm_score ts=1783355805594 policy=UCB1 function=mab_cost_aware_1783355782 arm=arm-tiny score=-1.184194 count=24 avg_reward=-1.498882 total_counts=41
2026/07/06 18:36:45 [MAB] event=arm_score ts=1783355805594 policy=UCB1 function=mab_cost_aware_1783355782 arm=x86-large score=-1.327142 count=3 avg_reward=-2.217215 total_counts=41
2026/07/06 18:36:45 [MAB] event=arm_score ts=1783355805594 policy=UCB1 function=mab_cost_aware_1783355782 arm=x86-tiny score=-1.193087 count=13 avg_reward=-1.620664 total_counts=41
2026/07/06 18:36:45 [MAB] event=select_arm ts=1783355805594 policy=UCB1 function=mab_cost_aware_1783355782 selected_arm=arm-tiny reason=ucb_score score=-1.184194 total_counts=41 arms=[arm-tiny,x86-large,x86-tiny,x86-tiny/gpu/nvidia]
2026/07/06 18:36:45 [LB][MAB] event=after_select function=mab_cost_aware_1783355782 selected_tag=arm-tiny compatible_tags=[x86-tiny/gpu/nvidia arm-tiny x86-large x86-tiny]
2026/07/06 18:36:45 Candidate has: 512 MB free memory. Function needs: 128 MB
2026/07/06 18:36:45 [LB] Selected target for function 'mab_cost_aware_1783355782': target_tag=arm-tiny candidate=RC9BoWr7bsn5ThsQeA6m9d1783355783476196901 candidate_tag=arm-tiny
2026/07/06 18:36:45 [LB-Update] Node RC9BoWr7bsn5ThsQeA6m9d1783355783476196901 reported 512 MB free
2026/07/06 18:36:45 [MAB] event=reward_breakdown ts=1783355805599 policy=UCB1 function=mab_cost_aware_1783355782 arm=arm-tiny base_tag=arm-tiny architecture=arm specialization=tiny capabilities=[] duration_ms=3.178743 latency_reward=-1.156486 cost_weight=0.600000 cost_factor=0.400000 cost_term=0.240000 energy_weight=0.200000 energy_factor=0.600000 energy_term=0.120000 memory_weight=0.000000 memory_penalty=0.000000 memory_term=0.000000 final_reward=-1.516486
2026/07/06 18:36:45 [MAB] event=update_reward ts=1783355805599 policy=UCB1 function=mab_cost_aware_1783355782 arm=arm-tiny duration_ms=3.178743 warm_start=true reward=-1.516486 count=25 avg_reward=-1.499587 total_counts=42
2026/07/06 18:36:45 [LB] Compatible tag found: function=mab_cost_aware_1783355782 tag=x86-tiny/gpu/nvidia arch=amd64 pattern="" ring_size=1
2026/07/06 18:36:45 [LB] Compatible tag found: function=mab_cost_aware_1783355782 tag=arm-tiny arch=amd64 pattern="" ring_size=1
2026/07/06 18:36:45 [LB] Compatible tag found: function=mab_cost_aware_1783355782 tag=x86-large arch=amd64 pattern="" ring_size=1
2026/07/06 18:36:45 [LB] Compatible tag found: function=mab_cost_aware_1783355782 tag=x86-tiny arch=amd64 pattern="" ring_size=1
2026/07/06 18:36:45 [LB] Compatible tags for function 'mab_cost_aware_1783355782': [x86-tiny/gpu/nvidia arm-tiny x86-large x86-tiny]
2026/07/06 18:36:45 [LB][MAB] event=before_select function=mab_cost_aware_1783355782 compatible_tags=[x86-tiny/gpu/nvidia arm-tiny x86-large x86-tiny] has_context=true
2026/07/06 18:36:45 [MAB] event=arm_score ts=1783355805820 policy=UCB1 function=mab_cost_aware_1783355782 arm=x86-tiny/gpu/nvidia score=-1.217231 count=1 avg_reward=-2.763876 total_counts=42
2026/07/06 18:36:45 [MAB] event=arm_score ts=1783355805820 policy=UCB1 function=mab_cost_aware_1783355782 arm=arm-tiny score=-1.190258 count=25 avg_reward=-1.499587 total_counts=42
2026/07/06 18:36:45 [MAB] event=arm_score ts=1783355805820 policy=UCB1 function=mab_cost_aware_1783355782 arm=x86-large score=-1.324259 count=3 avg_reward=-2.217215 total_counts=42
2026/07/06 18:36:45 [MAB] event=arm_score ts=1783355805820 policy=UCB1 function=mab_cost_aware_1783355782 arm=x86-tiny score=-1.191702 count=13 avg_reward=-1.620664 total_counts=42
2026/07/06 18:36:45 [MAB] event=select_arm ts=1783355805820 policy=UCB1 function=mab_cost_aware_1783355782 selected_arm=arm-tiny reason=ucb_score score=-1.190258 total_counts=42 arms=[arm-tiny,x86-large,x86-tiny,x86-tiny/gpu/nvidia]
2026/07/06 18:36:45 [LB][MAB] event=after_select function=mab_cost_aware_1783355782 selected_tag=arm-tiny compatible_tags=[x86-tiny/gpu/nvidia arm-tiny x86-large x86-tiny]
2026/07/06 18:36:45 Candidate has: 512 MB free memory. Function needs: 128 MB
2026/07/06 18:36:45 [LB] Selected target for function 'mab_cost_aware_1783355782': target_tag=arm-tiny candidate=RC9BoWr7bsn5ThsQeA6m9d1783355783476196901 candidate_tag=arm-tiny
2026/07/06 18:36:45 [LB-Update] Node RC9BoWr7bsn5ThsQeA6m9d1783355783476196901 reported 512 MB free
2026/07/06 18:36:45 [MAB] event=reward_breakdown ts=1783355805824 policy=UCB1 function=mab_cost_aware_1783355782 arm=arm-tiny base_tag=arm-tiny architecture=arm specialization=tiny capabilities=[] duration_ms=3.208051 latency_reward=-1.165664 cost_weight=0.600000 cost_factor=0.400000 cost_term=0.240000 energy_weight=0.200000 energy_factor=0.600000 energy_term=0.120000 memory_weight=0.000000 memory_penalty=0.000000 memory_term=0.000000 final_reward=-1.525664
2026/07/06 18:36:45 [MAB] event=update_reward ts=1783355805824 policy=UCB1 function=mab_cost_aware_1783355782 arm=arm-tiny duration_ms=3.208051 warm_start=true reward=-1.525664 count=26 avg_reward=-1.500589 total_counts=43
2026/07/06 18:36:46 [LB] Compatible tag found: function=mab_cost_aware_1783355782 tag=x86-tiny/gpu/nvidia arch=amd64 pattern="" ring_size=1
2026/07/06 18:36:46 [LB] Compatible tag found: function=mab_cost_aware_1783355782 tag=arm-tiny arch=amd64 pattern="" ring_size=1
2026/07/06 18:36:46 [LB] Compatible tag found: function=mab_cost_aware_1783355782 tag=x86-large arch=amd64 pattern="" ring_size=1
2026/07/06 18:36:46 [LB] Compatible tag found: function=mab_cost_aware_1783355782 tag=x86-tiny arch=amd64 pattern="" ring_size=1
2026/07/06 18:36:46 [LB] Compatible tags for function 'mab_cost_aware_1783355782': [x86-tiny/gpu/nvidia arm-tiny x86-large x86-tiny]
2026/07/06 18:36:46 [LB][MAB] event=before_select function=mab_cost_aware_1783355782 compatible_tags=[x86-tiny/gpu/nvidia arm-tiny x86-large x86-tiny] has_context=true
2026/07/06 18:36:46 [MAB] event=arm_score ts=1783355806044 policy=UCB1 function=mab_cost_aware_1783355782 arm=x86-large score=-1.321453 count=3 avg_reward=-2.217215 total_counts=43
2026/07/06 18:36:46 [MAB] event=arm_score ts=1783355806044 policy=UCB1 function=mab_cost_aware_1783355782 arm=x86-tiny score=-1.190354 count=13 avg_reward=-1.620664 total_counts=43
2026/07/06 18:36:46 [MAB] event=arm_score ts=1783355806044 policy=UCB1 function=mab_cost_aware_1783355782 arm=x86-tiny/gpu/nvidia score=-1.212370 count=1 avg_reward=-2.763876 total_counts=43
2026/07/06 18:36:46 [MAB] event=arm_score ts=1783355806044 policy=UCB1 function=mab_cost_aware_1783355782 arm=arm-tiny score=-1.196314 count=26 avg_reward=-1.500589 total_counts=43
2026/07/06 18:36:46 [MAB] event=select_arm ts=1783355806044 policy=UCB1 function=mab_cost_aware_1783355782 selected_arm=x86-tiny reason=ucb_score score=-1.190354 total_counts=43 arms=[arm-tiny,x86-large,x86-tiny,x86-tiny/gpu/nvidia]
2026/07/06 18:36:46 [LB][MAB] event=after_select function=mab_cost_aware_1783355782 selected_tag=x86-tiny compatible_tags=[x86-tiny/gpu/nvidia arm-tiny x86-large x86-tiny]
2026/07/06 18:36:46 Candidate has: 512 MB free memory. Function needs: 128 MB
2026/07/06 18:36:46 [LB] Selected target for function 'mab_cost_aware_1783355782': target_tag=x86-tiny candidate=WjectcSXtXYALypFSHKKHj1783355783475722225 candidate_tag=x86-tiny
2026/07/06 18:36:46 [LB-Update] Node WjectcSXtXYALypFSHKKHj1783355783475722225 reported 512 MB free
2026/07/06 18:36:46 [MAB] event=reward_breakdown ts=1783355806048 policy=UCB1 function=mab_cost_aware_1783355782 arm=x86-tiny base_tag=x86-tiny architecture=x86 specialization=tiny capabilities=[] duration_ms=2.966574 latency_reward=-1.087408 cost_weight=0.600000 cost_factor=0.400000 cost_term=0.240000 energy_weight=0.200000 energy_factor=1.000000 energy_term=0.200000 memory_weight=0.000000 memory_penalty=0.000000 memory_term=0.000000 final_reward=-1.527408
2026/07/06 18:36:46 [MAB] event=update_reward ts=1783355806048 policy=UCB1 function=mab_cost_aware_1783355782 arm=x86-tiny duration_ms=2.966574 warm_start=true reward=-1.527408 count=14 avg_reward=-1.614003 total_counts=44
2026/07/06 18:36:46 [LB] Compatible tag found: function=mab_cost_aware_1783355782 tag=x86-tiny/gpu/nvidia arch=amd64 pattern="" ring_size=1
2026/07/06 18:36:46 [LB] Compatible tag found: function=mab_cost_aware_1783355782 tag=arm-tiny arch=amd64 pattern="" ring_size=1
2026/07/06 18:36:46 [LB] Compatible tag found: function=mab_cost_aware_1783355782 tag=x86-large arch=amd64 pattern="" ring_size=1
2026/07/06 18:36:46 [LB] Compatible tag found: function=mab_cost_aware_1783355782 tag=x86-tiny arch=amd64 pattern="" ring_size=1
2026/07/06 18:36:46 [LB] Compatible tags for function 'mab_cost_aware_1783355782': [x86-tiny/gpu/nvidia arm-tiny x86-large x86-tiny]
2026/07/06 18:36:46 [LB][MAB] event=before_select function=mab_cost_aware_1783355782 compatible_tags=[x86-tiny/gpu/nvidia arm-tiny x86-large x86-tiny] has_context=true
2026/07/06 18:36:46 [MAB] event=arm_score ts=1783355806270 policy=UCB1 function=mab_cost_aware_1783355782 arm=x86-tiny/gpu/nvidia score=-1.207636 count=1 avg_reward=-2.763876 total_counts=44
2026/07/06 18:36:46 [MAB] event=arm_score ts=1783355806270 policy=UCB1 function=mab_cost_aware_1783355782 arm=arm-tiny score=-1.195386 count=26 avg_reward=-1.500589 total_counts=44
2026/07/06 18:36:46 [MAB] event=arm_score ts=1783355806270 policy=UCB1 function=mab_cost_aware_1783355782 arm=x86-large score=-1.318719 count=3 avg_reward=-2.217215 total_counts=44
2026/07/06 18:36:46 [MAB] event=arm_score ts=1783355806270 policy=UCB1 function=mab_cost_aware_1783355782 arm=x86-tiny score=-1.198080 count=14 avg_reward=-1.614003 total_counts=44
2026/07/06 18:36:46 [MAB] event=select_arm ts=1783355806270 policy=UCB1 function=mab_cost_aware_1783355782 selected_arm=arm-tiny reason=ucb_score score=-1.195386 total_counts=44 arms=[arm-tiny,x86-large,x86-tiny,x86-tiny/gpu/nvidia]
2026/07/06 18:36:46 [LB][MAB] event=after_select function=mab_cost_aware_1783355782 selected_tag=arm-tiny compatible_tags=[x86-tiny/gpu/nvidia arm-tiny x86-large x86-tiny]
2026/07/06 18:36:46 Candidate has: 512 MB free memory. Function needs: 128 MB
2026/07/06 18:36:46 [LB] Selected target for function 'mab_cost_aware_1783355782': target_tag=arm-tiny candidate=RC9BoWr7bsn5ThsQeA6m9d1783355783476196901 candidate_tag=arm-tiny
2026/07/06 18:36:46 [LB-Update] Node RC9BoWr7bsn5ThsQeA6m9d1783355783476196901 reported 512 MB free
2026/07/06 18:36:46 [MAB] event=reward_breakdown ts=1783355806275 policy=UCB1 function=mab_cost_aware_1783355782 arm=arm-tiny base_tag=arm-tiny architecture=arm specialization=tiny capabilities=[] duration_ms=3.344499 latency_reward=-1.207317 cost_weight=0.600000 cost_factor=0.400000 cost_term=0.240000 energy_weight=0.200000 energy_factor=0.600000 energy_term=0.120000 memory_weight=0.000000 memory_penalty=0.000000 memory_term=0.000000 final_reward=-1.567317
2026/07/06 18:36:46 [MAB] event=update_reward ts=1783355806275 policy=UCB1 function=mab_cost_aware_1783355782 arm=arm-tiny duration_ms=3.344499 warm_start=true reward=-1.567317 count=27 avg_reward=-1.503061 total_counts=45
2026/07/06 18:36:46 [LB] Compatible tag found: function=mab_cost_aware_1783355782 tag=x86-tiny/gpu/nvidia arch=amd64 pattern="" ring_size=1
2026/07/06 18:36:46 [LB] Compatible tag found: function=mab_cost_aware_1783355782 tag=arm-tiny arch=amd64 pattern="" ring_size=1
2026/07/06 18:36:46 [LB] Compatible tag found: function=mab_cost_aware_1783355782 tag=x86-large arch=amd64 pattern="" ring_size=1
2026/07/06 18:36:46 [LB] Compatible tag found: function=mab_cost_aware_1783355782 tag=x86-tiny arch=amd64 pattern="" ring_size=1
2026/07/06 18:36:46 [LB] Compatible tags for function 'mab_cost_aware_1783355782': [x86-tiny/gpu/nvidia arm-tiny x86-large x86-tiny]
2026/07/06 18:36:46 [LB][MAB] event=before_select function=mab_cost_aware_1783355782 compatible_tags=[x86-tiny/gpu/nvidia arm-tiny x86-large x86-tiny] has_context=true
2026/07/06 18:36:46 [MAB] event=arm_score ts=1783355806496 policy=UCB1 function=mab_cost_aware_1783355782 arm=arm-tiny score=-1.202674 count=27 avg_reward=-1.503061 total_counts=45
2026/07/06 18:36:46 [MAB] event=arm_score ts=1783355806496 policy=UCB1 function=mab_cost_aware_1783355782 arm=x86-large score=-1.316055 count=3 avg_reward=-2.217215 total_counts=45
2026/07/06 18:36:46 [MAB] event=arm_score ts=1783355806496 policy=UCB1 function=mab_cost_aware_1783355782 arm=x86-tiny score=-1.196847 count=14 avg_reward=-1.614003 total_counts=45
2026/07/06 18:36:46 [MAB] event=arm_score ts=1783355806496 policy=UCB1 function=mab_cost_aware_1783355782 arm=x86-tiny/gpu/nvidia score=-1.203022 count=1 avg_reward=-2.763876 total_counts=45
2026/07/06 18:36:46 [MAB] event=select_arm ts=1783355806496 policy=UCB1 function=mab_cost_aware_1783355782 selected_arm=x86-tiny reason=ucb_score score=-1.196847 total_counts=45 arms=[arm-tiny,x86-large,x86-tiny,x86-tiny/gpu/nvidia]
2026/07/06 18:36:46 [LB][MAB] event=after_select function=mab_cost_aware_1783355782 selected_tag=x86-tiny compatible_tags=[x86-tiny/gpu/nvidia arm-tiny x86-large x86-tiny]
2026/07/06 18:36:46 Candidate has: 512 MB free memory. Function needs: 128 MB
2026/07/06 18:36:46 [LB] Selected target for function 'mab_cost_aware_1783355782': target_tag=x86-tiny candidate=WjectcSXtXYALypFSHKKHj1783355783475722225 candidate_tag=x86-tiny
2026/07/06 18:36:46 [LB-Update] Node WjectcSXtXYALypFSHKKHj1783355783475722225 reported 512 MB free
2026/07/06 18:36:46 [MAB] event=reward_breakdown ts=1783355806499 policy=UCB1 function=mab_cost_aware_1783355782 arm=x86-tiny base_tag=x86-tiny architecture=x86 specialization=tiny capabilities=[] duration_ms=2.918497 latency_reward=-1.071069 cost_weight=0.600000 cost_factor=0.400000 cost_term=0.240000 energy_weight=0.200000 energy_factor=1.000000 energy_term=0.200000 memory_weight=0.000000 memory_penalty=0.000000 memory_term=0.000000 final_reward=-1.511069
2026/07/06 18:36:46 [MAB] event=update_reward ts=1783355806499 policy=UCB1 function=mab_cost_aware_1783355782 arm=x86-tiny duration_ms=2.918497 warm_start=true reward=-1.511069 count=15 avg_reward=-1.607140 total_counts=46
2026/07/06 18:36:46 [LB]: Periodic targets update
2026/07/06 18:36:46 Found target: RC9BoWr7bsn5ThsQeA6m9d1783355783476196901
2026/07/06 18:36:46 Found target: Yfj9dc9aZ5sc6MzJoZmaP61783355783474809800
2026/07/06 18:36:46 Found target: WjectcSXtXYALypFSHKKHj1783355783475722225
2026/07/06 18:36:46 Found target: vpsc5EyUeu2bgV5e5BQz2f1783355783477036272
2026/07/06 18:36:46 Found 4 targets
2026/07/06 18:36:46 [LB] Compatible tag found: function=mab_cost_aware_1783355782 tag=x86-tiny/gpu/nvidia arch=amd64 pattern="" ring_size=1
2026/07/06 18:36:46 [LB] Compatible tag found: function=mab_cost_aware_1783355782 tag=arm-tiny arch=amd64 pattern="" ring_size=1
2026/07/06 18:36:46 [LB] Compatible tag found: function=mab_cost_aware_1783355782 tag=x86-large arch=amd64 pattern="" ring_size=1
2026/07/06 18:36:46 [LB] Compatible tag found: function=mab_cost_aware_1783355782 tag=x86-tiny arch=amd64 pattern="" ring_size=1
2026/07/06 18:36:46 [LB] Compatible tags for function 'mab_cost_aware_1783355782': [x86-tiny/gpu/nvidia arm-tiny x86-large x86-tiny]
2026/07/06 18:36:46 [LB][MAB] event=before_select function=mab_cost_aware_1783355782 compatible_tags=[x86-tiny/gpu/nvidia arm-tiny x86-large x86-tiny] has_context=true
2026/07/06 18:36:46 [MAB] event=arm_score ts=1783355806720 policy=UCB1 function=mab_cost_aware_1783355782 arm=x86-large score=-1.313458 count=3 avg_reward=-2.217215 total_counts=46
2026/07/06 18:36:46 [MAB] event=arm_score ts=1783355806720 policy=UCB1 function=mab_cost_aware_1783355782 arm=x86-tiny score=-1.202968 count=15 avg_reward=-1.607140 total_counts=46
2026/07/06 18:36:46 [MAB] event=arm_score ts=1783355806720 policy=UCB1 function=mab_cost_aware_1783355782 arm=x86-tiny/gpu/nvidia score=-1.198522 count=1 avg_reward=-2.763876 total_counts=46
2026/07/06 18:36:46 [MAB] event=arm_score ts=1783355806721 policy=UCB1 function=mab_cost_aware_1783355782 arm=arm-tiny score=-1.201809 count=27 avg_reward=-1.503061 total_counts=46
2026/07/06 18:36:46 [MAB] event=select_arm ts=1783355806721 policy=UCB1 function=mab_cost_aware_1783355782 selected_arm=x86-tiny/gpu/nvidia reason=ucb_score score=-1.198522 total_counts=46 arms=[arm-tiny,x86-large,x86-tiny,x86-tiny/gpu/nvidia]
2026/07/06 18:36:46 [LB][MAB] event=after_select function=mab_cost_aware_1783355782 selected_tag=x86-tiny/gpu/nvidia compatible_tags=[x86-tiny/gpu/nvidia arm-tiny x86-large x86-tiny]
2026/07/06 18:36:46 Candidate has: 512 MB free memory. Function needs: 128 MB
2026/07/06 18:36:46 [LB] Selected target for function 'mab_cost_aware_1783355782': target_tag=x86-tiny/gpu/nvidia candidate=vpsc5EyUeu2bgV5e5BQz2f1783355783477036272 candidate_tag=x86-tiny/gpu/nvidia
2026/07/06 18:36:46 [LB-Update] Node vpsc5EyUeu2bgV5e5BQz2f1783355783477036272 reported 512 MB free
2026/07/06 18:36:46 [MAB] event=reward_breakdown ts=1783355806724 policy=UCB1 function=mab_cost_aware_1783355782 arm=x86-tiny/gpu/nvidia base_tag=x86-tiny architecture=x86 specialization=tiny capabilities=[gpu,nvidia] duration_ms=3.089632 latency_reward=-1.128052 cost_weight=0.600000 cost_factor=1.600000 cost_term=0.960000 energy_weight=0.200000 energy_factor=1.800000 energy_term=0.360000 memory_weight=0.000000 memory_penalty=0.000000 memory_term=0.000000 final_reward=-2.448052
2026/07/06 18:36:46 [MAB] event=update_reward ts=1783355806725 policy=UCB1 function=mab_cost_aware_1783355782 arm=x86-tiny/gpu/nvidia duration_ms=3.089632 warm_start=true reward=-2.448052 count=2 avg_reward=-2.605964 total_counts=47
2026/07/06 18:36:46 [LB] Compatible tag found: function=mab_cost_aware_1783355782 tag=x86-tiny/gpu/nvidia arch=amd64 pattern="" ring_size=1
2026/07/06 18:36:46 [LB] Compatible tag found: function=mab_cost_aware_1783355782 tag=arm-tiny arch=amd64 pattern="" ring_size=1
2026/07/06 18:36:46 [LB] Compatible tag found: function=mab_cost_aware_1783355782 tag=x86-large arch=amd64 pattern="" ring_size=1
2026/07/06 18:36:46 [LB] Compatible tag found: function=mab_cost_aware_1783355782 tag=x86-tiny arch=amd64 pattern="" ring_size=1
2026/07/06 18:36:46 [LB] Compatible tags for function 'mab_cost_aware_1783355782': [x86-tiny/gpu/nvidia arm-tiny x86-large x86-tiny]
2026/07/06 18:36:46 [LB][MAB] event=before_select function=mab_cost_aware_1783355782 compatible_tags=[x86-tiny/gpu/nvidia arm-tiny x86-large x86-tiny] has_context=true
2026/07/06 18:36:46 [MAB] event=arm_score ts=1783355806944 policy=UCB1 function=mab_cost_aware_1783355782 arm=x86-tiny/gpu/nvidia score=-1.495988 count=2 avg_reward=-2.605964 total_counts=47
2026/07/06 18:36:46 [MAB] event=arm_score ts=1783355806944 policy=UCB1 function=mab_cost_aware_1783355782 arm=arm-tiny score=-1.200964 count=27 avg_reward=-1.503061 total_counts=47
2026/07/06 18:36:46 [MAB] event=arm_score ts=1783355806944 policy=UCB1 function=mab_cost_aware_1783355782 arm=x86-large score=-1.310923 count=3 avg_reward=-2.217215 total_counts=47
2026/07/06 18:36:46 [MAB] event=arm_score ts=1783355806944 policy=UCB1 function=mab_cost_aware_1783355782 arm=x86-tiny score=-1.201834 count=15 avg_reward=-1.607140 total_counts=47
2026/07/06 18:36:46 [MAB] event=select_arm ts=1783355806944 policy=UCB1 function=mab_cost_aware_1783355782 selected_arm=arm-tiny reason=ucb_score score=-1.200964 total_counts=47 arms=[arm-tiny,x86-large,x86-tiny,x86-tiny/gpu/nvidia]
2026/07/06 18:36:46 [LB][MAB] event=after_select function=mab_cost_aware_1783355782 selected_tag=arm-tiny compatible_tags=[x86-tiny/gpu/nvidia arm-tiny x86-large x86-tiny]
2026/07/06 18:36:46 Candidate has: 512 MB free memory. Function needs: 128 MB
2026/07/06 18:36:46 [LB] Selected target for function 'mab_cost_aware_1783355782': target_tag=arm-tiny candidate=RC9BoWr7bsn5ThsQeA6m9d1783355783476196901 candidate_tag=arm-tiny
2026/07/06 18:36:46 [LB-Update] Node RC9BoWr7bsn5ThsQeA6m9d1783355783476196901 reported 512 MB free
2026/07/06 18:36:46 [MAB] event=reward_breakdown ts=1783355806948 policy=UCB1 function=mab_cost_aware_1783355782 arm=arm-tiny base_tag=arm-tiny architecture=arm specialization=tiny capabilities=[] duration_ms=3.252769 latency_reward=-1.179507 cost_weight=0.600000 cost_factor=0.400000 cost_term=0.240000 energy_weight=0.200000 energy_factor=0.600000 energy_term=0.120000 memory_weight=0.000000 memory_penalty=0.000000 memory_term=0.000000 final_reward=-1.539507
2026/07/06 18:36:46 [MAB] event=update_reward ts=1783355806948 policy=UCB1 function=mab_cost_aware_1783355782 arm=arm-tiny duration_ms=3.252769 warm_start=true reward=-1.539507 count=28 avg_reward=-1.504362 total_counts=48
2026/07/06 18:36:47 [LB] Compatible tag found: function=mab_cost_aware_1783355782 tag=x86-tiny/gpu/nvidia arch=amd64 pattern="" ring_size=1
2026/07/06 18:36:47 [LB] Compatible tag found: function=mab_cost_aware_1783355782 tag=arm-tiny arch=amd64 pattern="" ring_size=1
2026/07/06 18:36:47 [LB] Compatible tag found: function=mab_cost_aware_1783355782 tag=x86-large arch=amd64 pattern="" ring_size=1
2026/07/06 18:36:47 [LB] Compatible tag found: function=mab_cost_aware_1783355782 tag=x86-tiny arch=amd64 pattern="" ring_size=1
2026/07/06 18:36:47 [LB] Compatible tags for function 'mab_cost_aware_1783355782': [x86-tiny/gpu/nvidia arm-tiny x86-large x86-tiny]
2026/07/06 18:36:47 [LB][MAB] event=before_select function=mab_cost_aware_1783355782 compatible_tags=[x86-tiny/gpu/nvidia arm-tiny x86-large x86-tiny] has_context=true
2026/07/06 18:36:47 [MAB] event=arm_score ts=1783355807169 policy=UCB1 function=mab_cost_aware_1783355782 arm=arm-tiny score=-1.206899 count=28 avg_reward=-1.504362 total_counts=48
2026/07/06 18:36:47 [MAB] event=arm_score ts=1783355807169 policy=UCB1 function=mab_cost_aware_1783355782 arm=x86-large score=-1.308448 count=3 avg_reward=-2.217215 total_counts=48
2026/07/06 18:36:47 [MAB] event=arm_score ts=1783355807169 policy=UCB1 function=mab_cost_aware_1783355782 arm=x86-tiny score=-1.200728 count=15 avg_reward=-1.607140 total_counts=48
2026/07/06 18:36:47 [MAB] event=arm_score ts=1783355807169 policy=UCB1 function=mab_cost_aware_1783355782 arm=x86-tiny/gpu/nvidia score=-1.492957 count=2 avg_reward=-2.605964 total_counts=48
2026/07/06 18:36:47 [MAB] event=select_arm ts=1783355807169 policy=UCB1 function=mab_cost_aware_1783355782 selected_arm=x86-tiny reason=ucb_score score=-1.200728 total_counts=48 arms=[arm-tiny,x86-large,x86-tiny,x86-tiny/gpu/nvidia]
2026/07/06 18:36:47 [LB][MAB] event=after_select function=mab_cost_aware_1783355782 selected_tag=x86-tiny compatible_tags=[x86-tiny/gpu/nvidia arm-tiny x86-large x86-tiny]
2026/07/06 18:36:47 Candidate has: 512 MB free memory. Function needs: 128 MB
2026/07/06 18:36:47 [LB] Selected target for function 'mab_cost_aware_1783355782': target_tag=x86-tiny candidate=WjectcSXtXYALypFSHKKHj1783355783475722225 candidate_tag=x86-tiny
2026/07/06 18:36:47 [LB-Update] Node WjectcSXtXYALypFSHKKHj1783355783475722225 reported 512 MB free
2026/07/06 18:36:47 [MAB] event=reward_breakdown ts=1783355807173 policy=UCB1 function=mab_cost_aware_1783355782 arm=x86-tiny base_tag=x86-tiny architecture=x86 specialization=tiny capabilities=[] duration_ms=3.023273 latency_reward=-1.106340 cost_weight=0.600000 cost_factor=0.400000 cost_term=0.240000 energy_weight=0.200000 energy_factor=1.000000 energy_term=0.200000 memory_weight=0.000000 memory_penalty=0.000000 memory_term=0.000000 final_reward=-1.546340
2026/07/06 18:36:47 [MAB] event=update_reward ts=1783355807173 policy=UCB1 function=mab_cost_aware_1783355782 arm=x86-tiny duration_ms=3.023273 warm_start=true reward=-1.546340 count=16 avg_reward=-1.603340 total_counts=49
2026/07/06 18:36:47 [LB] Compatible tag found: function=mab_cost_aware_1783355782 tag=x86-tiny/gpu/nvidia arch=amd64 pattern="" ring_size=1
2026/07/06 18:36:47 [LB] Compatible tag found: function=mab_cost_aware_1783355782 tag=arm-tiny arch=amd64 pattern="" ring_size=1
2026/07/06 18:36:47 [LB] Compatible tag found: function=mab_cost_aware_1783355782 tag=x86-large arch=amd64 pattern="" ring_size=1
2026/07/06 18:36:47 [LB] Compatible tag found: function=mab_cost_aware_1783355782 tag=x86-tiny arch=amd64 pattern="" ring_size=1
2026/07/06 18:36:47 [LB] Compatible tags for function 'mab_cost_aware_1783355782': [x86-tiny/gpu/nvidia arm-tiny x86-large x86-tiny]
2026/07/06 18:36:47 [LB][MAB] event=before_select function=mab_cost_aware_1783355782 compatible_tags=[x86-tiny/gpu/nvidia arm-tiny x86-large x86-tiny] has_context=true
2026/07/06 18:36:47 [MAB] event=arm_score ts=1783355807393 policy=UCB1 function=mab_cost_aware_1783355782 arm=x86-tiny/gpu/nvidia score=-1.489997 count=2 avg_reward=-2.605964 total_counts=49
2026/07/06 18:36:47 [MAB] event=arm_score ts=1783355807393 policy=UCB1 function=mab_cost_aware_1783355782 arm=arm-tiny score=-1.206108 count=28 avg_reward=-1.504362 total_counts=49
2026/07/06 18:36:47 [MAB] event=arm_score ts=1783355807393 policy=UCB1 function=mab_cost_aware_1783355782 arm=x86-large score=-1.306031 count=3 avg_reward=-2.217215 total_counts=49
2026/07/06 18:36:47 [MAB] event=arm_score ts=1783355807393 policy=UCB1 function=mab_cost_aware_1783355782 arm=x86-tiny score=-1.208786 count=16 avg_reward=-1.603340 total_counts=49
2026/07/06 18:36:47 [MAB] event=select_arm ts=1783355807393 policy=UCB1 function=mab_cost_aware_1783355782 selected_arm=arm-tiny reason=ucb_score score=-1.206108 total_counts=49 arms=[arm-tiny,x86-large,x86-tiny,x86-tiny/gpu/nvidia]
2026/07/06 18:36:47 [LB][MAB] event=after_select function=mab_cost_aware_1783355782 selected_tag=arm-tiny compatible_tags=[x86-tiny/gpu/nvidia arm-tiny x86-large x86-tiny]
2026/07/06 18:36:47 Candidate has: 512 MB free memory. Function needs: 128 MB
2026/07/06 18:36:47 [LB] Selected target for function 'mab_cost_aware_1783355782': target_tag=arm-tiny candidate=RC9BoWr7bsn5ThsQeA6m9d1783355783476196901 candidate_tag=arm-tiny
2026/07/06 18:36:47 [LB-Update] Node RC9BoWr7bsn5ThsQeA6m9d1783355783476196901 reported 512 MB free
2026/07/06 18:36:47 [MAB] event=reward_breakdown ts=1783355807396 policy=UCB1 function=mab_cost_aware_1783355782 arm=arm-tiny base_tag=arm-tiny architecture=arm specialization=tiny capabilities=[] duration_ms=2.821045 latency_reward=-1.037107 cost_weight=0.600000 cost_factor=0.400000 cost_term=0.240000 energy_weight=0.200000 energy_factor=0.600000 energy_term=0.120000 memory_weight=0.000000 memory_penalty=0.000000 memory_term=0.000000 final_reward=-1.397107
2026/07/06 18:36:47 [MAB] event=update_reward ts=1783355807396 policy=UCB1 function=mab_cost_aware_1783355782 arm=arm-tiny duration_ms=2.821045 warm_start=true reward=-1.397107 count=29 avg_reward=-1.500664 total_counts=50
2026/07/06 18:36:47 [LB] Compatible tag found: function=mab_cost_aware_1783355782 tag=x86-tiny/gpu/nvidia arch=amd64 pattern="" ring_size=1
2026/07/06 18:36:47 [LB] Compatible tag found: function=mab_cost_aware_1783355782 tag=arm-tiny arch=amd64 pattern="" ring_size=1
2026/07/06 18:36:47 [LB] Compatible tag found: function=mab_cost_aware_1783355782 tag=x86-large arch=amd64 pattern="" ring_size=1
2026/07/06 18:36:47 [LB] Compatible tag found: function=mab_cost_aware_1783355782 tag=x86-tiny arch=amd64 pattern="" ring_size=1
2026/07/06 18:36:47 [LB] Compatible tags for function 'mab_cost_aware_1783355782': [x86-tiny/gpu/nvidia arm-tiny x86-large x86-tiny]
2026/07/06 18:36:47 [LB][MAB] event=before_select function=mab_cost_aware_1783355782 compatible_tags=[x86-tiny/gpu/nvidia arm-tiny x86-large x86-tiny] has_context=true
2026/07/06 18:36:47 [MAB] event=arm_score ts=1783355807616 policy=UCB1 function=mab_cost_aware_1783355782 arm=x86-tiny/gpu/nvidia score=-1.487104 count=2 avg_reward=-2.605964 total_counts=50
2026/07/06 18:36:47 [MAB] event=arm_score ts=1783355807616 policy=UCB1 function=mab_cost_aware_1783355782 arm=arm-tiny score=-1.206837 count=29 avg_reward=-1.500664 total_counts=50
2026/07/06 18:36:47 [MAB] event=arm_score ts=1783355807616 policy=UCB1 function=mab_cost_aware_1783355782 arm=x86-large score=-1.303669 count=3 avg_reward=-2.217215 total_counts=50
2026/07/06 18:36:47 [MAB] event=arm_score ts=1783355807616 policy=UCB1 function=mab_cost_aware_1783355782 arm=x86-tiny score=-1.207764 count=16 avg_reward=-1.603340 total_counts=50
2026/07/06 18:36:47 [MAB] event=select_arm ts=1783355807616 policy=UCB1 function=mab_cost_aware_1783355782 selected_arm=arm-tiny reason=ucb_score score=-1.206837 total_counts=50 arms=[arm-tiny,x86-large,x86-tiny,x86-tiny/gpu/nvidia]
2026/07/06 18:36:47 [LB][MAB] event=after_select function=mab_cost_aware_1783355782 selected_tag=arm-tiny compatible_tags=[x86-tiny/gpu/nvidia arm-tiny x86-large x86-tiny]
2026/07/06 18:36:47 Candidate has: 512 MB free memory. Function needs: 128 MB
2026/07/06 18:36:47 [LB] Selected target for function 'mab_cost_aware_1783355782': target_tag=arm-tiny candidate=RC9BoWr7bsn5ThsQeA6m9d1783355783476196901 candidate_tag=arm-tiny
2026/07/06 18:36:47 [LB-Update] Node RC9BoWr7bsn5ThsQeA6m9d1783355783476196901 reported 512 MB free
2026/07/06 18:36:47 [MAB] event=reward_breakdown ts=1783355807620 policy=UCB1 function=mab_cost_aware_1783355782 arm=arm-tiny base_tag=arm-tiny architecture=arm specialization=tiny capabilities=[] duration_ms=2.945043 latency_reward=-1.080123 cost_weight=0.600000 cost_factor=0.400000 cost_term=0.240000 energy_weight=0.200000 energy_factor=0.600000 energy_term=0.120000 memory_weight=0.000000 memory_penalty=0.000000 memory_term=0.000000 final_reward=-1.440123
2026/07/06 18:36:47 [MAB] event=update_reward ts=1783355807620 policy=UCB1 function=mab_cost_aware_1783355782 arm=arm-tiny duration_ms=2.945043 warm_start=true reward=-1.440123 count=30 avg_reward=-1.498646 total_counts=51
2026/07/06 18:36:47 [LB] Compatible tag found: function=mab_cost_aware_1783355782 tag=x86-tiny/gpu/nvidia arch=amd64 pattern="" ring_size=1
2026/07/06 18:36:47 [LB] Compatible tag found: function=mab_cost_aware_1783355782 tag=arm-tiny arch=amd64 pattern="" ring_size=1
2026/07/06 18:36:47 [LB] Compatible tag found: function=mab_cost_aware_1783355782 tag=x86-large arch=amd64 pattern="" ring_size=1
2026/07/06 18:36:47 [LB] Compatible tag found: function=mab_cost_aware_1783355782 tag=x86-tiny arch=amd64 pattern="" ring_size=1
2026/07/06 18:36:47 [LB] Compatible tags for function 'mab_cost_aware_1783355782': [x86-tiny/gpu/nvidia arm-tiny x86-large x86-tiny]
2026/07/06 18:36:47 [LB][MAB] event=before_select function=mab_cost_aware_1783355782 compatible_tags=[x86-tiny/gpu/nvidia arm-tiny x86-large x86-tiny] has_context=true
2026/07/06 18:36:47 [MAB] event=arm_score ts=1783355807840 policy=UCB1 function=mab_cost_aware_1783355782 arm=x86-large score=-1.301360 count=3 avg_reward=-2.217215 total_counts=51
2026/07/06 18:36:47 [MAB] event=arm_score ts=1783355807840 policy=UCB1 function=mab_cost_aware_1783355782 arm=x86-tiny score=-1.206764 count=16 avg_reward=-1.603340 total_counts=51
2026/07/06 18:36:47 [MAB] event=arm_score ts=1783355807840 policy=UCB1 function=mab_cost_aware_1783355782 arm=x86-tiny/gpu/nvidia score=-1.484276 count=2 avg_reward=-2.605964 total_counts=51
2026/07/06 18:36:47 [MAB] event=arm_score ts=1783355807840 policy=UCB1 function=mab_cost_aware_1783355782 arm=arm-tiny score=-1.209027 count=30 avg_reward=-1.498646 total_counts=51
2026/07/06 18:36:47 [MAB] event=select_arm ts=1783355807840 policy=UCB1 function=mab_cost_aware_1783355782 selected_arm=x86-tiny reason=ucb_score score=-1.206764 total_counts=51 arms=[arm-tiny,x86-large,x86-tiny,x86-tiny/gpu/nvidia]
2026/07/06 18:36:47 [LB][MAB] event=after_select function=mab_cost_aware_1783355782 selected_tag=x86-tiny compatible_tags=[x86-tiny/gpu/nvidia arm-tiny x86-large x86-tiny]
2026/07/06 18:36:47 Candidate has: 512 MB free memory. Function needs: 128 MB
2026/07/06 18:36:47 [LB] Selected target for function 'mab_cost_aware_1783355782': target_tag=x86-tiny candidate=WjectcSXtXYALypFSHKKHj1783355783475722225 candidate_tag=x86-tiny
2026/07/06 18:36:47 [LB-Update] Node WjectcSXtXYALypFSHKKHj1783355783475722225 reported 512 MB free
2026/07/06 18:36:47 [MAB] event=reward_breakdown ts=1783355807844 policy=UCB1 function=mab_cost_aware_1783355782 arm=x86-tiny base_tag=x86-tiny architecture=x86 specialization=tiny capabilities=[] duration_ms=2.960502 latency_reward=-1.085359 cost_weight=0.600000 cost_factor=0.400000 cost_term=0.240000 energy_weight=0.200000 energy_factor=1.000000 energy_term=0.200000 memory_weight=0.000000 memory_penalty=0.000000 memory_term=0.000000 final_reward=-1.525359
2026/07/06 18:36:47 [MAB] event=update_reward ts=1783355807844 policy=UCB1 function=mab_cost_aware_1783355782 arm=x86-tiny duration_ms=2.960502 warm_start=true reward=-1.525359 count=17 avg_reward=-1.598753 total_counts=52
2026/07/06 18:36:48 [LB] Compatible tag found: function=mab_cost_aware_1783355782 tag=x86-tiny/gpu/nvidia arch=amd64 pattern="" ring_size=1
2026/07/06 18:36:48 [LB] Compatible tag found: function=mab_cost_aware_1783355782 tag=arm-tiny arch=amd64 pattern="" ring_size=1
2026/07/06 18:36:48 [LB] Compatible tag found: function=mab_cost_aware_1783355782 tag=x86-large arch=amd64 pattern="" ring_size=1
2026/07/06 18:36:48 [LB] Compatible tag found: function=mab_cost_aware_1783355782 tag=x86-tiny arch=amd64 pattern="" ring_size=1
2026/07/06 18:36:48 [LB] Compatible tags for function 'mab_cost_aware_1783355782': [x86-tiny/gpu/nvidia arm-tiny x86-large x86-tiny]
2026/07/06 18:36:48 [LB][MAB] event=before_select function=mab_cost_aware_1783355782 compatible_tags=[x86-tiny/gpu/nvidia arm-tiny x86-large x86-tiny] has_context=true
2026/07/06 18:36:48 [MAB] event=arm_score ts=1783355808065 policy=UCB1 function=mab_cost_aware_1783355782 arm=x86-tiny/gpu/nvidia score=-1.481509 count=2 avg_reward=-2.605964 total_counts=52
2026/07/06 18:36:48 [MAB] event=arm_score ts=1783355808065 policy=UCB1 function=mab_cost_aware_1783355782 arm=arm-tiny score=-1.208313 count=30 avg_reward=-1.498646 total_counts=52
2026/07/06 18:36:48 [MAB] event=arm_score ts=1783355808065 policy=UCB1 function=mab_cost_aware_1783355782 arm=x86-large score=-1.299101 count=3 avg_reward=-2.217215 total_counts=52
2026/07/06 18:36:48 [MAB] event=arm_score ts=1783355808065 policy=UCB1 function=mab_cost_aware_1783355782 arm=x86-tiny score=-1.213068 count=17 avg_reward=-1.598753 total_counts=52
2026/07/06 18:36:48 [MAB] event=select_arm ts=1783355808065 policy=UCB1 function=mab_cost_aware_1783355782 selected_arm=arm-tiny reason=ucb_score score=-1.208313 total_counts=52 arms=[arm-tiny,x86-large,x86-tiny,x86-tiny/gpu/nvidia]
2026/07/06 18:36:48 [LB][MAB] event=after_select function=mab_cost_aware_1783355782 selected_tag=arm-tiny compatible_tags=[x86-tiny/gpu/nvidia arm-tiny x86-large x86-tiny]
2026/07/06 18:36:48 Candidate has: 512 MB free memory. Function needs: 128 MB
2026/07/06 18:36:48 [LB] Selected target for function 'mab_cost_aware_1783355782': target_tag=arm-tiny candidate=RC9BoWr7bsn5ThsQeA6m9d1783355783476196901 candidate_tag=arm-tiny
2026/07/06 18:36:48 [LB-Update] Node RC9BoWr7bsn5ThsQeA6m9d1783355783476196901 reported 512 MB free
2026/07/06 18:36:48 [MAB] event=reward_breakdown ts=1783355808069 policy=UCB1 function=mab_cost_aware_1783355782 arm=arm-tiny base_tag=arm-tiny architecture=arm specialization=tiny capabilities=[] duration_ms=3.048550 latency_reward=-1.114666 cost_weight=0.600000 cost_factor=0.400000 cost_term=0.240000 energy_weight=0.200000 energy_factor=0.600000 energy_term=0.120000 memory_weight=0.000000 memory_penalty=0.000000 memory_term=0.000000 final_reward=-1.474666
2026/07/06 18:36:48 [MAB] event=update_reward ts=1783355808069 policy=UCB1 function=mab_cost_aware_1783355782 arm=arm-tiny duration_ms=3.048550 warm_start=true reward=-1.474666 count=31 avg_reward=-1.497872 total_counts=53
2026/07/06 18:36:48 [LB] Compatible tag found: function=mab_cost_aware_1783355782 tag=x86-tiny/gpu/nvidia arch=amd64 pattern="" ring_size=1
2026/07/06 18:36:48 [LB] Compatible tag found: function=mab_cost_aware_1783355782 tag=arm-tiny arch=amd64 pattern="" ring_size=1
2026/07/06 18:36:48 [LB] Compatible tag found: function=mab_cost_aware_1783355782 tag=x86-large arch=amd64 pattern="" ring_size=1
2026/07/06 18:36:48 [LB] Compatible tag found: function=mab_cost_aware_1783355782 tag=x86-tiny arch=amd64 pattern="" ring_size=1
2026/07/06 18:36:48 [LB] Compatible tags for function 'mab_cost_aware_1783355782': [x86-tiny/gpu/nvidia arm-tiny x86-large x86-tiny]
2026/07/06 18:36:48 [LB][MAB] event=before_select function=mab_cost_aware_1783355782 compatible_tags=[x86-tiny/gpu/nvidia arm-tiny x86-large x86-tiny] has_context=true
2026/07/06 18:36:48 [MAB] event=arm_score ts=1783355808290 policy=UCB1 function=mab_cost_aware_1783355782 arm=x86-tiny/gpu/nvidia score=-1.478802 count=2 avg_reward=-2.605964 total_counts=53
2026/07/06 18:36:48 [MAB] event=arm_score ts=1783355808290 policy=UCB1 function=mab_cost_aware_1783355782 arm=arm-tiny score=-1.211573 count=31 avg_reward=-1.497872 total_counts=53
2026/07/06 18:36:48 [MAB] event=arm_score ts=1783355808290 policy=UCB1 function=mab_cost_aware_1783355782 arm=x86-large score=-1.296891 count=3 avg_reward=-2.217215 total_counts=53
2026/07/06 18:36:48 [MAB] event=arm_score ts=1783355808290 policy=UCB1 function=mab_cost_aware_1783355782 arm=x86-tiny score=-1.212140 count=17 avg_reward=-1.598753 total_counts=53
2026/07/06 18:36:48 [MAB] event=select_arm ts=1783355808290 policy=UCB1 function=mab_cost_aware_1783355782 selected_arm=arm-tiny reason=ucb_score score=-1.211573 total_counts=53 arms=[arm-tiny,x86-large,x86-tiny,x86-tiny/gpu/nvidia]
2026/07/06 18:36:48 [LB][MAB] event=after_select function=mab_cost_aware_1783355782 selected_tag=arm-tiny compatible_tags=[x86-tiny/gpu/nvidia arm-tiny x86-large x86-tiny]
2026/07/06 18:36:48 Candidate has: 512 MB free memory. Function needs: 128 MB
2026/07/06 18:36:48 [LB] Selected target for function 'mab_cost_aware_1783355782': target_tag=arm-tiny candidate=RC9BoWr7bsn5ThsQeA6m9d1783355783476196901 candidate_tag=arm-tiny
2026/07/06 18:36:48 [LB-Update] Node RC9BoWr7bsn5ThsQeA6m9d1783355783476196901 reported 512 MB free
2026/07/06 18:36:48 [MAB] event=reward_breakdown ts=1783355808295 policy=UCB1 function=mab_cost_aware_1783355782 arm=arm-tiny base_tag=arm-tiny architecture=arm specialization=tiny capabilities=[] duration_ms=3.475178 latency_reward=-1.245646 cost_weight=0.600000 cost_factor=0.400000 cost_term=0.240000 energy_weight=0.200000 energy_factor=0.600000 energy_term=0.120000 memory_weight=0.000000 memory_penalty=0.000000 memory_term=0.000000 final_reward=-1.605646
2026/07/06 18:36:48 [MAB] event=update_reward ts=1783355808295 policy=UCB1 function=mab_cost_aware_1783355782 arm=arm-tiny duration_ms=3.475178 warm_start=true reward=-1.605646 count=32 avg_reward=-1.501240 total_counts=54
2026/07/06 18:36:48 [LB] Compatible tag found: function=mab_cost_aware_1783355782 tag=x86-tiny/gpu/nvidia arch=amd64 pattern="" ring_size=1
2026/07/06 18:36:48 [LB] Compatible tag found: function=mab_cost_aware_1783355782 tag=arm-tiny arch=amd64 pattern="" ring_size=1
2026/07/06 18:36:48 [LB] Compatible tag found: function=mab_cost_aware_1783355782 tag=x86-large arch=amd64 pattern="" ring_size=1
2026/07/06 18:36:48 [LB] Compatible tag found: function=mab_cost_aware_1783355782 tag=x86-tiny arch=amd64 pattern="" ring_size=1
2026/07/06 18:36:48 [LB] Compatible tags for function 'mab_cost_aware_1783355782': [x86-tiny/gpu/nvidia arm-tiny x86-large x86-tiny]
2026/07/06 18:36:48 [LB][MAB] event=before_select function=mab_cost_aware_1783355782 compatible_tags=[x86-tiny/gpu/nvidia arm-tiny x86-large x86-tiny] has_context=true
2026/07/06 18:36:48 [MAB] event=arm_score ts=1783355808517 policy=UCB1 function=mab_cost_aware_1783355782 arm=x86-large score=-1.294727 count=3 avg_reward=-2.217215 total_counts=54
2026/07/06 18:36:48 [MAB] event=arm_score ts=1783355808517 policy=UCB1 function=mab_cost_aware_1783355782 arm=x86-tiny score=-1.211231 count=17 avg_reward=-1.598753 total_counts=54
2026/07/06 18:36:48 [MAB] event=arm_score ts=1783355808517 policy=UCB1 function=mab_cost_aware_1783355782 arm=x86-tiny/gpu/nvidia score=-1.476152 count=2 avg_reward=-2.605964 total_counts=54
2026/07/06 18:36:48 [MAB] event=arm_score ts=1783355808517 policy=UCB1 function=mab_cost_aware_1783355782 arm=arm-tiny score=-1.218787 count=32 avg_reward=-1.501240 total_counts=54
2026/07/06 18:36:48 [MAB] event=select_arm ts=1783355808517 policy=UCB1 function=mab_cost_aware_1783355782 selected_arm=x86-tiny reason=ucb_score score=-1.211231 total_counts=54 arms=[arm-tiny,x86-large,x86-tiny,x86-tiny/gpu/nvidia]
2026/07/06 18:36:48 [LB][MAB] event=after_select function=mab_cost_aware_1783355782 selected_tag=x86-tiny compatible_tags=[x86-tiny/gpu/nvidia arm-tiny x86-large x86-tiny]
2026/07/06 18:36:48 Candidate has: 512 MB free memory. Function needs: 128 MB
2026/07/06 18:36:48 [LB] Selected target for function 'mab_cost_aware_1783355782': target_tag=x86-tiny candidate=WjectcSXtXYALypFSHKKHj1783355783475722225 candidate_tag=x86-tiny
2026/07/06 18:36:48 [LB-Update] Node WjectcSXtXYALypFSHKKHj1783355783475722225 reported 512 MB free
2026/07/06 18:36:48 [MAB] event=reward_breakdown ts=1783355808521 policy=UCB1 function=mab_cost_aware_1783355782 arm=x86-tiny base_tag=x86-tiny architecture=x86 specialization=tiny capabilities=[] duration_ms=3.221996 latency_reward=-1.170001 cost_weight=0.600000 cost_factor=0.400000 cost_term=0.240000 energy_weight=0.200000 energy_factor=1.000000 energy_term=0.200000 memory_weight=0.000000 memory_penalty=0.000000 memory_term=0.000000 final_reward=-1.610001
2026/07/06 18:36:48 [MAB] event=update_reward ts=1783355808521 policy=UCB1 function=mab_cost_aware_1783355782 arm=x86-tiny duration_ms=3.221996 warm_start=true reward=-1.610001 count=18 avg_reward=-1.599378 total_counts=55
2026/07/06 18:36:48 [LB] Compatible tag found: function=mab_cost_aware_1783355782 tag=x86-tiny/gpu/nvidia arch=amd64 pattern="" ring_size=1
2026/07/06 18:36:48 [LB] Compatible tag found: function=mab_cost_aware_1783355782 tag=arm-tiny arch=amd64 pattern="" ring_size=1
2026/07/06 18:36:48 [LB] Compatible tag found: function=mab_cost_aware_1783355782 tag=x86-large arch=amd64 pattern="" ring_size=1
2026/07/06 18:36:48 [LB] Compatible tag found: function=mab_cost_aware_1783355782 tag=x86-tiny arch=amd64 pattern="" ring_size=1
2026/07/06 18:36:48 [LB] Compatible tags for function 'mab_cost_aware_1783355782': [x86-tiny/gpu/nvidia arm-tiny x86-large x86-tiny]
2026/07/06 18:36:48 [LB][MAB] event=before_select function=mab_cost_aware_1783355782 compatible_tags=[x86-tiny/gpu/nvidia arm-tiny x86-large x86-tiny] has_context=true
2026/07/06 18:36:48 [MAB] event=arm_score ts=1783355808743 policy=UCB1 function=mab_cost_aware_1783355782 arm=x86-large score=-1.292608 count=3 avg_reward=-2.217215 total_counts=55
2026/07/06 18:36:48 [MAB] event=arm_score ts=1783355808743 policy=UCB1 function=mab_cost_aware_1783355782 arm=x86-tiny score=-1.221909 count=18 avg_reward=-1.599378 total_counts=55
2026/07/06 18:36:48 [MAB] event=arm_score ts=1783355808743 policy=UCB1 function=mab_cost_aware_1783355782 arm=x86-tiny/gpu/nvidia score=-1.473556 count=2 avg_reward=-2.605964 total_counts=55
2026/07/06 18:36:48 [MAB] event=arm_score ts=1783355808743 policy=UCB1 function=mab_cost_aware_1783355782 arm=arm-tiny score=-1.218139 count=32 avg_reward=-1.501240 total_counts=55
2026/07/06 18:36:48 [MAB] event=select_arm ts=1783355808743 policy=UCB1 function=mab_cost_aware_1783355782 selected_arm=arm-tiny reason=ucb_score score=-1.218139 total_counts=55 arms=[arm-tiny,x86-large,x86-tiny,x86-tiny/gpu/nvidia]
2026/07/06 18:36:48 [LB][MAB] event=after_select function=mab_cost_aware_1783355782 selected_tag=arm-tiny compatible_tags=[x86-tiny/gpu/nvidia arm-tiny x86-large x86-tiny]
2026/07/06 18:36:48 Candidate has: 512 MB free memory. Function needs: 128 MB
2026/07/06 18:36:48 [LB] Selected target for function 'mab_cost_aware_1783355782': target_tag=arm-tiny candidate=RC9BoWr7bsn5ThsQeA6m9d1783355783476196901 candidate_tag=arm-tiny
2026/07/06 18:36:48 [LB-Update] Node RC9BoWr7bsn5ThsQeA6m9d1783355783476196901 reported 512 MB free
2026/07/06 18:36:48 [MAB] event=reward_breakdown ts=1783355808746 policy=UCB1 function=mab_cost_aware_1783355782 arm=arm-tiny base_tag=arm-tiny architecture=arm specialization=tiny capabilities=[] duration_ms=2.942638 latency_reward=-1.079306 cost_weight=0.600000 cost_factor=0.400000 cost_term=0.240000 energy_weight=0.200000 energy_factor=0.600000 energy_term=0.120000 memory_weight=0.000000 memory_penalty=0.000000 memory_term=0.000000 final_reward=-1.439306
2026/07/06 18:36:48 [MAB] event=update_reward ts=1783355808746 policy=UCB1 function=mab_cost_aware_1783355782 arm=arm-tiny duration_ms=2.942638 warm_start=true reward=-1.439306 count=33 avg_reward=-1.499364 total_counts=56
2026/07/06 18:36:48 [LB] Compatible tag found: function=mab_cost_aware_1783355782 tag=x86-tiny/gpu/nvidia arch=amd64 pattern="" ring_size=1
2026/07/06 18:36:48 [LB] Compatible tag found: function=mab_cost_aware_1783355782 tag=arm-tiny arch=amd64 pattern="" ring_size=1
2026/07/06 18:36:48 [LB] Compatible tag found: function=mab_cost_aware_1783355782 tag=x86-large arch=amd64 pattern="" ring_size=1
2026/07/06 18:36:48 [LB] Compatible tag found: function=mab_cost_aware_1783355782 tag=x86-tiny arch=amd64 pattern="" ring_size=1
2026/07/06 18:36:48 [LB] Compatible tags for function 'mab_cost_aware_1783355782': [x86-tiny/gpu/nvidia arm-tiny x86-large x86-tiny]
2026/07/06 18:36:48 [LB][MAB] event=before_select function=mab_cost_aware_1783355782 compatible_tags=[x86-tiny/gpu/nvidia arm-tiny x86-large x86-tiny] has_context=true
2026/07/06 18:36:48 [MAB] event=arm_score ts=1783355808967 policy=UCB1 function=mab_cost_aware_1783355782 arm=x86-tiny/gpu/nvidia score=-1.471013 count=2 avg_reward=-2.605964 total_counts=56
2026/07/06 18:36:48 [MAB] event=arm_score ts=1783355808967 policy=UCB1 function=mab_cost_aware_1783355782 arm=arm-tiny score=-1.219958 count=33 avg_reward=-1.499364 total_counts=56
2026/07/06 18:36:48 [MAB] event=arm_score ts=1783355808967 policy=UCB1 function=mab_cost_aware_1783355782 arm=x86-large score=-1.290532 count=3 avg_reward=-2.217215 total_counts=56
2026/07/06 18:36:48 [MAB] event=arm_score ts=1783355808967 policy=UCB1 function=mab_cost_aware_1783355782 arm=x86-tiny score=-1.221061 count=18 avg_reward=-1.599378 total_counts=56
2026/07/06 18:36:48 [MAB] event=select_arm ts=1783355808967 policy=UCB1 function=mab_cost_aware_1783355782 selected_arm=arm-tiny reason=ucb_score score=-1.219958 total_counts=56 arms=[arm-tiny,x86-large,x86-tiny,x86-tiny/gpu/nvidia]
2026/07/06 18:36:48 [LB][MAB] event=after_select function=mab_cost_aware_1783355782 selected_tag=arm-tiny compatible_tags=[x86-tiny/gpu/nvidia arm-tiny x86-large x86-tiny]
2026/07/06 18:36:48 Candidate has: 512 MB free memory. Function needs: 128 MB
2026/07/06 18:36:48 [LB] Selected target for function 'mab_cost_aware_1783355782': target_tag=arm-tiny candidate=RC9BoWr7bsn5ThsQeA6m9d1783355783476196901 candidate_tag=arm-tiny
2026/07/06 18:36:48 [LB-Update] Node RC9BoWr7bsn5ThsQeA6m9d1783355783476196901 reported 512 MB free
2026/07/06 18:36:48 [MAB] event=reward_breakdown ts=1783355808971 policy=UCB1 function=mab_cost_aware_1783355782 arm=arm-tiny base_tag=arm-tiny architecture=arm specialization=tiny capabilities=[] duration_ms=3.138351 latency_reward=-1.143698 cost_weight=0.600000 cost_factor=0.400000 cost_term=0.240000 energy_weight=0.200000 energy_factor=0.600000 energy_term=0.120000 memory_weight=0.000000 memory_penalty=0.000000 memory_term=0.000000 final_reward=-1.503698
2026/07/06 18:36:48 [MAB] event=update_reward ts=1783355808971 policy=UCB1 function=mab_cost_aware_1783355782 arm=arm-tiny duration_ms=3.138351 warm_start=true reward=-1.503698 count=34 avg_reward=-1.499491 total_counts=57
2026/07/06 18:36:49 [LB] Compatible tag found: function=mab_cost_aware_1783355782 tag=x86-tiny/gpu/nvidia arch=amd64 pattern="" ring_size=1
2026/07/06 18:36:49 [LB] Compatible tag found: function=mab_cost_aware_1783355782 tag=arm-tiny arch=amd64 pattern="" ring_size=1
2026/07/06 18:36:49 [LB] Compatible tag found: function=mab_cost_aware_1783355782 tag=x86-large arch=amd64 pattern="" ring_size=1
2026/07/06 18:36:49 [LB] Compatible tag found: function=mab_cost_aware_1783355782 tag=x86-tiny arch=amd64 pattern="" ring_size=1
2026/07/06 18:36:49 [LB] Compatible tags for function 'mab_cost_aware_1783355782': [x86-tiny/gpu/nvidia arm-tiny x86-large x86-tiny]
2026/07/06 18:36:49 [LB][MAB] event=before_select function=mab_cost_aware_1783355782 compatible_tags=[x86-tiny/gpu/nvidia arm-tiny x86-large x86-tiny] has_context=true
2026/07/06 18:36:49 [MAB] event=arm_score ts=1783355809189 policy=UCB1 function=mab_cost_aware_1783355782 arm=x86-tiny score=-1.220230 count=18 avg_reward=-1.599378 total_counts=57
2026/07/06 18:36:49 [MAB] event=arm_score ts=1783355809189 policy=UCB1 function=mab_cost_aware_1783355782 arm=x86-tiny/gpu/nvidia score=-1.468521 count=2 avg_reward=-2.605964 total_counts=57
2026/07/06 18:36:49 [MAB] event=arm_score ts=1783355809189 policy=UCB1 function=mab_cost_aware_1783355782 arm=arm-tiny score=-1.223621 count=34 avg_reward=-1.499491 total_counts=57
2026/07/06 18:36:49 [MAB] event=arm_score ts=1783355809189 policy=UCB1 function=mab_cost_aware_1783355782 arm=x86-large score=-1.288496 count=3 avg_reward=-2.217215 total_counts=57
2026/07/06 18:36:49 [MAB] event=select_arm ts=1783355809189 policy=UCB1 function=mab_cost_aware_1783355782 selected_arm=x86-tiny reason=ucb_score score=-1.220230 total_counts=57 arms=[arm-tiny,x86-large,x86-tiny,x86-tiny/gpu/nvidia]
2026/07/06 18:36:49 [LB][MAB] event=after_select function=mab_cost_aware_1783355782 selected_tag=x86-tiny compatible_tags=[x86-tiny/gpu/nvidia arm-tiny x86-large x86-tiny]
2026/07/06 18:36:49 Candidate has: 512 MB free memory. Function needs: 128 MB
2026/07/06 18:36:49 [LB] Selected target for function 'mab_cost_aware_1783355782': target_tag=x86-tiny candidate=WjectcSXtXYALypFSHKKHj1783355783475722225 candidate_tag=x86-tiny
2026/07/06 18:36:49 [LB-Update] Node WjectcSXtXYALypFSHKKHj1783355783475722225 reported 512 MB free
2026/07/06 18:36:49 [MAB] event=reward_breakdown ts=1783355809193 policy=UCB1 function=mab_cost_aware_1783355782 arm=x86-tiny base_tag=x86-tiny architecture=x86 specialization=tiny capabilities=[] duration_ms=3.093341 latency_reward=-1.129252 cost_weight=0.600000 cost_factor=0.400000 cost_term=0.240000 energy_weight=0.200000 energy_factor=1.000000 energy_term=0.200000 memory_weight=0.000000 memory_penalty=0.000000 memory_term=0.000000 final_reward=-1.569252
2026/07/06 18:36:49 [MAB] event=update_reward ts=1783355809193 policy=UCB1 function=mab_cost_aware_1783355782 arm=x86-tiny duration_ms=3.093341 warm_start=true reward=-1.569252 count=19 avg_reward=-1.597792 total_counts=58
2026/07/06 18:36:49 [LB] Compatible tag found: function=mab_cost_aware_1783355782 tag=x86-tiny/gpu/nvidia arch=amd64 pattern="" ring_size=1
2026/07/06 18:36:49 [LB] Compatible tag found: function=mab_cost_aware_1783355782 tag=arm-tiny arch=amd64 pattern="" ring_size=1
2026/07/06 18:36:49 [LB] Compatible tag found: function=mab_cost_aware_1783355782 tag=x86-large arch=amd64 pattern="" ring_size=1
2026/07/06 18:36:49 [LB] Compatible tag found: function=mab_cost_aware_1783355782 tag=x86-tiny arch=amd64 pattern="" ring_size=1
2026/07/06 18:36:49 [LB] Compatible tags for function 'mab_cost_aware_1783355782': [x86-tiny/gpu/nvidia arm-tiny x86-large x86-tiny]
2026/07/06 18:36:49 [LB][MAB] event=before_select function=mab_cost_aware_1783355782 compatible_tags=[x86-tiny/gpu/nvidia arm-tiny x86-large x86-tiny] has_context=true
2026/07/06 18:36:49 [MAB] event=arm_score ts=1783355809413 policy=UCB1 function=mab_cost_aware_1783355782 arm=x86-tiny score=-1.227964 count=19 avg_reward=-1.597792 total_counts=58
2026/07/06 18:36:49 [MAB] event=arm_score ts=1783355809413 policy=UCB1 function=mab_cost_aware_1783355782 arm=x86-tiny/gpu/nvidia score=-1.466077 count=2 avg_reward=-2.605964 total_counts=58
2026/07/06 18:36:49 [MAB] event=arm_score ts=1783355809413 policy=UCB1 function=mab_cost_aware_1783355782 arm=arm-tiny score=-1.223028 count=34 avg_reward=-1.499491 total_counts=58
2026/07/06 18:36:49 [MAB] event=arm_score ts=1783355809413 policy=UCB1 function=mab_cost_aware_1783355782 arm=x86-large score=-1.286501 count=3 avg_reward=-2.217215 total_counts=58
2026/07/06 18:36:49 [MAB] event=select_arm ts=1783355809413 policy=UCB1 function=mab_cost_aware_1783355782 selected_arm=arm-tiny reason=ucb_score score=-1.223028 total_counts=58 arms=[arm-tiny,x86-large,x86-tiny,x86-tiny/gpu/nvidia]
2026/07/06 18:36:49 [LB][MAB] event=after_select function=mab_cost_aware_1783355782 selected_tag=arm-tiny compatible_tags=[x86-tiny/gpu/nvidia arm-tiny x86-large x86-tiny]
2026/07/06 18:36:49 Candidate has: 512 MB free memory. Function needs: 128 MB
2026/07/06 18:36:49 [LB] Selected target for function 'mab_cost_aware_1783355782': target_tag=arm-tiny candidate=RC9BoWr7bsn5ThsQeA6m9d1783355783476196901 candidate_tag=arm-tiny
2026/07/06 18:36:49 [LB-Update] Node RC9BoWr7bsn5ThsQeA6m9d1783355783476196901 reported 512 MB free
2026/07/06 18:36:49 [MAB] event=reward_breakdown ts=1783355809417 policy=UCB1 function=mab_cost_aware_1783355782 arm=arm-tiny base_tag=arm-tiny architecture=arm specialization=tiny capabilities=[] duration_ms=3.067738 latency_reward=-1.120940 cost_weight=0.600000 cost_factor=0.400000 cost_term=0.240000 energy_weight=0.200000 energy_factor=0.600000 energy_term=0.120000 memory_weight=0.000000 memory_penalty=0.000000 memory_term=0.000000 final_reward=-1.480940
2026/07/06 18:36:49 [MAB] event=update_reward ts=1783355809417 policy=UCB1 function=mab_cost_aware_1783355782 arm=arm-tiny duration_ms=3.067738 warm_start=true reward=-1.480940 count=35 avg_reward=-1.498961 total_counts=59
2026/07/06 18:36:49 [LB]: Periodic targets update
2026/07/06 18:36:49 Found target: RC9BoWr7bsn5ThsQeA6m9d1783355783476196901
2026/07/06 18:36:49 Found target: Yfj9dc9aZ5sc6MzJoZmaP61783355783474809800
2026/07/06 18:36:49 Found target: WjectcSXtXYALypFSHKKHj1783355783475722225
2026/07/06 18:36:49 Found target: vpsc5EyUeu2bgV5e5BQz2f1783355783477036272
2026/07/06 18:36:49 Found 4 targets
2026/07/06 18:36:49 [LB] Compatible tag found: function=mab_cost_aware_1783355782 tag=x86-tiny/gpu/nvidia arch=amd64 pattern="" ring_size=1
2026/07/06 18:36:49 [LB] Compatible tag found: function=mab_cost_aware_1783355782 tag=arm-tiny arch=amd64 pattern="" ring_size=1
2026/07/06 18:36:49 [LB] Compatible tag found: function=mab_cost_aware_1783355782 tag=x86-large arch=amd64 pattern="" ring_size=1
2026/07/06 18:36:49 [LB] Compatible tag found: function=mab_cost_aware_1783355782 tag=x86-tiny arch=amd64 pattern="" ring_size=1
2026/07/06 18:36:49 [LB] Compatible tags for function 'mab_cost_aware_1783355782': [x86-tiny/gpu/nvidia arm-tiny x86-large x86-tiny]
2026/07/06 18:36:49 [LB][MAB] event=before_select function=mab_cost_aware_1783355782 compatible_tags=[x86-tiny/gpu/nvidia arm-tiny x86-large x86-tiny] has_context=true
2026/07/06 18:36:49 [MAB] event=arm_score ts=1783355809636 policy=UCB1 function=mab_cost_aware_1783355782 arm=x86-tiny score=-1.227187 count=19 avg_reward=-1.597792 total_counts=59
2026/07/06 18:36:49 [MAB] event=arm_score ts=1783355809636 policy=UCB1 function=mab_cost_aware_1783355782 arm=x86-tiny/gpu/nvidia score=-1.463680 count=2 avg_reward=-2.605964 total_counts=59
2026/07/06 18:36:49 [MAB] event=arm_score ts=1783355809636 policy=UCB1 function=mab_cost_aware_1783355782 arm=arm-tiny score=-1.225903 count=35 avg_reward=-1.498961 total_counts=59
2026/07/06 18:36:49 [MAB] event=arm_score ts=1783355809636 policy=UCB1 function=mab_cost_aware_1783355782 arm=x86-large score=-1.284544 count=3 avg_reward=-2.217215 total_counts=59
2026/07/06 18:36:49 [MAB] event=select_arm ts=1783355809636 policy=UCB1 function=mab_cost_aware_1783355782 selected_arm=arm-tiny reason=ucb_score score=-1.225903 total_counts=59 arms=[arm-tiny,x86-large,x86-tiny,x86-tiny/gpu/nvidia]
2026/07/06 18:36:49 [LB][MAB] event=after_select function=mab_cost_aware_1783355782 selected_tag=arm-tiny compatible_tags=[x86-tiny/gpu/nvidia arm-tiny x86-large x86-tiny]
2026/07/06 18:36:49 Candidate has: 512 MB free memory. Function needs: 128 MB
2026/07/06 18:36:49 [LB] Selected target for function 'mab_cost_aware_1783355782': target_tag=arm-tiny candidate=RC9BoWr7bsn5ThsQeA6m9d1783355783476196901 candidate_tag=arm-tiny
2026/07/06 18:36:49 [LB-Update] Node RC9BoWr7bsn5ThsQeA6m9d1783355783476196901 reported 512 MB free
2026/07/06 18:36:49 [MAB] event=reward_breakdown ts=1783355809640 policy=UCB1 function=mab_cost_aware_1783355782 arm=arm-tiny base_tag=arm-tiny architecture=arm specialization=tiny capabilities=[] duration_ms=3.238837 latency_reward=-1.175214 cost_weight=0.600000 cost_factor=0.400000 cost_term=0.240000 energy_weight=0.200000 energy_factor=0.600000 energy_term=0.120000 memory_weight=0.000000 memory_penalty=0.000000 memory_term=0.000000 final_reward=-1.535214
2026/07/06 18:36:49 [MAB] event=update_reward ts=1783355809640 policy=UCB1 function=mab_cost_aware_1783355782 arm=arm-tiny duration_ms=3.238837 warm_start=true reward=-1.535214 count=36 avg_reward=-1.499968 total_counts=60
2026/07/06 18:36:49 [LB] Compatible tag found: function=mab_cost_aware_1783355782 tag=x86-tiny/gpu/nvidia arch=amd64 pattern="" ring_size=1
2026/07/06 18:36:49 [LB] Compatible tag found: function=mab_cost_aware_1783355782 tag=arm-tiny arch=amd64 pattern="" ring_size=1
2026/07/06 18:36:49 [LB] Compatible tag found: function=mab_cost_aware_1783355782 tag=x86-large arch=amd64 pattern="" ring_size=1
2026/07/06 18:36:49 [LB] Compatible tag found: function=mab_cost_aware_1783355782 tag=x86-tiny arch=amd64 pattern="" ring_size=1
2026/07/06 18:36:49 [LB] Compatible tags for function 'mab_cost_aware_1783355782': [x86-tiny/gpu/nvidia arm-tiny x86-large x86-tiny]
2026/07/06 18:36:49 [LB][MAB] event=before_select function=mab_cost_aware_1783355782 compatible_tags=[x86-tiny/gpu/nvidia arm-tiny x86-large x86-tiny] has_context=true
2026/07/06 18:36:49 [MAB] event=arm_score ts=1783355809864 policy=UCB1 function=mab_cost_aware_1783355782 arm=x86-tiny/gpu/nvidia score=-1.461328 count=2 avg_reward=-2.605964 total_counts=60
2026/07/06 18:36:49 [MAB] event=arm_score ts=1783355809864 policy=UCB1 function=mab_cost_aware_1783355782 arm=arm-tiny score=-1.230175 count=36 avg_reward=-1.499968 total_counts=60
2026/07/06 18:36:49 [MAB] event=arm_score ts=1783355809864 policy=UCB1 function=mab_cost_aware_1783355782 arm=x86-large score=-1.282624 count=3 avg_reward=-2.217215 total_counts=60
2026/07/06 18:36:49 [MAB] event=arm_score ts=1783355809864 policy=UCB1 function=mab_cost_aware_1783355782 arm=x86-tiny score=-1.226424 count=19 avg_reward=-1.597792 total_counts=60
2026/07/06 18:36:49 [MAB] event=select_arm ts=1783355809864 policy=UCB1 function=mab_cost_aware_1783355782 selected_arm=x86-tiny reason=ucb_score score=-1.226424 total_counts=60 arms=[arm-tiny,x86-large,x86-tiny,x86-tiny/gpu/nvidia]
2026/07/06 18:36:49 [LB][MAB] event=after_select function=mab_cost_aware_1783355782 selected_tag=x86-tiny compatible_tags=[x86-tiny/gpu/nvidia arm-tiny x86-large x86-tiny]
2026/07/06 18:36:49 Candidate has: 512 MB free memory. Function needs: 128 MB
2026/07/06 18:36:49 [LB] Selected target for function 'mab_cost_aware_1783355782': target_tag=x86-tiny candidate=WjectcSXtXYALypFSHKKHj1783355783475722225 candidate_tag=x86-tiny
2026/07/06 18:36:49 [LB-Update] Node WjectcSXtXYALypFSHKKHj1783355783475722225 reported 512 MB free
2026/07/06 18:36:49 [MAB] event=reward_breakdown ts=1783355809868 policy=UCB1 function=mab_cost_aware_1783355782 arm=x86-tiny base_tag=x86-tiny architecture=x86 specialization=tiny capabilities=[] duration_ms=3.380688 latency_reward=-1.218079 cost_weight=0.600000 cost_factor=0.400000 cost_term=0.240000 energy_weight=0.200000 energy_factor=1.000000 energy_term=0.200000 memory_weight=0.000000 memory_penalty=0.000000 memory_term=0.000000 final_reward=-1.658079
2026/07/06 18:36:49 [MAB] event=update_reward ts=1783355809868 policy=UCB1 function=mab_cost_aware_1783355782 arm=x86-tiny duration_ms=3.380688 warm_start=true reward=-1.658079 count=20 avg_reward=-1.600807 total_counts=61
2026/07/06 18:36:50 [LB] Compatible tag found: function=mab_cost_aware_1783355782 tag=x86-tiny/gpu/nvidia arch=amd64 pattern="" ring_size=1
2026/07/06 18:36:50 [LB] Compatible tag found: function=mab_cost_aware_1783355782 tag=arm-tiny arch=amd64 pattern="" ring_size=1
2026/07/06 18:36:50 [LB] Compatible tag found: function=mab_cost_aware_1783355782 tag=x86-large arch=amd64 pattern="" ring_size=1
2026/07/06 18:36:50 [LB] Compatible tag found: function=mab_cost_aware_1783355782 tag=x86-tiny arch=amd64 pattern="" ring_size=1
2026/07/06 18:36:50 [LB] Compatible tags for function 'mab_cost_aware_1783355782': [x86-tiny/gpu/nvidia arm-tiny x86-large x86-tiny]
2026/07/06 18:36:50 [LB][MAB] event=before_select function=mab_cost_aware_1783355782 compatible_tags=[x86-tiny/gpu/nvidia arm-tiny x86-large x86-tiny] has_context=true
2026/07/06 18:36:50 [MAB] event=arm_score ts=1783355810088 policy=UCB1 function=mab_cost_aware_1783355782 arm=arm-tiny score=-1.229631 count=36 avg_reward=-1.499968 total_counts=61
2026/07/06 18:36:50 [MAB] event=arm_score ts=1783355810088 policy=UCB1 function=mab_cost_aware_1783355782 arm=x86-large score=-1.280739 count=3 avg_reward=-2.217215 total_counts=61
2026/07/06 18:36:50 [MAB] event=arm_score ts=1783355810088 policy=UCB1 function=mab_cost_aware_1783355782 arm=x86-tiny score=-1.238111 count=20 avg_reward=-1.600807 total_counts=61
2026/07/06 18:36:50 [MAB] event=arm_score ts=1783355810088 policy=UCB1 function=mab_cost_aware_1783355782 arm=x86-tiny/gpu/nvidia score=-1.459020 count=2 avg_reward=-2.605964 total_counts=61
2026/07/06 18:36:50 [MAB] event=select_arm ts=1783355810088 policy=UCB1 function=mab_cost_aware_1783355782 selected_arm=arm-tiny reason=ucb_score score=-1.229631 total_counts=61 arms=[arm-tiny,x86-large,x86-tiny,x86-tiny/gpu/nvidia]
2026/07/06 18:36:50 [LB][MAB] event=after_select function=mab_cost_aware_1783355782 selected_tag=arm-tiny compatible_tags=[x86-tiny/gpu/nvidia arm-tiny x86-large x86-tiny]
2026/07/06 18:36:50 Candidate has: 512 MB free memory. Function needs: 128 MB
2026/07/06 18:36:50 [LB] Selected target for function 'mab_cost_aware_1783355782': target_tag=arm-tiny candidate=RC9BoWr7bsn5ThsQeA6m9d1783355783476196901 candidate_tag=arm-tiny
2026/07/06 18:36:50 [LB-Update] Node RC9BoWr7bsn5ThsQeA6m9d1783355783476196901 reported 512 MB free
2026/07/06 18:36:50 [MAB] event=reward_breakdown ts=1783355810093 policy=UCB1 function=mab_cost_aware_1783355782 arm=arm-tiny base_tag=arm-tiny architecture=arm specialization=tiny capabilities=[] duration_ms=2.841999 latency_reward=-1.044508 cost_weight=0.600000 cost_factor=0.400000 cost_term=0.240000 energy_weight=0.200000 energy_factor=0.600000 energy_term=0.120000 memory_weight=0.000000 memory_penalty=0.000000 memory_term=0.000000 final_reward=-1.404508
2026/07/06 18:36:50 [MAB] event=update_reward ts=1783355810093 policy=UCB1 function=mab_cost_aware_1783355782 arm=arm-tiny duration_ms=2.841999 warm_start=true reward=-1.404508 count=37 avg_reward=-1.497388 total_counts=62
2026/07/06 18:36:50 [LB] Compatible tag found: function=mab_cost_aware_1783355782 tag=x86-tiny/gpu/nvidia arch=amd64 pattern="" ring_size=1
2026/07/06 18:36:50 [LB] Compatible tag found: function=mab_cost_aware_1783355782 tag=arm-tiny arch=amd64 pattern="" ring_size=1
2026/07/06 18:36:50 [LB] Compatible tag found: function=mab_cost_aware_1783355782 tag=x86-large arch=amd64 pattern="" ring_size=1
2026/07/06 18:36:50 [LB] Compatible tag found: function=mab_cost_aware_1783355782 tag=x86-tiny arch=amd64 pattern="" ring_size=1
2026/07/06 18:36:50 [LB] Compatible tags for function 'mab_cost_aware_1783355782': [x86-tiny/gpu/nvidia arm-tiny x86-large x86-tiny]
2026/07/06 18:36:50 [LB][MAB] event=before_select function=mab_cost_aware_1783355782 compatible_tags=[x86-tiny/gpu/nvidia arm-tiny x86-large x86-tiny] has_context=true
2026/07/06 18:36:50 [MAB] event=arm_score ts=1783355810312 policy=UCB1 function=mab_cost_aware_1783355782 arm=x86-tiny/gpu/nvidia score=-1.456754 count=2 avg_reward=-2.605964 total_counts=62
2026/07/06 18:36:50 [MAB] event=arm_score ts=1783355810312 policy=UCB1 function=mab_cost_aware_1783355782 arm=arm-tiny score=-1.230202 count=37 avg_reward=-1.497388 total_counts=62
2026/07/06 18:36:50 [MAB] event=arm_score ts=1783355810312 policy=UCB1 function=mab_cost_aware_1783355782 arm=x86-large score=-1.278889 count=3 avg_reward=-2.217215 total_counts=62
2026/07/06 18:36:50 [MAB] event=arm_score ts=1783355810312 policy=UCB1 function=mab_cost_aware_1783355782 arm=x86-tiny score=-1.237395 count=20 avg_reward=-1.600807 total_counts=62
2026/07/06 18:36:50 [MAB] event=select_arm ts=1783355810312 policy=UCB1 function=mab_cost_aware_1783355782 selected_arm=arm-tiny reason=ucb_score score=-1.230202 total_counts=62 arms=[arm-tiny,x86-large,x86-tiny,x86-tiny/gpu/nvidia]
2026/07/06 18:36:50 [LB][MAB] event=after_select function=mab_cost_aware_1783355782 selected_tag=arm-tiny compatible_tags=[x86-tiny/gpu/nvidia arm-tiny x86-large x86-tiny]
2026/07/06 18:36:50 Candidate has: 512 MB free memory. Function needs: 128 MB
2026/07/06 18:36:50 [LB] Selected target for function 'mab_cost_aware_1783355782': target_tag=arm-tiny candidate=RC9BoWr7bsn5ThsQeA6m9d1783355783476196901 candidate_tag=arm-tiny
2026/07/06 18:36:50 [LB-Update] Node RC9BoWr7bsn5ThsQeA6m9d1783355783476196901 reported 512 MB free
2026/07/06 18:36:50 [MAB] event=reward_breakdown ts=1783355810316 policy=UCB1 function=mab_cost_aware_1783355782 arm=arm-tiny base_tag=arm-tiny architecture=arm specialization=tiny capabilities=[] duration_ms=3.374064 latency_reward=-1.216118 cost_weight=0.600000 cost_factor=0.400000 cost_term=0.240000 energy_weight=0.200000 energy_factor=0.600000 energy_term=0.120000 memory_weight=0.000000 memory_penalty=0.000000 memory_term=0.000000 final_reward=-1.576118
2026/07/06 18:36:50 [MAB] event=update_reward ts=1783355810317 policy=UCB1 function=mab_cost_aware_1783355782 arm=arm-tiny duration_ms=3.374064 warm_start=true reward=-1.576118 count=38 avg_reward=-1.499460 total_counts=63
2026/07/06 18:36:50 [LB] Compatible tag found: function=mab_cost_aware_1783355782 tag=x86-tiny/gpu/nvidia arch=amd64 pattern="" ring_size=1
2026/07/06 18:36:50 [LB] Compatible tag found: function=mab_cost_aware_1783355782 tag=arm-tiny arch=amd64 pattern="" ring_size=1
2026/07/06 18:36:50 [LB] Compatible tag found: function=mab_cost_aware_1783355782 tag=x86-large arch=amd64 pattern="" ring_size=1
2026/07/06 18:36:50 [LB] Compatible tag found: function=mab_cost_aware_1783355782 tag=x86-tiny arch=amd64 pattern="" ring_size=1
2026/07/06 18:36:50 [LB] Compatible tags for function 'mab_cost_aware_1783355782': [x86-tiny/gpu/nvidia arm-tiny x86-large x86-tiny]
2026/07/06 18:36:50 [LB][MAB] event=before_select function=mab_cost_aware_1783355782 compatible_tags=[x86-tiny/gpu/nvidia arm-tiny x86-large x86-tiny] has_context=true
2026/07/06 18:36:50 [MAB] event=arm_score ts=1783355810536 policy=UCB1 function=mab_cost_aware_1783355782 arm=x86-tiny/gpu/nvidia score=-1.454529 count=2 avg_reward=-2.605964 total_counts=63
2026/07/06 18:36:50 [MAB] event=arm_score ts=1783355810536 policy=UCB1 function=mab_cost_aware_1783355782 arm=arm-tiny score=-1.235303 count=38 avg_reward=-1.499460 total_counts=63
2026/07/06 18:36:50 [MAB] event=arm_score ts=1783355810536 policy=UCB1 function=mab_cost_aware_1783355782 arm=x86-large score=-1.277072 count=3 avg_reward=-2.217215 total_counts=63
2026/07/06 18:36:50 [MAB] event=arm_score ts=1783355810536 policy=UCB1 function=mab_cost_aware_1783355782 arm=x86-tiny score=-1.236691 count=20 avg_reward=-1.600807 total_counts=63
2026/07/06 18:36:50 [MAB] event=select_arm ts=1783355810536 policy=UCB1 function=mab_cost_aware_1783355782 selected_arm=arm-tiny reason=ucb_score score=-1.235303 total_counts=63 arms=[arm-tiny,x86-large,x86-tiny,x86-tiny/gpu/nvidia]
2026/07/06 18:36:50 [LB][MAB] event=after_select function=mab_cost_aware_1783355782 selected_tag=arm-tiny compatible_tags=[x86-tiny/gpu/nvidia arm-tiny x86-large x86-tiny]
2026/07/06 18:36:50 Candidate has: 512 MB free memory. Function needs: 128 MB
2026/07/06 18:36:50 [LB] Selected target for function 'mab_cost_aware_1783355782': target_tag=arm-tiny candidate=RC9BoWr7bsn5ThsQeA6m9d1783355783476196901 candidate_tag=arm-tiny
2026/07/06 18:36:50 [LB-Update] Node RC9BoWr7bsn5ThsQeA6m9d1783355783476196901 reported 512 MB free
2026/07/06 18:36:50 [MAB] event=reward_breakdown ts=1783355810540 policy=UCB1 function=mab_cost_aware_1783355782 arm=arm-tiny base_tag=arm-tiny architecture=arm specialization=tiny capabilities=[] duration_ms=3.218736 latency_reward=-1.168989 cost_weight=0.600000 cost_factor=0.400000 cost_term=0.240000 energy_weight=0.200000 energy_factor=0.600000 energy_term=0.120000 memory_weight=0.000000 memory_penalty=0.000000 memory_term=0.000000 final_reward=-1.528989
2026/07/06 18:36:50 [MAB] event=update_reward ts=1783355810540 policy=UCB1 function=mab_cost_aware_1783355782 arm=arm-tiny duration_ms=3.218736 warm_start=true reward=-1.528989 count=39 avg_reward=-1.500217 total_counts=64
2026/07/06 18:36:50 [LB] Compatible tag found: function=mab_cost_aware_1783355782 tag=x86-tiny/gpu/nvidia arch=amd64 pattern="" ring_size=1
2026/07/06 18:36:50 [LB] Compatible tag found: function=mab_cost_aware_1783355782 tag=arm-tiny arch=amd64 pattern="" ring_size=1
2026/07/06 18:36:50 [LB] Compatible tag found: function=mab_cost_aware_1783355782 tag=x86-large arch=amd64 pattern="" ring_size=1
2026/07/06 18:36:50 [LB] Compatible tag found: function=mab_cost_aware_1783355782 tag=x86-tiny arch=amd64 pattern="" ring_size=1
2026/07/06 18:36:50 [LB] Compatible tags for function 'mab_cost_aware_1783355782': [x86-tiny/gpu/nvidia arm-tiny x86-large x86-tiny]
2026/07/06 18:36:50 [LB][MAB] event=before_select function=mab_cost_aware_1783355782 compatible_tags=[x86-tiny/gpu/nvidia arm-tiny x86-large x86-tiny] has_context=true
2026/07/06 18:36:50 [MAB] event=arm_score ts=1783355810761 policy=UCB1 function=mab_cost_aware_1783355782 arm=x86-tiny score=-1.236000 count=20 avg_reward=-1.600807 total_counts=64
2026/07/06 18:36:50 [MAB] event=arm_score ts=1783355810761 policy=UCB1 function=mab_cost_aware_1783355782 arm=x86-tiny/gpu/nvidia score=-1.452342 count=2 avg_reward=-2.605964 total_counts=64
2026/07/06 18:36:50 [MAB] event=arm_score ts=1783355810761 policy=UCB1 function=mab_cost_aware_1783355782 arm=arm-tiny score=-1.238973 count=39 avg_reward=-1.500217 total_counts=64
2026/07/06 18:36:50 [MAB] event=arm_score ts=1783355810761 policy=UCB1 function=mab_cost_aware_1783355782 arm=x86-large score=-1.275287 count=3 avg_reward=-2.217215 total_counts=64
2026/07/06 18:36:50 [MAB] event=select_arm ts=1783355810761 policy=UCB1 function=mab_cost_aware_1783355782 selected_arm=x86-tiny reason=ucb_score score=-1.236000 total_counts=64 arms=[arm-tiny,x86-large,x86-tiny,x86-tiny/gpu/nvidia]
2026/07/06 18:36:50 [LB][MAB] event=after_select function=mab_cost_aware_1783355782 selected_tag=x86-tiny compatible_tags=[x86-tiny/gpu/nvidia arm-tiny x86-large x86-tiny]
2026/07/06 18:36:50 Candidate has: 512 MB free memory. Function needs: 128 MB
2026/07/06 18:36:50 [LB] Selected target for function 'mab_cost_aware_1783355782': target_tag=x86-tiny candidate=WjectcSXtXYALypFSHKKHj1783355783475722225 candidate_tag=x86-tiny
2026/07/06 18:36:50 [LB-Update] Node WjectcSXtXYALypFSHKKHj1783355783475722225 reported 512 MB free
2026/07/06 18:36:50 [MAB] event=reward_breakdown ts=1783355810765 policy=UCB1 function=mab_cost_aware_1783355782 arm=x86-tiny base_tag=x86-tiny architecture=x86 specialization=tiny capabilities=[] duration_ms=2.849296 latency_reward=-1.047072 cost_weight=0.600000 cost_factor=0.400000 cost_term=0.240000 energy_weight=0.200000 energy_factor=1.000000 energy_term=0.200000 memory_weight=0.000000 memory_penalty=0.000000 memory_term=0.000000 final_reward=-1.487072
2026/07/06 18:36:50 [MAB] event=update_reward ts=1783355810765 policy=UCB1 function=mab_cost_aware_1783355782 arm=x86-tiny duration_ms=2.849296 warm_start=true reward=-1.487072 count=21 avg_reward=-1.595391 total_counts=65
2026/07/06 18:36:50 [LB] Compatible tag found: function=mab_cost_aware_1783355782 tag=x86-tiny/gpu/nvidia arch=amd64 pattern="" ring_size=1
2026/07/06 18:36:50 [LB] Compatible tag found: function=mab_cost_aware_1783355782 tag=arm-tiny arch=amd64 pattern="" ring_size=1
2026/07/06 18:36:50 [LB] Compatible tag found: function=mab_cost_aware_1783355782 tag=x86-large arch=amd64 pattern="" ring_size=1
2026/07/06 18:36:50 [LB] Compatible tag found: function=mab_cost_aware_1783355782 tag=x86-tiny arch=amd64 pattern="" ring_size=1
2026/07/06 18:36:50 [LB] Compatible tags for function 'mab_cost_aware_1783355782': [x86-tiny/gpu/nvidia arm-tiny x86-large x86-tiny]
2026/07/06 18:36:50 [LB][MAB] event=before_select function=mab_cost_aware_1783355782 compatible_tags=[x86-tiny/gpu/nvidia arm-tiny x86-large x86-tiny] has_context=true
2026/07/06 18:36:50 [MAB] event=arm_score ts=1783355810986 policy=UCB1 function=mab_cost_aware_1783355782 arm=x86-large score=-1.273533 count=3 avg_reward=-2.217215 total_counts=65
2026/07/06 18:36:50 [MAB] event=arm_score ts=1783355810986 policy=UCB1 function=mab_cost_aware_1783355782 arm=x86-tiny score=-1.238713 count=21 avg_reward=-1.595391 total_counts=65
2026/07/06 18:36:50 [MAB] event=arm_score ts=1783355810986 policy=UCB1 function=mab_cost_aware_1783355782 arm=x86-tiny/gpu/nvidia score=-1.450194 count=2 avg_reward=-2.605964 total_counts=65
2026/07/06 18:36:50 [MAB] event=arm_score ts=1783355810986 policy=UCB1 function=mab_cost_aware_1783355782 arm=arm-tiny score=-1.238487 count=39 avg_reward=-1.500217 total_counts=65
2026/07/06 18:36:50 [MAB] event=select_arm ts=1783355810986 policy=UCB1 function=mab_cost_aware_1783355782 selected_arm=arm-tiny reason=ucb_score score=-1.238487 total_counts=65 arms=[arm-tiny,x86-large,x86-tiny,x86-tiny/gpu/nvidia]
2026/07/06 18:36:50 [LB][MAB] event=after_select function=mab_cost_aware_1783355782 selected_tag=arm-tiny compatible_tags=[x86-tiny/gpu/nvidia arm-tiny x86-large x86-tiny]
2026/07/06 18:36:50 Candidate has: 512 MB free memory. Function needs: 128 MB
2026/07/06 18:36:50 [LB] Selected target for function 'mab_cost_aware_1783355782': target_tag=arm-tiny candidate=RC9BoWr7bsn5ThsQeA6m9d1783355783476196901 candidate_tag=arm-tiny
2026/07/06 18:36:50 [LB-Update] Node RC9BoWr7bsn5ThsQeA6m9d1783355783476196901 reported 512 MB free
2026/07/06 18:36:50 [MAB] event=reward_breakdown ts=1783355810990 policy=UCB1 function=mab_cost_aware_1783355782 arm=arm-tiny base_tag=arm-tiny architecture=arm specialization=tiny capabilities=[] duration_ms=2.769532 latency_reward=-1.018678 cost_weight=0.600000 cost_factor=0.400000 cost_term=0.240000 energy_weight=0.200000 energy_factor=0.600000 energy_term=0.120000 memory_weight=0.000000 memory_penalty=0.000000 memory_term=0.000000 final_reward=-1.378678
2026/07/06 18:36:50 [MAB] event=update_reward ts=1783355810990 policy=UCB1 function=mab_cost_aware_1783355782 arm=arm-tiny duration_ms=2.769532 warm_start=true reward=-1.378678 count=40 avg_reward=-1.497179 total_counts=66
2026/07/06 18:36:51 [LB] Compatible tag found: function=mab_cost_aware_1783355782 tag=x86-tiny/gpu/nvidia arch=amd64 pattern="" ring_size=1
2026/07/06 18:36:51 [LB] Compatible tag found: function=mab_cost_aware_1783355782 tag=arm-tiny arch=amd64 pattern="" ring_size=1
2026/07/06 18:36:51 [LB] Compatible tag found: function=mab_cost_aware_1783355782 tag=x86-large arch=amd64 pattern="" ring_size=1
2026/07/06 18:36:51 [LB] Compatible tag found: function=mab_cost_aware_1783355782 tag=x86-tiny arch=amd64 pattern="" ring_size=1
2026/07/06 18:36:51 [LB] Compatible tags for function 'mab_cost_aware_1783355782': [x86-tiny/gpu/nvidia arm-tiny x86-large x86-tiny]
2026/07/06 18:36:51 [LB][MAB] event=before_select function=mab_cost_aware_1783355782 compatible_tags=[x86-tiny/gpu/nvidia arm-tiny x86-large x86-tiny] has_context=true
2026/07/06 18:36:51 [MAB] event=arm_score ts=1783355811209 policy=UCB1 function=mab_cost_aware_1783355782 arm=arm-tiny score=-1.238268 count=40 avg_reward=-1.497179 total_counts=66
2026/07/06 18:36:51 [MAB] event=arm_score ts=1783355811209 policy=UCB1 function=mab_cost_aware_1783355782 arm=x86-large score=-1.271808 count=3 avg_reward=-2.217215 total_counts=66
2026/07/06 18:36:51 [MAB] event=arm_score ts=1783355811209 policy=UCB1 function=mab_cost_aware_1783355782 arm=x86-tiny score=-1.238061 count=21 avg_reward=-1.595391 total_counts=66
2026/07/06 18:36:51 [MAB] event=arm_score ts=1783355811209 policy=UCB1 function=mab_cost_aware_1783355782 arm=x86-tiny/gpu/nvidia score=-1.448082 count=2 avg_reward=-2.605964 total_counts=66
2026/07/06 18:36:51 [MAB] event=select_arm ts=1783355811209 policy=UCB1 function=mab_cost_aware_1783355782 selected_arm=x86-tiny reason=ucb_score score=-1.238061 total_counts=66 arms=[arm-tiny,x86-large,x86-tiny,x86-tiny/gpu/nvidia]
2026/07/06 18:36:51 [LB][MAB] event=after_select function=mab_cost_aware_1783355782 selected_tag=x86-tiny compatible_tags=[x86-tiny/gpu/nvidia arm-tiny x86-large x86-tiny]
2026/07/06 18:36:51 Candidate has: 512 MB free memory. Function needs: 128 MB
2026/07/06 18:36:51 [LB] Selected target for function 'mab_cost_aware_1783355782': target_tag=x86-tiny candidate=WjectcSXtXYALypFSHKKHj1783355783475722225 candidate_tag=x86-tiny
2026/07/06 18:36:51 [LB-Update] Node WjectcSXtXYALypFSHKKHj1783355783475722225 reported 512 MB free
2026/07/06 18:36:51 [MAB] event=reward_breakdown ts=1783355811213 policy=UCB1 function=mab_cost_aware_1783355782 arm=x86-tiny base_tag=x86-tiny architecture=x86 specialization=tiny capabilities=[] duration_ms=2.701960 latency_reward=-0.993977 cost_weight=0.600000 cost_factor=0.400000 cost_term=0.240000 energy_weight=0.200000 energy_factor=1.000000 energy_term=0.200000 memory_weight=0.000000 memory_penalty=0.000000 memory_term=0.000000 final_reward=-1.433977
2026/07/06 18:36:51 [MAB] event=update_reward ts=1783355811213 policy=UCB1 function=mab_cost_aware_1783355782 arm=x86-tiny duration_ms=2.701960 warm_start=true reward=-1.433977 count=22 avg_reward=-1.588054 total_counts=67
2026/07/06 18:36:51 [LB] Compatible tag found: function=mab_cost_aware_1783355782 tag=x86-tiny/gpu/nvidia arch=amd64 pattern="" ring_size=1
2026/07/06 18:36:51 [LB] Compatible tag found: function=mab_cost_aware_1783355782 tag=arm-tiny arch=amd64 pattern="" ring_size=1
2026/07/06 18:36:51 [LB] Compatible tag found: function=mab_cost_aware_1783355782 tag=x86-large arch=amd64 pattern="" ring_size=1
2026/07/06 18:36:51 [LB] Compatible tag found: function=mab_cost_aware_1783355782 tag=x86-tiny arch=amd64 pattern="" ring_size=1
2026/07/06 18:36:51 [LB] Compatible tags for function 'mab_cost_aware_1783355782': [x86-tiny/gpu/nvidia arm-tiny x86-large x86-tiny]
2026/07/06 18:36:51 [LB][MAB] event=before_select function=mab_cost_aware_1783355782 compatible_tags=[x86-tiny/gpu/nvidia arm-tiny x86-large x86-tiny] has_context=true
2026/07/06 18:36:51 [MAB] event=arm_score ts=1783355811432 policy=UCB1 function=mab_cost_aware_1783355782 arm=x86-tiny/gpu/nvidia score=-1.446006 count=2 avg_reward=-2.605964 total_counts=67
2026/07/06 18:36:51 [MAB] event=arm_score ts=1783355811432 policy=UCB1 function=mab_cost_aware_1783355782 arm=arm-tiny score=-1.237804 count=40 avg_reward=-1.497179 total_counts=67
2026/07/06 18:36:51 [MAB] event=arm_score ts=1783355811432 policy=UCB1 function=mab_cost_aware_1783355782 arm=x86-large score=-1.270113 count=3 avg_reward=-2.217215 total_counts=67
2026/07/06 18:36:51 [MAB] event=arm_score ts=1783355811432 policy=UCB1 function=mab_cost_aware_1783355782 arm=x86-tiny score=-1.238313 count=22 avg_reward=-1.588054 total_counts=67
2026/07/06 18:36:51 [MAB] event=select_arm ts=1783355811432 policy=UCB1 function=mab_cost_aware_1783355782 selected_arm=arm-tiny reason=ucb_score score=-1.237804 total_counts=67 arms=[arm-tiny,x86-large,x86-tiny,x86-tiny/gpu/nvidia]
2026/07/06 18:36:51 [LB][MAB] event=after_select function=mab_cost_aware_1783355782 selected_tag=arm-tiny compatible_tags=[x86-tiny/gpu/nvidia arm-tiny x86-large x86-tiny]
2026/07/06 18:36:51 Candidate has: 512 MB free memory. Function needs: 128 MB
2026/07/06 18:36:51 [LB] Selected target for function 'mab_cost_aware_1783355782': target_tag=arm-tiny candidate=RC9BoWr7bsn5ThsQeA6m9d1783355783476196901 candidate_tag=arm-tiny
2026/07/06 18:36:51 [LB-Update] Node RC9BoWr7bsn5ThsQeA6m9d1783355783476196901 reported 512 MB free
2026/07/06 18:36:51 [MAB] event=reward_breakdown ts=1783355811436 policy=UCB1 function=mab_cost_aware_1783355782 arm=arm-tiny base_tag=arm-tiny architecture=arm specialization=tiny capabilities=[] duration_ms=2.661247 latency_reward=-0.978795 cost_weight=0.600000 cost_factor=0.400000 cost_term=0.240000 energy_weight=0.200000 energy_factor=0.600000 energy_term=0.120000 memory_weight=0.000000 memory_penalty=0.000000 memory_term=0.000000 final_reward=-1.338795
2026/07/06 18:36:51 [MAB] event=update_reward ts=1783355811436 policy=UCB1 function=mab_cost_aware_1783355782 arm=arm-tiny duration_ms=2.661247 warm_start=true reward=-1.338795 count=41 avg_reward=-1.493316 total_counts=68
2026/07/06 18:36:51 [LB] Compatible tag found: function=mab_cost_aware_1783355782 tag=x86-tiny/gpu/nvidia arch=amd64 pattern="" ring_size=1
2026/07/06 18:36:51 [LB] Compatible tag found: function=mab_cost_aware_1783355782 tag=arm-tiny arch=amd64 pattern="" ring_size=1
2026/07/06 18:36:51 [LB] Compatible tag found: function=mab_cost_aware_1783355782 tag=x86-large arch=amd64 pattern="" ring_size=1
2026/07/06 18:36:51 [LB] Compatible tag found: function=mab_cost_aware_1783355782 tag=x86-tiny arch=amd64 pattern="" ring_size=1
2026/07/06 18:36:51 [LB] Compatible tags for function 'mab_cost_aware_1783355782': [x86-tiny/gpu/nvidia arm-tiny x86-large x86-tiny]
2026/07/06 18:36:51 [LB][MAB] event=before_select function=mab_cost_aware_1783355782 compatible_tags=[x86-tiny/gpu/nvidia arm-tiny x86-large x86-tiny] has_context=true
2026/07/06 18:36:51 [MAB] event=arm_score ts=1783355811656 policy=UCB1 function=mab_cost_aware_1783355782 arm=x86-tiny/gpu/nvidia score=-1.443964 count=2 avg_reward=-2.605964 total_counts=68
2026/07/06 18:36:51 [MAB] event=arm_score ts=1783355811656 policy=UCB1 function=mab_cost_aware_1783355782 arm=arm-tiny score=-1.236673 count=41 avg_reward=-1.493316 total_counts=68
2026/07/06 18:36:51 [MAB] event=arm_score ts=1783355811656 policy=UCB1 function=mab_cost_aware_1783355782 arm=x86-large score=-1.268446 count=3 avg_reward=-2.217215 total_counts=68
2026/07/06 18:36:51 [MAB] event=arm_score ts=1783355811656 policy=UCB1 function=mab_cost_aware_1783355782 arm=x86-tiny score=-1.237698 count=22 avg_reward=-1.588054 total_counts=68
2026/07/06 18:36:51 [MAB] event=select_arm ts=1783355811656 policy=UCB1 function=mab_cost_aware_1783355782 selected_arm=arm-tiny reason=ucb_score score=-1.236673 total_counts=68 arms=[arm-tiny,x86-large,x86-tiny,x86-tiny/gpu/nvidia]
2026/07/06 18:36:51 [LB][MAB] event=after_select function=mab_cost_aware_1783355782 selected_tag=arm-tiny compatible_tags=[x86-tiny/gpu/nvidia arm-tiny x86-large x86-tiny]
2026/07/06 18:36:51 Candidate has: 512 MB free memory. Function needs: 128 MB
2026/07/06 18:36:51 [LB] Selected target for function 'mab_cost_aware_1783355782': target_tag=arm-tiny candidate=RC9BoWr7bsn5ThsQeA6m9d1783355783476196901 candidate_tag=arm-tiny
2026/07/06 18:36:51 [LB-Update] Node RC9BoWr7bsn5ThsQeA6m9d1783355783476196901 reported 512 MB free
2026/07/06 18:36:51 [MAB] event=reward_breakdown ts=1783355811659 policy=UCB1 function=mab_cost_aware_1783355782 arm=arm-tiny base_tag=arm-tiny architecture=arm specialization=tiny capabilities=[] duration_ms=2.749934 latency_reward=-1.011577 cost_weight=0.600000 cost_factor=0.400000 cost_term=0.240000 energy_weight=0.200000 energy_factor=0.600000 energy_term=0.120000 memory_weight=0.000000 memory_penalty=0.000000 memory_term=0.000000 final_reward=-1.371577
2026/07/06 18:36:51 [MAB] event=update_reward ts=1783355811660 policy=UCB1 function=mab_cost_aware_1783355782 arm=arm-tiny duration_ms=2.749934 warm_start=true reward=-1.371577 count=42 avg_reward=-1.490417 total_counts=69
2026/07/06 18:36:51 [LB] Compatible tag found: function=mab_cost_aware_1783355782 tag=x86-tiny/gpu/nvidia arch=amd64 pattern="" ring_size=1
2026/07/06 18:36:51 [LB] Compatible tag found: function=mab_cost_aware_1783355782 tag=arm-tiny arch=amd64 pattern="" ring_size=1
2026/07/06 18:36:51 [LB] Compatible tag found: function=mab_cost_aware_1783355782 tag=x86-large arch=amd64 pattern="" ring_size=1
2026/07/06 18:36:51 [LB] Compatible tag found: function=mab_cost_aware_1783355782 tag=x86-tiny arch=amd64 pattern="" ring_size=1
2026/07/06 18:36:51 [LB] Compatible tags for function 'mab_cost_aware_1783355782': [x86-tiny/gpu/nvidia arm-tiny x86-large x86-tiny]
2026/07/06 18:36:51 [LB][MAB] event=before_select function=mab_cost_aware_1783355782 compatible_tags=[x86-tiny/gpu/nvidia arm-tiny x86-large x86-tiny] has_context=true
2026/07/06 18:36:51 [MAB] event=arm_score ts=1783355811878 policy=UCB1 function=mab_cost_aware_1783355782 arm=x86-tiny/gpu/nvidia score=-1.441956 count=2 avg_reward=-2.605964 total_counts=69
2026/07/06 18:36:51 [MAB] event=arm_score ts=1783355811878 policy=UCB1 function=mab_cost_aware_1783355782 arm=arm-tiny score=-1.236410 count=42 avg_reward=-1.490417 total_counts=69
2026/07/06 18:36:51 [MAB] event=arm_score ts=1783355811878 policy=UCB1 function=mab_cost_aware_1783355782 arm=x86-large score=-1.266806 count=3 avg_reward=-2.217215 total_counts=69
2026/07/06 18:36:51 [MAB] event=arm_score ts=1783355811878 policy=UCB1 function=mab_cost_aware_1783355782 arm=x86-tiny score=-1.237092 count=22 avg_reward=-1.588054 total_counts=69
2026/07/06 18:36:51 [MAB] event=select_arm ts=1783355811878 policy=UCB1 function=mab_cost_aware_1783355782 selected_arm=arm-tiny reason=ucb_score score=-1.236410 total_counts=69 arms=[arm-tiny,x86-large,x86-tiny,x86-tiny/gpu/nvidia]
2026/07/06 18:36:51 [LB][MAB] event=after_select function=mab_cost_aware_1783355782 selected_tag=arm-tiny compatible_tags=[x86-tiny/gpu/nvidia arm-tiny x86-large x86-tiny]
2026/07/06 18:36:51 Candidate has: 512 MB free memory. Function needs: 128 MB
2026/07/06 18:36:51 [LB] Selected target for function 'mab_cost_aware_1783355782': target_tag=arm-tiny candidate=RC9BoWr7bsn5ThsQeA6m9d1783355783476196901 candidate_tag=arm-tiny
2026/07/06 18:36:51 [LB-Update] Node RC9BoWr7bsn5ThsQeA6m9d1783355783476196901 reported 512 MB free
2026/07/06 18:36:51 [MAB] event=reward_breakdown ts=1783355811882 policy=UCB1 function=mab_cost_aware_1783355782 arm=arm-tiny base_tag=arm-tiny architecture=arm specialization=tiny capabilities=[] duration_ms=2.706920 latency_reward=-0.995811 cost_weight=0.600000 cost_factor=0.400000 cost_term=0.240000 energy_weight=0.200000 energy_factor=0.600000 energy_term=0.120000 memory_weight=0.000000 memory_penalty=0.000000 memory_term=0.000000 final_reward=-1.355811
2026/07/06 18:36:51 [MAB] event=update_reward ts=1783355811882 policy=UCB1 function=mab_cost_aware_1783355782 arm=arm-tiny duration_ms=2.706920 warm_start=true reward=-1.355811 count=43 avg_reward=-1.487287 total_counts=70
2026/07/06 18:36:52 [LB] Compatible tag found: function=mab_cost_aware_1783355782 tag=x86-tiny/gpu/nvidia arch=amd64 pattern="" ring_size=1
2026/07/06 18:36:52 [LB] Compatible tag found: function=mab_cost_aware_1783355782 tag=arm-tiny arch=amd64 pattern="" ring_size=1
2026/07/06 18:36:52 [LB] Compatible tag found: function=mab_cost_aware_1783355782 tag=x86-large arch=amd64 pattern="" ring_size=1
2026/07/06 18:36:52 [LB] Compatible tag found: function=mab_cost_aware_1783355782 tag=x86-tiny arch=amd64 pattern="" ring_size=1
2026/07/06 18:36:52 [LB] Compatible tags for function 'mab_cost_aware_1783355782': [x86-tiny/gpu/nvidia arm-tiny x86-large x86-tiny]
2026/07/06 18:36:52 [LB][MAB] event=before_select function=mab_cost_aware_1783355782 compatible_tags=[x86-tiny/gpu/nvidia arm-tiny x86-large x86-tiny] has_context=true
2026/07/06 18:36:52 [MAB] event=arm_score ts=1783355812104 policy=UCB1 function=mab_cost_aware_1783355782 arm=x86-tiny/gpu/nvidia score=-1.439980 count=2 avg_reward=-2.605964 total_counts=70
2026/07/06 18:36:52 [MAB] event=arm_score ts=1783355812104 policy=UCB1 function=mab_cost_aware_1783355782 arm=arm-tiny score=-1.235824 count=43 avg_reward=-1.487287 total_counts=70
2026/07/06 18:36:52 [MAB] event=arm_score ts=1783355812104 policy=UCB1 function=mab_cost_aware_1783355782 arm=x86-large score=-1.265193 count=3 avg_reward=-2.217215 total_counts=70
2026/07/06 18:36:52 [MAB] event=arm_score ts=1783355812104 policy=UCB1 function=mab_cost_aware_1783355782 arm=x86-tiny score=-1.236496 count=22 avg_reward=-1.588054 total_counts=70
2026/07/06 18:36:52 [MAB] event=select_arm ts=1783355812104 policy=UCB1 function=mab_cost_aware_1783355782 selected_arm=arm-tiny reason=ucb_score score=-1.235824 total_counts=70 arms=[arm-tiny,x86-large,x86-tiny,x86-tiny/gpu/nvidia]
2026/07/06 18:36:52 [LB][MAB] event=after_select function=mab_cost_aware_1783355782 selected_tag=arm-tiny compatible_tags=[x86-tiny/gpu/nvidia arm-tiny x86-large x86-tiny]
2026/07/06 18:36:52 Candidate has: 512 MB free memory. Function needs: 128 MB
2026/07/06 18:36:52 [LB] Selected target for function 'mab_cost_aware_1783355782': target_tag=arm-tiny candidate=RC9BoWr7bsn5ThsQeA6m9d1783355783476196901 candidate_tag=arm-tiny
2026/07/06 18:36:52 [LB-Update] Node RC9BoWr7bsn5ThsQeA6m9d1783355783476196901 reported 512 MB free
2026/07/06 18:36:52 [MAB] event=reward_breakdown ts=1783355812108 policy=UCB1 function=mab_cost_aware_1783355782 arm=arm-tiny base_tag=arm-tiny architecture=arm specialization=tiny capabilities=[] duration_ms=2.817306 latency_reward=-1.035781 cost_weight=0.600000 cost_factor=0.400000 cost_term=0.240000 energy_weight=0.200000 energy_factor=0.600000 energy_term=0.120000 memory_weight=0.000000 memory_penalty=0.000000 memory_term=0.000000 final_reward=-1.395781
2026/07/06 18:36:52 [MAB] event=update_reward ts=1783355812108 policy=UCB1 function=mab_cost_aware_1783355782 arm=arm-tiny duration_ms=2.817306 warm_start=true reward=-1.395781 count=44 avg_reward=-1.485207 total_counts=71
2026/07/06 18:36:52 [LB] Compatible tag found: function=mab_cost_aware_1783355782 tag=x86-tiny/gpu/nvidia arch=amd64 pattern="" ring_size=1
2026/07/06 18:36:52 [LB] Compatible tag found: function=mab_cost_aware_1783355782 tag=arm-tiny arch=amd64 pattern="" ring_size=1
2026/07/06 18:36:52 [LB] Compatible tag found: function=mab_cost_aware_1783355782 tag=x86-large arch=amd64 pattern="" ring_size=1
2026/07/06 18:36:52 [LB] Compatible tag found: function=mab_cost_aware_1783355782 tag=x86-tiny arch=amd64 pattern="" ring_size=1
2026/07/06 18:36:52 [LB] Compatible tags for function 'mab_cost_aware_1783355782': [x86-tiny/gpu/nvidia arm-tiny x86-large x86-tiny]
2026/07/06 18:36:52 [LB][MAB] event=before_select function=mab_cost_aware_1783355782 compatible_tags=[x86-tiny/gpu/nvidia arm-tiny x86-large x86-tiny] has_context=true
2026/07/06 18:36:52 [MAB] event=arm_score ts=1783355812325 policy=UCB1 function=mab_cost_aware_1783355782 arm=x86-tiny/gpu/nvidia score=-1.438035 count=2 avg_reward=-2.605964 total_counts=71
2026/07/06 18:36:52 [MAB] event=arm_score ts=1783355812325 policy=UCB1 function=mab_cost_aware_1783355782 arm=arm-tiny score=-1.236204 count=44 avg_reward=-1.485207 total_counts=71
2026/07/06 18:36:52 [MAB] event=arm_score ts=1783355812325 policy=UCB1 function=mab_cost_aware_1783355782 arm=x86-large score=-1.263605 count=3 avg_reward=-2.217215 total_counts=71
2026/07/06 18:36:52 [MAB] event=arm_score ts=1783355812325 policy=UCB1 function=mab_cost_aware_1783355782 arm=x86-tiny score=-1.235910 count=22 avg_reward=-1.588054 total_counts=71
2026/07/06 18:36:52 [MAB] event=select_arm ts=1783355812325 policy=UCB1 function=mab_cost_aware_1783355782 selected_arm=x86-tiny reason=ucb_score score=-1.235910 total_counts=71 arms=[arm-tiny,x86-large,x86-tiny,x86-tiny/gpu/nvidia]
2026/07/06 18:36:52 [LB][MAB] event=after_select function=mab_cost_aware_1783355782 selected_tag=x86-tiny compatible_tags=[x86-tiny/gpu/nvidia arm-tiny x86-large x86-tiny]
2026/07/06 18:36:52 Candidate has: 512 MB free memory. Function needs: 128 MB
2026/07/06 18:36:52 [LB] Selected target for function 'mab_cost_aware_1783355782': target_tag=x86-tiny candidate=WjectcSXtXYALypFSHKKHj1783355783475722225 candidate_tag=x86-tiny
2026/07/06 18:36:52 [LB-Update] Node WjectcSXtXYALypFSHKKHj1783355783475722225 reported 512 MB free
2026/07/06 18:36:52 [MAB] event=reward_breakdown ts=1783355812329 policy=UCB1 function=mab_cost_aware_1783355782 arm=x86-tiny base_tag=x86-tiny architecture=x86 specialization=tiny capabilities=[] duration_ms=3.119690 latency_reward=-1.137734 cost_weight=0.600000 cost_factor=0.400000 cost_term=0.240000 energy_weight=0.200000 energy_factor=1.000000 energy_term=0.200000 memory_weight=0.000000 memory_penalty=0.000000 memory_term=0.000000 final_reward=-1.577734
2026/07/06 18:36:52 [MAB] event=update_reward ts=1783355812329 policy=UCB1 function=mab_cost_aware_1783355782 arm=x86-tiny duration_ms=3.119690 warm_start=true reward=-1.577734 count=23 avg_reward=-1.587605 total_counts=72
2026/07/06 18:36:52 [LB]: Periodic targets update
2026/07/06 18:36:52 Found target: Yfj9dc9aZ5sc6MzJoZmaP61783355783474809800
2026/07/06 18:36:52 Found target: WjectcSXtXYALypFSHKKHj1783355783475722225
2026/07/06 18:36:52 Found target: vpsc5EyUeu2bgV5e5BQz2f1783355783477036272
2026/07/06 18:36:52 Found target: RC9BoWr7bsn5ThsQeA6m9d1783355783476196901
2026/07/06 18:36:52 Found 4 targets
2026/07/06 18:36:52 [LB] Compatible tag found: function=mab_cost_aware_1783355782 tag=x86-tiny/gpu/nvidia arch=amd64 pattern="" ring_size=1
2026/07/06 18:36:52 [LB] Compatible tag found: function=mab_cost_aware_1783355782 tag=arm-tiny arch=amd64 pattern="" ring_size=1
2026/07/06 18:36:52 [LB] Compatible tag found: function=mab_cost_aware_1783355782 tag=x86-large arch=amd64 pattern="" ring_size=1
2026/07/06 18:36:52 [LB] Compatible tag found: function=mab_cost_aware_1783355782 tag=x86-tiny arch=amd64 pattern="" ring_size=1
2026/07/06 18:36:52 [LB] Compatible tags for function 'mab_cost_aware_1783355782': [x86-tiny/gpu/nvidia arm-tiny x86-large x86-tiny]
2026/07/06 18:36:52 [LB][MAB] event=before_select function=mab_cost_aware_1783355782 compatible_tags=[x86-tiny/gpu/nvidia arm-tiny x86-large x86-tiny] has_context=true
2026/07/06 18:36:52 [MAB] event=arm_score ts=1783355812548 policy=UCB1 function=mab_cost_aware_1783355782 arm=x86-tiny/gpu/nvidia score=-1.436121 count=2 avg_reward=-2.605964 total_counts=72
2026/07/06 18:36:52 [MAB] event=arm_score ts=1783355812548 policy=UCB1 function=mab_cost_aware_1783355782 arm=arm-tiny score=-1.235796 count=44 avg_reward=-1.485207 total_counts=72
2026/07/06 18:36:52 [MAB] event=arm_score ts=1783355812548 policy=UCB1 function=mab_cost_aware_1783355782 arm=x86-large score=-1.262042 count=3 avg_reward=-2.217215 total_counts=72
2026/07/06 18:36:52 [MAB] event=arm_score ts=1783355812548 policy=UCB1 function=mab_cost_aware_1783355782 arm=x86-tiny score=-1.242637 count=23 avg_reward=-1.587605 total_counts=72
2026/07/06 18:36:52 [MAB] event=select_arm ts=1783355812548 policy=UCB1 function=mab_cost_aware_1783355782 selected_arm=arm-tiny reason=ucb_score score=-1.235796 total_counts=72 arms=[arm-tiny,x86-large,x86-tiny,x86-tiny/gpu/nvidia]
2026/07/06 18:36:52 [LB][MAB] event=after_select function=mab_cost_aware_1783355782 selected_tag=arm-tiny compatible_tags=[x86-tiny/gpu/nvidia arm-tiny x86-large x86-tiny]
2026/07/06 18:36:52 Candidate has: 512 MB free memory. Function needs: 128 MB
2026/07/06 18:36:52 [LB] Selected target for function 'mab_cost_aware_1783355782': target_tag=arm-tiny candidate=RC9BoWr7bsn5ThsQeA6m9d1783355783476196901 candidate_tag=arm-tiny
2026/07/06 18:36:52 [LB-Update] Node RC9BoWr7bsn5ThsQeA6m9d1783355783476196901 reported 512 MB free
2026/07/06 18:36:52 [MAB] event=reward_breakdown ts=1783355812552 policy=UCB1 function=mab_cost_aware_1783355782 arm=arm-tiny base_tag=arm-tiny architecture=arm specialization=tiny capabilities=[] duration_ms=3.294301 latency_reward=-1.192194 cost_weight=0.600000 cost_factor=0.400000 cost_term=0.240000 energy_weight=0.200000 energy_factor=0.600000 energy_term=0.120000 memory_weight=0.000000 memory_penalty=0.000000 memory_term=0.000000 final_reward=-1.552194
2026/07/06 18:36:52 [MAB] event=update_reward ts=1783355812552 policy=UCB1 function=mab_cost_aware_1783355782 arm=arm-tiny duration_ms=3.294301 warm_start=true reward=-1.552194 count=45 avg_reward=-1.486696 total_counts=73
2026/07/06 18:36:52 [LB] Compatible tag found: function=mab_cost_aware_1783355782 tag=x86-tiny/gpu/nvidia arch=amd64 pattern="" ring_size=1
2026/07/06 18:36:52 [LB] Compatible tag found: function=mab_cost_aware_1783355782 tag=arm-tiny arch=amd64 pattern="" ring_size=1
2026/07/06 18:36:52 [LB] Compatible tag found: function=mab_cost_aware_1783355782 tag=x86-large arch=amd64 pattern="" ring_size=1
2026/07/06 18:36:52 [LB] Compatible tag found: function=mab_cost_aware_1783355782 tag=x86-tiny arch=amd64 pattern="" ring_size=1
2026/07/06 18:36:52 [LB] Compatible tags for function 'mab_cost_aware_1783355782': [x86-tiny/gpu/nvidia arm-tiny x86-large x86-tiny]
2026/07/06 18:36:52 [LB][MAB] event=before_select function=mab_cost_aware_1783355782 compatible_tags=[x86-tiny/gpu/nvidia arm-tiny x86-large x86-tiny] has_context=true
2026/07/06 18:36:52 [MAB] event=arm_score ts=1783355812770 policy=UCB1 function=mab_cost_aware_1783355782 arm=x86-tiny/gpu/nvidia score=-1.434236 count=2 avg_reward=-2.605964 total_counts=73
2026/07/06 18:36:52 [MAB] event=arm_score ts=1783355812770 policy=UCB1 function=mab_cost_aware_1783355782 arm=arm-tiny score=-1.239674 count=45 avg_reward=-1.486696 total_counts=73
2026/07/06 18:36:52 [MAB] event=arm_score ts=1783355812770 policy=UCB1 function=mab_cost_aware_1783355782 arm=x86-large score=-1.260503 count=3 avg_reward=-2.217215 total_counts=73
2026/07/06 18:36:52 [MAB] event=arm_score ts=1783355812770 policy=UCB1 function=mab_cost_aware_1783355782 arm=x86-tiny score=-1.242081 count=23 avg_reward=-1.587605 total_counts=73
2026/07/06 18:36:52 [MAB] event=select_arm ts=1783355812770 policy=UCB1 function=mab_cost_aware_1783355782 selected_arm=arm-tiny reason=ucb_score score=-1.239674 total_counts=73 arms=[arm-tiny,x86-large,x86-tiny,x86-tiny/gpu/nvidia]
2026/07/06 18:36:52 [LB][MAB] event=after_select function=mab_cost_aware_1783355782 selected_tag=arm-tiny compatible_tags=[x86-tiny/gpu/nvidia arm-tiny x86-large x86-tiny]
2026/07/06 18:36:52 Candidate has: 512 MB free memory. Function needs: 128 MB
2026/07/06 18:36:52 [LB] Selected target for function 'mab_cost_aware_1783355782': target_tag=arm-tiny candidate=RC9BoWr7bsn5ThsQeA6m9d1783355783476196901 candidate_tag=arm-tiny
2026/07/06 18:36:52 [LB-Update] Node RC9BoWr7bsn5ThsQeA6m9d1783355783476196901 reported 512 MB free
2026/07/06 18:36:52 [MAB] event=reward_breakdown ts=1783355812774 policy=UCB1 function=mab_cost_aware_1783355782 arm=arm-tiny base_tag=arm-tiny architecture=arm specialization=tiny capabilities=[] duration_ms=3.002193 latency_reward=-1.099343 cost_weight=0.600000 cost_factor=0.400000 cost_term=0.240000 energy_weight=0.200000 energy_factor=0.600000 energy_term=0.120000 memory_weight=0.000000 memory_penalty=0.000000 memory_term=0.000000 final_reward=-1.459343
2026/07/06 18:36:52 [MAB] event=update_reward ts=1783355812774 policy=UCB1 function=mab_cost_aware_1783355782 arm=arm-tiny duration_ms=3.002193 warm_start=true reward=-1.459343 count=46 avg_reward=-1.486101 total_counts=74
2026/07/06 18:36:52 [LB] Compatible tag found: function=mab_cost_aware_1783355782 tag=x86-tiny/gpu/nvidia arch=amd64 pattern="" ring_size=1
2026/07/06 18:36:52 [LB] Compatible tag found: function=mab_cost_aware_1783355782 tag=arm-tiny arch=amd64 pattern="" ring_size=1
2026/07/06 18:36:52 [LB] Compatible tag found: function=mab_cost_aware_1783355782 tag=x86-large arch=amd64 pattern="" ring_size=1
2026/07/06 18:36:52 [LB] Compatible tag found: function=mab_cost_aware_1783355782 tag=x86-tiny arch=amd64 pattern="" ring_size=1
2026/07/06 18:36:52 [LB] Compatible tags for function 'mab_cost_aware_1783355782': [x86-tiny/gpu/nvidia arm-tiny x86-large x86-tiny]
2026/07/06 18:36:52 [LB][MAB] event=before_select function=mab_cost_aware_1783355782 compatible_tags=[x86-tiny/gpu/nvidia arm-tiny x86-large x86-tiny] has_context=true
2026/07/06 18:36:52 [MAB] event=arm_score ts=1783355812996 policy=UCB1 function=mab_cost_aware_1783355782 arm=x86-large score=-1.258987 count=3 avg_reward=-2.217215 total_counts=74
2026/07/06 18:36:52 [MAB] event=arm_score ts=1783355812996 policy=UCB1 function=mab_cost_aware_1783355782 arm=x86-tiny score=-1.241534 count=23 avg_reward=-1.587605 total_counts=74
2026/07/06 18:36:52 [MAB] event=arm_score ts=1783355812996 policy=UCB1 function=mab_cost_aware_1783355782 arm=x86-tiny/gpu/nvidia score=-1.432379 count=2 avg_reward=-2.605964 total_counts=74
2026/07/06 18:36:52 [MAB] event=arm_score ts=1783355812996 policy=UCB1 function=mab_cost_aware_1783355782 arm=arm-tiny score=-1.241392 count=46 avg_reward=-1.486101 total_counts=74
2026/07/06 18:36:52 [MAB] event=select_arm ts=1783355812996 policy=UCB1 function=mab_cost_aware_1783355782 selected_arm=arm-tiny reason=ucb_score score=-1.241392 total_counts=74 arms=[arm-tiny,x86-large,x86-tiny,x86-tiny/gpu/nvidia]
2026/07/06 18:36:52 [LB][MAB] event=after_select function=mab_cost_aware_1783355782 selected_tag=arm-tiny compatible_tags=[x86-tiny/gpu/nvidia arm-tiny x86-large x86-tiny]
2026/07/06 18:36:52 Candidate has: 512 MB free memory. Function needs: 128 MB
2026/07/06 18:36:52 [LB] Selected target for function 'mab_cost_aware_1783355782': target_tag=arm-tiny candidate=RC9BoWr7bsn5ThsQeA6m9d1783355783476196901 candidate_tag=arm-tiny
2026/07/06 18:36:52 [LB-Update] Node RC9BoWr7bsn5ThsQeA6m9d1783355783476196901 reported 512 MB free
2026/07/06 18:36:52 [MAB] event=reward_breakdown ts=1783355812999 policy=UCB1 function=mab_cost_aware_1783355782 arm=arm-tiny base_tag=arm-tiny architecture=arm specialization=tiny capabilities=[] duration_ms=2.589341 latency_reward=-0.951403 cost_weight=0.600000 cost_factor=0.400000 cost_term=0.240000 energy_weight=0.200000 energy_factor=0.600000 energy_term=0.120000 memory_weight=0.000000 memory_penalty=0.000000 memory_term=0.000000 final_reward=-1.311403
2026/07/06 18:36:52 [MAB] event=update_reward ts=1783355812999 policy=UCB1 function=mab_cost_aware_1783355782 arm=arm-tiny duration_ms=2.589341 warm_start=true reward=-1.311403 count=47 avg_reward=-1.482384 total_counts=75
2026/07/06 18:36:53 [LB] Compatible tag found: function=mab_cost_aware_1783355782 tag=x86-tiny/gpu/nvidia arch=amd64 pattern="" ring_size=1
2026/07/06 18:36:53 [LB] Compatible tag found: function=mab_cost_aware_1783355782 tag=arm-tiny arch=amd64 pattern="" ring_size=1
2026/07/06 18:36:53 [LB] Compatible tag found: function=mab_cost_aware_1783355782 tag=x86-large arch=amd64 pattern="" ring_size=1
2026/07/06 18:36:53 [LB] Compatible tag found: function=mab_cost_aware_1783355782 tag=x86-tiny arch=amd64 pattern="" ring_size=1
2026/07/06 18:36:53 [LB] Compatible tags for function 'mab_cost_aware_1783355782': [x86-tiny/gpu/nvidia arm-tiny x86-large x86-tiny]
2026/07/06 18:36:53 [LB][MAB] event=before_select function=mab_cost_aware_1783355782 compatible_tags=[x86-tiny/gpu/nvidia arm-tiny x86-large x86-tiny] has_context=true
2026/07/06 18:36:53 [MAB] event=arm_score ts=1783355813219 policy=UCB1 function=mab_cost_aware_1783355782 arm=x86-tiny/gpu/nvidia score=-1.430551 count=2 avg_reward=-2.605964 total_counts=75
2026/07/06 18:36:53 [MAB] event=arm_score ts=1783355813219 policy=UCB1 function=mab_cost_aware_1783355782 arm=arm-tiny score=-1.239915 count=47 avg_reward=-1.482384 total_counts=75
2026/07/06 18:36:53 [MAB] event=arm_score ts=1783355813219 policy=UCB1 function=mab_cost_aware_1783355782 arm=x86-large score=-1.257494 count=3 avg_reward=-2.217215 total_counts=75
2026/07/06 18:36:53 [MAB] event=arm_score ts=1783355813219 policy=UCB1 function=mab_cost_aware_1783355782 arm=x86-tiny score=-1.240995 count=23 avg_reward=-1.587605 total_counts=75
2026/07/06 18:36:53 [MAB] event=select_arm ts=1783355813219 policy=UCB1 function=mab_cost_aware_1783355782 selected_arm=arm-tiny reason=ucb_score score=-1.239915 total_counts=75 arms=[arm-tiny,x86-large,x86-tiny,x86-tiny/gpu/nvidia]
2026/07/06 18:36:53 [LB][MAB] event=after_select function=mab_cost_aware_1783355782 selected_tag=arm-tiny compatible_tags=[x86-tiny/gpu/nvidia arm-tiny x86-large x86-tiny]
2026/07/06 18:36:53 Candidate has: 512 MB free memory. Function needs: 128 MB
2026/07/06 18:36:53 [LB] Selected target for function 'mab_cost_aware_1783355782': target_tag=arm-tiny candidate=RC9BoWr7bsn5ThsQeA6m9d1783355783476196901 candidate_tag=arm-tiny
2026/07/06 18:36:53 [LB-Update] Node RC9BoWr7bsn5ThsQeA6m9d1783355783476196901 reported 512 MB free
2026/07/06 18:36:53 [MAB] event=reward_breakdown ts=1783355813222 policy=UCB1 function=mab_cost_aware_1783355782 arm=arm-tiny base_tag=arm-tiny architecture=arm specialization=tiny capabilities=[] duration_ms=2.766549 latency_reward=-1.017601 cost_weight=0.600000 cost_factor=0.400000 cost_term=0.240000 energy_weight=0.200000 energy_factor=0.600000 energy_term=0.120000 memory_weight=0.000000 memory_penalty=0.000000 memory_term=0.000000 final_reward=-1.377601
2026/07/06 18:36:53 [MAB] event=update_reward ts=1783355813222 policy=UCB1 function=mab_cost_aware_1783355782 arm=arm-tiny duration_ms=2.766549 warm_start=true reward=-1.377601 count=48 avg_reward=-1.480201 total_counts=76
2026/07/06 18:36:53 [LB] Compatible tag found: function=mab_cost_aware_1783355782 tag=x86-tiny/gpu/nvidia arch=amd64 pattern="" ring_size=1
2026/07/06 18:36:53 [LB] Compatible tag found: function=mab_cost_aware_1783355782 tag=arm-tiny arch=amd64 pattern="" ring_size=1
2026/07/06 18:36:53 [LB] Compatible tag found: function=mab_cost_aware_1783355782 tag=x86-large arch=amd64 pattern="" ring_size=1
2026/07/06 18:36:53 [LB] Compatible tag found: function=mab_cost_aware_1783355782 tag=x86-tiny arch=amd64 pattern="" ring_size=1
2026/07/06 18:36:53 [LB] Compatible tags for function 'mab_cost_aware_1783355782': [x86-tiny/gpu/nvidia arm-tiny x86-large x86-tiny]
2026/07/06 18:36:53 [LB][MAB] event=before_select function=mab_cost_aware_1783355782 compatible_tags=[x86-tiny/gpu/nvidia arm-tiny x86-large x86-tiny] has_context=true
2026/07/06 18:36:53 [MAB] event=arm_score ts=1783355813443 policy=UCB1 function=mab_cost_aware_1783355782 arm=x86-tiny score=-1.240463 count=23 avg_reward=-1.587605 total_counts=76
2026/07/06 18:36:53 [MAB] event=arm_score ts=1783355813443 policy=UCB1 function=mab_cost_aware_1783355782 arm=x86-tiny/gpu/nvidia score=-1.428749 count=2 avg_reward=-2.605964 total_counts=76
2026/07/06 18:36:53 [MAB] event=arm_score ts=1783355813443 policy=UCB1 function=mab_cost_aware_1783355782 arm=arm-tiny score=-1.239903 count=48 avg_reward=-1.480201 total_counts=76
2026/07/06 18:36:53 [MAB] event=arm_score ts=1783355813443 policy=UCB1 function=mab_cost_aware_1783355782 arm=x86-large score=-1.256023 count=3 avg_reward=-2.217215 total_counts=76
2026/07/06 18:36:53 [MAB] event=select_arm ts=1783355813443 policy=UCB1 function=mab_cost_aware_1783355782 selected_arm=arm-tiny reason=ucb_score score=-1.239903 total_counts=76 arms=[arm-tiny,x86-large,x86-tiny,x86-tiny/gpu/nvidia]
2026/07/06 18:36:53 [LB][MAB] event=after_select function=mab_cost_aware_1783355782 selected_tag=arm-tiny compatible_tags=[x86-tiny/gpu/nvidia arm-tiny x86-large x86-tiny]
2026/07/06 18:36:53 Candidate has: 512 MB free memory. Function needs: 128 MB
2026/07/06 18:36:53 [LB] Selected target for function 'mab_cost_aware_1783355782': target_tag=arm-tiny candidate=RC9BoWr7bsn5ThsQeA6m9d1783355783476196901 candidate_tag=arm-tiny
2026/07/06 18:36:53 [LB-Update] Node RC9BoWr7bsn5ThsQeA6m9d1783355783476196901 reported 512 MB free
2026/07/06 18:36:53 [MAB] event=reward_breakdown ts=1783355813446 policy=UCB1 function=mab_cost_aware_1783355782 arm=arm-tiny base_tag=arm-tiny architecture=arm specialization=tiny capabilities=[] duration_ms=2.684224 latency_reward=-0.987392 cost_weight=0.600000 cost_factor=0.400000 cost_term=0.240000 energy_weight=0.200000 energy_factor=0.600000 energy_term=0.120000 memory_weight=0.000000 memory_penalty=0.000000 memory_term=0.000000 final_reward=-1.347392
2026/07/06 18:36:53 [MAB] event=update_reward ts=1783355813447 policy=UCB1 function=mab_cost_aware_1783355782 arm=arm-tiny duration_ms=2.684224 warm_start=true reward=-1.347392 count=49 avg_reward=-1.477491 total_counts=77
2026/07/06 18:36:53 [LB] Compatible tag found: function=mab_cost_aware_1783355782 tag=x86-tiny/gpu/nvidia arch=amd64 pattern="" ring_size=1
2026/07/06 18:36:53 [LB] Compatible tag found: function=mab_cost_aware_1783355782 tag=arm-tiny arch=amd64 pattern="" ring_size=1
2026/07/06 18:36:53 [LB] Compatible tag found: function=mab_cost_aware_1783355782 tag=x86-large arch=amd64 pattern="" ring_size=1
2026/07/06 18:36:53 [LB] Compatible tag found: function=mab_cost_aware_1783355782 tag=x86-tiny arch=amd64 pattern="" ring_size=1
2026/07/06 18:36:53 [LB] Compatible tags for function 'mab_cost_aware_1783355782': [x86-tiny/gpu/nvidia arm-tiny x86-large x86-tiny]
2026/07/06 18:36:53 [LB][MAB] event=before_select function=mab_cost_aware_1783355782 compatible_tags=[x86-tiny/gpu/nvidia arm-tiny x86-large x86-tiny] has_context=true
2026/07/06 18:36:53 [MAB] event=arm_score ts=1783355813667 policy=UCB1 function=mab_cost_aware_1783355782 arm=arm-tiny score=-1.239299 count=49 avg_reward=-1.477491 total_counts=77
2026/07/06 18:36:53 [MAB] event=arm_score ts=1783355813667 policy=UCB1 function=mab_cost_aware_1783355782 arm=x86-large score=-1.254573 count=3 avg_reward=-2.217215 total_counts=77
2026/07/06 18:36:53 [MAB] event=arm_score ts=1783355813667 policy=UCB1 function=mab_cost_aware_1783355782 arm=x86-tiny score=-1.239940 count=23 avg_reward=-1.587605 total_counts=77
2026/07/06 18:36:53 [MAB] event=arm_score ts=1783355813667 policy=UCB1 function=mab_cost_aware_1783355782 arm=x86-tiny/gpu/nvidia score=-1.426974 count=2 avg_reward=-2.605964 total_counts=77
2026/07/06 18:36:53 [MAB] event=select_arm ts=1783355813667 policy=UCB1 function=mab_cost_aware_1783355782 selected_arm=arm-tiny reason=ucb_score score=-1.239299 total_counts=77 arms=[arm-tiny,x86-large,x86-tiny,x86-tiny/gpu/nvidia]
2026/07/06 18:36:53 [LB][MAB] event=after_select function=mab_cost_aware_1783355782 selected_tag=arm-tiny compatible_tags=[x86-tiny/gpu/nvidia arm-tiny x86-large x86-tiny]
2026/07/06 18:36:53 Candidate has: 512 MB free memory. Function needs: 128 MB
2026/07/06 18:36:53 [LB] Selected target for function 'mab_cost_aware_1783355782': target_tag=arm-tiny candidate=RC9BoWr7bsn5ThsQeA6m9d1783355783476196901 candidate_tag=arm-tiny
2026/07/06 18:36:53 [LB-Update] Node RC9BoWr7bsn5ThsQeA6m9d1783355783476196901 reported 512 MB free
2026/07/06 18:36:53 [MAB] event=reward_breakdown ts=1783355813671 policy=UCB1 function=mab_cost_aware_1783355782 arm=arm-tiny base_tag=arm-tiny architecture=arm specialization=tiny capabilities=[] duration_ms=2.766755 latency_reward=-1.017675 cost_weight=0.600000 cost_factor=0.400000 cost_term=0.240000 energy_weight=0.200000 energy_factor=0.600000 energy_term=0.120000 memory_weight=0.000000 memory_penalty=0.000000 memory_term=0.000000 final_reward=-1.377675
2026/07/06 18:36:53 [MAB] event=update_reward ts=1783355813671 policy=UCB1 function=mab_cost_aware_1783355782 arm=arm-tiny duration_ms=2.766755 warm_start=true reward=-1.377675 count=50 avg_reward=-1.475494 total_counts=78
2026/07/06 18:36:53 [LB] Compatible tag found: function=mab_cost_aware_1783355782 tag=x86-tiny/gpu/nvidia arch=amd64 pattern="" ring_size=1
2026/07/06 18:36:53 [LB] Compatible tag found: function=mab_cost_aware_1783355782 tag=arm-tiny arch=amd64 pattern="" ring_size=1
2026/07/06 18:36:53 [LB] Compatible tag found: function=mab_cost_aware_1783355782 tag=x86-large arch=amd64 pattern="" ring_size=1
2026/07/06 18:36:53 [LB] Compatible tag found: function=mab_cost_aware_1783355782 tag=x86-tiny arch=amd64 pattern="" ring_size=1
2026/07/06 18:36:53 [LB] Compatible tags for function 'mab_cost_aware_1783355782': [x86-tiny/gpu/nvidia arm-tiny x86-large x86-tiny]
2026/07/06 18:36:53 [LB][MAB] event=before_select function=mab_cost_aware_1783355782 compatible_tags=[x86-tiny/gpu/nvidia arm-tiny x86-large x86-tiny] has_context=true
2026/07/06 18:36:53 [MAB] event=arm_score ts=1783355813891 policy=UCB1 function=mab_cost_aware_1783355782 arm=x86-tiny score=-1.239424 count=23 avg_reward=-1.587605 total_counts=78
2026/07/06 18:36:53 [MAB] event=arm_score ts=1783355813891 policy=UCB1 function=mab_cost_aware_1783355782 arm=x86-tiny/gpu/nvidia score=-1.425224 count=2 avg_reward=-2.605964 total_counts=78
2026/07/06 18:36:53 [MAB] event=arm_score ts=1783355813891 policy=UCB1 function=mab_cost_aware_1783355782 arm=arm-tiny score=-1.239346 count=50 avg_reward=-1.475494 total_counts=78
2026/07/06 18:36:53 [MAB] event=arm_score ts=1783355813891 policy=UCB1 function=mab_cost_aware_1783355782 arm=x86-large score=-1.253145 count=3 avg_reward=-2.217215 total_counts=78
2026/07/06 18:36:53 [MAB] event=select_arm ts=1783355813891 policy=UCB1 function=mab_cost_aware_1783355782 selected_arm=arm-tiny reason=ucb_score score=-1.239346 total_counts=78 arms=[arm-tiny,x86-large,x86-tiny,x86-tiny/gpu/nvidia]
2026/07/06 18:36:53 [LB][MAB] event=after_select function=mab_cost_aware_1783355782 selected_tag=arm-tiny compatible_tags=[x86-tiny/gpu/nvidia arm-tiny x86-large x86-tiny]
2026/07/06 18:36:53 Candidate has: 512 MB free memory. Function needs: 128 MB
2026/07/06 18:36:53 [LB] Selected target for function 'mab_cost_aware_1783355782': target_tag=arm-tiny candidate=RC9BoWr7bsn5ThsQeA6m9d1783355783476196901 candidate_tag=arm-tiny
2026/07/06 18:36:53 [LB-Update] Node RC9BoWr7bsn5ThsQeA6m9d1783355783476196901 reported 512 MB free
2026/07/06 18:36:53 [MAB] event=reward_breakdown ts=1783355813895 policy=UCB1 function=mab_cost_aware_1783355782 arm=arm-tiny base_tag=arm-tiny architecture=arm specialization=tiny capabilities=[] duration_ms=3.162619 latency_reward=-1.151400 cost_weight=0.600000 cost_factor=0.400000 cost_term=0.240000 energy_weight=0.200000 energy_factor=0.600000 energy_term=0.120000 memory_weight=0.000000 memory_penalty=0.000000 memory_term=0.000000 final_reward=-1.511400
2026/07/06 18:36:53 [MAB] event=update_reward ts=1783355813895 policy=UCB1 function=mab_cost_aware_1783355782 arm=arm-tiny duration_ms=3.162619 warm_start=true reward=-1.511400 count=51 avg_reward=-1.476198 total_counts=79
2026/07/06 18:36:54 [LB] Compatible tag found: function=mab_cost_aware_1783355782 tag=x86-tiny/gpu/nvidia arch=amd64 pattern="" ring_size=1
2026/07/06 18:36:54 [LB] Compatible tag found: function=mab_cost_aware_1783355782 tag=arm-tiny arch=amd64 pattern="" ring_size=1
2026/07/06 18:36:54 [LB] Compatible tag found: function=mab_cost_aware_1783355782 tag=x86-large arch=amd64 pattern="" ring_size=1
2026/07/06 18:36:54 [LB] Compatible tag found: function=mab_cost_aware_1783355782 tag=x86-tiny arch=amd64 pattern="" ring_size=1
2026/07/06 18:36:54 [LB] Compatible tags for function 'mab_cost_aware_1783355782': [x86-tiny/gpu/nvidia arm-tiny x86-large x86-tiny]
2026/07/06 18:36:54 [LB][MAB] event=before_select function=mab_cost_aware_1783355782 compatible_tags=[x86-tiny/gpu/nvidia arm-tiny x86-large x86-tiny] has_context=true
2026/07/06 18:36:54 [MAB] event=arm_score ts=1783355814116 policy=UCB1 function=mab_cost_aware_1783355782 arm=x86-tiny/gpu/nvidia score=-1.423499 count=2 avg_reward=-2.605964 total_counts=79
2026/07/06 18:36:54 [MAB] event=arm_score ts=1783355814116 policy=UCB1 function=mab_cost_aware_1783355782 arm=arm-tiny score=-1.242035 count=51 avg_reward=-1.476198 total_counts=79
2026/07/06 18:36:54 [MAB] event=arm_score ts=1783355814116 policy=UCB1 function=mab_cost_aware_1783355782 arm=x86-large score=-1.251736 count=3 avg_reward=-2.217215 total_counts=79
2026/07/06 18:36:54 [MAB] event=arm_score ts=1783355814116 policy=UCB1 function=mab_cost_aware_1783355782 arm=x86-tiny score=-1.238915 count=23 avg_reward=-1.587605 total_counts=79
2026/07/06 18:36:54 [MAB] event=select_arm ts=1783355814116 policy=UCB1 function=mab_cost_aware_1783355782 selected_arm=x86-tiny reason=ucb_score score=-1.238915 total_counts=79 arms=[arm-tiny,x86-large,x86-tiny,x86-tiny/gpu/nvidia]
2026/07/06 18:36:54 [LB][MAB] event=after_select function=mab_cost_aware_1783355782 selected_tag=x86-tiny compatible_tags=[x86-tiny/gpu/nvidia arm-tiny x86-large x86-tiny]
2026/07/06 18:36:54 Candidate has: 512 MB free memory. Function needs: 128 MB
2026/07/06 18:36:54 [LB] Selected target for function 'mab_cost_aware_1783355782': target_tag=x86-tiny candidate=WjectcSXtXYALypFSHKKHj1783355783475722225 candidate_tag=x86-tiny
2026/07/06 18:36:54 [LB-Update] Node WjectcSXtXYALypFSHKKHj1783355783475722225 reported 512 MB free
2026/07/06 18:36:54 [MAB] event=reward_breakdown ts=1783355814120 policy=UCB1 function=mab_cost_aware_1783355782 arm=x86-tiny base_tag=x86-tiny architecture=x86 specialization=tiny capabilities=[] duration_ms=2.897031 latency_reward=-1.063686 cost_weight=0.600000 cost_factor=0.400000 cost_term=0.240000 energy_weight=0.200000 energy_factor=1.000000 energy_term=0.200000 memory_weight=0.000000 memory_penalty=0.000000 memory_term=0.000000 final_reward=-1.503686
2026/07/06 18:36:54 [MAB] event=update_reward ts=1783355814120 policy=UCB1 function=mab_cost_aware_1783355782 arm=x86-tiny duration_ms=2.897031 warm_start=true reward=-1.503686 count=24 avg_reward=-1.584109 total_counts=80
2026/07/06 18:36:54 [LB] Compatible tag found: function=mab_cost_aware_1783355782 tag=x86-tiny/gpu/nvidia arch=amd64 pattern="" ring_size=1
2026/07/06 18:36:54 [LB] Compatible tag found: function=mab_cost_aware_1783355782 tag=arm-tiny arch=amd64 pattern="" ring_size=1
2026/07/06 18:36:54 [LB] Compatible tag found: function=mab_cost_aware_1783355782 tag=x86-large arch=amd64 pattern="" ring_size=1
2026/07/06 18:36:54 [LB] Compatible tag found: function=mab_cost_aware_1783355782 tag=x86-tiny arch=amd64 pattern="" ring_size=1
2026/07/06 18:36:54 [LB] Compatible tags for function 'mab_cost_aware_1783355782': [x86-tiny/gpu/nvidia arm-tiny x86-large x86-tiny]
2026/07/06 18:36:54 [LB][MAB] event=before_select function=mab_cost_aware_1783355782 compatible_tags=[x86-tiny/gpu/nvidia arm-tiny x86-large x86-tiny] has_context=true
2026/07/06 18:36:54 [MAB] event=arm_score ts=1783355814336 policy=UCB1 function=mab_cost_aware_1783355782 arm=x86-tiny/gpu/nvidia score=-1.421798 count=2 avg_reward=-2.605964 total_counts=80
2026/07/06 18:36:54 [MAB] event=arm_score ts=1783355814336 policy=UCB1 function=mab_cost_aware_1783355782 arm=arm-tiny score=-1.241699 count=51 avg_reward=-1.476198 total_counts=80
2026/07/06 18:36:54 [MAB] event=arm_score ts=1783355814336 policy=UCB1 function=mab_cost_aware_1783355782 arm=x86-large score=-1.250347 count=3 avg_reward=-2.217215 total_counts=80
2026/07/06 18:36:54 [MAB] event=arm_score ts=1783355814336 policy=UCB1 function=mab_cost_aware_1783355782 arm=x86-tiny score=-1.242269 count=24 avg_reward=-1.584109 total_counts=80
2026/07/06 18:36:54 [MAB] event=select_arm ts=1783355814336 policy=UCB1 function=mab_cost_aware_1783355782 selected_arm=arm-tiny reason=ucb_score score=-1.241699 total_counts=80 arms=[arm-tiny,x86-large,x86-tiny,x86-tiny/gpu/nvidia]
2026/07/06 18:36:54 [LB][MAB] event=after_select function=mab_cost_aware_1783355782 selected_tag=arm-tiny compatible_tags=[x86-tiny/gpu/nvidia arm-tiny x86-large x86-tiny]
2026/07/06 18:36:54 Candidate has: 512 MB free memory. Function needs: 128 MB
2026/07/06 18:36:54 [LB] Selected target for function 'mab_cost_aware_1783355782': target_tag=arm-tiny candidate=RC9BoWr7bsn5ThsQeA6m9d1783355783476196901 candidate_tag=arm-tiny
2026/07/06 18:36:54 [LB-Update] Node RC9BoWr7bsn5ThsQeA6m9d1783355783476196901 reported 512 MB free
2026/07/06 18:36:54 [MAB] event=reward_breakdown ts=1783355814340 policy=UCB1 function=mab_cost_aware_1783355782 arm=arm-tiny base_tag=arm-tiny architecture=arm specialization=tiny capabilities=[] duration_ms=2.694848 latency_reward=-0.991342 cost_weight=0.600000 cost_factor=0.400000 cost_term=0.240000 energy_weight=0.200000 energy_factor=0.600000 energy_term=0.120000 memory_weight=0.000000 memory_penalty=0.000000 memory_term=0.000000 final_reward=-1.351342
2026/07/06 18:36:54 [MAB] event=update_reward ts=1783355814340 policy=UCB1 function=mab_cost_aware_1783355782 arm=arm-tiny duration_ms=2.694848 warm_start=true reward=-1.351342 count=52 avg_reward=-1.473797 total_counts=81
2026/07/06 18:36:54 [LB] Compatible tag found: function=mab_cost_aware_1783355782 tag=x86-tiny/gpu/nvidia arch=amd64 pattern="" ring_size=1
2026/07/06 18:36:54 [LB] Compatible tag found: function=mab_cost_aware_1783355782 tag=arm-tiny arch=amd64 pattern="" ring_size=1
2026/07/06 18:36:54 [LB] Compatible tag found: function=mab_cost_aware_1783355782 tag=x86-large arch=amd64 pattern="" ring_size=1
2026/07/06 18:36:54 [LB] Compatible tag found: function=mab_cost_aware_1783355782 tag=x86-tiny arch=amd64 pattern="" ring_size=1
2026/07/06 18:36:54 [LB] Compatible tags for function 'mab_cost_aware_1783355782': [x86-tiny/gpu/nvidia arm-tiny x86-large x86-tiny]
2026/07/06 18:36:54 [LB][MAB] event=before_select function=mab_cost_aware_1783355782 compatible_tags=[x86-tiny/gpu/nvidia arm-tiny x86-large x86-tiny] has_context=true
2026/07/06 18:36:54 [MAB] event=arm_score ts=1783355814551 policy=UCB1 function=mab_cost_aware_1783355782 arm=arm-tiny score=-1.241234 count=52 avg_reward=-1.473797 total_counts=81
2026/07/06 18:36:54 [MAB] event=arm_score ts=1783355814551 policy=UCB1 function=mab_cost_aware_1783355782 arm=x86-large score=-1.248978 count=3 avg_reward=-2.217215 total_counts=81
2026/07/06 18:36:54 [MAB] event=arm_score ts=1783355814551 policy=UCB1 function=mab_cost_aware_1783355782 arm=x86-tiny score=-1.241785 count=24 avg_reward=-1.584109 total_counts=81
2026/07/06 18:36:54 [MAB] event=arm_score ts=1783355814551 policy=UCB1 function=mab_cost_aware_1783355782 arm=x86-tiny/gpu/nvidia score=-1.420121 count=2 avg_reward=-2.605964 total_counts=81
2026/07/06 18:36:54 [MAB] event=select_arm ts=1783355814551 policy=UCB1 function=mab_cost_aware_1783355782 selected_arm=arm-tiny reason=ucb_score score=-1.241234 total_counts=81 arms=[arm-tiny,x86-large,x86-tiny,x86-tiny/gpu/nvidia]
2026/07/06 18:36:54 [LB][MAB] event=after_select function=mab_cost_aware_1783355782 selected_tag=arm-tiny compatible_tags=[x86-tiny/gpu/nvidia arm-tiny x86-large x86-tiny]
2026/07/06 18:36:54 Candidate has: 512 MB free memory. Function needs: 128 MB
2026/07/06 18:36:54 [LB] Selected target for function 'mab_cost_aware_1783355782': target_tag=arm-tiny candidate=RC9BoWr7bsn5ThsQeA6m9d1783355783476196901 candidate_tag=arm-tiny
2026/07/06 18:36:54 [LB-Update] Node RC9BoWr7bsn5ThsQeA6m9d1783355783476196901 reported 512 MB free
2026/07/06 18:36:54 [MAB] event=reward_breakdown ts=1783355814553 policy=UCB1 function=mab_cost_aware_1783355782 arm=arm-tiny base_tag=arm-tiny architecture=arm specialization=tiny capabilities=[] duration_ms=1.740596 latency_reward=-0.554228 cost_weight=0.600000 cost_factor=0.400000 cost_term=0.240000 energy_weight=0.200000 energy_factor=0.600000 energy_term=0.120000 memory_weight=0.000000 memory_penalty=0.000000 memory_term=0.000000 final_reward=-0.914228
2026/07/06 18:36:54 [MAB] event=update_reward ts=1783355814553 policy=UCB1 function=mab_cost_aware_1783355782 arm=arm-tiny duration_ms=1.740596 warm_start=true reward=-0.914228 count=53 avg_reward=-1.463239 total_counts=82
2026/07/06 18:36:54 [LB] Compatible tag found: function=mab_cost_aware_1783355782 tag=x86-tiny/gpu/nvidia arch=amd64 pattern="" ring_size=1
2026/07/06 18:36:54 [LB] Compatible tag found: function=mab_cost_aware_1783355782 tag=arm-tiny arch=amd64 pattern="" ring_size=1
2026/07/06 18:36:54 [LB] Compatible tag found: function=mab_cost_aware_1783355782 tag=x86-large arch=amd64 pattern="" ring_size=1
2026/07/06 18:36:54 [LB] Compatible tag found: function=mab_cost_aware_1783355782 tag=x86-tiny arch=amd64 pattern="" ring_size=1
2026/07/06 18:36:54 [LB] Compatible tags for function 'mab_cost_aware_1783355782': [x86-tiny/gpu/nvidia arm-tiny x86-large x86-tiny]
2026/07/06 18:36:54 [LB][MAB] event=before_select function=mab_cost_aware_1783355782 compatible_tags=[x86-tiny/gpu/nvidia arm-tiny x86-large x86-tiny] has_context=true
2026/07/06 18:36:54 [MAB] event=arm_score ts=1783355814774 policy=UCB1 function=mab_cost_aware_1783355782 arm=arm-tiny score=-1.232559 count=53 avg_reward=-1.463239 total_counts=82
2026/07/06 18:36:54 [MAB] event=arm_score ts=1783355814774 policy=UCB1 function=mab_cost_aware_1783355782 arm=x86-large score=-1.247627 count=3 avg_reward=-2.217215 total_counts=82
2026/07/06 18:36:54 [MAB] event=arm_score ts=1783355814774 policy=UCB1 function=mab_cost_aware_1783355782 arm=x86-tiny score=-1.241308 count=24 avg_reward=-1.584109 total_counts=82
2026/07/06 18:36:54 [MAB] event=arm_score ts=1783355814774 policy=UCB1 function=mab_cost_aware_1783355782 arm=x86-tiny/gpu/nvidia score=-1.418466 count=2 avg_reward=-2.605964 total_counts=82
2026/07/06 18:36:54 [MAB] event=select_arm ts=1783355814774 policy=UCB1 function=mab_cost_aware_1783355782 selected_arm=arm-tiny reason=ucb_score score=-1.232559 total_counts=82 arms=[arm-tiny,x86-large,x86-tiny,x86-tiny/gpu/nvidia]
2026/07/06 18:36:54 [LB][MAB] event=after_select function=mab_cost_aware_1783355782 selected_tag=arm-tiny compatible_tags=[x86-tiny/gpu/nvidia arm-tiny x86-large x86-tiny]
2026/07/06 18:36:54 Candidate has: 512 MB free memory. Function needs: 128 MB
2026/07/06 18:36:54 [LB] Selected target for function 'mab_cost_aware_1783355782': target_tag=arm-tiny candidate=RC9BoWr7bsn5ThsQeA6m9d1783355783476196901 candidate_tag=arm-tiny
2026/07/06 18:36:54 [LB-Update] Node RC9BoWr7bsn5ThsQeA6m9d1783355783476196901 reported 512 MB free
2026/07/06 18:36:54 [MAB] event=reward_breakdown ts=1783355814778 policy=UCB1 function=mab_cost_aware_1783355782 arm=arm-tiny base_tag=arm-tiny architecture=arm specialization=tiny capabilities=[] duration_ms=3.026712 latency_reward=-1.107477 cost_weight=0.600000 cost_factor=0.400000 cost_term=0.240000 energy_weight=0.200000 energy_factor=0.600000 energy_term=0.120000 memory_weight=0.000000 memory_penalty=0.000000 memory_term=0.000000 final_reward=-1.467477
2026/07/06 18:36:54 [MAB] event=update_reward ts=1783355814778 policy=UCB1 function=mab_cost_aware_1783355782 arm=arm-tiny duration_ms=3.026712 warm_start=true reward=-1.467477 count=54 avg_reward=-1.463318 total_counts=83
2026/07/06 18:36:54 [LB] Compatible tag found: function=mab_cost_aware_1783355782 tag=x86-tiny/gpu/nvidia arch=amd64 pattern="" ring_size=1
2026/07/06 18:36:54 [LB] Compatible tag found: function=mab_cost_aware_1783355782 tag=arm-tiny arch=amd64 pattern="" ring_size=1
2026/07/06 18:36:54 [LB] Compatible tag found: function=mab_cost_aware_1783355782 tag=x86-large arch=amd64 pattern="" ring_size=1
2026/07/06 18:36:54 [LB] Compatible tag found: function=mab_cost_aware_1783355782 tag=x86-tiny arch=amd64 pattern="" ring_size=1
2026/07/06 18:36:54 [LB] Compatible tags for function 'mab_cost_aware_1783355782': [x86-tiny/gpu/nvidia arm-tiny x86-large x86-tiny]
2026/07/06 18:36:54 [LB][MAB] event=before_select function=mab_cost_aware_1783355782 compatible_tags=[x86-tiny/gpu/nvidia arm-tiny x86-large x86-tiny] has_context=true
2026/07/06 18:36:54 [MAB] event=arm_score ts=1783355814999 policy=UCB1 function=mab_cost_aware_1783355782 arm=x86-tiny/gpu/nvidia score=-1.416834 count=2 avg_reward=-2.605964 total_counts=83
2026/07/06 18:36:54 [MAB] event=arm_score ts=1783355814999 policy=UCB1 function=mab_cost_aware_1783355782 arm=arm-tiny score=-1.234470 count=54 avg_reward=-1.463318 total_counts=83
2026/07/06 18:36:54 [MAB] event=arm_score ts=1783355814999 policy=UCB1 function=mab_cost_aware_1783355782 arm=x86-large score=-1.246295 count=3 avg_reward=-2.217215 total_counts=83
2026/07/06 18:36:54 [MAB] event=arm_score ts=1783355814999 policy=UCB1 function=mab_cost_aware_1783355782 arm=x86-tiny score=-1.240836 count=24 avg_reward=-1.584109 total_counts=83
2026/07/06 18:36:54 [MAB] event=select_arm ts=1783355814999 policy=UCB1 function=mab_cost_aware_1783355782 selected_arm=arm-tiny reason=ucb_score score=-1.234470 total_counts=83 arms=[arm-tiny,x86-large,x86-tiny,x86-tiny/gpu/nvidia]
2026/07/06 18:36:54 [LB][MAB] event=after_select function=mab_cost_aware_1783355782 selected_tag=arm-tiny compatible_tags=[x86-tiny/gpu/nvidia arm-tiny x86-large x86-tiny]
2026/07/06 18:36:54 Candidate has: 512 MB free memory. Function needs: 128 MB
2026/07/06 18:36:54 [LB] Selected target for function 'mab_cost_aware_1783355782': target_tag=arm-tiny candidate=RC9BoWr7bsn5ThsQeA6m9d1783355783476196901 candidate_tag=arm-tiny
2026/07/06 18:36:55 [LB-Update] Node RC9BoWr7bsn5ThsQeA6m9d1783355783476196901 reported 512 MB free
2026/07/06 18:36:55 [MAB] event=reward_breakdown ts=1783355815003 policy=UCB1 function=mab_cost_aware_1783355782 arm=arm-tiny base_tag=arm-tiny architecture=arm specialization=tiny capabilities=[] duration_ms=3.296986 latency_reward=-1.193009 cost_weight=0.600000 cost_factor=0.400000 cost_term=0.240000 energy_weight=0.200000 energy_factor=0.600000 energy_term=0.120000 memory_weight=0.000000 memory_penalty=0.000000 memory_term=0.000000 final_reward=-1.553009
2026/07/06 18:36:55 [MAB] event=update_reward ts=1783355815003 policy=UCB1 function=mab_cost_aware_1783355782 arm=arm-tiny duration_ms=3.296986 warm_start=true reward=-1.553009 count=55 avg_reward=-1.464949 total_counts=84
2026/07/06 18:36:55 [LB] Compatible tag found: function=mab_cost_aware_1783355782 tag=x86-tiny/gpu/nvidia arch=amd64 pattern="" ring_size=1
2026/07/06 18:36:55 [LB] Compatible tag found: function=mab_cost_aware_1783355782 tag=arm-tiny arch=amd64 pattern="" ring_size=1
2026/07/06 18:36:55 [LB] Compatible tag found: function=mab_cost_aware_1783355782 tag=x86-large arch=amd64 pattern="" ring_size=1
2026/07/06 18:36:55 [LB] Compatible tag found: function=mab_cost_aware_1783355782 tag=x86-tiny arch=amd64 pattern="" ring_size=1
2026/07/06 18:36:55 [LB] Compatible tags for function 'mab_cost_aware_1783355782': [x86-tiny/gpu/nvidia arm-tiny x86-large x86-tiny]
2026/07/06 18:36:55 [LB][MAB] event=before_select function=mab_cost_aware_1783355782 compatible_tags=[x86-tiny/gpu/nvidia arm-tiny x86-large x86-tiny] has_context=true
2026/07/06 18:36:55 [MAB] event=arm_score ts=1783355815223 policy=UCB1 function=mab_cost_aware_1783355782 arm=x86-tiny score=-1.240372 count=24 avg_reward=-1.584109 total_counts=84
2026/07/06 18:36:55 [MAB] event=arm_score ts=1783355815223 policy=UCB1 function=mab_cost_aware_1783355782 arm=x86-tiny/gpu/nvidia score=-1.415224 count=2 avg_reward=-2.605964 total_counts=84
2026/07/06 18:36:55 [MAB] event=arm_score ts=1783355815223 policy=UCB1 function=mab_cost_aware_1783355782 arm=arm-tiny score=-1.237883 count=55 avg_reward=-1.464949 total_counts=84
2026/07/06 18:36:55 [MAB] event=arm_score ts=1783355815223 policy=UCB1 function=mab_cost_aware_1783355782 arm=x86-large score=-1.244980 count=3 avg_reward=-2.217215 total_counts=84
2026/07/06 18:36:55 [MAB] event=select_arm ts=1783355815223 policy=UCB1 function=mab_cost_aware_1783355782 selected_arm=arm-tiny reason=ucb_score score=-1.237883 total_counts=84 arms=[arm-tiny,x86-large,x86-tiny,x86-tiny/gpu/nvidia]
2026/07/06 18:36:55 [LB][MAB] event=after_select function=mab_cost_aware_1783355782 selected_tag=arm-tiny compatible_tags=[x86-tiny/gpu/nvidia arm-tiny x86-large x86-tiny]
2026/07/06 18:36:55 Candidate has: 512 MB free memory. Function needs: 128 MB
2026/07/06 18:36:55 [LB] Selected target for function 'mab_cost_aware_1783355782': target_tag=arm-tiny candidate=RC9BoWr7bsn5ThsQeA6m9d1783355783476196901 candidate_tag=arm-tiny
2026/07/06 18:36:55 [LB-Update] Node RC9BoWr7bsn5ThsQeA6m9d1783355783476196901 reported 512 MB free
2026/07/06 18:36:55 [MAB] event=reward_breakdown ts=1783355815227 policy=UCB1 function=mab_cost_aware_1783355782 arm=arm-tiny base_tag=arm-tiny architecture=arm specialization=tiny capabilities=[] duration_ms=3.167656 latency_reward=-1.152992 cost_weight=0.600000 cost_factor=0.400000 cost_term=0.240000 energy_weight=0.200000 energy_factor=0.600000 energy_term=0.120000 memory_weight=0.000000 memory_penalty=0.000000 memory_term=0.000000 final_reward=-1.512992
2026/07/06 18:36:55 [MAB] event=update_reward ts=1783355815227 policy=UCB1 function=mab_cost_aware_1783355782 arm=arm-tiny duration_ms=3.167656 warm_start=true reward=-1.512992 count=56 avg_reward=-1.465806 total_counts=85
2026/07/06 18:36:55 [LB] Compatible tag found: function=mab_cost_aware_1783355782 tag=x86-tiny/gpu/nvidia arch=amd64 pattern="" ring_size=1
2026/07/06 18:36:55 [LB] Compatible tag found: function=mab_cost_aware_1783355782 tag=arm-tiny arch=amd64 pattern="" ring_size=1
2026/07/06 18:36:55 [LB] Compatible tag found: function=mab_cost_aware_1783355782 tag=x86-large arch=amd64 pattern="" ring_size=1
2026/07/06 18:36:55 [LB] Compatible tag found: function=mab_cost_aware_1783355782 tag=x86-tiny arch=amd64 pattern="" ring_size=1
2026/07/06 18:36:55 [LB] Compatible tags for function 'mab_cost_aware_1783355782': [x86-tiny/gpu/nvidia arm-tiny x86-large x86-tiny]
2026/07/06 18:36:55 [LB][MAB] event=before_select function=mab_cost_aware_1783355782 compatible_tags=[x86-tiny/gpu/nvidia arm-tiny x86-large x86-tiny] has_context=true
2026/07/06 18:36:55 [MAB] event=arm_score ts=1783355815448 policy=UCB1 function=mab_cost_aware_1783355782 arm=x86-tiny/gpu/nvidia score=-1.413635 count=2 avg_reward=-2.605964 total_counts=85
2026/07/06 18:36:55 [MAB] event=arm_score ts=1783355815448 policy=UCB1 function=mab_cost_aware_1783355782 arm=arm-tiny score=-1.240477 count=56 avg_reward=-1.465806 total_counts=85
2026/07/06 18:36:55 [MAB] event=arm_score ts=1783355815448 policy=UCB1 function=mab_cost_aware_1783355782 arm=x86-large score=-1.243682 count=3 avg_reward=-2.217215 total_counts=85
2026/07/06 18:36:55 [MAB] event=arm_score ts=1783355815448 policy=UCB1 function=mab_cost_aware_1783355782 arm=x86-tiny score=-1.239913 count=24 avg_reward=-1.584109 total_counts=85
2026/07/06 18:36:55 [MAB] event=select_arm ts=1783355815448 policy=UCB1 function=mab_cost_aware_1783355782 selected_arm=x86-tiny reason=ucb_score score=-1.239913 total_counts=85 arms=[arm-tiny,x86-large,x86-tiny,x86-tiny/gpu/nvidia]
2026/07/06 18:36:55 [LB][MAB] event=after_select function=mab_cost_aware_1783355782 selected_tag=x86-tiny compatible_tags=[x86-tiny/gpu/nvidia arm-tiny x86-large x86-tiny]
2026/07/06 18:36:55 Candidate has: 512 MB free memory. Function needs: 128 MB
2026/07/06 18:36:55 [LB] Selected target for function 'mab_cost_aware_1783355782': target_tag=x86-tiny candidate=WjectcSXtXYALypFSHKKHj1783355783475722225 candidate_tag=x86-tiny
2026/07/06 18:36:55 [LB-Update] Node WjectcSXtXYALypFSHKKHj1783355783475722225 reported 512 MB free
2026/07/06 18:36:55 [MAB] event=reward_breakdown ts=1783355815451 policy=UCB1 function=mab_cost_aware_1783355782 arm=x86-tiny base_tag=x86-tiny architecture=x86 specialization=tiny capabilities=[] duration_ms=3.030823 latency_reward=-1.108834 cost_weight=0.600000 cost_factor=0.400000 cost_term=0.240000 energy_weight=0.200000 energy_factor=1.000000 energy_term=0.200000 memory_weight=0.000000 memory_penalty=0.000000 memory_term=0.000000 final_reward=-1.548834
2026/07/06 18:36:55 [MAB] event=update_reward ts=1783355815452 policy=UCB1 function=mab_cost_aware_1783355782 arm=x86-tiny duration_ms=3.030823 warm_start=true reward=-1.548834 count=25 avg_reward=-1.582698 total_counts=86
2026/07/06 18:36:55 [LB]: Periodic targets update
2026/07/06 18:36:55 Found target: RC9BoWr7bsn5ThsQeA6m9d1783355783476196901
2026/07/06 18:36:55 Found target: Yfj9dc9aZ5sc6MzJoZmaP61783355783474809800
2026/07/06 18:36:55 Found target: WjectcSXtXYALypFSHKKHj1783355783475722225
2026/07/06 18:36:55 Found target: vpsc5EyUeu2bgV5e5BQz2f1783355783477036272
2026/07/06 18:36:55 Found 4 targets
2026/07/06 18:36:55 [LB] Compatible tag found: function=mab_cost_aware_1783355782 tag=x86-tiny/gpu/nvidia arch=amd64 pattern="" ring_size=1
2026/07/06 18:36:55 [LB] Compatible tag found: function=mab_cost_aware_1783355782 tag=arm-tiny arch=amd64 pattern="" ring_size=1
2026/07/06 18:36:55 [LB] Compatible tag found: function=mab_cost_aware_1783355782 tag=x86-large arch=amd64 pattern="" ring_size=1
2026/07/06 18:36:55 [LB] Compatible tag found: function=mab_cost_aware_1783355782 tag=x86-tiny arch=amd64 pattern="" ring_size=1
2026/07/06 18:36:55 [LB] Compatible tags for function 'mab_cost_aware_1783355782': [x86-tiny/gpu/nvidia arm-tiny x86-large x86-tiny]
2026/07/06 18:36:55 [LB][MAB] event=before_select function=mab_cost_aware_1783355782 compatible_tags=[x86-tiny/gpu/nvidia arm-tiny x86-large x86-tiny] has_context=true
2026/07/06 18:36:55 [MAB] event=arm_score ts=1783355815671 policy=UCB1 function=mab_cost_aware_1783355782 arm=x86-tiny/gpu/nvidia score=-1.412066 count=2 avg_reward=-2.605964 total_counts=86
2026/07/06 18:36:55 [MAB] event=arm_score ts=1783355815671 policy=UCB1 function=mab_cost_aware_1783355782 arm=arm-tiny score=-1.240181 count=56 avg_reward=-1.465806 total_counts=86
2026/07/06 18:36:55 [MAB] event=arm_score ts=1783355815671 policy=UCB1 function=mab_cost_aware_1783355782 arm=x86-large score=-1.242402 count=3 avg_reward=-2.217215 total_counts=86
2026/07/06 18:36:55 [MAB] event=arm_score ts=1783355815671 policy=UCB1 function=mab_cost_aware_1783355782 arm=x86-tiny score=-1.245012 count=25 avg_reward=-1.582698 total_counts=86
2026/07/06 18:36:55 [MAB] event=select_arm ts=1783355815671 policy=UCB1 function=mab_cost_aware_1783355782 selected_arm=arm-tiny reason=ucb_score score=-1.240181 total_counts=86 arms=[arm-tiny,x86-large,x86-tiny,x86-tiny/gpu/nvidia]
2026/07/06 18:36:55 [LB][MAB] event=after_select function=mab_cost_aware_1783355782 selected_tag=arm-tiny compatible_tags=[x86-tiny/gpu/nvidia arm-tiny x86-large x86-tiny]
2026/07/06 18:36:55 Candidate has: 512 MB free memory. Function needs: 128 MB
2026/07/06 18:36:55 [LB] Selected target for function 'mab_cost_aware_1783355782': target_tag=arm-tiny candidate=RC9BoWr7bsn5ThsQeA6m9d1783355783476196901 candidate_tag=arm-tiny
2026/07/06 18:36:55 [LB-Update] Node RC9BoWr7bsn5ThsQeA6m9d1783355783476196901 reported 512 MB free
2026/07/06 18:36:55 [MAB] event=reward_breakdown ts=1783355815675 policy=UCB1 function=mab_cost_aware_1783355782 arm=arm-tiny base_tag=arm-tiny architecture=arm specialization=tiny capabilities=[] duration_ms=3.721136 latency_reward=-1.314029 cost_weight=0.600000 cost_factor=0.400000 cost_term=0.240000 energy_weight=0.200000 energy_factor=0.600000 energy_term=0.120000 memory_weight=0.000000 memory_penalty=0.000000 memory_term=0.000000 final_reward=-1.674029
2026/07/06 18:36:55 [MAB] event=update_reward ts=1783355815675 policy=UCB1 function=mab_cost_aware_1783355782 arm=arm-tiny duration_ms=3.721136 warm_start=true reward=-1.674029 count=57 avg_reward=-1.469460 total_counts=87
2026/07/06 18:36:55 [LB] Compatible tag found: function=mab_cost_aware_1783355782 tag=x86-tiny/gpu/nvidia arch=amd64 pattern="" ring_size=1
2026/07/06 18:36:55 [LB] Compatible tag found: function=mab_cost_aware_1783355782 tag=arm-tiny arch=amd64 pattern="" ring_size=1
2026/07/06 18:36:55 [LB] Compatible tag found: function=mab_cost_aware_1783355782 tag=x86-large arch=amd64 pattern="" ring_size=1
2026/07/06 18:36:55 [LB] Compatible tag found: function=mab_cost_aware_1783355782 tag=x86-tiny arch=amd64 pattern="" ring_size=1
2026/07/06 18:36:55 [LB] Compatible tags for function 'mab_cost_aware_1783355782': [x86-tiny/gpu/nvidia arm-tiny x86-large x86-tiny]
2026/07/06 18:36:55 [LB][MAB] event=before_select function=mab_cost_aware_1783355782 compatible_tags=[x86-tiny/gpu/nvidia arm-tiny x86-large x86-tiny] has_context=true
2026/07/06 18:36:55 [MAB] event=arm_score ts=1783355815896 policy=UCB1 function=mab_cost_aware_1783355782 arm=x86-large score=-1.241137 count=3 avg_reward=-2.217215 total_counts=87
2026/07/06 18:36:55 [MAB] event=arm_score ts=1783355815896 policy=UCB1 function=mab_cost_aware_1783355782 arm=x86-tiny score=-1.244574 count=25 avg_reward=-1.582698 total_counts=87
2026/07/06 18:36:55 [MAB] event=arm_score ts=1783355815896 policy=UCB1 function=mab_cost_aware_1783355782 arm=x86-tiny/gpu/nvidia score=-1.410518 count=2 avg_reward=-2.605964 total_counts=87
2026/07/06 18:36:55 [MAB] event=arm_score ts=1783355815896 policy=UCB1 function=mab_cost_aware_1783355782 arm=arm-tiny score=-1.245532 count=57 avg_reward=-1.469460 total_counts=87
2026/07/06 18:36:55 [MAB] event=select_arm ts=1783355815896 policy=UCB1 function=mab_cost_aware_1783355782 selected_arm=x86-large reason=ucb_score score=-1.241137 total_counts=87 arms=[arm-tiny,x86-large,x86-tiny,x86-tiny/gpu/nvidia]
2026/07/06 18:36:55 [LB][MAB] event=after_select function=mab_cost_aware_1783355782 selected_tag=x86-large compatible_tags=[x86-tiny/gpu/nvidia arm-tiny x86-large x86-tiny]
2026/07/06 18:36:55 Candidate has: 512 MB free memory. Function needs: 128 MB
2026/07/06 18:36:55 [LB] Selected target for function 'mab_cost_aware_1783355782': target_tag=x86-large candidate=Yfj9dc9aZ5sc6MzJoZmaP61783355783474809800 candidate_tag=x86-large
2026/07/06 18:36:55 [LB-Update] Node Yfj9dc9aZ5sc6MzJoZmaP61783355783474809800 reported 512 MB free
2026/07/06 18:36:55 [MAB] event=reward_breakdown ts=1783355815901 policy=UCB1 function=mab_cost_aware_1783355782 arm=x86-large base_tag=x86-large architecture=x86 specialization=large capabilities=[] duration_ms=3.516956 latency_reward=-1.257596 cost_weight=0.600000 cost_factor=1.200000 cost_term=0.720000 energy_weight=0.200000 energy_factor=1.200000 energy_term=0.240000 memory_weight=0.000000 memory_penalty=0.000000 memory_term=0.000000 final_reward=-2.217596
2026/07/06 18:36:55 [MAB] event=update_reward ts=1783355815901 policy=UCB1 function=mab_cost_aware_1783355782 arm=x86-large duration_ms=3.516956 warm_start=true reward=-2.217596 count=4 avg_reward=-2.217310 total_counts=88
2026/07/06 18:36:56 [LB] Compatible tag found: function=mab_cost_aware_1783355782 tag=x86-tiny/gpu/nvidia arch=amd64 pattern="" ring_size=1
2026/07/06 18:36:56 [LB] Compatible tag found: function=mab_cost_aware_1783355782 tag=arm-tiny arch=amd64 pattern="" ring_size=1
2026/07/06 18:36:56 [LB] Compatible tag found: function=mab_cost_aware_1783355782 tag=x86-large arch=amd64 pattern="" ring_size=1
2026/07/06 18:36:56 [LB] Compatible tag found: function=mab_cost_aware_1783355782 tag=x86-tiny arch=amd64 pattern="" ring_size=1
2026/07/06 18:36:56 [LB] Compatible tags for function 'mab_cost_aware_1783355782': [x86-tiny/gpu/nvidia arm-tiny x86-large x86-tiny]
2026/07/06 18:36:56 [LB][MAB] event=before_select function=mab_cost_aware_1783355782 compatible_tags=[x86-tiny/gpu/nvidia arm-tiny x86-large x86-tiny] has_context=true
2026/07/06 18:36:56 [MAB] event=arm_score ts=1783355816119 policy=UCB1 function=mab_cost_aware_1783355782 arm=x86-large score=-1.370921 count=4 avg_reward=-2.217310 total_counts=88
2026/07/06 18:36:56 [MAB] event=arm_score ts=1783355816119 policy=UCB1 function=mab_cost_aware_1783355782 arm=x86-tiny score=-1.244142 count=25 avg_reward=-1.582698 total_counts=88
2026/07/06 18:36:56 [MAB] event=arm_score ts=1783355816119 policy=UCB1 function=mab_cost_aware_1783355782 arm=x86-tiny/gpu/nvidia score=-1.408989 count=2 avg_reward=-2.605964 total_counts=88
2026/07/06 18:36:56 [MAB] event=arm_score ts=1783355816119 policy=UCB1 function=mab_cost_aware_1783355782 arm=arm-tiny score=-1.245246 count=57 avg_reward=-1.469460 total_counts=88
2026/07/06 18:36:56 [MAB] event=select_arm ts=1783355816119 policy=UCB1 function=mab_cost_aware_1783355782 selected_arm=x86-tiny reason=ucb_score score=-1.244142 total_counts=88 arms=[arm-tiny,x86-large,x86-tiny,x86-tiny/gpu/nvidia]
2026/07/06 18:36:56 [LB][MAB] event=after_select function=mab_cost_aware_1783355782 selected_tag=x86-tiny compatible_tags=[x86-tiny/gpu/nvidia arm-tiny x86-large x86-tiny]
2026/07/06 18:36:56 Candidate has: 512 MB free memory. Function needs: 128 MB
2026/07/06 18:36:56 [LB] Selected target for function 'mab_cost_aware_1783355782': target_tag=x86-tiny candidate=WjectcSXtXYALypFSHKKHj1783355783475722225 candidate_tag=x86-tiny
2026/07/06 18:36:56 [LB-Update] Node WjectcSXtXYALypFSHKKHj1783355783475722225 reported 512 MB free
2026/07/06 18:36:56 [MAB] event=reward_breakdown ts=1783355816123 policy=UCB1 function=mab_cost_aware_1783355782 arm=x86-tiny base_tag=x86-tiny architecture=x86 specialization=tiny capabilities=[] duration_ms=2.740520 latency_reward=-1.008148 cost_weight=0.600000 cost_factor=0.400000 cost_term=0.240000 energy_weight=0.200000 energy_factor=1.000000 energy_term=0.200000 memory_weight=0.000000 memory_penalty=0.000000 memory_term=0.000000 final_reward=-1.448148
2026/07/06 18:36:56 [MAB] event=update_reward ts=1783355816123 policy=UCB1 function=mab_cost_aware_1783355782 arm=x86-tiny duration_ms=2.740520 warm_start=true reward=-1.448148 count=26 avg_reward=-1.577523 total_counts=89
2026/07/06 18:36:56 [LB] Compatible tag found: function=mab_cost_aware_1783355782 tag=x86-tiny/gpu/nvidia arch=amd64 pattern="" ring_size=1
2026/07/06 18:36:56 [LB] Compatible tag found: function=mab_cost_aware_1783355782 tag=arm-tiny arch=amd64 pattern="" ring_size=1
2026/07/06 18:36:56 [LB] Compatible tag found: function=mab_cost_aware_1783355782 tag=x86-large arch=amd64 pattern="" ring_size=1
2026/07/06 18:36:56 [LB] Compatible tag found: function=mab_cost_aware_1783355782 tag=x86-tiny arch=amd64 pattern="" ring_size=1
2026/07/06 18:36:56 [LB] Compatible tags for function 'mab_cost_aware_1783355782': [x86-tiny/gpu/nvidia arm-tiny x86-large x86-tiny]
2026/07/06 18:36:56 [LB][MAB] event=before_select function=mab_cost_aware_1783355782 compatible_tags=[x86-tiny/gpu/nvidia arm-tiny x86-large x86-tiny] has_context=true
2026/07/06 18:36:56 [MAB] event=arm_score ts=1783355816344 policy=UCB1 function=mab_cost_aware_1783355782 arm=x86-tiny/gpu/nvidia score=-1.407480 count=2 avg_reward=-2.605964 total_counts=89
2026/07/06 18:36:56 [MAB] event=arm_score ts=1783355816344 policy=UCB1 function=mab_cost_aware_1783355782 arm=arm-tiny score=-1.244963 count=57 avg_reward=-1.469460 total_counts=89
2026/07/06 18:36:56 [MAB] event=arm_score ts=1783355816344 policy=UCB1 function=mab_cost_aware_1783355782 arm=x86-large score=-1.369854 count=4 avg_reward=-2.217310 total_counts=89
2026/07/06 18:36:56 [MAB] event=arm_score ts=1783355816344 policy=UCB1 function=mab_cost_aware_1783355782 arm=x86-tiny score=-1.245123 count=26 avg_reward=-1.577523 total_counts=89
2026/07/06 18:36:56 [MAB] event=select_arm ts=1783355816344 policy=UCB1 function=mab_cost_aware_1783355782 selected_arm=arm-tiny reason=ucb_score score=-1.244963 total_counts=89 arms=[arm-tiny,x86-large,x86-tiny,x86-tiny/gpu/nvidia]
2026/07/06 18:36:56 [LB][MAB] event=after_select function=mab_cost_aware_1783355782 selected_tag=arm-tiny compatible_tags=[x86-tiny/gpu/nvidia arm-tiny x86-large x86-tiny]
2026/07/06 18:36:56 Candidate has: 512 MB free memory. Function needs: 128 MB
2026/07/06 18:36:56 [LB] Selected target for function 'mab_cost_aware_1783355782': target_tag=arm-tiny candidate=RC9BoWr7bsn5ThsQeA6m9d1783355783476196901 candidate_tag=arm-tiny
2026/07/06 18:36:56 [LB-Update] Node RC9BoWr7bsn5ThsQeA6m9d1783355783476196901 reported 512 MB free
2026/07/06 18:36:56 [MAB] event=reward_breakdown ts=1783355816348 policy=UCB1 function=mab_cost_aware_1783355782 arm=arm-tiny base_tag=arm-tiny architecture=arm specialization=tiny capabilities=[] duration_ms=2.934371 latency_reward=-1.076493 cost_weight=0.600000 cost_factor=0.400000 cost_term=0.240000 energy_weight=0.200000 energy_factor=0.600000 energy_term=0.120000 memory_weight=0.000000 memory_penalty=0.000000 memory_term=0.000000 final_reward=-1.436493
2026/07/06 18:36:56 [MAB] event=update_reward ts=1783355816348 policy=UCB1 function=mab_cost_aware_1783355782 arm=arm-tiny duration_ms=2.934371 warm_start=true reward=-1.436493 count=58 avg_reward=-1.468891 total_counts=90
2026/07/06 18:36:56 [LB] Compatible tag found: function=mab_cost_aware_1783355782 tag=x86-tiny/gpu/nvidia arch=amd64 pattern="" ring_size=1
2026/07/06 18:36:56 [LB] Compatible tag found: function=mab_cost_aware_1783355782 tag=arm-tiny arch=amd64 pattern="" ring_size=1
2026/07/06 18:36:56 [LB] Compatible tag found: function=mab_cost_aware_1783355782 tag=x86-large arch=amd64 pattern="" ring_size=1
2026/07/06 18:36:56 [LB] Compatible tag found: function=mab_cost_aware_1783355782 tag=x86-tiny arch=amd64 pattern="" ring_size=1
2026/07/06 18:36:56 [LB] Compatible tags for function 'mab_cost_aware_1783355782': [x86-tiny/gpu/nvidia arm-tiny x86-large x86-tiny]
2026/07/06 18:36:56 [LB][MAB] event=before_select function=mab_cost_aware_1783355782 compatible_tags=[x86-tiny/gpu/nvidia arm-tiny x86-large x86-tiny] has_context=true
2026/07/06 18:36:56 [MAB] event=arm_score ts=1783355816569 policy=UCB1 function=mab_cost_aware_1783355782 arm=x86-tiny/gpu/nvidia score=-1.405989 count=2 avg_reward=-2.605964 total_counts=90
2026/07/06 18:36:56 [MAB] event=arm_score ts=1783355816569 policy=UCB1 function=mab_cost_aware_1783355782 arm=arm-tiny score=-1.246061 count=58 avg_reward=-1.468891 total_counts=90
2026/07/06 18:36:56 [MAB] event=arm_score ts=1783355816569 policy=UCB1 function=mab_cost_aware_1783355782 arm=x86-large score=-1.368800 count=4 avg_reward=-2.217310 total_counts=90
2026/07/06 18:36:56 [MAB] event=arm_score ts=1783355816569 policy=UCB1 function=mab_cost_aware_1783355782 arm=x86-tiny score=-1.244709 count=26 avg_reward=-1.577523 total_counts=90
2026/07/06 18:36:56 [MAB] event=select_arm ts=1783355816569 policy=UCB1 function=mab_cost_aware_1783355782 selected_arm=x86-tiny reason=ucb_score score=-1.244709 total_counts=90 arms=[arm-tiny,x86-large,x86-tiny,x86-tiny/gpu/nvidia]
2026/07/06 18:36:56 [LB][MAB] event=after_select function=mab_cost_aware_1783355782 selected_tag=x86-tiny compatible_tags=[x86-tiny/gpu/nvidia arm-tiny x86-large x86-tiny]
2026/07/06 18:36:56 Candidate has: 512 MB free memory. Function needs: 128 MB
2026/07/06 18:36:56 [LB] Selected target for function 'mab_cost_aware_1783355782': target_tag=x86-tiny candidate=WjectcSXtXYALypFSHKKHj1783355783475722225 candidate_tag=x86-tiny
2026/07/06 18:36:56 [LB-Update] Node WjectcSXtXYALypFSHKKHj1783355783475722225 reported 512 MB free
2026/07/06 18:36:56 [MAB] event=reward_breakdown ts=1783355816574 policy=UCB1 function=mab_cost_aware_1783355782 arm=x86-tiny base_tag=x86-tiny architecture=x86 specialization=tiny capabilities=[] duration_ms=3.819767 latency_reward=-1.340189 cost_weight=0.600000 cost_factor=0.400000 cost_term=0.240000 energy_weight=0.200000 energy_factor=1.000000 energy_term=0.200000 memory_weight=0.000000 memory_penalty=0.000000 memory_term=0.000000 final_reward=-1.780189
2026/07/06 18:36:56 [MAB] event=update_reward ts=1783355816574 policy=UCB1 function=mab_cost_aware_1783355782 arm=x86-tiny duration_ms=3.819767 warm_start=true reward=-1.780189 count=27 avg_reward=-1.585029 total_counts=91
2026/07/06 18:36:56 [LB] Compatible tag found: function=mab_cost_aware_1783355782 tag=x86-tiny/gpu/nvidia arch=amd64 pattern="" ring_size=1
2026/07/06 18:36:56 [LB] Compatible tag found: function=mab_cost_aware_1783355782 tag=arm-tiny arch=amd64 pattern="" ring_size=1
2026/07/06 18:36:56 [LB] Compatible tag found: function=mab_cost_aware_1783355782 tag=x86-large arch=amd64 pattern="" ring_size=1
2026/07/06 18:36:56 [LB] Compatible tag found: function=mab_cost_aware_1783355782 tag=x86-tiny arch=amd64 pattern="" ring_size=1
2026/07/06 18:36:56 [LB] Compatible tags for function 'mab_cost_aware_1783355782': [x86-tiny/gpu/nvidia arm-tiny x86-large x86-tiny]
2026/07/06 18:36:56 [LB][MAB] event=before_select function=mab_cost_aware_1783355782 compatible_tags=[x86-tiny/gpu/nvidia arm-tiny x86-large x86-tiny] has_context=true
2026/07/06 18:36:56 [MAB] event=arm_score ts=1783355816797 policy=UCB1 function=mab_cost_aware_1783355782 arm=x86-tiny/gpu/nvidia score=-1.404517 count=2 avg_reward=-2.605964 total_counts=91
2026/07/06 18:36:56 [MAB] event=arm_score ts=1783355816797 policy=UCB1 function=mab_cost_aware_1783355782 arm=arm-tiny score=-1.245788 count=58 avg_reward=-1.468891 total_counts=91
2026/07/06 18:36:56 [MAB] event=arm_score ts=1783355816797 policy=UCB1 function=mab_cost_aware_1783355782 arm=x86-large score=-1.367759 count=4 avg_reward=-2.217310 total_counts=91
2026/07/06 18:36:56 [MAB] event=arm_score ts=1783355816797 policy=UCB1 function=mab_cost_aware_1783355782 arm=x86-tiny score=-1.258036 count=27 avg_reward=-1.585029 total_counts=91
2026/07/06 18:36:56 [MAB] event=select_arm ts=1783355816797 policy=UCB1 function=mab_cost_aware_1783355782 selected_arm=arm-tiny reason=ucb_score score=-1.245788 total_counts=91 arms=[arm-tiny,x86-large,x86-tiny,x86-tiny/gpu/nvidia]
2026/07/06 18:36:56 [LB][MAB] event=after_select function=mab_cost_aware_1783355782 selected_tag=arm-tiny compatible_tags=[x86-tiny/gpu/nvidia arm-tiny x86-large x86-tiny]
2026/07/06 18:36:56 Candidate has: 512 MB free memory. Function needs: 128 MB
2026/07/06 18:36:56 [LB] Selected target for function 'mab_cost_aware_1783355782': target_tag=arm-tiny candidate=RC9BoWr7bsn5ThsQeA6m9d1783355783476196901 candidate_tag=arm-tiny
2026/07/06 18:36:56 [LB-Update] Node RC9BoWr7bsn5ThsQeA6m9d1783355783476196901 reported 512 MB free
2026/07/06 18:36:56 [MAB] event=reward_breakdown ts=1783355816801 policy=UCB1 function=mab_cost_aware_1783355782 arm=arm-tiny base_tag=arm-tiny architecture=arm specialization=tiny capabilities=[] duration_ms=3.095809 latency_reward=-1.130049 cost_weight=0.600000 cost_factor=0.400000 cost_term=0.240000 energy_weight=0.200000 energy_factor=0.600000 energy_term=0.120000 memory_weight=0.000000 memory_penalty=0.000000 memory_term=0.000000 final_reward=-1.490049
2026/07/06 18:36:56 [MAB] event=update_reward ts=1783355816801 policy=UCB1 function=mab_cost_aware_1783355782 arm=arm-tiny duration_ms=3.095809 warm_start=true reward=-1.490049 count=59 avg_reward=-1.469250 total_counts=92
2026/07/06 18:36:57 [LB] Compatible tag found: function=mab_cost_aware_1783355782 tag=x86-tiny/gpu/nvidia arch=amd64 pattern="" ring_size=1
2026/07/06 18:36:57 [LB] Compatible tag found: function=mab_cost_aware_1783355782 tag=arm-tiny arch=amd64 pattern="" ring_size=1
2026/07/06 18:36:57 [LB] Compatible tag found: function=mab_cost_aware_1783355782 tag=x86-large arch=amd64 pattern="" ring_size=1
2026/07/06 18:36:57 [LB] Compatible tag found: function=mab_cost_aware_1783355782 tag=x86-tiny arch=amd64 pattern="" ring_size=1
2026/07/06 18:36:57 [LB] Compatible tags for function 'mab_cost_aware_1783355782': [x86-tiny/gpu/nvidia arm-tiny x86-large x86-tiny]
2026/07/06 18:36:57 [LB][MAB] event=before_select function=mab_cost_aware_1783355782 compatible_tags=[x86-tiny/gpu/nvidia arm-tiny x86-large x86-tiny] has_context=true
2026/07/06 18:36:57 [MAB] event=arm_score ts=1783355817021 policy=UCB1 function=mab_cost_aware_1783355782 arm=x86-tiny/gpu/nvidia score=-1.403062 count=2 avg_reward=-2.605964 total_counts=92
2026/07/06 18:36:57 [MAB] event=arm_score ts=1783355817021 policy=UCB1 function=mab_cost_aware_1783355782 arm=arm-tiny score=-1.247778 count=59 avg_reward=-1.469250 total_counts=92
2026/07/06 18:36:57 [MAB] event=arm_score ts=1783355817021 policy=UCB1 function=mab_cost_aware_1783355782 arm=x86-large score=-1.366730 count=4 avg_reward=-2.217310 total_counts=92
2026/07/06 18:36:57 [MAB] event=arm_score ts=1783355817021 policy=UCB1 function=mab_cost_aware_1783355782 arm=x86-tiny score=-1.257640 count=27 avg_reward=-1.585029 total_counts=92
2026/07/06 18:36:57 [MAB] event=select_arm ts=1783355817021 policy=UCB1 function=mab_cost_aware_1783355782 selected_arm=arm-tiny reason=ucb_score score=-1.247778 total_counts=92 arms=[arm-tiny,x86-large,x86-tiny,x86-tiny/gpu/nvidia]
2026/07/06 18:36:57 [LB][MAB] event=after_select function=mab_cost_aware_1783355782 selected_tag=arm-tiny compatible_tags=[x86-tiny/gpu/nvidia arm-tiny x86-large x86-tiny]
2026/07/06 18:36:57 Candidate has: 512 MB free memory. Function needs: 128 MB
2026/07/06 18:36:57 [LB] Selected target for function 'mab_cost_aware_1783355782': target_tag=arm-tiny candidate=RC9BoWr7bsn5ThsQeA6m9d1783355783476196901 candidate_tag=arm-tiny
2026/07/06 18:36:57 [LB-Update] Node RC9BoWr7bsn5ThsQeA6m9d1783355783476196901 reported 512 MB free
2026/07/06 18:36:57 [MAB] event=reward_breakdown ts=1783355817025 policy=UCB1 function=mab_cost_aware_1783355782 arm=arm-tiny base_tag=arm-tiny architecture=arm specialization=tiny capabilities=[] duration_ms=2.864718 latency_reward=-1.052470 cost_weight=0.600000 cost_factor=0.400000 cost_term=0.240000 energy_weight=0.200000 energy_factor=0.600000 energy_term=0.120000 memory_weight=0.000000 memory_penalty=0.000000 memory_term=0.000000 final_reward=-1.412470
2026/07/06 18:36:57 [MAB] event=update_reward ts=1783355817025 policy=UCB1 function=mab_cost_aware_1783355782 arm=arm-tiny duration_ms=2.864718 warm_start=true reward=-1.412470 count=60 avg_reward=-1.468303 total_counts=93
2026/07/06 18:36:57 [LB] Compatible tag found: function=mab_cost_aware_1783355782 tag=x86-tiny/gpu/nvidia arch=amd64 pattern="" ring_size=1
2026/07/06 18:36:57 [LB] Compatible tag found: function=mab_cost_aware_1783355782 tag=arm-tiny arch=amd64 pattern="" ring_size=1
2026/07/06 18:36:57 [LB] Compatible tag found: function=mab_cost_aware_1783355782 tag=x86-large arch=amd64 pattern="" ring_size=1
2026/07/06 18:36:57 [LB] Compatible tag found: function=mab_cost_aware_1783355782 tag=x86-tiny arch=amd64 pattern="" ring_size=1
2026/07/06 18:36:57 [LB] Compatible tags for function 'mab_cost_aware_1783355782': [x86-tiny/gpu/nvidia arm-tiny x86-large x86-tiny]
2026/07/06 18:36:57 [LB][MAB] event=before_select function=mab_cost_aware_1783355782 compatible_tags=[x86-tiny/gpu/nvidia arm-tiny x86-large x86-tiny] has_context=true
2026/07/06 18:36:57 [MAB] event=arm_score ts=1783355817245 policy=UCB1 function=mab_cost_aware_1783355782 arm=x86-tiny/gpu/nvidia score=-1.401625 count=2 avg_reward=-2.605964 total_counts=93
2026/07/06 18:36:57 [MAB] event=arm_score ts=1783355817245 policy=UCB1 function=mab_cost_aware_1783355782 arm=arm-tiny score=-1.248422 count=60 avg_reward=-1.468303 total_counts=93
2026/07/06 18:36:57 [MAB] event=arm_score ts=1783355817245 policy=UCB1 function=mab_cost_aware_1783355782 arm=x86-large score=-1.365714 count=4 avg_reward=-2.217310 total_counts=93
2026/07/06 18:36:57 [MAB] event=arm_score ts=1783355817245 policy=UCB1 function=mab_cost_aware_1783355782 arm=x86-tiny score=-1.257249 count=27 avg_reward=-1.585029 total_counts=93
2026/07/06 18:36:57 [MAB] event=select_arm ts=1783355817245 policy=UCB1 function=mab_cost_aware_1783355782 selected_arm=arm-tiny reason=ucb_score score=-1.248422 total_counts=93 arms=[arm-tiny,x86-large,x86-tiny,x86-tiny/gpu/nvidia]
2026/07/06 18:36:57 [LB][MAB] event=after_select function=mab_cost_aware_1783355782 selected_tag=arm-tiny compatible_tags=[x86-tiny/gpu/nvidia arm-tiny x86-large x86-tiny]
2026/07/06 18:36:57 Candidate has: 512 MB free memory. Function needs: 128 MB
2026/07/06 18:36:57 [LB] Selected target for function 'mab_cost_aware_1783355782': target_tag=arm-tiny candidate=RC9BoWr7bsn5ThsQeA6m9d1783355783476196901 candidate_tag=arm-tiny
2026/07/06 18:36:57 [LB-Update] Node RC9BoWr7bsn5ThsQeA6m9d1783355783476196901 reported 512 MB free
2026/07/06 18:36:57 [MAB] event=reward_breakdown ts=1783355817249 policy=UCB1 function=mab_cost_aware_1783355782 arm=arm-tiny base_tag=arm-tiny architecture=arm specialization=tiny capabilities=[] duration_ms=2.736743 latency_reward=-1.006769 cost_weight=0.600000 cost_factor=0.400000 cost_term=0.240000 energy_weight=0.200000 energy_factor=0.600000 energy_term=0.120000 memory_weight=0.000000 memory_penalty=0.000000 memory_term=0.000000 final_reward=-1.366769
2026/07/06 18:36:57 [MAB] event=update_reward ts=1783355817249 policy=UCB1 function=mab_cost_aware_1783355782 arm=arm-tiny duration_ms=2.736743 warm_start=true reward=-1.366769 count=61 avg_reward=-1.466639 total_counts=94
2026/07/06 18:36:57 [LB] Compatible tag found: function=mab_cost_aware_1783355782 tag=x86-tiny/gpu/nvidia arch=amd64 pattern="" ring_size=1
2026/07/06 18:36:57 [LB] Compatible tag found: function=mab_cost_aware_1783355782 tag=arm-tiny arch=amd64 pattern="" ring_size=1
2026/07/06 18:36:57 [LB] Compatible tag found: function=mab_cost_aware_1783355782 tag=x86-large arch=amd64 pattern="" ring_size=1
2026/07/06 18:36:57 [LB] Compatible tag found: function=mab_cost_aware_1783355782 tag=x86-tiny arch=amd64 pattern="" ring_size=1
2026/07/06 18:36:57 [LB] Compatible tags for function 'mab_cost_aware_1783355782': [x86-tiny/gpu/nvidia arm-tiny x86-large x86-tiny]
2026/07/06 18:36:57 [LB][MAB] event=before_select function=mab_cost_aware_1783355782 compatible_tags=[x86-tiny/gpu/nvidia arm-tiny x86-large x86-tiny] has_context=true
2026/07/06 18:36:57 [MAB] event=arm_score ts=1783355817469 policy=UCB1 function=mab_cost_aware_1783355782 arm=x86-large score=-1.364710 count=4 avg_reward=-2.217310 total_counts=94
2026/07/06 18:36:57 [MAB] event=arm_score ts=1783355817469 policy=UCB1 function=mab_cost_aware_1783355782 arm=x86-tiny score=-1.256863 count=27 avg_reward=-1.585029 total_counts=94
2026/07/06 18:36:57 [MAB] event=arm_score ts=1783355817469 policy=UCB1 function=mab_cost_aware_1783355782 arm=x86-tiny/gpu/nvidia score=-1.400205 count=2 avg_reward=-2.605964 total_counts=94
2026/07/06 18:36:57 [MAB] event=arm_score ts=1783355817469 policy=UCB1 function=mab_cost_aware_1783355782 arm=arm-tiny score=-1.248310 count=61 avg_reward=-1.466639 total_counts=94
2026/07/06 18:36:57 [MAB] event=select_arm ts=1783355817469 policy=UCB1 function=mab_cost_aware_1783355782 selected_arm=arm-tiny reason=ucb_score score=-1.248310 total_counts=94 arms=[arm-tiny,x86-large,x86-tiny,x86-tiny/gpu/nvidia]
2026/07/06 18:36:57 [LB][MAB] event=after_select function=mab_cost_aware_1783355782 selected_tag=arm-tiny compatible_tags=[x86-tiny/gpu/nvidia arm-tiny x86-large x86-tiny]
2026/07/06 18:36:57 Candidate has: 512 MB free memory. Function needs: 128 MB
2026/07/06 18:36:57 [LB] Selected target for function 'mab_cost_aware_1783355782': target_tag=arm-tiny candidate=RC9BoWr7bsn5ThsQeA6m9d1783355783476196901 candidate_tag=arm-tiny
2026/07/06 18:36:57 [LB-Update] Node RC9BoWr7bsn5ThsQeA6m9d1783355783476196901 reported 512 MB free
2026/07/06 18:36:57 [MAB] event=reward_breakdown ts=1783355817473 policy=UCB1 function=mab_cost_aware_1783355782 arm=arm-tiny base_tag=arm-tiny architecture=arm specialization=tiny capabilities=[] duration_ms=3.102552 latency_reward=-1.132225 cost_weight=0.600000 cost_factor=0.400000 cost_term=0.240000 energy_weight=0.200000 energy_factor=0.600000 energy_term=0.120000 memory_weight=0.000000 memory_penalty=0.000000 memory_term=0.000000 final_reward=-1.492225
2026/07/06 18:36:57 [MAB] event=update_reward ts=1783355817473 policy=UCB1 function=mab_cost_aware_1783355782 arm=arm-tiny duration_ms=3.102552 warm_start=true reward=-1.492225 count=62 avg_reward=-1.467052 total_counts=95
2026/07/06 18:36:57 [LB] Compatible tag found: function=mab_cost_aware_1783355782 tag=x86-tiny/gpu/nvidia arch=amd64 pattern="" ring_size=1
2026/07/06 18:36:57 [LB] Compatible tag found: function=mab_cost_aware_1783355782 tag=arm-tiny arch=amd64 pattern="" ring_size=1
2026/07/06 18:36:57 [LB] Compatible tag found: function=mab_cost_aware_1783355782 tag=x86-large arch=amd64 pattern="" ring_size=1
2026/07/06 18:36:57 [LB] Compatible tag found: function=mab_cost_aware_1783355782 tag=x86-tiny arch=amd64 pattern="" ring_size=1
2026/07/06 18:36:57 [LB] Compatible tags for function 'mab_cost_aware_1783355782': [x86-tiny/gpu/nvidia arm-tiny x86-large x86-tiny]
2026/07/06 18:36:57 [LB][MAB] event=before_select function=mab_cost_aware_1783355782 compatible_tags=[x86-tiny/gpu/nvidia arm-tiny x86-large x86-tiny] has_context=true
2026/07/06 18:36:57 [MAB] event=arm_score ts=1783355817695 policy=UCB1 function=mab_cost_aware_1783355782 arm=x86-large score=-1.363717 count=4 avg_reward=-2.217310 total_counts=95
2026/07/06 18:36:57 [MAB] event=arm_score ts=1783355817695 policy=UCB1 function=mab_cost_aware_1783355782 arm=x86-tiny score=-1.256481 count=27 avg_reward=-1.585029 total_counts=95
2026/07/06 18:36:57 [MAB] event=arm_score ts=1783355817695 policy=UCB1 function=mab_cost_aware_1783355782 arm=x86-tiny/gpu/nvidia score=-1.398802 count=2 avg_reward=-2.605964 total_counts=95
2026/07/06 18:36:57 [MAB] event=arm_score ts=1783355817695 policy=UCB1 function=mab_cost_aware_1783355782 arm=arm-tiny score=-1.250239 count=62 avg_reward=-1.467052 total_counts=95
2026/07/06 18:36:57 [MAB] event=select_arm ts=1783355817695 policy=UCB1 function=mab_cost_aware_1783355782 selected_arm=arm-tiny reason=ucb_score score=-1.250239 total_counts=95 arms=[arm-tiny,x86-large,x86-tiny,x86-tiny/gpu/nvidia]
2026/07/06 18:36:57 [LB][MAB] event=after_select function=mab_cost_aware_1783355782 selected_tag=arm-tiny compatible_tags=[x86-tiny/gpu/nvidia arm-tiny x86-large x86-tiny]
2026/07/06 18:36:57 Candidate has: 512 MB free memory. Function needs: 128 MB
2026/07/06 18:36:57 [LB] Selected target for function 'mab_cost_aware_1783355782': target_tag=arm-tiny candidate=RC9BoWr7bsn5ThsQeA6m9d1783355783476196901 candidate_tag=arm-tiny
2026/07/06 18:36:57 [LB-Update] Node RC9BoWr7bsn5ThsQeA6m9d1783355783476196901 reported 512 MB free
2026/07/06 18:36:57 [MAB] event=reward_breakdown ts=1783355817699 policy=UCB1 function=mab_cost_aware_1783355782 arm=arm-tiny base_tag=arm-tiny architecture=arm specialization=tiny capabilities=[] duration_ms=3.289727 latency_reward=-1.190805 cost_weight=0.600000 cost_factor=0.400000 cost_term=0.240000 energy_weight=0.200000 energy_factor=0.600000 energy_term=0.120000 memory_weight=0.000000 memory_penalty=0.000000 memory_term=0.000000 final_reward=-1.550805
2026/07/06 18:36:57 [MAB] event=update_reward ts=1783355817699 policy=UCB1 function=mab_cost_aware_1783355782 arm=arm-tiny duration_ms=3.289727 warm_start=true reward=-1.550805 count=63 avg_reward=-1.468381 total_counts=96
2026/07/06 18:36:57 [LB] Compatible tag found: function=mab_cost_aware_1783355782 tag=x86-tiny/gpu/nvidia arch=amd64 pattern="" ring_size=1
2026/07/06 18:36:57 [LB] Compatible tag found: function=mab_cost_aware_1783355782 tag=arm-tiny arch=amd64 pattern="" ring_size=1
2026/07/06 18:36:57 [LB] Compatible tag found: function=mab_cost_aware_1783355782 tag=x86-large arch=amd64 pattern="" ring_size=1
2026/07/06 18:36:57 [LB] Compatible tag found: function=mab_cost_aware_1783355782 tag=x86-tiny arch=amd64 pattern="" ring_size=1
2026/07/06 18:36:57 [LB] Compatible tags for function 'mab_cost_aware_1783355782': [x86-tiny/gpu/nvidia arm-tiny x86-large x86-tiny]
2026/07/06 18:36:57 [LB][MAB] event=before_select function=mab_cost_aware_1783355782 compatible_tags=[x86-tiny/gpu/nvidia arm-tiny x86-large x86-tiny] has_context=true
2026/07/06 18:36:57 [MAB] event=arm_score ts=1783355817921 policy=UCB1 function=mab_cost_aware_1783355782 arm=x86-tiny/gpu/nvidia score=-1.397414 count=2 avg_reward=-2.605964 total_counts=96
2026/07/06 18:36:57 [MAB] event=arm_score ts=1783355817921 policy=UCB1 function=mab_cost_aware_1783355782 arm=arm-tiny score=-1.253049 count=63 avg_reward=-1.468381 total_counts=96
2026/07/06 18:36:57 [MAB] event=arm_score ts=1783355817921 policy=UCB1 function=mab_cost_aware_1783355782 arm=x86-large score=-1.362737 count=4 avg_reward=-2.217310 total_counts=96
2026/07/06 18:36:57 [MAB] event=arm_score ts=1783355817921 policy=UCB1 function=mab_cost_aware_1783355782 arm=x86-tiny score=-1.256103 count=27 avg_reward=-1.585029 total_counts=96
2026/07/06 18:36:57 [MAB] event=select_arm ts=1783355817921 policy=UCB1 function=mab_cost_aware_1783355782 selected_arm=arm-tiny reason=ucb_score score=-1.253049 total_counts=96 arms=[arm-tiny,x86-large,x86-tiny,x86-tiny/gpu/nvidia]
2026/07/06 18:36:57 [LB][MAB] event=after_select function=mab_cost_aware_1783355782 selected_tag=arm-tiny compatible_tags=[x86-tiny/gpu/nvidia arm-tiny x86-large x86-tiny]
2026/07/06 18:36:57 Candidate has: 512 MB free memory. Function needs: 128 MB
2026/07/06 18:36:57 [LB] Selected target for function 'mab_cost_aware_1783355782': target_tag=arm-tiny candidate=RC9BoWr7bsn5ThsQeA6m9d1783355783476196901 candidate_tag=arm-tiny
2026/07/06 18:36:57 [LB-Update] Node RC9BoWr7bsn5ThsQeA6m9d1783355783476196901 reported 512 MB free
2026/07/06 18:36:57 [MAB] event=reward_breakdown ts=1783355817925 policy=UCB1 function=mab_cost_aware_1783355782 arm=arm-tiny base_tag=arm-tiny architecture=arm specialization=tiny capabilities=[] duration_ms=2.800088 latency_reward=-1.029651 cost_weight=0.600000 cost_factor=0.400000 cost_term=0.240000 energy_weight=0.200000 energy_factor=0.600000 energy_term=0.120000 memory_weight=0.000000 memory_penalty=0.000000 memory_term=0.000000 final_reward=-1.389651
2026/07/06 18:36:57 [MAB] event=update_reward ts=1783355817925 policy=UCB1 function=mab_cost_aware_1783355782 arm=arm-tiny duration_ms=2.800088 warm_start=true reward=-1.389651 count=64 avg_reward=-1.467151 total_counts=97
2026/07/06 18:36:58 [LB] Compatible tag found: function=mab_cost_aware_1783355782 tag=x86-tiny/gpu/nvidia arch=amd64 pattern="" ring_size=1
2026/07/06 18:36:58 [LB] Compatible tag found: function=mab_cost_aware_1783355782 tag=arm-tiny arch=amd64 pattern="" ring_size=1
2026/07/06 18:36:58 [LB] Compatible tag found: function=mab_cost_aware_1783355782 tag=x86-large arch=amd64 pattern="" ring_size=1
2026/07/06 18:36:58 [LB] Compatible tag found: function=mab_cost_aware_1783355782 tag=x86-tiny arch=amd64 pattern="" ring_size=1
2026/07/06 18:36:58 [LB] Compatible tags for function 'mab_cost_aware_1783355782': [x86-tiny/gpu/nvidia arm-tiny x86-large x86-tiny]
2026/07/06 18:36:58 [LB][MAB] event=before_select function=mab_cost_aware_1783355782 compatible_tags=[x86-tiny/gpu/nvidia arm-tiny x86-large x86-tiny] has_context=true
2026/07/06 18:36:58 [MAB] event=arm_score ts=1783355818147 policy=UCB1 function=mab_cost_aware_1783355782 arm=x86-large score=-1.361767 count=4 avg_reward=-2.217310 total_counts=97
2026/07/06 18:36:58 [MAB] event=arm_score ts=1783355818147 policy=UCB1 function=mab_cost_aware_1783355782 arm=x86-tiny score=-1.255730 count=27 avg_reward=-1.585029 total_counts=97
2026/07/06 18:36:58 [MAB] event=arm_score ts=1783355818147 policy=UCB1 function=mab_cost_aware_1783355782 arm=x86-tiny/gpu/nvidia score=-1.396043 count=2 avg_reward=-2.605964 total_counts=97
2026/07/06 18:36:58 [MAB] event=arm_score ts=1783355818147 policy=UCB1 function=mab_cost_aware_1783355782 arm=arm-tiny score=-1.253265 count=64 avg_reward=-1.467151 total_counts=97
2026/07/06 18:36:58 [MAB] event=select_arm ts=1783355818147 policy=UCB1 function=mab_cost_aware_1783355782 selected_arm=arm-tiny reason=ucb_score score=-1.253265 total_counts=97 arms=[arm-tiny,x86-large,x86-tiny,x86-tiny/gpu/nvidia]
2026/07/06 18:36:58 [LB][MAB] event=after_select function=mab_cost_aware_1783355782 selected_tag=arm-tiny compatible_tags=[x86-tiny/gpu/nvidia arm-tiny x86-large x86-tiny]
2026/07/06 18:36:58 Candidate has: 512 MB free memory. Function needs: 128 MB
2026/07/06 18:36:58 [LB] Selected target for function 'mab_cost_aware_1783355782': target_tag=arm-tiny candidate=RC9BoWr7bsn5ThsQeA6m9d1783355783476196901 candidate_tag=arm-tiny
2026/07/06 18:36:58 [LB-Update] Node RC9BoWr7bsn5ThsQeA6m9d1783355783476196901 reported 512 MB free
2026/07/06 18:36:58 [MAB] event=reward_breakdown ts=1783355818151 policy=UCB1 function=mab_cost_aware_1783355782 arm=arm-tiny base_tag=arm-tiny architecture=arm specialization=tiny capabilities=[] duration_ms=3.021300 latency_reward=-1.105687 cost_weight=0.600000 cost_factor=0.400000 cost_term=0.240000 energy_weight=0.200000 energy_factor=0.600000 energy_term=0.120000 memory_weight=0.000000 memory_penalty=0.000000 memory_term=0.000000 final_reward=-1.465687
2026/07/06 18:36:58 [MAB] event=update_reward ts=1783355818151 policy=UCB1 function=mab_cost_aware_1783355782 arm=arm-tiny duration_ms=3.021300 warm_start=true reward=-1.465687 count=65 avg_reward=-1.467128 total_counts=98
2026/07/06 18:36:58 [LB] Compatible tag found: function=mab_cost_aware_1783355782 tag=x86-tiny/gpu/nvidia arch=amd64 pattern="" ring_size=1
2026/07/06 18:36:58 [LB] Compatible tag found: function=mab_cost_aware_1783355782 tag=arm-tiny arch=amd64 pattern="" ring_size=1
2026/07/06 18:36:58 [LB] Compatible tag found: function=mab_cost_aware_1783355782 tag=x86-large arch=amd64 pattern="" ring_size=1
2026/07/06 18:36:58 [LB] Compatible tag found: function=mab_cost_aware_1783355782 tag=x86-tiny arch=amd64 pattern="" ring_size=1
2026/07/06 18:36:58 [LB] Compatible tags for function 'mab_cost_aware_1783355782': [x86-tiny/gpu/nvidia arm-tiny x86-large x86-tiny]
2026/07/06 18:36:58 [LB][MAB] event=before_select function=mab_cost_aware_1783355782 compatible_tags=[x86-tiny/gpu/nvidia arm-tiny x86-large x86-tiny] has_context=true
2026/07/06 18:36:58 [MAB] event=arm_score ts=1783355818374 policy=UCB1 function=mab_cost_aware_1783355782 arm=x86-tiny score=-1.255361 count=27 avg_reward=-1.585029 total_counts=98
2026/07/06 18:36:58 [MAB] event=arm_score ts=1783355818374 policy=UCB1 function=mab_cost_aware_1783355782 arm=x86-tiny/gpu/nvidia score=-1.394688 count=2 avg_reward=-2.605964 total_counts=98
2026/07/06 18:36:58 [MAB] event=arm_score ts=1783355818374 policy=UCB1 function=mab_cost_aware_1783355782 arm=arm-tiny score=-1.254656 count=65 avg_reward=-1.467128 total_counts=98
2026/07/06 18:36:58 [MAB] event=arm_score ts=1783355818374 policy=UCB1 function=mab_cost_aware_1783355782 arm=x86-large score=-1.360809 count=4 avg_reward=-2.217310 total_counts=98
2026/07/06 18:36:58 [MAB] event=select_arm ts=1783355818374 policy=UCB1 function=mab_cost_aware_1783355782 selected_arm=arm-tiny reason=ucb_score score=-1.254656 total_counts=98 arms=[arm-tiny,x86-large,x86-tiny,x86-tiny/gpu/nvidia]
2026/07/06 18:36:58 [LB][MAB] event=after_select function=mab_cost_aware_1783355782 selected_tag=arm-tiny compatible_tags=[x86-tiny/gpu/nvidia arm-tiny x86-large x86-tiny]
2026/07/06 18:36:58 Candidate has: 512 MB free memory. Function needs: 128 MB
2026/07/06 18:36:58 [LB] Selected target for function 'mab_cost_aware_1783355782': target_tag=arm-tiny candidate=RC9BoWr7bsn5ThsQeA6m9d1783355783476196901 candidate_tag=arm-tiny
2026/07/06 18:36:58 [LB-Update] Node RC9BoWr7bsn5ThsQeA6m9d1783355783476196901 reported 512 MB free
2026/07/06 18:36:58 [MAB] event=reward_breakdown ts=1783355818378 policy=UCB1 function=mab_cost_aware_1783355782 arm=arm-tiny base_tag=arm-tiny architecture=arm specialization=tiny capabilities=[] duration_ms=3.034222 latency_reward=-1.109955 cost_weight=0.600000 cost_factor=0.400000 cost_term=0.240000 energy_weight=0.200000 energy_factor=0.600000 energy_term=0.120000 memory_weight=0.000000 memory_penalty=0.000000 memory_term=0.000000 final_reward=-1.469955
2026/07/06 18:36:58 [MAB] event=update_reward ts=1783355818378 policy=UCB1 function=mab_cost_aware_1783355782 arm=arm-tiny duration_ms=3.034222 warm_start=true reward=-1.469955 count=66 avg_reward=-1.467171 total_counts=99
2026/07/06 18:36:58 [LB]: Periodic targets update
2026/07/06 18:36:58 Found target: Yfj9dc9aZ5sc6MzJoZmaP61783355783474809800
2026/07/06 18:36:58 Found target: WjectcSXtXYALypFSHKKHj1783355783475722225
2026/07/06 18:36:58 Found target: vpsc5EyUeu2bgV5e5BQz2f1783355783477036272
2026/07/06 18:36:58 Found target: RC9BoWr7bsn5ThsQeA6m9d1783355783476196901
2026/07/06 18:36:58 Found 4 targets
2026/07/06 18:36:58 [LB] Compatible tag found: function=mab_cost_aware_1783355782 tag=x86-tiny/gpu/nvidia arch=amd64 pattern="" ring_size=1
2026/07/06 18:36:58 [LB] Compatible tag found: function=mab_cost_aware_1783355782 tag=arm-tiny arch=amd64 pattern="" ring_size=1
2026/07/06 18:36:58 [LB] Compatible tag found: function=mab_cost_aware_1783355782 tag=x86-large arch=amd64 pattern="" ring_size=1
2026/07/06 18:36:58 [LB] Compatible tag found: function=mab_cost_aware_1783355782 tag=x86-tiny arch=amd64 pattern="" ring_size=1
2026/07/06 18:36:58 [LB] Compatible tags for function 'mab_cost_aware_1783355782': [x86-tiny/gpu/nvidia arm-tiny x86-large x86-tiny]
2026/07/06 18:36:58 [LB][MAB] event=before_select function=mab_cost_aware_1783355782 compatible_tags=[x86-tiny/gpu/nvidia arm-tiny x86-large x86-tiny] has_context=true
2026/07/06 18:36:58 [MAB] event=arm_score ts=1783355818597 policy=UCB1 function=mab_cost_aware_1783355782 arm=x86-tiny/gpu/nvidia score=-1.393347 count=2 avg_reward=-2.605964 total_counts=99
2026/07/06 18:36:58 [MAB] event=arm_score ts=1783355818597 policy=UCB1 function=mab_cost_aware_1783355782 arm=arm-tiny score=-1.256082 count=66 avg_reward=-1.467171 total_counts=99
2026/07/06 18:36:58 [MAB] event=arm_score ts=1783355818597 policy=UCB1 function=mab_cost_aware_1783355782 arm=x86-large score=-1.359861 count=4 avg_reward=-2.217310 total_counts=99
2026/07/06 18:36:58 [MAB] event=arm_score ts=1783355818597 policy=UCB1 function=mab_cost_aware_1783355782 arm=x86-tiny score=-1.254996 count=27 avg_reward=-1.585029 total_counts=99
2026/07/06 18:36:58 [MAB] event=select_arm ts=1783355818597 policy=UCB1 function=mab_cost_aware_1783355782 selected_arm=x86-tiny reason=ucb_score score=-1.254996 total_counts=99 arms=[arm-tiny,x86-large,x86-tiny,x86-tiny/gpu/nvidia]
2026/07/06 18:36:58 [LB][MAB] event=after_select function=mab_cost_aware_1783355782 selected_tag=x86-tiny compatible_tags=[x86-tiny/gpu/nvidia arm-tiny x86-large x86-tiny]
2026/07/06 18:36:58 Candidate has: 512 MB free memory. Function needs: 128 MB
2026/07/06 18:36:58 [LB] Selected target for function 'mab_cost_aware_1783355782': target_tag=x86-tiny candidate=WjectcSXtXYALypFSHKKHj1783355783475722225 candidate_tag=x86-tiny
2026/07/06 18:36:58 [LB-Update] Node WjectcSXtXYALypFSHKKHj1783355783475722225 reported 512 MB free
2026/07/06 18:36:58 [MAB] event=reward_breakdown ts=1783355818601 policy=UCB1 function=mab_cost_aware_1783355782 arm=x86-tiny base_tag=x86-tiny architecture=x86 specialization=tiny capabilities=[] duration_ms=3.120964 latency_reward=-1.138142 cost_weight=0.600000 cost_factor=0.400000 cost_term=0.240000 energy_weight=0.200000 energy_factor=1.000000 energy_term=0.200000 memory_weight=0.000000 memory_penalty=0.000000 memory_term=0.000000 final_reward=-1.578142
2026/07/06 18:36:58 [MAB] event=update_reward ts=1783355818601 policy=UCB1 function=mab_cost_aware_1783355782 arm=x86-tiny duration_ms=3.120964 warm_start=true reward=-1.578142 count=28 avg_reward=-1.584783 total_counts=100
2026/07/06 18:36:58 [LB] Compatible tag found: function=mab_cost_aware_1783355782 tag=x86-tiny/gpu/nvidia arch=amd64 pattern="" ring_size=1
2026/07/06 18:36:58 [LB] Compatible tag found: function=mab_cost_aware_1783355782 tag=arm-tiny arch=amd64 pattern="" ring_size=1
2026/07/06 18:36:58 [LB] Compatible tag found: function=mab_cost_aware_1783355782 tag=x86-large arch=amd64 pattern="" ring_size=1
2026/07/06 18:36:58 [LB] Compatible tag found: function=mab_cost_aware_1783355782 tag=x86-tiny arch=amd64 pattern="" ring_size=1
2026/07/06 18:36:58 [LB] Compatible tags for function 'mab_cost_aware_1783355782': [x86-tiny/gpu/nvidia arm-tiny x86-large x86-tiny]
2026/07/06 18:36:58 [LB][MAB] event=before_select function=mab_cost_aware_1783355782 compatible_tags=[x86-tiny/gpu/nvidia arm-tiny x86-large x86-tiny] has_context=true
2026/07/06 18:36:58 [MAB] event=arm_score ts=1783355818819 policy=UCB1 function=mab_cost_aware_1783355782 arm=x86-tiny/gpu/nvidia score=-1.392022 count=2 avg_reward=-2.605964 total_counts=100
2026/07/06 18:36:58 [MAB] event=arm_score ts=1783355818819 policy=UCB1 function=mab_cost_aware_1783355782 arm=arm-tiny score=-1.255851 count=66 avg_reward=-1.467171 total_counts=100
2026/07/06 18:36:58 [MAB] event=arm_score ts=1783355818819 policy=UCB1 function=mab_cost_aware_1783355782 arm=x86-large score=-1.358924 count=4 avg_reward=-2.217310 total_counts=100
2026/07/06 18:36:58 [MAB] event=arm_score ts=1783355818819 policy=UCB1 function=mab_cost_aware_1783355782 arm=x86-tiny score=-1.260343 count=28 avg_reward=-1.584783 total_counts=100
2026/07/06 18:36:58 [MAB] event=select_arm ts=1783355818819 policy=UCB1 function=mab_cost_aware_1783355782 selected_arm=arm-tiny reason=ucb_score score=-1.255851 total_counts=100 arms=[arm-tiny,x86-large,x86-tiny,x86-tiny/gpu/nvidia]
2026/07/06 18:36:58 [LB][MAB] event=after_select function=mab_cost_aware_1783355782 selected_tag=arm-tiny compatible_tags=[x86-tiny/gpu/nvidia arm-tiny x86-large x86-tiny]
2026/07/06 18:36:58 Candidate has: 512 MB free memory. Function needs: 128 MB
2026/07/06 18:36:58 [LB] Selected target for function 'mab_cost_aware_1783355782': target_tag=arm-tiny candidate=RC9BoWr7bsn5ThsQeA6m9d1783355783476196901 candidate_tag=arm-tiny
2026/07/06 18:36:58 [LB-Update] Node RC9BoWr7bsn5ThsQeA6m9d1783355783476196901 reported 512 MB free
2026/07/06 18:36:58 [MAB] event=reward_breakdown ts=1783355818823 policy=UCB1 function=mab_cost_aware_1783355782 arm=arm-tiny base_tag=arm-tiny architecture=arm specialization=tiny capabilities=[] duration_ms=2.980517 latency_reward=-1.092097 cost_weight=0.600000 cost_factor=0.400000 cost_term=0.240000 energy_weight=0.200000 energy_factor=0.600000 energy_term=0.120000 memory_weight=0.000000 memory_penalty=0.000000 memory_term=0.000000 final_reward=-1.452097
2026/07/06 18:36:58 [MAB] event=update_reward ts=1783355818823 policy=UCB1 function=mab_cost_aware_1783355782 arm=arm-tiny duration_ms=2.980517 warm_start=true reward=-1.452097 count=67 avg_reward=-1.466946 total_counts=101
2026/07/06 18:36:59 [LB] Compatible tag found: function=mab_cost_aware_1783355782 tag=x86-tiny/gpu/nvidia arch=amd64 pattern="" ring_size=1
2026/07/06 18:36:59 [LB] Compatible tag found: function=mab_cost_aware_1783355782 tag=arm-tiny arch=amd64 pattern="" ring_size=1
2026/07/06 18:36:59 [LB] Compatible tag found: function=mab_cost_aware_1783355782 tag=x86-large arch=amd64 pattern="" ring_size=1
2026/07/06 18:36:59 [LB] Compatible tag found: function=mab_cost_aware_1783355782 tag=x86-tiny arch=amd64 pattern="" ring_size=1
2026/07/06 18:36:59 [LB] Compatible tags for function 'mab_cost_aware_1783355782': [x86-tiny/gpu/nvidia arm-tiny x86-large x86-tiny]
2026/07/06 18:36:59 [LB][MAB] event=before_select function=mab_cost_aware_1783355782 compatible_tags=[x86-tiny/gpu/nvidia arm-tiny x86-large x86-tiny] has_context=true
2026/07/06 18:36:59 [MAB] event=arm_score ts=1783355819044 policy=UCB1 function=mab_cost_aware_1783355782 arm=x86-large score=-1.357997 count=4 avg_reward=-2.217310 total_counts=101
2026/07/06 18:36:59 [MAB] event=arm_score ts=1783355819044 policy=UCB1 function=mab_cost_aware_1783355782 arm=x86-tiny score=-1.259993 count=28 avg_reward=-1.584783 total_counts=101
2026/07/06 18:36:59 [MAB] event=arm_score ts=1783355819044 policy=UCB1 function=mab_cost_aware_1783355782 arm=x86-tiny/gpu/nvidia score=-1.390711 count=2 avg_reward=-2.605964 total_counts=101
2026/07/06 18:36:59 [MAB] event=arm_score ts=1783355819044 policy=UCB1 function=mab_cost_aware_1783355782 arm=arm-tiny score=-1.256983 count=67 avg_reward=-1.466946 total_counts=101
2026/07/06 18:36:59 [MAB] event=select_arm ts=1783355819044 policy=UCB1 function=mab_cost_aware_1783355782 selected_arm=arm-tiny reason=ucb_score score=-1.256983 total_counts=101 arms=[arm-tiny,x86-large,x86-tiny,x86-tiny/gpu/nvidia]
2026/07/06 18:36:59 [LB][MAB] event=after_select function=mab_cost_aware_1783355782 selected_tag=arm-tiny compatible_tags=[x86-tiny/gpu/nvidia arm-tiny x86-large x86-tiny]
2026/07/06 18:36:59 Candidate has: 512 MB free memory. Function needs: 128 MB
2026/07/06 18:36:59 [LB] Selected target for function 'mab_cost_aware_1783355782': target_tag=arm-tiny candidate=RC9BoWr7bsn5ThsQeA6m9d1783355783476196901 candidate_tag=arm-tiny
2026/07/06 18:36:59 [LB-Update] Node RC9BoWr7bsn5ThsQeA6m9d1783355783476196901 reported 512 MB free
2026/07/06 18:36:59 [MAB] event=reward_breakdown ts=1783355819048 policy=UCB1 function=mab_cost_aware_1783355782 arm=arm-tiny base_tag=arm-tiny architecture=arm specialization=tiny capabilities=[] duration_ms=2.943611 latency_reward=-1.079637 cost_weight=0.600000 cost_factor=0.400000 cost_term=0.240000 energy_weight=0.200000 energy_factor=0.600000 energy_term=0.120000 memory_weight=0.000000 memory_penalty=0.000000 memory_term=0.000000 final_reward=-1.439637
2026/07/06 18:36:59 [MAB] event=update_reward ts=1783355819048 policy=UCB1 function=mab_cost_aware_1783355782 arm=arm-tiny duration_ms=2.943611 warm_start=true reward=-1.439637 count=68 avg_reward=-1.466545 total_counts=102
2026/07/06 18:36:59 [LB] Compatible tag found: function=mab_cost_aware_1783355782 tag=x86-tiny/gpu/nvidia arch=amd64 pattern="" ring_size=1
2026/07/06 18:36:59 [LB] Compatible tag found: function=mab_cost_aware_1783355782 tag=arm-tiny arch=amd64 pattern="" ring_size=1
2026/07/06 18:36:59 [LB] Compatible tag found: function=mab_cost_aware_1783355782 tag=x86-large arch=amd64 pattern="" ring_size=1
2026/07/06 18:36:59 [LB] Compatible tag found: function=mab_cost_aware_1783355782 tag=x86-tiny arch=amd64 pattern="" ring_size=1
2026/07/06 18:36:59 [LB] Compatible tags for function 'mab_cost_aware_1783355782': [x86-tiny/gpu/nvidia arm-tiny x86-large x86-tiny]
2026/07/06 18:36:59 [LB][MAB] event=before_select function=mab_cost_aware_1783355782 compatible_tags=[x86-tiny/gpu/nvidia arm-tiny x86-large x86-tiny] has_context=true
2026/07/06 18:36:59 [MAB] event=arm_score ts=1783355819269 policy=UCB1 function=mab_cost_aware_1783355782 arm=x86-tiny/gpu/nvidia score=-1.389415 count=2 avg_reward=-2.605964 total_counts=102
2026/07/06 18:36:59 [MAB] event=arm_score ts=1783355819269 policy=UCB1 function=mab_cost_aware_1783355782 arm=arm-tiny score=-1.257908 count=68 avg_reward=-1.466545 total_counts=102
2026/07/06 18:36:59 [MAB] event=arm_score ts=1783355819269 policy=UCB1 function=mab_cost_aware_1783355782 arm=x86-large score=-1.357080 count=4 avg_reward=-2.217310 total_counts=102
2026/07/06 18:36:59 [MAB] event=arm_score ts=1783355819269 policy=UCB1 function=mab_cost_aware_1783355782 arm=x86-tiny score=-1.259646 count=28 avg_reward=-1.584783 total_counts=102
2026/07/06 18:36:59 [MAB] event=select_arm ts=1783355819269 policy=UCB1 function=mab_cost_aware_1783355782 selected_arm=arm-tiny reason=ucb_score score=-1.257908 total_counts=102 arms=[arm-tiny,x86-large,x86-tiny,x86-tiny/gpu/nvidia]
2026/07/06 18:36:59 [LB][MAB] event=after_select function=mab_cost_aware_1783355782 selected_tag=arm-tiny compatible_tags=[x86-tiny/gpu/nvidia arm-tiny x86-large x86-tiny]
2026/07/06 18:36:59 Candidate has: 512 MB free memory. Function needs: 128 MB
2026/07/06 18:36:59 [LB] Selected target for function 'mab_cost_aware_1783355782': target_tag=arm-tiny candidate=RC9BoWr7bsn5ThsQeA6m9d1783355783476196901 candidate_tag=arm-tiny
2026/07/06 18:36:59 [LB-Update] Node RC9BoWr7bsn5ThsQeA6m9d1783355783476196901 reported 512 MB free
2026/07/06 18:36:59 [MAB] event=reward_breakdown ts=1783355819273 policy=UCB1 function=mab_cost_aware_1783355782 arm=arm-tiny base_tag=arm-tiny architecture=arm specialization=tiny capabilities=[] duration_ms=2.838738 latency_reward=-1.043360 cost_weight=0.600000 cost_factor=0.400000 cost_term=0.240000 energy_weight=0.200000 energy_factor=0.600000 energy_term=0.120000 memory_weight=0.000000 memory_penalty=0.000000 memory_term=0.000000 final_reward=-1.403360
2026/07/06 18:36:59 [MAB] event=update_reward ts=1783355819273 policy=UCB1 function=mab_cost_aware_1783355782 arm=arm-tiny duration_ms=2.838738 warm_start=true reward=-1.403360 count=69 avg_reward=-1.465629 total_counts=103
2026/07/06 18:36:59 [LB] Compatible tag found: function=mab_cost_aware_1783355782 tag=x86-tiny/gpu/nvidia arch=amd64 pattern="" ring_size=1
2026/07/06 18:36:59 [LB] Compatible tag found: function=mab_cost_aware_1783355782 tag=arm-tiny arch=amd64 pattern="" ring_size=1
2026/07/06 18:36:59 [LB] Compatible tag found: function=mab_cost_aware_1783355782 tag=x86-large arch=amd64 pattern="" ring_size=1
2026/07/06 18:36:59 [LB] Compatible tag found: function=mab_cost_aware_1783355782 tag=x86-tiny arch=amd64 pattern="" ring_size=1
2026/07/06 18:36:59 [LB] Compatible tags for function 'mab_cost_aware_1783355782': [x86-tiny/gpu/nvidia arm-tiny x86-large x86-tiny]
2026/07/06 18:36:59 [LB][MAB] event=before_select function=mab_cost_aware_1783355782 compatible_tags=[x86-tiny/gpu/nvidia arm-tiny x86-large x86-tiny] has_context=true
2026/07/06 18:36:59 [MAB] event=arm_score ts=1783355819493 policy=UCB1 function=mab_cost_aware_1783355782 arm=arm-tiny score=-1.258291 count=69 avg_reward=-1.465629 total_counts=103
2026/07/06 18:36:59 [MAB] event=arm_score ts=1783355819493 policy=UCB1 function=mab_cost_aware_1783355782 arm=x86-large score=-1.356173 count=4 avg_reward=-2.217310 total_counts=103
2026/07/06 18:36:59 [MAB] event=arm_score ts=1783355819493 policy=UCB1 function=mab_cost_aware_1783355782 arm=x86-tiny score=-1.259304 count=28 avg_reward=-1.584783 total_counts=103
2026/07/06 18:36:59 [MAB] event=arm_score ts=1783355819493 policy=UCB1 function=mab_cost_aware_1783355782 arm=x86-tiny/gpu/nvidia score=-1.388132 count=2 avg_reward=-2.605964 total_counts=103
2026/07/06 18:36:59 [MAB] event=select_arm ts=1783355819493 policy=UCB1 function=mab_cost_aware_1783355782 selected_arm=arm-tiny reason=ucb_score score=-1.258291 total_counts=103 arms=[arm-tiny,x86-large,x86-tiny,x86-tiny/gpu/nvidia]
2026/07/06 18:36:59 [LB][MAB] event=after_select function=mab_cost_aware_1783355782 selected_tag=arm-tiny compatible_tags=[x86-tiny/gpu/nvidia arm-tiny x86-large x86-tiny]
2026/07/06 18:36:59 Candidate has: 512 MB free memory. Function needs: 128 MB
2026/07/06 18:36:59 [LB] Selected target for function 'mab_cost_aware_1783355782': target_tag=arm-tiny candidate=RC9BoWr7bsn5ThsQeA6m9d1783355783476196901 candidate_tag=arm-tiny
2026/07/06 18:36:59 [LB-Update] Node RC9BoWr7bsn5ThsQeA6m9d1783355783476196901 reported 512 MB free
2026/07/06 18:36:59 [MAB] event=reward_breakdown ts=1783355819496 policy=UCB1 function=mab_cost_aware_1783355782 arm=arm-tiny base_tag=arm-tiny architecture=arm specialization=tiny capabilities=[] duration_ms=2.941476 latency_reward=-1.078911 cost_weight=0.600000 cost_factor=0.400000 cost_term=0.240000 energy_weight=0.200000 energy_factor=0.600000 energy_term=0.120000 memory_weight=0.000000 memory_penalty=0.000000 memory_term=0.000000 final_reward=-1.438911
2026/07/06 18:36:59 [MAB] event=update_reward ts=1783355819496 policy=UCB1 function=mab_cost_aware_1783355782 arm=arm-tiny duration_ms=2.941476 warm_start=true reward=-1.438911 count=70 avg_reward=-1.465247 total_counts=104
2026/07/06 18:36:59 [LB] Compatible tag found: function=mab_cost_aware_1783355782 tag=x86-tiny/gpu/nvidia arch=amd64 pattern="" ring_size=1
2026/07/06 18:36:59 [LB] Compatible tag found: function=mab_cost_aware_1783355782 tag=arm-tiny arch=amd64 pattern="" ring_size=1
2026/07/06 18:36:59 [LB] Compatible tag found: function=mab_cost_aware_1783355782 tag=x86-large arch=amd64 pattern="" ring_size=1
2026/07/06 18:36:59 [LB] Compatible tag found: function=mab_cost_aware_1783355782 tag=x86-tiny arch=amd64 pattern="" ring_size=1
2026/07/06 18:36:59 [LB] Compatible tags for function 'mab_cost_aware_1783355782': [x86-tiny/gpu/nvidia arm-tiny x86-large x86-tiny]
2026/07/06 18:36:59 [LB][MAB] event=before_select function=mab_cost_aware_1783355782 compatible_tags=[x86-tiny/gpu/nvidia arm-tiny x86-large x86-tiny] has_context=true
2026/07/06 18:36:59 [MAB] event=arm_score ts=1783355819716 policy=UCB1 function=mab_cost_aware_1783355782 arm=arm-tiny score=-1.259182 count=70 avg_reward=-1.465247 total_counts=104
2026/07/06 18:36:59 [MAB] event=arm_score ts=1783355819716 policy=UCB1 function=mab_cost_aware_1783355782 arm=x86-large score=-1.355276 count=4 avg_reward=-2.217310 total_counts=104
2026/07/06 18:36:59 [MAB] event=arm_score ts=1783355819716 policy=UCB1 function=mab_cost_aware_1783355782 arm=x86-tiny score=-1.258965 count=28 avg_reward=-1.584783 total_counts=104
2026/07/06 18:36:59 [MAB] event=arm_score ts=1783355819716 policy=UCB1 function=mab_cost_aware_1783355782 arm=x86-tiny/gpu/nvidia score=-1.386864 count=2 avg_reward=-2.605964 total_counts=104
2026/07/06 18:36:59 [MAB] event=select_arm ts=1783355819716 policy=UCB1 function=mab_cost_aware_1783355782 selected_arm=x86-tiny reason=ucb_score score=-1.258965 total_counts=104 arms=[arm-tiny,x86-large,x86-tiny,x86-tiny/gpu/nvidia]
2026/07/06 18:36:59 [LB][MAB] event=after_select function=mab_cost_aware_1783355782 selected_tag=x86-tiny compatible_tags=[x86-tiny/gpu/nvidia arm-tiny x86-large x86-tiny]
2026/07/06 18:36:59 Candidate has: 512 MB free memory. Function needs: 128 MB
2026/07/06 18:36:59 [LB] Selected target for function 'mab_cost_aware_1783355782': target_tag=x86-tiny candidate=WjectcSXtXYALypFSHKKHj1783355783475722225 candidate_tag=x86-tiny
2026/07/06 18:36:59 [LB-Update] Node WjectcSXtXYALypFSHKKHj1783355783475722225 reported 512 MB free
2026/07/06 18:36:59 [MAB] event=reward_breakdown ts=1783355819720 policy=UCB1 function=mab_cost_aware_1783355782 arm=x86-tiny base_tag=x86-tiny architecture=x86 specialization=tiny capabilities=[] duration_ms=3.287156 latency_reward=-1.190023 cost_weight=0.600000 cost_factor=0.400000 cost_term=0.240000 energy_weight=0.200000 energy_factor=1.000000 energy_term=0.200000 memory_weight=0.000000 memory_penalty=0.000000 memory_term=0.000000 final_reward=-1.630023
2026/07/06 18:36:59 [MAB] event=update_reward ts=1783355819720 policy=UCB1 function=mab_cost_aware_1783355782 arm=x86-tiny duration_ms=3.287156 warm_start=true reward=-1.630023 count=29 avg_reward=-1.586343 total_counts=105
2026/07/06 18:36:59 [LB] Compatible tag found: function=mab_cost_aware_1783355782 tag=x86-tiny/gpu/nvidia arch=amd64 pattern="" ring_size=1
2026/07/06 18:36:59 [LB] Compatible tag found: function=mab_cost_aware_1783355782 tag=arm-tiny arch=amd64 pattern="" ring_size=1
2026/07/06 18:36:59 [LB] Compatible tag found: function=mab_cost_aware_1783355782 tag=x86-large arch=amd64 pattern="" ring_size=1
2026/07/06 18:36:59 [LB] Compatible tag found: function=mab_cost_aware_1783355782 tag=x86-tiny arch=amd64 pattern="" ring_size=1
2026/07/06 18:36:59 [LB] Compatible tags for function 'mab_cost_aware_1783355782': [x86-tiny/gpu/nvidia arm-tiny x86-large x86-tiny]
2026/07/06 18:36:59 [LB][MAB] event=before_select function=mab_cost_aware_1783355782 compatible_tags=[x86-tiny/gpu/nvidia arm-tiny x86-large x86-tiny] has_context=true
2026/07/06 18:36:59 [MAB] event=arm_score ts=1783355819940 policy=UCB1 function=mab_cost_aware_1783355782 arm=arm-tiny score=-1.258969 count=70 avg_reward=-1.465247 total_counts=105
2026/07/06 18:36:59 [MAB] event=arm_score ts=1783355819940 policy=UCB1 function=mab_cost_aware_1783355782 arm=x86-large score=-1.354388 count=4 avg_reward=-2.217310 total_counts=105
2026/07/06 18:36:59 [MAB] event=arm_score ts=1783355819940 policy=UCB1 function=mab_cost_aware_1783355782 arm=x86-tiny score=-1.265862 count=29 avg_reward=-1.586343 total_counts=105
2026/07/06 18:36:59 [MAB] event=arm_score ts=1783355819940 policy=UCB1 function=mab_cost_aware_1783355782 arm=x86-tiny/gpu/nvidia score=-1.385608 count=2 avg_reward=-2.605964 total_counts=105
2026/07/06 18:36:59 [MAB] event=select_arm ts=1783355819940 policy=UCB1 function=mab_cost_aware_1783355782 selected_arm=arm-tiny reason=ucb_score score=-1.258969 total_counts=105 arms=[arm-tiny,x86-large,x86-tiny,x86-tiny/gpu/nvidia]
2026/07/06 18:36:59 [LB][MAB] event=after_select function=mab_cost_aware_1783355782 selected_tag=arm-tiny compatible_tags=[x86-tiny/gpu/nvidia arm-tiny x86-large x86-tiny]
2026/07/06 18:36:59 Candidate has: 512 MB free memory. Function needs: 128 MB
2026/07/06 18:36:59 [LB] Selected target for function 'mab_cost_aware_1783355782': target_tag=arm-tiny candidate=RC9BoWr7bsn5ThsQeA6m9d1783355783476196901 candidate_tag=arm-tiny
2026/07/06 18:36:59 [LB-Update] Node RC9BoWr7bsn5ThsQeA6m9d1783355783476196901 reported 512 MB free
2026/07/06 18:36:59 [MAB] event=reward_breakdown ts=1783355819944 policy=UCB1 function=mab_cost_aware_1783355782 arm=arm-tiny base_tag=arm-tiny architecture=arm specialization=tiny capabilities=[] duration_ms=3.084908 latency_reward=-1.126522 cost_weight=0.600000 cost_factor=0.400000 cost_term=0.240000 energy_weight=0.200000 energy_factor=0.600000 energy_term=0.120000 memory_weight=0.000000 memory_penalty=0.000000 memory_term=0.000000 final_reward=-1.486522
2026/07/06 18:36:59 [MAB] event=update_reward ts=1783355819944 policy=UCB1 function=mab_cost_aware_1783355782 arm=arm-tiny duration_ms=3.084908 warm_start=true reward=-1.486522 count=71 avg_reward=-1.465547 total_counts=106
2026/07/06 18:37:00 [LB] Compatible tag found: function=mab_cost_aware_1783355782 tag=x86-tiny/gpu/nvidia arch=amd64 pattern="" ring_size=1
2026/07/06 18:37:00 [LB] Compatible tag found: function=mab_cost_aware_1783355782 tag=arm-tiny arch=amd64 pattern="" ring_size=1
2026/07/06 18:37:00 [LB] Compatible tag found: function=mab_cost_aware_1783355782 tag=x86-large arch=amd64 pattern="" ring_size=1
2026/07/06 18:37:00 [LB] Compatible tag found: function=mab_cost_aware_1783355782 tag=x86-tiny arch=amd64 pattern="" ring_size=1
2026/07/06 18:37:00 [LB] Compatible tags for function 'mab_cost_aware_1783355782': [x86-tiny/gpu/nvidia arm-tiny x86-large x86-tiny]
2026/07/06 18:37:00 [LB][MAB] event=before_select function=mab_cost_aware_1783355782 compatible_tags=[x86-tiny/gpu/nvidia arm-tiny x86-large x86-tiny] has_context=true
2026/07/06 18:37:00 [MAB] event=arm_score ts=1783355820164 policy=UCB1 function=mab_cost_aware_1783355782 arm=x86-tiny/gpu/nvidia score=-1.384366 count=2 avg_reward=-2.605964 total_counts=106
2026/07/06 18:37:00 [MAB] event=arm_score ts=1783355820164 policy=UCB1 function=mab_cost_aware_1783355782 arm=arm-tiny score=-1.260518 count=71 avg_reward=-1.465547 total_counts=106
2026/07/06 18:37:00 [MAB] event=arm_score ts=1783355820164 policy=UCB1 function=mab_cost_aware_1783355782 arm=x86-large score=-1.353510 count=4 avg_reward=-2.217310 total_counts=106
2026/07/06 18:37:00 [MAB] event=arm_score ts=1783355820165 policy=UCB1 function=mab_cost_aware_1783355782 arm=x86-tiny score=-1.265536 count=29 avg_reward=-1.586343 total_counts=106
2026/07/06 18:37:00 [MAB] event=select_arm ts=1783355820165 policy=UCB1 function=mab_cost_aware_1783355782 selected_arm=arm-tiny reason=ucb_score score=-1.260518 total_counts=106 arms=[arm-tiny,x86-large,x86-tiny,x86-tiny/gpu/nvidia]
2026/07/06 18:37:00 [LB][MAB] event=after_select function=mab_cost_aware_1783355782 selected_tag=arm-tiny compatible_tags=[x86-tiny/gpu/nvidia arm-tiny x86-large x86-tiny]
2026/07/06 18:37:00 Candidate has: 512 MB free memory. Function needs: 128 MB
2026/07/06 18:37:00 [LB] Selected target for function 'mab_cost_aware_1783355782': target_tag=arm-tiny candidate=RC9BoWr7bsn5ThsQeA6m9d1783355783476196901 candidate_tag=arm-tiny
2026/07/06 18:37:00 [LB-Update] Node RC9BoWr7bsn5ThsQeA6m9d1783355783476196901 reported 512 MB free
2026/07/06 18:37:00 [MAB] event=reward_breakdown ts=1783355820168 policy=UCB1 function=mab_cost_aware_1783355782 arm=arm-tiny base_tag=arm-tiny architecture=arm specialization=tiny capabilities=[] duration_ms=2.830056 latency_reward=-1.040296 cost_weight=0.600000 cost_factor=0.400000 cost_term=0.240000 energy_weight=0.200000 energy_factor=0.600000 energy_term=0.120000 memory_weight=0.000000 memory_penalty=0.000000 memory_term=0.000000 final_reward=-1.400296
2026/07/06 18:37:00 [MAB] event=update_reward ts=1783355820168 policy=UCB1 function=mab_cost_aware_1783355782 arm=arm-tiny duration_ms=2.830056 warm_start=true reward=-1.400296 count=72 avg_reward=-1.464641 total_counts=107
2026/07/06 18:37:00 [LB] Compatible tag found: function=mab_cost_aware_1783355782 tag=x86-tiny/gpu/nvidia arch=amd64 pattern="" ring_size=1
2026/07/06 18:37:00 [LB] Compatible tag found: function=mab_cost_aware_1783355782 tag=arm-tiny arch=amd64 pattern="" ring_size=1
2026/07/06 18:37:00 [LB] Compatible tag found: function=mab_cost_aware_1783355782 tag=x86-large arch=amd64 pattern="" ring_size=1
2026/07/06 18:37:00 [LB] Compatible tag found: function=mab_cost_aware_1783355782 tag=x86-tiny arch=amd64 pattern="" ring_size=1
2026/07/06 18:37:00 [LB] Compatible tags for function 'mab_cost_aware_1783355782': [x86-tiny/gpu/nvidia arm-tiny x86-large x86-tiny]
2026/07/06 18:37:00 [LB][MAB] event=before_select function=mab_cost_aware_1783355782 compatible_tags=[x86-tiny/gpu/nvidia arm-tiny x86-large x86-tiny] has_context=true
2026/07/06 18:37:00 [MAB] event=arm_score ts=1783355820387 policy=UCB1 function=mab_cost_aware_1783355782 arm=x86-tiny/gpu/nvidia score=-1.383137 count=2 avg_reward=-2.605964 total_counts=107
2026/07/06 18:37:00 [MAB] event=arm_score ts=1783355820387 policy=UCB1 function=mab_cost_aware_1783355782 arm=arm-tiny score=-1.260836 count=72 avg_reward=-1.464641 total_counts=107
2026/07/06 18:37:00 [MAB] event=arm_score ts=1783355820387 policy=UCB1 function=mab_cost_aware_1783355782 arm=x86-large score=-1.352641 count=4 avg_reward=-2.217310 total_counts=107
2026/07/06 18:37:00 [MAB] event=arm_score ts=1783355820387 policy=UCB1 function=mab_cost_aware_1783355782 arm=x86-tiny score=-1.265213 count=29 avg_reward=-1.586343 total_counts=107
2026/07/06 18:37:00 [MAB] event=select_arm ts=1783355820387 policy=UCB1 function=mab_cost_aware_1783355782 selected_arm=arm-tiny reason=ucb_score score=-1.260836 total_counts=107 arms=[arm-tiny,x86-large,x86-tiny,x86-tiny/gpu/nvidia]
2026/07/06 18:37:00 [LB][MAB] event=after_select function=mab_cost_aware_1783355782 selected_tag=arm-tiny compatible_tags=[x86-tiny/gpu/nvidia arm-tiny x86-large x86-tiny]
2026/07/06 18:37:00 Candidate has: 512 MB free memory. Function needs: 128 MB
2026/07/06 18:37:00 [LB] Selected target for function 'mab_cost_aware_1783355782': target_tag=arm-tiny candidate=RC9BoWr7bsn5ThsQeA6m9d1783355783476196901 candidate_tag=arm-tiny
2026/07/06 18:37:00 [LB-Update] Node RC9BoWr7bsn5ThsQeA6m9d1783355783476196901 reported 512 MB free
2026/07/06 18:37:00 [MAB] event=reward_breakdown ts=1783355820391 policy=UCB1 function=mab_cost_aware_1783355782 arm=arm-tiny base_tag=arm-tiny architecture=arm specialization=tiny capabilities=[] duration_ms=2.608380 latency_reward=-0.958729 cost_weight=0.600000 cost_factor=0.400000 cost_term=0.240000 energy_weight=0.200000 energy_factor=0.600000 energy_term=0.120000 memory_weight=0.000000 memory_penalty=0.000000 memory_term=0.000000 final_reward=-1.318729
2026/07/06 18:37:00 [MAB] event=update_reward ts=1783355820391 policy=UCB1 function=mab_cost_aware_1783355782 arm=arm-tiny duration_ms=2.608380 warm_start=true reward=-1.318729 count=73 avg_reward=-1.462642 total_counts=108
2026/07/06 18:37:00 [LB] Compatible tag found: function=mab_cost_aware_1783355782 tag=x86-tiny/gpu/nvidia arch=amd64 pattern="" ring_size=1
2026/07/06 18:37:00 [LB] Compatible tag found: function=mab_cost_aware_1783355782 tag=arm-tiny arch=amd64 pattern="" ring_size=1
2026/07/06 18:37:00 [LB] Compatible tag found: function=mab_cost_aware_1783355782 tag=x86-large arch=amd64 pattern="" ring_size=1
2026/07/06 18:37:00 [LB] Compatible tag found: function=mab_cost_aware_1783355782 tag=x86-tiny arch=amd64 pattern="" ring_size=1
2026/07/06 18:37:00 [LB] Compatible tags for function 'mab_cost_aware_1783355782': [x86-tiny/gpu/nvidia arm-tiny x86-large x86-tiny]
2026/07/06 18:37:00 [LB][MAB] event=before_select function=mab_cost_aware_1783355782 compatible_tags=[x86-tiny/gpu/nvidia arm-tiny x86-large x86-tiny] has_context=true
2026/07/06 18:37:00 [MAB] event=arm_score ts=1783355820612 policy=UCB1 function=mab_cost_aware_1783355782 arm=x86-tiny/gpu/nvidia score=-1.381920 count=2 avg_reward=-2.605964 total_counts=108
2026/07/06 18:37:00 [MAB] event=arm_score ts=1783355820612 policy=UCB1 function=mab_cost_aware_1783355782 arm=arm-tiny score=-1.260037 count=73 avg_reward=-1.462642 total_counts=108
2026/07/06 18:37:00 [MAB] event=arm_score ts=1783355820612 policy=UCB1 function=mab_cost_aware_1783355782 arm=x86-large score=-1.351781 count=4 avg_reward=-2.217310 total_counts=108
2026/07/06 18:37:00 [MAB] event=arm_score ts=1783355820612 policy=UCB1 function=mab_cost_aware_1783355782 arm=x86-tiny score=-1.264893 count=29 avg_reward=-1.586343 total_counts=108
2026/07/06 18:37:00 [MAB] event=select_arm ts=1783355820612 policy=UCB1 function=mab_cost_aware_1783355782 selected_arm=arm-tiny reason=ucb_score score=-1.260037 total_counts=108 arms=[arm-tiny,x86-large,x86-tiny,x86-tiny/gpu/nvidia]
2026/07/06 18:37:00 [LB][MAB] event=after_select function=mab_cost_aware_1783355782 selected_tag=arm-tiny compatible_tags=[x86-tiny/gpu/nvidia arm-tiny x86-large x86-tiny]
2026/07/06 18:37:00 Candidate has: 512 MB free memory. Function needs: 128 MB
2026/07/06 18:37:00 [LB] Selected target for function 'mab_cost_aware_1783355782': target_tag=arm-tiny candidate=RC9BoWr7bsn5ThsQeA6m9d1783355783476196901 candidate_tag=arm-tiny
2026/07/06 18:37:00 [LB-Update] Node RC9BoWr7bsn5ThsQeA6m9d1783355783476196901 reported 512 MB free
2026/07/06 18:37:00 [MAB] event=reward_breakdown ts=1783355820616 policy=UCB1 function=mab_cost_aware_1783355782 arm=arm-tiny base_tag=arm-tiny architecture=arm specialization=tiny capabilities=[] duration_ms=3.013805 latency_reward=-1.103203 cost_weight=0.600000 cost_factor=0.400000 cost_term=0.240000 energy_weight=0.200000 energy_factor=0.600000 energy_term=0.120000 memory_weight=0.000000 memory_penalty=0.000000 memory_term=0.000000 final_reward=-1.463203
2026/07/06 18:37:00 [MAB] event=update_reward ts=1783355820616 policy=UCB1 function=mab_cost_aware_1783355782 arm=arm-tiny duration_ms=3.013805 warm_start=true reward=-1.463203 count=74 avg_reward=-1.462649 total_counts=109
2026/07/06 18:37:00 [LB] Compatible tag found: function=mab_cost_aware_1783355782 tag=x86-tiny/gpu/nvidia arch=amd64 pattern="" ring_size=1
2026/07/06 18:37:00 [LB] Compatible tag found: function=mab_cost_aware_1783355782 tag=arm-tiny arch=amd64 pattern="" ring_size=1
2026/07/06 18:37:00 [LB] Compatible tag found: function=mab_cost_aware_1783355782 tag=x86-large arch=amd64 pattern="" ring_size=1
2026/07/06 18:37:00 [LB] Compatible tag found: function=mab_cost_aware_1783355782 tag=x86-tiny arch=amd64 pattern="" ring_size=1
2026/07/06 18:37:00 [LB] Compatible tags for function 'mab_cost_aware_1783355782': [x86-tiny/gpu/nvidia arm-tiny x86-large x86-tiny]
2026/07/06 18:37:00 [LB][MAB] event=before_select function=mab_cost_aware_1783355782 compatible_tags=[x86-tiny/gpu/nvidia arm-tiny x86-large x86-tiny] has_context=true
2026/07/06 18:37:00 [MAB] event=arm_score ts=1783355820836 policy=UCB1 function=mab_cost_aware_1783355782 arm=x86-tiny/gpu/nvidia score=-1.380716 count=2 avg_reward=-2.605964 total_counts=109
2026/07/06 18:37:00 [MAB] event=arm_score ts=1783355820836 policy=UCB1 function=mab_cost_aware_1783355782 arm=arm-tiny score=-1.261220 count=74 avg_reward=-1.462649 total_counts=109
2026/07/06 18:37:00 [MAB] event=arm_score ts=1783355820836 policy=UCB1 function=mab_cost_aware_1783355782 arm=x86-large score=-1.350929 count=4 avg_reward=-2.217310 total_counts=109
2026/07/06 18:37:00 [MAB] event=arm_score ts=1783355820836 policy=UCB1 function=mab_cost_aware_1783355782 arm=x86-tiny score=-1.264577 count=29 avg_reward=-1.586343 total_counts=109
2026/07/06 18:37:00 [MAB] event=select_arm ts=1783355820836 policy=UCB1 function=mab_cost_aware_1783355782 selected_arm=arm-tiny reason=ucb_score score=-1.261220 total_counts=109 arms=[arm-tiny,x86-large,x86-tiny,x86-tiny/gpu/nvidia]
2026/07/06 18:37:00 [LB][MAB] event=after_select function=mab_cost_aware_1783355782 selected_tag=arm-tiny compatible_tags=[x86-tiny/gpu/nvidia arm-tiny x86-large x86-tiny]
2026/07/06 18:37:00 Candidate has: 512 MB free memory. Function needs: 128 MB
2026/07/06 18:37:00 [LB] Selected target for function 'mab_cost_aware_1783355782': target_tag=arm-tiny candidate=RC9BoWr7bsn5ThsQeA6m9d1783355783476196901 candidate_tag=arm-tiny
2026/07/06 18:37:00 [LB-Update] Node RC9BoWr7bsn5ThsQeA6m9d1783355783476196901 reported 512 MB free
2026/07/06 18:37:00 [MAB] event=reward_breakdown ts=1783355820840 policy=UCB1 function=mab_cost_aware_1783355782 arm=arm-tiny base_tag=arm-tiny architecture=arm specialization=tiny capabilities=[] duration_ms=2.927035 latency_reward=-1.073990 cost_weight=0.600000 cost_factor=0.400000 cost_term=0.240000 energy_weight=0.200000 energy_factor=0.600000 energy_term=0.120000 memory_weight=0.000000 memory_penalty=0.000000 memory_term=0.000000 final_reward=-1.433990
2026/07/06 18:37:00 [MAB] event=update_reward ts=1783355820840 policy=UCB1 function=mab_cost_aware_1783355782 arm=arm-tiny duration_ms=2.927035 warm_start=true reward=-1.433990 count=75 avg_reward=-1.462267 total_counts=110
2026/07/06 18:37:01 [LB] Compatible tag found: function=mab_cost_aware_1783355782 tag=x86-tiny/gpu/nvidia arch=amd64 pattern="" ring_size=1
2026/07/06 18:37:01 [LB] Compatible tag found: function=mab_cost_aware_1783355782 tag=arm-tiny arch=amd64 pattern="" ring_size=1
2026/07/06 18:37:01 [LB] Compatible tag found: function=mab_cost_aware_1783355782 tag=x86-large arch=amd64 pattern="" ring_size=1
2026/07/06 18:37:01 [LB] Compatible tag found: function=mab_cost_aware_1783355782 tag=x86-tiny arch=amd64 pattern="" ring_size=1
2026/07/06 18:37:01 [LB] Compatible tags for function 'mab_cost_aware_1783355782': [x86-tiny/gpu/nvidia arm-tiny x86-large x86-tiny]
2026/07/06 18:37:01 [LB][MAB] event=before_select function=mab_cost_aware_1783355782 compatible_tags=[x86-tiny/gpu/nvidia arm-tiny x86-large x86-tiny] has_context=true
2026/07/06 18:37:01 [MAB] event=arm_score ts=1783355821060 policy=UCB1 function=mab_cost_aware_1783355782 arm=x86-tiny/gpu/nvidia score=-1.379524 count=2 avg_reward=-2.605964 total_counts=110
2026/07/06 18:37:01 [MAB] event=arm_score ts=1783355821060 policy=UCB1 function=mab_cost_aware_1783355782 arm=arm-tiny score=-1.261991 count=75 avg_reward=-1.462267 total_counts=110
2026/07/06 18:37:01 [MAB] event=arm_score ts=1783355821060 policy=UCB1 function=mab_cost_aware_1783355782 arm=x86-large score=-1.350086 count=4 avg_reward=-2.217310 total_counts=110
2026/07/06 18:37:01 [MAB] event=arm_score ts=1783355821060 policy=UCB1 function=mab_cost_aware_1783355782 arm=x86-tiny score=-1.264264 count=29 avg_reward=-1.586343 total_counts=110
2026/07/06 18:37:01 [MAB] event=select_arm ts=1783355821060 policy=UCB1 function=mab_cost_aware_1783355782 selected_arm=arm-tiny reason=ucb_score score=-1.261991 total_counts=110 arms=[arm-tiny,x86-large,x86-tiny,x86-tiny/gpu/nvidia]
2026/07/06 18:37:01 [LB][MAB] event=after_select function=mab_cost_aware_1783355782 selected_tag=arm-tiny compatible_tags=[x86-tiny/gpu/nvidia arm-tiny x86-large x86-tiny]
2026/07/06 18:37:01 Candidate has: 512 MB free memory. Function needs: 128 MB
2026/07/06 18:37:01 [LB] Selected target for function 'mab_cost_aware_1783355782': target_tag=arm-tiny candidate=RC9BoWr7bsn5ThsQeA6m9d1783355783476196901 candidate_tag=arm-tiny
2026/07/06 18:37:01 [LB-Update] Node RC9BoWr7bsn5ThsQeA6m9d1783355783476196901 reported 512 MB free
2026/07/06 18:37:01 [MAB] event=reward_breakdown ts=1783355821064 policy=UCB1 function=mab_cost_aware_1783355782 arm=arm-tiny base_tag=arm-tiny architecture=arm specialization=tiny capabilities=[] duration_ms=3.064063 latency_reward=-1.119742 cost_weight=0.600000 cost_factor=0.400000 cost_term=0.240000 energy_weight=0.200000 energy_factor=0.600000 energy_term=0.120000 memory_weight=0.000000 memory_penalty=0.000000 memory_term=0.000000 final_reward=-1.479742
2026/07/06 18:37:01 [MAB] event=update_reward ts=1783355821064 policy=UCB1 function=mab_cost_aware_1783355782 arm=arm-tiny duration_ms=3.064063 warm_start=true reward=-1.479742 count=76 avg_reward=-1.462497 total_counts=111
2026/07/06 18:37:01 [LB] Compatible tag found: function=mab_cost_aware_1783355782 tag=x86-tiny/gpu/nvidia arch=amd64 pattern="" ring_size=1
2026/07/06 18:37:01 [LB] Compatible tag found: function=mab_cost_aware_1783355782 tag=arm-tiny arch=amd64 pattern="" ring_size=1
2026/07/06 18:37:01 [LB] Compatible tag found: function=mab_cost_aware_1783355782 tag=x86-large arch=amd64 pattern="" ring_size=1
2026/07/06 18:37:01 [LB] Compatible tag found: function=mab_cost_aware_1783355782 tag=x86-tiny arch=amd64 pattern="" ring_size=1
2026/07/06 18:37:01 [LB] Compatible tags for function 'mab_cost_aware_1783355782': [x86-tiny/gpu/nvidia arm-tiny x86-large x86-tiny]
2026/07/06 18:37:01 [LB][MAB] event=before_select function=mab_cost_aware_1783355782 compatible_tags=[x86-tiny/gpu/nvidia arm-tiny x86-large x86-tiny] has_context=true
2026/07/06 18:37:01 [MAB] event=arm_score ts=1783355821285 policy=UCB1 function=mab_cost_aware_1783355782 arm=x86-tiny/gpu/nvidia score=-1.378344 count=2 avg_reward=-2.605964 total_counts=111
2026/07/06 18:37:01 [MAB] event=arm_score ts=1783355821285 policy=UCB1 function=mab_cost_aware_1783355782 arm=arm-tiny score=-1.263351 count=76 avg_reward=-1.462497 total_counts=111
2026/07/06 18:37:01 [MAB] event=arm_score ts=1783355821285 policy=UCB1 function=mab_cost_aware_1783355782 arm=x86-large score=-1.349252 count=4 avg_reward=-2.217310 total_counts=111
2026/07/06 18:37:01 [MAB] event=arm_score ts=1783355821285 policy=UCB1 function=mab_cost_aware_1783355782 arm=x86-tiny score=-1.263954 count=29 avg_reward=-1.586343 total_counts=111
2026/07/06 18:37:01 [MAB] event=select_arm ts=1783355821285 policy=UCB1 function=mab_cost_aware_1783355782 selected_arm=arm-tiny reason=ucb_score score=-1.263351 total_counts=111 arms=[arm-tiny,x86-large,x86-tiny,x86-tiny/gpu/nvidia]
2026/07/06 18:37:01 [LB][MAB] event=after_select function=mab_cost_aware_1783355782 selected_tag=arm-tiny compatible_tags=[x86-tiny/gpu/nvidia arm-tiny x86-large x86-tiny]
2026/07/06 18:37:01 Candidate has: 512 MB free memory. Function needs: 128 MB
2026/07/06 18:37:01 [LB] Selected target for function 'mab_cost_aware_1783355782': target_tag=arm-tiny candidate=RC9BoWr7bsn5ThsQeA6m9d1783355783476196901 candidate_tag=arm-tiny
2026/07/06 18:37:01 [LB-Update] Node RC9BoWr7bsn5ThsQeA6m9d1783355783476196901 reported 512 MB free
2026/07/06 18:37:01 [MAB] event=reward_breakdown ts=1783355821288 policy=UCB1 function=mab_cost_aware_1783355782 arm=arm-tiny base_tag=arm-tiny architecture=arm specialization=tiny capabilities=[] duration_ms=2.635517 latency_reward=-0.969079 cost_weight=0.600000 cost_factor=0.400000 cost_term=0.240000 energy_weight=0.200000 energy_factor=0.600000 energy_term=0.120000 memory_weight=0.000000 memory_penalty=0.000000 memory_term=0.000000 final_reward=-1.329079
2026/07/06 18:37:01 [MAB] event=update_reward ts=1783355821288 policy=UCB1 function=mab_cost_aware_1783355782 arm=arm-tiny duration_ms=2.635517 warm_start=true reward=-1.329079 count=77 avg_reward=-1.460764 total_counts=112
2026/07/06 18:37:01 [LB] Compatible tag found: function=mab_cost_aware_1783355782 tag=x86-tiny/gpu/nvidia arch=amd64 pattern="" ring_size=1
2026/07/06 18:37:01 [LB] Compatible tag found: function=mab_cost_aware_1783355782 tag=arm-tiny arch=amd64 pattern="" ring_size=1
2026/07/06 18:37:01 [LB] Compatible tag found: function=mab_cost_aware_1783355782 tag=x86-large arch=amd64 pattern="" ring_size=1
2026/07/06 18:37:01 [LB] Compatible tag found: function=mab_cost_aware_1783355782 tag=x86-tiny arch=amd64 pattern="" ring_size=1
2026/07/06 18:37:01 [LB] Compatible tags for function 'mab_cost_aware_1783355782': [x86-tiny/gpu/nvidia arm-tiny x86-large x86-tiny]
2026/07/06 18:37:01 [LB][MAB] event=before_select function=mab_cost_aware_1783355782 compatible_tags=[x86-tiny/gpu/nvidia arm-tiny x86-large x86-tiny] has_context=true
2026/07/06 18:37:01 [MAB] event=arm_score ts=1783355821510 policy=UCB1 function=mab_cost_aware_1783355782 arm=x86-large score=-1.348426 count=4 avg_reward=-2.217310 total_counts=112
2026/07/06 18:37:01 [MAB] event=arm_score ts=1783355821510 policy=UCB1 function=mab_cost_aware_1783355782 arm=x86-tiny score=-1.263647 count=29 avg_reward=-1.586343 total_counts=112
2026/07/06 18:37:01 [MAB] event=arm_score ts=1783355821510 policy=UCB1 function=mab_cost_aware_1783355782 arm=x86-tiny/gpu/nvidia score=-1.377176 count=2 avg_reward=-2.605964 total_counts=112
2026/07/06 18:37:01 [MAB] event=arm_score ts=1783355821510 policy=UCB1 function=mab_cost_aware_1783355782 arm=arm-tiny score=-1.262727 count=77 avg_reward=-1.460764 total_counts=112
2026/07/06 18:37:01 [MAB] event=select_arm ts=1783355821510 policy=UCB1 function=mab_cost_aware_1783355782 selected_arm=arm-tiny reason=ucb_score score=-1.262727 total_counts=112 arms=[arm-tiny,x86-large,x86-tiny,x86-tiny/gpu/nvidia]
2026/07/06 18:37:01 [LB][MAB] event=after_select function=mab_cost_aware_1783355782 selected_tag=arm-tiny compatible_tags=[x86-tiny/gpu/nvidia arm-tiny x86-large x86-tiny]
2026/07/06 18:37:01 Candidate has: 512 MB free memory. Function needs: 128 MB
2026/07/06 18:37:01 [LB] Selected target for function 'mab_cost_aware_1783355782': target_tag=arm-tiny candidate=RC9BoWr7bsn5ThsQeA6m9d1783355783476196901 candidate_tag=arm-tiny
2026/07/06 18:37:01 [LB-Update] Node RC9BoWr7bsn5ThsQeA6m9d1783355783476196901 reported 512 MB free
2026/07/06 18:37:01 [MAB] event=reward_breakdown ts=1783355821514 policy=UCB1 function=mab_cost_aware_1783355782 arm=arm-tiny base_tag=arm-tiny architecture=arm specialization=tiny capabilities=[] duration_ms=2.931466 latency_reward=-1.075503 cost_weight=0.600000 cost_factor=0.400000 cost_term=0.240000 energy_weight=0.200000 energy_factor=0.600000 energy_term=0.120000 memory_weight=0.000000 memory_penalty=0.000000 memory_term=0.000000 final_reward=-1.435503
2026/07/06 18:37:01 [MAB] event=update_reward ts=1783355821514 policy=UCB1 function=mab_cost_aware_1783355782 arm=arm-tiny duration_ms=2.931466 warm_start=true reward=-1.435503 count=78 avg_reward=-1.460441 total_counts=113
2026/07/06 18:37:01 [LB]: Periodic targets update
2026/07/06 18:37:01 Found target: RC9BoWr7bsn5ThsQeA6m9d1783355783476196901
2026/07/06 18:37:01 Found target: Yfj9dc9aZ5sc6MzJoZmaP61783355783474809800
2026/07/06 18:37:01 Found target: WjectcSXtXYALypFSHKKHj1783355783475722225
2026/07/06 18:37:01 Found target: vpsc5EyUeu2bgV5e5BQz2f1783355783477036272
2026/07/06 18:37:01 Found 4 targets
2026/07/06 18:37:01 [LB] Compatible tag found: function=mab_cost_aware_1783355782 tag=x86-tiny/gpu/nvidia arch=amd64 pattern="" ring_size=1
2026/07/06 18:37:01 [LB] Compatible tag found: function=mab_cost_aware_1783355782 tag=arm-tiny arch=amd64 pattern="" ring_size=1
2026/07/06 18:37:01 [LB] Compatible tag found: function=mab_cost_aware_1783355782 tag=x86-large arch=amd64 pattern="" ring_size=1
2026/07/06 18:37:01 [LB] Compatible tag found: function=mab_cost_aware_1783355782 tag=x86-tiny arch=amd64 pattern="" ring_size=1
2026/07/06 18:37:01 [LB] Compatible tags for function 'mab_cost_aware_1783355782': [x86-tiny/gpu/nvidia arm-tiny x86-large x86-tiny]
2026/07/06 18:37:01 [LB][MAB] event=before_select function=mab_cost_aware_1783355782 compatible_tags=[x86-tiny/gpu/nvidia arm-tiny x86-large x86-tiny] has_context=true
2026/07/06 18:37:01 [MAB] event=arm_score ts=1783355821734 policy=UCB1 function=mab_cost_aware_1783355782 arm=arm-tiny score=-1.263492 count=78 avg_reward=-1.460441 total_counts=113
2026/07/06 18:37:01 [MAB] event=arm_score ts=1783355821734 policy=UCB1 function=mab_cost_aware_1783355782 arm=x86-large score=-1.347608 count=4 avg_reward=-2.217310 total_counts=113
2026/07/06 18:37:01 [MAB] event=arm_score ts=1783355821734 policy=UCB1 function=mab_cost_aware_1783355782 arm=x86-tiny score=-1.263343 count=29 avg_reward=-1.586343 total_counts=113
2026/07/06 18:37:01 [MAB] event=arm_score ts=1783355821734 policy=UCB1 function=mab_cost_aware_1783355782 arm=x86-tiny/gpu/nvidia score=-1.376019 count=2 avg_reward=-2.605964 total_counts=113
2026/07/06 18:37:01 [MAB] event=select_arm ts=1783355821734 policy=UCB1 function=mab_cost_aware_1783355782 selected_arm=x86-tiny reason=ucb_score score=-1.263343 total_counts=113 arms=[arm-tiny,x86-large,x86-tiny,x86-tiny/gpu/nvidia]
2026/07/06 18:37:01 [LB][MAB] event=after_select function=mab_cost_aware_1783355782 selected_tag=x86-tiny compatible_tags=[x86-tiny/gpu/nvidia arm-tiny x86-large x86-tiny]
2026/07/06 18:37:01 Candidate has: 512 MB free memory. Function needs: 128 MB
2026/07/06 18:37:01 [LB] Selected target for function 'mab_cost_aware_1783355782': target_tag=x86-tiny candidate=WjectcSXtXYALypFSHKKHj1783355783475722225 candidate_tag=x86-tiny
2026/07/06 18:37:01 [LB-Update] Node WjectcSXtXYALypFSHKKHj1783355783475722225 reported 512 MB free
2026/07/06 18:37:01 [MAB] event=reward_breakdown ts=1783355821737 policy=UCB1 function=mab_cost_aware_1783355782 arm=x86-tiny base_tag=x86-tiny architecture=x86 specialization=tiny capabilities=[] duration_ms=3.037717 latency_reward=-1.111106 cost_weight=0.600000 cost_factor=0.400000 cost_term=0.240000 energy_weight=0.200000 energy_factor=1.000000 energy_term=0.200000 memory_weight=0.000000 memory_penalty=0.000000 memory_term=0.000000 final_reward=-1.551106
2026/07/06 18:37:01 [MAB] event=update_reward ts=1783355821738 policy=UCB1 function=mab_cost_aware_1783355782 arm=x86-tiny duration_ms=3.037717 warm_start=true reward=-1.551106 count=30 avg_reward=-1.585168 total_counts=114
2026/07/06 18:37:01 [LB] Compatible tag found: function=mab_cost_aware_1783355782 tag=x86-tiny/gpu/nvidia arch=amd64 pattern="" ring_size=1
2026/07/06 18:37:01 [LB] Compatible tag found: function=mab_cost_aware_1783355782 tag=arm-tiny arch=amd64 pattern="" ring_size=1
2026/07/06 18:37:01 [LB] Compatible tag found: function=mab_cost_aware_1783355782 tag=x86-large arch=amd64 pattern="" ring_size=1
2026/07/06 18:37:01 [LB] Compatible tag found: function=mab_cost_aware_1783355782 tag=x86-tiny arch=amd64 pattern="" ring_size=1
2026/07/06 18:37:01 [LB] Compatible tags for function 'mab_cost_aware_1783355782': [x86-tiny/gpu/nvidia arm-tiny x86-large x86-tiny]
2026/07/06 18:37:01 [LB][MAB] event=before_select function=mab_cost_aware_1783355782 compatible_tags=[x86-tiny/gpu/nvidia arm-tiny x86-large x86-tiny] has_context=true
2026/07/06 18:37:01 [MAB] event=arm_score ts=1783355821957 policy=UCB1 function=mab_cost_aware_1783355782 arm=x86-tiny/gpu/nvidia score=-1.374873 count=2 avg_reward=-2.605964 total_counts=114
2026/07/06 18:37:01 [MAB] event=arm_score ts=1783355821957 policy=UCB1 function=mab_cost_aware_1783355782 arm=arm-tiny score=-1.263308 count=78 avg_reward=-1.460441 total_counts=114
2026/07/06 18:37:01 [MAB] event=arm_score ts=1783355821957 policy=UCB1 function=mab_cost_aware_1783355782 arm=x86-large score=-1.346798 count=4 avg_reward=-2.217310 total_counts=114
2026/07/06 18:37:01 [MAB] event=arm_score ts=1783355821957 policy=UCB1 function=mab_cost_aware_1783355782 arm=x86-tiny score=-1.267302 count=30 avg_reward=-1.585168 total_counts=114
2026/07/06 18:37:01 [MAB] event=select_arm ts=1783355821957 policy=UCB1 function=mab_cost_aware_1783355782 selected_arm=arm-tiny reason=ucb_score score=-1.263308 total_counts=114 arms=[arm-tiny,x86-large,x86-tiny,x86-tiny/gpu/nvidia]
2026/07/06 18:37:01 [LB][MAB] event=after_select function=mab_cost_aware_1783355782 selected_tag=arm-tiny compatible_tags=[x86-tiny/gpu/nvidia arm-tiny x86-large x86-tiny]
2026/07/06 18:37:01 Candidate has: 512 MB free memory. Function needs: 128 MB
2026/07/06 18:37:01 [LB] Selected target for function 'mab_cost_aware_1783355782': target_tag=arm-tiny candidate=RC9BoWr7bsn5ThsQeA6m9d1783355783476196901 candidate_tag=arm-tiny
2026/07/06 18:37:01 [LB-Update] Node RC9BoWr7bsn5ThsQeA6m9d1783355783476196901 reported 512 MB free
2026/07/06 18:37:01 [MAB] event=reward_breakdown ts=1783355821960 policy=UCB1 function=mab_cost_aware_1783355782 arm=arm-tiny base_tag=arm-tiny architecture=arm specialization=tiny capabilities=[] duration_ms=2.978192 latency_reward=-1.091316 cost_weight=0.600000 cost_factor=0.400000 cost_term=0.240000 energy_weight=0.200000 energy_factor=0.600000 energy_term=0.120000 memory_weight=0.000000 memory_penalty=0.000000 memory_term=0.000000 final_reward=-1.451316
2026/07/06 18:37:01 [MAB] event=update_reward ts=1783355821960 policy=UCB1 function=mab_cost_aware_1783355782 arm=arm-tiny duration_ms=2.978192 warm_start=true reward=-1.451316 count=79 avg_reward=-1.460325 total_counts=115
2026/07/06 18:37:02 [LB] Compatible tag found: function=mab_cost_aware_1783355782 tag=x86-tiny/gpu/nvidia arch=amd64 pattern="" ring_size=1
2026/07/06 18:37:02 [LB] Compatible tag found: function=mab_cost_aware_1783355782 tag=arm-tiny arch=amd64 pattern="" ring_size=1
2026/07/06 18:37:02 [LB] Compatible tag found: function=mab_cost_aware_1783355782 tag=x86-large arch=amd64 pattern="" ring_size=1
2026/07/06 18:37:02 [LB] Compatible tag found: function=mab_cost_aware_1783355782 tag=x86-tiny arch=amd64 pattern="" ring_size=1
2026/07/06 18:37:02 [LB] Compatible tags for function 'mab_cost_aware_1783355782': [x86-tiny/gpu/nvidia arm-tiny x86-large x86-tiny]
2026/07/06 18:37:02 [LB][MAB] event=before_select function=mab_cost_aware_1783355782 compatible_tags=[x86-tiny/gpu/nvidia arm-tiny x86-large x86-tiny] has_context=true
2026/07/06 18:37:02 [MAB] event=arm_score ts=1783355822181 policy=UCB1 function=mab_cost_aware_1783355782 arm=x86-large score=-1.345995 count=4 avg_reward=-2.217310 total_counts=115
2026/07/06 18:37:02 [MAB] event=arm_score ts=1783355822181 policy=UCB1 function=mab_cost_aware_1783355782 arm=x86-tiny score=-1.267009 count=30 avg_reward=-1.585168 total_counts=115
2026/07/06 18:37:02 [MAB] event=arm_score ts=1783355822181 policy=UCB1 function=mab_cost_aware_1783355782 arm=x86-tiny/gpu/nvidia score=-1.373739 count=2 avg_reward=-2.605964 total_counts=115
2026/07/06 18:37:02 [MAB] event=arm_score ts=1783355822181 policy=UCB1 function=mab_cost_aware_1783355782 arm=arm-tiny score=-1.264264 count=79 avg_reward=-1.460325 total_counts=115
2026/07/06 18:37:02 [MAB] event=select_arm ts=1783355822181 policy=UCB1 function=mab_cost_aware_1783355782 selected_arm=arm-tiny reason=ucb_score score=-1.264264 total_counts=115 arms=[arm-tiny,x86-large,x86-tiny,x86-tiny/gpu/nvidia]
2026/07/06 18:37:02 [LB][MAB] event=after_select function=mab_cost_aware_1783355782 selected_tag=arm-tiny compatible_tags=[x86-tiny/gpu/nvidia arm-tiny x86-large x86-tiny]
2026/07/06 18:37:02 Candidate has: 512 MB free memory. Function needs: 128 MB
2026/07/06 18:37:02 [LB] Selected target for function 'mab_cost_aware_1783355782': target_tag=arm-tiny candidate=RC9BoWr7bsn5ThsQeA6m9d1783355783476196901 candidate_tag=arm-tiny
2026/07/06 18:37:02 [LB-Update] Node RC9BoWr7bsn5ThsQeA6m9d1783355783476196901 reported 512 MB free
2026/07/06 18:37:02 [MAB] event=reward_breakdown ts=1783355822185 policy=UCB1 function=mab_cost_aware_1783355782 arm=arm-tiny base_tag=arm-tiny architecture=arm specialization=tiny capabilities=[] duration_ms=3.120672 latency_reward=-1.138048 cost_weight=0.600000 cost_factor=0.400000 cost_term=0.240000 energy_weight=0.200000 energy_factor=0.600000 energy_term=0.120000 memory_weight=0.000000 memory_penalty=0.000000 memory_term=0.000000 final_reward=-1.498048
2026/07/06 18:37:02 [MAB] event=update_reward ts=1783355822185 policy=UCB1 function=mab_cost_aware_1783355782 arm=arm-tiny duration_ms=3.120672 warm_start=true reward=-1.498048 count=80 avg_reward=-1.460797 total_counts=116
2026/07/06 18:37:02 [LB] Compatible tag found: function=mab_cost_aware_1783355782 tag=x86-tiny/gpu/nvidia arch=amd64 pattern="" ring_size=1
2026/07/06 18:37:02 [LB] Compatible tag found: function=mab_cost_aware_1783355782 tag=arm-tiny arch=amd64 pattern="" ring_size=1
2026/07/06 18:37:02 [LB] Compatible tag found: function=mab_cost_aware_1783355782 tag=x86-large arch=amd64 pattern="" ring_size=1
2026/07/06 18:37:02 [LB] Compatible tag found: function=mab_cost_aware_1783355782 tag=x86-tiny arch=amd64 pattern="" ring_size=1
2026/07/06 18:37:02 [LB] Compatible tags for function 'mab_cost_aware_1783355782': [x86-tiny/gpu/nvidia arm-tiny x86-large x86-tiny]
2026/07/06 18:37:02 [LB][MAB] event=before_select function=mab_cost_aware_1783355782 compatible_tags=[x86-tiny/gpu/nvidia arm-tiny x86-large x86-tiny] has_context=true
2026/07/06 18:37:02 [MAB] event=arm_score ts=1783355822406 policy=UCB1 function=mab_cost_aware_1783355782 arm=x86-tiny/gpu/nvidia score=-1.372615 count=2 avg_reward=-2.605964 total_counts=116
2026/07/06 18:37:02 [MAB] event=arm_score ts=1783355822406 policy=UCB1 function=mab_cost_aware_1783355782 arm=arm-tiny score=-1.265787 count=80 avg_reward=-1.460797 total_counts=116
2026/07/06 18:37:02 [MAB] event=arm_score ts=1783355822406 policy=UCB1 function=mab_cost_aware_1783355782 arm=x86-large score=-1.345201 count=4 avg_reward=-2.217310 total_counts=116
2026/07/06 18:37:02 [MAB] event=arm_score ts=1783355822406 policy=UCB1 function=mab_cost_aware_1783355782 arm=x86-tiny score=-1.266719 count=30 avg_reward=-1.585168 total_counts=116
2026/07/06 18:37:02 [MAB] event=select_arm ts=1783355822406 policy=UCB1 function=mab_cost_aware_1783355782 selected_arm=arm-tiny reason=ucb_score score=-1.265787 total_counts=116 arms=[arm-tiny,x86-large,x86-tiny,x86-tiny/gpu/nvidia]
2026/07/06 18:37:02 [LB][MAB] event=after_select function=mab_cost_aware_1783355782 selected_tag=arm-tiny compatible_tags=[x86-tiny/gpu/nvidia arm-tiny x86-large x86-tiny]
2026/07/06 18:37:02 Candidate has: 512 MB free memory. Function needs: 128 MB
2026/07/06 18:37:02 [LB] Selected target for function 'mab_cost_aware_1783355782': target_tag=arm-tiny candidate=RC9BoWr7bsn5ThsQeA6m9d1783355783476196901 candidate_tag=arm-tiny
2026/07/06 18:37:02 [LB-Update] Node RC9BoWr7bsn5ThsQeA6m9d1783355783476196901 reported 512 MB free
2026/07/06 18:37:02 [MAB] event=reward_breakdown ts=1783355822410 policy=UCB1 function=mab_cost_aware_1783355782 arm=arm-tiny base_tag=arm-tiny architecture=arm specialization=tiny capabilities=[] duration_ms=2.988677 latency_reward=-1.094831 cost_weight=0.600000 cost_factor=0.400000 cost_term=0.240000 energy_weight=0.200000 energy_factor=0.600000 energy_term=0.120000 memory_weight=0.000000 memory_penalty=0.000000 memory_term=0.000000 final_reward=-1.454831
2026/07/06 18:37:02 [MAB] event=update_reward ts=1783355822410 policy=UCB1 function=mab_cost_aware_1783355782 arm=arm-tiny duration_ms=2.988677 warm_start=true reward=-1.454831 count=81 avg_reward=-1.460723 total_counts=117
2026/07/06 18:37:02 [LB] Compatible tag found: function=mab_cost_aware_1783355782 tag=x86-tiny/gpu/nvidia arch=amd64 pattern="" ring_size=1
2026/07/06 18:37:02 [LB] Compatible tag found: function=mab_cost_aware_1783355782 tag=arm-tiny arch=amd64 pattern="" ring_size=1
2026/07/06 18:37:02 [LB] Compatible tag found: function=mab_cost_aware_1783355782 tag=x86-large arch=amd64 pattern="" ring_size=1
2026/07/06 18:37:02 [LB] Compatible tag found: function=mab_cost_aware_1783355782 tag=x86-tiny arch=amd64 pattern="" ring_size=1
2026/07/06 18:37:02 [LB] Compatible tags for function 'mab_cost_aware_1783355782': [x86-tiny/gpu/nvidia arm-tiny x86-large x86-tiny]
2026/07/06 18:37:02 [LB][MAB] event=before_select function=mab_cost_aware_1783355782 compatible_tags=[x86-tiny/gpu/nvidia arm-tiny x86-large x86-tiny] has_context=true
2026/07/06 18:37:02 [MAB] event=arm_score ts=1783355822629 policy=UCB1 function=mab_cost_aware_1783355782 arm=x86-large score=-1.344414 count=4 avg_reward=-2.217310 total_counts=117
2026/07/06 18:37:02 [MAB] event=arm_score ts=1783355822629 policy=UCB1 function=mab_cost_aware_1783355782 arm=x86-tiny score=-1.266432 count=30 avg_reward=-1.585168 total_counts=117
2026/07/06 18:37:02 [MAB] event=arm_score ts=1783355822629 policy=UCB1 function=mab_cost_aware_1783355782 arm=x86-tiny/gpu/nvidia score=-1.371502 count=2 avg_reward=-2.605964 total_counts=117
2026/07/06 18:37:02 [MAB] event=arm_score ts=1783355822629 policy=UCB1 function=mab_cost_aware_1783355782 arm=arm-tiny score=-1.266746 count=81 avg_reward=-1.460723 total_counts=117
2026/07/06 18:37:02 [MAB] event=select_arm ts=1783355822629 policy=UCB1 function=mab_cost_aware_1783355782 selected_arm=x86-tiny reason=ucb_score score=-1.266432 total_counts=117 arms=[arm-tiny,x86-large,x86-tiny,x86-tiny/gpu/nvidia]
2026/07/06 18:37:02 [LB][MAB] event=after_select function=mab_cost_aware_1783355782 selected_tag=x86-tiny compatible_tags=[x86-tiny/gpu/nvidia arm-tiny x86-large x86-tiny]
2026/07/06 18:37:02 Candidate has: 512 MB free memory. Function needs: 128 MB
2026/07/06 18:37:02 [LB] Selected target for function 'mab_cost_aware_1783355782': target_tag=x86-tiny candidate=WjectcSXtXYALypFSHKKHj1783355783475722225 candidate_tag=x86-tiny
2026/07/06 18:37:02 [LB-Update] Node WjectcSXtXYALypFSHKKHj1783355783475722225 reported 512 MB free
2026/07/06 18:37:02 [MAB] event=reward_breakdown ts=1783355822633 policy=UCB1 function=mab_cost_aware_1783355782 arm=x86-tiny base_tag=x86-tiny architecture=x86 specialization=tiny capabilities=[] duration_ms=3.492249 latency_reward=-1.250546 cost_weight=0.600000 cost_factor=0.400000 cost_term=0.240000 energy_weight=0.200000 energy_factor=1.000000 energy_term=0.200000 memory_weight=0.000000 memory_penalty=0.000000 memory_term=0.000000 final_reward=-1.690546
2026/07/06 18:37:02 [MAB] event=update_reward ts=1783355822633 policy=UCB1 function=mab_cost_aware_1783355782 arm=x86-tiny duration_ms=3.492249 warm_start=true reward=-1.690546 count=31 avg_reward=-1.588568 total_counts=118
2026/07/06 18:37:02 [LB] Compatible tag found: function=mab_cost_aware_1783355782 tag=x86-tiny/gpu/nvidia arch=amd64 pattern="" ring_size=1
2026/07/06 18:37:02 [LB] Compatible tag found: function=mab_cost_aware_1783355782 tag=arm-tiny arch=amd64 pattern="" ring_size=1
2026/07/06 18:37:02 [LB] Compatible tag found: function=mab_cost_aware_1783355782 tag=x86-large arch=amd64 pattern="" ring_size=1
2026/07/06 18:37:02 [LB] Compatible tag found: function=mab_cost_aware_1783355782 tag=x86-tiny arch=amd64 pattern="" ring_size=1
2026/07/06 18:37:02 [LB] Compatible tags for function 'mab_cost_aware_1783355782': [x86-tiny/gpu/nvidia arm-tiny x86-large x86-tiny]
2026/07/06 18:37:02 [LB][MAB] event=before_select function=mab_cost_aware_1783355782 compatible_tags=[x86-tiny/gpu/nvidia arm-tiny x86-large x86-tiny] has_context=true
2026/07/06 18:37:02 [MAB] event=arm_score ts=1783355822852 policy=UCB1 function=mab_cost_aware_1783355782 arm=arm-tiny score=-1.266573 count=81 avg_reward=-1.460723 total_counts=118
2026/07/06 18:37:02 [MAB] event=arm_score ts=1783355822852 policy=UCB1 function=mab_cost_aware_1783355782 arm=x86-large score=-1.343634 count=4 avg_reward=-2.217310 total_counts=118
2026/07/06 18:37:02 [MAB] event=arm_score ts=1783355822852 policy=UCB1 function=mab_cost_aware_1783355782 arm=x86-tiny score=-1.274734 count=31 avg_reward=-1.588568 total_counts=118
2026/07/06 18:37:02 [MAB] event=arm_score ts=1783355822852 policy=UCB1 function=mab_cost_aware_1783355782 arm=x86-tiny/gpu/nvidia score=-1.370399 count=2 avg_reward=-2.605964 total_counts=118
2026/07/06 18:37:02 [MAB] event=select_arm ts=1783355822852 policy=UCB1 function=mab_cost_aware_1783355782 selected_arm=arm-tiny reason=ucb_score score=-1.266573 total_counts=118 arms=[arm-tiny,x86-large,x86-tiny,x86-tiny/gpu/nvidia]
2026/07/06 18:37:02 [LB][MAB] event=after_select function=mab_cost_aware_1783355782 selected_tag=arm-tiny compatible_tags=[x86-tiny/gpu/nvidia arm-tiny x86-large x86-tiny]
2026/07/06 18:37:02 Candidate has: 512 MB free memory. Function needs: 128 MB
2026/07/06 18:37:02 [LB] Selected target for function 'mab_cost_aware_1783355782': target_tag=arm-tiny candidate=RC9BoWr7bsn5ThsQeA6m9d1783355783476196901 candidate_tag=arm-tiny
2026/07/06 18:37:02 [LB-Update] Node RC9BoWr7bsn5ThsQeA6m9d1783355783476196901 reported 512 MB free
2026/07/06 18:37:02 [MAB] event=reward_breakdown ts=1783355822855 policy=UCB1 function=mab_cost_aware_1783355782 arm=arm-tiny base_tag=arm-tiny architecture=arm specialization=tiny capabilities=[] duration_ms=2.937036 latency_reward=-1.077401 cost_weight=0.600000 cost_factor=0.400000 cost_term=0.240000 energy_weight=0.200000 energy_factor=0.600000 energy_term=0.120000 memory_weight=0.000000 memory_penalty=0.000000 memory_term=0.000000 final_reward=-1.437401
2026/07/06 18:37:02 [MAB] event=update_reward ts=1783355822856 policy=UCB1 function=mab_cost_aware_1783355782 arm=arm-tiny duration_ms=2.937036 warm_start=true reward=-1.437401 count=82 avg_reward=-1.460439 total_counts=119
2026/07/06 18:37:03 [LB] Compatible tag found: function=mab_cost_aware_1783355782 tag=x86-tiny/gpu/nvidia arch=amd64 pattern="" ring_size=1
2026/07/06 18:37:03 [LB] Compatible tag found: function=mab_cost_aware_1783355782 tag=arm-tiny arch=amd64 pattern="" ring_size=1
2026/07/06 18:37:03 [LB] Compatible tag found: function=mab_cost_aware_1783355782 tag=x86-large arch=amd64 pattern="" ring_size=1
2026/07/06 18:37:03 [LB] Compatible tag found: function=mab_cost_aware_1783355782 tag=x86-tiny arch=amd64 pattern="" ring_size=1
2026/07/06 18:37:03 [LB] Compatible tags for function 'mab_cost_aware_1783355782': [x86-tiny/gpu/nvidia arm-tiny x86-large x86-tiny]
2026/07/06 18:37:03 [LB][MAB] event=before_select function=mab_cost_aware_1783355782 compatible_tags=[x86-tiny/gpu/nvidia arm-tiny x86-large x86-tiny] has_context=true
2026/07/06 18:37:03 [MAB] event=arm_score ts=1783355823076 policy=UCB1 function=mab_cost_aware_1783355782 arm=x86-tiny/gpu/nvidia score=-1.369307 count=2 avg_reward=-2.605964 total_counts=119
2026/07/06 18:37:03 [MAB] event=arm_score ts=1783355823076 policy=UCB1 function=mab_cost_aware_1783355782 arm=arm-tiny score=-1.267305 count=82 avg_reward=-1.460439 total_counts=119
2026/07/06 18:37:03 [MAB] event=arm_score ts=1783355823076 policy=UCB1 function=mab_cost_aware_1783355782 arm=x86-large score=-1.342862 count=4 avg_reward=-2.217310 total_counts=119
2026/07/06 18:37:03 [MAB] event=arm_score ts=1783355823076 policy=UCB1 function=mab_cost_aware_1783355782 arm=x86-tiny score=-1.274456 count=31 avg_reward=-1.588568 total_counts=119
2026/07/06 18:37:03 [MAB] event=select_arm ts=1783355823076 policy=UCB1 function=mab_cost_aware_1783355782 selected_arm=arm-tiny reason=ucb_score score=-1.267305 total_counts=119 arms=[arm-tiny,x86-large,x86-tiny,x86-tiny/gpu/nvidia]
2026/07/06 18:37:03 [LB][MAB] event=after_select function=mab_cost_aware_1783355782 selected_tag=arm-tiny compatible_tags=[x86-tiny/gpu/nvidia arm-tiny x86-large x86-tiny]
2026/07/06 18:37:03 Candidate has: 512 MB free memory. Function needs: 128 MB
2026/07/06 18:37:03 [LB] Selected target for function 'mab_cost_aware_1783355782': target_tag=arm-tiny candidate=RC9BoWr7bsn5ThsQeA6m9d1783355783476196901 candidate_tag=arm-tiny
2026/07/06 18:37:03 [LB-Update] Node RC9BoWr7bsn5ThsQeA6m9d1783355783476196901 reported 512 MB free
2026/07/06 18:37:03 [MAB] event=reward_breakdown ts=1783355823080 policy=UCB1 function=mab_cost_aware_1783355782 arm=arm-tiny base_tag=arm-tiny architecture=arm specialization=tiny capabilities=[] duration_ms=3.215063 latency_reward=-1.167847 cost_weight=0.600000 cost_factor=0.400000 cost_term=0.240000 energy_weight=0.200000 energy_factor=0.600000 energy_term=0.120000 memory_weight=0.000000 memory_penalty=0.000000 memory_term=0.000000 final_reward=-1.527847
2026/07/06 18:37:03 [MAB] event=update_reward ts=1783355823080 policy=UCB1 function=mab_cost_aware_1783355782 arm=arm-tiny duration_ms=3.215063 warm_start=true reward=-1.527847 count=83 avg_reward=-1.461251 total_counts=120
2026/07/06 18:37:03 [LB] Compatible tag found: function=mab_cost_aware_1783355782 tag=x86-tiny/gpu/nvidia arch=amd64 pattern="" ring_size=1
2026/07/06 18:37:03 [LB] Compatible tag found: function=mab_cost_aware_1783355782 tag=arm-tiny arch=amd64 pattern="" ring_size=1
2026/07/06 18:37:03 [LB] Compatible tag found: function=mab_cost_aware_1783355782 tag=x86-large arch=amd64 pattern="" ring_size=1
2026/07/06 18:37:03 [LB] Compatible tag found: function=mab_cost_aware_1783355782 tag=x86-tiny arch=amd64 pattern="" ring_size=1
2026/07/06 18:37:03 [LB] Compatible tags for function 'mab_cost_aware_1783355782': [x86-tiny/gpu/nvidia arm-tiny x86-large x86-tiny]
2026/07/06 18:37:03 [LB][MAB] event=before_select function=mab_cost_aware_1783355782 compatible_tags=[x86-tiny/gpu/nvidia arm-tiny x86-large x86-tiny] has_context=true
2026/07/06 18:37:03 [MAB] event=arm_score ts=1783355823300 policy=UCB1 function=mab_cost_aware_1783355782 arm=arm-tiny score=-1.269116 count=83 avg_reward=-1.461251 total_counts=120
2026/07/06 18:37:03 [MAB] event=arm_score ts=1783355823300 policy=UCB1 function=mab_cost_aware_1783355782 arm=x86-large score=-1.342096 count=4 avg_reward=-2.217310 total_counts=120
2026/07/06 18:37:03 [MAB] event=arm_score ts=1783355823300 policy=UCB1 function=mab_cost_aware_1783355782 arm=x86-tiny score=-1.274182 count=31 avg_reward=-1.588568 total_counts=120
2026/07/06 18:37:03 [MAB] event=arm_score ts=1783355823300 policy=UCB1 function=mab_cost_aware_1783355782 arm=x86-tiny/gpu/nvidia score=-1.368225 count=2 avg_reward=-2.605964 total_counts=120
2026/07/06 18:37:03 [MAB] event=select_arm ts=1783355823300 policy=UCB1 function=mab_cost_aware_1783355782 selected_arm=arm-tiny reason=ucb_score score=-1.269116 total_counts=120 arms=[arm-tiny,x86-large,x86-tiny,x86-tiny/gpu/nvidia]
2026/07/06 18:37:03 [LB][MAB] event=after_select function=mab_cost_aware_1783355782 selected_tag=arm-tiny compatible_tags=[x86-tiny/gpu/nvidia arm-tiny x86-large x86-tiny]
2026/07/06 18:37:03 Candidate has: 512 MB free memory. Function needs: 128 MB
2026/07/06 18:37:03 [LB] Selected target for function 'mab_cost_aware_1783355782': target_tag=arm-tiny candidate=RC9BoWr7bsn5ThsQeA6m9d1783355783476196901 candidate_tag=arm-tiny
2026/07/06 18:37:03 [LB-Update] Node RC9BoWr7bsn5ThsQeA6m9d1783355783476196901 reported 512 MB free
2026/07/06 18:37:03 [MAB] event=reward_breakdown ts=1783355823305 policy=UCB1 function=mab_cost_aware_1783355782 arm=arm-tiny base_tag=arm-tiny architecture=arm specialization=tiny capabilities=[] duration_ms=3.261146 latency_reward=-1.182079 cost_weight=0.600000 cost_factor=0.400000 cost_term=0.240000 energy_weight=0.200000 energy_factor=0.600000 energy_term=0.120000 memory_weight=0.000000 memory_penalty=0.000000 memory_term=0.000000 final_reward=-1.542079
2026/07/06 18:37:03 [MAB] event=update_reward ts=1783355823305 policy=UCB1 function=mab_cost_aware_1783355782 arm=arm-tiny duration_ms=3.261146 warm_start=true reward=-1.542079 count=84 avg_reward=-1.462213 total_counts=121
2026/07/06 18:37:03 [LB] Compatible tag found: function=mab_cost_aware_1783355782 tag=x86-tiny/gpu/nvidia arch=amd64 pattern="" ring_size=1
2026/07/06 18:37:03 [LB] Compatible tag found: function=mab_cost_aware_1783355782 tag=arm-tiny arch=amd64 pattern="" ring_size=1
2026/07/06 18:37:03 [LB] Compatible tag found: function=mab_cost_aware_1783355782 tag=x86-large arch=amd64 pattern="" ring_size=1
2026/07/06 18:37:03 [LB] Compatible tag found: function=mab_cost_aware_1783355782 tag=x86-tiny arch=amd64 pattern="" ring_size=1
2026/07/06 18:37:03 [LB] Compatible tags for function 'mab_cost_aware_1783355782': [x86-tiny/gpu/nvidia arm-tiny x86-large x86-tiny]
2026/07/06 18:37:03 [LB][MAB] event=before_select function=mab_cost_aware_1783355782 compatible_tags=[x86-tiny/gpu/nvidia arm-tiny x86-large x86-tiny] has_context=true
2026/07/06 18:37:03 [MAB] event=arm_score ts=1783355823525 policy=UCB1 function=mab_cost_aware_1783355782 arm=x86-tiny/gpu/nvidia score=-1.367153 count=2 avg_reward=-2.605964 total_counts=121
2026/07/06 18:37:03 [MAB] event=arm_score ts=1783355823525 policy=UCB1 function=mab_cost_aware_1783355782 arm=arm-tiny score=-1.271060 count=84 avg_reward=-1.462213 total_counts=121
2026/07/06 18:37:03 [MAB] event=arm_score ts=1783355823525 policy=UCB1 function=mab_cost_aware_1783355782 arm=x86-large score=-1.341338 count=4 avg_reward=-2.217310 total_counts=121
2026/07/06 18:37:03 [MAB] event=arm_score ts=1783355823525 policy=UCB1 function=mab_cost_aware_1783355782 arm=x86-tiny score=-1.273909 count=31 avg_reward=-1.588568 total_counts=121
2026/07/06 18:37:03 [MAB] event=select_arm ts=1783355823525 policy=UCB1 function=mab_cost_aware_1783355782 selected_arm=arm-tiny reason=ucb_score score=-1.271060 total_counts=121 arms=[arm-tiny,x86-large,x86-tiny,x86-tiny/gpu/nvidia]
2026/07/06 18:37:03 [LB][MAB] event=after_select function=mab_cost_aware_1783355782 selected_tag=arm-tiny compatible_tags=[x86-tiny/gpu/nvidia arm-tiny x86-large x86-tiny]
2026/07/06 18:37:03 Candidate has: 512 MB free memory. Function needs: 128 MB
2026/07/06 18:37:03 [LB] Selected target for function 'mab_cost_aware_1783355782': target_tag=arm-tiny candidate=RC9BoWr7bsn5ThsQeA6m9d1783355783476196901 candidate_tag=arm-tiny
2026/07/06 18:37:03 [LB-Update] Node RC9BoWr7bsn5ThsQeA6m9d1783355783476196901 reported 512 MB free
2026/07/06 18:37:03 [MAB] event=reward_breakdown ts=1783355823530 policy=UCB1 function=mab_cost_aware_1783355782 arm=arm-tiny base_tag=arm-tiny architecture=arm specialization=tiny capabilities=[] duration_ms=3.228174 latency_reward=-1.171917 cost_weight=0.600000 cost_factor=0.400000 cost_term=0.240000 energy_weight=0.200000 energy_factor=0.600000 energy_term=0.120000 memory_weight=0.000000 memory_penalty=0.000000 memory_term=0.000000 final_reward=-1.531917
2026/07/06 18:37:03 [MAB] event=update_reward ts=1783355823530 policy=UCB1 function=mab_cost_aware_1783355782 arm=arm-tiny duration_ms=3.228174 warm_start=true reward=-1.531917 count=85 avg_reward=-1.463033 total_counts=122
2026/07/06 18:37:03 [LB] Compatible tag found: function=mab_cost_aware_1783355782 tag=x86-tiny/gpu/nvidia arch=amd64 pattern="" ring_size=1
2026/07/06 18:37:03 [LB] Compatible tag found: function=mab_cost_aware_1783355782 tag=arm-tiny arch=amd64 pattern="" ring_size=1
2026/07/06 18:37:03 [LB] Compatible tag found: function=mab_cost_aware_1783355782 tag=x86-large arch=amd64 pattern="" ring_size=1
2026/07/06 18:37:03 [LB] Compatible tag found: function=mab_cost_aware_1783355782 tag=x86-tiny arch=amd64 pattern="" ring_size=1
2026/07/06 18:37:03 [LB] Compatible tags for function 'mab_cost_aware_1783355782': [x86-tiny/gpu/nvidia arm-tiny x86-large x86-tiny]
2026/07/06 18:37:03 [LB][MAB] event=before_select function=mab_cost_aware_1783355782 compatible_tags=[x86-tiny/gpu/nvidia arm-tiny x86-large x86-tiny] has_context=true
2026/07/06 18:37:03 [MAB] event=arm_score ts=1783355823751 policy=UCB1 function=mab_cost_aware_1783355782 arm=x86-tiny/gpu/nvidia score=-1.366090 count=2 avg_reward=-2.605964 total_counts=122
2026/07/06 18:37:03 [MAB] event=arm_score ts=1783355823751 policy=UCB1 function=mab_cost_aware_1783355782 arm=arm-tiny score=-1.272845 count=85 avg_reward=-1.463033 total_counts=122
2026/07/06 18:37:03 [MAB] event=arm_score ts=1783355823751 policy=UCB1 function=mab_cost_aware_1783355782 arm=x86-large score=-1.340587 count=4 avg_reward=-2.217310 total_counts=122
2026/07/06 18:37:03 [MAB] event=arm_score ts=1783355823751 policy=UCB1 function=mab_cost_aware_1783355782 arm=x86-tiny score=-1.273639 count=31 avg_reward=-1.588568 total_counts=122
2026/07/06 18:37:03 [MAB] event=select_arm ts=1783355823751 policy=UCB1 function=mab_cost_aware_1783355782 selected_arm=arm-tiny reason=ucb_score score=-1.272845 total_counts=122 arms=[arm-tiny,x86-large,x86-tiny,x86-tiny/gpu/nvidia]
2026/07/06 18:37:03 [LB][MAB] event=after_select function=mab_cost_aware_1783355782 selected_tag=arm-tiny compatible_tags=[x86-tiny/gpu/nvidia arm-tiny x86-large x86-tiny]
2026/07/06 18:37:03 Candidate has: 512 MB free memory. Function needs: 128 MB
2026/07/06 18:37:03 [LB] Selected target for function 'mab_cost_aware_1783355782': target_tag=arm-tiny candidate=RC9BoWr7bsn5ThsQeA6m9d1783355783476196901 candidate_tag=arm-tiny
2026/07/06 18:37:03 [LB-Update] Node RC9BoWr7bsn5ThsQeA6m9d1783355783476196901 reported 512 MB free
2026/07/06 18:37:03 [MAB] event=reward_breakdown ts=1783355823755 policy=UCB1 function=mab_cost_aware_1783355782 arm=arm-tiny base_tag=arm-tiny architecture=arm specialization=tiny capabilities=[] duration_ms=3.531556 latency_reward=-1.261739 cost_weight=0.600000 cost_factor=0.400000 cost_term=0.240000 energy_weight=0.200000 energy_factor=0.600000 energy_term=0.120000 memory_weight=0.000000 memory_penalty=0.000000 memory_term=0.000000 final_reward=-1.621739
2026/07/06 18:37:03 [MAB] event=update_reward ts=1783355823755 policy=UCB1 function=mab_cost_aware_1783355782 arm=arm-tiny duration_ms=3.531556 warm_start=true reward=-1.621739 count=86 avg_reward=-1.464878 total_counts=123
2026/07/06 18:37:03 [LB] Compatible tag found: function=mab_cost_aware_1783355782 tag=x86-tiny/gpu/nvidia arch=amd64 pattern="" ring_size=1
2026/07/06 18:37:03 [LB] Compatible tag found: function=mab_cost_aware_1783355782 tag=arm-tiny arch=amd64 pattern="" ring_size=1
2026/07/06 18:37:03 [LB] Compatible tag found: function=mab_cost_aware_1783355782 tag=x86-large arch=amd64 pattern="" ring_size=1
2026/07/06 18:37:03 [LB] Compatible tag found: function=mab_cost_aware_1783355782 tag=x86-tiny arch=amd64 pattern="" ring_size=1
2026/07/06 18:37:03 [LB] Compatible tags for function 'mab_cost_aware_1783355782': [x86-tiny/gpu/nvidia arm-tiny x86-large x86-tiny]
2026/07/06 18:37:03 [LB][MAB] event=before_select function=mab_cost_aware_1783355782 compatible_tags=[x86-tiny/gpu/nvidia arm-tiny x86-large x86-tiny] has_context=true
2026/07/06 18:37:03 [MAB] event=arm_score ts=1783355823975 policy=UCB1 function=mab_cost_aware_1783355782 arm=x86-tiny/gpu/nvidia score=-1.365037 count=2 avg_reward=-2.605964 total_counts=123
2026/07/06 18:37:03 [MAB] event=arm_score ts=1783355823976 policy=UCB1 function=mab_cost_aware_1783355782 arm=arm-tiny score=-1.275639 count=86 avg_reward=-1.464878 total_counts=123
2026/07/06 18:37:03 [MAB] event=arm_score ts=1783355823976 policy=UCB1 function=mab_cost_aware_1783355782 arm=x86-large score=-1.339842 count=4 avg_reward=-2.217310 total_counts=123
2026/07/06 18:37:03 [MAB] event=arm_score ts=1783355823976 policy=UCB1 function=mab_cost_aware_1783355782 arm=x86-tiny score=-1.273372 count=31 avg_reward=-1.588568 total_counts=123
2026/07/06 18:37:03 [MAB] event=select_arm ts=1783355823976 policy=UCB1 function=mab_cost_aware_1783355782 selected_arm=x86-tiny reason=ucb_score score=-1.273372 total_counts=123 arms=[arm-tiny,x86-large,x86-tiny,x86-tiny/gpu/nvidia]
2026/07/06 18:37:03 [LB][MAB] event=after_select function=mab_cost_aware_1783355782 selected_tag=x86-tiny compatible_tags=[x86-tiny/gpu/nvidia arm-tiny x86-large x86-tiny]
2026/07/06 18:37:03 Candidate has: 512 MB free memory. Function needs: 128 MB
2026/07/06 18:37:03 [LB] Selected target for function 'mab_cost_aware_1783355782': target_tag=x86-tiny candidate=WjectcSXtXYALypFSHKKHj1783355783475722225 candidate_tag=x86-tiny
2026/07/06 18:37:03 [LB-Update] Node WjectcSXtXYALypFSHKKHj1783355783475722225 reported 512 MB free
2026/07/06 18:37:03 [MAB] event=reward_breakdown ts=1783355823979 policy=UCB1 function=mab_cost_aware_1783355782 arm=x86-tiny base_tag=x86-tiny architecture=x86 specialization=tiny capabilities=[] duration_ms=2.970403 latency_reward=-1.088698 cost_weight=0.600000 cost_factor=0.400000 cost_term=0.240000 energy_weight=0.200000 energy_factor=1.000000 energy_term=0.200000 memory_weight=0.000000 memory_penalty=0.000000 memory_term=0.000000 final_reward=-1.528698
2026/07/06 18:37:03 [MAB] event=update_reward ts=1783355823979 policy=UCB1 function=mab_cost_aware_1783355782 arm=x86-tiny duration_ms=2.970403 warm_start=true reward=-1.528698 count=32 avg_reward=-1.586697 total_counts=124
2026/07/06 18:37:04 [LB] Compatible tag found: function=mab_cost_aware_1783355782 tag=x86-tiny/gpu/nvidia arch=amd64 pattern="" ring_size=1
2026/07/06 18:37:04 [LB] Compatible tag found: function=mab_cost_aware_1783355782 tag=arm-tiny arch=amd64 pattern="" ring_size=1
2026/07/06 18:37:04 [LB] Compatible tag found: function=mab_cost_aware_1783355782 tag=x86-large arch=amd64 pattern="" ring_size=1
2026/07/06 18:37:04 [LB] Compatible tag found: function=mab_cost_aware_1783355782 tag=x86-tiny arch=amd64 pattern="" ring_size=1
2026/07/06 18:37:04 [LB] Compatible tags for function 'mab_cost_aware_1783355782': [x86-tiny/gpu/nvidia arm-tiny x86-large x86-tiny]
2026/07/06 18:37:04 [LB][MAB] event=before_select function=mab_cost_aware_1783355782 compatible_tags=[x86-tiny/gpu/nvidia arm-tiny x86-large x86-tiny] has_context=true
2026/07/06 18:37:04 [MAB] event=arm_score ts=1783355824200 policy=UCB1 function=mab_cost_aware_1783355782 arm=x86-tiny/gpu/nvidia score=-1.363994 count=2 avg_reward=-2.605964 total_counts=124
2026/07/06 18:37:04 [MAB] event=arm_score ts=1783355824200 policy=UCB1 function=mab_cost_aware_1783355782 arm=arm-tiny score=-1.275480 count=86 avg_reward=-1.464878 total_counts=124
2026/07/06 18:37:04 [MAB] event=arm_score ts=1783355824200 policy=UCB1 function=mab_cost_aware_1783355782 arm=x86-large score=-1.339104 count=4 avg_reward=-2.217310 total_counts=124
2026/07/06 18:37:04 [MAB] event=arm_score ts=1783355824200 policy=UCB1 function=mab_cost_aware_1783355782 arm=x86-tiny score=-1.276204 count=32 avg_reward=-1.586697 total_counts=124
2026/07/06 18:37:04 [MAB] event=select_arm ts=1783355824200 policy=UCB1 function=mab_cost_aware_1783355782 selected_arm=arm-tiny reason=ucb_score score=-1.275480 total_counts=124 arms=[arm-tiny,x86-large,x86-tiny,x86-tiny/gpu/nvidia]
2026/07/06 18:37:04 [LB][MAB] event=after_select function=mab_cost_aware_1783355782 selected_tag=arm-tiny compatible_tags=[x86-tiny/gpu/nvidia arm-tiny x86-large x86-tiny]
2026/07/06 18:37:04 Candidate has: 512 MB free memory. Function needs: 128 MB
2026/07/06 18:37:04 [LB] Selected target for function 'mab_cost_aware_1783355782': target_tag=arm-tiny candidate=RC9BoWr7bsn5ThsQeA6m9d1783355783476196901 candidate_tag=arm-tiny
2026/07/06 18:37:04 [LB-Update] Node RC9BoWr7bsn5ThsQeA6m9d1783355783476196901 reported 512 MB free
2026/07/06 18:37:04 [MAB] event=reward_breakdown ts=1783355824204 policy=UCB1 function=mab_cost_aware_1783355782 arm=arm-tiny base_tag=arm-tiny architecture=arm specialization=tiny capabilities=[] duration_ms=2.651596 latency_reward=-0.975162 cost_weight=0.600000 cost_factor=0.400000 cost_term=0.240000 energy_weight=0.200000 energy_factor=0.600000 energy_term=0.120000 memory_weight=0.000000 memory_penalty=0.000000 memory_term=0.000000 final_reward=-1.335162
2026/07/06 18:37:04 [MAB] event=update_reward ts=1783355824204 policy=UCB1 function=mab_cost_aware_1783355782 arm=arm-tiny duration_ms=2.651596 warm_start=true reward=-1.335162 count=87 avg_reward=-1.463387 total_counts=125
2026/07/06 18:37:04 [LB] Compatible tag found: function=mab_cost_aware_1783355782 tag=x86-tiny/gpu/nvidia arch=amd64 pattern="" ring_size=1
2026/07/06 18:37:04 [LB] Compatible tag found: function=mab_cost_aware_1783355782 tag=arm-tiny arch=amd64 pattern="" ring_size=1
2026/07/06 18:37:04 [LB] Compatible tag found: function=mab_cost_aware_1783355782 tag=x86-large arch=amd64 pattern="" ring_size=1
2026/07/06 18:37:04 [LB] Compatible tag found: function=mab_cost_aware_1783355782 tag=x86-tiny arch=amd64 pattern="" ring_size=1
2026/07/06 18:37:04 [LB] Compatible tags for function 'mab_cost_aware_1783355782': [x86-tiny/gpu/nvidia arm-tiny x86-large x86-tiny]
2026/07/06 18:37:04 [LB][MAB] event=before_select function=mab_cost_aware_1783355782 compatible_tags=[x86-tiny/gpu/nvidia arm-tiny x86-large x86-tiny] has_context=true
2026/07/06 18:37:04 [MAB] event=arm_score ts=1783355824422 policy=UCB1 function=mab_cost_aware_1783355782 arm=x86-tiny score=-1.275945 count=32 avg_reward=-1.586697 total_counts=125
2026/07/06 18:37:04 [MAB] event=arm_score ts=1783355824422 policy=UCB1 function=mab_cost_aware_1783355782 arm=x86-tiny/gpu/nvidia score=-1.362959 count=2 avg_reward=-2.605964 total_counts=125
2026/07/06 18:37:04 [MAB] event=arm_score ts=1783355824422 policy=UCB1 function=mab_cost_aware_1783355782 arm=arm-tiny score=-1.274924 count=87 avg_reward=-1.463387 total_counts=125
2026/07/06 18:37:04 [MAB] event=arm_score ts=1783355824422 policy=UCB1 function=mab_cost_aware_1783355782 arm=x86-large score=-1.338373 count=4 avg_reward=-2.217310 total_counts=125
2026/07/06 18:37:04 [MAB] event=select_arm ts=1783355824422 policy=UCB1 function=mab_cost_aware_1783355782 selected_arm=arm-tiny reason=ucb_score score=-1.274924 total_counts=125 arms=[arm-tiny,x86-large,x86-tiny,x86-tiny/gpu/nvidia]
2026/07/06 18:37:04 [LB][MAB] event=after_select function=mab_cost_aware_1783355782 selected_tag=arm-tiny compatible_tags=[x86-tiny/gpu/nvidia arm-tiny x86-large x86-tiny]
2026/07/06 18:37:04 Candidate has: 512 MB free memory. Function needs: 128 MB
2026/07/06 18:37:04 [LB] Selected target for function 'mab_cost_aware_1783355782': target_tag=arm-tiny candidate=RC9BoWr7bsn5ThsQeA6m9d1783355783476196901 candidate_tag=arm-tiny
2026/07/06 18:37:04 [LB-Update] Node RC9BoWr7bsn5ThsQeA6m9d1783355783476196901 reported 512 MB free
2026/07/06 18:37:04 [MAB] event=reward_breakdown ts=1783355824425 policy=UCB1 function=mab_cost_aware_1783355782 arm=arm-tiny base_tag=arm-tiny architecture=arm specialization=tiny capabilities=[] duration_ms=2.777084 latency_reward=-1.021401 cost_weight=0.600000 cost_factor=0.400000 cost_term=0.240000 energy_weight=0.200000 energy_factor=0.600000 energy_term=0.120000 memory_weight=0.000000 memory_penalty=0.000000 memory_term=0.000000 final_reward=-1.381401
2026/07/06 18:37:04 [MAB] event=update_reward ts=1783355824425 policy=UCB1 function=mab_cost_aware_1783355782 arm=arm-tiny duration_ms=2.777084 warm_start=true reward=-1.381401 count=88 avg_reward=-1.462456 total_counts=126
2026/07/06 18:37:04 [LB]: Periodic targets update
2026/07/06 18:37:04 Found target: vpsc5EyUeu2bgV5e5BQz2f1783355783477036272
2026/07/06 18:37:04 Found target: RC9BoWr7bsn5ThsQeA6m9d1783355783476196901
2026/07/06 18:37:04 Found target: Yfj9dc9aZ5sc6MzJoZmaP61783355783474809800
2026/07/06 18:37:04 Found target: WjectcSXtXYALypFSHKKHj1783355783475722225
2026/07/06 18:37:04 Found 4 targets
2026/07/06 18:37:04 [LB] Compatible tag found: function=mab_cost_aware_1783355782 tag=x86-tiny/gpu/nvidia arch=amd64 pattern="" ring_size=1
2026/07/06 18:37:04 [LB] Compatible tag found: function=mab_cost_aware_1783355782 tag=arm-tiny arch=amd64 pattern="" ring_size=1
2026/07/06 18:37:04 [LB] Compatible tag found: function=mab_cost_aware_1783355782 tag=x86-large arch=amd64 pattern="" ring_size=1
2026/07/06 18:37:04 [LB] Compatible tag found: function=mab_cost_aware_1783355782 tag=x86-tiny arch=amd64 pattern="" ring_size=1
2026/07/06 18:37:04 [LB] Compatible tags for function 'mab_cost_aware_1783355782': [x86-tiny/gpu/nvidia arm-tiny x86-large x86-tiny]
2026/07/06 18:37:04 [LB][MAB] event=before_select function=mab_cost_aware_1783355782 compatible_tags=[x86-tiny/gpu/nvidia arm-tiny x86-large x86-tiny] has_context=true
2026/07/06 18:37:04 [MAB] event=arm_score ts=1783355824646 policy=UCB1 function=mab_cost_aware_1783355782 arm=arm-tiny score=-1.274911 count=88 avg_reward=-1.462456 total_counts=126
2026/07/06 18:37:04 [MAB] event=arm_score ts=1783355824646 policy=UCB1 function=mab_cost_aware_1783355782 arm=x86-large score=-1.337648 count=4 avg_reward=-2.217310 total_counts=126
2026/07/06 18:37:04 [MAB] event=arm_score ts=1783355824646 policy=UCB1 function=mab_cost_aware_1783355782 arm=x86-tiny score=-1.275689 count=32 avg_reward=-1.586697 total_counts=126
2026/07/06 18:37:04 [MAB] event=arm_score ts=1783355824646 policy=UCB1 function=mab_cost_aware_1783355782 arm=x86-tiny/gpu/nvidia score=-1.361934 count=2 avg_reward=-2.605964 total_counts=126
2026/07/06 18:37:04 [MAB] event=select_arm ts=1783355824646 policy=UCB1 function=mab_cost_aware_1783355782 selected_arm=arm-tiny reason=ucb_score score=-1.274911 total_counts=126 arms=[arm-tiny,x86-large,x86-tiny,x86-tiny/gpu/nvidia]
2026/07/06 18:37:04 [LB][MAB] event=after_select function=mab_cost_aware_1783355782 selected_tag=arm-tiny compatible_tags=[x86-tiny/gpu/nvidia arm-tiny x86-large x86-tiny]
2026/07/06 18:37:04 Candidate has: 512 MB free memory. Function needs: 128 MB
2026/07/06 18:37:04 [LB] Selected target for function 'mab_cost_aware_1783355782': target_tag=arm-tiny candidate=RC9BoWr7bsn5ThsQeA6m9d1783355783476196901 candidate_tag=arm-tiny
2026/07/06 18:37:04 [LB-Update] Node RC9BoWr7bsn5ThsQeA6m9d1783355783476196901 reported 512 MB free
2026/07/06 18:37:04 [MAB] event=reward_breakdown ts=1783355824650 policy=UCB1 function=mab_cost_aware_1783355782 arm=arm-tiny base_tag=arm-tiny architecture=arm specialization=tiny capabilities=[] duration_ms=3.020992 latency_reward=-1.105585 cost_weight=0.600000 cost_factor=0.400000 cost_term=0.240000 energy_weight=0.200000 energy_factor=0.600000 energy_term=0.120000 memory_weight=0.000000 memory_penalty=0.000000 memory_term=0.000000 final_reward=-1.465585
2026/07/06 18:37:04 [MAB] event=update_reward ts=1783355824650 policy=UCB1 function=mab_cost_aware_1783355782 arm=arm-tiny duration_ms=3.020992 warm_start=true reward=-1.465585 count=89 avg_reward=-1.462491 total_counts=127
2026/07/06 18:37:04 [LB] Compatible tag found: function=mab_cost_aware_1783355782 tag=x86-tiny/gpu/nvidia arch=amd64 pattern="" ring_size=1
2026/07/06 18:37:04 [LB] Compatible tag found: function=mab_cost_aware_1783355782 tag=arm-tiny arch=amd64 pattern="" ring_size=1
2026/07/06 18:37:04 [LB] Compatible tag found: function=mab_cost_aware_1783355782 tag=x86-large arch=amd64 pattern="" ring_size=1
2026/07/06 18:37:04 [LB] Compatible tag found: function=mab_cost_aware_1783355782 tag=x86-tiny arch=amd64 pattern="" ring_size=1
2026/07/06 18:37:04 [LB] Compatible tags for function 'mab_cost_aware_1783355782': [x86-tiny/gpu/nvidia arm-tiny x86-large x86-tiny]
2026/07/06 18:37:04 [LB][MAB] event=before_select function=mab_cost_aware_1783355782 compatible_tags=[x86-tiny/gpu/nvidia arm-tiny x86-large x86-tiny] has_context=true
2026/07/06 18:37:04 [MAB] event=arm_score ts=1783355824872 policy=UCB1 function=mab_cost_aware_1783355782 arm=arm-tiny score=-1.275851 count=89 avg_reward=-1.462491 total_counts=127
2026/07/06 18:37:04 [MAB] event=arm_score ts=1783355824872 policy=UCB1 function=mab_cost_aware_1783355782 arm=x86-large score=-1.336929 count=4 avg_reward=-2.217310 total_counts=127
2026/07/06 18:37:04 [MAB] event=arm_score ts=1783355824872 policy=UCB1 function=mab_cost_aware_1783355782 arm=x86-tiny score=-1.275435 count=32 avg_reward=-1.586697 total_counts=127
2026/07/06 18:37:04 [MAB] event=arm_score ts=1783355824872 policy=UCB1 function=mab_cost_aware_1783355782 arm=x86-tiny/gpu/nvidia score=-1.360918 count=2 avg_reward=-2.605964 total_counts=127
2026/07/06 18:37:04 [MAB] event=select_arm ts=1783355824872 policy=UCB1 function=mab_cost_aware_1783355782 selected_arm=x86-tiny reason=ucb_score score=-1.275435 total_counts=127 arms=[arm-tiny,x86-large,x86-tiny,x86-tiny/gpu/nvidia]
2026/07/06 18:37:04 [LB][MAB] event=after_select function=mab_cost_aware_1783355782 selected_tag=x86-tiny compatible_tags=[x86-tiny/gpu/nvidia arm-tiny x86-large x86-tiny]
2026/07/06 18:37:04 Candidate has: 512 MB free memory. Function needs: 128 MB
2026/07/06 18:37:04 [LB] Selected target for function 'mab_cost_aware_1783355782': target_tag=x86-tiny candidate=WjectcSXtXYALypFSHKKHj1783355783475722225 candidate_tag=x86-tiny
2026/07/06 18:37:04 [LB-Update] Node WjectcSXtXYALypFSHKKHj1783355783475722225 reported 512 MB free
2026/07/06 18:37:04 [MAB] event=reward_breakdown ts=1783355824875 policy=UCB1 function=mab_cost_aware_1783355782 arm=x86-tiny base_tag=x86-tiny architecture=x86 specialization=tiny capabilities=[] duration_ms=2.593000 latency_reward=-0.952816 cost_weight=0.600000 cost_factor=0.400000 cost_term=0.240000 energy_weight=0.200000 energy_factor=1.000000 energy_term=0.200000 memory_weight=0.000000 memory_penalty=0.000000 memory_term=0.000000 final_reward=-1.392816
2026/07/06 18:37:04 [MAB] event=update_reward ts=1783355824875 policy=UCB1 function=mab_cost_aware_1783355782 arm=x86-tiny duration_ms=2.593000 warm_start=true reward=-1.392816 count=33 avg_reward=-1.580821 total_counts=128
2026/07/06 18:37:05 [LB] Compatible tag found: function=mab_cost_aware_1783355782 tag=x86-tiny/gpu/nvidia arch=amd64 pattern="" ring_size=1
2026/07/06 18:37:05 [LB] Compatible tag found: function=mab_cost_aware_1783355782 tag=arm-tiny arch=amd64 pattern="" ring_size=1
2026/07/06 18:37:05 [LB] Compatible tag found: function=mab_cost_aware_1783355782 tag=x86-large arch=amd64 pattern="" ring_size=1
2026/07/06 18:37:05 [LB] Compatible tag found: function=mab_cost_aware_1783355782 tag=x86-tiny arch=amd64 pattern="" ring_size=1
2026/07/06 18:37:05 [LB] Compatible tags for function 'mab_cost_aware_1783355782': [x86-tiny/gpu/nvidia arm-tiny x86-large x86-tiny]
2026/07/06 18:37:05 [LB][MAB] event=before_select function=mab_cost_aware_1783355782 compatible_tags=[x86-tiny/gpu/nvidia arm-tiny x86-large x86-tiny] has_context=true
2026/07/06 18:37:05 [MAB] event=arm_score ts=1783355825095 policy=UCB1 function=mab_cost_aware_1783355782 arm=x86-large score=-1.336217 count=4 avg_reward=-2.217310 total_counts=128
2026/07/06 18:37:05 [MAB] event=arm_score ts=1783355825095 policy=UCB1 function=mab_cost_aware_1783355782 arm=x86-tiny score=-1.274064 count=33 avg_reward=-1.580821 total_counts=128
2026/07/06 18:37:05 [MAB] event=arm_score ts=1783355825095 policy=UCB1 function=mab_cost_aware_1783355782 arm=x86-tiny/gpu/nvidia score=-1.359910 count=2 avg_reward=-2.605964 total_counts=128
2026/07/06 18:37:05 [MAB] event=arm_score ts=1783355825095 policy=UCB1 function=mab_cost_aware_1783355782 arm=arm-tiny score=-1.275700 count=89 avg_reward=-1.462491 total_counts=128
2026/07/06 18:37:05 [MAB] event=select_arm ts=1783355825095 policy=UCB1 function=mab_cost_aware_1783355782 selected_arm=x86-tiny reason=ucb_score score=-1.274064 total_counts=128 arms=[arm-tiny,x86-large,x86-tiny,x86-tiny/gpu/nvidia]
2026/07/06 18:37:05 [LB][MAB] event=after_select function=mab_cost_aware_1783355782 selected_tag=x86-tiny compatible_tags=[x86-tiny/gpu/nvidia arm-tiny x86-large x86-tiny]
2026/07/06 18:37:05 Candidate has: 512 MB free memory. Function needs: 128 MB
2026/07/06 18:37:05 [LB] Selected target for function 'mab_cost_aware_1783355782': target_tag=x86-tiny candidate=WjectcSXtXYALypFSHKKHj1783355783475722225 candidate_tag=x86-tiny
2026/07/06 18:37:05 [LB-Update] Node WjectcSXtXYALypFSHKKHj1783355783475722225 reported 512 MB free
2026/07/06 18:37:05 [MAB] event=reward_breakdown ts=1783355825099 policy=UCB1 function=mab_cost_aware_1783355782 arm=x86-tiny base_tag=x86-tiny architecture=x86 specialization=tiny capabilities=[] duration_ms=2.974155 latency_reward=-1.089960 cost_weight=0.600000 cost_factor=0.400000 cost_term=0.240000 energy_weight=0.200000 energy_factor=1.000000 energy_term=0.200000 memory_weight=0.000000 memory_penalty=0.000000 memory_term=0.000000 final_reward=-1.529960
2026/07/06 18:37:05 [MAB] event=update_reward ts=1783355825099 policy=UCB1 function=mab_cost_aware_1783355782 arm=x86-tiny duration_ms=2.974155 warm_start=true reward=-1.529960 count=34 avg_reward=-1.579325 total_counts=129
2026/07/06 18:37:05 [LB] Compatible tag found: function=mab_cost_aware_1783355782 tag=x86-tiny/gpu/nvidia arch=amd64 pattern="" ring_size=1
2026/07/06 18:37:05 [LB] Compatible tag found: function=mab_cost_aware_1783355782 tag=arm-tiny arch=amd64 pattern="" ring_size=1
2026/07/06 18:37:05 [LB] Compatible tag found: function=mab_cost_aware_1783355782 tag=x86-large arch=amd64 pattern="" ring_size=1
2026/07/06 18:37:05 [LB] Compatible tag found: function=mab_cost_aware_1783355782 tag=x86-tiny arch=amd64 pattern="" ring_size=1
2026/07/06 18:37:05 [LB] Compatible tags for function 'mab_cost_aware_1783355782': [x86-tiny/gpu/nvidia arm-tiny x86-large x86-tiny]
2026/07/06 18:37:05 [LB][MAB] event=before_select function=mab_cost_aware_1783355782 compatible_tags=[x86-tiny/gpu/nvidia arm-tiny x86-large x86-tiny] has_context=true
2026/07/06 18:37:05 [MAB] event=arm_score ts=1783355825319 policy=UCB1 function=mab_cost_aware_1783355782 arm=x86-large score=-1.335511 count=4 avg_reward=-2.217310 total_counts=129
2026/07/06 18:37:05 [MAB] event=arm_score ts=1783355825319 policy=UCB1 function=mab_cost_aware_1783355782 arm=x86-tiny score=-1.276871 count=34 avg_reward=-1.579325 total_counts=129
2026/07/06 18:37:05 [MAB] event=arm_score ts=1783355825319 policy=UCB1 function=mab_cost_aware_1783355782 arm=x86-tiny/gpu/nvidia score=-1.358911 count=2 avg_reward=-2.605964 total_counts=129
2026/07/06 18:37:05 [MAB] event=arm_score ts=1783355825319 policy=UCB1 function=mab_cost_aware_1783355782 arm=arm-tiny score=-1.275550 count=89 avg_reward=-1.462491 total_counts=129
2026/07/06 18:37:05 [MAB] event=select_arm ts=1783355825319 policy=UCB1 function=mab_cost_aware_1783355782 selected_arm=arm-tiny reason=ucb_score score=-1.275550 total_counts=129 arms=[arm-tiny,x86-large,x86-tiny,x86-tiny/gpu/nvidia]
2026/07/06 18:37:05 [LB][MAB] event=after_select function=mab_cost_aware_1783355782 selected_tag=arm-tiny compatible_tags=[x86-tiny/gpu/nvidia arm-tiny x86-large x86-tiny]
2026/07/06 18:37:05 Candidate has: 512 MB free memory. Function needs: 128 MB
2026/07/06 18:37:05 [LB] Selected target for function 'mab_cost_aware_1783355782': target_tag=arm-tiny candidate=RC9BoWr7bsn5ThsQeA6m9d1783355783476196901 candidate_tag=arm-tiny
2026/07/06 18:37:05 [LB-Update] Node RC9BoWr7bsn5ThsQeA6m9d1783355783476196901 reported 512 MB free
2026/07/06 18:37:05 [MAB] event=reward_breakdown ts=1783355825323 policy=UCB1 function=mab_cost_aware_1783355782 arm=arm-tiny base_tag=arm-tiny architecture=arm specialization=tiny capabilities=[] duration_ms=2.912115 latency_reward=-1.068880 cost_weight=0.600000 cost_factor=0.400000 cost_term=0.240000 energy_weight=0.200000 energy_factor=0.600000 energy_term=0.120000 memory_weight=0.000000 memory_penalty=0.000000 memory_term=0.000000 final_reward=-1.428880
2026/07/06 18:37:05 [MAB] event=update_reward ts=1783355825323 policy=UCB1 function=mab_cost_aware_1783355782 arm=arm-tiny duration_ms=2.912115 warm_start=true reward=-1.428880 count=90 avg_reward=-1.462117 total_counts=130
2026/07/06 18:37:05 [LB] Compatible tag found: function=mab_cost_aware_1783355782 tag=x86-tiny/gpu/nvidia arch=amd64 pattern="" ring_size=1
2026/07/06 18:37:05 [LB] Compatible tag found: function=mab_cost_aware_1783355782 tag=arm-tiny arch=amd64 pattern="" ring_size=1
2026/07/06 18:37:05 [LB] Compatible tag found: function=mab_cost_aware_1783355782 tag=x86-large arch=amd64 pattern="" ring_size=1
2026/07/06 18:37:05 [LB] Compatible tag found: function=mab_cost_aware_1783355782 tag=x86-tiny arch=amd64 pattern="" ring_size=1
2026/07/06 18:37:05 [LB] Compatible tags for function 'mab_cost_aware_1783355782': [x86-tiny/gpu/nvidia arm-tiny x86-large x86-tiny]
2026/07/06 18:37:05 [LB][MAB] event=before_select function=mab_cost_aware_1783355782 compatible_tags=[x86-tiny/gpu/nvidia arm-tiny x86-large x86-tiny] has_context=true
2026/07/06 18:37:05 [MAB] event=arm_score ts=1783355825540 policy=UCB1 function=mab_cost_aware_1783355782 arm=x86-tiny/gpu/nvidia score=-1.357921 count=2 avg_reward=-2.605964 total_counts=130
2026/07/06 18:37:05 [MAB] event=arm_score ts=1783355825540 policy=UCB1 function=mab_cost_aware_1783355782 arm=arm-tiny score=-1.276070 count=90 avg_reward=-1.462117 total_counts=130
2026/07/06 18:37:05 [MAB] event=arm_score ts=1783355825540 policy=UCB1 function=mab_cost_aware_1783355782 arm=x86-large score=-1.334810 count=4 avg_reward=-2.217310 total_counts=130
2026/07/06 18:37:05 [MAB] event=arm_score ts=1783355825540 policy=UCB1 function=mab_cost_aware_1783355782 arm=x86-tiny score=-1.276631 count=34 avg_reward=-1.579325 total_counts=130
2026/07/06 18:37:05 [MAB] event=select_arm ts=1783355825540 policy=UCB1 function=mab_cost_aware_1783355782 selected_arm=arm-tiny reason=ucb_score score=-1.276070 total_counts=130 arms=[arm-tiny,x86-large,x86-tiny,x86-tiny/gpu/nvidia]
2026/07/06 18:37:05 [LB][MAB] event=after_select function=mab_cost_aware_1783355782 selected_tag=arm-tiny compatible_tags=[x86-tiny/gpu/nvidia arm-tiny x86-large x86-tiny]
2026/07/06 18:37:05 Candidate has: 512 MB free memory. Function needs: 128 MB
2026/07/06 18:37:05 [LB] Selected target for function 'mab_cost_aware_1783355782': target_tag=arm-tiny candidate=RC9BoWr7bsn5ThsQeA6m9d1783355783476196901 candidate_tag=arm-tiny
2026/07/06 18:37:05 [LB-Update] Node RC9BoWr7bsn5ThsQeA6m9d1783355783476196901 reported 512 MB free
2026/07/06 18:37:05 [MAB] event=reward_breakdown ts=1783355825543 policy=UCB1 function=mab_cost_aware_1783355782 arm=arm-tiny base_tag=arm-tiny architecture=arm specialization=tiny capabilities=[] duration_ms=2.589573 latency_reward=-0.951493 cost_weight=0.600000 cost_factor=0.400000 cost_term=0.240000 energy_weight=0.200000 energy_factor=0.600000 energy_term=0.120000 memory_weight=0.000000 memory_penalty=0.000000 memory_term=0.000000 final_reward=-1.311493
2026/07/06 18:37:05 [MAB] event=update_reward ts=1783355825543 policy=UCB1 function=mab_cost_aware_1783355782 arm=arm-tiny duration_ms=2.589573 warm_start=true reward=-1.311493 count=91 avg_reward=-1.460462 total_counts=131
2026/07/06 18:37:05 [LB] Compatible tag found: function=mab_cost_aware_1783355782 tag=x86-tiny/gpu/nvidia arch=amd64 pattern="" ring_size=1
2026/07/06 18:37:05 [LB] Compatible tag found: function=mab_cost_aware_1783355782 tag=arm-tiny arch=amd64 pattern="" ring_size=1
2026/07/06 18:37:05 [LB] Compatible tag found: function=mab_cost_aware_1783355782 tag=x86-large arch=amd64 pattern="" ring_size=1
2026/07/06 18:37:05 [LB] Compatible tag found: function=mab_cost_aware_1783355782 tag=x86-tiny arch=amd64 pattern="" ring_size=1
2026/07/06 18:37:05 [LB] Compatible tags for function 'mab_cost_aware_1783355782': [x86-tiny/gpu/nvidia arm-tiny x86-large x86-tiny]
2026/07/06 18:37:05 [LB][MAB] event=before_select function=mab_cost_aware_1783355782 compatible_tags=[x86-tiny/gpu/nvidia arm-tiny x86-large x86-tiny] has_context=true
2026/07/06 18:37:05 [MAB] event=arm_score ts=1783355825762 policy=UCB1 function=mab_cost_aware_1783355782 arm=x86-large score=-1.334116 count=4 avg_reward=-2.217310 total_counts=131
2026/07/06 18:37:05 [MAB] event=arm_score ts=1783355825762 policy=UCB1 function=mab_cost_aware_1783355782 arm=x86-tiny score=-1.276392 count=34 avg_reward=-1.579325 total_counts=131
2026/07/06 18:37:05 [MAB] event=arm_score ts=1783355825762 policy=UCB1 function=mab_cost_aware_1783355782 arm=x86-tiny/gpu/nvidia score=-1.356939 count=2 avg_reward=-2.605964 total_counts=131
2026/07/06 18:37:05 [MAB] event=arm_score ts=1783355825762 policy=UCB1 function=mab_cost_aware_1783355782 arm=arm-tiny score=-1.275294 count=91 avg_reward=-1.460462 total_counts=131
2026/07/06 18:37:05 [MAB] event=select_arm ts=1783355825762 policy=UCB1 function=mab_cost_aware_1783355782 selected_arm=arm-tiny reason=ucb_score score=-1.275294 total_counts=131 arms=[arm-tiny,x86-large,x86-tiny,x86-tiny/gpu/nvidia]
2026/07/06 18:37:05 [LB][MAB] event=after_select function=mab_cost_aware_1783355782 selected_tag=arm-tiny compatible_tags=[x86-tiny/gpu/nvidia arm-tiny x86-large x86-tiny]
2026/07/06 18:37:05 Candidate has: 512 MB free memory. Function needs: 128 MB
2026/07/06 18:37:05 [LB] Selected target for function 'mab_cost_aware_1783355782': target_tag=arm-tiny candidate=RC9BoWr7bsn5ThsQeA6m9d1783355783476196901 candidate_tag=arm-tiny
2026/07/06 18:37:05 [LB-Update] Node RC9BoWr7bsn5ThsQeA6m9d1783355783476196901 reported 512 MB free
2026/07/06 18:37:05 [MAB] event=reward_breakdown ts=1783355825765 policy=UCB1 function=mab_cost_aware_1783355782 arm=arm-tiny base_tag=arm-tiny architecture=arm specialization=tiny capabilities=[] duration_ms=2.535497 latency_reward=-0.930390 cost_weight=0.600000 cost_factor=0.400000 cost_term=0.240000 energy_weight=0.200000 energy_factor=0.600000 energy_term=0.120000 memory_weight=0.000000 memory_penalty=0.000000 memory_term=0.000000 final_reward=-1.290390
2026/07/06 18:37:05 [MAB] event=update_reward ts=1783355825765 policy=UCB1 function=mab_cost_aware_1783355782 arm=arm-tiny duration_ms=2.535497 warm_start=true reward=-1.290390 count=92 avg_reward=-1.458614 total_counts=132
2026/07/06 18:37:05 [LB] Compatible tag found: function=mab_cost_aware_1783355782 tag=x86-tiny/gpu/nvidia arch=amd64 pattern="" ring_size=1
2026/07/06 18:37:05 [LB] Compatible tag found: function=mab_cost_aware_1783355782 tag=arm-tiny arch=amd64 pattern="" ring_size=1
2026/07/06 18:37:05 [LB] Compatible tag found: function=mab_cost_aware_1783355782 tag=x86-large arch=amd64 pattern="" ring_size=1
2026/07/06 18:37:05 [LB] Compatible tag found: function=mab_cost_aware_1783355782 tag=x86-tiny arch=amd64 pattern="" ring_size=1
2026/07/06 18:37:05 [LB] Compatible tags for function 'mab_cost_aware_1783355782': [x86-tiny/gpu/nvidia arm-tiny x86-large x86-tiny]
2026/07/06 18:37:05 [LB][MAB] event=before_select function=mab_cost_aware_1783355782 compatible_tags=[x86-tiny/gpu/nvidia arm-tiny x86-large x86-tiny] has_context=true
2026/07/06 18:37:05 [MAB] event=arm_score ts=1783355825985 policy=UCB1 function=mab_cost_aware_1783355782 arm=x86-large score=-1.333427 count=4 avg_reward=-2.217310 total_counts=132
2026/07/06 18:37:05 [MAB] event=arm_score ts=1783355825985 policy=UCB1 function=mab_cost_aware_1783355782 arm=x86-tiny score=-1.276156 count=34 avg_reward=-1.579325 total_counts=132
2026/07/06 18:37:05 [MAB] event=arm_score ts=1783355825986 policy=UCB1 function=mab_cost_aware_1783355782 arm=x86-tiny/gpu/nvidia score=-1.355965 count=2 avg_reward=-2.605964 total_counts=132
2026/07/06 18:37:05 [MAB] event=arm_score ts=1783355825986 policy=UCB1 function=mab_cost_aware_1783355782 arm=arm-tiny score=-1.274311 count=92 avg_reward=-1.458614 total_counts=132
2026/07/06 18:37:05 [MAB] event=select_arm ts=1783355825986 policy=UCB1 function=mab_cost_aware_1783355782 selected_arm=arm-tiny reason=ucb_score score=-1.274311 total_counts=132 arms=[arm-tiny,x86-large,x86-tiny,x86-tiny/gpu/nvidia]
2026/07/06 18:37:05 [LB][MAB] event=after_select function=mab_cost_aware_1783355782 selected_tag=arm-tiny compatible_tags=[x86-tiny/gpu/nvidia arm-tiny x86-large x86-tiny]
2026/07/06 18:37:05 Candidate has: 512 MB free memory. Function needs: 128 MB
2026/07/06 18:37:05 [LB] Selected target for function 'mab_cost_aware_1783355782': target_tag=arm-tiny candidate=RC9BoWr7bsn5ThsQeA6m9d1783355783476196901 candidate_tag=arm-tiny
2026/07/06 18:37:05 [LB-Update] Node RC9BoWr7bsn5ThsQeA6m9d1783355783476196901 reported 512 MB free
2026/07/06 18:37:05 [MAB] event=reward_breakdown ts=1783355825990 policy=UCB1 function=mab_cost_aware_1783355782 arm=arm-tiny base_tag=arm-tiny architecture=arm specialization=tiny capabilities=[] duration_ms=3.365636 latency_reward=-1.213617 cost_weight=0.600000 cost_factor=0.400000 cost_term=0.240000 energy_weight=0.200000 energy_factor=0.600000 energy_term=0.120000 memory_weight=0.000000 memory_penalty=0.000000 memory_term=0.000000 final_reward=-1.573617
2026/07/06 18:37:05 [MAB] event=update_reward ts=1783355825990 policy=UCB1 function=mab_cost_aware_1783355782 arm=arm-tiny duration_ms=3.365636 warm_start=true reward=-1.573617 count=93 avg_reward=-1.459850 total_counts=133
2026/07/06 18:37:06 [LB] Compatible tag found: function=mab_cost_aware_1783355782 tag=x86-tiny/gpu/nvidia arch=amd64 pattern="" ring_size=1
2026/07/06 18:37:06 [LB] Compatible tag found: function=mab_cost_aware_1783355782 tag=arm-tiny arch=amd64 pattern="" ring_size=1
2026/07/06 18:37:06 [LB] Compatible tag found: function=mab_cost_aware_1783355782 tag=x86-large arch=amd64 pattern="" ring_size=1
2026/07/06 18:37:06 [LB] Compatible tag found: function=mab_cost_aware_1783355782 tag=x86-tiny arch=amd64 pattern="" ring_size=1
2026/07/06 18:37:06 [LB] Compatible tags for function 'mab_cost_aware_1783355782': [x86-tiny/gpu/nvidia arm-tiny x86-large x86-tiny]
2026/07/06 18:37:06 [LB][MAB] event=before_select function=mab_cost_aware_1783355782 compatible_tags=[x86-tiny/gpu/nvidia arm-tiny x86-large x86-tiny] has_context=true
2026/07/06 18:37:06 [MAB] event=arm_score ts=1783355826209 policy=UCB1 function=mab_cost_aware_1783355782 arm=x86-tiny/gpu/nvidia score=-1.354999 count=2 avg_reward=-2.605964 total_counts=133
2026/07/06 18:37:06 [MAB] event=arm_score ts=1783355826209 policy=UCB1 function=mab_cost_aware_1783355782 arm=arm-tiny score=-1.276400 count=93 avg_reward=-1.459850 total_counts=133
2026/07/06 18:37:06 [MAB] event=arm_score ts=1783355826209 policy=UCB1 function=mab_cost_aware_1783355782 arm=x86-large score=-1.332745 count=4 avg_reward=-2.217310 total_counts=133
2026/07/06 18:37:06 [MAB] event=arm_score ts=1783355826209 policy=UCB1 function=mab_cost_aware_1783355782 arm=x86-tiny score=-1.275922 count=34 avg_reward=-1.579325 total_counts=133
2026/07/06 18:37:06 [MAB] event=select_arm ts=1783355826209 policy=UCB1 function=mab_cost_aware_1783355782 selected_arm=x86-tiny reason=ucb_score score=-1.275922 total_counts=133 arms=[arm-tiny,x86-large,x86-tiny,x86-tiny/gpu/nvidia]
2026/07/06 18:37:06 [LB][MAB] event=after_select function=mab_cost_aware_1783355782 selected_tag=x86-tiny compatible_tags=[x86-tiny/gpu/nvidia arm-tiny x86-large x86-tiny]
2026/07/06 18:37:06 Candidate has: 512 MB free memory. Function needs: 128 MB
2026/07/06 18:37:06 [LB] Selected target for function 'mab_cost_aware_1783355782': target_tag=x86-tiny candidate=WjectcSXtXYALypFSHKKHj1783355783475722225 candidate_tag=x86-tiny
2026/07/06 18:37:06 [LB-Update] Node WjectcSXtXYALypFSHKKHj1783355783475722225 reported 512 MB free
2026/07/06 18:37:06 [MAB] event=reward_breakdown ts=1783355826212 policy=UCB1 function=mab_cost_aware_1783355782 arm=x86-tiny base_tag=x86-tiny architecture=x86 specialization=tiny capabilities=[] duration_ms=2.618460 latency_reward=-0.962586 cost_weight=0.600000 cost_factor=0.400000 cost_term=0.240000 energy_weight=0.200000 energy_factor=1.000000 energy_term=0.200000 memory_weight=0.000000 memory_penalty=0.000000 memory_term=0.000000 final_reward=-1.402586
2026/07/06 18:37:06 [MAB] event=update_reward ts=1783355826212 policy=UCB1 function=mab_cost_aware_1783355782 arm=x86-tiny duration_ms=2.618460 warm_start=true reward=-1.402586 count=35 avg_reward=-1.574276 total_counts=134
2026/07/06 18:37:06 [LB] Compatible tag found: function=mab_cost_aware_1783355782 tag=x86-tiny/gpu/nvidia arch=amd64 pattern="" ring_size=1
2026/07/06 18:37:06 [LB] Compatible tag found: function=mab_cost_aware_1783355782 tag=arm-tiny arch=amd64 pattern="" ring_size=1
2026/07/06 18:37:06 [LB] Compatible tag found: function=mab_cost_aware_1783355782 tag=x86-large arch=amd64 pattern="" ring_size=1
2026/07/06 18:37:06 [LB] Compatible tag found: function=mab_cost_aware_1783355782 tag=x86-tiny arch=amd64 pattern="" ring_size=1
2026/07/06 18:37:06 [LB] Compatible tags for function 'mab_cost_aware_1783355782': [x86-tiny/gpu/nvidia arm-tiny x86-large x86-tiny]
2026/07/06 18:37:06 [LB][MAB] event=before_select function=mab_cost_aware_1783355782 compatible_tags=[x86-tiny/gpu/nvidia arm-tiny x86-large x86-tiny] has_context=true
2026/07/06 18:37:06 [MAB] event=arm_score ts=1783355826431 policy=UCB1 function=mab_cost_aware_1783355782 arm=arm-tiny score=-1.276259 count=93 avg_reward=-1.459850 total_counts=134
2026/07/06 18:37:06 [MAB] event=arm_score ts=1783355826431 policy=UCB1 function=mab_cost_aware_1783355782 arm=x86-large score=-1.332067 count=4 avg_reward=-2.217310 total_counts=134
2026/07/06 18:37:06 [MAB] event=arm_score ts=1783355826431 policy=UCB1 function=mab_cost_aware_1783355782 arm=x86-tiny score=-1.275009 count=35 avg_reward=-1.574276 total_counts=134
2026/07/06 18:37:06 [MAB] event=arm_score ts=1783355826431 policy=UCB1 function=mab_cost_aware_1783355782 arm=x86-tiny/gpu/nvidia score=-1.354042 count=2 avg_reward=-2.605964 total_counts=134
2026/07/06 18:37:06 [MAB] event=select_arm ts=1783355826431 policy=UCB1 function=mab_cost_aware_1783355782 selected_arm=x86-tiny reason=ucb_score score=-1.275009 total_counts=134 arms=[arm-tiny,x86-large,x86-tiny,x86-tiny/gpu/nvidia]
2026/07/06 18:37:06 [LB][MAB] event=after_select function=mab_cost_aware_1783355782 selected_tag=x86-tiny compatible_tags=[x86-tiny/gpu/nvidia arm-tiny x86-large x86-tiny]
2026/07/06 18:37:06 Candidate has: 512 MB free memory. Function needs: 128 MB
2026/07/06 18:37:06 [LB] Selected target for function 'mab_cost_aware_1783355782': target_tag=x86-tiny candidate=WjectcSXtXYALypFSHKKHj1783355783475722225 candidate_tag=x86-tiny
2026/07/06 18:37:06 [LB-Update] Node WjectcSXtXYALypFSHKKHj1783355783475722225 reported 512 MB free
2026/07/06 18:37:06 [MAB] event=reward_breakdown ts=1783355826434 policy=UCB1 function=mab_cost_aware_1783355782 arm=x86-tiny base_tag=x86-tiny architecture=x86 specialization=tiny capabilities=[] duration_ms=2.636659 latency_reward=-0.969513 cost_weight=0.600000 cost_factor=0.400000 cost_term=0.240000 energy_weight=0.200000 energy_factor=1.000000 energy_term=0.200000 memory_weight=0.000000 memory_penalty=0.000000 memory_term=0.000000 final_reward=-1.409513
2026/07/06 18:37:06 [MAB] event=update_reward ts=1783355826434 policy=UCB1 function=mab_cost_aware_1783355782 arm=x86-tiny duration_ms=2.636659 warm_start=true reward=-1.409513 count=36 avg_reward=-1.569699 total_counts=135
2026/07/06 18:37:06 [LB] Compatible tag found: function=mab_cost_aware_1783355782 tag=x86-tiny/gpu/nvidia arch=amd64 pattern="" ring_size=1
2026/07/06 18:37:06 [LB] Compatible tag found: function=mab_cost_aware_1783355782 tag=arm-tiny arch=amd64 pattern="" ring_size=1
2026/07/06 18:37:06 [LB] Compatible tag found: function=mab_cost_aware_1783355782 tag=x86-large arch=amd64 pattern="" ring_size=1
2026/07/06 18:37:06 [LB] Compatible tag found: function=mab_cost_aware_1783355782 tag=x86-tiny arch=amd64 pattern="" ring_size=1
2026/07/06 18:37:06 [LB] Compatible tags for function 'mab_cost_aware_1783355782': [x86-tiny/gpu/nvidia arm-tiny x86-large x86-tiny]
2026/07/06 18:37:06 [LB][MAB] event=before_select function=mab_cost_aware_1783355782 compatible_tags=[x86-tiny/gpu/nvidia arm-tiny x86-large x86-tiny] has_context=true
2026/07/06 18:37:06 [MAB] event=arm_score ts=1783355826656 policy=UCB1 function=mab_cost_aware_1783355782 arm=x86-tiny score=-1.274394 count=36 avg_reward=-1.569699 total_counts=135
2026/07/06 18:37:06 [MAB] event=arm_score ts=1783355826656 policy=UCB1 function=mab_cost_aware_1783355782 arm=x86-tiny/gpu/nvidia score=-1.353092 count=2 avg_reward=-2.605964 total_counts=135
2026/07/06 18:37:06 [MAB] event=arm_score ts=1783355826656 policy=UCB1 function=mab_cost_aware_1783355782 arm=arm-tiny score=-1.276120 count=93 avg_reward=-1.459850 total_counts=135
2026/07/06 18:37:06 [MAB] event=arm_score ts=1783355826656 policy=UCB1 function=mab_cost_aware_1783355782 arm=x86-large score=-1.331396 count=4 avg_reward=-2.217310 total_counts=135
2026/07/06 18:37:06 [MAB] event=select_arm ts=1783355826656 policy=UCB1 function=mab_cost_aware_1783355782 selected_arm=x86-tiny reason=ucb_score score=-1.274394 total_counts=135 arms=[arm-tiny,x86-large,x86-tiny,x86-tiny/gpu/nvidia]
2026/07/06 18:37:06 [LB][MAB] event=after_select function=mab_cost_aware_1783355782 selected_tag=x86-tiny compatible_tags=[x86-tiny/gpu/nvidia arm-tiny x86-large x86-tiny]
2026/07/06 18:37:06 Candidate has: 512 MB free memory. Function needs: 128 MB
2026/07/06 18:37:06 [LB] Selected target for function 'mab_cost_aware_1783355782': target_tag=x86-tiny candidate=WjectcSXtXYALypFSHKKHj1783355783475722225 candidate_tag=x86-tiny
2026/07/06 18:37:06 [LB-Update] Node WjectcSXtXYALypFSHKKHj1783355783475722225 reported 512 MB free
2026/07/06 18:37:06 [MAB] event=reward_breakdown ts=1783355826660 policy=UCB1 function=mab_cost_aware_1783355782 arm=x86-tiny base_tag=x86-tiny architecture=x86 specialization=tiny capabilities=[] duration_ms=2.732680 latency_reward=-1.005283 cost_weight=0.600000 cost_factor=0.400000 cost_term=0.240000 energy_weight=0.200000 energy_factor=1.000000 energy_term=0.200000 memory_weight=0.000000 memory_penalty=0.000000 memory_term=0.000000 final_reward=-1.445283
2026/07/06 18:37:06 [MAB] event=update_reward ts=1783355826660 policy=UCB1 function=mab_cost_aware_1783355782 arm=x86-tiny duration_ms=2.732680 warm_start=true reward=-1.445283 count=37 avg_reward=-1.566336 total_counts=136
2026/07/06 18:37:06 [LB] Compatible tag found: function=mab_cost_aware_1783355782 tag=x86-tiny/gpu/nvidia arch=amd64 pattern="" ring_size=1
2026/07/06 18:37:06 [LB] Compatible tag found: function=mab_cost_aware_1783355782 tag=arm-tiny arch=amd64 pattern="" ring_size=1
2026/07/06 18:37:06 [LB] Compatible tag found: function=mab_cost_aware_1783355782 tag=x86-large arch=amd64 pattern="" ring_size=1
2026/07/06 18:37:06 [LB] Compatible tag found: function=mab_cost_aware_1783355782 tag=x86-tiny arch=amd64 pattern="" ring_size=1
2026/07/06 18:37:06 [LB] Compatible tags for function 'mab_cost_aware_1783355782': [x86-tiny/gpu/nvidia arm-tiny x86-large x86-tiny]
2026/07/06 18:37:06 [LB][MAB] event=before_select function=mab_cost_aware_1783355782 compatible_tags=[x86-tiny/gpu/nvidia arm-tiny x86-large x86-tiny] has_context=true
2026/07/06 18:37:06 [MAB] event=arm_score ts=1783355826878 policy=UCB1 function=mab_cost_aware_1783355782 arm=x86-tiny/gpu/nvidia score=-1.352150 count=2 avg_reward=-2.605964 total_counts=136
2026/07/06 18:37:06 [MAB] event=arm_score ts=1783355826878 policy=UCB1 function=mab_cost_aware_1783355782 arm=arm-tiny score=-1.275982 count=93 avg_reward=-1.459850 total_counts=136
2026/07/06 18:37:06 [MAB] event=arm_score ts=1783355826878 policy=UCB1 function=mab_cost_aware_1783355782 arm=x86-large score=-1.330730 count=4 avg_reward=-2.217310 total_counts=136
2026/07/06 18:37:06 [MAB] event=arm_score ts=1783355826878 policy=UCB1 function=mab_cost_aware_1783355782 arm=x86-tiny score=-1.274831 count=37 avg_reward=-1.566336 total_counts=136
2026/07/06 18:37:06 [MAB] event=select_arm ts=1783355826878 policy=UCB1 function=mab_cost_aware_1783355782 selected_arm=x86-tiny reason=ucb_score score=-1.274831 total_counts=136 arms=[arm-tiny,x86-large,x86-tiny,x86-tiny/gpu/nvidia]
2026/07/06 18:37:06 [LB][MAB] event=after_select function=mab_cost_aware_1783355782 selected_tag=x86-tiny compatible_tags=[x86-tiny/gpu/nvidia arm-tiny x86-large x86-tiny]
2026/07/06 18:37:06 Candidate has: 512 MB free memory. Function needs: 128 MB
2026/07/06 18:37:06 [LB] Selected target for function 'mab_cost_aware_1783355782': target_tag=x86-tiny candidate=WjectcSXtXYALypFSHKKHj1783355783475722225 candidate_tag=x86-tiny
2026/07/06 18:37:06 [LB-Update] Node WjectcSXtXYALypFSHKKHj1783355783475722225 reported 512 MB free
2026/07/06 18:37:06 [MAB] event=reward_breakdown ts=1783355826882 policy=UCB1 function=mab_cost_aware_1783355782 arm=x86-tiny base_tag=x86-tiny architecture=x86 specialization=tiny capabilities=[] duration_ms=2.758096 latency_reward=-1.014541 cost_weight=0.600000 cost_factor=0.400000 cost_term=0.240000 energy_weight=0.200000 energy_factor=1.000000 energy_term=0.200000 memory_weight=0.000000 memory_penalty=0.000000 memory_term=0.000000 final_reward=-1.454541
2026/07/06 18:37:06 [MAB] event=update_reward ts=1783355826882 policy=UCB1 function=mab_cost_aware_1783355782 arm=x86-tiny duration_ms=2.758096 warm_start=true reward=-1.454541 count=38 avg_reward=-1.563394 total_counts=137
2026/07/06 18:37:07 [LB] Compatible tag found: function=mab_cost_aware_1783355782 tag=x86-tiny/gpu/nvidia arch=amd64 pattern="" ring_size=1
2026/07/06 18:37:07 [LB] Compatible tag found: function=mab_cost_aware_1783355782 tag=arm-tiny arch=amd64 pattern="" ring_size=1
2026/07/06 18:37:07 [LB] Compatible tag found: function=mab_cost_aware_1783355782 tag=x86-large arch=amd64 pattern="" ring_size=1
2026/07/06 18:37:07 [LB] Compatible tag found: function=mab_cost_aware_1783355782 tag=x86-tiny arch=amd64 pattern="" ring_size=1
2026/07/06 18:37:07 [LB] Compatible tags for function 'mab_cost_aware_1783355782': [x86-tiny/gpu/nvidia arm-tiny x86-large x86-tiny]
2026/07/06 18:37:07 [LB][MAB] event=before_select function=mab_cost_aware_1783355782 compatible_tags=[x86-tiny/gpu/nvidia arm-tiny x86-large x86-tiny] has_context=true
2026/07/06 18:37:07 [MAB] event=arm_score ts=1783355827101 policy=UCB1 function=mab_cost_aware_1783355782 arm=x86-tiny/gpu/nvidia score=-1.351215 count=2 avg_reward=-2.605964 total_counts=137
2026/07/06 18:37:07 [MAB] event=arm_score ts=1783355827101 policy=UCB1 function=mab_cost_aware_1783355782 arm=arm-tiny score=-1.275845 count=93 avg_reward=-1.459850 total_counts=137
2026/07/06 18:37:07 [MAB] event=arm_score ts=1783355827101 policy=UCB1 function=mab_cost_aware_1783355782 arm=x86-large score=-1.330069 count=4 avg_reward=-2.217310 total_counts=137
2026/07/06 18:37:07 [MAB] event=arm_score ts=1783355827101 policy=UCB1 function=mab_cost_aware_1783355782 arm=x86-tiny score=-1.275535 count=38 avg_reward=-1.563394 total_counts=137
2026/07/06 18:37:07 [MAB] event=select_arm ts=1783355827101 policy=UCB1 function=mab_cost_aware_1783355782 selected_arm=x86-tiny reason=ucb_score score=-1.275535 total_counts=137 arms=[arm-tiny,x86-large,x86-tiny,x86-tiny/gpu/nvidia]
2026/07/06 18:37:07 [LB][MAB] event=after_select function=mab_cost_aware_1783355782 selected_tag=x86-tiny compatible_tags=[x86-tiny/gpu/nvidia arm-tiny x86-large x86-tiny]
2026/07/06 18:37:07 Candidate has: 512 MB free memory. Function needs: 128 MB
2026/07/06 18:37:07 [LB] Selected target for function 'mab_cost_aware_1783355782': target_tag=x86-tiny candidate=WjectcSXtXYALypFSHKKHj1783355783475722225 candidate_tag=x86-tiny
2026/07/06 18:37:07 [LB-Update] Node WjectcSXtXYALypFSHKKHj1783355783475722225 reported 512 MB free
2026/07/06 18:37:07 [MAB] event=reward_breakdown ts=1783355827105 policy=UCB1 function=mab_cost_aware_1783355782 arm=x86-tiny base_tag=x86-tiny architecture=x86 specialization=tiny capabilities=[] duration_ms=3.353871 latency_reward=-1.210115 cost_weight=0.600000 cost_factor=0.400000 cost_term=0.240000 energy_weight=0.200000 energy_factor=1.000000 energy_term=0.200000 memory_weight=0.000000 memory_penalty=0.000000 memory_term=0.000000 final_reward=-1.650115
2026/07/06 18:37:07 [MAB] event=update_reward ts=1783355827105 policy=UCB1 function=mab_cost_aware_1783355782 arm=x86-tiny duration_ms=3.353871 warm_start=true reward=-1.650115 count=39 avg_reward=-1.565618 total_counts=138
2026/07/06 18:37:07 [LB] Compatible tag found: function=mab_cost_aware_1783355782 tag=x86-tiny/gpu/nvidia arch=amd64 pattern="" ring_size=1
2026/07/06 18:37:07 [LB] Compatible tag found: function=mab_cost_aware_1783355782 tag=arm-tiny arch=amd64 pattern="" ring_size=1
2026/07/06 18:37:07 [LB] Compatible tag found: function=mab_cost_aware_1783355782 tag=x86-large arch=amd64 pattern="" ring_size=1
2026/07/06 18:37:07 [LB] Compatible tag found: function=mab_cost_aware_1783355782 tag=x86-tiny arch=amd64 pattern="" ring_size=1
2026/07/06 18:37:07 [LB] Compatible tags for function 'mab_cost_aware_1783355782': [x86-tiny/gpu/nvidia arm-tiny x86-large x86-tiny]
2026/07/06 18:37:07 [LB][MAB] event=before_select function=mab_cost_aware_1783355782 compatible_tags=[x86-tiny/gpu/nvidia arm-tiny x86-large x86-tiny] has_context=true
2026/07/06 18:37:07 [MAB] event=arm_score ts=1783355827328 policy=UCB1 function=mab_cost_aware_1783355782 arm=x86-tiny/gpu/nvidia score=-1.350288 count=2 avg_reward=-2.605964 total_counts=138
2026/07/06 18:37:07 [MAB] event=arm_score ts=1783355827328 policy=UCB1 function=mab_cost_aware_1783355782 arm=arm-tiny score=-1.275709 count=93 avg_reward=-1.459850 total_counts=138
2026/07/06 18:37:07 [MAB] event=arm_score ts=1783355827328 policy=UCB1 function=mab_cost_aware_1783355782 arm=x86-large score=-1.329413 count=4 avg_reward=-2.217310 total_counts=138
2026/07/06 18:37:07 [MAB] event=arm_score ts=1783355827328 policy=UCB1 function=mab_cost_aware_1783355782 arm=x86-tiny score=-1.281264 count=39 avg_reward=-1.565618 total_counts=138
2026/07/06 18:37:07 [MAB] event=select_arm ts=1783355827328 policy=UCB1 function=mab_cost_aware_1783355782 selected_arm=arm-tiny reason=ucb_score score=-1.275709 total_counts=138 arms=[arm-tiny,x86-large,x86-tiny,x86-tiny/gpu/nvidia]
2026/07/06 18:37:07 [LB][MAB] event=after_select function=mab_cost_aware_1783355782 selected_tag=arm-tiny compatible_tags=[x86-tiny/gpu/nvidia arm-tiny x86-large x86-tiny]
2026/07/06 18:37:07 Candidate has: 512 MB free memory. Function needs: 128 MB
2026/07/06 18:37:07 [LB] Selected target for function 'mab_cost_aware_1783355782': target_tag=arm-tiny candidate=RC9BoWr7bsn5ThsQeA6m9d1783355783476196901 candidate_tag=arm-tiny
2026/07/06 18:37:07 [LB-Update] Node RC9BoWr7bsn5ThsQeA6m9d1783355783476196901 reported 512 MB free
2026/07/06 18:37:07 [MAB] event=reward_breakdown ts=1783355827332 policy=UCB1 function=mab_cost_aware_1783355782 arm=arm-tiny base_tag=arm-tiny architecture=arm specialization=tiny capabilities=[] duration_ms=3.114333 latency_reward=-1.136015 cost_weight=0.600000 cost_factor=0.400000 cost_term=0.240000 energy_weight=0.200000 energy_factor=0.600000 energy_term=0.120000 memory_weight=0.000000 memory_penalty=0.000000 memory_term=0.000000 final_reward=-1.496015
2026/07/06 18:37:07 [MAB] event=update_reward ts=1783355827332 policy=UCB1 function=mab_cost_aware_1783355782 arm=arm-tiny duration_ms=3.114333 warm_start=true reward=-1.496015 count=94 avg_reward=-1.460235 total_counts=139
2026/07/06 18:37:07 [LB] Compatible tag found: function=mab_cost_aware_1783355782 tag=x86-tiny/gpu/nvidia arch=amd64 pattern="" ring_size=1
2026/07/06 18:37:07 [LB] Compatible tag found: function=mab_cost_aware_1783355782 tag=arm-tiny arch=amd64 pattern="" ring_size=1
2026/07/06 18:37:07 [LB] Compatible tag found: function=mab_cost_aware_1783355782 tag=x86-large arch=amd64 pattern="" ring_size=1
2026/07/06 18:37:07 [LB] Compatible tag found: function=mab_cost_aware_1783355782 tag=x86-tiny arch=amd64 pattern="" ring_size=1
2026/07/06 18:37:07 [LB] Compatible tags for function 'mab_cost_aware_1783355782': [x86-tiny/gpu/nvidia arm-tiny x86-large x86-tiny]
2026/07/06 18:37:07 [LB][MAB] event=before_select function=mab_cost_aware_1783355782 compatible_tags=[x86-tiny/gpu/nvidia arm-tiny x86-large x86-tiny] has_context=true
2026/07/06 18:37:07 [MAB] event=arm_score ts=1783355827553 policy=UCB1 function=mab_cost_aware_1783355782 arm=x86-tiny/gpu/nvidia score=-1.349368 count=2 avg_reward=-2.605964 total_counts=139
2026/07/06 18:37:07 [MAB] event=arm_score ts=1783355827553 policy=UCB1 function=mab_cost_aware_1783355782 arm=arm-tiny score=-1.276942 count=94 avg_reward=-1.460235 total_counts=139
2026/07/06 18:37:07 [MAB] event=arm_score ts=1783355827553 policy=UCB1 function=mab_cost_aware_1783355782 arm=x86-large score=-1.328763 count=4 avg_reward=-2.217310 total_counts=139
2026/07/06 18:37:07 [MAB] event=arm_score ts=1783355827553 policy=UCB1 function=mab_cost_aware_1783355782 arm=x86-tiny score=-1.281055 count=39 avg_reward=-1.565618 total_counts=139
2026/07/06 18:37:07 [MAB] event=select_arm ts=1783355827553 policy=UCB1 function=mab_cost_aware_1783355782 selected_arm=arm-tiny reason=ucb_score score=-1.276942 total_counts=139 arms=[arm-tiny,x86-large,x86-tiny,x86-tiny/gpu/nvidia]
2026/07/06 18:37:07 [LB][MAB] event=after_select function=mab_cost_aware_1783355782 selected_tag=arm-tiny compatible_tags=[x86-tiny/gpu/nvidia arm-tiny x86-large x86-tiny]
2026/07/06 18:37:07 Candidate has: 512 MB free memory. Function needs: 128 MB
2026/07/06 18:37:07 [LB] Selected target for function 'mab_cost_aware_1783355782': target_tag=arm-tiny candidate=RC9BoWr7bsn5ThsQeA6m9d1783355783476196901 candidate_tag=arm-tiny
2026/07/06 18:37:07 [LB-Update] Node RC9BoWr7bsn5ThsQeA6m9d1783355783476196901 reported 512 MB free
2026/07/06 18:37:07 [MAB] event=reward_breakdown ts=1783355827556 policy=UCB1 function=mab_cost_aware_1783355782 arm=arm-tiny base_tag=arm-tiny architecture=arm specialization=tiny capabilities=[] duration_ms=2.752679 latency_reward=-1.012575 cost_weight=0.600000 cost_factor=0.400000 cost_term=0.240000 energy_weight=0.200000 energy_factor=0.600000 energy_term=0.120000 memory_weight=0.000000 memory_penalty=0.000000 memory_term=0.000000 final_reward=-1.372575
2026/07/06 18:37:07 [MAB] event=update_reward ts=1783355827556 policy=UCB1 function=mab_cost_aware_1783355782 arm=arm-tiny duration_ms=2.752679 warm_start=true reward=-1.372575 count=95 avg_reward=-1.459312 total_counts=140
2026/07/06 18:37:07 [LB]: Periodic targets update
2026/07/06 18:37:07 Found target: RC9BoWr7bsn5ThsQeA6m9d1783355783476196901
2026/07/06 18:37:07 Found target: Yfj9dc9aZ5sc6MzJoZmaP61783355783474809800
2026/07/06 18:37:07 Found target: WjectcSXtXYALypFSHKKHj1783355783475722225
2026/07/06 18:37:07 Found target: vpsc5EyUeu2bgV5e5BQz2f1783355783477036272
2026/07/06 18:37:07 Found 4 targets
2026/07/06 18:37:07 [LB] Compatible tag found: function=mab_cost_aware_1783355782 tag=x86-tiny/gpu/nvidia arch=amd64 pattern="" ring_size=1
2026/07/06 18:37:07 [LB] Compatible tag found: function=mab_cost_aware_1783355782 tag=arm-tiny arch=amd64 pattern="" ring_size=1
2026/07/06 18:37:07 [LB] Compatible tag found: function=mab_cost_aware_1783355782 tag=x86-large arch=amd64 pattern="" ring_size=1
2026/07/06 18:37:07 [LB] Compatible tag found: function=mab_cost_aware_1783355782 tag=x86-tiny arch=amd64 pattern="" ring_size=1
2026/07/06 18:37:07 [LB] Compatible tags for function 'mab_cost_aware_1783355782': [x86-tiny/gpu/nvidia arm-tiny x86-large x86-tiny]
2026/07/06 18:37:07 [LB][MAB] event=before_select function=mab_cost_aware_1783355782 compatible_tags=[x86-tiny/gpu/nvidia arm-tiny x86-large x86-tiny] has_context=true
2026/07/06 18:37:07 [MAB] event=arm_score ts=1783355827775 policy=UCB1 function=mab_cost_aware_1783355782 arm=x86-tiny score=-1.280849 count=39 avg_reward=-1.565618 total_counts=140
2026/07/06 18:37:07 [MAB] event=arm_score ts=1783355827775 policy=UCB1 function=mab_cost_aware_1783355782 arm=x86-tiny/gpu/nvidia score=-1.348456 count=2 avg_reward=-2.605964 total_counts=140
2026/07/06 18:37:07 [MAB] event=arm_score ts=1783355827775 policy=UCB1 function=mab_cost_aware_1783355782 arm=arm-tiny score=-1.276854 count=95 avg_reward=-1.459312 total_counts=140
2026/07/06 18:37:07 [MAB] event=arm_score ts=1783355827775 policy=UCB1 function=mab_cost_aware_1783355782 arm=x86-large score=-1.328118 count=4 avg_reward=-2.217310 total_counts=140
2026/07/06 18:37:07 [MAB] event=select_arm ts=1783355827775 policy=UCB1 function=mab_cost_aware_1783355782 selected_arm=arm-tiny reason=ucb_score score=-1.276854 total_counts=140 arms=[arm-tiny,x86-large,x86-tiny,x86-tiny/gpu/nvidia]
2026/07/06 18:37:07 [LB][MAB] event=after_select function=mab_cost_aware_1783355782 selected_tag=arm-tiny compatible_tags=[x86-tiny/gpu/nvidia arm-tiny x86-large x86-tiny]
2026/07/06 18:37:07 Candidate has: 512 MB free memory. Function needs: 128 MB
2026/07/06 18:37:07 [LB] Selected target for function 'mab_cost_aware_1783355782': target_tag=arm-tiny candidate=RC9BoWr7bsn5ThsQeA6m9d1783355783476196901 candidate_tag=arm-tiny
2026/07/06 18:37:07 [LB-Update] Node RC9BoWr7bsn5ThsQeA6m9d1783355783476196901 reported 512 MB free
2026/07/06 18:37:07 [MAB] event=reward_breakdown ts=1783355827779 policy=UCB1 function=mab_cost_aware_1783355782 arm=arm-tiny base_tag=arm-tiny architecture=arm specialization=tiny capabilities=[] duration_ms=3.039403 latency_reward=-1.111661 cost_weight=0.600000 cost_factor=0.400000 cost_term=0.240000 energy_weight=0.200000 energy_factor=0.600000 energy_term=0.120000 memory_weight=0.000000 memory_penalty=0.000000 memory_term=0.000000 final_reward=-1.471661
2026/07/06 18:37:07 [MAB] event=update_reward ts=1783355827779 policy=UCB1 function=mab_cost_aware_1783355782 arm=arm-tiny duration_ms=3.039403 warm_start=true reward=-1.471661 count=96 avg_reward=-1.459441 total_counts=141
2026/07/06 18:37:08 [LB] Compatible tag found: function=mab_cost_aware_1783355782 tag=x86-tiny/gpu/nvidia arch=amd64 pattern="" ring_size=1
2026/07/06 18:37:08 [LB] Compatible tag found: function=mab_cost_aware_1783355782 tag=arm-tiny arch=amd64 pattern="" ring_size=1
2026/07/06 18:37:08 [LB] Compatible tag found: function=mab_cost_aware_1783355782 tag=x86-large arch=amd64 pattern="" ring_size=1
2026/07/06 18:37:08 [LB] Compatible tag found: function=mab_cost_aware_1783355782 tag=x86-tiny arch=amd64 pattern="" ring_size=1
2026/07/06 18:37:08 [LB] Compatible tags for function 'mab_cost_aware_1783355782': [x86-tiny/gpu/nvidia arm-tiny x86-large x86-tiny]
2026/07/06 18:37:08 [LB][MAB] event=before_select function=mab_cost_aware_1783355782 compatible_tags=[x86-tiny/gpu/nvidia arm-tiny x86-large x86-tiny] has_context=true
2026/07/06 18:37:08 [MAB] event=arm_score ts=1783355828001 policy=UCB1 function=mab_cost_aware_1783355782 arm=x86-tiny/gpu/nvidia score=-1.347551 count=2 avg_reward=-2.605964 total_counts=141
2026/07/06 18:37:08 [MAB] event=arm_score ts=1783355828001 policy=UCB1 function=mab_cost_aware_1783355782 arm=arm-tiny score=-1.277805 count=96 avg_reward=-1.459441 total_counts=141
2026/07/06 18:37:08 [MAB] event=arm_score ts=1783355828001 policy=UCB1 function=mab_cost_aware_1783355782 arm=x86-large score=-1.327478 count=4 avg_reward=-2.217310 total_counts=141
2026/07/06 18:37:08 [MAB] event=arm_score ts=1783355828001 policy=UCB1 function=mab_cost_aware_1783355782 arm=x86-tiny score=-1.280644 count=39 avg_reward=-1.565618 total_counts=141
2026/07/06 18:37:08 [MAB] event=select_arm ts=1783355828001 policy=UCB1 function=mab_cost_aware_1783355782 selected_arm=arm-tiny reason=ucb_score score=-1.277805 total_counts=141 arms=[arm-tiny,x86-large,x86-tiny,x86-tiny/gpu/nvidia]
2026/07/06 18:37:08 [LB][MAB] event=after_select function=mab_cost_aware_1783355782 selected_tag=arm-tiny compatible_tags=[x86-tiny/gpu/nvidia arm-tiny x86-large x86-tiny]
2026/07/06 18:37:08 Candidate has: 512 MB free memory. Function needs: 128 MB
2026/07/06 18:37:08 [LB] Selected target for function 'mab_cost_aware_1783355782': target_tag=arm-tiny candidate=RC9BoWr7bsn5ThsQeA6m9d1783355783476196901 candidate_tag=arm-tiny
2026/07/06 18:37:08 [LB-Update] Node RC9BoWr7bsn5ThsQeA6m9d1783355783476196901 reported 512 MB free
2026/07/06 18:37:08 [MAB] event=reward_breakdown ts=1783355828005 policy=UCB1 function=mab_cost_aware_1783355782 arm=arm-tiny base_tag=arm-tiny architecture=arm specialization=tiny capabilities=[] duration_ms=2.972656 latency_reward=-1.089456 cost_weight=0.600000 cost_factor=0.400000 cost_term=0.240000 energy_weight=0.200000 energy_factor=0.600000 energy_term=0.120000 memory_weight=0.000000 memory_penalty=0.000000 memory_term=0.000000 final_reward=-1.449456
2026/07/06 18:37:08 [MAB] event=update_reward ts=1783355828005 policy=UCB1 function=mab_cost_aware_1783355782 arm=arm-tiny duration_ms=2.972656 warm_start=true reward=-1.449456 count=97 avg_reward=-1.459338 total_counts=142
2026/07/06 18:37:08 [LB] Compatible tag found: function=mab_cost_aware_1783355782 tag=x86-tiny/gpu/nvidia arch=amd64 pattern="" ring_size=1
2026/07/06 18:37:08 [LB] Compatible tag found: function=mab_cost_aware_1783355782 tag=arm-tiny arch=amd64 pattern="" ring_size=1
2026/07/06 18:37:08 [LB] Compatible tag found: function=mab_cost_aware_1783355782 tag=x86-large arch=amd64 pattern="" ring_size=1
2026/07/06 18:37:08 [LB] Compatible tag found: function=mab_cost_aware_1783355782 tag=x86-tiny arch=amd64 pattern="" ring_size=1
2026/07/06 18:37:08 [LB] Compatible tags for function 'mab_cost_aware_1783355782': [x86-tiny/gpu/nvidia arm-tiny x86-large x86-tiny]
2026/07/06 18:37:08 [LB][MAB] event=before_select function=mab_cost_aware_1783355782 compatible_tags=[x86-tiny/gpu/nvidia arm-tiny x86-large x86-tiny] has_context=true
2026/07/06 18:37:08 [MAB] event=arm_score ts=1783355828223 policy=UCB1 function=mab_cost_aware_1783355782 arm=x86-tiny/gpu/nvidia score=-1.346653 count=2 avg_reward=-2.605964 total_counts=142
2026/07/06 18:37:08 [MAB] event=arm_score ts=1783355828223 policy=UCB1 function=mab_cost_aware_1783355782 arm=arm-tiny score=-1.278511 count=97 avg_reward=-1.459338 total_counts=142
2026/07/06 18:37:08 [MAB] event=arm_score ts=1783355828223 policy=UCB1 function=mab_cost_aware_1783355782 arm=x86-large score=-1.326843 count=4 avg_reward=-2.217310 total_counts=142
2026/07/06 18:37:08 [MAB] event=arm_score ts=1783355828223 policy=UCB1 function=mab_cost_aware_1783355782 arm=x86-tiny score=-1.280440 count=39 avg_reward=-1.565618 total_counts=142
2026/07/06 18:37:08 [MAB] event=select_arm ts=1783355828223 policy=UCB1 function=mab_cost_aware_1783355782 selected_arm=arm-tiny reason=ucb_score score=-1.278511 total_counts=142 arms=[arm-tiny,x86-large,x86-tiny,x86-tiny/gpu/nvidia]
2026/07/06 18:37:08 [LB][MAB] event=after_select function=mab_cost_aware_1783355782 selected_tag=arm-tiny compatible_tags=[x86-tiny/gpu/nvidia arm-tiny x86-large x86-tiny]
2026/07/06 18:37:08 Candidate has: 512 MB free memory. Function needs: 128 MB
2026/07/06 18:37:08 [LB] Selected target for function 'mab_cost_aware_1783355782': target_tag=arm-tiny candidate=RC9BoWr7bsn5ThsQeA6m9d1783355783476196901 candidate_tag=arm-tiny
2026/07/06 18:37:08 [LB-Update] Node RC9BoWr7bsn5ThsQeA6m9d1783355783476196901 reported 512 MB free
2026/07/06 18:37:08 [MAB] event=reward_breakdown ts=1783355828227 policy=UCB1 function=mab_cost_aware_1783355782 arm=arm-tiny base_tag=arm-tiny architecture=arm specialization=tiny capabilities=[] duration_ms=3.021253 latency_reward=-1.105672 cost_weight=0.600000 cost_factor=0.400000 cost_term=0.240000 energy_weight=0.200000 energy_factor=0.600000 energy_term=0.120000 memory_weight=0.000000 memory_penalty=0.000000 memory_term=0.000000 final_reward=-1.465672
2026/07/06 18:37:08 [MAB] event=update_reward ts=1783355828227 policy=UCB1 function=mab_cost_aware_1783355782 arm=arm-tiny duration_ms=3.021253 warm_start=true reward=-1.465672 count=98 avg_reward=-1.459403 total_counts=143
2026/07/06 18:37:08 [LB] Compatible tag found: function=mab_cost_aware_1783355782 tag=x86-tiny/gpu/nvidia arch=amd64 pattern="" ring_size=1
2026/07/06 18:37:08 [LB] Compatible tag found: function=mab_cost_aware_1783355782 tag=arm-tiny arch=amd64 pattern="" ring_size=1
2026/07/06 18:37:08 [LB] Compatible tag found: function=mab_cost_aware_1783355782 tag=x86-large arch=amd64 pattern="" ring_size=1
2026/07/06 18:37:08 [LB] Compatible tag found: function=mab_cost_aware_1783355782 tag=x86-tiny arch=amd64 pattern="" ring_size=1
2026/07/06 18:37:08 [LB] Compatible tags for function 'mab_cost_aware_1783355782': [x86-tiny/gpu/nvidia arm-tiny x86-large x86-tiny]
2026/07/06 18:37:08 [LB][MAB] event=before_select function=mab_cost_aware_1783355782 compatible_tags=[x86-tiny/gpu/nvidia arm-tiny x86-large x86-tiny] has_context=true
2026/07/06 18:37:08 [MAB] event=arm_score ts=1783355828447 policy=UCB1 function=mab_cost_aware_1783355782 arm=x86-tiny/gpu/nvidia score=-1.345761 count=2 avg_reward=-2.605964 total_counts=143
2026/07/06 18:37:08 [MAB] event=arm_score ts=1783355828447 policy=UCB1 function=mab_cost_aware_1783355782 arm=arm-tiny score=-1.279374 count=98 avg_reward=-1.459403 total_counts=143
2026/07/06 18:37:08 [MAB] event=arm_score ts=1783355828447 policy=UCB1 function=mab_cost_aware_1783355782 arm=x86-large score=-1.326212 count=4 avg_reward=-2.217310 total_counts=143
2026/07/06 18:37:08 [MAB] event=arm_score ts=1783355828447 policy=UCB1 function=mab_cost_aware_1783355782 arm=x86-tiny score=-1.280238 count=39 avg_reward=-1.565618 total_counts=143
2026/07/06 18:37:08 [MAB] event=select_arm ts=1783355828447 policy=UCB1 function=mab_cost_aware_1783355782 selected_arm=arm-tiny reason=ucb_score score=-1.279374 total_counts=143 arms=[arm-tiny,x86-large,x86-tiny,x86-tiny/gpu/nvidia]
2026/07/06 18:37:08 [LB][MAB] event=after_select function=mab_cost_aware_1783355782 selected_tag=arm-tiny compatible_tags=[x86-tiny/gpu/nvidia arm-tiny x86-large x86-tiny]
2026/07/06 18:37:08 Candidate has: 512 MB free memory. Function needs: 128 MB
2026/07/06 18:37:08 [LB] Selected target for function 'mab_cost_aware_1783355782': target_tag=arm-tiny candidate=RC9BoWr7bsn5ThsQeA6m9d1783355783476196901 candidate_tag=arm-tiny
2026/07/06 18:37:08 [LB-Update] Node RC9BoWr7bsn5ThsQeA6m9d1783355783476196901 reported 512 MB free
2026/07/06 18:37:08 [MAB] event=reward_breakdown ts=1783355828450 policy=UCB1 function=mab_cost_aware_1783355782 arm=arm-tiny base_tag=arm-tiny architecture=arm specialization=tiny capabilities=[] duration_ms=2.565082 latency_reward=-0.941990 cost_weight=0.600000 cost_factor=0.400000 cost_term=0.240000 energy_weight=0.200000 energy_factor=0.600000 energy_term=0.120000 memory_weight=0.000000 memory_penalty=0.000000 memory_term=0.000000 final_reward=-1.301990
2026/07/06 18:37:08 [MAB] event=update_reward ts=1783355828450 policy=UCB1 function=mab_cost_aware_1783355782 arm=arm-tiny duration_ms=2.565082 warm_start=true reward=-1.301990 count=99 avg_reward=-1.457813 total_counts=144
2026/07/06 18:37:08 [LB] Compatible tag found: function=mab_cost_aware_1783355782 tag=x86-tiny/gpu/nvidia arch=amd64 pattern="" ring_size=1
2026/07/06 18:37:08 [LB] Compatible tag found: function=mab_cost_aware_1783355782 tag=arm-tiny arch=amd64 pattern="" ring_size=1
2026/07/06 18:37:08 [LB] Compatible tag found: function=mab_cost_aware_1783355782 tag=x86-large arch=amd64 pattern="" ring_size=1
2026/07/06 18:37:08 [LB] Compatible tag found: function=mab_cost_aware_1783355782 tag=x86-tiny arch=amd64 pattern="" ring_size=1
2026/07/06 18:37:08 [LB] Compatible tags for function 'mab_cost_aware_1783355782': [x86-tiny/gpu/nvidia arm-tiny x86-large x86-tiny]
2026/07/06 18:37:08 [LB][MAB] event=before_select function=mab_cost_aware_1783355782 compatible_tags=[x86-tiny/gpu/nvidia arm-tiny x86-large x86-tiny] has_context=true
2026/07/06 18:37:08 [MAB] event=arm_score ts=1783355828667 policy=UCB1 function=mab_cost_aware_1783355782 arm=arm-tiny score=-1.278569 count=99 avg_reward=-1.457813 total_counts=144
2026/07/06 18:37:08 [MAB] event=arm_score ts=1783355828667 policy=UCB1 function=mab_cost_aware_1783355782 arm=x86-large score=-1.325587 count=4 avg_reward=-2.217310 total_counts=144
2026/07/06 18:37:08 [MAB] event=arm_score ts=1783355828667 policy=UCB1 function=mab_cost_aware_1783355782 arm=x86-tiny score=-1.280038 count=39 avg_reward=-1.565618 total_counts=144
2026/07/06 18:37:08 [MAB] event=arm_score ts=1783355828667 policy=UCB1 function=mab_cost_aware_1783355782 arm=x86-tiny/gpu/nvidia score=-1.344877 count=2 avg_reward=-2.605964 total_counts=144
2026/07/06 18:37:08 [MAB] event=select_arm ts=1783355828667 policy=UCB1 function=mab_cost_aware_1783355782 selected_arm=arm-tiny reason=ucb_score score=-1.278569 total_counts=144 arms=[arm-tiny,x86-large,x86-tiny,x86-tiny/gpu/nvidia]
2026/07/06 18:37:08 [LB][MAB] event=after_select function=mab_cost_aware_1783355782 selected_tag=arm-tiny compatible_tags=[x86-tiny/gpu/nvidia arm-tiny x86-large x86-tiny]
2026/07/06 18:37:08 Candidate has: 512 MB free memory. Function needs: 128 MB
2026/07/06 18:37:08 [LB] Selected target for function 'mab_cost_aware_1783355782': target_tag=arm-tiny candidate=RC9BoWr7bsn5ThsQeA6m9d1783355783476196901 candidate_tag=arm-tiny
2026/07/06 18:37:08 [LB-Update] Node RC9BoWr7bsn5ThsQeA6m9d1783355783476196901 reported 512 MB free
2026/07/06 18:37:08 [MAB] event=reward_breakdown ts=1783355828671 policy=UCB1 function=mab_cost_aware_1783355782 arm=arm-tiny base_tag=arm-tiny architecture=arm specialization=tiny capabilities=[] duration_ms=2.779236 latency_reward=-1.022176 cost_weight=0.600000 cost_factor=0.400000 cost_term=0.240000 energy_weight=0.200000 energy_factor=0.600000 energy_term=0.120000 memory_weight=0.000000 memory_penalty=0.000000 memory_term=0.000000 final_reward=-1.382176
2026/07/06 18:37:08 [MAB] event=update_reward ts=1783355828671 policy=UCB1 function=mab_cost_aware_1783355782 arm=arm-tiny duration_ms=2.779236 warm_start=true reward=-1.382176 count=100 avg_reward=-1.457056 total_counts=145
2026/07/06 18:37:08 [LB] Compatible tag found: function=mab_cost_aware_1783355782 tag=x86-tiny/gpu/nvidia arch=amd64 pattern="" ring_size=1
2026/07/06 18:37:08 [LB] Compatible tag found: function=mab_cost_aware_1783355782 tag=arm-tiny arch=amd64 pattern="" ring_size=1
2026/07/06 18:37:08 [LB] Compatible tag found: function=mab_cost_aware_1783355782 tag=x86-large arch=amd64 pattern="" ring_size=1
2026/07/06 18:37:08 [LB] Compatible tag found: function=mab_cost_aware_1783355782 tag=x86-tiny arch=amd64 pattern="" ring_size=1
2026/07/06 18:37:08 [LB] Compatible tags for function 'mab_cost_aware_1783355782': [x86-tiny/gpu/nvidia arm-tiny x86-large x86-tiny]
2026/07/06 18:37:08 [LB][MAB] event=before_select function=mab_cost_aware_1783355782 compatible_tags=[x86-tiny/gpu/nvidia arm-tiny x86-large x86-tiny] has_context=true
2026/07/06 18:37:08 [MAB] event=arm_score ts=1783355828891 policy=UCB1 function=mab_cost_aware_1783355782 arm=x86-tiny/gpu/nvidia score=-1.343999 count=2 avg_reward=-2.605964 total_counts=145
2026/07/06 18:37:08 [MAB] event=arm_score ts=1783355828891 policy=UCB1 function=mab_cost_aware_1783355782 arm=arm-tiny score=-1.278587 count=100 avg_reward=-1.457056 total_counts=145
2026/07/06 18:37:08 [MAB] event=arm_score ts=1783355828891 policy=UCB1 function=mab_cost_aware_1783355782 arm=x86-large score=-1.324966 count=4 avg_reward=-2.217310 total_counts=145
2026/07/06 18:37:08 [MAB] event=arm_score ts=1783355828891 policy=UCB1 function=mab_cost_aware_1783355782 arm=x86-tiny score=-1.279839 count=39 avg_reward=-1.565618 total_counts=145
2026/07/06 18:37:08 [MAB] event=select_arm ts=1783355828891 policy=UCB1 function=mab_cost_aware_1783355782 selected_arm=arm-tiny reason=ucb_score score=-1.278587 total_counts=145 arms=[arm-tiny,x86-large,x86-tiny,x86-tiny/gpu/nvidia]
2026/07/06 18:37:08 [LB][MAB] event=after_select function=mab_cost_aware_1783355782 selected_tag=arm-tiny compatible_tags=[x86-tiny/gpu/nvidia arm-tiny x86-large x86-tiny]
2026/07/06 18:37:08 Candidate has: 512 MB free memory. Function needs: 128 MB
2026/07/06 18:37:08 [LB] Selected target for function 'mab_cost_aware_1783355782': target_tag=arm-tiny candidate=RC9BoWr7bsn5ThsQeA6m9d1783355783476196901 candidate_tag=arm-tiny
2026/07/06 18:37:08 [LB-Update] Node RC9BoWr7bsn5ThsQeA6m9d1783355783476196901 reported 512 MB free
2026/07/06 18:37:08 [MAB] event=reward_breakdown ts=1783355828895 policy=UCB1 function=mab_cost_aware_1783355782 arm=arm-tiny base_tag=arm-tiny architecture=arm specialization=tiny capabilities=[] duration_ms=2.681102 latency_reward=-0.986228 cost_weight=0.600000 cost_factor=0.400000 cost_term=0.240000 energy_weight=0.200000 energy_factor=0.600000 energy_term=0.120000 memory_weight=0.000000 memory_penalty=0.000000 memory_term=0.000000 final_reward=-1.346228
2026/07/06 18:37:08 [MAB] event=update_reward ts=1783355828895 policy=UCB1 function=mab_cost_aware_1783355782 arm=arm-tiny duration_ms=2.681102 warm_start=true reward=-1.346228 count=101 avg_reward=-1.455959 total_counts=146
2026/07/06 18:37:09 [LB] Compatible tag found: function=mab_cost_aware_1783355782 tag=x86-tiny/gpu/nvidia arch=amd64 pattern="" ring_size=1
2026/07/06 18:37:09 [LB] Compatible tag found: function=mab_cost_aware_1783355782 tag=arm-tiny arch=amd64 pattern="" ring_size=1
2026/07/06 18:37:09 [LB] Compatible tag found: function=mab_cost_aware_1783355782 tag=x86-large arch=amd64 pattern="" ring_size=1
2026/07/06 18:37:09 [LB] Compatible tag found: function=mab_cost_aware_1783355782 tag=x86-tiny arch=amd64 pattern="" ring_size=1
2026/07/06 18:37:09 [LB] Compatible tags for function 'mab_cost_aware_1783355782': [x86-tiny/gpu/nvidia arm-tiny x86-large x86-tiny]
2026/07/06 18:37:09 [LB][MAB] event=before_select function=mab_cost_aware_1783355782 compatible_tags=[x86-tiny/gpu/nvidia arm-tiny x86-large x86-tiny] has_context=true
2026/07/06 18:37:09 [MAB] event=arm_score ts=1783355829114 policy=UCB1 function=mab_cost_aware_1783355782 arm=x86-tiny/gpu/nvidia score=-1.343128 count=2 avg_reward=-2.605964 total_counts=146
2026/07/06 18:37:09 [MAB] event=arm_score ts=1783355829114 policy=UCB1 function=mab_cost_aware_1783355782 arm=arm-tiny score=-1.278253 count=101 avg_reward=-1.455959 total_counts=146
2026/07/06 18:37:09 [MAB] event=arm_score ts=1783355829114 policy=UCB1 function=mab_cost_aware_1783355782 arm=x86-large score=-1.324350 count=4 avg_reward=-2.217310 total_counts=146
2026/07/06 18:37:09 [MAB] event=arm_score ts=1783355829114 policy=UCB1 function=mab_cost_aware_1783355782 arm=x86-tiny score=-1.279642 count=39 avg_reward=-1.565618 total_counts=146
2026/07/06 18:37:09 [MAB] event=select_arm ts=1783355829114 policy=UCB1 function=mab_cost_aware_1783355782 selected_arm=arm-tiny reason=ucb_score score=-1.278253 total_counts=146 arms=[arm-tiny,x86-large,x86-tiny,x86-tiny/gpu/nvidia]
2026/07/06 18:37:09 [LB][MAB] event=after_select function=mab_cost_aware_1783355782 selected_tag=arm-tiny compatible_tags=[x86-tiny/gpu/nvidia arm-tiny x86-large x86-tiny]
2026/07/06 18:37:09 Candidate has: 512 MB free memory. Function needs: 128 MB
2026/07/06 18:37:09 [LB] Selected target for function 'mab_cost_aware_1783355782': target_tag=arm-tiny candidate=RC9BoWr7bsn5ThsQeA6m9d1783355783476196901 candidate_tag=arm-tiny
2026/07/06 18:37:09 [LB-Update] Node RC9BoWr7bsn5ThsQeA6m9d1783355783476196901 reported 512 MB free
2026/07/06 18:37:09 [MAB] event=reward_breakdown ts=1783355829117 policy=UCB1 function=mab_cost_aware_1783355782 arm=arm-tiny base_tag=arm-tiny architecture=arm specialization=tiny capabilities=[] duration_ms=2.628763 latency_reward=-0.966513 cost_weight=0.600000 cost_factor=0.400000 cost_term=0.240000 energy_weight=0.200000 energy_factor=0.600000 energy_term=0.120000 memory_weight=0.000000 memory_penalty=0.000000 memory_term=0.000000 final_reward=-1.326513
2026/07/06 18:37:09 [MAB] event=update_reward ts=1783355829117 policy=UCB1 function=mab_cost_aware_1783355782 arm=arm-tiny duration_ms=2.628763 warm_start=true reward=-1.326513 count=102 avg_reward=-1.454690 total_counts=147
2026/07/06 18:37:09 [LB] Compatible tag found: function=mab_cost_aware_1783355782 tag=x86-tiny/gpu/nvidia arch=amd64 pattern="" ring_size=1
2026/07/06 18:37:09 [LB] Compatible tag found: function=mab_cost_aware_1783355782 tag=arm-tiny arch=amd64 pattern="" ring_size=1
2026/07/06 18:37:09 [LB] Compatible tag found: function=mab_cost_aware_1783355782 tag=x86-large arch=amd64 pattern="" ring_size=1
2026/07/06 18:37:09 [LB] Compatible tag found: function=mab_cost_aware_1783355782 tag=x86-tiny arch=amd64 pattern="" ring_size=1
2026/07/06 18:37:09 [LB] Compatible tags for function 'mab_cost_aware_1783355782': [x86-tiny/gpu/nvidia arm-tiny x86-large x86-tiny]
2026/07/06 18:37:09 [LB][MAB] event=before_select function=mab_cost_aware_1783355782 compatible_tags=[x86-tiny/gpu/nvidia arm-tiny x86-large x86-tiny] has_context=true
2026/07/06 18:37:09 [MAB] event=arm_score ts=1783355829337 policy=UCB1 function=mab_cost_aware_1783355782 arm=x86-tiny/gpu/nvidia score=-1.342263 count=2 avg_reward=-2.605964 total_counts=147
2026/07/06 18:37:09 [MAB] event=arm_score ts=1783355829337 policy=UCB1 function=mab_cost_aware_1783355782 arm=arm-tiny score=-1.277736 count=102 avg_reward=-1.454690 total_counts=147
2026/07/06 18:37:09 [MAB] event=arm_score ts=1783355829337 policy=UCB1 function=mab_cost_aware_1783355782 arm=x86-large score=-1.323739 count=4 avg_reward=-2.217310 total_counts=147
2026/07/06 18:37:09 [MAB] event=arm_score ts=1783355829337 policy=UCB1 function=mab_cost_aware_1783355782 arm=x86-tiny score=-1.279446 count=39 avg_reward=-1.565618 total_counts=147
2026/07/06 18:37:09 [MAB] event=select_arm ts=1783355829337 policy=UCB1 function=mab_cost_aware_1783355782 selected_arm=arm-tiny reason=ucb_score score=-1.277736 total_counts=147 arms=[arm-tiny,x86-large,x86-tiny,x86-tiny/gpu/nvidia]
2026/07/06 18:37:09 [LB][MAB] event=after_select function=mab_cost_aware_1783355782 selected_tag=arm-tiny compatible_tags=[x86-tiny/gpu/nvidia arm-tiny x86-large x86-tiny]
2026/07/06 18:37:09 Candidate has: 512 MB free memory. Function needs: 128 MB
2026/07/06 18:37:09 [LB] Selected target for function 'mab_cost_aware_1783355782': target_tag=arm-tiny candidate=RC9BoWr7bsn5ThsQeA6m9d1783355783476196901 candidate_tag=arm-tiny
2026/07/06 18:37:09 [LB-Update] Node RC9BoWr7bsn5ThsQeA6m9d1783355783476196901 reported 512 MB free
2026/07/06 18:37:09 [MAB] event=reward_breakdown ts=1783355829340 policy=UCB1 function=mab_cost_aware_1783355782 arm=arm-tiny base_tag=arm-tiny architecture=arm specialization=tiny capabilities=[] duration_ms=2.476307 latency_reward=-0.906768 cost_weight=0.600000 cost_factor=0.400000 cost_term=0.240000 energy_weight=0.200000 energy_factor=0.600000 energy_term=0.120000 memory_weight=0.000000 memory_penalty=0.000000 memory_term=0.000000 final_reward=-1.266768
2026/07/06 18:37:09 [MAB] event=update_reward ts=1783355829340 policy=UCB1 function=mab_cost_aware_1783355782 arm=arm-tiny duration_ms=2.476307 warm_start=true reward=-1.266768 count=103 avg_reward=-1.452865 total_counts=148
2026/07/06 18:37:09 [LB] Compatible tag found: function=mab_cost_aware_1783355782 tag=x86-tiny/gpu/nvidia arch=amd64 pattern="" ring_size=1
2026/07/06 18:37:09 [LB] Compatible tag found: function=mab_cost_aware_1783355782 tag=arm-tiny arch=amd64 pattern="" ring_size=1
2026/07/06 18:37:09 [LB] Compatible tag found: function=mab_cost_aware_1783355782 tag=x86-large arch=amd64 pattern="" ring_size=1
2026/07/06 18:37:09 [LB] Compatible tag found: function=mab_cost_aware_1783355782 tag=x86-tiny arch=amd64 pattern="" ring_size=1
2026/07/06 18:37:09 [LB] Compatible tags for function 'mab_cost_aware_1783355782': [x86-tiny/gpu/nvidia arm-tiny x86-large x86-tiny]
2026/07/06 18:37:09 [LB][MAB] event=before_select function=mab_cost_aware_1783355782 compatible_tags=[x86-tiny/gpu/nvidia arm-tiny x86-large x86-tiny] has_context=true
2026/07/06 18:37:09 [MAB] event=arm_score ts=1783355829559 policy=UCB1 function=mab_cost_aware_1783355782 arm=x86-tiny/gpu/nvidia score=-1.341405 count=2 avg_reward=-2.605964 total_counts=148
2026/07/06 18:37:09 [MAB] event=arm_score ts=1783355829559 policy=UCB1 function=mab_cost_aware_1783355782 arm=arm-tiny score=-1.276653 count=103 avg_reward=-1.452865 total_counts=148
2026/07/06 18:37:09 [MAB] event=arm_score ts=1783355829559 policy=UCB1 function=mab_cost_aware_1783355782 arm=x86-large score=-1.323132 count=4 avg_reward=-2.217310 total_counts=148
2026/07/06 18:37:09 [MAB] event=arm_score ts=1783355829559 policy=UCB1 function=mab_cost_aware_1783355782 arm=x86-tiny score=-1.279252 count=39 avg_reward=-1.565618 total_counts=148
2026/07/06 18:37:09 [MAB] event=select_arm ts=1783355829559 policy=UCB1 function=mab_cost_aware_1783355782 selected_arm=arm-tiny reason=ucb_score score=-1.276653 total_counts=148 arms=[arm-tiny,x86-large,x86-tiny,x86-tiny/gpu/nvidia]
2026/07/06 18:37:09 [LB][MAB] event=after_select function=mab_cost_aware_1783355782 selected_tag=arm-tiny compatible_tags=[x86-tiny/gpu/nvidia arm-tiny x86-large x86-tiny]
2026/07/06 18:37:09 Candidate has: 512 MB free memory. Function needs: 128 MB
2026/07/06 18:37:09 [LB] Selected target for function 'mab_cost_aware_1783355782': target_tag=arm-tiny candidate=RC9BoWr7bsn5ThsQeA6m9d1783355783476196901 candidate_tag=arm-tiny
2026/07/06 18:37:09 [LB-Update] Node RC9BoWr7bsn5ThsQeA6m9d1783355783476196901 reported 512 MB free
2026/07/06 18:37:09 [MAB] event=reward_breakdown ts=1783355829563 policy=UCB1 function=mab_cost_aware_1783355782 arm=arm-tiny base_tag=arm-tiny architecture=arm specialization=tiny capabilities=[] duration_ms=2.385380 latency_reward=-0.869358 cost_weight=0.600000 cost_factor=0.400000 cost_term=0.240000 energy_weight=0.200000 energy_factor=0.600000 energy_term=0.120000 memory_weight=0.000000 memory_penalty=0.000000 memory_term=0.000000 final_reward=-1.229358
2026/07/06 18:37:09 [MAB] event=update_reward ts=1783355829563 policy=UCB1 function=mab_cost_aware_1783355782 arm=arm-tiny duration_ms=2.385380 warm_start=true reward=-1.229358 count=104 avg_reward=-1.450716 total_counts=149
2026/07/06 18:37:09 [LB] Compatible tag found: function=mab_cost_aware_1783355782 tag=x86-tiny/gpu/nvidia arch=amd64 pattern="" ring_size=1
2026/07/06 18:37:09 [LB] Compatible tag found: function=mab_cost_aware_1783355782 tag=arm-tiny arch=amd64 pattern="" ring_size=1
2026/07/06 18:37:09 [LB] Compatible tag found: function=mab_cost_aware_1783355782 tag=x86-large arch=amd64 pattern="" ring_size=1
2026/07/06 18:37:09 [LB] Compatible tag found: function=mab_cost_aware_1783355782 tag=x86-tiny arch=amd64 pattern="" ring_size=1
2026/07/06 18:37:09 [LB] Compatible tags for function 'mab_cost_aware_1783355782': [x86-tiny/gpu/nvidia arm-tiny x86-large x86-tiny]
2026/07/06 18:37:09 [LB][MAB] event=before_select function=mab_cost_aware_1783355782 compatible_tags=[x86-tiny/gpu/nvidia arm-tiny x86-large x86-tiny] has_context=true
2026/07/06 18:37:09 [MAB] event=arm_score ts=1783355829785 policy=UCB1 function=mab_cost_aware_1783355782 arm=x86-tiny/gpu/nvidia score=-1.340554 count=2 avg_reward=-2.605964 total_counts=149
2026/07/06 18:37:09 [MAB] event=arm_score ts=1783355829785 policy=UCB1 function=mab_cost_aware_1783355782 arm=arm-tiny score=-1.275235 count=104 avg_reward=-1.450716 total_counts=149
2026/07/06 18:37:09 [MAB] event=arm_score ts=1783355829785 policy=UCB1 function=mab_cost_aware_1783355782 arm=x86-large score=-1.322530 count=4 avg_reward=-2.217310 total_counts=149
2026/07/06 18:37:09 [MAB] event=arm_score ts=1783355829785 policy=UCB1 function=mab_cost_aware_1783355782 arm=x86-tiny score=-1.279059 count=39 avg_reward=-1.565618 total_counts=149
2026/07/06 18:37:09 [MAB] event=select_arm ts=1783355829785 policy=UCB1 function=mab_cost_aware_1783355782 selected_arm=arm-tiny reason=ucb_score score=-1.275235 total_counts=149 arms=[arm-tiny,x86-large,x86-tiny,x86-tiny/gpu/nvidia]
2026/07/06 18:37:09 [LB][MAB] event=after_select function=mab_cost_aware_1783355782 selected_tag=arm-tiny compatible_tags=[x86-tiny/gpu/nvidia arm-tiny x86-large x86-tiny]
2026/07/06 18:37:09 Candidate has: 512 MB free memory. Function needs: 128 MB
2026/07/06 18:37:09 [LB] Selected target for function 'mab_cost_aware_1783355782': target_tag=arm-tiny candidate=RC9BoWr7bsn5ThsQeA6m9d1783355783476196901 candidate_tag=arm-tiny
2026/07/06 18:37:09 [LB-Update] Node RC9BoWr7bsn5ThsQeA6m9d1783355783476196901 reported 512 MB free
2026/07/06 18:37:09 [MAB] event=reward_breakdown ts=1783355829790 policy=UCB1 function=mab_cost_aware_1783355782 arm=arm-tiny base_tag=arm-tiny architecture=arm specialization=tiny capabilities=[] duration_ms=3.163631 latency_reward=-1.151720 cost_weight=0.600000 cost_factor=0.400000 cost_term=0.240000 energy_weight=0.200000 energy_factor=0.600000 energy_term=0.120000 memory_weight=0.000000 memory_penalty=0.000000 memory_term=0.000000 final_reward=-1.511720
2026/07/06 18:37:09 [MAB] event=update_reward ts=1783355829790 policy=UCB1 function=mab_cost_aware_1783355782 arm=arm-tiny duration_ms=3.163631 warm_start=true reward=-1.511720 count=105 avg_reward=-1.451297 total_counts=150
2026/07/06 18:37:10 [LB] Compatible tag found: function=mab_cost_aware_1783355782 tag=x86-tiny/gpu/nvidia arch=amd64 pattern="" ring_size=1
2026/07/06 18:37:10 [LB] Compatible tag found: function=mab_cost_aware_1783355782 tag=arm-tiny arch=amd64 pattern="" ring_size=1
2026/07/06 18:37:10 [LB] Compatible tag found: function=mab_cost_aware_1783355782 tag=x86-large arch=amd64 pattern="" ring_size=1
2026/07/06 18:37:10 [LB] Compatible tag found: function=mab_cost_aware_1783355782 tag=x86-tiny arch=amd64 pattern="" ring_size=1
2026/07/06 18:37:10 [LB] Compatible tags for function 'mab_cost_aware_1783355782': [x86-tiny/gpu/nvidia arm-tiny x86-large x86-tiny]
2026/07/06 18:37:10 [LB][MAB] event=before_select function=mab_cost_aware_1783355782 compatible_tags=[x86-tiny/gpu/nvidia arm-tiny x86-large x86-tiny] has_context=true
2026/07/06 18:37:10 [MAB] event=arm_score ts=1783355830012 policy=UCB1 function=mab_cost_aware_1783355782 arm=arm-tiny score=-1.276537 count=105 avg_reward=-1.451297 total_counts=150
2026/07/06 18:37:10 [MAB] event=arm_score ts=1783355830012 policy=UCB1 function=mab_cost_aware_1783355782 arm=x86-large score=-1.321932 count=4 avg_reward=-2.217310 total_counts=150
2026/07/06 18:37:10 [MAB] event=arm_score ts=1783355830012 policy=UCB1 function=mab_cost_aware_1783355782 arm=x86-tiny score=-1.278868 count=39 avg_reward=-1.565618 total_counts=150
2026/07/06 18:37:10 [MAB] event=arm_score ts=1783355830012 policy=UCB1 function=mab_cost_aware_1783355782 arm=x86-tiny/gpu/nvidia score=-1.339708 count=2 avg_reward=-2.605964 total_counts=150
2026/07/06 18:37:10 [MAB] event=select_arm ts=1783355830012 policy=UCB1 function=mab_cost_aware_1783355782 selected_arm=arm-tiny reason=ucb_score score=-1.276537 total_counts=150 arms=[arm-tiny,x86-large,x86-tiny,x86-tiny/gpu/nvidia]
2026/07/06 18:37:10 [LB][MAB] event=after_select function=mab_cost_aware_1783355782 selected_tag=arm-tiny compatible_tags=[x86-tiny/gpu/nvidia arm-tiny x86-large x86-tiny]
2026/07/06 18:37:10 Candidate has: 512 MB free memory. Function needs: 128 MB
2026/07/06 18:37:10 [LB] Selected target for function 'mab_cost_aware_1783355782': target_tag=arm-tiny candidate=RC9BoWr7bsn5ThsQeA6m9d1783355783476196901 candidate_tag=arm-tiny
2026/07/06 18:37:10 [LB-Update] Node RC9BoWr7bsn5ThsQeA6m9d1783355783476196901 reported 512 MB free
2026/07/06 18:37:10 [MAB] event=reward_breakdown ts=1783355830016 policy=UCB1 function=mab_cost_aware_1783355782 arm=arm-tiny base_tag=arm-tiny architecture=arm specialization=tiny capabilities=[] duration_ms=2.951798 latency_reward=-1.082414 cost_weight=0.600000 cost_factor=0.400000 cost_term=0.240000 energy_weight=0.200000 energy_factor=0.600000 energy_term=0.120000 memory_weight=0.000000 memory_penalty=0.000000 memory_term=0.000000 final_reward=-1.442414
2026/07/06 18:37:10 [MAB] event=update_reward ts=1783355830016 policy=UCB1 function=mab_cost_aware_1783355782 arm=arm-tiny duration_ms=2.951798 warm_start=true reward=-1.442414 count=106 avg_reward=-1.451213 total_counts=151
2026/07/06 18:37:10 [LB] Compatible tag found: function=mab_cost_aware_1783355782 tag=x86-tiny/gpu/nvidia arch=amd64 pattern="" ring_size=1
2026/07/06 18:37:10 [LB] Compatible tag found: function=mab_cost_aware_1783355782 tag=arm-tiny arch=amd64 pattern="" ring_size=1
2026/07/06 18:37:10 [LB] Compatible tag found: function=mab_cost_aware_1783355782 tag=x86-large arch=amd64 pattern="" ring_size=1
2026/07/06 18:37:10 [LB] Compatible tag found: function=mab_cost_aware_1783355782 tag=x86-tiny arch=amd64 pattern="" ring_size=1
2026/07/06 18:37:10 [LB] Compatible tags for function 'mab_cost_aware_1783355782': [x86-tiny/gpu/nvidia arm-tiny x86-large x86-tiny]
2026/07/06 18:37:10 [LB][MAB] event=before_select function=mab_cost_aware_1783355782 compatible_tags=[x86-tiny/gpu/nvidia arm-tiny x86-large x86-tiny] has_context=true
2026/07/06 18:37:10 [MAB] event=arm_score ts=1783355830236 policy=UCB1 function=mab_cost_aware_1783355782 arm=x86-tiny/gpu/nvidia score=-1.338869 count=2 avg_reward=-2.605964 total_counts=151
2026/07/06 18:37:10 [MAB] event=arm_score ts=1783355830236 policy=UCB1 function=mab_cost_aware_1783355782 arm=arm-tiny score=-1.277165 count=106 avg_reward=-1.451213 total_counts=151
2026/07/06 18:37:10 [MAB] event=arm_score ts=1783355830237 policy=UCB1 function=mab_cost_aware_1783355782 arm=x86-large score=-1.321339 count=4 avg_reward=-2.217310 total_counts=151
2026/07/06 18:37:10 [MAB] event=arm_score ts=1783355830237 policy=UCB1 function=mab_cost_aware_1783355782 arm=x86-tiny score=-1.278678 count=39 avg_reward=-1.565618 total_counts=151
2026/07/06 18:37:10 [MAB] event=select_arm ts=1783355830237 policy=UCB1 function=mab_cost_aware_1783355782 selected_arm=arm-tiny reason=ucb_score score=-1.277165 total_counts=151 arms=[arm-tiny,x86-large,x86-tiny,x86-tiny/gpu/nvidia]
2026/07/06 18:37:10 [LB][MAB] event=after_select function=mab_cost_aware_1783355782 selected_tag=arm-tiny compatible_tags=[x86-tiny/gpu/nvidia arm-tiny x86-large x86-tiny]
2026/07/06 18:37:10 Candidate has: 512 MB free memory. Function needs: 128 MB
2026/07/06 18:37:10 [LB] Selected target for function 'mab_cost_aware_1783355782': target_tag=arm-tiny candidate=RC9BoWr7bsn5ThsQeA6m9d1783355783476196901 candidate_tag=arm-tiny
2026/07/06 18:37:10 [LB-Update] Node RC9BoWr7bsn5ThsQeA6m9d1783355783476196901 reported 512 MB free
2026/07/06 18:37:10 [MAB] event=reward_breakdown ts=1783355830240 policy=UCB1 function=mab_cost_aware_1783355782 arm=arm-tiny base_tag=arm-tiny architecture=arm specialization=tiny capabilities=[] duration_ms=2.611934 latency_reward=-0.960091 cost_weight=0.600000 cost_factor=0.400000 cost_term=0.240000 energy_weight=0.200000 energy_factor=0.600000 energy_term=0.120000 memory_weight=0.000000 memory_penalty=0.000000 memory_term=0.000000 final_reward=-1.320091
2026/07/06 18:37:10 [MAB] event=update_reward ts=1783355830240 policy=UCB1 function=mab_cost_aware_1783355782 arm=arm-tiny duration_ms=2.611934 warm_start=true reward=-1.320091 count=107 avg_reward=-1.449988 total_counts=152
2026/07/06 18:37:10 [LB] Compatible tag found: function=mab_cost_aware_1783355782 tag=x86-tiny/gpu/nvidia arch=amd64 pattern="" ring_size=1
2026/07/06 18:37:10 [LB] Compatible tag found: function=mab_cost_aware_1783355782 tag=arm-tiny arch=amd64 pattern="" ring_size=1
2026/07/06 18:37:10 [LB] Compatible tag found: function=mab_cost_aware_1783355782 tag=x86-large arch=amd64 pattern="" ring_size=1
2026/07/06 18:37:10 [LB] Compatible tag found: function=mab_cost_aware_1783355782 tag=x86-tiny arch=amd64 pattern="" ring_size=1
2026/07/06 18:37:10 [LB] Compatible tags for function 'mab_cost_aware_1783355782': [x86-tiny/gpu/nvidia arm-tiny x86-large x86-tiny]
2026/07/06 18:37:10 [LB][MAB] event=before_select function=mab_cost_aware_1783355782 compatible_tags=[x86-tiny/gpu/nvidia arm-tiny x86-large x86-tiny] has_context=true
2026/07/06 18:37:10 [MAB] event=arm_score ts=1783355830459 policy=UCB1 function=mab_cost_aware_1783355782 arm=x86-tiny/gpu/nvidia score=-1.338036 count=2 avg_reward=-2.605964 total_counts=152
2026/07/06 18:37:10 [MAB] event=arm_score ts=1783355830459 policy=UCB1 function=mab_cost_aware_1783355782 arm=arm-tiny score=-1.276640 count=107 avg_reward=-1.449988 total_counts=152
2026/07/06 18:37:10 [MAB] event=arm_score ts=1783355830459 policy=UCB1 function=mab_cost_aware_1783355782 arm=x86-large score=-1.320749 count=4 avg_reward=-2.217310 total_counts=152
2026/07/06 18:37:10 [MAB] event=arm_score ts=1783355830459 policy=UCB1 function=mab_cost_aware_1783355782 arm=x86-tiny score=-1.278489 count=39 avg_reward=-1.565618 total_counts=152
2026/07/06 18:37:10 [MAB] event=select_arm ts=1783355830459 policy=UCB1 function=mab_cost_aware_1783355782 selected_arm=arm-tiny reason=ucb_score score=-1.276640 total_counts=152 arms=[arm-tiny,x86-large,x86-tiny,x86-tiny/gpu/nvidia]
2026/07/06 18:37:10 [LB][MAB] event=after_select function=mab_cost_aware_1783355782 selected_tag=arm-tiny compatible_tags=[x86-tiny/gpu/nvidia arm-tiny x86-large x86-tiny]
2026/07/06 18:37:10 Candidate has: 512 MB free memory. Function needs: 128 MB
2026/07/06 18:37:10 [LB] Selected target for function 'mab_cost_aware_1783355782': target_tag=arm-tiny candidate=RC9BoWr7bsn5ThsQeA6m9d1783355783476196901 candidate_tag=arm-tiny
2026/07/06 18:37:10 [LB-Update] Node RC9BoWr7bsn5ThsQeA6m9d1783355783476196901 reported 512 MB free
2026/07/06 18:37:10 [MAB] event=reward_breakdown ts=1783355830463 policy=UCB1 function=mab_cost_aware_1783355782 arm=arm-tiny base_tag=arm-tiny architecture=arm specialization=tiny capabilities=[] duration_ms=2.879243 latency_reward=-1.057527 cost_weight=0.600000 cost_factor=0.400000 cost_term=0.240000 energy_weight=0.200000 energy_factor=0.600000 energy_term=0.120000 memory_weight=0.000000 memory_penalty=0.000000 memory_term=0.000000 final_reward=-1.417527
2026/07/06 18:37:10 [MAB] event=update_reward ts=1783355830463 policy=UCB1 function=mab_cost_aware_1783355782 arm=arm-tiny duration_ms=2.879243 warm_start=true reward=-1.417527 count=108 avg_reward=-1.449687 total_counts=153
2026/07/06 18:37:10 [LB]: Periodic targets update
2026/07/06 18:37:10 Found target: RC9BoWr7bsn5ThsQeA6m9d1783355783476196901
2026/07/06 18:37:10 Found target: Yfj9dc9aZ5sc6MzJoZmaP61783355783474809800
2026/07/06 18:37:10 Found target: WjectcSXtXYALypFSHKKHj1783355783475722225
2026/07/06 18:37:10 Found target: vpsc5EyUeu2bgV5e5BQz2f1783355783477036272
2026/07/06 18:37:10 Found 4 targets
2026/07/06 18:37:10 [LB] Compatible tag found: function=mab_cost_aware_1783355782 tag=x86-tiny/gpu/nvidia arch=amd64 pattern="" ring_size=1
2026/07/06 18:37:10 [LB] Compatible tag found: function=mab_cost_aware_1783355782 tag=arm-tiny arch=amd64 pattern="" ring_size=1
2026/07/06 18:37:10 [LB] Compatible tag found: function=mab_cost_aware_1783355782 tag=x86-large arch=amd64 pattern="" ring_size=1
2026/07/06 18:37:10 [LB] Compatible tag found: function=mab_cost_aware_1783355782 tag=x86-tiny arch=amd64 pattern="" ring_size=1
2026/07/06 18:37:10 [LB] Compatible tags for function 'mab_cost_aware_1783355782': [x86-tiny/gpu/nvidia arm-tiny x86-large x86-tiny]
2026/07/06 18:37:10 [LB][MAB] event=before_select function=mab_cost_aware_1783355782 compatible_tags=[x86-tiny/gpu/nvidia arm-tiny x86-large x86-tiny] has_context=true
2026/07/06 18:37:10 [MAB] event=arm_score ts=1783355830684 policy=UCB1 function=mab_cost_aware_1783355782 arm=x86-tiny/gpu/nvidia score=-1.337208 count=2 avg_reward=-2.605964 total_counts=153
2026/07/06 18:37:10 [MAB] event=arm_score ts=1783355830684 policy=UCB1 function=mab_cost_aware_1783355782 arm=arm-tiny score=-1.277032 count=108 avg_reward=-1.449687 total_counts=153
2026/07/06 18:37:10 [MAB] event=arm_score ts=1783355830684 policy=UCB1 function=mab_cost_aware_1783355782 arm=x86-large score=-1.320164 count=4 avg_reward=-2.217310 total_counts=153
2026/07/06 18:37:10 [MAB] event=arm_score ts=1783355830684 policy=UCB1 function=mab_cost_aware_1783355782 arm=x86-tiny score=-1.278302 count=39 avg_reward=-1.565618 total_counts=153
2026/07/06 18:37:10 [MAB] event=select_arm ts=1783355830684 policy=UCB1 function=mab_cost_aware_1783355782 selected_arm=arm-tiny reason=ucb_score score=-1.277032 total_counts=153 arms=[arm-tiny,x86-large,x86-tiny,x86-tiny/gpu/nvidia]
2026/07/06 18:37:10 [LB][MAB] event=after_select function=mab_cost_aware_1783355782 selected_tag=arm-tiny compatible_tags=[x86-tiny/gpu/nvidia arm-tiny x86-large x86-tiny]
2026/07/06 18:37:10 Candidate has: 512 MB free memory. Function needs: 128 MB
2026/07/06 18:37:10 [LB] Selected target for function 'mab_cost_aware_1783355782': target_tag=arm-tiny candidate=RC9BoWr7bsn5ThsQeA6m9d1783355783476196901 candidate_tag=arm-tiny
2026/07/06 18:37:10 [LB-Update] Node RC9BoWr7bsn5ThsQeA6m9d1783355783476196901 reported 512 MB free
2026/07/06 18:37:10 [MAB] event=reward_breakdown ts=1783355830688 policy=UCB1 function=mab_cost_aware_1783355782 arm=arm-tiny base_tag=arm-tiny architecture=arm specialization=tiny capabilities=[] duration_ms=3.161362 latency_reward=-1.151003 cost_weight=0.600000 cost_factor=0.400000 cost_term=0.240000 energy_weight=0.200000 energy_factor=0.600000 energy_term=0.120000 memory_weight=0.000000 memory_penalty=0.000000 memory_term=0.000000 final_reward=-1.511003
2026/07/06 18:37:10 [MAB] event=update_reward ts=1783355830688 policy=UCB1 function=mab_cost_aware_1783355782 arm=arm-tiny duration_ms=3.161362 warm_start=true reward=-1.511003 count=109 avg_reward=-1.450250 total_counts=154
2026/07/06 18:37:10 [LB] Compatible tag found: function=mab_cost_aware_1783355782 tag=x86-tiny/gpu/nvidia arch=amd64 pattern="" ring_size=1
2026/07/06 18:37:10 [LB] Compatible tag found: function=mab_cost_aware_1783355782 tag=arm-tiny arch=amd64 pattern="" ring_size=1
2026/07/06 18:37:10 [LB] Compatible tag found: function=mab_cost_aware_1783355782 tag=x86-large arch=amd64 pattern="" ring_size=1
2026/07/06 18:37:10 [LB] Compatible tag found: function=mab_cost_aware_1783355782 tag=x86-tiny arch=amd64 pattern="" ring_size=1
2026/07/06 18:37:10 [LB] Compatible tags for function 'mab_cost_aware_1783355782': [x86-tiny/gpu/nvidia arm-tiny x86-large x86-tiny]
2026/07/06 18:37:10 [LB][MAB] event=before_select function=mab_cost_aware_1783355782 compatible_tags=[x86-tiny/gpu/nvidia arm-tiny x86-large x86-tiny] has_context=true
2026/07/06 18:37:10 [MAB] event=arm_score ts=1783355830908 policy=UCB1 function=mab_cost_aware_1783355782 arm=x86-tiny/gpu/nvidia score=-1.336387 count=2 avg_reward=-2.605964 total_counts=154
2026/07/06 18:37:10 [MAB] event=arm_score ts=1783355830908 policy=UCB1 function=mab_cost_aware_1783355782 arm=arm-tiny score=-1.278277 count=109 avg_reward=-1.450250 total_counts=154
2026/07/06 18:37:10 [MAB] event=arm_score ts=1783355830908 policy=UCB1 function=mab_cost_aware_1783355782 arm=x86-large score=-1.319584 count=4 avg_reward=-2.217310 total_counts=154
2026/07/06 18:37:10 [MAB] event=arm_score ts=1783355830908 policy=UCB1 function=mab_cost_aware_1783355782 arm=x86-tiny score=-1.278116 count=39 avg_reward=-1.565618 total_counts=154
2026/07/06 18:37:10 [MAB] event=select_arm ts=1783355830908 policy=UCB1 function=mab_cost_aware_1783355782 selected_arm=x86-tiny reason=ucb_score score=-1.278116 total_counts=154 arms=[arm-tiny,x86-large,x86-tiny,x86-tiny/gpu/nvidia]
2026/07/06 18:37:10 [LB][MAB] event=after_select function=mab_cost_aware_1783355782 selected_tag=x86-tiny compatible_tags=[x86-tiny/gpu/nvidia arm-tiny x86-large x86-tiny]
2026/07/06 18:37:10 Candidate has: 512 MB free memory. Function needs: 128 MB
2026/07/06 18:37:10 [LB] Selected target for function 'mab_cost_aware_1783355782': target_tag=x86-tiny candidate=WjectcSXtXYALypFSHKKHj1783355783475722225 candidate_tag=x86-tiny
2026/07/06 18:37:10 [LB-Update] Node WjectcSXtXYALypFSHKKHj1783355783475722225 reported 512 MB free
2026/07/06 18:37:10 [MAB] event=reward_breakdown ts=1783355830912 policy=UCB1 function=mab_cost_aware_1783355782 arm=x86-tiny base_tag=x86-tiny architecture=x86 specialization=tiny capabilities=[] duration_ms=3.078497 latency_reward=-1.124441 cost_weight=0.600000 cost_factor=0.400000 cost_term=0.240000 energy_weight=0.200000 energy_factor=1.000000 energy_term=0.200000 memory_weight=0.000000 memory_penalty=0.000000 memory_term=0.000000 final_reward=-1.564441
2026/07/06 18:37:10 [MAB] event=update_reward ts=1783355830912 policy=UCB1 function=mab_cost_aware_1783355782 arm=x86-tiny duration_ms=3.078497 warm_start=true reward=-1.564441 count=40 avg_reward=-1.565589 total_counts=155
2026/07/06 18:37:11 [LB] Compatible tag found: function=mab_cost_aware_1783355782 tag=x86-tiny/gpu/nvidia arch=amd64 pattern="" ring_size=1
2026/07/06 18:37:11 [LB] Compatible tag found: function=mab_cost_aware_1783355782 tag=arm-tiny arch=amd64 pattern="" ring_size=1
2026/07/06 18:37:11 [LB] Compatible tag found: function=mab_cost_aware_1783355782 tag=x86-large arch=amd64 pattern="" ring_size=1
2026/07/06 18:37:11 [LB] Compatible tag found: function=mab_cost_aware_1783355782 tag=x86-tiny arch=amd64 pattern="" ring_size=1
2026/07/06 18:37:11 [LB] Compatible tags for function 'mab_cost_aware_1783355782': [x86-tiny/gpu/nvidia arm-tiny x86-large x86-tiny]
2026/07/06 18:37:11 [LB][MAB] event=before_select function=mab_cost_aware_1783355782 compatible_tags=[x86-tiny/gpu/nvidia arm-tiny x86-large x86-tiny] has_context=true
2026/07/06 18:37:11 [MAB] event=arm_score ts=1783355831133 policy=UCB1 function=mab_cost_aware_1783355782 arm=arm-tiny score=-1.278166 count=109 avg_reward=-1.450250 total_counts=155
2026/07/06 18:37:11 [MAB] event=arm_score ts=1783355831133 policy=UCB1 function=mab_cost_aware_1783355782 arm=x86-large score=-1.319007 count=4 avg_reward=-2.217310 total_counts=155
2026/07/06 18:37:11 [MAB] event=arm_score ts=1783355831133 policy=UCB1 function=mab_cost_aware_1783355782 arm=x86-tiny score=-1.281520 count=40 avg_reward=-1.565589 total_counts=155
2026/07/06 18:37:11 [MAB] event=arm_score ts=1783355831133 policy=UCB1 function=mab_cost_aware_1783355782 arm=x86-tiny/gpu/nvidia score=-1.335572 count=2 avg_reward=-2.605964 total_counts=155
2026/07/06 18:37:11 [MAB] event=select_arm ts=1783355831133 policy=UCB1 function=mab_cost_aware_1783355782 selected_arm=arm-tiny reason=ucb_score score=-1.278166 total_counts=155 arms=[arm-tiny,x86-large,x86-tiny,x86-tiny/gpu/nvidia]
2026/07/06 18:37:11 [LB][MAB] event=after_select function=mab_cost_aware_1783355782 selected_tag=arm-tiny compatible_tags=[x86-tiny/gpu/nvidia arm-tiny x86-large x86-tiny]
2026/07/06 18:37:11 Candidate has: 512 MB free memory. Function needs: 128 MB
2026/07/06 18:37:11 [LB] Selected target for function 'mab_cost_aware_1783355782': target_tag=arm-tiny candidate=RC9BoWr7bsn5ThsQeA6m9d1783355783476196901 candidate_tag=arm-tiny
2026/07/06 18:37:11 [LB-Update] Node RC9BoWr7bsn5ThsQeA6m9d1783355783476196901 reported 512 MB free
2026/07/06 18:37:11 [MAB] event=reward_breakdown ts=1783355831137 policy=UCB1 function=mab_cost_aware_1783355782 arm=arm-tiny base_tag=arm-tiny architecture=arm specialization=tiny capabilities=[] duration_ms=3.038780 latency_reward=-1.111456 cost_weight=0.600000 cost_factor=0.400000 cost_term=0.240000 energy_weight=0.200000 energy_factor=0.600000 energy_term=0.120000 memory_weight=0.000000 memory_penalty=0.000000 memory_term=0.000000 final_reward=-1.471456
2026/07/06 18:37:11 [MAB] event=update_reward ts=1783355831137 policy=UCB1 function=mab_cost_aware_1783355782 arm=arm-tiny duration_ms=3.038780 warm_start=true reward=-1.471456 count=110 avg_reward=-1.450443 total_counts=156
2026/07/06 18:37:11 [LB] Compatible tag found: function=mab_cost_aware_1783355782 tag=x86-tiny/gpu/nvidia arch=amd64 pattern="" ring_size=1
2026/07/06 18:37:11 [LB] Compatible tag found: function=mab_cost_aware_1783355782 tag=arm-tiny arch=amd64 pattern="" ring_size=1
2026/07/06 18:37:11 [LB] Compatible tag found: function=mab_cost_aware_1783355782 tag=x86-large arch=amd64 pattern="" ring_size=1
2026/07/06 18:37:11 [LB] Compatible tag found: function=mab_cost_aware_1783355782 tag=x86-tiny arch=amd64 pattern="" ring_size=1
2026/07/06 18:37:11 [LB] Compatible tags for function 'mab_cost_aware_1783355782': [x86-tiny/gpu/nvidia arm-tiny x86-large x86-tiny]
2026/07/06 18:37:11 [LB][MAB] event=before_select function=mab_cost_aware_1783355782 compatible_tags=[x86-tiny/gpu/nvidia arm-tiny x86-large x86-tiny] has_context=true
2026/07/06 18:37:11 [MAB] event=arm_score ts=1783355831356 policy=UCB1 function=mab_cost_aware_1783355782 arm=x86-tiny score=-1.281339 count=40 avg_reward=-1.565589 total_counts=156
2026/07/06 18:37:11 [MAB] event=arm_score ts=1783355831356 policy=UCB1 function=mab_cost_aware_1783355782 arm=x86-tiny/gpu/nvidia score=-1.334762 count=2 avg_reward=-2.605964 total_counts=156
2026/07/06 18:37:11 [MAB] event=arm_score ts=1783355831356 policy=UCB1 function=mab_cost_aware_1783355782 arm=arm-tiny score=-1.279034 count=110 avg_reward=-1.450443 total_counts=156
2026/07/06 18:37:11 [MAB] event=arm_score ts=1783355831356 policy=UCB1 function=mab_cost_aware_1783355782 arm=x86-large score=-1.318435 count=4 avg_reward=-2.217310 total_counts=156
2026/07/06 18:37:11 [MAB] event=select_arm ts=1783355831356 policy=UCB1 function=mab_cost_aware_1783355782 selected_arm=arm-tiny reason=ucb_score score=-1.279034 total_counts=156 arms=[arm-tiny,x86-large,x86-tiny,x86-tiny/gpu/nvidia]
2026/07/06 18:37:11 [LB][MAB] event=after_select function=mab_cost_aware_1783355782 selected_tag=arm-tiny compatible_tags=[x86-tiny/gpu/nvidia arm-tiny x86-large x86-tiny]
2026/07/06 18:37:11 Candidate has: 512 MB free memory. Function needs: 128 MB
2026/07/06 18:37:11 [LB] Selected target for function 'mab_cost_aware_1783355782': target_tag=arm-tiny candidate=RC9BoWr7bsn5ThsQeA6m9d1783355783476196901 candidate_tag=arm-tiny
2026/07/06 18:37:11 [LB-Update] Node RC9BoWr7bsn5ThsQeA6m9d1783355783476196901 reported 512 MB free
2026/07/06 18:37:11 [MAB] event=reward_breakdown ts=1783355831360 policy=UCB1 function=mab_cost_aware_1783355782 arm=arm-tiny base_tag=arm-tiny architecture=arm specialization=tiny capabilities=[] duration_ms=2.672474 latency_reward=-0.983005 cost_weight=0.600000 cost_factor=0.400000 cost_term=0.240000 energy_weight=0.200000 energy_factor=0.600000 energy_term=0.120000 memory_weight=0.000000 memory_penalty=0.000000 memory_term=0.000000 final_reward=-1.343005
2026/07/06 18:37:11 [MAB] event=update_reward ts=1783355831360 policy=UCB1 function=mab_cost_aware_1783355782 arm=arm-tiny duration_ms=2.672474 warm_start=true reward=-1.343005 count=111 avg_reward=-1.449475 total_counts=157
2026/07/06 18:37:11 [LB] Compatible tag found: function=mab_cost_aware_1783355782 tag=x86-tiny/gpu/nvidia arch=amd64 pattern="" ring_size=1
2026/07/06 18:37:11 [LB] Compatible tag found: function=mab_cost_aware_1783355782 tag=arm-tiny arch=amd64 pattern="" ring_size=1
2026/07/06 18:37:11 [LB] Compatible tag found: function=mab_cost_aware_1783355782 tag=x86-large arch=amd64 pattern="" ring_size=1
2026/07/06 18:37:11 [LB] Compatible tag found: function=mab_cost_aware_1783355782 tag=x86-tiny arch=amd64 pattern="" ring_size=1
2026/07/06 18:37:11 [LB] Compatible tags for function 'mab_cost_aware_1783355782': [x86-tiny/gpu/nvidia arm-tiny x86-large x86-tiny]
2026/07/06 18:37:11 [LB][MAB] event=before_select function=mab_cost_aware_1783355782 compatible_tags=[x86-tiny/gpu/nvidia arm-tiny x86-large x86-tiny] has_context=true
2026/07/06 18:37:11 [MAB] event=arm_score ts=1783355831583 policy=UCB1 function=mab_cost_aware_1783355782 arm=x86-tiny/gpu/nvidia score=-1.333958 count=2 avg_reward=-2.605964 total_counts=157
2026/07/06 18:37:11 [MAB] event=arm_score ts=1783355831583 policy=UCB1 function=mab_cost_aware_1783355782 arm=arm-tiny score=-1.278732 count=111 avg_reward=-1.449475 total_counts=157
2026/07/06 18:37:11 [MAB] event=arm_score ts=1783355831583 policy=UCB1 function=mab_cost_aware_1783355782 arm=x86-large score=-1.317866 count=4 avg_reward=-2.217310 total_counts=157
2026/07/06 18:37:11 [MAB] event=arm_score ts=1783355831583 policy=UCB1 function=mab_cost_aware_1783355782 arm=x86-tiny score=-1.281159 count=40 avg_reward=-1.565589 total_counts=157
2026/07/06 18:37:11 [MAB] event=select_arm ts=1783355831583 policy=UCB1 function=mab_cost_aware_1783355782 selected_arm=arm-tiny reason=ucb_score score=-1.278732 total_counts=157 arms=[arm-tiny,x86-large,x86-tiny,x86-tiny/gpu/nvidia]
2026/07/06 18:37:11 [LB][MAB] event=after_select function=mab_cost_aware_1783355782 selected_tag=arm-tiny compatible_tags=[x86-tiny/gpu/nvidia arm-tiny x86-large x86-tiny]
2026/07/06 18:37:11 Candidate has: 512 MB free memory. Function needs: 128 MB
2026/07/06 18:37:11 [LB] Selected target for function 'mab_cost_aware_1783355782': target_tag=arm-tiny candidate=RC9BoWr7bsn5ThsQeA6m9d1783355783476196901 candidate_tag=arm-tiny
2026/07/06 18:37:11 [LB-Update] Node RC9BoWr7bsn5ThsQeA6m9d1783355783476196901 reported 512 MB free
2026/07/06 18:37:11 [MAB] event=reward_breakdown ts=1783355831587 policy=UCB1 function=mab_cost_aware_1783355782 arm=arm-tiny base_tag=arm-tiny architecture=arm specialization=tiny capabilities=[] duration_ms=3.214830 latency_reward=-1.167774 cost_weight=0.600000 cost_factor=0.400000 cost_term=0.240000 energy_weight=0.200000 energy_factor=0.600000 energy_term=0.120000 memory_weight=0.000000 memory_penalty=0.000000 memory_term=0.000000 final_reward=-1.527774
2026/07/06 18:37:11 [MAB] event=update_reward ts=1783355831587 policy=UCB1 function=mab_cost_aware_1783355782 arm=arm-tiny duration_ms=3.214830 warm_start=true reward=-1.527774 count=112 avg_reward=-1.450174 total_counts=158
2026/07/06 18:37:11 [LB] Compatible tag found: function=mab_cost_aware_1783355782 tag=x86-tiny/gpu/nvidia arch=amd64 pattern="" ring_size=1
2026/07/06 18:37:11 [LB] Compatible tag found: function=mab_cost_aware_1783355782 tag=arm-tiny arch=amd64 pattern="" ring_size=1
2026/07/06 18:37:11 [LB] Compatible tag found: function=mab_cost_aware_1783355782 tag=x86-large arch=amd64 pattern="" ring_size=1
2026/07/06 18:37:11 [LB] Compatible tag found: function=mab_cost_aware_1783355782 tag=x86-tiny arch=amd64 pattern="" ring_size=1
2026/07/06 18:37:11 [LB] Compatible tags for function 'mab_cost_aware_1783355782': [x86-tiny/gpu/nvidia arm-tiny x86-large x86-tiny]
2026/07/06 18:37:11 [LB][MAB] event=before_select function=mab_cost_aware_1783355782 compatible_tags=[x86-tiny/gpu/nvidia arm-tiny x86-large x86-tiny] has_context=true
2026/07/06 18:37:11 [MAB] event=arm_score ts=1783355831807 policy=UCB1 function=mab_cost_aware_1783355782 arm=x86-tiny/gpu/nvidia score=-1.333160 count=2 avg_reward=-2.605964 total_counts=158
2026/07/06 18:37:11 [MAB] event=arm_score ts=1783355831807 policy=UCB1 function=mab_cost_aware_1783355782 arm=arm-tiny score=-1.280088 count=112 avg_reward=-1.450174 total_counts=158
2026/07/06 18:37:11 [MAB] event=arm_score ts=1783355831807 policy=UCB1 function=mab_cost_aware_1783355782 arm=x86-large score=-1.317302 count=4 avg_reward=-2.217310 total_counts=158
2026/07/06 18:37:11 [MAB] event=arm_score ts=1783355831807 policy=UCB1 function=mab_cost_aware_1783355782 arm=x86-tiny score=-1.280981 count=40 avg_reward=-1.565589 total_counts=158
2026/07/06 18:37:11 [MAB] event=select_arm ts=1783355831807 policy=UCB1 function=mab_cost_aware_1783355782 selected_arm=arm-tiny reason=ucb_score score=-1.280088 total_counts=158 arms=[arm-tiny,x86-large,x86-tiny,x86-tiny/gpu/nvidia]
2026/07/06 18:37:11 [LB][MAB] event=after_select function=mab_cost_aware_1783355782 selected_tag=arm-tiny compatible_tags=[x86-tiny/gpu/nvidia arm-tiny x86-large x86-tiny]
2026/07/06 18:37:11 Candidate has: 512 MB free memory. Function needs: 128 MB
2026/07/06 18:37:11 [LB] Selected target for function 'mab_cost_aware_1783355782': target_tag=arm-tiny candidate=RC9BoWr7bsn5ThsQeA6m9d1783355783476196901 candidate_tag=arm-tiny
2026/07/06 18:37:11 [LB-Update] Node RC9BoWr7bsn5ThsQeA6m9d1783355783476196901 reported 512 MB free
2026/07/06 18:37:11 [MAB] event=reward_breakdown ts=1783355831811 policy=UCB1 function=mab_cost_aware_1783355782 arm=arm-tiny base_tag=arm-tiny architecture=arm specialization=tiny capabilities=[] duration_ms=3.074617 latency_reward=-1.123180 cost_weight=0.600000 cost_factor=0.400000 cost_term=0.240000 energy_weight=0.200000 energy_factor=0.600000 energy_term=0.120000 memory_weight=0.000000 memory_penalty=0.000000 memory_term=0.000000 final_reward=-1.483180
2026/07/06 18:37:11 [MAB] event=update_reward ts=1783355831811 policy=UCB1 function=mab_cost_aware_1783355782 arm=arm-tiny duration_ms=3.074617 warm_start=true reward=-1.483180 count=113 avg_reward=-1.450466 total_counts=159
2026/07/06 18:37:12 [LB] Compatible tag found: function=mab_cost_aware_1783355782 tag=x86-tiny/gpu/nvidia arch=amd64 pattern="" ring_size=1
2026/07/06 18:37:12 [LB] Compatible tag found: function=mab_cost_aware_1783355782 tag=arm-tiny arch=amd64 pattern="" ring_size=1
2026/07/06 18:37:12 [LB] Compatible tag found: function=mab_cost_aware_1783355782 tag=x86-large arch=amd64 pattern="" ring_size=1
2026/07/06 18:37:12 [LB] Compatible tag found: function=mab_cost_aware_1783355782 tag=x86-tiny arch=amd64 pattern="" ring_size=1
2026/07/06 18:37:12 [LB] Compatible tags for function 'mab_cost_aware_1783355782': [x86-tiny/gpu/nvidia arm-tiny x86-large x86-tiny]
2026/07/06 18:37:12 [LB][MAB] event=before_select function=mab_cost_aware_1783355782 compatible_tags=[x86-tiny/gpu/nvidia arm-tiny x86-large x86-tiny] has_context=true
2026/07/06 18:37:12 [MAB] event=arm_score ts=1783355832032 policy=UCB1 function=mab_cost_aware_1783355782 arm=x86-tiny/gpu/nvidia score=-1.332367 count=2 avg_reward=-2.605964 total_counts=159
2026/07/06 18:37:12 [MAB] event=arm_score ts=1783355832032 policy=UCB1 function=mab_cost_aware_1783355782 arm=arm-tiny score=-1.281029 count=113 avg_reward=-1.450466 total_counts=159
2026/07/06 18:37:12 [MAB] event=arm_score ts=1783355832032 policy=UCB1 function=mab_cost_aware_1783355782 arm=x86-large score=-1.316741 count=4 avg_reward=-2.217310 total_counts=159
2026/07/06 18:37:12 [MAB] event=arm_score ts=1783355832032 policy=UCB1 function=mab_cost_aware_1783355782 arm=x86-tiny score=-1.280804 count=40 avg_reward=-1.565589 total_counts=159
2026/07/06 18:37:12 [MAB] event=select_arm ts=1783355832032 policy=UCB1 function=mab_cost_aware_1783355782 selected_arm=x86-tiny reason=ucb_score score=-1.280804 total_counts=159 arms=[arm-tiny,x86-large,x86-tiny,x86-tiny/gpu/nvidia]
2026/07/06 18:37:12 [LB][MAB] event=after_select function=mab_cost_aware_1783355782 selected_tag=x86-tiny compatible_tags=[x86-tiny/gpu/nvidia arm-tiny x86-large x86-tiny]
2026/07/06 18:37:12 Candidate has: 512 MB free memory. Function needs: 128 MB
2026/07/06 18:37:12 [LB] Selected target for function 'mab_cost_aware_1783355782': target_tag=x86-tiny candidate=WjectcSXtXYALypFSHKKHj1783355783475722225 candidate_tag=x86-tiny
2026/07/06 18:37:12 [LB-Update] Node WjectcSXtXYALypFSHKKHj1783355783475722225 reported 512 MB free
2026/07/06 18:37:12 [MAB] event=reward_breakdown ts=1783355832036 policy=UCB1 function=mab_cost_aware_1783355782 arm=x86-tiny base_tag=x86-tiny architecture=x86 specialization=tiny capabilities=[] duration_ms=3.640096 latency_reward=-1.292010 cost_weight=0.600000 cost_factor=0.400000 cost_term=0.240000 energy_weight=0.200000 energy_factor=1.000000 energy_term=0.200000 memory_weight=0.000000 memory_penalty=0.000000 memory_term=0.000000 final_reward=-1.732010
2026/07/06 18:37:12 [MAB] event=update_reward ts=1783355832036 policy=UCB1 function=mab_cost_aware_1783355782 arm=x86-tiny duration_ms=3.640096 warm_start=true reward=-1.732010 count=41 avg_reward=-1.569648 total_counts=160
2026/07/06 18:37:12 [LB] Compatible tag found: function=mab_cost_aware_1783355782 tag=x86-tiny/gpu/nvidia arch=amd64 pattern="" ring_size=1
2026/07/06 18:37:12 [LB] Compatible tag found: function=mab_cost_aware_1783355782 tag=arm-tiny arch=amd64 pattern="" ring_size=1
2026/07/06 18:37:12 [LB] Compatible tag found: function=mab_cost_aware_1783355782 tag=x86-large arch=amd64 pattern="" ring_size=1
2026/07/06 18:37:12 [LB] Compatible tag found: function=mab_cost_aware_1783355782 tag=x86-tiny arch=amd64 pattern="" ring_size=1
2026/07/06 18:37:12 [LB] Compatible tags for function 'mab_cost_aware_1783355782': [x86-tiny/gpu/nvidia arm-tiny x86-large x86-tiny]
2026/07/06 18:37:12 [LB][MAB] event=before_select function=mab_cost_aware_1783355782 compatible_tags=[x86-tiny/gpu/nvidia arm-tiny x86-large x86-tiny] has_context=true
2026/07/06 18:37:12 [MAB] event=arm_score ts=1783355832256 policy=UCB1 function=mab_cost_aware_1783355782 arm=arm-tiny score=-1.280924 count=113 avg_reward=-1.450466 total_counts=160
2026/07/06 18:37:12 [MAB] event=arm_score ts=1783355832256 policy=UCB1 function=mab_cost_aware_1783355782 arm=x86-large score=-1.316184 count=4 avg_reward=-2.217310 total_counts=160
2026/07/06 18:37:12 [MAB] event=arm_score ts=1783355832256 policy=UCB1 function=mab_cost_aware_1783355782 arm=x86-tiny score=-1.288183 count=41 avg_reward=-1.569648 total_counts=160
2026/07/06 18:37:12 [MAB] event=arm_score ts=1783355832256 policy=UCB1 function=mab_cost_aware_1783355782 arm=x86-tiny/gpu/nvidia score=-1.331579 count=2 avg_reward=-2.605964 total_counts=160
2026/07/06 18:37:12 [MAB] event=select_arm ts=1783355832256 policy=UCB1 function=mab_cost_aware_1783355782 selected_arm=arm-tiny reason=ucb_score score=-1.280924 total_counts=160 arms=[arm-tiny,x86-large,x86-tiny,x86-tiny/gpu/nvidia]
2026/07/06 18:37:12 [LB][MAB] event=after_select function=mab_cost_aware_1783355782 selected_tag=arm-tiny compatible_tags=[x86-tiny/gpu/nvidia arm-tiny x86-large x86-tiny]
2026/07/06 18:37:12 Candidate has: 512 MB free memory. Function needs: 128 MB
2026/07/06 18:37:12 [LB] Selected target for function 'mab_cost_aware_1783355782': target_tag=arm-tiny candidate=RC9BoWr7bsn5ThsQeA6m9d1783355783476196901 candidate_tag=arm-tiny
2026/07/06 18:37:12 [LB-Update] Node RC9BoWr7bsn5ThsQeA6m9d1783355783476196901 reported 512 MB free
2026/07/06 18:37:12 [MAB] event=reward_breakdown ts=1783355832260 policy=UCB1 function=mab_cost_aware_1783355782 arm=arm-tiny base_tag=arm-tiny architecture=arm specialization=tiny capabilities=[] duration_ms=2.908730 latency_reward=-1.067717 cost_weight=0.600000 cost_factor=0.400000 cost_term=0.240000 energy_weight=0.200000 energy_factor=0.600000 energy_term=0.120000 memory_weight=0.000000 memory_penalty=0.000000 memory_term=0.000000 final_reward=-1.427717
2026/07/06 18:37:12 [MAB] event=update_reward ts=1783355832260 policy=UCB1 function=mab_cost_aware_1783355782 arm=arm-tiny duration_ms=2.908730 warm_start=true reward=-1.427717 count=114 avg_reward=-1.450266 total_counts=161
2026/07/06 18:37:12 [LB] Compatible tag found: function=mab_cost_aware_1783355782 tag=x86-tiny/gpu/nvidia arch=amd64 pattern="" ring_size=1
2026/07/06 18:37:12 [LB] Compatible tag found: function=mab_cost_aware_1783355782 tag=arm-tiny arch=amd64 pattern="" ring_size=1
2026/07/06 18:37:12 [LB] Compatible tag found: function=mab_cost_aware_1783355782 tag=x86-large arch=amd64 pattern="" ring_size=1
2026/07/06 18:37:12 [LB] Compatible tag found: function=mab_cost_aware_1783355782 tag=x86-tiny arch=amd64 pattern="" ring_size=1
2026/07/06 18:37:12 [LB] Compatible tags for function 'mab_cost_aware_1783355782': [x86-tiny/gpu/nvidia arm-tiny x86-large x86-tiny]
2026/07/06 18:37:12 [LB][MAB] event=before_select function=mab_cost_aware_1783355782 compatible_tags=[x86-tiny/gpu/nvidia arm-tiny x86-large x86-tiny] has_context=true
2026/07/06 18:37:12 [MAB] event=arm_score ts=1783355832481 policy=UCB1 function=mab_cost_aware_1783355782 arm=x86-tiny/gpu/nvidia score=-1.330797 count=2 avg_reward=-2.605964 total_counts=161
2026/07/06 18:37:12 [MAB] event=arm_score ts=1783355832481 policy=UCB1 function=mab_cost_aware_1783355782 arm=arm-tiny score=-1.281367 count=114 avg_reward=-1.450266 total_counts=161
2026/07/06 18:37:12 [MAB] event=arm_score ts=1783355832481 policy=UCB1 function=mab_cost_aware_1783355782 arm=x86-large score=-1.315631 count=4 avg_reward=-2.217310 total_counts=161
2026/07/06 18:37:12 [MAB] event=arm_score ts=1783355832481 policy=UCB1 function=mab_cost_aware_1783355782 arm=x86-tiny score=-1.288011 count=41 avg_reward=-1.569648 total_counts=161
2026/07/06 18:37:12 [MAB] event=select_arm ts=1783355832481 policy=UCB1 function=mab_cost_aware_1783355782 selected_arm=arm-tiny reason=ucb_score score=-1.281367 total_counts=161 arms=[arm-tiny,x86-large,x86-tiny,x86-tiny/gpu/nvidia]
2026/07/06 18:37:12 [LB][MAB] event=after_select function=mab_cost_aware_1783355782 selected_tag=arm-tiny compatible_tags=[x86-tiny/gpu/nvidia arm-tiny x86-large x86-tiny]
2026/07/06 18:37:12 Candidate has: 512 MB free memory. Function needs: 128 MB
2026/07/06 18:37:12 [LB] Selected target for function 'mab_cost_aware_1783355782': target_tag=arm-tiny candidate=RC9BoWr7bsn5ThsQeA6m9d1783355783476196901 candidate_tag=arm-tiny
2026/07/06 18:37:12 [LB-Update] Node RC9BoWr7bsn5ThsQeA6m9d1783355783476196901 reported 512 MB free
2026/07/06 18:37:12 [MAB] event=reward_breakdown ts=1783355832485 policy=UCB1 function=mab_cost_aware_1783355782 arm=arm-tiny base_tag=arm-tiny architecture=arm specialization=tiny capabilities=[] duration_ms=3.229487 latency_reward=-1.172323 cost_weight=0.600000 cost_factor=0.400000 cost_term=0.240000 energy_weight=0.200000 energy_factor=0.600000 energy_term=0.120000 memory_weight=0.000000 memory_penalty=0.000000 memory_term=0.000000 final_reward=-1.532323
2026/07/06 18:37:12 [MAB] event=update_reward ts=1783355832485 policy=UCB1 function=mab_cost_aware_1783355782 arm=arm-tiny duration_ms=3.229487 warm_start=true reward=-1.532323 count=115 avg_reward=-1.450980 total_counts=162
2026/07/06 18:37:12 [LB] Compatible tag found: function=mab_cost_aware_1783355782 tag=x86-tiny/gpu/nvidia arch=amd64 pattern="" ring_size=1
2026/07/06 18:37:12 [LB] Compatible tag found: function=mab_cost_aware_1783355782 tag=arm-tiny arch=amd64 pattern="" ring_size=1
2026/07/06 18:37:12 [LB] Compatible tag found: function=mab_cost_aware_1783355782 tag=x86-large arch=amd64 pattern="" ring_size=1
2026/07/06 18:37:12 [LB] Compatible tag found: function=mab_cost_aware_1783355782 tag=x86-tiny arch=amd64 pattern="" ring_size=1
2026/07/06 18:37:12 [LB] Compatible tags for function 'mab_cost_aware_1783355782': [x86-tiny/gpu/nvidia arm-tiny x86-large x86-tiny]
2026/07/06 18:37:12 [LB][MAB] event=before_select function=mab_cost_aware_1783355782 compatible_tags=[x86-tiny/gpu/nvidia arm-tiny x86-large x86-tiny] has_context=true
2026/07/06 18:37:12 [MAB] event=arm_score ts=1783355832707 policy=UCB1 function=mab_cost_aware_1783355782 arm=x86-tiny/gpu/nvidia score=-1.330021 count=2 avg_reward=-2.605964 total_counts=162
2026/07/06 18:37:12 [MAB] event=arm_score ts=1783355832707 policy=UCB1 function=mab_cost_aware_1783355782 arm=arm-tiny score=-1.282714 count=115 avg_reward=-1.450980 total_counts=162
2026/07/06 18:37:12 [MAB] event=arm_score ts=1783355832707 policy=UCB1 function=mab_cost_aware_1783355782 arm=x86-large score=-1.315082 count=4 avg_reward=-2.217310 total_counts=162
2026/07/06 18:37:12 [MAB] event=arm_score ts=1783355832707 policy=UCB1 function=mab_cost_aware_1783355782 arm=x86-tiny score=-1.287839 count=41 avg_reward=-1.569648 total_counts=162
2026/07/06 18:37:12 [MAB] event=select_arm ts=1783355832707 policy=UCB1 function=mab_cost_aware_1783355782 selected_arm=arm-tiny reason=ucb_score score=-1.282714 total_counts=162 arms=[arm-tiny,x86-large,x86-tiny,x86-tiny/gpu/nvidia]
2026/07/06 18:37:12 [LB][MAB] event=after_select function=mab_cost_aware_1783355782 selected_tag=arm-tiny compatible_tags=[x86-tiny/gpu/nvidia arm-tiny x86-large x86-tiny]
2026/07/06 18:37:12 Candidate has: 512 MB free memory. Function needs: 128 MB
2026/07/06 18:37:12 [LB] Selected target for function 'mab_cost_aware_1783355782': target_tag=arm-tiny candidate=RC9BoWr7bsn5ThsQeA6m9d1783355783476196901 candidate_tag=arm-tiny
2026/07/06 18:37:12 [LB-Update] Node RC9BoWr7bsn5ThsQeA6m9d1783355783476196901 reported 512 MB free
2026/07/06 18:37:12 [MAB] event=reward_breakdown ts=1783355832711 policy=UCB1 function=mab_cost_aware_1783355782 arm=arm-tiny base_tag=arm-tiny architecture=arm specialization=tiny capabilities=[] duration_ms=3.044322 latency_reward=-1.113278 cost_weight=0.600000 cost_factor=0.400000 cost_term=0.240000 energy_weight=0.200000 energy_factor=0.600000 energy_term=0.120000 memory_weight=0.000000 memory_penalty=0.000000 memory_term=0.000000 final_reward=-1.473278
2026/07/06 18:37:12 [MAB] event=update_reward ts=1783355832711 policy=UCB1 function=mab_cost_aware_1783355782 arm=arm-tiny duration_ms=3.044322 warm_start=true reward=-1.473278 count=116 avg_reward=-1.451172 total_counts=163
2026/07/06 18:37:12 [LB] Compatible tag found: function=mab_cost_aware_1783355782 tag=x86-tiny/gpu/nvidia arch=amd64 pattern="" ring_size=1
2026/07/06 18:37:12 [LB] Compatible tag found: function=mab_cost_aware_1783355782 tag=arm-tiny arch=amd64 pattern="" ring_size=1
2026/07/06 18:37:12 [LB] Compatible tag found: function=mab_cost_aware_1783355782 tag=x86-large arch=amd64 pattern="" ring_size=1
2026/07/06 18:37:12 [LB] Compatible tag found: function=mab_cost_aware_1783355782 tag=x86-tiny arch=amd64 pattern="" ring_size=1
2026/07/06 18:37:12 [LB] Compatible tags for function 'mab_cost_aware_1783355782': [x86-tiny/gpu/nvidia arm-tiny x86-large x86-tiny]
2026/07/06 18:37:12 [LB][MAB] event=before_select function=mab_cost_aware_1783355782 compatible_tags=[x86-tiny/gpu/nvidia arm-tiny x86-large x86-tiny] has_context=true
2026/07/06 18:37:12 [MAB] event=arm_score ts=1783355832931 policy=UCB1 function=mab_cost_aware_1783355782 arm=x86-tiny/gpu/nvidia score=-1.329249 count=2 avg_reward=-2.605964 total_counts=163
2026/07/06 18:37:12 [MAB] event=arm_score ts=1783355832931 policy=UCB1 function=mab_cost_aware_1783355782 arm=arm-tiny score=-1.283531 count=116 avg_reward=-1.451172 total_counts=163
2026/07/06 18:37:12 [MAB] event=arm_score ts=1783355832931 policy=UCB1 function=mab_cost_aware_1783355782 arm=x86-large score=-1.314536 count=4 avg_reward=-2.217310 total_counts=163
2026/07/06 18:37:12 [MAB] event=arm_score ts=1783355832931 policy=UCB1 function=mab_cost_aware_1783355782 arm=x86-tiny score=-1.287669 count=41 avg_reward=-1.569648 total_counts=163
2026/07/06 18:37:12 [MAB] event=select_arm ts=1783355832931 policy=UCB1 function=mab_cost_aware_1783355782 selected_arm=arm-tiny reason=ucb_score score=-1.283531 total_counts=163 arms=[arm-tiny,x86-large,x86-tiny,x86-tiny/gpu/nvidia]
2026/07/06 18:37:12 [LB][MAB] event=after_select function=mab_cost_aware_1783355782 selected_tag=arm-tiny compatible_tags=[x86-tiny/gpu/nvidia arm-tiny x86-large x86-tiny]
2026/07/06 18:37:12 Candidate has: 512 MB free memory. Function needs: 128 MB
2026/07/06 18:37:12 [LB] Selected target for function 'mab_cost_aware_1783355782': target_tag=arm-tiny candidate=RC9BoWr7bsn5ThsQeA6m9d1783355783476196901 candidate_tag=arm-tiny
2026/07/06 18:37:12 [LB-Update] Node RC9BoWr7bsn5ThsQeA6m9d1783355783476196901 reported 512 MB free
2026/07/06 18:37:12 [MAB] event=reward_breakdown ts=1783355832935 policy=UCB1 function=mab_cost_aware_1783355782 arm=arm-tiny base_tag=arm-tiny architecture=arm specialization=tiny capabilities=[] duration_ms=3.000421 latency_reward=-1.098753 cost_weight=0.600000 cost_factor=0.400000 cost_term=0.240000 energy_weight=0.200000 energy_factor=0.600000 energy_term=0.120000 memory_weight=0.000000 memory_penalty=0.000000 memory_term=0.000000 final_reward=-1.458753
2026/07/06 18:37:12 [MAB] event=update_reward ts=1783355832935 policy=UCB1 function=mab_cost_aware_1783355782 arm=arm-tiny duration_ms=3.000421 warm_start=true reward=-1.458753 count=117 avg_reward=-1.451237 total_counts=164
2026/07/06 18:37:13 [LB] Compatible tag found: function=mab_cost_aware_1783355782 tag=x86-tiny/gpu/nvidia arch=amd64 pattern="" ring_size=1
2026/07/06 18:37:13 [LB] Compatible tag found: function=mab_cost_aware_1783355782 tag=arm-tiny arch=amd64 pattern="" ring_size=1
2026/07/06 18:37:13 [LB] Compatible tag found: function=mab_cost_aware_1783355782 tag=x86-large arch=amd64 pattern="" ring_size=1
2026/07/06 18:37:13 [LB] Compatible tag found: function=mab_cost_aware_1783355782 tag=x86-tiny arch=amd64 pattern="" ring_size=1
2026/07/06 18:37:13 [LB] Compatible tags for function 'mab_cost_aware_1783355782': [x86-tiny/gpu/nvidia arm-tiny x86-large x86-tiny]
2026/07/06 18:37:13 [LB][MAB] event=before_select function=mab_cost_aware_1783355782 compatible_tags=[x86-tiny/gpu/nvidia arm-tiny x86-large x86-tiny] has_context=true
2026/07/06 18:37:13 [MAB] event=arm_score ts=1783355833156 policy=UCB1 function=mab_cost_aware_1783355782 arm=x86-tiny/gpu/nvidia score=-1.328483 count=2 avg_reward=-2.605964 total_counts=164
2026/07/06 18:37:13 [MAB] event=arm_score ts=1783355833156 policy=UCB1 function=mab_cost_aware_1783355782 arm=arm-tiny score=-1.284214 count=117 avg_reward=-1.451237 total_counts=164
2026/07/06 18:37:13 [MAB] event=arm_score ts=1783355833156 policy=UCB1 function=mab_cost_aware_1783355782 arm=x86-large score=-1.313995 count=4 avg_reward=-2.217310 total_counts=164
2026/07/06 18:37:13 [MAB] event=arm_score ts=1783355833156 policy=UCB1 function=mab_cost_aware_1783355782 arm=x86-tiny score=-1.287499 count=41 avg_reward=-1.569648 total_counts=164
2026/07/06 18:37:13 [MAB] event=select_arm ts=1783355833156 policy=UCB1 function=mab_cost_aware_1783355782 selected_arm=arm-tiny reason=ucb_score score=-1.284214 total_counts=164 arms=[arm-tiny,x86-large,x86-tiny,x86-tiny/gpu/nvidia]
2026/07/06 18:37:13 [LB][MAB] event=after_select function=mab_cost_aware_1783355782 selected_tag=arm-tiny compatible_tags=[x86-tiny/gpu/nvidia arm-tiny x86-large x86-tiny]
2026/07/06 18:37:13 Candidate has: 512 MB free memory. Function needs: 128 MB
2026/07/06 18:37:13 [LB] Selected target for function 'mab_cost_aware_1783355782': target_tag=arm-tiny candidate=RC9BoWr7bsn5ThsQeA6m9d1783355783476196901 candidate_tag=arm-tiny
2026/07/06 18:37:13 [LB-Update] Node RC9BoWr7bsn5ThsQeA6m9d1783355783476196901 reported 512 MB free
2026/07/06 18:37:13 [MAB] event=reward_breakdown ts=1783355833160 policy=UCB1 function=mab_cost_aware_1783355782 arm=arm-tiny base_tag=arm-tiny architecture=arm specialization=tiny capabilities=[] duration_ms=2.662066 latency_reward=-0.979103 cost_weight=0.600000 cost_factor=0.400000 cost_term=0.240000 energy_weight=0.200000 energy_factor=0.600000 energy_term=0.120000 memory_weight=0.000000 memory_penalty=0.000000 memory_term=0.000000 final_reward=-1.339103
2026/07/06 18:37:13 [MAB] event=update_reward ts=1783355833160 policy=UCB1 function=mab_cost_aware_1783355782 arm=arm-tiny duration_ms=2.662066 warm_start=true reward=-1.339103 count=118 avg_reward=-1.450287 total_counts=165
2026/07/06 18:37:13 [LB] Compatible tag found: function=mab_cost_aware_1783355782 tag=x86-tiny/gpu/nvidia arch=amd64 pattern="" ring_size=1
2026/07/06 18:37:13 [LB] Compatible tag found: function=mab_cost_aware_1783355782 tag=arm-tiny arch=amd64 pattern="" ring_size=1
2026/07/06 18:37:13 [LB] Compatible tag found: function=mab_cost_aware_1783355782 tag=x86-large arch=amd64 pattern="" ring_size=1
2026/07/06 18:37:13 [LB] Compatible tag found: function=mab_cost_aware_1783355782 tag=x86-tiny arch=amd64 pattern="" ring_size=1
2026/07/06 18:37:13 [LB] Compatible tags for function 'mab_cost_aware_1783355782': [x86-tiny/gpu/nvidia arm-tiny x86-large x86-tiny]
2026/07/06 18:37:13 [LB][MAB] event=before_select function=mab_cost_aware_1783355782 compatible_tags=[x86-tiny/gpu/nvidia arm-tiny x86-large x86-tiny] has_context=true
2026/07/06 18:37:13 [MAB] event=arm_score ts=1783355833381 policy=UCB1 function=mab_cost_aware_1783355782 arm=arm-tiny score=-1.283874 count=118 avg_reward=-1.450287 total_counts=165
2026/07/06 18:37:13 [MAB] event=arm_score ts=1783355833381 policy=UCB1 function=mab_cost_aware_1783355782 arm=x86-large score=-1.313456 count=4 avg_reward=-2.217310 total_counts=165
2026/07/06 18:37:13 [MAB] event=arm_score ts=1783355833381 policy=UCB1 function=mab_cost_aware_1783355782 arm=x86-tiny score=-1.287331 count=41 avg_reward=-1.569648 total_counts=165
2026/07/06 18:37:13 [MAB] event=arm_score ts=1783355833381 policy=UCB1 function=mab_cost_aware_1783355782 arm=x86-tiny/gpu/nvidia score=-1.327722 count=2 avg_reward=-2.605964 total_counts=165
2026/07/06 18:37:13 [MAB] event=select_arm ts=1783355833381 policy=UCB1 function=mab_cost_aware_1783355782 selected_arm=arm-tiny reason=ucb_score score=-1.283874 total_counts=165 arms=[arm-tiny,x86-large,x86-tiny,x86-tiny/gpu/nvidia]
2026/07/06 18:37:13 [LB][MAB] event=after_select function=mab_cost_aware_1783355782 selected_tag=arm-tiny compatible_tags=[x86-tiny/gpu/nvidia arm-tiny x86-large x86-tiny]
2026/07/06 18:37:13 Candidate has: 512 MB free memory. Function needs: 128 MB
2026/07/06 18:37:13 [LB] Selected target for function 'mab_cost_aware_1783355782': target_tag=arm-tiny candidate=RC9BoWr7bsn5ThsQeA6m9d1783355783476196901 candidate_tag=arm-tiny
2026/07/06 18:37:13 [LB-Update] Node RC9BoWr7bsn5ThsQeA6m9d1783355783476196901 reported 512 MB free
2026/07/06 18:37:13 [MAB] event=reward_breakdown ts=1783355833385 policy=UCB1 function=mab_cost_aware_1783355782 arm=arm-tiny base_tag=arm-tiny architecture=arm specialization=tiny capabilities=[] duration_ms=3.026801 latency_reward=-1.107506 cost_weight=0.600000 cost_factor=0.400000 cost_term=0.240000 energy_weight=0.200000 energy_factor=0.600000 energy_term=0.120000 memory_weight=0.000000 memory_penalty=0.000000 memory_term=0.000000 final_reward=-1.467506
2026/07/06 18:37:13 [MAB] event=update_reward ts=1783355833385 policy=UCB1 function=mab_cost_aware_1783355782 arm=arm-tiny duration_ms=3.026801 warm_start=true reward=-1.467506 count=119 avg_reward=-1.450431 total_counts=166
2026/07/06 18:37:13 [LB]: Periodic targets update
2026/07/06 18:37:13 Found target: vpsc5EyUeu2bgV5e5BQz2f1783355783477036272
2026/07/06 18:37:13 Found target: RC9BoWr7bsn5ThsQeA6m9d1783355783476196901
2026/07/06 18:37:13 Found target: Yfj9dc9aZ5sc6MzJoZmaP61783355783474809800
2026/07/06 18:37:13 Found target: WjectcSXtXYALypFSHKKHj1783355783475722225
2026/07/06 18:37:13 Found 4 targets
2026/07/06 18:37:13 [LB] Compatible tag found: function=mab_cost_aware_1783355782 tag=x86-tiny/gpu/nvidia arch=amd64 pattern="" ring_size=1
2026/07/06 18:37:13 [LB] Compatible tag found: function=mab_cost_aware_1783355782 tag=arm-tiny arch=amd64 pattern="" ring_size=1
2026/07/06 18:37:13 [LB] Compatible tag found: function=mab_cost_aware_1783355782 tag=x86-large arch=amd64 pattern="" ring_size=1
2026/07/06 18:37:13 [LB] Compatible tag found: function=mab_cost_aware_1783355782 tag=x86-tiny arch=amd64 pattern="" ring_size=1
2026/07/06 18:37:13 [LB] Compatible tags for function 'mab_cost_aware_1783355782': [x86-tiny/gpu/nvidia arm-tiny x86-large x86-tiny]
2026/07/06 18:37:13 [LB][MAB] event=before_select function=mab_cost_aware_1783355782 compatible_tags=[x86-tiny/gpu/nvidia arm-tiny x86-large x86-tiny] has_context=true
2026/07/06 18:37:13 [MAB] event=arm_score ts=1783355833604 policy=UCB1 function=mab_cost_aware_1783355782 arm=x86-tiny/gpu/nvidia score=-1.326966 count=2 avg_reward=-2.605964 total_counts=166
2026/07/06 18:37:13 [MAB] event=arm_score ts=1783355833604 policy=UCB1 function=mab_cost_aware_1783355782 arm=arm-tiny score=-1.284621 count=119 avg_reward=-1.450431 total_counts=166
2026/07/06 18:37:13 [MAB] event=arm_score ts=1783355833604 policy=UCB1 function=mab_cost_aware_1783355782 arm=x86-large score=-1.312922 count=4 avg_reward=-2.217310 total_counts=166
2026/07/06 18:37:13 [MAB] event=arm_score ts=1783355833604 policy=UCB1 function=mab_cost_aware_1783355782 arm=x86-tiny score=-1.287164 count=41 avg_reward=-1.569648 total_counts=166
2026/07/06 18:37:13 [MAB] event=select_arm ts=1783355833604 policy=UCB1 function=mab_cost_aware_1783355782 selected_arm=arm-tiny reason=ucb_score score=-1.284621 total_counts=166 arms=[arm-tiny,x86-large,x86-tiny,x86-tiny/gpu/nvidia]
2026/07/06 18:37:13 [LB][MAB] event=after_select function=mab_cost_aware_1783355782 selected_tag=arm-tiny compatible_tags=[x86-tiny/gpu/nvidia arm-tiny x86-large x86-tiny]
2026/07/06 18:37:13 Candidate has: 512 MB free memory. Function needs: 128 MB
2026/07/06 18:37:13 [LB] Selected target for function 'mab_cost_aware_1783355782': target_tag=arm-tiny candidate=RC9BoWr7bsn5ThsQeA6m9d1783355783476196901 candidate_tag=arm-tiny
2026/07/06 18:37:13 [LB-Update] Node RC9BoWr7bsn5ThsQeA6m9d1783355783476196901 reported 512 MB free
2026/07/06 18:37:13 [MAB] event=reward_breakdown ts=1783355833608 policy=UCB1 function=mab_cost_aware_1783355782 arm=arm-tiny base_tag=arm-tiny architecture=arm specialization=tiny capabilities=[] duration_ms=2.842753 latency_reward=-1.044773 cost_weight=0.600000 cost_factor=0.400000 cost_term=0.240000 energy_weight=0.200000 energy_factor=0.600000 energy_term=0.120000 memory_weight=0.000000 memory_penalty=0.000000 memory_term=0.000000 final_reward=-1.404773
2026/07/06 18:37:13 [MAB] event=update_reward ts=1783355833608 policy=UCB1 function=mab_cost_aware_1783355782 arm=arm-tiny duration_ms=2.842753 warm_start=true reward=-1.404773 count=120 avg_reward=-1.450051 total_counts=167
2026/07/06 18:37:13 [LB] Compatible tag found: function=mab_cost_aware_1783355782 tag=x86-tiny/gpu/nvidia arch=amd64 pattern="" ring_size=1
2026/07/06 18:37:13 [LB] Compatible tag found: function=mab_cost_aware_1783355782 tag=arm-tiny arch=amd64 pattern="" ring_size=1
2026/07/06 18:37:13 [LB] Compatible tag found: function=mab_cost_aware_1783355782 tag=x86-large arch=amd64 pattern="" ring_size=1
2026/07/06 18:37:13 [LB] Compatible tag found: function=mab_cost_aware_1783355782 tag=x86-tiny arch=amd64 pattern="" ring_size=1
2026/07/06 18:37:13 [LB] Compatible tags for function 'mab_cost_aware_1783355782': [x86-tiny/gpu/nvidia arm-tiny x86-large x86-tiny]
2026/07/06 18:37:13 [LB][MAB] event=before_select function=mab_cost_aware_1783355782 compatible_tags=[x86-tiny/gpu/nvidia arm-tiny x86-large x86-tiny] has_context=true
2026/07/06 18:37:13 [MAB] event=arm_score ts=1783355833828 policy=UCB1 function=mab_cost_aware_1783355782 arm=x86-tiny/gpu/nvidia score=-1.326215 count=2 avg_reward=-2.605964 total_counts=167
2026/07/06 18:37:13 [MAB] event=arm_score ts=1783355833828 policy=UCB1 function=mab_cost_aware_1783355782 arm=arm-tiny score=-1.284836 count=120 avg_reward=-1.450051 total_counts=167
2026/07/06 18:37:13 [MAB] event=arm_score ts=1783355833828 policy=UCB1 function=mab_cost_aware_1783355782 arm=x86-large score=-1.312391 count=4 avg_reward=-2.217310 total_counts=167
2026/07/06 18:37:13 [MAB] event=arm_score ts=1783355833828 policy=UCB1 function=mab_cost_aware_1783355782 arm=x86-tiny score=-1.286998 count=41 avg_reward=-1.569648 total_counts=167
2026/07/06 18:37:13 [MAB] event=select_arm ts=1783355833828 policy=UCB1 function=mab_cost_aware_1783355782 selected_arm=arm-tiny reason=ucb_score score=-1.284836 total_counts=167 arms=[arm-tiny,x86-large,x86-tiny,x86-tiny/gpu/nvidia]
2026/07/06 18:37:13 [LB][MAB] event=after_select function=mab_cost_aware_1783355782 selected_tag=arm-tiny compatible_tags=[x86-tiny/gpu/nvidia arm-tiny x86-large x86-tiny]
2026/07/06 18:37:13 Candidate has: 512 MB free memory. Function needs: 128 MB
2026/07/06 18:37:13 [LB] Selected target for function 'mab_cost_aware_1783355782': target_tag=arm-tiny candidate=RC9BoWr7bsn5ThsQeA6m9d1783355783476196901 candidate_tag=arm-tiny
2026/07/06 18:37:13 [LB-Update] Node RC9BoWr7bsn5ThsQeA6m9d1783355783476196901 reported 512 MB free
2026/07/06 18:37:13 [MAB] event=reward_breakdown ts=1783355833831 policy=UCB1 function=mab_cost_aware_1783355782 arm=arm-tiny base_tag=arm-tiny architecture=arm specialization=tiny capabilities=[] duration_ms=2.718997 latency_reward=-1.000263 cost_weight=0.600000 cost_factor=0.400000 cost_term=0.240000 energy_weight=0.200000 energy_factor=0.600000 energy_term=0.120000 memory_weight=0.000000 memory_penalty=0.000000 memory_term=0.000000 final_reward=-1.360263
2026/07/06 18:37:13 [MAB] event=update_reward ts=1783355833831 policy=UCB1 function=mab_cost_aware_1783355782 arm=arm-tiny duration_ms=2.718997 warm_start=true reward=-1.360263 count=121 avg_reward=-1.449309 total_counts=168
2026/07/06 18:37:14 [LB] Compatible tag found: function=mab_cost_aware_1783355782 tag=x86-tiny/gpu/nvidia arch=amd64 pattern="" ring_size=1
2026/07/06 18:37:14 [LB] Compatible tag found: function=mab_cost_aware_1783355782 tag=arm-tiny arch=amd64 pattern="" ring_size=1
2026/07/06 18:37:14 [LB] Compatible tag found: function=mab_cost_aware_1783355782 tag=x86-large arch=amd64 pattern="" ring_size=1
2026/07/06 18:37:14 [LB] Compatible tag found: function=mab_cost_aware_1783355782 tag=x86-tiny arch=amd64 pattern="" ring_size=1
2026/07/06 18:37:14 [LB] Compatible tags for function 'mab_cost_aware_1783355782': [x86-tiny/gpu/nvidia arm-tiny x86-large x86-tiny]
2026/07/06 18:37:14 [LB][MAB] event=before_select function=mab_cost_aware_1783355782 compatible_tags=[x86-tiny/gpu/nvidia arm-tiny x86-large x86-tiny] has_context=true
2026/07/06 18:37:14 [MAB] event=arm_score ts=1783355834050 policy=UCB1 function=mab_cost_aware_1783355782 arm=x86-tiny/gpu/nvidia score=-1.325468 count=2 avg_reward=-2.605964 total_counts=168
2026/07/06 18:37:14 [MAB] event=arm_score ts=1783355834050 policy=UCB1 function=mab_cost_aware_1783355782 arm=arm-tiny score=-1.284682 count=121 avg_reward=-1.449309 total_counts=168
2026/07/06 18:37:14 [MAB] event=arm_score ts=1783355834050 policy=UCB1 function=mab_cost_aware_1783355782 arm=x86-large score=-1.311863 count=4 avg_reward=-2.217310 total_counts=168
2026/07/06 18:37:14 [MAB] event=arm_score ts=1783355834050 policy=UCB1 function=mab_cost_aware_1783355782 arm=x86-tiny score=-1.286834 count=41 avg_reward=-1.569648 total_counts=168
2026/07/06 18:37:14 [MAB] event=select_arm ts=1783355834050 policy=UCB1 function=mab_cost_aware_1783355782 selected_arm=arm-tiny reason=ucb_score score=-1.284682 total_counts=168 arms=[arm-tiny,x86-large,x86-tiny,x86-tiny/gpu/nvidia]
2026/07/06 18:37:14 [LB][MAB] event=after_select function=mab_cost_aware_1783355782 selected_tag=arm-tiny compatible_tags=[x86-tiny/gpu/nvidia arm-tiny x86-large x86-tiny]
2026/07/06 18:37:14 Candidate has: 512 MB free memory. Function needs: 128 MB
2026/07/06 18:37:14 [LB] Selected target for function 'mab_cost_aware_1783355782': target_tag=arm-tiny candidate=RC9BoWr7bsn5ThsQeA6m9d1783355783476196901 candidate_tag=arm-tiny
2026/07/06 18:37:14 [LB-Update] Node RC9BoWr7bsn5ThsQeA6m9d1783355783476196901 reported 512 MB free
2026/07/06 18:37:14 [MAB] event=reward_breakdown ts=1783355834054 policy=UCB1 function=mab_cost_aware_1783355782 arm=arm-tiny base_tag=arm-tiny architecture=arm specialization=tiny capabilities=[] duration_ms=3.193578 latency_reward=-1.161142 cost_weight=0.600000 cost_factor=0.400000 cost_term=0.240000 energy_weight=0.200000 energy_factor=0.600000 energy_term=0.120000 memory_weight=0.000000 memory_penalty=0.000000 memory_term=0.000000 final_reward=-1.521142
2026/07/06 18:37:14 [MAB] event=update_reward ts=1783355834054 policy=UCB1 function=mab_cost_aware_1783355782 arm=arm-tiny duration_ms=3.193578 warm_start=true reward=-1.521142 count=122 avg_reward=-1.449898 total_counts=169
2026/07/06 18:37:14 [LB] Compatible tag found: function=mab_cost_aware_1783355782 tag=x86-tiny/gpu/nvidia arch=amd64 pattern="" ring_size=1
2026/07/06 18:37:14 [LB] Compatible tag found: function=mab_cost_aware_1783355782 tag=arm-tiny arch=amd64 pattern="" ring_size=1
2026/07/06 18:37:14 [LB] Compatible tag found: function=mab_cost_aware_1783355782 tag=x86-large arch=amd64 pattern="" ring_size=1
2026/07/06 18:37:14 [LB] Compatible tag found: function=mab_cost_aware_1783355782 tag=x86-tiny arch=amd64 pattern="" ring_size=1
2026/07/06 18:37:14 [LB] Compatible tags for function 'mab_cost_aware_1783355782': [x86-tiny/gpu/nvidia arm-tiny x86-large x86-tiny]
2026/07/06 18:37:14 [LB][MAB] event=before_select function=mab_cost_aware_1783355782 compatible_tags=[x86-tiny/gpu/nvidia arm-tiny x86-large x86-tiny] has_context=true
2026/07/06 18:37:14 [MAB] event=arm_score ts=1783355834274 policy=UCB1 function=mab_cost_aware_1783355782 arm=x86-tiny/gpu/nvidia score=-1.324727 count=2 avg_reward=-2.605964 total_counts=169
2026/07/06 18:37:14 [MAB] event=arm_score ts=1783355834274 policy=UCB1 function=mab_cost_aware_1783355782 arm=arm-tiny score=-1.285852 count=122 avg_reward=-1.449898 total_counts=169
2026/07/06 18:37:14 [MAB] event=arm_score ts=1783355834274 policy=UCB1 function=mab_cost_aware_1783355782 arm=x86-large score=-1.311339 count=4 avg_reward=-2.217310 total_counts=169
2026/07/06 18:37:14 [MAB] event=arm_score ts=1783355834274 policy=UCB1 function=mab_cost_aware_1783355782 arm=x86-tiny score=-1.286670 count=41 avg_reward=-1.569648 total_counts=169
2026/07/06 18:37:14 [MAB] event=select_arm ts=1783355834275 policy=UCB1 function=mab_cost_aware_1783355782 selected_arm=arm-tiny reason=ucb_score score=-1.285852 total_counts=169 arms=[arm-tiny,x86-large,x86-tiny,x86-tiny/gpu/nvidia]
2026/07/06 18:37:14 [LB][MAB] event=after_select function=mab_cost_aware_1783355782 selected_tag=arm-tiny compatible_tags=[x86-tiny/gpu/nvidia arm-tiny x86-large x86-tiny]
2026/07/06 18:37:14 Candidate has: 512 MB free memory. Function needs: 128 MB
2026/07/06 18:37:14 [LB] Selected target for function 'mab_cost_aware_1783355782': target_tag=arm-tiny candidate=RC9BoWr7bsn5ThsQeA6m9d1783355783476196901 candidate_tag=arm-tiny
2026/07/06 18:37:14 [LB-Update] Node RC9BoWr7bsn5ThsQeA6m9d1783355783476196901 reported 512 MB free
2026/07/06 18:37:14 [MAB] event=reward_breakdown ts=1783355834278 policy=UCB1 function=mab_cost_aware_1783355782 arm=arm-tiny base_tag=arm-tiny architecture=arm specialization=tiny capabilities=[] duration_ms=2.710360 latency_reward=-0.997081 cost_weight=0.600000 cost_factor=0.400000 cost_term=0.240000 energy_weight=0.200000 energy_factor=0.600000 energy_term=0.120000 memory_weight=0.000000 memory_penalty=0.000000 memory_term=0.000000 final_reward=-1.357081
2026/07/06 18:37:14 [MAB] event=update_reward ts=1783355834278 policy=UCB1 function=mab_cost_aware_1783355782 arm=arm-tiny duration_ms=2.710360 warm_start=true reward=-1.357081 count=123 avg_reward=-1.449143 total_counts=170
2026/07/06 18:37:14 [LB] Compatible tag found: function=mab_cost_aware_1783355782 tag=x86-tiny/gpu/nvidia arch=amd64 pattern="" ring_size=1
2026/07/06 18:37:14 [LB] Compatible tag found: function=mab_cost_aware_1783355782 tag=arm-tiny arch=amd64 pattern="" ring_size=1
2026/07/06 18:37:14 [LB] Compatible tag found: function=mab_cost_aware_1783355782 tag=x86-large arch=amd64 pattern="" ring_size=1
2026/07/06 18:37:14 [LB] Compatible tag found: function=mab_cost_aware_1783355782 tag=x86-tiny arch=amd64 pattern="" ring_size=1
2026/07/06 18:37:14 [LB] Compatible tags for function 'mab_cost_aware_1783355782': [x86-tiny/gpu/nvidia arm-tiny x86-large x86-tiny]
2026/07/06 18:37:14 [LB][MAB] event=before_select function=mab_cost_aware_1783355782 compatible_tags=[x86-tiny/gpu/nvidia arm-tiny x86-large x86-tiny] has_context=true
2026/07/06 18:37:14 [MAB] event=arm_score ts=1783355834497 policy=UCB1 function=mab_cost_aware_1783355782 arm=x86-tiny/gpu/nvidia score=-1.323990 count=2 avg_reward=-2.605964 total_counts=170
2026/07/06 18:37:14 [MAB] event=arm_score ts=1783355834497 policy=UCB1 function=mab_cost_aware_1783355782 arm=arm-tiny score=-1.285672 count=123 avg_reward=-1.449143 total_counts=170
2026/07/06 18:37:14 [MAB] event=arm_score ts=1783355834497 policy=UCB1 function=mab_cost_aware_1783355782 arm=x86-large score=-1.310818 count=4 avg_reward=-2.217310 total_counts=170
2026/07/06 18:37:14 [MAB] event=arm_score ts=1783355834497 policy=UCB1 function=mab_cost_aware_1783355782 arm=x86-tiny score=-1.286507 count=41 avg_reward=-1.569648 total_counts=170
2026/07/06 18:37:14 [MAB] event=select_arm ts=1783355834497 policy=UCB1 function=mab_cost_aware_1783355782 selected_arm=arm-tiny reason=ucb_score score=-1.285672 total_counts=170 arms=[arm-tiny,x86-large,x86-tiny,x86-tiny/gpu/nvidia]
2026/07/06 18:37:14 [LB][MAB] event=after_select function=mab_cost_aware_1783355782 selected_tag=arm-tiny compatible_tags=[x86-tiny/gpu/nvidia arm-tiny x86-large x86-tiny]
2026/07/06 18:37:14 Candidate has: 512 MB free memory. Function needs: 128 MB
2026/07/06 18:37:14 [LB] Selected target for function 'mab_cost_aware_1783355782': target_tag=arm-tiny candidate=RC9BoWr7bsn5ThsQeA6m9d1783355783476196901 candidate_tag=arm-tiny
2026/07/06 18:37:14 [LB-Update] Node RC9BoWr7bsn5ThsQeA6m9d1783355783476196901 reported 512 MB free
2026/07/06 18:37:14 [MAB] event=reward_breakdown ts=1783355834500 policy=UCB1 function=mab_cost_aware_1783355782 arm=arm-tiny base_tag=arm-tiny architecture=arm specialization=tiny capabilities=[] duration_ms=2.610911 latency_reward=-0.959699 cost_weight=0.600000 cost_factor=0.400000 cost_term=0.240000 energy_weight=0.200000 energy_factor=0.600000 energy_term=0.120000 memory_weight=0.000000 memory_penalty=0.000000 memory_term=0.000000 final_reward=-1.319699
2026/07/06 18:37:14 [MAB] event=update_reward ts=1783355834500 policy=UCB1 function=mab_cost_aware_1783355782 arm=arm-tiny duration_ms=2.610911 warm_start=true reward=-1.319699 count=124 avg_reward=-1.448099 total_counts=171
2026/07/06 18:37:14 [LB] Compatible tag found: function=mab_cost_aware_1783355782 tag=x86-tiny/gpu/nvidia arch=amd64 pattern="" ring_size=1
2026/07/06 18:37:14 [LB] Compatible tag found: function=mab_cost_aware_1783355782 tag=arm-tiny arch=amd64 pattern="" ring_size=1
2026/07/06 18:37:14 [LB] Compatible tag found: function=mab_cost_aware_1783355782 tag=x86-large arch=amd64 pattern="" ring_size=1
2026/07/06 18:37:14 [LB] Compatible tag found: function=mab_cost_aware_1783355782 tag=x86-tiny arch=amd64 pattern="" ring_size=1
2026/07/06 18:37:14 [LB] Compatible tags for function 'mab_cost_aware_1783355782': [x86-tiny/gpu/nvidia arm-tiny x86-large x86-tiny]
2026/07/06 18:37:14 [LB][MAB] event=before_select function=mab_cost_aware_1783355782 compatible_tags=[x86-tiny/gpu/nvidia arm-tiny x86-large x86-tiny] has_context=true
2026/07/06 18:37:14 [MAB] event=arm_score ts=1783355834721 policy=UCB1 function=mab_cost_aware_1783355782 arm=x86-tiny/gpu/nvidia score=-1.323259 count=2 avg_reward=-2.605964 total_counts=171
2026/07/06 18:37:14 [MAB] event=arm_score ts=1783355834721 policy=UCB1 function=mab_cost_aware_1783355782 arm=arm-tiny score=-1.285195 count=124 avg_reward=-1.448099 total_counts=171
2026/07/06 18:37:14 [MAB] event=arm_score ts=1783355834721 policy=UCB1 function=mab_cost_aware_1783355782 arm=x86-large score=-1.310301 count=4 avg_reward=-2.217310 total_counts=171
2026/07/06 18:37:14 [MAB] event=arm_score ts=1783355834721 policy=UCB1 function=mab_cost_aware_1783355782 arm=x86-tiny score=-1.286346 count=41 avg_reward=-1.569648 total_counts=171
2026/07/06 18:37:14 [MAB] event=select_arm ts=1783355834721 policy=UCB1 function=mab_cost_aware_1783355782 selected_arm=arm-tiny reason=ucb_score score=-1.285195 total_counts=171 arms=[arm-tiny,x86-large,x86-tiny,x86-tiny/gpu/nvidia]
2026/07/06 18:37:14 [LB][MAB] event=after_select function=mab_cost_aware_1783355782 selected_tag=arm-tiny compatible_tags=[x86-tiny/gpu/nvidia arm-tiny x86-large x86-tiny]
2026/07/06 18:37:14 Candidate has: 512 MB free memory. Function needs: 128 MB
2026/07/06 18:37:14 [LB] Selected target for function 'mab_cost_aware_1783355782': target_tag=arm-tiny candidate=RC9BoWr7bsn5ThsQeA6m9d1783355783476196901 candidate_tag=arm-tiny
2026/07/06 18:37:14 [LB-Update] Node RC9BoWr7bsn5ThsQeA6m9d1783355783476196901 reported 512 MB free
2026/07/06 18:37:14 [MAB] event=reward_breakdown ts=1783355834725 policy=UCB1 function=mab_cost_aware_1783355782 arm=arm-tiny base_tag=arm-tiny architecture=arm specialization=tiny capabilities=[] duration_ms=2.827208 latency_reward=-1.039290 cost_weight=0.600000 cost_factor=0.400000 cost_term=0.240000 energy_weight=0.200000 energy_factor=0.600000 energy_term=0.120000 memory_weight=0.000000 memory_penalty=0.000000 memory_term=0.000000 final_reward=-1.399290
2026/07/06 18:37:14 [MAB] event=update_reward ts=1783355834725 policy=UCB1 function=mab_cost_aware_1783355782 arm=arm-tiny duration_ms=2.827208 warm_start=true reward=-1.399290 count=125 avg_reward=-1.447709 total_counts=172
2026/07/06 18:37:14 [LB] Compatible tag found: function=mab_cost_aware_1783355782 tag=x86-tiny/gpu/nvidia arch=amd64 pattern="" ring_size=1
2026/07/06 18:37:14 [LB] Compatible tag found: function=mab_cost_aware_1783355782 tag=arm-tiny arch=amd64 pattern="" ring_size=1
2026/07/06 18:37:14 [LB] Compatible tag found: function=mab_cost_aware_1783355782 tag=x86-large arch=amd64 pattern="" ring_size=1
2026/07/06 18:37:14 [LB] Compatible tag found: function=mab_cost_aware_1783355782 tag=x86-tiny arch=amd64 pattern="" ring_size=1
2026/07/06 18:37:14 [LB] Compatible tags for function 'mab_cost_aware_1783355782': [x86-tiny/gpu/nvidia arm-tiny x86-large x86-tiny]
2026/07/06 18:37:14 [LB][MAB] event=before_select function=mab_cost_aware_1783355782 compatible_tags=[x86-tiny/gpu/nvidia arm-tiny x86-large x86-tiny] has_context=true
2026/07/06 18:37:14 [MAB] event=arm_score ts=1783355834947 policy=UCB1 function=mab_cost_aware_1783355782 arm=x86-tiny score=-1.286185 count=41 avg_reward=-1.569648 total_counts=172
2026/07/06 18:37:14 [MAB] event=arm_score ts=1783355834947 policy=UCB1 function=mab_cost_aware_1783355782 arm=x86-tiny/gpu/nvidia score=-1.322532 count=2 avg_reward=-2.605964 total_counts=172
2026/07/06 18:37:14 [MAB] event=arm_score ts=1783355834947 policy=UCB1 function=mab_cost_aware_1783355782 arm=arm-tiny score=-1.285366 count=125 avg_reward=-1.447709 total_counts=172
2026/07/06 18:37:14 [MAB] event=arm_score ts=1783355834947 policy=UCB1 function=mab_cost_aware_1783355782 arm=x86-large score=-1.309786 count=4 avg_reward=-2.217310 total_counts=172
2026/07/06 18:37:14 [MAB] event=select_arm ts=1783355834947 policy=UCB1 function=mab_cost_aware_1783355782 selected_arm=arm-tiny reason=ucb_score score=-1.285366 total_counts=172 arms=[arm-tiny,x86-large,x86-tiny,x86-tiny/gpu/nvidia]
2026/07/06 18:37:14 [LB][MAB] event=after_select function=mab_cost_aware_1783355782 selected_tag=arm-tiny compatible_tags=[x86-tiny/gpu/nvidia arm-tiny x86-large x86-tiny]
2026/07/06 18:37:14 Candidate has: 512 MB free memory. Function needs: 128 MB
2026/07/06 18:37:14 [LB] Selected target for function 'mab_cost_aware_1783355782': target_tag=arm-tiny candidate=RC9BoWr7bsn5ThsQeA6m9d1783355783476196901 candidate_tag=arm-tiny
2026/07/06 18:37:14 [LB-Update] Node RC9BoWr7bsn5ThsQeA6m9d1783355783476196901 reported 512 MB free
2026/07/06 18:37:14 [MAB] event=reward_breakdown ts=1783355834950 policy=UCB1 function=mab_cost_aware_1783355782 arm=arm-tiny base_tag=arm-tiny architecture=arm specialization=tiny capabilities=[] duration_ms=2.689362 latency_reward=-0.989304 cost_weight=0.600000 cost_factor=0.400000 cost_term=0.240000 energy_weight=0.200000 energy_factor=0.600000 energy_term=0.120000 memory_weight=0.000000 memory_penalty=0.000000 memory_term=0.000000 final_reward=-1.349304
2026/07/06 18:37:14 [MAB] event=update_reward ts=1783355834950 policy=UCB1 function=mab_cost_aware_1783355782 arm=arm-tiny duration_ms=2.689362 warm_start=true reward=-1.349304 count=126 avg_reward=-1.446928 total_counts=173
2026/07/06 18:37:15 [LB] Compatible tag found: function=mab_cost_aware_1783355782 tag=x86-tiny/gpu/nvidia arch=amd64 pattern="" ring_size=1
2026/07/06 18:37:15 [LB] Compatible tag found: function=mab_cost_aware_1783355782 tag=arm-tiny arch=amd64 pattern="" ring_size=1
2026/07/06 18:37:15 [LB] Compatible tag found: function=mab_cost_aware_1783355782 tag=x86-large arch=amd64 pattern="" ring_size=1
2026/07/06 18:37:15 [LB] Compatible tag found: function=mab_cost_aware_1783355782 tag=x86-tiny arch=amd64 pattern="" ring_size=1
2026/07/06 18:37:15 [LB] Compatible tags for function 'mab_cost_aware_1783355782': [x86-tiny/gpu/nvidia arm-tiny x86-large x86-tiny]
2026/07/06 18:37:15 [LB][MAB] event=before_select function=mab_cost_aware_1783355782 compatible_tags=[x86-tiny/gpu/nvidia arm-tiny x86-large x86-tiny] has_context=true
2026/07/06 18:37:15 [MAB] event=arm_score ts=1783355835169 policy=UCB1 function=mab_cost_aware_1783355782 arm=x86-tiny/gpu/nvidia score=-1.321809 count=2 avg_reward=-2.605964 total_counts=173
2026/07/06 18:37:15 [MAB] event=arm_score ts=1783355835169 policy=UCB1 function=mab_cost_aware_1783355782 arm=arm-tiny score=-1.285139 count=126 avg_reward=-1.446928 total_counts=173
2026/07/06 18:37:15 [MAB] event=arm_score ts=1783355835169 policy=UCB1 function=mab_cost_aware_1783355782 arm=x86-large score=-1.309275 count=4 avg_reward=-2.217310 total_counts=173
2026/07/06 18:37:15 [MAB] event=arm_score ts=1783355835169 policy=UCB1 function=mab_cost_aware_1783355782 arm=x86-tiny score=-1.286025 count=41 avg_reward=-1.569648 total_counts=173
2026/07/06 18:37:15 [MAB] event=select_arm ts=1783355835169 policy=UCB1 function=mab_cost_aware_1783355782 selected_arm=arm-tiny reason=ucb_score score=-1.285139 total_counts=173 arms=[arm-tiny,x86-large,x86-tiny,x86-tiny/gpu/nvidia]
2026/07/06 18:37:15 [LB][MAB] event=after_select function=mab_cost_aware_1783355782 selected_tag=arm-tiny compatible_tags=[x86-tiny/gpu/nvidia arm-tiny x86-large x86-tiny]
2026/07/06 18:37:15 Candidate has: 512 MB free memory. Function needs: 128 MB
2026/07/06 18:37:15 [LB] Selected target for function 'mab_cost_aware_1783355782': target_tag=arm-tiny candidate=RC9BoWr7bsn5ThsQeA6m9d1783355783476196901 candidate_tag=arm-tiny
2026/07/06 18:37:15 [LB-Update] Node RC9BoWr7bsn5ThsQeA6m9d1783355783476196901 reported 512 MB free
2026/07/06 18:37:15 [MAB] event=reward_breakdown ts=1783355835173 policy=UCB1 function=mab_cost_aware_1783355782 arm=arm-tiny base_tag=arm-tiny architecture=arm specialization=tiny capabilities=[] duration_ms=2.959755 latency_reward=-1.085106 cost_weight=0.600000 cost_factor=0.400000 cost_term=0.240000 energy_weight=0.200000 energy_factor=0.600000 energy_term=0.120000 memory_weight=0.000000 memory_penalty=0.000000 memory_term=0.000000 final_reward=-1.445106
2026/07/06 18:37:15 [MAB] event=update_reward ts=1783355835173 policy=UCB1 function=mab_cost_aware_1783355782 arm=arm-tiny duration_ms=2.959755 warm_start=true reward=-1.445106 count=127 avg_reward=-1.446913 total_counts=174
2026/07/06 18:37:15 [LB] Compatible tag found: function=mab_cost_aware_1783355782 tag=x86-tiny/gpu/nvidia arch=amd64 pattern="" ring_size=1
2026/07/06 18:37:15 [LB] Compatible tag found: function=mab_cost_aware_1783355782 tag=arm-tiny arch=amd64 pattern="" ring_size=1
2026/07/06 18:37:15 [LB] Compatible tag found: function=mab_cost_aware_1783355782 tag=x86-large arch=amd64 pattern="" ring_size=1
2026/07/06 18:37:15 [LB] Compatible tag found: function=mab_cost_aware_1783355782 tag=x86-tiny arch=amd64 pattern="" ring_size=1
2026/07/06 18:37:15 [LB] Compatible tags for function 'mab_cost_aware_1783355782': [x86-tiny/gpu/nvidia arm-tiny x86-large x86-tiny]
2026/07/06 18:37:15 [LB][MAB] event=before_select function=mab_cost_aware_1783355782 compatible_tags=[x86-tiny/gpu/nvidia arm-tiny x86-large x86-tiny] has_context=true
2026/07/06 18:37:15 [MAB] event=arm_score ts=1783355835393 policy=UCB1 function=mab_cost_aware_1783355782 arm=arm-tiny score=-1.285673 count=127 avg_reward=-1.446913 total_counts=174
2026/07/06 18:37:15 [MAB] event=arm_score ts=1783355835393 policy=UCB1 function=mab_cost_aware_1783355782 arm=x86-large score=-1.308768 count=4 avg_reward=-2.217310 total_counts=174
2026/07/06 18:37:15 [MAB] event=arm_score ts=1783355835393 policy=UCB1 function=mab_cost_aware_1783355782 arm=x86-tiny score=-1.285867 count=41 avg_reward=-1.569648 total_counts=174
2026/07/06 18:37:15 [MAB] event=arm_score ts=1783355835393 policy=UCB1 function=mab_cost_aware_1783355782 arm=x86-tiny/gpu/nvidia score=-1.321091 count=2 avg_reward=-2.605964 total_counts=174
2026/07/06 18:37:15 [MAB] event=select_arm ts=1783355835393 policy=UCB1 function=mab_cost_aware_1783355782 selected_arm=arm-tiny reason=ucb_score score=-1.285673 total_counts=174 arms=[arm-tiny,x86-large,x86-tiny,x86-tiny/gpu/nvidia]
2026/07/06 18:37:15 [LB][MAB] event=after_select function=mab_cost_aware_1783355782 selected_tag=arm-tiny compatible_tags=[x86-tiny/gpu/nvidia arm-tiny x86-large x86-tiny]
2026/07/06 18:37:15 Candidate has: 512 MB free memory. Function needs: 128 MB
2026/07/06 18:37:15 [LB] Selected target for function 'mab_cost_aware_1783355782': target_tag=arm-tiny candidate=RC9BoWr7bsn5ThsQeA6m9d1783355783476196901 candidate_tag=arm-tiny
2026/07/06 18:37:15 [LB-Update] Node RC9BoWr7bsn5ThsQeA6m9d1783355783476196901 reported 512 MB free
2026/07/06 18:37:15 [MAB] event=reward_breakdown ts=1783355835397 policy=UCB1 function=mab_cost_aware_1783355782 arm=arm-tiny base_tag=arm-tiny architecture=arm specialization=tiny capabilities=[] duration_ms=2.619509 latency_reward=-0.962987 cost_weight=0.600000 cost_factor=0.400000 cost_term=0.240000 energy_weight=0.200000 energy_factor=0.600000 energy_term=0.120000 memory_weight=0.000000 memory_penalty=0.000000 memory_term=0.000000 final_reward=-1.322987
2026/07/06 18:37:15 [MAB] event=update_reward ts=1783355835397 policy=UCB1 function=mab_cost_aware_1783355782 arm=arm-tiny duration_ms=2.619509 warm_start=true reward=-1.322987 count=128 avg_reward=-1.445945 total_counts=175
2026/07/06 18:37:15 [LB] Compatible tag found: function=mab_cost_aware_1783355782 tag=x86-tiny/gpu/nvidia arch=amd64 pattern="" ring_size=1
2026/07/06 18:37:15 [LB] Compatible tag found: function=mab_cost_aware_1783355782 tag=arm-tiny arch=amd64 pattern="" ring_size=1
2026/07/06 18:37:15 [LB] Compatible tag found: function=mab_cost_aware_1783355782 tag=x86-large arch=amd64 pattern="" ring_size=1
2026/07/06 18:37:15 [LB] Compatible tag found: function=mab_cost_aware_1783355782 tag=x86-tiny arch=amd64 pattern="" ring_size=1
2026/07/06 18:37:15 [LB] Compatible tags for function 'mab_cost_aware_1783355782': [x86-tiny/gpu/nvidia arm-tiny x86-large x86-tiny]
2026/07/06 18:37:15 [LB][MAB] event=before_select function=mab_cost_aware_1783355782 compatible_tags=[x86-tiny/gpu/nvidia arm-tiny x86-large x86-tiny] has_context=true
2026/07/06 18:37:15 [MAB] event=arm_score ts=1783355835616 policy=UCB1 function=mab_cost_aware_1783355782 arm=x86-tiny score=-1.285709 count=41 avg_reward=-1.569648 total_counts=175
2026/07/06 18:37:15 [MAB] event=arm_score ts=1783355835616 policy=UCB1 function=mab_cost_aware_1783355782 arm=x86-tiny/gpu/nvidia score=-1.320378 count=2 avg_reward=-2.605964 total_counts=175
2026/07/06 18:37:15 [MAB] event=arm_score ts=1783355835616 policy=UCB1 function=mab_cost_aware_1783355782 arm=arm-tiny score=-1.285247 count=128 avg_reward=-1.445945 total_counts=175
2026/07/06 18:37:15 [MAB] event=arm_score ts=1783355835616 policy=UCB1 function=mab_cost_aware_1783355782 arm=x86-large score=-1.308263 count=4 avg_reward=-2.217310 total_counts=175
2026/07/06 18:37:15 [MAB] event=select_arm ts=1783355835616 policy=UCB1 function=mab_cost_aware_1783355782 selected_arm=arm-tiny reason=ucb_score score=-1.285247 total_counts=175 arms=[arm-tiny,x86-large,x86-tiny,x86-tiny/gpu/nvidia]
2026/07/06 18:37:15 [LB][MAB] event=after_select function=mab_cost_aware_1783355782 selected_tag=arm-tiny compatible_tags=[x86-tiny/gpu/nvidia arm-tiny x86-large x86-tiny]
2026/07/06 18:37:15 Candidate has: 512 MB free memory. Function needs: 128 MB
2026/07/06 18:37:15 [LB] Selected target for function 'mab_cost_aware_1783355782': target_tag=arm-tiny candidate=RC9BoWr7bsn5ThsQeA6m9d1783355783476196901 candidate_tag=arm-tiny
2026/07/06 18:37:15 [LB-Update] Node RC9BoWr7bsn5ThsQeA6m9d1783355783476196901 reported 512 MB free
2026/07/06 18:37:15 [MAB] event=reward_breakdown ts=1783355835620 policy=UCB1 function=mab_cost_aware_1783355782 arm=arm-tiny base_tag=arm-tiny architecture=arm specialization=tiny capabilities=[] duration_ms=2.742482 latency_reward=-1.008863 cost_weight=0.600000 cost_factor=0.400000 cost_term=0.240000 energy_weight=0.200000 energy_factor=0.600000 energy_term=0.120000 memory_weight=0.000000 memory_penalty=0.000000 memory_term=0.000000 final_reward=-1.368863
2026/07/06 18:37:15 [MAB] event=update_reward ts=1783355835620 policy=UCB1 function=mab_cost_aware_1783355782 arm=arm-tiny duration_ms=2.742482 warm_start=true reward=-1.368863 count=129 avg_reward=-1.445348 total_counts=176
2026/07/06 18:37:15 [LB] Compatible tag found: function=mab_cost_aware_1783355782 tag=x86-tiny/gpu/nvidia arch=amd64 pattern="" ring_size=1
2026/07/06 18:37:15 [LB] Compatible tag found: function=mab_cost_aware_1783355782 tag=arm-tiny arch=amd64 pattern="" ring_size=1
2026/07/06 18:37:15 [LB] Compatible tag found: function=mab_cost_aware_1783355782 tag=x86-large arch=amd64 pattern="" ring_size=1
2026/07/06 18:37:15 [LB] Compatible tag found: function=mab_cost_aware_1783355782 tag=x86-tiny arch=amd64 pattern="" ring_size=1
2026/07/06 18:37:15 [LB] Compatible tags for function 'mab_cost_aware_1783355782': [x86-tiny/gpu/nvidia arm-tiny x86-large x86-tiny]
2026/07/06 18:37:15 [LB][MAB] event=before_select function=mab_cost_aware_1783355782 compatible_tags=[x86-tiny/gpu/nvidia arm-tiny x86-large x86-tiny] has_context=true
2026/07/06 18:37:15 [MAB] event=arm_score ts=1783355835839 policy=UCB1 function=mab_cost_aware_1783355782 arm=x86-tiny score=-1.285553 count=41 avg_reward=-1.569648 total_counts=176
2026/07/06 18:37:15 [MAB] event=arm_score ts=1783355835839 policy=UCB1 function=mab_cost_aware_1783355782 arm=x86-tiny/gpu/nvidia score=-1.319669 count=2 avg_reward=-2.605964 total_counts=176
2026/07/06 18:37:15 [MAB] event=arm_score ts=1783355835839 policy=UCB1 function=mab_cost_aware_1783355782 arm=arm-tiny score=-1.285185 count=129 avg_reward=-1.445348 total_counts=176
2026/07/06 18:37:15 [MAB] event=arm_score ts=1783355835839 policy=UCB1 function=mab_cost_aware_1783355782 arm=x86-large score=-1.307762 count=4 avg_reward=-2.217310 total_counts=176
2026/07/06 18:37:15 [MAB] event=select_arm ts=1783355835839 policy=UCB1 function=mab_cost_aware_1783355782 selected_arm=arm-tiny reason=ucb_score score=-1.285185 total_counts=176 arms=[arm-tiny,x86-large,x86-tiny,x86-tiny/gpu/nvidia]
2026/07/06 18:37:15 [LB][MAB] event=after_select function=mab_cost_aware_1783355782 selected_tag=arm-tiny compatible_tags=[x86-tiny/gpu/nvidia arm-tiny x86-large x86-tiny]
2026/07/06 18:37:15 Candidate has: 512 MB free memory. Function needs: 128 MB
2026/07/06 18:37:15 [LB] Selected target for function 'mab_cost_aware_1783355782': target_tag=arm-tiny candidate=RC9BoWr7bsn5ThsQeA6m9d1783355783476196901 candidate_tag=arm-tiny
2026/07/06 18:37:15 [LB-Update] Node RC9BoWr7bsn5ThsQeA6m9d1783355783476196901 reported 512 MB free
2026/07/06 18:37:15 [MAB] event=reward_breakdown ts=1783355835843 policy=UCB1 function=mab_cost_aware_1783355782 arm=arm-tiny base_tag=arm-tiny architecture=arm specialization=tiny capabilities=[] duration_ms=2.622782 latency_reward=-0.964236 cost_weight=0.600000 cost_factor=0.400000 cost_term=0.240000 energy_weight=0.200000 energy_factor=0.600000 energy_term=0.120000 memory_weight=0.000000 memory_penalty=0.000000 memory_term=0.000000 final_reward=-1.324236
2026/07/06 18:37:15 [MAB] event=update_reward ts=1783355835843 policy=UCB1 function=mab_cost_aware_1783355782 arm=arm-tiny duration_ms=2.622782 warm_start=true reward=-1.324236 count=130 avg_reward=-1.444416 total_counts=177
2026/07/06 18:37:16 [LB] Compatible tag found: function=mab_cost_aware_1783355782 tag=x86-tiny/gpu/nvidia arch=amd64 pattern="" ring_size=1
2026/07/06 18:37:16 [LB] Compatible tag found: function=mab_cost_aware_1783355782 tag=arm-tiny arch=amd64 pattern="" ring_size=1
2026/07/06 18:37:16 [LB] Compatible tag found: function=mab_cost_aware_1783355782 tag=x86-large arch=amd64 pattern="" ring_size=1
2026/07/06 18:37:16 [LB] Compatible tag found: function=mab_cost_aware_1783355782 tag=x86-tiny arch=amd64 pattern="" ring_size=1
2026/07/06 18:37:16 [LB] Compatible tags for function 'mab_cost_aware_1783355782': [x86-tiny/gpu/nvidia arm-tiny x86-large x86-tiny]
2026/07/06 18:37:16 [LB][MAB] event=before_select function=mab_cost_aware_1783355782 compatible_tags=[x86-tiny/gpu/nvidia arm-tiny x86-large x86-tiny] has_context=true
2026/07/06 18:37:16 [MAB] event=arm_score ts=1783355836061 policy=UCB1 function=mab_cost_aware_1783355782 arm=x86-tiny/gpu/nvidia score=-1.318964 count=2 avg_reward=-2.605964 total_counts=177
2026/07/06 18:37:16 [MAB] event=arm_score ts=1783355836061 policy=UCB1 function=mab_cost_aware_1783355782 arm=arm-tiny score=-1.284783 count=130 avg_reward=-1.444416 total_counts=177
2026/07/06 18:37:16 [MAB] event=arm_score ts=1783355836061 policy=UCB1 function=mab_cost_aware_1783355782 arm=x86-large score=-1.307264 count=4 avg_reward=-2.217310 total_counts=177
2026/07/06 18:37:16 [MAB] event=arm_score ts=1783355836061 policy=UCB1 function=mab_cost_aware_1783355782 arm=x86-tiny score=-1.285397 count=41 avg_reward=-1.569648 total_counts=177
2026/07/06 18:37:16 [MAB] event=select_arm ts=1783355836061 policy=UCB1 function=mab_cost_aware_1783355782 selected_arm=arm-tiny reason=ucb_score score=-1.284783 total_counts=177 arms=[arm-tiny,x86-large,x86-tiny,x86-tiny/gpu/nvidia]
2026/07/06 18:37:16 [LB][MAB] event=after_select function=mab_cost_aware_1783355782 selected_tag=arm-tiny compatible_tags=[x86-tiny/gpu/nvidia arm-tiny x86-large x86-tiny]
2026/07/06 18:37:16 Candidate has: 512 MB free memory. Function needs: 128 MB
2026/07/06 18:37:16 [LB] Selected target for function 'mab_cost_aware_1783355782': target_tag=arm-tiny candidate=RC9BoWr7bsn5ThsQeA6m9d1783355783476196901 candidate_tag=arm-tiny
2026/07/06 18:37:16 [LB-Update] Node RC9BoWr7bsn5ThsQeA6m9d1783355783476196901 reported 512 MB free
2026/07/06 18:37:16 [MAB] event=reward_breakdown ts=1783355836064 policy=UCB1 function=mab_cost_aware_1783355782 arm=arm-tiny base_tag=arm-tiny architecture=arm specialization=tiny capabilities=[] duration_ms=2.455484 latency_reward=-0.898324 cost_weight=0.600000 cost_factor=0.400000 cost_term=0.240000 energy_weight=0.200000 energy_factor=0.600000 energy_term=0.120000 memory_weight=0.000000 memory_penalty=0.000000 memory_term=0.000000 final_reward=-1.258324
2026/07/06 18:37:16 [MAB] event=update_reward ts=1783355836064 policy=UCB1 function=mab_cost_aware_1783355782 arm=arm-tiny duration_ms=2.455484 warm_start=true reward=-1.258324 count=131 avg_reward=-1.442995 total_counts=178
2026/07/06 18:37:16 [LB] Compatible tag found: function=mab_cost_aware_1783355782 tag=x86-tiny/gpu/nvidia arch=amd64 pattern="" ring_size=1
2026/07/06 18:37:16 [LB] Compatible tag found: function=mab_cost_aware_1783355782 tag=arm-tiny arch=amd64 pattern="" ring_size=1
2026/07/06 18:37:16 [LB] Compatible tag found: function=mab_cost_aware_1783355782 tag=x86-large arch=amd64 pattern="" ring_size=1
2026/07/06 18:37:16 [LB] Compatible tag found: function=mab_cost_aware_1783355782 tag=x86-tiny arch=amd64 pattern="" ring_size=1
2026/07/06 18:37:16 [LB] Compatible tags for function 'mab_cost_aware_1783355782': [x86-tiny/gpu/nvidia arm-tiny x86-large x86-tiny]
2026/07/06 18:37:16 [LB][MAB] event=before_select function=mab_cost_aware_1783355782 compatible_tags=[x86-tiny/gpu/nvidia arm-tiny x86-large x86-tiny] has_context=true
2026/07/06 18:37:16 [MAB] event=arm_score ts=1783355836285 policy=UCB1 function=mab_cost_aware_1783355782 arm=x86-tiny score=-1.285242 count=41 avg_reward=-1.569648 total_counts=178
2026/07/06 18:37:16 [MAB] event=arm_score ts=1783355836285 policy=UCB1 function=mab_cost_aware_1783355782 arm=x86-tiny/gpu/nvidia score=-1.318264 count=2 avg_reward=-2.605964 total_counts=178
2026/07/06 18:37:16 [MAB] event=arm_score ts=1783355836285 policy=UCB1 function=mab_cost_aware_1783355782 arm=arm-tiny score=-1.283887 count=131 avg_reward=-1.442995 total_counts=178
2026/07/06 18:37:16 [MAB] event=arm_score ts=1783355836285 policy=UCB1 function=mab_cost_aware_1783355782 arm=x86-large score=-1.306769 count=4 avg_reward=-2.217310 total_counts=178
2026/07/06 18:37:16 [MAB] event=select_arm ts=1783355836285 policy=UCB1 function=mab_cost_aware_1783355782 selected_arm=arm-tiny reason=ucb_score score=-1.283887 total_counts=178 arms=[arm-tiny,x86-large,x86-tiny,x86-tiny/gpu/nvidia]
2026/07/06 18:37:16 [LB][MAB] event=after_select function=mab_cost_aware_1783355782 selected_tag=arm-tiny compatible_tags=[x86-tiny/gpu/nvidia arm-tiny x86-large x86-tiny]
2026/07/06 18:37:16 Candidate has: 512 MB free memory. Function needs: 128 MB
2026/07/06 18:37:16 [LB] Selected target for function 'mab_cost_aware_1783355782': target_tag=arm-tiny candidate=RC9BoWr7bsn5ThsQeA6m9d1783355783476196901 candidate_tag=arm-tiny
2026/07/06 18:37:16 [LB-Update] Node RC9BoWr7bsn5ThsQeA6m9d1783355783476196901 reported 512 MB free
2026/07/06 18:37:16 [MAB] event=reward_breakdown ts=1783355836288 policy=UCB1 function=mab_cost_aware_1783355782 arm=arm-tiny base_tag=arm-tiny architecture=arm specialization=tiny capabilities=[] duration_ms=2.670328 latency_reward=-0.982201 cost_weight=0.600000 cost_factor=0.400000 cost_term=0.240000 energy_weight=0.200000 energy_factor=0.600000 energy_term=0.120000 memory_weight=0.000000 memory_penalty=0.000000 memory_term=0.000000 final_reward=-1.342201
2026/07/06 18:37:16 [MAB] event=update_reward ts=1783355836288 policy=UCB1 function=mab_cost_aware_1783355782 arm=arm-tiny duration_ms=2.670328 warm_start=true reward=-1.342201 count=132 avg_reward=-1.442232 total_counts=179
2026/07/06 18:37:16 [LB] Compatible tag found: function=mab_cost_aware_1783355782 tag=x86-tiny/gpu/nvidia arch=amd64 pattern="" ring_size=1
2026/07/06 18:37:16 [LB] Compatible tag found: function=mab_cost_aware_1783355782 tag=arm-tiny arch=amd64 pattern="" ring_size=1
2026/07/06 18:37:16 [LB] Compatible tag found: function=mab_cost_aware_1783355782 tag=x86-large arch=amd64 pattern="" ring_size=1
2026/07/06 18:37:16 [LB] Compatible tag found: function=mab_cost_aware_1783355782 tag=x86-tiny arch=amd64 pattern="" ring_size=1
2026/07/06 18:37:16 [LB] Compatible tags for function 'mab_cost_aware_1783355782': [x86-tiny/gpu/nvidia arm-tiny x86-large x86-tiny]
2026/07/06 18:37:16 [LB][MAB] event=before_select function=mab_cost_aware_1783355782 compatible_tags=[x86-tiny/gpu/nvidia arm-tiny x86-large x86-tiny] has_context=true
2026/07/06 18:37:16 [MAB] event=arm_score ts=1783355836507 policy=UCB1 function=mab_cost_aware_1783355782 arm=x86-tiny/gpu/nvidia score=-1.317568 count=2 avg_reward=-2.605964 total_counts=179
2026/07/06 18:37:16 [MAB] event=arm_score ts=1783355836507 policy=UCB1 function=mab_cost_aware_1783355782 arm=arm-tiny score=-1.283641 count=132 avg_reward=-1.442232 total_counts=179
2026/07/06 18:37:16 [MAB] event=arm_score ts=1783355836507 policy=UCB1 function=mab_cost_aware_1783355782 arm=x86-large score=-1.306277 count=4 avg_reward=-2.217310 total_counts=179
2026/07/06 18:37:16 [MAB] event=arm_score ts=1783355836507 policy=UCB1 function=mab_cost_aware_1783355782 arm=x86-tiny score=-1.285089 count=41 avg_reward=-1.569648 total_counts=179
2026/07/06 18:37:16 [MAB] event=select_arm ts=1783355836507 policy=UCB1 function=mab_cost_aware_1783355782 selected_arm=arm-tiny reason=ucb_score score=-1.283641 total_counts=179 arms=[arm-tiny,x86-large,x86-tiny,x86-tiny/gpu/nvidia]
2026/07/06 18:37:16 [LB][MAB] event=after_select function=mab_cost_aware_1783355782 selected_tag=arm-tiny compatible_tags=[x86-tiny/gpu/nvidia arm-tiny x86-large x86-tiny]
2026/07/06 18:37:16 Candidate has: 512 MB free memory. Function needs: 128 MB
2026/07/06 18:37:16 [LB] Selected target for function 'mab_cost_aware_1783355782': target_tag=arm-tiny candidate=RC9BoWr7bsn5ThsQeA6m9d1783355783476196901 candidate_tag=arm-tiny
2026/07/06 18:37:16 [LB-Update] Node RC9BoWr7bsn5ThsQeA6m9d1783355783476196901 reported 512 MB free
2026/07/06 18:37:16 [MAB] event=reward_breakdown ts=1783355836511 policy=UCB1 function=mab_cost_aware_1783355782 arm=arm-tiny base_tag=arm-tiny architecture=arm specialization=tiny capabilities=[] duration_ms=2.873953 latency_reward=-1.055688 cost_weight=0.600000 cost_factor=0.400000 cost_term=0.240000 energy_weight=0.200000 energy_factor=0.600000 energy_term=0.120000 memory_weight=0.000000 memory_penalty=0.000000 memory_term=0.000000 final_reward=-1.415688
2026/07/06 18:37:16 [MAB] event=update_reward ts=1783355836511 policy=UCB1 function=mab_cost_aware_1783355782 arm=arm-tiny duration_ms=2.873953 warm_start=true reward=-1.415688 count=133 avg_reward=-1.442032 total_counts=180
2026/07/06 18:37:16 [LB]: Periodic targets update
2026/07/06 18:37:16 Found target: RC9BoWr7bsn5ThsQeA6m9d1783355783476196901
2026/07/06 18:37:16 Found target: Yfj9dc9aZ5sc6MzJoZmaP61783355783474809800
2026/07/06 18:37:16 Found target: WjectcSXtXYALypFSHKKHj1783355783475722225
2026/07/06 18:37:16 Found target: vpsc5EyUeu2bgV5e5BQz2f1783355783477036272
2026/07/06 18:37:16 Found 4 targets
2026/07/06 18:37:16 [LB] Compatible tag found: function=mab_cost_aware_1783355782 tag=x86-tiny/gpu/nvidia arch=amd64 pattern="" ring_size=1
2026/07/06 18:37:16 [LB] Compatible tag found: function=mab_cost_aware_1783355782 tag=arm-tiny arch=amd64 pattern="" ring_size=1
2026/07/06 18:37:16 [LB] Compatible tag found: function=mab_cost_aware_1783355782 tag=x86-large arch=amd64 pattern="" ring_size=1
2026/07/06 18:37:16 [LB] Compatible tag found: function=mab_cost_aware_1783355782 tag=x86-tiny arch=amd64 pattern="" ring_size=1
2026/07/06 18:37:16 [LB] Compatible tags for function 'mab_cost_aware_1783355782': [x86-tiny/gpu/nvidia arm-tiny x86-large x86-tiny]
2026/07/06 18:37:16 [LB][MAB] event=before_select function=mab_cost_aware_1783355782 compatible_tags=[x86-tiny/gpu/nvidia arm-tiny x86-large x86-tiny] has_context=true
2026/07/06 18:37:16 [MAB] event=arm_score ts=1783355836731 policy=UCB1 function=mab_cost_aware_1783355782 arm=x86-tiny/gpu/nvidia score=-1.316876 count=2 avg_reward=-2.605964 total_counts=180
2026/07/06 18:37:16 [MAB] event=arm_score ts=1783355836731 policy=UCB1 function=mab_cost_aware_1783355782 arm=arm-tiny score=-1.283954 count=133 avg_reward=-1.442032 total_counts=180
2026/07/06 18:37:16 [MAB] event=arm_score ts=1783355836731 policy=UCB1 function=mab_cost_aware_1783355782 arm=x86-large score=-1.305788 count=4 avg_reward=-2.217310 total_counts=180
2026/07/06 18:37:16 [MAB] event=arm_score ts=1783355836731 policy=UCB1 function=mab_cost_aware_1783355782 arm=x86-tiny score=-1.284936 count=41 avg_reward=-1.569648 total_counts=180
2026/07/06 18:37:16 [MAB] event=select_arm ts=1783355836731 policy=UCB1 function=mab_cost_aware_1783355782 selected_arm=arm-tiny reason=ucb_score score=-1.283954 total_counts=180 arms=[arm-tiny,x86-large,x86-tiny,x86-tiny/gpu/nvidia]
2026/07/06 18:37:16 [LB][MAB] event=after_select function=mab_cost_aware_1783355782 selected_tag=arm-tiny compatible_tags=[x86-tiny/gpu/nvidia arm-tiny x86-large x86-tiny]
2026/07/06 18:37:16 Candidate has: 512 MB free memory. Function needs: 128 MB
2026/07/06 18:37:16 [LB] Selected target for function 'mab_cost_aware_1783355782': target_tag=arm-tiny candidate=RC9BoWr7bsn5ThsQeA6m9d1783355783476196901 candidate_tag=arm-tiny
2026/07/06 18:37:16 [LB-Update] Node RC9BoWr7bsn5ThsQeA6m9d1783355783476196901 reported 512 MB free
2026/07/06 18:37:16 [MAB] event=reward_breakdown ts=1783355836735 policy=UCB1 function=mab_cost_aware_1783355782 arm=arm-tiny base_tag=arm-tiny architecture=arm specialization=tiny capabilities=[] duration_ms=3.517946 latency_reward=-1.257877 cost_weight=0.600000 cost_factor=0.400000 cost_term=0.240000 energy_weight=0.200000 energy_factor=0.600000 energy_term=0.120000 memory_weight=0.000000 memory_penalty=0.000000 memory_term=0.000000 final_reward=-1.617877
2026/07/06 18:37:16 [MAB] event=update_reward ts=1783355836735 policy=UCB1 function=mab_cost_aware_1783355782 arm=arm-tiny duration_ms=3.517946 warm_start=true reward=-1.617877 count=134 avg_reward=-1.443345 total_counts=181
2026/07/06 18:37:16 [LB] Compatible tag found: function=mab_cost_aware_1783355782 tag=x86-tiny/gpu/nvidia arch=amd64 pattern="" ring_size=1
2026/07/06 18:37:16 [LB] Compatible tag found: function=mab_cost_aware_1783355782 tag=arm-tiny arch=amd64 pattern="" ring_size=1
2026/07/06 18:37:16 [LB] Compatible tag found: function=mab_cost_aware_1783355782 tag=x86-large arch=amd64 pattern="" ring_size=1
2026/07/06 18:37:16 [LB] Compatible tag found: function=mab_cost_aware_1783355782 tag=x86-tiny arch=amd64 pattern="" ring_size=1
2026/07/06 18:37:16 [LB] Compatible tags for function 'mab_cost_aware_1783355782': [x86-tiny/gpu/nvidia arm-tiny x86-large x86-tiny]
2026/07/06 18:37:16 [LB][MAB] event=before_select function=mab_cost_aware_1783355782 compatible_tags=[x86-tiny/gpu/nvidia arm-tiny x86-large x86-tiny] has_context=true
2026/07/06 18:37:16 [MAB] event=arm_score ts=1783355836958 policy=UCB1 function=mab_cost_aware_1783355782 arm=x86-tiny/gpu/nvidia score=-1.316189 count=2 avg_reward=-2.605964 total_counts=181
2026/07/06 18:37:16 [MAB] event=arm_score ts=1783355836958 policy=UCB1 function=mab_cost_aware_1783355782 arm=arm-tiny score=-1.285773 count=134 avg_reward=-1.443345 total_counts=181
2026/07/06 18:37:16 [MAB] event=arm_score ts=1783355836958 policy=UCB1 function=mab_cost_aware_1783355782 arm=x86-large score=-1.305301 count=4 avg_reward=-2.217310 total_counts=181
2026/07/06 18:37:16 [MAB] event=arm_score ts=1783355836958 policy=UCB1 function=mab_cost_aware_1783355782 arm=x86-tiny score=-1.284784 count=41 avg_reward=-1.569648 total_counts=181
2026/07/06 18:37:16 [MAB] event=select_arm ts=1783355836958 policy=UCB1 function=mab_cost_aware_1783355782 selected_arm=x86-tiny reason=ucb_score score=-1.284784 total_counts=181 arms=[arm-tiny,x86-large,x86-tiny,x86-tiny/gpu/nvidia]
2026/07/06 18:37:16 [LB][MAB] event=after_select function=mab_cost_aware_1783355782 selected_tag=x86-tiny compatible_tags=[x86-tiny/gpu/nvidia arm-tiny x86-large x86-tiny]
2026/07/06 18:37:16 Candidate has: 512 MB free memory. Function needs: 128 MB
2026/07/06 18:37:16 [LB] Selected target for function 'mab_cost_aware_1783355782': target_tag=x86-tiny candidate=WjectcSXtXYALypFSHKKHj1783355783475722225 candidate_tag=x86-tiny
2026/07/06 18:37:16 [LB-Update] Node WjectcSXtXYALypFSHKKHj1783355783475722225 reported 512 MB free
2026/07/06 18:37:16 [MAB] event=reward_breakdown ts=1783355836962 policy=UCB1 function=mab_cost_aware_1783355782 arm=x86-tiny base_tag=x86-tiny architecture=x86 specialization=tiny capabilities=[] duration_ms=3.226472 latency_reward=-1.171389 cost_weight=0.600000 cost_factor=0.400000 cost_term=0.240000 energy_weight=0.200000 energy_factor=1.000000 energy_term=0.200000 memory_weight=0.000000 memory_penalty=0.000000 memory_term=0.000000 final_reward=-1.611389
2026/07/06 18:37:16 [MAB] event=update_reward ts=1783355836962 policy=UCB1 function=mab_cost_aware_1783355782 arm=x86-tiny duration_ms=3.226472 warm_start=true reward=-1.611389 count=42 avg_reward=-1.570642 total_counts=182
2026/07/06 18:37:17 [LB] Compatible tag found: function=mab_cost_aware_1783355782 tag=x86-tiny/gpu/nvidia arch=amd64 pattern="" ring_size=1
2026/07/06 18:37:17 [LB] Compatible tag found: function=mab_cost_aware_1783355782 tag=arm-tiny arch=amd64 pattern="" ring_size=1
2026/07/06 18:37:17 [LB] Compatible tag found: function=mab_cost_aware_1783355782 tag=x86-large arch=amd64 pattern="" ring_size=1
2026/07/06 18:37:17 [LB] Compatible tag found: function=mab_cost_aware_1783355782 tag=x86-tiny arch=amd64 pattern="" ring_size=1
2026/07/06 18:37:17 [LB] Compatible tags for function 'mab_cost_aware_1783355782': [x86-tiny/gpu/nvidia arm-tiny x86-large x86-tiny]
2026/07/06 18:37:17 [LB][MAB] event=before_select function=mab_cost_aware_1783355782 compatible_tags=[x86-tiny/gpu/nvidia arm-tiny x86-large x86-tiny] has_context=true
2026/07/06 18:37:17 [MAB] event=arm_score ts=1783355837184 policy=UCB1 function=mab_cost_aware_1783355782 arm=x86-tiny/gpu/nvidia score=-1.315506 count=2 avg_reward=-2.605964 total_counts=182
2026/07/06 18:37:17 [MAB] event=arm_score ts=1783355837184 policy=UCB1 function=mab_cost_aware_1783355782 arm=arm-tiny score=-1.285690 count=134 avg_reward=-1.443345 total_counts=182
2026/07/06 18:37:17 [MAB] event=arm_score ts=1783355837184 policy=UCB1 function=mab_cost_aware_1783355782 arm=x86-large score=-1.304818 count=4 avg_reward=-2.217310 total_counts=182
2026/07/06 18:37:17 [MAB] event=arm_score ts=1783355837184 policy=UCB1 function=mab_cost_aware_1783355782 arm=x86-tiny score=-1.289040 count=42 avg_reward=-1.570642 total_counts=182
2026/07/06 18:37:17 [MAB] event=select_arm ts=1783355837184 policy=UCB1 function=mab_cost_aware_1783355782 selected_arm=arm-tiny reason=ucb_score score=-1.285690 total_counts=182 arms=[arm-tiny,x86-large,x86-tiny,x86-tiny/gpu/nvidia]
2026/07/06 18:37:17 [LB][MAB] event=after_select function=mab_cost_aware_1783355782 selected_tag=arm-tiny compatible_tags=[x86-tiny/gpu/nvidia arm-tiny x86-large x86-tiny]
2026/07/06 18:37:17 Candidate has: 512 MB free memory. Function needs: 128 MB
2026/07/06 18:37:17 [LB] Selected target for function 'mab_cost_aware_1783355782': target_tag=arm-tiny candidate=RC9BoWr7bsn5ThsQeA6m9d1783355783476196901 candidate_tag=arm-tiny
2026/07/06 18:37:17 [LB-Update] Node RC9BoWr7bsn5ThsQeA6m9d1783355783476196901 reported 512 MB free
2026/07/06 18:37:17 [MAB] event=reward_breakdown ts=1783355837188 policy=UCB1 function=mab_cost_aware_1783355782 arm=arm-tiny base_tag=arm-tiny architecture=arm specialization=tiny capabilities=[] duration_ms=2.772789 latency_reward=-1.019854 cost_weight=0.600000 cost_factor=0.400000 cost_term=0.240000 energy_weight=0.200000 energy_factor=0.600000 energy_term=0.120000 memory_weight=0.000000 memory_penalty=0.000000 memory_term=0.000000 final_reward=-1.379854
2026/07/06 18:37:17 [MAB] event=update_reward ts=1783355837188 policy=UCB1 function=mab_cost_aware_1783355782 arm=arm-tiny duration_ms=2.772789 warm_start=true reward=-1.379854 count=135 avg_reward=-1.442874 total_counts=183
2026/07/06 18:37:17 [LB] Compatible tag found: function=mab_cost_aware_1783355782 tag=x86-tiny/gpu/nvidia arch=amd64 pattern="" ring_size=1
2026/07/06 18:37:17 [LB] Compatible tag found: function=mab_cost_aware_1783355782 tag=arm-tiny arch=amd64 pattern="" ring_size=1
2026/07/06 18:37:17 [LB] Compatible tag found: function=mab_cost_aware_1783355782 tag=x86-large arch=amd64 pattern="" ring_size=1
2026/07/06 18:37:17 [LB] Compatible tag found: function=mab_cost_aware_1783355782 tag=x86-tiny arch=amd64 pattern="" ring_size=1
2026/07/06 18:37:17 [LB] Compatible tags for function 'mab_cost_aware_1783355782': [x86-tiny/gpu/nvidia arm-tiny x86-large x86-tiny]
2026/07/06 18:37:17 [LB][MAB] event=before_select function=mab_cost_aware_1783355782 compatible_tags=[x86-tiny/gpu/nvidia arm-tiny x86-large x86-tiny] has_context=true
2026/07/06 18:37:17 [MAB] event=arm_score ts=1783355837409 policy=UCB1 function=mab_cost_aware_1783355782 arm=x86-large score=-1.304338 count=4 avg_reward=-2.217310 total_counts=183
2026/07/06 18:37:17 [MAB] event=arm_score ts=1783355837409 policy=UCB1 function=mab_cost_aware_1783355782 arm=x86-tiny score=-1.288892 count=42 avg_reward=-1.570642 total_counts=183
2026/07/06 18:37:17 [MAB] event=arm_score ts=1783355837409 policy=UCB1 function=mab_cost_aware_1783355782 arm=x86-tiny/gpu/nvidia score=-1.314826 count=2 avg_reward=-2.605964 total_counts=183
2026/07/06 18:37:17 [MAB] event=arm_score ts=1783355837409 policy=UCB1 function=mab_cost_aware_1783355782 arm=arm-tiny score=-1.285722 count=135 avg_reward=-1.442874 total_counts=183
2026/07/06 18:37:17 [MAB] event=select_arm ts=1783355837409 policy=UCB1 function=mab_cost_aware_1783355782 selected_arm=arm-tiny reason=ucb_score score=-1.285722 total_counts=183 arms=[arm-tiny,x86-large,x86-tiny,x86-tiny/gpu/nvidia]
2026/07/06 18:37:17 [LB][MAB] event=after_select function=mab_cost_aware_1783355782 selected_tag=arm-tiny compatible_tags=[x86-tiny/gpu/nvidia arm-tiny x86-large x86-tiny]
2026/07/06 18:37:17 Candidate has: 512 MB free memory. Function needs: 128 MB
2026/07/06 18:37:17 [LB] Selected target for function 'mab_cost_aware_1783355782': target_tag=arm-tiny candidate=RC9BoWr7bsn5ThsQeA6m9d1783355783476196901 candidate_tag=arm-tiny
2026/07/06 18:37:17 [LB-Update] Node RC9BoWr7bsn5ThsQeA6m9d1783355783476196901 reported 512 MB free
2026/07/06 18:37:17 [MAB] event=reward_breakdown ts=1783355837413 policy=UCB1 function=mab_cost_aware_1783355782 arm=arm-tiny base_tag=arm-tiny architecture=arm specialization=tiny capabilities=[] duration_ms=2.820000 latency_reward=-1.036737 cost_weight=0.600000 cost_factor=0.400000 cost_term=0.240000 energy_weight=0.200000 energy_factor=0.600000 energy_term=0.120000 memory_weight=0.000000 memory_penalty=0.000000 memory_term=0.000000 final_reward=-1.396737
2026/07/06 18:37:17 [MAB] event=update_reward ts=1783355837413 policy=UCB1 function=mab_cost_aware_1783355782 arm=arm-tiny duration_ms=2.820000 warm_start=true reward=-1.396737 count=136 avg_reward=-1.442535 total_counts=184
2026/07/06 18:37:17 [LB] Compatible tag found: function=mab_cost_aware_1783355782 tag=x86-tiny/gpu/nvidia arch=amd64 pattern="" ring_size=1
2026/07/06 18:37:17 [LB] Compatible tag found: function=mab_cost_aware_1783355782 tag=arm-tiny arch=amd64 pattern="" ring_size=1
2026/07/06 18:37:17 [LB] Compatible tag found: function=mab_cost_aware_1783355782 tag=x86-large arch=amd64 pattern="" ring_size=1
2026/07/06 18:37:17 [LB] Compatible tag found: function=mab_cost_aware_1783355782 tag=x86-tiny arch=amd64 pattern="" ring_size=1
2026/07/06 18:37:17 [LB] Compatible tags for function 'mab_cost_aware_1783355782': [x86-tiny/gpu/nvidia arm-tiny x86-large x86-tiny]
2026/07/06 18:37:17 [LB][MAB] event=before_select function=mab_cost_aware_1783355782 compatible_tags=[x86-tiny/gpu/nvidia arm-tiny x86-large x86-tiny] has_context=true
2026/07/06 18:37:17 [MAB] event=arm_score ts=1783355837633 policy=UCB1 function=mab_cost_aware_1783355782 arm=x86-tiny/gpu/nvidia score=-1.314151 count=2 avg_reward=-2.605964 total_counts=184
2026/07/06 18:37:17 [MAB] event=arm_score ts=1783355837633 policy=UCB1 function=mab_cost_aware_1783355782 arm=arm-tiny score=-1.285880 count=136 avg_reward=-1.442535 total_counts=184
2026/07/06 18:37:17 [MAB] event=arm_score ts=1783355837633 policy=UCB1 function=mab_cost_aware_1783355782 arm=x86-large score=-1.303861 count=4 avg_reward=-2.217310 total_counts=184
2026/07/06 18:37:17 [MAB] event=arm_score ts=1783355837633 policy=UCB1 function=mab_cost_aware_1783355782 arm=x86-tiny score=-1.288745 count=42 avg_reward=-1.570642 total_counts=184
2026/07/06 18:37:17 [MAB] event=select_arm ts=1783355837633 policy=UCB1 function=mab_cost_aware_1783355782 selected_arm=arm-tiny reason=ucb_score score=-1.285880 total_counts=184 arms=[arm-tiny,x86-large,x86-tiny,x86-tiny/gpu/nvidia]
2026/07/06 18:37:17 [LB][MAB] event=after_select function=mab_cost_aware_1783355782 selected_tag=arm-tiny compatible_tags=[x86-tiny/gpu/nvidia arm-tiny x86-large x86-tiny]
2026/07/06 18:37:17 Candidate has: 512 MB free memory. Function needs: 128 MB
2026/07/06 18:37:17 [LB] Selected target for function 'mab_cost_aware_1783355782': target_tag=arm-tiny candidate=RC9BoWr7bsn5ThsQeA6m9d1783355783476196901 candidate_tag=arm-tiny
2026/07/06 18:37:17 [LB-Update] Node RC9BoWr7bsn5ThsQeA6m9d1783355783476196901 reported 512 MB free
2026/07/06 18:37:17 [MAB] event=reward_breakdown ts=1783355837637 policy=UCB1 function=mab_cost_aware_1783355782 arm=arm-tiny base_tag=arm-tiny architecture=arm specialization=tiny capabilities=[] duration_ms=3.283908 latency_reward=-1.189034 cost_weight=0.600000 cost_factor=0.400000 cost_term=0.240000 energy_weight=0.200000 energy_factor=0.600000 energy_term=0.120000 memory_weight=0.000000 memory_penalty=0.000000 memory_term=0.000000 final_reward=-1.549034
2026/07/06 18:37:17 [MAB] event=update_reward ts=1783355837637 policy=UCB1 function=mab_cost_aware_1783355782 arm=arm-tiny duration_ms=3.283908 warm_start=true reward=-1.549034 count=137 avg_reward=-1.443312 total_counts=185
2026/07/06 18:37:17 [LB] Compatible tag found: function=mab_cost_aware_1783355782 tag=x86-tiny/gpu/nvidia arch=amd64 pattern="" ring_size=1
2026/07/06 18:37:17 [LB] Compatible tag found: function=mab_cost_aware_1783355782 tag=arm-tiny arch=amd64 pattern="" ring_size=1
2026/07/06 18:37:17 [LB] Compatible tag found: function=mab_cost_aware_1783355782 tag=x86-large arch=amd64 pattern="" ring_size=1
2026/07/06 18:37:17 [LB] Compatible tag found: function=mab_cost_aware_1783355782 tag=x86-tiny arch=amd64 pattern="" ring_size=1
2026/07/06 18:37:17 [LB] Compatible tags for function 'mab_cost_aware_1783355782': [x86-tiny/gpu/nvidia arm-tiny x86-large x86-tiny]
2026/07/06 18:37:17 [LB][MAB] event=before_select function=mab_cost_aware_1783355782 compatible_tags=[x86-tiny/gpu/nvidia arm-tiny x86-large x86-tiny] has_context=true
2026/07/06 18:37:17 [MAB] event=arm_score ts=1783355837858 policy=UCB1 function=mab_cost_aware_1783355782 arm=x86-tiny/gpu/nvidia score=-1.313480 count=2 avg_reward=-2.605964 total_counts=185
2026/07/06 18:37:17 [MAB] event=arm_score ts=1783355837858 policy=UCB1 function=mab_cost_aware_1783355782 arm=arm-tiny score=-1.287149 count=137 avg_reward=-1.443312 total_counts=185
2026/07/06 18:37:17 [MAB] event=arm_score ts=1783355837858 policy=UCB1 function=mab_cost_aware_1783355782 arm=x86-large score=-1.303386 count=4 avg_reward=-2.217310 total_counts=185
2026/07/06 18:37:17 [MAB] event=arm_score ts=1783355837858 policy=UCB1 function=mab_cost_aware_1783355782 arm=x86-tiny score=-1.288598 count=42 avg_reward=-1.570642 total_counts=185
2026/07/06 18:37:17 [MAB] event=select_arm ts=1783355837858 policy=UCB1 function=mab_cost_aware_1783355782 selected_arm=arm-tiny reason=ucb_score score=-1.287149 total_counts=185 arms=[arm-tiny,x86-large,x86-tiny,x86-tiny/gpu/nvidia]
2026/07/06 18:37:17 [LB][MAB] event=after_select function=mab_cost_aware_1783355782 selected_tag=arm-tiny compatible_tags=[x86-tiny/gpu/nvidia arm-tiny x86-large x86-tiny]
2026/07/06 18:37:17 Candidate has: 512 MB free memory. Function needs: 128 MB
2026/07/06 18:37:17 [LB] Selected target for function 'mab_cost_aware_1783355782': target_tag=arm-tiny candidate=RC9BoWr7bsn5ThsQeA6m9d1783355783476196901 candidate_tag=arm-tiny
2026/07/06 18:37:17 [LB-Update] Node RC9BoWr7bsn5ThsQeA6m9d1783355783476196901 reported 512 MB free
2026/07/06 18:37:17 [MAB] event=reward_breakdown ts=1783355837862 policy=UCB1 function=mab_cost_aware_1783355782 arm=arm-tiny base_tag=arm-tiny architecture=arm specialization=tiny capabilities=[] duration_ms=2.976500 latency_reward=-1.090748 cost_weight=0.600000 cost_factor=0.400000 cost_term=0.240000 energy_weight=0.200000 energy_factor=0.600000 energy_term=0.120000 memory_weight=0.000000 memory_penalty=0.000000 memory_term=0.000000 final_reward=-1.450748
2026/07/06 18:37:17 [MAB] event=update_reward ts=1783355837862 policy=UCB1 function=mab_cost_aware_1783355782 arm=arm-tiny duration_ms=2.976500 warm_start=true reward=-1.450748 count=138 avg_reward=-1.443366 total_counts=186
2026/07/06 18:37:18 [LB] Compatible tag found: function=mab_cost_aware_1783355782 tag=x86-tiny/gpu/nvidia arch=amd64 pattern="" ring_size=1
2026/07/06 18:37:18 [LB] Compatible tag found: function=mab_cost_aware_1783355782 tag=arm-tiny arch=amd64 pattern="" ring_size=1
2026/07/06 18:37:18 [LB] Compatible tag found: function=mab_cost_aware_1783355782 tag=x86-large arch=amd64 pattern="" ring_size=1
2026/07/06 18:37:18 [LB] Compatible tag found: function=mab_cost_aware_1783355782 tag=x86-tiny arch=amd64 pattern="" ring_size=1
2026/07/06 18:37:18 [LB] Compatible tags for function 'mab_cost_aware_1783355782': [x86-tiny/gpu/nvidia arm-tiny x86-large x86-tiny]
2026/07/06 18:37:18 [LB][MAB] event=before_select function=mab_cost_aware_1783355782 compatible_tags=[x86-tiny/gpu/nvidia arm-tiny x86-large x86-tiny] has_context=true
2026/07/06 18:37:18 [MAB] event=arm_score ts=1783355838081 policy=UCB1 function=mab_cost_aware_1783355782 arm=x86-tiny/gpu/nvidia score=-1.312813 count=2 avg_reward=-2.605964 total_counts=186
2026/07/06 18:37:18 [MAB] event=arm_score ts=1783355838081 policy=UCB1 function=mab_cost_aware_1783355782 arm=arm-tiny score=-1.287689 count=138 avg_reward=-1.443366 total_counts=186
2026/07/06 18:37:18 [MAB] event=arm_score ts=1783355838081 policy=UCB1 function=mab_cost_aware_1783355782 arm=x86-large score=-1.302914 count=4 avg_reward=-2.217310 total_counts=186
2026/07/06 18:37:18 [MAB] event=arm_score ts=1783355838081 policy=UCB1 function=mab_cost_aware_1783355782 arm=x86-tiny score=-1.288453 count=42 avg_reward=-1.570642 total_counts=186
2026/07/06 18:37:18 [MAB] event=select_arm ts=1783355838081 policy=UCB1 function=mab_cost_aware_1783355782 selected_arm=arm-tiny reason=ucb_score score=-1.287689 total_counts=186 arms=[arm-tiny,x86-large,x86-tiny,x86-tiny/gpu/nvidia]
2026/07/06 18:37:18 [LB][MAB] event=after_select function=mab_cost_aware_1783355782 selected_tag=arm-tiny compatible_tags=[x86-tiny/gpu/nvidia arm-tiny x86-large x86-tiny]
2026/07/06 18:37:18 Candidate has: 512 MB free memory. Function needs: 128 MB
2026/07/06 18:37:18 [LB] Selected target for function 'mab_cost_aware_1783355782': target_tag=arm-tiny candidate=RC9BoWr7bsn5ThsQeA6m9d1783355783476196901 candidate_tag=arm-tiny
2026/07/06 18:37:18 [LB-Update] Node RC9BoWr7bsn5ThsQeA6m9d1783355783476196901 reported 512 MB free
2026/07/06 18:37:18 [MAB] event=reward_breakdown ts=1783355838085 policy=UCB1 function=mab_cost_aware_1783355782 arm=arm-tiny base_tag=arm-tiny architecture=arm specialization=tiny capabilities=[] duration_ms=3.218127 latency_reward=-1.168800 cost_weight=0.600000 cost_factor=0.400000 cost_term=0.240000 energy_weight=0.200000 energy_factor=0.600000 energy_term=0.120000 memory_weight=0.000000 memory_penalty=0.000000 memory_term=0.000000 final_reward=-1.528800
2026/07/06 18:37:18 [MAB] event=update_reward ts=1783355838085 policy=UCB1 function=mab_cost_aware_1783355782 arm=arm-tiny duration_ms=3.218127 warm_start=true reward=-1.528800 count=139 avg_reward=-1.443981 total_counts=187
2026/07/06 18:37:18 [LB] Compatible tag found: function=mab_cost_aware_1783355782 tag=x86-tiny/gpu/nvidia arch=amd64 pattern="" ring_size=1
2026/07/06 18:37:18 [LB] Compatible tag found: function=mab_cost_aware_1783355782 tag=arm-tiny arch=amd64 pattern="" ring_size=1
2026/07/06 18:37:18 [LB] Compatible tag found: function=mab_cost_aware_1783355782 tag=x86-large arch=amd64 pattern="" ring_size=1
2026/07/06 18:37:18 [LB] Compatible tag found: function=mab_cost_aware_1783355782 tag=x86-tiny arch=amd64 pattern="" ring_size=1
2026/07/06 18:37:18 [LB] Compatible tags for function 'mab_cost_aware_1783355782': [x86-tiny/gpu/nvidia arm-tiny x86-large x86-tiny]
2026/07/06 18:37:18 [LB][MAB] event=before_select function=mab_cost_aware_1783355782 compatible_tags=[x86-tiny/gpu/nvidia arm-tiny x86-large x86-tiny] has_context=true
2026/07/06 18:37:18 [MAB] event=arm_score ts=1783355838308 policy=UCB1 function=mab_cost_aware_1783355782 arm=x86-tiny/gpu/nvidia score=-1.312150 count=2 avg_reward=-2.605964 total_counts=187
2026/07/06 18:37:18 [MAB] event=arm_score ts=1783355838308 policy=UCB1 function=mab_cost_aware_1783355782 arm=arm-tiny score=-1.288785 count=139 avg_reward=-1.443981 total_counts=187
2026/07/06 18:37:18 [MAB] event=arm_score ts=1783355838308 policy=UCB1 function=mab_cost_aware_1783355782 arm=x86-large score=-1.302445 count=4 avg_reward=-2.217310 total_counts=187
2026/07/06 18:37:18 [MAB] event=arm_score ts=1783355838308 policy=UCB1 function=mab_cost_aware_1783355782 arm=x86-tiny score=-1.288308 count=42 avg_reward=-1.570642 total_counts=187
2026/07/06 18:37:18 [MAB] event=select_arm ts=1783355838308 policy=UCB1 function=mab_cost_aware_1783355782 selected_arm=x86-tiny reason=ucb_score score=-1.288308 total_counts=187 arms=[arm-tiny,x86-large,x86-tiny,x86-tiny/gpu/nvidia]
2026/07/06 18:37:18 [LB][MAB] event=after_select function=mab_cost_aware_1783355782 selected_tag=x86-tiny compatible_tags=[x86-tiny/gpu/nvidia arm-tiny x86-large x86-tiny]
2026/07/06 18:37:18 Candidate has: 512 MB free memory. Function needs: 128 MB
2026/07/06 18:37:18 [LB] Selected target for function 'mab_cost_aware_1783355782': target_tag=x86-tiny candidate=WjectcSXtXYALypFSHKKHj1783355783475722225 candidate_tag=x86-tiny
2026/07/06 18:37:18 [LB-Update] Node WjectcSXtXYALypFSHKKHj1783355783475722225 reported 512 MB free
2026/07/06 18:37:18 [MAB] event=reward_breakdown ts=1783355838313 policy=UCB1 function=mab_cost_aware_1783355782 arm=x86-tiny base_tag=x86-tiny architecture=x86 specialization=tiny capabilities=[] duration_ms=3.186481 latency_reward=-1.158917 cost_weight=0.600000 cost_factor=0.400000 cost_term=0.240000 energy_weight=0.200000 energy_factor=1.000000 energy_term=0.200000 memory_weight=0.000000 memory_penalty=0.000000 memory_term=0.000000 final_reward=-1.598917
2026/07/06 18:37:18 [MAB] event=update_reward ts=1783355838313 policy=UCB1 function=mab_cost_aware_1783355782 arm=x86-tiny duration_ms=3.186481 warm_start=true reward=-1.598917 count=43 avg_reward=-1.571299 total_counts=188
2026/07/06 18:37:18 [LB] Compatible tag found: function=mab_cost_aware_1783355782 tag=x86-tiny/gpu/nvidia arch=amd64 pattern="" ring_size=1
2026/07/06 18:37:18 [LB] Compatible tag found: function=mab_cost_aware_1783355782 tag=arm-tiny arch=amd64 pattern="" ring_size=1
2026/07/06 18:37:18 [LB] Compatible tag found: function=mab_cost_aware_1783355782 tag=x86-large arch=amd64 pattern="" ring_size=1
2026/07/06 18:37:18 [LB] Compatible tag found: function=mab_cost_aware_1783355782 tag=x86-tiny arch=amd64 pattern="" ring_size=1
2026/07/06 18:37:18 [LB] Compatible tags for function 'mab_cost_aware_1783355782': [x86-tiny/gpu/nvidia arm-tiny x86-large x86-tiny]
2026/07/06 18:37:18 [LB][MAB] event=before_select function=mab_cost_aware_1783355782 compatible_tags=[x86-tiny/gpu/nvidia arm-tiny x86-large x86-tiny] has_context=true
2026/07/06 18:37:18 [MAB] event=arm_score ts=1783355838535 policy=UCB1 function=mab_cost_aware_1783355782 arm=x86-tiny score=-1.292126 count=43 avg_reward=-1.571299 total_counts=188
2026/07/06 18:37:18 [MAB] event=arm_score ts=1783355838535 policy=UCB1 function=mab_cost_aware_1783355782 arm=x86-tiny/gpu/nvidia score=-1.311490 count=2 avg_reward=-2.605964 total_counts=188
2026/07/06 18:37:18 [MAB] event=arm_score ts=1783355838535 policy=UCB1 function=mab_cost_aware_1783355782 arm=arm-tiny score=-1.288706 count=139 avg_reward=-1.443981 total_counts=188
2026/07/06 18:37:18 [MAB] event=arm_score ts=1783355838535 policy=UCB1 function=mab_cost_aware_1783355782 arm=x86-large score=-1.301979 count=4 avg_reward=-2.217310 total_counts=188
2026/07/06 18:37:18 [MAB] event=select_arm ts=1783355838535 policy=UCB1 function=mab_cost_aware_1783355782 selected_arm=arm-tiny reason=ucb_score score=-1.288706 total_counts=188 arms=[arm-tiny,x86-large,x86-tiny,x86-tiny/gpu/nvidia]
2026/07/06 18:37:18 [LB][MAB] event=after_select function=mab_cost_aware_1783355782 selected_tag=arm-tiny compatible_tags=[x86-tiny/gpu/nvidia arm-tiny x86-large x86-tiny]
2026/07/06 18:37:18 Candidate has: 512 MB free memory. Function needs: 128 MB
2026/07/06 18:37:18 [LB] Selected target for function 'mab_cost_aware_1783355782': target_tag=arm-tiny candidate=RC9BoWr7bsn5ThsQeA6m9d1783355783476196901 candidate_tag=arm-tiny
2026/07/06 18:37:18 [LB-Update] Node RC9BoWr7bsn5ThsQeA6m9d1783355783476196901 reported 512 MB free
2026/07/06 18:37:18 [MAB] event=reward_breakdown ts=1783355838539 policy=UCB1 function=mab_cost_aware_1783355782 arm=arm-tiny base_tag=arm-tiny architecture=arm specialization=tiny capabilities=[] duration_ms=3.567746 latency_reward=-1.271934 cost_weight=0.600000 cost_factor=0.400000 cost_term=0.240000 energy_weight=0.200000 energy_factor=0.600000 energy_term=0.120000 memory_weight=0.000000 memory_penalty=0.000000 memory_term=0.000000 final_reward=-1.631934
2026/07/06 18:37:18 [MAB] event=update_reward ts=1783355838539 policy=UCB1 function=mab_cost_aware_1783355782 arm=arm-tiny duration_ms=3.567746 warm_start=true reward=-1.631934 count=140 avg_reward=-1.445323 total_counts=189
2026/07/06 18:37:18 [LB] Compatible tag found: function=mab_cost_aware_1783355782 tag=x86-tiny/gpu/nvidia arch=amd64 pattern="" ring_size=1
2026/07/06 18:37:18 [LB] Compatible tag found: function=mab_cost_aware_1783355782 tag=arm-tiny arch=amd64 pattern="" ring_size=1
2026/07/06 18:37:18 [LB] Compatible tag found: function=mab_cost_aware_1783355782 tag=x86-large arch=amd64 pattern="" ring_size=1
2026/07/06 18:37:18 [LB] Compatible tag found: function=mab_cost_aware_1783355782 tag=x86-tiny arch=amd64 pattern="" ring_size=1
2026/07/06 18:37:18 [LB] Compatible tags for function 'mab_cost_aware_1783355782': [x86-tiny/gpu/nvidia arm-tiny x86-large x86-tiny]
2026/07/06 18:37:18 [LB][MAB] event=before_select function=mab_cost_aware_1783355782 compatible_tags=[x86-tiny/gpu/nvidia arm-tiny x86-large x86-tiny] has_context=true
2026/07/06 18:37:18 [MAB] event=arm_score ts=1783355838762 policy=UCB1 function=mab_cost_aware_1783355782 arm=arm-tiny score=-1.290526 count=140 avg_reward=-1.445323 total_counts=189
2026/07/06 18:37:18 [MAB] event=arm_score ts=1783355838762 policy=UCB1 function=mab_cost_aware_1783355782 arm=x86-large score=-1.301516 count=4 avg_reward=-2.217310 total_counts=189
2026/07/06 18:37:18 [MAB] event=arm_score ts=1783355838762 policy=UCB1 function=mab_cost_aware_1783355782 arm=x86-tiny score=-1.291984 count=43 avg_reward=-1.571299 total_counts=189
2026/07/06 18:37:18 [MAB] event=arm_score ts=1783355838762 policy=UCB1 function=mab_cost_aware_1783355782 arm=x86-tiny/gpu/nvidia score=-1.310835 count=2 avg_reward=-2.605964 total_counts=189
2026/07/06 18:37:18 [MAB] event=select_arm ts=1783355838763 policy=UCB1 function=mab_cost_aware_1783355782 selected_arm=arm-tiny reason=ucb_score score=-1.290526 total_counts=189 arms=[arm-tiny,x86-large,x86-tiny,x86-tiny/gpu/nvidia]
2026/07/06 18:37:18 [LB][MAB] event=after_select function=mab_cost_aware_1783355782 selected_tag=arm-tiny compatible_tags=[x86-tiny/gpu/nvidia arm-tiny x86-large x86-tiny]
2026/07/06 18:37:18 Candidate has: 512 MB free memory. Function needs: 128 MB
2026/07/06 18:37:18 [LB] Selected target for function 'mab_cost_aware_1783355782': target_tag=arm-tiny candidate=RC9BoWr7bsn5ThsQeA6m9d1783355783476196901 candidate_tag=arm-tiny
2026/07/06 18:37:18 [LB-Update] Node RC9BoWr7bsn5ThsQeA6m9d1783355783476196901 reported 512 MB free
2026/07/06 18:37:18 [MAB] event=reward_breakdown ts=1783355838766 policy=UCB1 function=mab_cost_aware_1783355782 arm=arm-tiny base_tag=arm-tiny architecture=arm specialization=tiny capabilities=[] duration_ms=3.069644 latency_reward=-1.121562 cost_weight=0.600000 cost_factor=0.400000 cost_term=0.240000 energy_weight=0.200000 energy_factor=0.600000 energy_term=0.120000 memory_weight=0.000000 memory_penalty=0.000000 memory_term=0.000000 final_reward=-1.481562
2026/07/06 18:37:18 [MAB] event=update_reward ts=1783355838766 policy=UCB1 function=mab_cost_aware_1783355782 arm=arm-tiny duration_ms=3.069644 warm_start=true reward=-1.481562 count=141 avg_reward=-1.445580 total_counts=190
2026/07/06 18:37:18 [LB] Compatible tag found: function=mab_cost_aware_1783355782 tag=x86-tiny/gpu/nvidia arch=amd64 pattern="" ring_size=1
2026/07/06 18:37:18 [LB] Compatible tag found: function=mab_cost_aware_1783355782 tag=arm-tiny arch=amd64 pattern="" ring_size=1
2026/07/06 18:37:18 [LB] Compatible tag found: function=mab_cost_aware_1783355782 tag=x86-large arch=amd64 pattern="" ring_size=1
2026/07/06 18:37:18 [LB] Compatible tag found: function=mab_cost_aware_1783355782 tag=x86-tiny arch=amd64 pattern="" ring_size=1
2026/07/06 18:37:18 [LB] Compatible tags for function 'mab_cost_aware_1783355782': [x86-tiny/gpu/nvidia arm-tiny x86-large x86-tiny]
2026/07/06 18:37:18 [LB][MAB] event=before_select function=mab_cost_aware_1783355782 compatible_tags=[x86-tiny/gpu/nvidia arm-tiny x86-large x86-tiny] has_context=true
2026/07/06 18:37:18 [MAB] event=arm_score ts=1783355838986 policy=UCB1 function=mab_cost_aware_1783355782 arm=x86-tiny/gpu/nvidia score=-1.310183 count=2 avg_reward=-2.605964 total_counts=190
2026/07/06 18:37:18 [MAB] event=arm_score ts=1783355838986 policy=UCB1 function=mab_cost_aware_1783355782 arm=arm-tiny score=-1.291255 count=141 avg_reward=-1.445580 total_counts=190
2026/07/06 18:37:18 [MAB] event=arm_score ts=1783355838986 policy=UCB1 function=mab_cost_aware_1783355782 arm=x86-large score=-1.301055 count=4 avg_reward=-2.217310 total_counts=190
2026/07/06 18:37:18 [MAB] event=arm_score ts=1783355838986 policy=UCB1 function=mab_cost_aware_1783355782 arm=x86-tiny score=-1.291844 count=43 avg_reward=-1.571299 total_counts=190
2026/07/06 18:37:18 [MAB] event=select_arm ts=1783355838986 policy=UCB1 function=mab_cost_aware_1783355782 selected_arm=arm-tiny reason=ucb_score score=-1.291255 total_counts=190 arms=[arm-tiny,x86-large,x86-tiny,x86-tiny/gpu/nvidia]
2026/07/06 18:37:18 [LB][MAB] event=after_select function=mab_cost_aware_1783355782 selected_tag=arm-tiny compatible_tags=[x86-tiny/gpu/nvidia arm-tiny x86-large x86-tiny]
2026/07/06 18:37:18 Candidate has: 512 MB free memory. Function needs: 128 MB
2026/07/06 18:37:18 [LB] Selected target for function 'mab_cost_aware_1783355782': target_tag=arm-tiny candidate=RC9BoWr7bsn5ThsQeA6m9d1783355783476196901 candidate_tag=arm-tiny
2026/07/06 18:37:18 [LB-Update] Node RC9BoWr7bsn5ThsQeA6m9d1783355783476196901 reported 512 MB free
2026/07/06 18:37:18 [MAB] event=reward_breakdown ts=1783355838989 policy=UCB1 function=mab_cost_aware_1783355782 arm=arm-tiny base_tag=arm-tiny architecture=arm specialization=tiny capabilities=[] duration_ms=2.918520 latency_reward=-1.071077 cost_weight=0.600000 cost_factor=0.400000 cost_term=0.240000 energy_weight=0.200000 energy_factor=0.600000 energy_term=0.120000 memory_weight=0.000000 memory_penalty=0.000000 memory_term=0.000000 final_reward=-1.431077
2026/07/06 18:37:18 [MAB] event=update_reward ts=1783355838989 policy=UCB1 function=mab_cost_aware_1783355782 arm=arm-tiny duration_ms=2.918520 warm_start=true reward=-1.431077 count=142 avg_reward=-1.445478 total_counts=191
2026/07/06 18:37:19 [LB] Compatible tag found: function=mab_cost_aware_1783355782 tag=x86-tiny/gpu/nvidia arch=amd64 pattern="" ring_size=1
2026/07/06 18:37:19 [LB] Compatible tag found: function=mab_cost_aware_1783355782 tag=arm-tiny arch=amd64 pattern="" ring_size=1
2026/07/06 18:37:19 [LB] Compatible tag found: function=mab_cost_aware_1783355782 tag=x86-large arch=amd64 pattern="" ring_size=1
2026/07/06 18:37:19 [LB] Compatible tag found: function=mab_cost_aware_1783355782 tag=x86-tiny arch=amd64 pattern="" ring_size=1
2026/07/06 18:37:19 [LB] Compatible tags for function 'mab_cost_aware_1783355782': [x86-tiny/gpu/nvidia arm-tiny x86-large x86-tiny]
2026/07/06 18:37:19 [LB][MAB] event=before_select function=mab_cost_aware_1783355782 compatible_tags=[x86-tiny/gpu/nvidia arm-tiny x86-large x86-tiny] has_context=true
2026/07/06 18:37:19 [MAB] event=arm_score ts=1783355839210 policy=UCB1 function=mab_cost_aware_1783355782 arm=x86-large score=-1.300596 count=4 avg_reward=-2.217310 total_counts=191
2026/07/06 18:37:19 [MAB] event=arm_score ts=1783355839210 policy=UCB1 function=mab_cost_aware_1783355782 arm=x86-tiny score=-1.291704 count=43 avg_reward=-1.571299 total_counts=191
2026/07/06 18:37:19 [MAB] event=arm_score ts=1783355839210 policy=UCB1 function=mab_cost_aware_1783355782 arm=x86-tiny/gpu/nvidia score=-1.309535 count=2 avg_reward=-2.605964 total_counts=191
2026/07/06 18:37:19 [MAB] event=arm_score ts=1783355839210 policy=UCB1 function=mab_cost_aware_1783355782 arm=arm-tiny score=-1.291620 count=142 avg_reward=-1.445478 total_counts=191
2026/07/06 18:37:19 [MAB] event=select_arm ts=1783355839210 policy=UCB1 function=mab_cost_aware_1783355782 selected_arm=arm-tiny reason=ucb_score score=-1.291620 total_counts=191 arms=[arm-tiny,x86-large,x86-tiny,x86-tiny/gpu/nvidia]
2026/07/06 18:37:19 [LB][MAB] event=after_select function=mab_cost_aware_1783355782 selected_tag=arm-tiny compatible_tags=[x86-tiny/gpu/nvidia arm-tiny x86-large x86-tiny]
2026/07/06 18:37:19 Candidate has: 512 MB free memory. Function needs: 128 MB
2026/07/06 18:37:19 [LB] Selected target for function 'mab_cost_aware_1783355782': target_tag=arm-tiny candidate=RC9BoWr7bsn5ThsQeA6m9d1783355783476196901 candidate_tag=arm-tiny
2026/07/06 18:37:19 [LB-Update] Node RC9BoWr7bsn5ThsQeA6m9d1783355783476196901 reported 512 MB free
2026/07/06 18:37:19 [MAB] event=reward_breakdown ts=1783355839214 policy=UCB1 function=mab_cost_aware_1783355782 arm=arm-tiny base_tag=arm-tiny architecture=arm specialization=tiny capabilities=[] duration_ms=2.909494 latency_reward=-1.067979 cost_weight=0.600000 cost_factor=0.400000 cost_term=0.240000 energy_weight=0.200000 energy_factor=0.600000 energy_term=0.120000 memory_weight=0.000000 memory_penalty=0.000000 memory_term=0.000000 final_reward=-1.427979
2026/07/06 18:37:19 [MAB] event=update_reward ts=1783355839214 policy=UCB1 function=mab_cost_aware_1783355782 arm=arm-tiny duration_ms=2.909494 warm_start=true reward=-1.427979 count=143 avg_reward=-1.445356 total_counts=192
2026/07/06 18:37:19 [LB] Compatible tag found: function=mab_cost_aware_1783355782 tag=x86-tiny/gpu/nvidia arch=amd64 pattern="" ring_size=1
2026/07/06 18:37:19 [LB] Compatible tag found: function=mab_cost_aware_1783355782 tag=arm-tiny arch=amd64 pattern="" ring_size=1
2026/07/06 18:37:19 [LB] Compatible tag found: function=mab_cost_aware_1783355782 tag=x86-large arch=amd64 pattern="" ring_size=1
2026/07/06 18:37:19 [LB] Compatible tag found: function=mab_cost_aware_1783355782 tag=x86-tiny arch=amd64 pattern="" ring_size=1
2026/07/06 18:37:19 [LB] Compatible tags for function 'mab_cost_aware_1783355782': [x86-tiny/gpu/nvidia arm-tiny x86-large x86-tiny]
2026/07/06 18:37:19 [LB][MAB] event=before_select function=mab_cost_aware_1783355782 compatible_tags=[x86-tiny/gpu/nvidia arm-tiny x86-large x86-tiny] has_context=true
2026/07/06 18:37:19 [MAB] event=arm_score ts=1783355839432 policy=UCB1 function=mab_cost_aware_1783355782 arm=x86-tiny/gpu/nvidia score=-1.308891 count=2 avg_reward=-2.605964 total_counts=192
2026/07/06 18:37:19 [MAB] event=arm_score ts=1783355839432 policy=UCB1 function=mab_cost_aware_1783355782 arm=arm-tiny score=-1.291961 count=143 avg_reward=-1.445356 total_counts=192
2026/07/06 18:37:19 [MAB] event=arm_score ts=1783355839432 policy=UCB1 function=mab_cost_aware_1783355782 arm=x86-large score=-1.300141 count=4 avg_reward=-2.217310 total_counts=192
2026/07/06 18:37:19 [MAB] event=arm_score ts=1783355839432 policy=UCB1 function=mab_cost_aware_1783355782 arm=x86-tiny score=-1.291565 count=43 avg_reward=-1.571299 total_counts=192
2026/07/06 18:37:19 [MAB] event=select_arm ts=1783355839432 policy=UCB1 function=mab_cost_aware_1783355782 selected_arm=x86-tiny reason=ucb_score score=-1.291565 total_counts=192 arms=[arm-tiny,x86-large,x86-tiny,x86-tiny/gpu/nvidia]
2026/07/06 18:37:19 [LB][MAB] event=after_select function=mab_cost_aware_1783355782 selected_tag=x86-tiny compatible_tags=[x86-tiny/gpu/nvidia arm-tiny x86-large x86-tiny]
2026/07/06 18:37:19 Candidate has: 512 MB free memory. Function needs: 128 MB
2026/07/06 18:37:19 [LB] Selected target for function 'mab_cost_aware_1783355782': target_tag=x86-tiny candidate=WjectcSXtXYALypFSHKKHj1783355783475722225 candidate_tag=x86-tiny
2026/07/06 18:37:19 [LB-Update] Node WjectcSXtXYALypFSHKKHj1783355783475722225 reported 512 MB free
2026/07/06 18:37:19 [MAB] event=reward_breakdown ts=1783355839436 policy=UCB1 function=mab_cost_aware_1783355782 arm=x86-tiny base_tag=x86-tiny architecture=x86 specialization=tiny capabilities=[] duration_ms=3.026509 latency_reward=-1.107410 cost_weight=0.600000 cost_factor=0.400000 cost_term=0.240000 energy_weight=0.200000 energy_factor=1.000000 energy_term=0.200000 memory_weight=0.000000 memory_penalty=0.000000 memory_term=0.000000 final_reward=-1.547410
2026/07/06 18:37:19 [MAB] event=update_reward ts=1783355839436 policy=UCB1 function=mab_cost_aware_1783355782 arm=x86-tiny duration_ms=3.026509 warm_start=true reward=-1.547410 count=44 avg_reward=-1.570756 total_counts=193
2026/07/06 18:37:19 [LB]: Periodic targets update
2026/07/06 18:37:19 Found target: vpsc5EyUeu2bgV5e5BQz2f1783355783477036272
2026/07/06 18:37:19 Found target: RC9BoWr7bsn5ThsQeA6m9d1783355783476196901
2026/07/06 18:37:19 Found target: Yfj9dc9aZ5sc6MzJoZmaP61783355783474809800
2026/07/06 18:37:19 Found target: WjectcSXtXYALypFSHKKHj1783355783475722225
2026/07/06 18:37:19 Found 4 targets
2026/07/06 18:37:19 [LB] Compatible tag found: function=mab_cost_aware_1783355782 tag=x86-tiny/gpu/nvidia arch=amd64 pattern="" ring_size=1
2026/07/06 18:37:19 [LB] Compatible tag found: function=mab_cost_aware_1783355782 tag=arm-tiny arch=amd64 pattern="" ring_size=1
2026/07/06 18:37:19 [LB] Compatible tag found: function=mab_cost_aware_1783355782 tag=x86-large arch=amd64 pattern="" ring_size=1
2026/07/06 18:37:19 [LB] Compatible tag found: function=mab_cost_aware_1783355782 tag=x86-tiny arch=amd64 pattern="" ring_size=1
2026/07/06 18:37:19 [LB] Compatible tags for function 'mab_cost_aware_1783355782': [x86-tiny/gpu/nvidia arm-tiny x86-large x86-tiny]
2026/07/06 18:37:19 [LB][MAB] event=before_select function=mab_cost_aware_1783355782 compatible_tags=[x86-tiny/gpu/nvidia arm-tiny x86-large x86-tiny] has_context=true
2026/07/06 18:37:19 [MAB] event=arm_score ts=1783355839658 policy=UCB1 function=mab_cost_aware_1783355782 arm=x86-tiny/gpu/nvidia score=-1.308250 count=2 avg_reward=-2.605964 total_counts=193
2026/07/06 18:37:19 [MAB] event=arm_score ts=1783355839658 policy=UCB1 function=mab_cost_aware_1783355782 arm=arm-tiny score=-1.291885 count=143 avg_reward=-1.445356 total_counts=193
2026/07/06 18:37:19 [MAB] event=arm_score ts=1783355839658 policy=UCB1 function=mab_cost_aware_1783355782 arm=x86-large score=-1.299688 count=4 avg_reward=-2.217310 total_counts=193
2026/07/06 18:37:19 [MAB] event=arm_score ts=1783355839658 policy=UCB1 function=mab_cost_aware_1783355782 arm=x86-tiny score=-1.294083 count=44 avg_reward=-1.570756 total_counts=193
2026/07/06 18:37:19 [MAB] event=select_arm ts=1783355839658 policy=UCB1 function=mab_cost_aware_1783355782 selected_arm=arm-tiny reason=ucb_score score=-1.291885 total_counts=193 arms=[arm-tiny,x86-large,x86-tiny,x86-tiny/gpu/nvidia]
2026/07/06 18:37:19 [LB][MAB] event=after_select function=mab_cost_aware_1783355782 selected_tag=arm-tiny compatible_tags=[x86-tiny/gpu/nvidia arm-tiny x86-large x86-tiny]
2026/07/06 18:37:19 Candidate has: 512 MB free memory. Function needs: 128 MB
2026/07/06 18:37:19 [LB] Selected target for function 'mab_cost_aware_1783355782': target_tag=arm-tiny candidate=RC9BoWr7bsn5ThsQeA6m9d1783355783476196901 candidate_tag=arm-tiny
2026/07/06 18:37:19 [LB-Update] Node RC9BoWr7bsn5ThsQeA6m9d1783355783476196901 reported 512 MB free
2026/07/06 18:37:19 [MAB] event=reward_breakdown ts=1783355839662 policy=UCB1 function=mab_cost_aware_1783355782 arm=arm-tiny base_tag=arm-tiny architecture=arm specialization=tiny capabilities=[] duration_ms=3.223736 latency_reward=-1.170541 cost_weight=0.600000 cost_factor=0.400000 cost_term=0.240000 energy_weight=0.200000 energy_factor=0.600000 energy_term=0.120000 memory_weight=0.000000 memory_penalty=0.000000 memory_term=0.000000 final_reward=-1.530541
2026/07/06 18:37:19 [MAB] event=update_reward ts=1783355839662 policy=UCB1 function=mab_cost_aware_1783355782 arm=arm-tiny duration_ms=3.223736 warm_start=true reward=-1.530541 count=144 avg_reward=-1.445947 total_counts=194
2026/07/06 18:37:19 [LB] Compatible tag found: function=mab_cost_aware_1783355782 tag=x86-tiny/gpu/nvidia arch=amd64 pattern="" ring_size=1
2026/07/06 18:37:19 [LB] Compatible tag found: function=mab_cost_aware_1783355782 tag=arm-tiny arch=amd64 pattern="" ring_size=1
2026/07/06 18:37:19 [LB] Compatible tag found: function=mab_cost_aware_1783355782 tag=x86-large arch=amd64 pattern="" ring_size=1
2026/07/06 18:37:19 [LB] Compatible tag found: function=mab_cost_aware_1783355782 tag=x86-tiny arch=amd64 pattern="" ring_size=1
2026/07/06 18:37:19 [LB] Compatible tags for function 'mab_cost_aware_1783355782': [x86-tiny/gpu/nvidia arm-tiny x86-large x86-tiny]
2026/07/06 18:37:19 [LB][MAB] event=before_select function=mab_cost_aware_1783355782 compatible_tags=[x86-tiny/gpu/nvidia arm-tiny x86-large x86-tiny] has_context=true
2026/07/06 18:37:19 [MAB] event=arm_score ts=1783355839882 policy=UCB1 function=mab_cost_aware_1783355782 arm=x86-tiny/gpu/nvidia score=-1.307613 count=2 avg_reward=-2.605964 total_counts=194
2026/07/06 18:37:19 [MAB] event=arm_score ts=1783355839882 policy=UCB1 function=mab_cost_aware_1783355782 arm=arm-tiny score=-1.292935 count=144 avg_reward=-1.445947 total_counts=194
2026/07/06 18:37:19 [MAB] event=arm_score ts=1783355839882 policy=UCB1 function=mab_cost_aware_1783355782 arm=x86-large score=-1.299237 count=4 avg_reward=-2.217310 total_counts=194
2026/07/06 18:37:19 [MAB] event=arm_score ts=1783355839882 policy=UCB1 function=mab_cost_aware_1783355782 arm=x86-tiny score=-1.293947 count=44 avg_reward=-1.570756 total_counts=194
2026/07/06 18:37:19 [MAB] event=select_arm ts=1783355839882 policy=UCB1 function=mab_cost_aware_1783355782 selected_arm=arm-tiny reason=ucb_score score=-1.292935 total_counts=194 arms=[arm-tiny,x86-large,x86-tiny,x86-tiny/gpu/nvidia]
2026/07/06 18:37:19 [LB][MAB] event=after_select function=mab_cost_aware_1783355782 selected_tag=arm-tiny compatible_tags=[x86-tiny/gpu/nvidia arm-tiny x86-large x86-tiny]
2026/07/06 18:37:19 Candidate has: 512 MB free memory. Function needs: 128 MB
2026/07/06 18:37:19 [LB] Selected target for function 'mab_cost_aware_1783355782': target_tag=arm-tiny candidate=RC9BoWr7bsn5ThsQeA6m9d1783355783476196901 candidate_tag=arm-tiny
2026/07/06 18:37:19 [LB-Update] Node RC9BoWr7bsn5ThsQeA6m9d1783355783476196901 reported 512 MB free
2026/07/06 18:37:19 [MAB] event=reward_breakdown ts=1783355839886 policy=UCB1 function=mab_cost_aware_1783355782 arm=arm-tiny base_tag=arm-tiny architecture=arm specialization=tiny capabilities=[] duration_ms=3.418151 latency_reward=-1.229100 cost_weight=0.600000 cost_factor=0.400000 cost_term=0.240000 energy_weight=0.200000 energy_factor=0.600000 energy_term=0.120000 memory_weight=0.000000 memory_penalty=0.000000 memory_term=0.000000 final_reward=-1.589100
2026/07/06 18:37:19 [MAB] event=update_reward ts=1783355839886 policy=UCB1 function=mab_cost_aware_1783355782 arm=arm-tiny duration_ms=3.418151 warm_start=true reward=-1.589100 count=145 avg_reward=-1.446935 total_counts=195
2026/07/06 18:37:20 [LB] Compatible tag found: function=mab_cost_aware_1783355782 tag=x86-tiny/gpu/nvidia arch=amd64 pattern="" ring_size=1
2026/07/06 18:37:20 [LB] Compatible tag found: function=mab_cost_aware_1783355782 tag=arm-tiny arch=amd64 pattern="" ring_size=1
2026/07/06 18:37:20 [LB] Compatible tag found: function=mab_cost_aware_1783355782 tag=x86-large arch=amd64 pattern="" ring_size=1
2026/07/06 18:37:20 [LB] Compatible tag found: function=mab_cost_aware_1783355782 tag=x86-tiny arch=amd64 pattern="" ring_size=1
2026/07/06 18:37:20 [LB] Compatible tags for function 'mab_cost_aware_1783355782': [x86-tiny/gpu/nvidia arm-tiny x86-large x86-tiny]
2026/07/06 18:37:20 [LB][MAB] event=before_select function=mab_cost_aware_1783355782 compatible_tags=[x86-tiny/gpu/nvidia arm-tiny x86-large x86-tiny] has_context=true
2026/07/06 18:37:20 [MAB] event=arm_score ts=1783355840106 policy=UCB1 function=mab_cost_aware_1783355782 arm=x86-tiny/gpu/nvidia score=-1.306980 count=2 avg_reward=-2.605964 total_counts=195
2026/07/06 18:37:20 [MAB] event=arm_score ts=1783355840106 policy=UCB1 function=mab_cost_aware_1783355782 arm=arm-tiny score=-1.294377 count=145 avg_reward=-1.446935 total_counts=195
2026/07/06 18:37:20 [MAB] event=arm_score ts=1783355840106 policy=UCB1 function=mab_cost_aware_1783355782 arm=x86-large score=-1.298789 count=4 avg_reward=-2.217310 total_counts=195
2026/07/06 18:37:20 [MAB] event=arm_score ts=1783355840106 policy=UCB1 function=mab_cost_aware_1783355782 arm=x86-tiny score=-1.293812 count=44 avg_reward=-1.570756 total_counts=195
2026/07/06 18:37:20 [MAB] event=select_arm ts=1783355840106 policy=UCB1 function=mab_cost_aware_1783355782 selected_arm=x86-tiny reason=ucb_score score=-1.293812 total_counts=195 arms=[arm-tiny,x86-large,x86-tiny,x86-tiny/gpu/nvidia]
2026/07/06 18:37:20 [LB][MAB] event=after_select function=mab_cost_aware_1783355782 selected_tag=x86-tiny compatible_tags=[x86-tiny/gpu/nvidia arm-tiny x86-large x86-tiny]
2026/07/06 18:37:20 Candidate has: 512 MB free memory. Function needs: 128 MB
2026/07/06 18:37:20 [LB] Selected target for function 'mab_cost_aware_1783355782': target_tag=x86-tiny candidate=WjectcSXtXYALypFSHKKHj1783355783475722225 candidate_tag=x86-tiny
2026/07/06 18:37:20 [LB-Update] Node WjectcSXtXYALypFSHKKHj1783355783475722225 reported 512 MB free
2026/07/06 18:37:20 [MAB] event=reward_breakdown ts=1783355840110 policy=UCB1 function=mab_cost_aware_1783355782 arm=x86-tiny base_tag=x86-tiny architecture=x86 specialization=tiny capabilities=[] duration_ms=2.840250 latency_reward=-1.043892 cost_weight=0.600000 cost_factor=0.400000 cost_term=0.240000 energy_weight=0.200000 energy_factor=1.000000 energy_term=0.200000 memory_weight=0.000000 memory_penalty=0.000000 memory_term=0.000000 final_reward=-1.483892
2026/07/06 18:37:20 [MAB] event=update_reward ts=1783355840110 policy=UCB1 function=mab_cost_aware_1783355782 arm=x86-tiny duration_ms=2.840250 warm_start=true reward=-1.483892 count=45 avg_reward=-1.568826 total_counts=196
