timestamp,function,response_time_s,node_arch,status_code,policy,locust_response_time
1787822801.2881289,arm_faster,0.783981842,arm64,200,LinUCB,1013.0872679999925
1787822801.5524933,readdisk,1.135709855,arm64,200,LinUCB,1273.2212060000165
1787822801.7433696,chacha20,1.059162042,arm64,200,LinUCB,1467.3180920000277
1787822802.1577344,amd_faster,1.493685907,arm64,200,LinUCB,1889.1600700000026
1787822803.3180134,linpack,2.653220435,arm64,200,LinUCB,3040.1894440000206
1787822804.078668,amd_faster,1.786761096,amd64,200,LinUCB,1920.472965999977
1787822804.2448716,arm_faster,2.809515224,amd64,200,LinUCB,2956.3142590000098
1787822804.287363,chacha20,2.431806615,amd64,200,LinUCB,2543.626580000023
1787822804.7490692,readdisk,3.070426181,amd64,200,LinUCB,3196.125010000003
1787822805.0935898,amd_faster,0.963516987,amd64,200,LinUCB,1014.5247089999998
1787822805.3564224,chacha20,0.993014552,amd64,200,LinUCB,1068.6385600000108
1787822805.662132,arm_faster,1.348472406,amd64,200,LinUCB,1416.762054000003
1787822805.8954635,amd_faster,0.751952231,amd64,200,LinUCB,801.4361259999987
1787822806.0301433,readdisk,1.223835133,amd64,200,LinUCB,1280.4518560000133
1787822806.352806,chacha20,0.945810866,amd64,200,LinUCB,995.990226999993
1787822806.4488971,arm_faster,0.723499381,arm64,200,LinUCB,786.3309370000025
1787822806.8859942,amd_faster,0.933591717,arm64,200,LinUCB,990.1291479999941
1787822807.334138,readdisk,1.250560488,amd64,200,LinUCB,1303.524594999999
1787822807.4198341,arm_faster,0.912019667,amd64,200,LinUCB,970.5477239999709
1787822807.4635887,chacha20,1.051847362,arm64,200,LinUCB,1110.3884990000097
1787822807.6197581,amd_faster,0.672001681,amd64,200,LinUCB,733.4243660000084
1787822808.200593,arm_faster,0.719680262,arm64,200,LinUCB,780.3551169999992
1787822808.345368,amd_faster,0.67339554,amd64,200,LinUCB,725.2599660000101
1787822808.4301927,readdisk,1.045505642,arm64,200,LinUCB,1095.6835350000347
1787822808.904844,chacha20,1.360867651,amd64,200,LinUCB,1440.9083749999922
1787822809.0876307,arm_faster,0.738536336,arm64,200,LinUCB,886.6062259999694
1787822809.2105494,linpack,5.88662746,amd64,200,LinUCB,5892.038832000026
1787822809.3554676,amd_faster,0.957888909,arm64,200,LinUCB,1009.7369439999966
1787822810.0221212,chacha20,1.064611642,arm64,200,LinUCB,1116.7699989999846
1787822810.0516932,arm_faster,0.906044442,amd64,200,LinUCB,963.7347060000252
1787822810.3368688,amd_faster,0.932206917,arm64,200,LinUCB,981.068568000012
1787822810.80189,readdisk,2.31736322,amd64,200,LinUCB,2371.3565660000313
1787822810.822506,linpack,1.607843392,amd64,200,LinUCB,1611.6320029999542
1787822810.8595161,arm_faster,0.722398101,arm64,200,LinUCB,807.5004320000403
1787822811.0037808,readmemory,10.378658063,arm64,200,LinUCB,10723.86204899999
1787822811.0503051,amd_faster,0.661396657,amd64,200,LinUCB,713.0889670000329
1787822811.148797,chacha20,1.061757162,arm64,200,LinUCB,1126.3073609999878
1787822811.5908885,linpack,0.734768303,amd64,200,LinUCB,768.0620369999929
1787822811.6297894,arm_faster,0.720076941,arm64,200,LinUCB,769.9775639999871
1787822811.850216,amd_faster,0.732038217,amd64,200,LinUCB,799.2149680000011
1787822811.8986309,readdisk,1.044152883,arm64,200,LinUCB,1096.322511999972
1787822812.194447,chacha20,0.985621054,amd64,200,LinUCB,1045.2912499999911
1787822812.869734,thread,12.397436198,arm64,200,LinUCB,12588.336749000007
1787822812.8834617,amd_faster,0.976222575,amd64,200,LinUCB,1032.9340299999785
1787822812.9952064,arm_faster,1.303534795,amd64,200,LinUCB,1365.1208990000328
1787822813.016483,readdisk,1.056117759,arm64,200,LinUCB,1117.5410040000315
1787822813.816749,arm_faster,0.770891966,arm64,200,LinUCB,821.2500089999821
1787822813.8524086,linpack,2.256123316,arm64,200,LinUCB,2261.0719740000036
1787822814.0197864,amd_faster,1.027864648,arm64,200,LinUCB,1136.0270879999916
1787822814.5556314,readdisk,1.451000333,amd64,200,LinUCB,1538.7996679999674
1787822814.586874,arm_faster,0.720842621,arm64,200,LinUCB,769.8134999999979
1787822814.9585762,linpack,1.090649575,amd64,200,LinUCB,1105.8276489999912
1787822815.0109048,amd_faster,0.937448955,arm64,200,LinUCB,990.7435910000117
1787822815.1385558,chacha20,2.894144548,amd64,200,LinUCB,2943.752582000002
1787822815.377241,arm_faster,0.715714023,arm64,200,LinUCB,789.9371830000064
1787822815.6570687,readdisk,1.040769604,arm64,200,LinUCB,1101.066067999966
1787822815.7015781,linpack,0.738296778,amd64,200,LinUCB,742.5791769999819
1787822815.993579,amd_faster,0.932256797,arm64,200,LinUCB,982.2280939999928
1787822816.1518767,arm_faster,0.721951981,arm64,200,LinUCB,774.1028379999761
1787822816.2475593,chacha20,1.056570202,arm64,200,LinUCB,1108.6100499999816
1787822816.7086065,amd_faster,0.663769915,amd64,200,LinUCB,714.705213000002
1787822816.925518,arm_faster,0.720871981,arm64,200,LinUCB,773.138724999967
1787822817.0742576,primenumber,16.548421184,arm64,200,LinUCB,16795.45112599999
1787822817.2689989,linpack,1.55253905,amd64,200,LinUCB,1566.977300000019
1787822817.377406,chacha20,1.069534842,arm64,200,LinUCB,1129.4584650000274
1787822817.4379246,amd_faster,0.662752844,amd64,200,LinUCB,728.9612100000227
1787822817.6872053,readdisk,1.9718576639999998,amd64,200,LinUCB,2029.4412750000106
1787822817.7032325,arm_faster,0.720908261,arm64,200,LinUCB,777.3324000000343
1787822818.1568499,amd_faster,0.66895802,amd64,200,LinUCB,718.5152870000024
1787822818.705375,arm_faster,0.916418254,amd64,200,LinUCB,1001.777527999991
1787822818.8333707,readdisk,1.091851068,arm64,200,LinUCB,1145.7826700000169
1787822818.8716512,linpack,1.597868675,arm64,200,LinUCB,1602.2969769999804
1787822818.8843024,amd_faster,0.672206043,amd64,200,LinUCB,727.092220999964
1787822819.3538787,chacha20,1.924934124,arm64,200,LinUCB,1976.1171110000078
1787822819.598017,linpack,0.71018803,amd64,200,LinUCB,725.9956139999986
1787822819.6023362,amd_faster,0.663888114,amd64,200,LinUCB,717.7553239999952
1787822819.682691,arm_faster,0.924991894,amd64,200,LinUCB,976.9736289999855
1787822819.9289236,readdisk,1.042558164,arm64,200,LinUCB,1095.243112999981
1787822820.3354936,linpack,0.732514332,amd64,200,LinUCB,737.0987099999979
1787822820.454631,arm_faster,0.721132981,arm64,200,LinUCB,771.599187999982
1787822820.4666593,chacha20,1.059181482,arm64,200,LinUCB,1112.3984550000046
1787822820.5825567,amd_faster,0.929266038,arm64,200,LinUCB,979.8235409999734
1787822821.0290298,readdisk,1.041654364,arm64,200,LinUCB,1099.677220999979
1787822821.0819414,linpack,0.740858269,amd64,200,LinUCB,746.0345370000141
1787822821.2305195,arm_faster,0.722276301,arm64,200,LinUCB,775.4769030000261
1787822821.2970798,amd_faster,0.662023993,amd64,200,LinUCB,714.1200500000195
1787822821.6227686,chacha20,1.059888002,arm64,200,LinUCB,1155.6421679999858
1787822821.8296163,linpack,0.741649107,amd64,200,LinUCB,747.2590280000304
1787822822.0092144,arm_faster,0.716627743,arm64,200,LinUCB,778.2138320000058
1787822822.0225344,amd_faster,0.669943751,amd64,200,LinUCB,725.0924649999888
1787822822.1276655,readdisk,1.041325524,arm64,200,LinUCB,1098.2332199999973
1787822822.569017,linpack,0.734569012,amd64,200,LinUCB,738.923399999976
1787822822.7747145,amd_faster,0.661182438,amd64,200,LinUCB,751.6937270000312
1787822822.787707,arm_faster,0.720828542,arm64,200,LinUCB,778.0533369999603
1787822823.2323647,readdisk,1.041259244,arm64,200,LinUCB,1104.2184899999938
1787822823.3091264,linpack,0.734548147,amd64,200,LinUCB,739.6460690000026
1787822823.6258647,arm_faster,0.742527854,arm64,200,LinUCB,837.6821150000069
1787822823.7125218,chacha20,2.036300524,arm64,200,LinUCB,2089.277024000012
1787822823.818718,amd_faster,0.983363862,arm64,200,LinUCB,1043.6207500000023
1787822824.0490277,linpack,0.734972816,amd64,200,LinUCB,739.4565650000118
1787822824.33076,readdisk,1.044464283,arm64,200,LinUCB,1097.9311980000261
1787822824.396723,arm_faster,0.716643022,arm64,200,LinUCB,770.3811190000351
1787822824.70423,chacha20,0.940193704,amd64,200,LinUCB,991.265774999988
1787822824.7855294,linpack,0.731443094,amd64,200,LinUCB,736.092401999997
1787822824.8155355,amd_faster,0.932523037,arm64,200,LinUCB,996.4346179999666
1787822825.177865,arm_faster,0.721604381,arm64,200,LinUCB,780.7193170000346
1787822825.4270048,readdisk,1.041324804,arm64,200,LinUCB,1095.8140139999841
1787822825.5268974,linpack,0.736272829,amd64,200,LinUCB,740.9881610000184
1787822825.6984103,chacha20,0.940056252,amd64,200,LinUCB,993.7583470000391
1787822825.8051314,amd_faster,0.938733115,arm64,200,LinUCB,989.1676149999853
1787822825.9647589,arm_faster,0.721749261,arm64,200,LinUCB,786.3832730000127
1787822826.267719,linpack,0.735872077,amd64,200,LinUCB,740.3516900000113
1787822826.524823,readdisk,1.042076044,arm64,200,LinUCB,1097.3847960000285
1787822826.5399582,amd_faster,0.681122881,amd64,200,LinUCB,734.4139990000258
1787822826.7366168,arm_faster,0.720139181,arm64,200,LinUCB,771.3966680000226
1787822827.3000422,amd_faster,0.666989251,amd64,200,LinUCB,759.5724949999862
1787822827.3541515,chacha20,1.6043311770000002,amd64,200,LinUCB,1655.3335529999913
1787822827.5535247,arm_faster,0.747982733,arm64,200,LinUCB,816.4312410000321
1787822827.691026,readdisk,1.103286145,arm64,200,LinUCB,1165.7721889999948
1787822828.0228193,amd_faster,0.672445739,amd64,200,LinUCB,722.4200030000247
1787822828.370609,chacha20,0.959653804,amd64,200,LinUCB,1016.073892999998
1787822828.3843834,arm_faster,0.776212204,arm64,200,LinUCB,830.5386809999504
1787822828.5709515,linpack,2.298499462,arm64,200,LinUCB,2302.818223000031
1787822828.745941,amd_faster,0.672264124,amd64,200,LinUCB,722.792413000036
1787822828.8233445,readdisk,1.078368993,arm64,200,LinUCB,1131.9992859999957
1787822829.231991,arm_faster,0.75864893,arm64,200,LinUCB,847.2038649999831
1787822829.2991347,linpack,0.723303665,amd64,200,LinUCB,727.699543999961
1787822829.4668071,amd_faster,0.661262606,amd64,200,LinUCB,720.4418909999504
1787822829.4798918,chacha20,1.055015482,arm64,200,LinUCB,1108.8955630000328
1787822829.919901,readdisk,1.040409844,arm64,200,LinUCB,1096.1878730000194
1787822830.003187,arm_faster,0.720140622,arm64,200,LinUCB,770.698427999946
1787822830.0510728,linpack,0.746609099,amd64,200,LinUCB,751.4307139999801
1787822830.4542837,amd_faster,0.937155877,arm64,200,LinUCB,987.031778999949
1787822830.635842,chacha20,1.064624242,arm64,200,LinUCB,1155.3421309999976
1787822830.7900288,linpack,0.733852287,amd64,200,LinUCB,738.5193029999755
1787822830.9612849,arm_faster,0.906013801,amd64,200,LinUCB,957.5113349999924
1787822831.018529,readdisk,1.03996789,arm64,200,LinUCB,1097.9605770000376
1787822831.4489925,amd_faster,0.937285654,arm64,200,LinUCB,994.268395000006
1787822831.4839017,filehandle,31.196851497,arm64,200,LinUCB,31206.99131600003
1787822831.526039,linpack,0.731509778,amd64,200,LinUCB,735.5866549999632
1787822831.7191422,chacha20,1.021545682,arm64,200,LinUCB,1082.7850850000118
1787822831.7395473,arm_faster,0.722912841,arm64,200,LinUCB,777.8843389999679
1787822832.1193485,readdisk,1.04175442,arm64,200,LinUCB,1100.3877569999645
1787822832.1688986,amd_faster,0.661943428,amd64,200,LinUCB,719.4186350000109
1787822832.2687042,linpack,0.737506654,amd64,200,LinUCB,742.2656300000199
1787822832.5479429,arm_faster,0.729601202,arm64,200,LinUCB,807.8604259999906
1787822833.015211,linpack,0.739835498,amd64,200,LinUCB,746.0002650000206
1787822833.1895833,amd_faster,0.966906216,arm64,200,LinUCB,1020.2518549999695
1787822833.2113574,readdisk,1.03957442,arm64,200,LinUCB,1091.5918710000483
1787822833.3272886,arm_faster,0.728993522,arm64,200,LinUCB,778.8935780000088
1787822833.6902559,chacha20,1.9184664439999999,arm64,200,LinUCB,1970.6259150000278
1787822833.762422,linpack,0.742516378,amd64,200,LinUCB,746.7903480000473
1787822834.1093132,arm_faster,0.727115521,arm64,200,LinUCB,781.6021689999957
1787822834.1943688,amd_faster,0.951070014,arm64,200,LinUCB,1004.3573130000141
1787822834.337629,readdisk,1.04124206,arm64,200,LinUCB,1125.8541870000158
1787822834.5055745,linpack,0.738160664,amd64,200,LinUCB,742.7489860000378
1787822834.745874,chacha20,1.000622002,arm64,200,LinUCB,1055.1725540000234
1787822834.8811407,arm_faster,0.720625842,arm64,200,LinUCB,771.3528569999539
1787822834.907796,amd_faster,0.664062943,amd64,200,LinUCB,712.9242120000185
1787822835.2433972,linpack,0.733084359,amd64,200,LinUCB,737.365039999986
1787822835.433609,readdisk,1.0410605,arm64,200,LinUCB,1095.5731489999607
1787822835.5474124,thread,22.550927249,amd64,200,LinUCB,22677.303908999987
1787822835.647496,amd_faster,0.662286161,amd64,200,LinUCB,739.2424330000154
1787822835.6534517,arm_faster,0.715375241,arm64,200,LinUCB,771.8716809999933
1787822835.8067794,chacha20,1.005513282,arm64,200,LinUCB,1060.4249120000304
1787822835.9841397,linpack,0.735549383,amd64,200,LinUCB,740.2927559999739
1787822836.15606,readmemory,24.990965737,amd64,200,LinUCB,25151.58784800002
1787822836.4748325,arm_faster,0.720299282,arm64,200,LinUCB,821.0097740000037
1787822836.5267353,readdisk,1.04065274,arm64,200,LinUCB,1092.7685390000192
1787822836.6351936,amd_faster,0.936054894,arm64,200,LinUCB,987.2043090000489
1787822836.7297792,linpack,0.740711079,amd64,200,LinUCB,745.3061599999842
1787822836.8657997,chacha20,1.002548042,arm64,200,LinUCB,1058.6457510000287
1787822837.2460244,arm_faster,0.721573402,arm64,200,LinUCB,770.7676150000111
1787822837.3547564,amd_faster,0.66182148,amd64,200,LinUCB,719.2584239999746
1787822837.4731367,linpack,0.738707382,amd64,200,LinUCB,742.9330560000267
1787822837.6216755,readdisk,1.040024739,arm64,200,LinUCB,1094.5766259999914
1787822837.9315708,chacha20,1.004616642,arm64,200,LinUCB,1065.3879189999884
1787822838.0178092,arm_faster,0.720533401,arm64,200,LinUCB,771.4069840000093
1787822838.0805135,amd_faster,0.672937345,amd64,200,LinUCB,725.4131499999517
1787822838.2250354,linpack,0.747130904,amd64,200,LinUCB,751.4658869999948
1787822838.7140036,readdisk,1.04103098,arm64,200,LinUCB,1091.8306319999829
1787822838.7835083,arm_faster,0.715536041,arm64,200,LinUCB,765.2056040000161
1787822838.8288815,amd_faster,0.689716594,amd64,200,LinUCB,747.8714779999791
1787822838.9796426,linpack,0.749729629,amd64,200,LinUCB,754.1938820000382
1787822839.5793996,amd_faster,0.663283962,amd64,200,LinUCB,749.9266819999661
1787822839.586813,arm_faster,0.721643401,arm64,200,LinUCB,802.8336069999682
1787822839.7217577,linpack,0.737166669,amd64,200,LinUCB,741.7181330000062
1787822839.8517652,readdisk,1.0390739,arm64,200,LinUCB,1137.3432640000374
1787822839.9173763,chacha20,1.928216003,arm64,200,LinUCB,1985.3404269999828
1787822840.398874,arm_faster,0.722065561,arm64,200,LinUCB,811.6117879999933
1787822840.46961,linpack,0.742543907,amd64,200,LinUCB,747.415253999975
1787822840.5676467,amd_faster,0.937223254,arm64,200,LinUCB,987.7614160000121
1787822840.9497886,readdisk,1.04160038,arm64,200,LinUCB,1097.5702530000149
1787822840.9876418,chacha20,1.001109522,arm64,200,LinUCB,1069.8384759999726
1787822841.1783018,arm_faster,0.715872721,arm64,200,LinUCB,778.9610390000234
1787822841.2202766,linpack,0.745983834,amd64,200,LinUCB,750.2487489999794
1787822841.2843301,amd_faster,0.664385849,amd64,200,LinUCB,716.2736140000447
1787822841.9501667,arm_faster,0.720220201,arm64,200,LinUCB,771.3564449999808
1787822841.9647706,linpack,0.733785682,amd64,200,LinUCB,744.1475580000088
1787822842.0056849,amd_faster,0.661499827,amd64,200,LinUCB,720.98821000003
1787822842.0457945,readdisk,1.04183026,arm64,200,LinUCB,1095.6115710000063
1787822842.0600805,chacha20,1.006158842,arm64,200,LinUCB,1072.0271110000112
1787822842.7256756,arm_faster,0.720300602,arm64,200,LinUCB,775.124059999996
1787822842.7296088,linpack,0.723252019,amd64,200,LinUCB,764.5095170000218
1787822842.9978237,amd_faster,0.937351054,arm64,200,LinUCB,991.7708109999808
1787822843.146934,readdisk,1.03953246,arm64,200,LinUCB,1100.6668470000136
1787822843.504039,arm_faster,0.720739842,arm64,200,LinUCB,777.8899570000135
1787822843.5067585,linpack,0.722638763,amd64,200,LinUCB,776.7761540000038
1787822843.7147522,amd_faster,0.661065933,amd64,200,LinUCB,716.5016669999886
1787822844.1490788,chacha20,1.988492404,arm64,200,LinUCB,2088.6114499999735
1787822844.2500043,readdisk,1.04213218,arm64,200,LinUCB,1102.5746590000267
1787822844.2770002,arm_faster,0.720693601,arm64,200,LinUCB,772.4785269999757
1787822844.2830033,linpack,0.72577393,amd64,200,LinUCB,775.7753850000313
1787822844.4340208,amd_faster,0.662424045,amd64,200,LinUCB,718.7932120000369
1787822845.078003,linpack,0.71981481,amd64,200,LinUCB,794.5557929999723
1787822845.0790057,arm_faster,0.720833601,arm64,200,LinUCB,801.6167359999713
1787822845.1553562,amd_faster,0.664589168,amd64,200,LinUCB,720.9612120000202
1787822845.227764,chacha20,1.010815583,arm64,200,LinUCB,1078.306221000048
1787822845.346782,readdisk,1.04107214,arm64,200,LinUCB,1096.360537999999
1787822845.826727,linpack,0.742323128,amd64,200,LinUCB,747.3444130000075
1787822845.8588827,arm_faster,0.721258081,arm64,200,LinUCB,778.8362940000297
1787822845.886827,amd_faster,0.660951652,amd64,200,LinUCB,731.0785299999907
1787822846.285181,chacha20,1.004814837,arm64,200,LinUCB,1056.9888509999714
1787822846.4495595,readdisk,1.0418695,arm64,200,LinUCB,1102.1074669999962
1787822846.5672462,linpack,0.735006929,amd64,200,LinUCB,740.0978719999785
1787822846.6426919,arm_faster,0.720671081,arm64,200,LinUCB,783.3788819999654
1787822846.6435592,amd_faster,0.665152336,amd64,200,LinUCB,756.3721660000056
1787822847.3102875,linpack,0.737283154,amd64,200,LinUCB,742.6153939999836
1787822847.4105566,amd_faster,0.662709573,amd64,200,LinUCB,766.0132150000436
1787822847.4135802,arm_faster,0.720746441,arm64,200,LinUCB,769.6833690000062
1787822847.5466797,readdisk,1.04238734,arm64,200,LinUCB,1096.6595780000148
1787822848.0568638,linpack,0.742006024,amd64,200,LinUCB,746.1686070000155
1787822848.2383716,arm_faster,0.720601042,arm64,200,LinUCB,824.4529539999803
1787822848.376778,chacha20,2.038495716,arm64,200,LinUCB,2091.231805999996
1787822848.3948085,amd_faster,0.934193854,arm64,200,LinUCB,983.884052999997
1787822848.6373498,readdisk,1.03978606,arm64,200,LinUCB,1090.3067130000181
1787822848.7985892,linpack,0.737157292,amd64,200,LinUCB,741.3177880000035
1787822849.0087798,arm_faster,0.719307881,arm64,200,LinUCB,769.9937499999692
1787822849.1395433,amd_faster,0.66308345,amd64,200,LinUCB,744.3640679999817
1787822849.430236,chacha20,1.000393356,arm64,200,LinUCB,1052.9888450000158
1787822849.5385494,linpack,0.735339881,amd64,200,LinUCB,739.6460109999907
1787822849.7355387,readdisk,1.04054974,arm64,200,LinUCB,1097.7213800000527
1787822849.7898924,arm_faster,0.720662121,arm64,200,LinUCB,780.7951059999709
1787822849.8664598,amd_faster,0.661652737,amd64,200,LinUCB,726.5721159999998
1787822850.284378,linpack,0.741145224,amd64,200,LinUCB,745.5128510000009
1787822850.4898412,chacha20,1.010431478,arm64,200,LinUCB,1059.2911809999919
1787822850.5628974,arm_faster,0.720769722,arm64,200,LinUCB,772.6524540000241
1787822850.5763443,amd_faster,0.661215814,amd64,200,LinUCB,709.3514319999485
1787822850.8290093,readdisk,1.04170938,arm64,200,LinUCB,1093.088879999982
1787822851.0312176,linpack,0.742528883,amd64,200,LinUCB,746.4628760000096
1787822851.3258805,amd_faster,0.664155534,amd64,200,LinUCB,749.098871000001
1787822851.3355377,arm_faster,0.721189802,arm64,200,LinUCB,772.2471759999507
1787822851.7734413,linpack,0.737360521,amd64,200,LinUCB,741.7530630000329
1787822851.925504,readdisk,1.0406965,arm64,200,LinUCB,1096.0859010000377
1787822852.0458887,amd_faster,0.663013658,amd64,200,LinUCB,719.5618139999738
1787822852.1448853,arm_faster,0.716257001,arm64,200,LinUCB,808.9553229999638
1787822852.5217743,linpack,0.743108777,amd64,200,LinUCB,747.953683999981
1787822852.5911875,chacha20,2.048019557,arm64,200,LinUCB,2100.86819899999
1787822852.7652779,amd_faster,0.665162376,amd64,200,LinUCB,718.9278019999961
1787822852.9184868,arm_faster,0.721262842,arm64,200,LinUCB,773.168902000009
1787822853.0181947,readdisk,1.0396397,arm64,200,LinUCB,1092.2956150000118
1787822853.2636073,linpack,0.736431822,amd64,200,LinUCB,741.3979410000024
1787822853.4829383,amd_faster,0.664029228,amd64,200,LinUCB,717.2413220000067
1787822853.6470635,chacha20,1.004144597,arm64,200,LinUCB,1055.4144320000205
1787822853.6905997,arm_faster,0.716567201,arm64,200,LinUCB,771.7224229999715
1787822854.0056007,linpack,0.736981444,amd64,200,LinUCB,741.5551959999789
1787822854.1122055,readdisk,1.03967538,arm64,200,LinUCB,1093.5403249999922
1787822854.2034194,amd_faster,0.663074609,amd64,200,LinUCB,720.026846000053
1787822854.4691737,arm_faster,0.720898601,arm64,200,LinUCB,778.1148179999491
1787822854.7044032,chacha20,1.005918557,arm64,200,LinUCB,1056.8658650000202
1787822854.7467816,linpack,0.736272973,amd64,200,LinUCB,740.7336870000449
1787822854.91592,amd_faster,0.66321608,amd64,200,LinUCB,712.116151000032
1787822855.2062342,readdisk,1.040967179,arm64,200,LinUCB,1093.5591169999839
1787822855.2664351,arm_faster,0.738180243,arm64,200,LinUCB,796.8600110000352
1787822855.6414227,amd_faster,0.673709958,amd64,200,LinUCB,725.097231999996
1787822855.712286,chacha20,0.952628997,amd64,200,LinUCB,1007.4779020000051
1787822856.0793424,arm_faster,0.760342964,arm64,200,LinUCB,812.4468080000042
1787822856.332917,readdisk,1.074080621,arm64,200,LinUCB,1126.3072650000368
1787822856.5281713,amd_faster,0.829528558,amd64,200,LinUCB,886.2659860000122
1787822856.5732331,linpack,1.812643784,arm64,200,LinUCB,1825.8309590000295
1787822856.721426,chacha20,0.955919515,amd64,200,LinUCB,1008.7840369999981
1787822857.304394,linpack,0.715498396,amd64,200,LinUCB,730.7941199999846
1787822857.3248985,arm_faster,1.194393475,amd64,200,LinUCB,1245.2093980000427
1787822857.3268533,amd_faster,0.739807808,amd64,200,LinUCB,798.3980859999633
1787822857.4952404,readdisk,1.107320264,arm64,200,LinUCB,1161.6805710000335
1787822858.0469863,linpack,0.737519672,amd64,200,LinUCB,742.1010609999712
1787822858.0889893,chacha20,1.312049701,arm64,200,LinUCB,1367.1860919999972
1787822858.0968084,arm_faster,0.715938961,arm64,200,LinUCB,771.496591000016
1787822858.104817,amd_faster,0.66245961,amd64,200,LinUCB,777.599854000016
1787822858.5907547,readdisk,1.04064142,arm64,200,LinUCB,1095.149651999975
1787822858.792193,linpack,0.740455253,amd64,200,LinUCB,744.7760050000056
1787822858.9135408,arm_faster,0.720602082,arm64,200,LinUCB,816.3116830000376
1787822858.9184437,amd_faster,0.661792853,amd64,200,LinUCB,813.1501910000338
1787822859.1434565,chacha20,1.003374277,arm64,200,LinUCB,1054.0598890000297
1787822859.5407007,linpack,0.74326804,amd64,200,LinUCB,748.1330379999918
1787822859.681625,amd_faster,0.662835262,amd64,200,LinUCB,762.7738679999538
1787822859.6880507,readdisk,1.0417093,arm64,200,LinUCB,1096.8458860000396
1787822859.6932104,arm_faster,0.720534721,arm64,200,LinUCB,779.3112870000414
1787822860.285074,linpack,0.739778282,amd64,200,LinUCB,743.9393280000104
1787822860.3985233,amd_faster,0.661316678,amd64,200,LinUCB,716.4735709999945
1787822860.548143,arm_faster,0.715236522,arm64,200,LinUCB,854.5051750000425
1787822860.8264697,readdisk,1.0405039,arm64,200,LinUCB,1138.020670000003
1787822861.0337934,linpack,0.743951855,amd64,200,LinUCB,748.1065270000045
1787822861.110798,amd_faster,0.661960216,amd64,200,LinUCB,711.9262510000226
1787822861.3229356,arm_faster,0.722040481,arm64,200,LinUCB,774.3975230000046
1787822861.3912485,chacha20,2.188231688,arm64,200,LinUCB,2247.4036659999683
1787822861.7876487,linpack,0.749626634,amd64,200,LinUCB,753.4783809999794
1787822861.8278205,amd_faster,0.6631508,amd64,200,LinUCB,716.6619320000223
1787822861.992582,readdisk,1.04122094,arm64,200,LinUCB,1165.7514950000518
1787822862.11105,arm_faster,0.720886841,arm64,200,LinUCB,787.3798890000216
1787822862.5346997,linpack,0.742635575,amd64,200,LinUCB,746.7250060000197
1787822862.5455883,chacha20,1.008887277,arm64,200,LinUCB,1153.99882600002
1787822862.5473092,amd_faster,0.669258453,amd64,200,LinUCB,719.1626700000029
1787822862.8798602,arm_faster,0.716467562,arm64,200,LinUCB,768.389319999983
1787822863.086547,readdisk,1.04021594,arm64,200,LinUCB,1093.6094260000004
1787822863.278845,linpack,0.739665764,amd64,200,LinUCB,743.786804000024
1787822863.324373,amd_faster,0.66085333,amd64,200,LinUCB,776.2735720000364
1787822863.6190238,chacha20,1.003920637,arm64,200,LinUCB,1072.9672610000307
1787822863.660007,arm_faster,0.721416322,arm64,200,LinUCB,779.7617390000369
1787822864.0318842,linpack,0.748856883,amd64,200,LinUCB,752.6509559999681
1787822864.0366702,amd_faster,0.660355872,amd64,200,LinUCB,711.9933150000293
1787822864.181918,readdisk,1.03976986,arm64,200,LinUCB,1094.9696110000104
1787822864.4645736,arm_faster,0.720644482,arm64,200,LinUCB,804.198074999988
1787822864.6882417,chacha20,1.006208997,arm64,200,LinUCB,1068.8398040000493
1787822864.7569895,amd_faster,0.663439482,amd64,200,LinUCB,719.9537910000231
1787822864.7746623,linpack,0.738009753,amd64,200,LinUCB,742.3041119999993
1787822864.7999115,readmemory,28.586418645,amd64,200,LinUCB,28643.38146099999
1787822865.2322757,arm_faster,0.715689881,arm64,200,LinUCB,767.3066220000351
1787822865.2766602,readdisk,1.041005819,arm64,200,LinUCB,1094.352989000015
1787822865.4782,amd_faster,0.662378577,amd64,200,LinUCB,720.6607559999725
1787822865.544427,linpack,0.72764782,amd64,200,LinUCB,769.4270210000127
1787822865.7539153,chacha20,1.008868558,arm64,200,LinUCB,1065.253006999967
1787822866.009802,arm_faster,0.720441682,arm64,200,LinUCB,777.1234730000174
1787822866.1954021,amd_faster,0.660932036,amd64,200,LinUCB,716.8047729999785
1787822866.288654,linpack,0.738948989,amd64,200,LinUCB,743.8001200000031
1787822866.3805234,readdisk,1.03963918,arm64,200,LinUCB,1103.5190360000229
1787822866.7775307,arm_faster,0.715756241,arm64,200,LinUCB,767.3414280000088
1787822866.8218327,chacha20,1.007779358,arm64,200,LinUCB,1067.4768430000086
1787822866.9231977,amd_faster,0.662120137,amd64,200,LinUCB,727.3293899999658
1787822867.0329075,linpack,0.739057594,amd64,200,LinUCB,743.8610340000196
1787822867.473686,readdisk,1.03929314,arm64,200,LinUCB,1092.777452000007
1787822867.5487852,arm_faster,0.720850121,arm64,200,LinUCB,770.863745999975
1787822867.6374197,amd_faster,0.662812105,amd64,200,LinUCB,713.8145409999765
1787822867.7737315,linpack,0.736029259,amd64,200,LinUCB,740.397210000026
1787822867.891512,chacha20,1.005688877,arm64,200,LinUCB,1069.2458749999787
1787822868.3214848,arm_faster,0.720074002,arm64,200,LinUCB,772.2812320000116
1787822868.351118,amd_faster,0.661423228,amd64,200,LinUCB,713.2306290000088
1787822868.5166667,linpack,0.737994081,amd64,200,LinUCB,742.5342039999805
1787822868.5702457,readdisk,1.04132038,arm64,200,LinUCB,1096.1686329999907
1787822869.0955465,amd_faster,0.664288827,amd64,200,LinUCB,743.8146690000167
1787822869.172926,arm_faster,0.721593241,arm64,200,LinUCB,851.0220259999528
1787822869.268798,linpack,0.747444564,amd64,200,LinUCB,751.7903549999687
1787822869.6659067,readdisk,1.03987198,arm64,200,LinUCB,1095.2048060000266
1787822869.8180969,amd_faster,0.66246354,amd64,200,LinUCB,722.0969539999942
1787822869.8694658,chacha20,1.919692588,arm64,200,LinUCB,1977.60809600004
1787822869.944045,arm_faster,0.717993521,arm64,200,LinUCB,770.5155439999771
1787822870.013423,linpack,0.740279363,amd64,200,LinUCB,744.2603349999786
1787822870.5361311,amd_faster,0.662948816,amd64,200,LinUCB,717.5989180000215
1787822870.719663,arm_faster,0.720881001,arm64,200,LinUCB,775.3066300000455
1787822870.759732,linpack,0.742021716,amd64,200,LinUCB,745.9927989999642
1787822870.761862,readdisk,1.04116858,arm64,200,LinUCB,1095.6035319999842
1787822870.929467,chacha20,1.005670717,arm64,200,LinUCB,1059.7026319999827
1787822871.2534084,amd_faster,0.662502146,amd64,200,LinUCB,716.9010650000018
1787822871.4944725,arm_faster,0.720797201,arm64,200,LinUCB,774.4707950000134
1787822871.5165954,linpack,0.741952953,amd64,200,LinUCB,756.567318000009
1787822871.8647113,readdisk,1.0404523,arm64,200,LinUCB,1102.4928819999786
1787822871.968619,amd_faster,0.661437652,amd64,200,LinUCB,714.8933299999953
1787822871.9831536,chacha20,1.004150717,arm64,200,LinUCB,1053.320446999976
1787822872.2715776,arm_faster,0.722569122,arm64,200,LinUCB,776.7176250000034
1787822872.283505,linpack,0.7331614,amd64,200,LinUCB,766.5635170000087
1787822872.6902156,amd_faster,0.66391485,amd64,200,LinUCB,721.1951179999687
1787822872.954716,readdisk,1.03970534,arm64,200,LinUCB,1089.6674900000107
1787822873.048863,arm_faster,0.721280441,arm64,200,LinUCB,776.8629880000049
1787822873.0594158,linpack,0.730641205,amd64,200,LinUCB,775.521566000009
1787822873.4123297,amd_faster,0.661767703,amd64,200,LinUCB,721.7174350000164
1787822873.822286,arm_faster,0.720722242,arm64,200,LinUCB,772.6983550000455
1787822873.8374546,linpack,0.735433678,amd64,200,LinUCB,777.6700410000217
1787822873.992927,chacha20,1.918682427,arm64,200,LinUCB,2009.447777000048
1787822874.0476458,readdisk,1.04079798,arm64,200,LinUCB,1092.566196000007
1787822874.1237357,amd_faster,0.661406068,amd64,200,LinUCB,710.9985310000297
1787822874.5983388,arm_faster,0.721130881,arm64,200,LinUCB,775.5624559999887
1787822874.6077049,linpack,0.729552196,amd64,200,LinUCB,769.9513029999707
1787822874.8453906,amd_faster,0.661240544,amd64,200,LinUCB,721.3392209999938
1787822875.0514655,chacha20,1.006235918,arm64,200,LinUCB,1058.1614580000291
1787822875.14093,readdisk,1.03983006,arm64,200,LinUCB,1092.9672859999755
1787822875.2915835,readmemory,10.345952907,arm64,200,LinUCB,10491.102123999952
1787822875.37284,arm_faster,0.720288401,arm64,200,LinUCB,774.144046999993
1787822875.3859282,linpack,0.732569236,amd64,200,LinUCB,777.8322929999604
1787822875.5636632,amd_faster,0.665053952,amd64,200,LinUCB,717.9312579999646
1787822876.10838,chacha20,1.004719397,arm64,200,LinUCB,1056.5405860000396
1787822876.1700194,arm_faster,0.721093882,arm64,200,LinUCB,796.6927289999717
1787822876.1833003,linpack,0.73350053,amd64,200,LinUCB,796.953177999967
1787822876.233207,readdisk,1.0403032190000001,arm64,200,LinUCB,1091.7990560000135
1787822876.2805088,amd_faster,0.662882306,amd64,200,LinUCB,716.4284629999997
1787822876.9529457,arm_faster,0.720839682,arm64,200,LinUCB,782.52923499997
1787822876.9695015,linpack,0.736120192,amd64,200,LinUCB,785.7734259999916
1787822876.998058,amd_faster,0.66154189,amd64,200,LinUCB,716.9715569999653
1787822877.326178,readdisk,1.04035854,arm64,200,LinUCB,1092.4436619999938
1787822877.7390249,linpack,0.732363118,amd64,200,LinUCB,769.1198320000012
1787822877.7410867,amd_faster,0.674975795,amd64,200,LinUCB,742.664828000045
1787822877.980999,arm_faster,0.917479567,amd64,200,LinUCB,1027.6244789999964
1787822878.0815496,chacha20,1.918299467,arm64,200,LinUCB,1972.756956000012
1787822878.3779118,thread,42.776612594,amd64,200,LinUCB,42830.049277
1787822878.4038134,filehandle,46.894525659,amd64,200,LinUCB,46919.403381
1787822878.4185288,readdisk,1.03951442,arm64,200,LinUCB,1091.9216469999924
1787822878.4811935,linpack,0.73754819,amd64,200,LinUCB,741.6508819999876
1787822878.8043604,amd_faster,0.942439854,arm64,200,LinUCB,1062.9026579999845
1787822878.8226166,arm_faster,0.784521325,arm64,200,LinUCB,841.2173450000182
1787822879.1242774,chacha20,0.941273415,amd64,200,LinUCB,1042.3013910000236
1787822879.2379308,linpack,0.735460522,amd64,200,LinUCB,756.3172800000189
1787822879.5788708,readdisk,1.077202582,arm64,200,LinUCB,1159.9517719999994
1787822879.8205538,arm_faster,0.914466733,arm64,200,LinUCB,997.4583989999815
1787822879.8554878,amd_faster,1.001407658,arm64,200,LinUCB,1050.7651670000087
1787822879.9844418,linpack,0.741839398,amd64,200,LinUCB,746.1034639999866
1787822880.5899315,amd_faster,0.671458429,amd64,200,LinUCB,734.0830069999811
1787822880.5927713,arm_faster,0.721432521,arm64,200,LinUCB,771.8579169999771
1787822880.6139061,chacha20,1.437959338,amd64,200,LinUCB,1489.2156159999672
1787822880.6755462,readdisk,1.04164994,arm64,200,LinUCB,1096.2608639999871
1787822880.7255719,linpack,0.736097999,amd64,200,LinUCB,740.7958439999902
1787822881.3173273,amd_faster,0.67292131,amd64,200,LinUCB,726.9495529999972
1787822881.4498544,arm_faster,0.751915363,arm64,200,LinUCB,856.6611319999993
1787822881.5161433,linpack,0.717315809,amd64,200,LinUCB,790.0797879999573
1787822881.7825744,chacha20,1.035837548,amd64,200,LinUCB,1168.1918799999949
1787822881.8406732,readdisk,1.0429365,arm64,200,LinUCB,1164.68665900004
1787822882.2709858,linpack,0.748967998,amd64,200,LinUCB,754.3948649999948
1787822882.3098078,arm_faster,0.794657686,arm64,200,LinUCB,859.509050999975
1787822882.4222546,amd_faster,1.0513694199999999,arm64,200,LinUCB,1104.48624899999
1787822882.782219,chacha20,0.946799754,amd64,200,LinUCB,999.2364860000293
1787822883.000362,readdisk,1.103948263,arm64,200,LinUCB,1159.1442229999984
1787822883.0156977,linpack,0.739477934,amd64,200,LinUCB,744.3029879999585
1787822883.0910432,arm_faster,0.729830522,arm64,200,LinUCB,780.677886000035
1787822883.1469545,amd_faster,0.671480769,amd64,200,LinUCB,724.3001680000134
1787822883.3266537,primenumber,66.075807064,amd64,200,LinUCB,66251.94962800003
1787822883.7841866,linpack,0.727273088,amd64,200,LinUCB,767.9116570000133
1787822883.8403075,chacha20,1.002311717,arm64,200,LinUCB,1057.580865000034
1787822883.8612003,amd_faster,0.661668873,amd64,200,LinUCB,713.8458869999909
1787822883.8625114,arm_faster,0.719808641,arm64,200,LinUCB,771.1147760000472
1787822884.101466,readdisk,1.04565422,arm64,200,LinUCB,1100.7042659999797
1787822884.5266988,linpack,0.737915075,amd64,200,LinUCB,742.0915310000282
1787822884.6229277,amd_faster,0.66170055,amd64,200,LinUCB,761.3881149999884
1787822884.7341192,arm_faster,0.722276241,arm64,200,LinUCB,870.8508080000001
1787822884.9084446,chacha20,1.006760957,arm64,200,LinUCB,1067.7595980000092
1787822885.1980903,readdisk,1.04336546,arm64,200,LinUCB,1096.1755149999703
1787822885.2742326,linpack,0.742736038,amd64,200,LinUCB,747.076762000006
1787822885.3383093,amd_faster,0.664698671,amd64,200,LinUCB,714.9255400000243
1787822885.5049934,arm_faster,0.720317361,arm64,200,LinUCB,770.4130479999662
1787822886.0360909,linpack,0.75661569,amd64,200,LinUCB,761.3927419999982
1787822886.061937,amd_faster,0.664055054,amd64,200,LinUCB,723.2302800000525
1787822886.2952719,arm_faster,0.737520682,arm64,200,LinUCB,789.6570079999492
1787822886.3129437,readdisk,1.063040741,arm64,200,LinUCB,1114.4531130000246
1787822886.412255,chacha20,1.4451811509999999,arm64,200,LinUCB,1503.3406559999776
1787822886.7862778,linpack,0.745338651,amd64,200,LinUCB,749.4657290000077
1787822886.7893896,amd_faster,0.664299042,amd64,200,LinUCB,727.0296910000411
1787822887.069635,arm_faster,0.721419681,arm64,200,LinUCB,773.9309389999676
1787822887.4490225,readdisk,1.04831458,arm64,200,LinUCB,1135.6338450000294
1787822887.4788098,chacha20,1.004058997,arm64,200,LinUCB,1066.1451330000205
1787822887.506054,amd_faster,0.663254696,amd64,200,LinUCB,716.2811379999994
1787822887.5317793,linpack,0.741052329,amd64,200,LinUCB,745.098836000011
1787822887.844073,arm_faster,0.721235162,arm64,200,LinUCB,773.9186299999687
1787822888.2751262,amd_faster,0.670483142,amd64,200,LinUCB,768.5986280000066
1787822888.3298454,linpack,0.72405826,amd64,200,LinUCB,797.5661760000321
1787822888.5035448,chacha20,0.954363373,amd64,200,LinUCB,1024.2796269999985
1787822888.5430717,readdisk,1.04274454,arm64,200,LinUCB,1093.600108999965
1787822888.6157448,arm_faster,0.719224321,arm64,200,LinUCB,771.2839929999973
1787822888.9474459,readmemory,13.516520789,amd64,200,LinUCB,13655.512181999995
1787822888.9896631,amd_faster,0.664225581,amd64,200,LinUCB,713.9915569999857
1787822889.0802429,linpack,0.745269196,amd64,200,LinUCB,749.9477920000004
1787822889.3899143,arm_faster,0.718846401,arm64,200,LinUCB,773.7494889999539
1787822889.6442482,readdisk,1.039843899,arm64,200,LinUCB,1100.7672940000361
1787822889.7143078,amd_faster,0.662539918,amd64,200,LinUCB,724.302750999982
1787822889.819262,linpack,0.734631245,amd64,200,LinUCB,738.6387689999765
1787822890.165689,arm_faster,0.719704641,arm64,200,LinUCB,775.3321440000036
1787822890.4346893,amd_faster,0.662103051,amd64,200,LinUCB,720.0681150000037
1787822890.4758105,thread,11.964191288,arm64,200,LinUCB,12097.481780999999
1787822890.5656726,linpack,0.741673839,amd64,200,LinUCB,746.0429779999913
1787822890.73917,readdisk,1.0429197,arm64,200,LinUCB,1094.4861469999978
1787822890.935741,chacha20,2.379064743,arm64,200,LinUCB,2431.7589040000485
1787822890.9373026,arm_faster,0.719667602,arm64,200,LinUCB,771.2724299999536
1787822891.1510396,amd_faster,0.664842986,amd64,200,LinUCB,715.9819249999941
1787822891.3153586,linpack,0.744157349,amd64,200,LinUCB,749.2670620000013
1787822891.763222,arm_faster,0.720292601,arm64,200,LinUCB,825.1640639999778
1787822891.8463225,readdisk,1.0415189,arm64,200,LinUCB,1106.7674189999934
1787822891.869852,amd_faster,0.662624814,amd64,200,LinUCB,718.4467160000167
1787822891.999313,chacha20,1.004885917,arm64,200,LinUCB,1063.1803979999859
1787822892.059001,linpack,0.739076966,amd64,200,LinUCB,743.2579719999808
1787822892.535787,arm_faster,0.720605202,arm64,200,LinUCB,772.1983719999912
1787822892.6161091,amd_faster,0.663267792,amd64,200,LinUCB,745.6440860000271
1787822892.8084664,linpack,0.744966362,amd64,200,LinUCB,749.120926000046
1787822892.9402437,readdisk,1.0411285,arm64,200,LinUCB,1093.559196000001
1787822893.0534437,chacha20,1.002373397,arm64,200,LinUCB,1053.8021149999963
1787822893.3089118,arm_faster,0.720687401,arm64,200,LinUCB,772.8237679999665
1787822893.3296983,amd_faster,0.662630535,amd64,200,LinUCB,713.2582709999724
1787822893.5572927,linpack,0.744695852,amd64,200,LinUCB,748.5177549999662
1787822894.0409553,readdisk,1.04122642,arm64,200,LinUCB,1100.3481030000444
1787822894.0827901,amd_faster,0.66600936,amd64,200,LinUCB,752.7402700000039
1787822894.0890436,arm_faster,0.721322841,arm64,200,LinUCB,779.6881929999699
1787822894.1136162,chacha20,1.006447357,arm64,200,LinUCB,1059.790557000042
1787822894.3045588,linpack,0.742462048,amd64,200,LinUCB,746.8662309999559
1787822894.8075151,amd_faster,0.660650529,amd64,200,LinUCB,724.3042420000165
1787822894.9196398,arm_faster,0.720333506,arm64,200,LinUCB,830.0318450000077
1787822895.0513022,linpack,0.741714978,amd64,200,LinUCB,746.3859029999753
1787822895.1393945,readdisk,1.041118798,arm64,200,LinUCB,1097.877045999951
1787822895.5258982,amd_faster,0.664361509,amd64,200,LinUCB,718.0497809999906
1787822895.693925,arm_faster,0.721084746,arm64,200,LinUCB,773.9849350000441
1787822895.801379,linpack,0.745879137,amd64,200,LinUCB,749.7461890000068
1787822895.9311404,chacha20,1.681290529,arm64,200,LinUCB,1817.0975539999858
1787822896.236529,readdisk,1.041982798,arm64,200,LinUCB,1096.8024580000133
1787822896.2590587,amd_faster,0.662036021,amd64,200,LinUCB,732.7500640000153
1787822896.4658093,arm_faster,0.720365906,arm64,200,LinUCB,771.5092010000149
1787822896.5433464,linpack,0.737702221,amd64,200,LinUCB,741.6802810000149
1787822897.0105443,amd_faster,0.660774592,amd64,200,LinUCB,751.1309579999761
1787822897.2530851,arm_faster,0.721728826,arm64,200,LinUCB,786.8461229999753
1787822897.2826366,linpack,0.734654078,amd64,200,LinUCB,738.8733129999991
1787822897.3346024,readdisk,1.040814798,arm64,200,LinUCB,1097.7233030000093
1787822897.5265763,chacha20,1.5350635179999998,arm64,200,LinUCB,1595.0802219999787
1787822897.7284424,amd_faster,0.662951089,amd64,200,LinUCB,717.4911140000404
1787822898.0294013,arm_faster,0.721094426,arm64,200,LinUCB,775.9218979999787
1787822898.0519392,linpack,0.743161637,amd64,200,LinUCB,768.9100940000344
1787822898.4243422,readdisk,1.039547998,arm64,200,LinUCB,1089.3694039999673
1787822898.448179,amd_faster,0.662418366,amd64,200,LinUCB,719.3690120000156
1787822898.5905683,chacha20,1.013857238,arm64,200,LinUCB,1063.6020709999912
1787822898.8135064,arm_faster,0.721145786,arm64,200,LinUCB,783.7114150000275
1787822898.8185287,linpack,0.725003916,amd64,200,LinUCB,766.2020299999881
1787822899.18888,amd_faster,0.662314184,amd64,200,LinUCB,740.3160390000494
1787822899.3388324,readmemory,10.335323431,arm64,200,LinUCB,10390.99444300001
1787822899.5184596,readdisk,1.040547837,arm64,200,LinUCB,1093.7638020000122
1787822899.5888326,arm_faster,0.721148186,arm64,200,LinUCB,774.9482869999724
1787822899.5931325,linpack,0.724845771,amd64,200,LinUCB,774.2104040000299
1787822899.6484096,chacha20,1.005922997,arm64,200,LinUCB,1057.4722430000065
1787822899.9075308,amd_faster,0.662278381,amd64,200,LinUCB,718.2130660000325
1787822900.369164,arm_faster,0.720198666,arm64,200,LinUCB,779.8354809999637
1787822900.3820326,linpack,0.731754377,amd64,200,LinUCB,788.331492999987
1787822900.6137736,readdisk,1.041898758,arm64,200,LinUCB,1094.9662189999572
1787822900.6215084,amd_faster,0.662213762,amd64,200,LinUCB,713.661817000002
1787822901.1445897,arm_faster,0.721723826,arm64,200,LinUCB,775.0676350000276
1787822901.1563172,linpack,0.732348455,amd64,200,LinUCB,773.9055669999857
1787822901.3749328,amd_faster,0.661954611,amd64,200,LinUCB,752.9778050000004
1787822901.7043297,readdisk,1.039966878,arm64,200,LinUCB,1090.1953879999837
1787822901.7641678,chacha20,2.046248357,arm64,200,LinUCB,2115.3083649999758
1787822901.9200528,arm_faster,0.722244667,arm64,200,LinUCB,774.9746320000099
1787822901.9215417,linpack,0.721547573,amd64,200,LinUCB,764.8652209999796
1787822902.0921125,amd_faster,0.665907073,amd64,200,LinUCB,716.7072869999629
1787822902.693926,linpack,0.720493716,amd64,200,LinUCB,771.5368739999917
1787822902.6954181,arm_faster,0.722033787,arm64,200,LinUCB,775.0388000000044
1787822902.7958896,readdisk,1.040666517,arm64,200,LinUCB,1091.151415000013
1787822902.810579,amd_faster,0.664125449,amd64,200,LinUCB,718.0431499999713
1787822902.8194249,chacha20,1.003867477,arm64,200,LinUCB,1054.853412
1787822903.4390104,linpack,0.738880564,amd64,200,LinUCB,744.6154539999839
1787822903.4674232,arm_faster,0.720979346,arm64,200,LinUCB,771.1419990000081
1787822903.5744002,amd_faster,0.663040953,amd64,200,LinUCB,763.4551289999649
1787822903.904809,readdisk,1.040678638,arm64,200,LinUCB,1108.4935099999598
1787822903.9695773,chacha20,1.004788597,arm64,200,LinUCB,1149.7277849999818
1787822904.1827543,linpack,0.738229873,amd64,200,LinUCB,743.2500979999759
1787822904.2428405,arm_faster,0.721073026,arm64,200,LinUCB,774.9979159999612
1787822904.288343,amd_faster,0.662399787,amd64,200,LinUCB,713.5436969999773
1787822904.928022,linpack,0.739900141,amd64,200,LinUCB,744.7889869999926
1787822905.0043492,readdisk,1.041042318,arm64,200,LinUCB,1099.1052589999981
1787822905.0075014,amd_faster,0.663339187,amd64,200,LinUCB,718.7727079999604
1787822905.0160503,arm_faster,0.720124066,arm64,200,LinUCB,772.7469630000314
1787822905.6726592,linpack,0.739502016,amd64,200,LinUCB,744.2242260000285
1787822905.7718024,amd_faster,0.663015824,amd64,200,LinUCB,763.9097769999807
1787822905.878207,arm_faster,0.721102986,arm64,200,LinUCB,861.6710869999906
1787822905.9385478,chacha20,1.917868387,arm64,200,LinUCB,1968.5170980000066
1787822906.1027927,readdisk,1.041381918,arm64,200,LinUCB,1098.0226199999947
1787822906.422455,linpack,0.745087313,amd64,200,LinUCB,749.4060549999517
1787822906.4828796,amd_faster,0.660059652,amd64,200,LinUCB,710.6867509999688
1787822906.6548417,arm_faster,0.721303187,arm64,200,LinUCB,776.2678390000133
1787822906.9959514,chacha20,1.004364557,arm64,200,LinUCB,1057.043350000015
1787822907.180762,linpack,0.753695971,amd64,200,LinUCB,757.9235009999934
1787822907.1994689,readdisk,1.041234557,arm64,200,LinUCB,1096.09653199999
1787822907.2003727,amd_faster,0.66550371,amd64,200,LinUCB,717.0961809999881
1787822907.4273074,arm_faster,0.720673107,arm64,200,LinUCB,772.0679220000193
1787822907.9274607,linpack,0.741378781,amd64,200,LinUCB,746.2094699999966
1787822907.9677563,amd_faster,0.661483501,amd64,200,LinUCB,766.4231399999721
1787822908.0527296,chacha20,1.003374437,arm64,200,LinUCB,1056.3336440000057
1787822908.199454,arm_faster,0.721603467,arm64,200,LinUCB,771.7321410000295
1787822908.29502,readdisk,1.040762718,arm64,200,LinUCB,1094.2841480000425
1787822908.6715617,linpack,0.739533883,amd64,200,LinUCB,743.7197380000384
1787822908.694223,amd_faster,0.661300437,amd64,200,LinUCB,726.0758020000253
1787822908.9848533,arm_faster,0.721288066,arm64,200,LinUCB,784.9363170000174
1787822909.1254003,chacha20,1.004308397,arm64,200,LinUCB,1072.2196239999562
1787822909.3868804,readdisk,1.040066838,arm64,200,LinUCB,1091.4992870000333
1787822909.408574,amd_faster,0.662217399,amd64,200,LinUCB,713.9991910000276
1787822909.426945,linpack,0.75015567,amd64,200,LinUCB,754.9638899999991
1787822909.7498763,readmemory,10.356647111000001,arm64,200,LinUCB,10410.670227000026
1787822909.756903,arm_faster,0.721464866,arm64,200,LinUCB,771.6751620000082
1787822910.1646798,amd_faster,0.664344524,amd64,200,LinUCB,755.7591639999828
1787822910.1839156,chacha20,1.002367494,arm64,200,LinUCB,1058.1223679999994
1787822910.362132,thread,19.823068772,amd64,200,LinUCB,19885.898155000006
1787822910.59073,arm_faster,0.720404667,arm64,200,LinUCB,833.4025469999915
1787822910.8800528,amd_faster,0.660705543,amd64,200,LinUCB,714.9297820000129
1787822911.1251771,linpack,1.623724813,amd64,200,LinUCB,1697.7662379999856
1787822911.367761,arm_faster,0.721674346,arm64,200,LinUCB,776.6253319999805
1787822911.5965645,amd_faster,0.662677101,amd64,200,LinUCB,716.132269999946
1787822911.631422,readdisk,2.102259299,amd64,200,LinUCB,2244.0482849999626
1787822912.1452773,arm_faster,0.717396106,arm64,200,LinUCB,777.0827090000125
1787822912.1862006,chacha20,1.918582475,arm64,200,LinUCB,2001.817544000005
1787822912.3132021,amd_faster,0.665512955,amd64,200,LinUCB,716.2254039999993
1787822912.5562792,linpack,1.42598457,amd64,200,LinUCB,1430.6406610000408
1787822912.9207234,arm_faster,0.720372626,arm64,200,LinUCB,774.9734840000428
1787822913.0339131,amd_faster,0.671008353,amd64,200,LinUCB,720.2814089999947
1787822913.2070084,chacha20,0.953871354,amd64,200,LinUCB,1020.294755000009
1787822913.6924295,arm_faster,0.720801706,arm64,200,LinUCB,771.2311820000082
1787822913.754162,amd_faster,0.669798687,amd64,200,LinUCB,719.6122999999943
1787822914.036386,readdisk,2.336064763,amd64,200,LinUCB,2404.543285999978
1787822914.0675743,linpack,1.505795982,amd64,200,LinUCB,1510.834826000007
1787822914.2616954,chacha20,1.00238106,arm64,200,LinUCB,1054.2787800000042
1787822914.4721525,amd_faster,0.660232324,amd64,200,LinUCB,717.5364080000008
1787822914.483828,arm_faster,0.720825946,arm64,200,LinUCB,790.9577830000103
1787822915.1873548,amd_faster,0.663052408,amd64,200,LinUCB,714.5304009999904
1787822915.2996671,arm_faster,0.721745147,arm64,200,LinUCB,815.3600910000023
1787822915.3233182,chacha20,1.00291986,arm64,200,LinUCB,1060.9010430000012
1787822915.635102,linpack,1.5415014409999999,amd64,200,LinUCB,1567.0027749999917
1787822915.9208605,amd_faster,0.66534329,amd64,200,LinUCB,733.0947099999889
1787822916.0736973,arm_faster,0.722052546,arm64,200,LinUCB,773.6732860000188
1787822916.2161455,readdisk,2.123572486,amd64,200,LinUCB,2179.2508970000313
1787822916.4027612,chacha20,1.004384818,arm64,200,LinUCB,1079.0764049999666
1787822916.5123038,linpack,0.872771663,amd64,200,LinUCB,876.8584590000046
1787822916.6424065,amd_faster,0.663756005,amd64,200,LinUCB,721.159560999979
1787822916.8703759,arm_faster,0.720525946,arm64,200,LinUCB,796.237155999961
1787822917.25434,linpack,0.737927164,amd64,200,LinUCB,741.7289969999956
1787822917.3130841,readdisk,1.044472878,arm64,200,LinUCB,1096.4993889999732
1787822917.3643713,amd_faster,0.666891302,amd64,200,LinUCB,721.5502249999872
1787822917.401754,chacha20,0.94512293,amd64,200,LinUCB,998.6217590000024
1787822917.6470675,arm_faster,0.723155986,arm64,200,LinUCB,776.3262610000083
1787822918.0018084,linpack,0.742977894,amd64,200,LinUCB,747.1015229999693
1787822918.0880356,amd_faster,0.666447468,amd64,200,LinUCB,723.230931000046
1787822918.4128363,readdisk,1.040821838,arm64,200,LinUCB,1099.3585100000018
1787822918.425093,arm_faster,0.719659106,arm64,200,LinUCB,777.4662379999882
1787822918.426782,chacha20,0.951695716,amd64,200,LinUCB,1024.678559999984
1787822918.7476873,linpack,0.740839863,amd64,200,LinUCB,745.4717830000277
1787822918.8147097,amd_faster,0.667167969,amd64,200,LinUCB,726.2916720000021
1787822919.2385037,arm_faster,0.722342146,arm64,200,LinUCB,813.0989769999815
1787822919.49218,linpack,0.740290023,amd64,200,LinUCB,744.1818140000009
1787822919.5100648,readdisk,1.041801238,arm64,200,LinUCB,1096.8089209999903
1787822919.5185685,chacha20,0.953777206,amd64,200,LinUCB,1091.497822000008
1787822919.533379,amd_faster,0.668049993,amd64,200,LinUCB,718.369666000001
1787822920.0115657,arm_faster,0.723886346,arm64,200,LinUCB,772.7070779999963
1787822920.1603563,readmemory,10.343791431,arm64,200,LinUCB,10410.093028000007
1787822920.23439,linpack,0.737293865,amd64,200,LinUCB,741.8977789999985
1787822920.344432,amd_faster,0.665766277,amd64,200,LinUCB,810.7372519999672
1787822920.5760963,chacha20,0.943863456,amd64,200,LinUCB,1057.1221289999926
1787822920.6167746,readdisk,1.042368398,arm64,200,LinUCB,1106.3595680000162
1787822920.785886,arm_faster,0.722704706,arm64,200,LinUCB,773.9549439999678
1787822920.9759216,linpack,0.736942193,amd64,200,LinUCB,741.1789180000028
1787822921.0667763,amd_faster,0.667924542,amd64,200,LinUCB,721.9714789999898
1787822921.5720332,arm_faster,0.722060187,arm64,200,LinUCB,785.6735789999902
1787822921.6430376,chacha20,1.009845976,arm64,200,LinUCB,1066.469337000001
1787822921.7186015,linpack,0.736963721,amd64,200,LinUCB,742.2649960000172
1787822921.7243302,readdisk,1.041714078,arm64,200,LinUCB,1107.1137139999792
1787822921.7467391,thread,11.329359292,arm64,200,LinUCB,11384.201783000037
1787822921.7982726,amd_faster,0.665091239,amd64,200,LinUCB,731.0361300000068
1787822922.3525493,arm_faster,0.728522307,arm64,200,LinUCB,780.1246549999519
1787822922.461542,linpack,0.738192662,amd64,200,LinUCB,742.5296690000209
1787822922.6477652,chacha20,0.945551832,amd64,200,LinUCB,1004.3412710000439
1787822922.7747927,amd_faster,0.679464104,amd64,200,LinUCB,976.1608460000275
1787822922.8910704,readdisk,1.039999677,arm64,200,LinUCB,1166.2859859999912
1787822923.1284852,arm_faster,0.721579226,arm64,200,LinUCB,775.5514129999597
1787822923.2077103,linpack,0.741330245,amd64,200,LinUCB,745.8471479999957
1787822923.5048778,amd_faster,0.667617215,amd64,200,LinUCB,729.6588350000093
1787822923.661168,chacha20,0.947261961,amd64,200,LinUCB,1012.9901829999994
1787822923.9032989,arm_faster,0.719187626,arm64,200,LinUCB,774.4132690000356
1787822923.9584095,linpack,0.746428677,amd64,200,LinUCB,750.3114040000014
1787822923.9918404,readdisk,1.042147757,arm64,200,LinUCB,1100.4151770000021
1787822924.2272687,amd_faster,0.668258159,amd64,200,LinUCB,721.9496530000242
1787822924.4897063,filehandle,46.04730398,amd64,200,LinUCB,46085.46181899999
1787822924.677744,arm_faster,0.722202026,arm64,200,LinUCB,774.0498179999804
1787822924.679419,chacha20,0.944812453,amd64,200,LinUCB,1017.8763929999946
1787822924.7112384,linpack,0.748211245,amd64,200,LinUCB,752.4503839999852
1787822924.953681,amd_faster,0.670919363,amd64,200,LinUCB,725.9969859999842
1787822925.0886228,readdisk,1.042926278,arm64,200,LinUCB,1096.3463580000052
1787822925.4628022,arm_faster,0.719380186,arm64,200,LinUCB,784.5115889999761
1787822925.511538,linpack,0.715143905,amd64,200,LinUCB,799.8651229999609
1787822925.6747403,amd_faster,0.666371798,amd64,200,LinUCB,720.6830740000214
1787822925.7389162,chacha20,0.943752087,amd64,200,LinUCB,1058.6772120000205
1787822926.18843,readdisk,1.042090398,arm64,200,LinUCB,1099.4307779999986
1787822926.2355175,arm_faster,0.719286346,arm64,200,LinUCB,772.291354999993
1787822926.255245,linpack,0.737969748,amd64,200,LinUCB,743.3406600000012
1787822926.4056134,amd_faster,0.663874906,amd64,200,LinUCB,730.549089999954
1787822926.7447443,chacha20,0.9475314,amd64,200,LinUCB,1005.435680000005
1787822927.0155656,arm_faster,0.720853866,arm64,200,LinUCB,779.6788550000429
1787822927.021375,linpack,0.725717216,amd64,200,LinUCB,765.7881860000089
1787822927.1377609,amd_faster,0.670698948,amd64,200,LinUCB,731.7961439999863
1787822927.2838233,readdisk,1.042946638,arm64,200,LinUCB,1095.0391189999777
1787822927.7475154,chacha20,0.946588438,amd64,200,LinUCB,1002.3353789999874
1787822927.7873383,arm_faster,0.720049306,arm64,200,LinUCB,771.4005590000284
1787822927.797458,linpack,0.728876564,amd64,200,LinUCB,775.7128730000318
1787822927.869046,amd_faster,0.6750932,amd64,200,LinUCB,730.8653520000234
1787822928.3814888,readdisk,1.041975678,arm64,200,LinUCB,1097.2421950000353
1787822928.6050885,arm_faster,0.721090466,arm64,200,LinUCB,817.3556959999928
1787822928.6066608,amd_faster,0.674160025,amd64,200,LinUCB,737.3173789999896
1787822928.6073265,linpack,0.721003007,amd64,200,LinUCB,809.5088029999715
1787822928.769085,chacha20,0.952985968,amd64,200,LinUCB,1021.1413420000213
1787822929.3905697,amd_faster,0.672391086,amd64,200,LinUCB,782.4094059999993
1787822929.4313598,linpack,0.712115022,amd64,200,LinUCB,822.6119770000082
1787822929.4524243,arm_faster,0.721313626,arm64,200,LinUCB,846.7448719999879
1787822929.4772046,readdisk,1.043908878,arm64,200,LinUCB,1095.3460499999892
1787822929.761573,chacha20,0.942222646,amd64,200,LinUCB,992.0779849999803
1787822930.1161094,amd_faster,0.6680406,amd64,200,LinUCB,725.0853439999787
1787822930.1855786,linpack,0.736527915,amd64,200,LinUCB,753.6962089999975
1787822930.2325199,arm_faster,0.720349226,arm64,200,LinUCB,779.6583749999968
1787822930.6142595,readdisk,1.043604998,arm64,200,LinUCB,1136.5932239999665
1787822930.7632864,chacha20,0.949648685,amd64,200,LinUCB,1001.2925439999663
1787822930.8467598,amd_faster,0.671418659,amd64,200,LinUCB,730.2690870000106
1787822930.932918,linpack,0.742649456,amd64,200,LinUCB,746.9443440000418
1787822931.0110295,arm_faster,0.720667226,arm64,200,LinUCB,778.0882099999644
1787822931.5643892,amd_faster,0.667015284,amd64,200,LinUCB,717.3366009999995
1787822931.6790767,linpack,0.740994101,amd64,200,LinUCB,745.7018779999771
1787822931.709124,readdisk,1.041651438,arm64,200,LinUCB,1094.4259809999721
1787822931.786433,arm_faster,0.719623226,arm64,200,LinUCB,775.0292110000032
1787822931.7871668,chacha20,0.95791343,amd64,200,LinUCB,1023.6072339999964
1787822932.294452,amd_faster,0.673582688,amd64,200,LinUCB,729.7144030000027
1787822932.4255865,linpack,0.741028916,amd64,200,LinUCB,745.9676349999995
1787822932.5646412,arm_faster,0.720123186,arm64,200,LinUCB,777.1435399999973
1787822932.805121,readdisk,1.043560038,arm64,200,LinUCB,1095.5352820000144
1787822932.8531094,chacha20,0.960967577,amd64,200,LinUCB,1065.00039499997
1787822933.032368,amd_faster,0.685088879,amd64,200,LinUCB,737.5284849999844
1787822933.1723626,linpack,0.74229606,amd64,200,LinUCB,746.4110099999743
1787822933.3451014,arm_faster,0.723242826,arm64,200,LinUCB,780.0397039999893
1787822933.4382927,thread,11.395752374,arm64,200,LinUCB,11691.19199200003
1787822933.7464883,amd_faster,0.662250308,amd64,200,LinUCB,713.7809329999527
1787822933.8723664,chacha20,0.952261994,amd64,200,LinUCB,1018.9381449999928
1787822933.9001513,readdisk,1.041594797,arm64,200,LinUCB,1094.5053579999922
1787822933.900811,readmemory,13.681789769,amd64,200,LinUCB,13740.186343000005
1787822933.9285023,linpack,0.751958819,amd64,200,LinUCB,755.8198760000323
1787822934.131075,arm_faster,0.733817867,arm64,200,LinUCB,785.5882189999761
1787822934.4871476,amd_faster,0.672269306,amd64,200,LinUCB,740.1793029999908
1787822934.7502067,linpack,0.720827645,amd64,200,LinUCB,821.3813630000004
1787822934.9128535,arm_faster,0.722569666,arm64,200,LinUCB,781.3247180000076
1787822935.019732,readdisk,1.040903398,arm64,200,LinUCB,1118.6488919999533
1787822935.2187667,amd_faster,0.67648234,amd64,200,LinUCB,731.2866460000009
1787822935.505664,linpack,0.751304855,amd64,200,LinUCB,755.116355000041
1787822935.6191733,chacha20,1.695834609,amd64,200,LinUCB,1746.4927309999894
1787822935.6984046,arm_faster,0.729018667,arm64,200,LinUCB,785.2264769999806
1787822935.9418862,amd_faster,0.672001305,amd64,200,LinUCB,722.640991999981
1787822936.1176312,readdisk,1.043727318,arm64,200,LinUCB,1097.569213999975
1787822936.2638903,linpack,0.754193379,amd64,200,LinUCB,757.9087699999718
1787822936.471902,arm_faster,0.724224066,arm64,200,LinUCB,773.1708169999933
1787822936.6841311,amd_faster,0.684966948,amd64,200,LinUCB,741.7992320000053
1787822936.8953252,chacha20,1.213888169,amd64,200,LinUCB,1275.7949850000045
1787822937.0093248,linpack,0.740261961,amd64,200,LinUCB,744.992217999993
1787822937.2121193,readdisk,1.042594398,arm64,200,LinUCB,1094.0279949999763
1787822937.2454576,arm_faster,0.721910066,arm64,200,LinUCB,773.1299430000149
1787822937.4056811,amd_faster,0.671606682,amd64,200,LinUCB,721.0409409999556
1787822937.7550833,linpack,0.740858301,amd64,200,LinUCB,745.2955709999856
1787822937.898556,chacha20,0.943014996,amd64,200,LinUCB,1002.7885540000057
1787822938.0378296,arm_faster,0.723933347,arm64,200,LinUCB,792.0154669999988
1787822938.1461813,amd_faster,0.672358965,amd64,200,LinUCB,740.0722179999661
1787822938.3116264,readdisk,1.043401038,arm64,200,LinUCB,1098.952061000034
1787822938.5091758,linpack,0.749930639,amd64,200,LinUCB,753.7071259999948
1787822938.8124468,arm_faster,0.722477466,arm64,200,LinUCB,774.0861400000085
1787822938.8731537,amd_faster,0.674033479,amd64,200,LinUCB,726.4357419999783
1787822939.2605133,linpack,0.746916347,amd64,200,LinUCB,750.8938560000047
1787822939.4116778,readdisk,1.041852958,arm64,200,LinUCB,1099.7201289999907
1787822939.5147762,chacha20,1.5621252239999999,amd64,200,LinUCB,1615.8218240000224
1787822939.5844314,arm_faster,0.722361346,arm64,200,LinUCB,771.6065309999749
1787822939.6193793,amd_faster,0.692849006,amd64,200,LinUCB,745.8394869999552
1787822940.0144758,linpack,0.748963238,amd64,200,LinUCB,753.5408229999803
1787822940.364117,arm_faster,0.722449786,arm64,200,LinUCB,779.2080489999762
1787822940.3651574,amd_faster,0.674301275,amd64,200,LinUCB,745.4232759999968
1787822940.5043464,readdisk,1.041902717,arm64,200,LinUCB,1092.2473040000114
1787822940.7718303,linpack,0.752719172,amd64,200,LinUCB,756.9232660000011
1787822940.9669085,chacha20,1.3366556059999999,amd64,200,LinUCB,1451.718636999999
1787822941.133598,primenumber,57.660779815,amd64,200,LinUCB,57806.58660400002
1787822941.1418025,amd_faster,0.671278855,amd64,200,LinUCB,775.625658000024
1787822941.1443753,arm_faster,0.723516227,arm64,200,LinUCB,778.9075399999774
1787822941.524258,linpack,0.747989959,amd64,200,LinUCB,752.0515420000038
1787822941.6033413,readdisk,1.045119478,arm64,200,LinUCB,1098.6307850000117
1787822941.9152632,amd_faster,0.666573535,amd64,200,LinUCB,773.0947169999922
1787822941.9775536,chacha20,0.950675693,amd64,200,LinUCB,1010.2358439999648
1787822942.0241787,arm_faster,0.719666947,arm64,200,LinUCB,879.0941350000026
1787822942.276603,linpack,0.748156688,amd64,200,LinUCB,751.9854669999972
1787822942.6361196,amd_faster,0.668355688,amd64,200,LinUCB,720.3626620000136
1787822942.7014954,readdisk,1.041139678,arm64,200,LinUCB,1097.8321690000143
1787822942.8096657,arm_faster,0.725607666,arm64,200,LinUCB,785.1589800000056
1787822942.993554,chacha20,0.955897945,amd64,200,LinUCB,1015.6470819999868
1787822943.0341444,linpack,0.752954893,amd64,200,LinUCB,757.1571520000475
1787822943.3813112,amd_faster,0.690831164,amd64,200,LinUCB,744.8169989999656
1787822943.5873005,arm_faster,0.723128986,arm64,200,LinUCB,777.0706649999966
1787822943.7968075,linpack,0.741309111,amd64,200,LinUCB,762.2469899999942
1787822943.7989478,readdisk,1.042312838,arm64,200,LinUCB,1097.131313000034
1787822944.1153183,amd_faster,0.681512094,amd64,200,LinUCB,733.6075380000011
1787822944.3581796,arm_faster,0.720091986,arm64,200,LinUCB,770.3327279999712
1787822944.5505717,linpack,0.748947873,amd64,200,LinUCB,753.348681000034
1787822944.8427544,amd_faster,0.677583648,amd64,200,LinUCB,726.8813389999877
1787822944.9157186,readdisk,1.051246559,arm64,200,LinUCB,1116.3896090000094
1787822944.9324677,thread,11.427331495,arm64,200,LinUCB,11493.80620400001
1787822944.9970703,chacha20,1.942430977,amd64,200,LinUCB,2003.06797799999
1787822945.1428046,arm_faster,0.723209386,arm64,200,LinUCB,784.2169269999886
1787822945.3042586,linpack,0.748704708,amd64,200,LinUCB,753.1953999999814
1787822945.5678895,amd_faster,0.674072357,amd64,200,LinUCB,724.7349419999978
1787822945.9123912,arm_faster,0.716102186,arm64,200,LinUCB,769.1297240000381
1787822946.028756,chacha20,0.953096885,amd64,200,LinUCB,1031.1123390000034
1787822946.0381193,readdisk,1.071575439,arm64,200,LinUCB,1121.8976370000178
1787822946.048838,linpack,0.739548325,amd64,200,LinUCB,744.1634170000384
1787822946.1724017,readmemory,12.143779118,amd64,200,LinUCB,12270.776737000006
1787822946.2945323,amd_faster,0.669722921,amd64,200,LinUCB,726.201092999986
1787822946.6854923,arm_faster,0.720579146,arm64,200,LinUCB,772.7120099999638
1787822946.856933,linpack,0.721468145,amd64,200,LinUCB,807.6634040000386
1787822947.0165513,amd_faster,0.666266671,amd64,200,LinUCB,721.6255320000187
1787822947.033775,chacha20,0.946602005,amd64,200,LinUCB,1004.6360559999812
1787822947.1742828,readdisk,1.040356878,arm64,200,LinUCB,1135.7067490000077
1787822947.4573307,arm_faster,0.716509586,arm64,200,LinUCB,771.4787489999821
1787822947.6065278,linpack,0.744491714,amd64,200,LinUCB,749.2057459999728
1787822947.74838,amd_faster,0.680284061,amd64,200,LinUCB,731.457966999983
1787822948.2358317,arm_faster,0.720866746,arm64,200,LinUCB,778.0448919999685
1787822948.2676654,readdisk,1.039978597,arm64,200,LinUCB,1093.0059100000449
1787822948.3465662,linpack,0.735568566,amd64,200,LinUCB,739.6701839999764
1787822948.487129,amd_faster,0.670256456,amd64,200,LinUCB,738.2918079999854
1787822949.0261164,arm_faster,0.720181026,arm64,200,LinUCB,789.8083050000082
1787822949.0556247,chacha20,1.939259326,amd64,200,LinUCB,2021.449854000025
1787822949.094905,linpack,0.740514004,amd64,200,LinUCB,747.9262310000081
1787822949.2219553,amd_faster,0.679370225,amd64,200,LinUCB,734.3591750000087
1787822949.3938293,readdisk,1.040304917,arm64,200,LinUCB,1125.8144309999807
1787822949.8033125,arm_faster,0.720669786,arm64,200,LinUCB,776.7777739999815
1787822949.858505,linpack,0.724535672,amd64,200,LinUCB,763.1925119999892
1787822949.9417374,amd_faster,0.668763617,amd64,200,LinUCB,719.3911049999997
1787822950.0893798,chacha20,0.956414226,amd64,200,LinUCB,1033.391545000029
1787822950.4888597,readdisk,1.040077798,arm64,200,LinUCB,1094.6098850000112
1787822950.5729153,arm_faster,0.720477186,arm64,200,LinUCB,769.2301740000289
1787822950.6066828,linpack,0.743710664,amd64,200,LinUCB,747.8145759999961
1787822950.6720023,amd_faster,0.675853837,amd64,200,LinUCB,729.8668160000261
1787822951.1047897,chacha20,0.946946265,amd64,200,LinUCB,1015.0088160000337
1787822951.339185,arm_faster,0.716226626,arm64,200,LinUCB,765.8352830000013
1787822951.3635023,linpack,0.738922967,amd64,200,LinUCB,756.4212770000154
1787822951.412727,amd_faster,0.682442414,amd64,200,LinUCB,740.3600200000255
1787822951.5948863,readdisk,1.041621398,arm64,200,LinUCB,1105.61099399996
1787822952.1175134,arm_faster,0.721090226,arm64,200,LinUCB,778.01287799997
1787822952.1282802,linpack,0.730238891,amd64,200,LinUCB,764.4364970000197
1787822952.1401634,amd_faster,0.676354522,amd64,200,LinUCB,726.9087359999844
1787822952.6881475,readdisk,1.038988118,arm64,200,LinUCB,1092.46889100001
1787822952.8911748,arm_faster,0.722756866,arm64,200,LinUCB,773.3314019999966
1787822952.892901,linpack,0.724434577,amd64,200,LinUCB,764.3228050000062
1787822952.9042864,amd_faster,0.686411554,amd64,200,LinUCB,763.7862349999978
1787822953.0864878,chacha20,1.920486778,amd64,200,LinUCB,1981.322662000025
1787822953.6607935,arm_faster,0.715298426,arm64,200,LinUCB,769.3078330000276
1787822953.664622,amd_faster,0.673066525,amd64,200,LinUCB,760.0304910000091
1787822953.674214,linpack,0.72798696,amd64,200,LinUCB,780.8792639999638
1787822953.790396,readdisk,1.039757518,arm64,200,LinUCB,1101.8656539999938
1787822954.1025028,chacha20,0.947577535,amd64,200,LinUCB,1015.7074400000283
1787822954.4344914,arm_faster,0.721092826,arm64,200,LinUCB,773.3074220000162
1787822954.4456303,amd_faster,0.669317706,amd64,200,LinUCB,780.6563450000112
1787822954.4916093,linpack,0.713380175,amd64,200,LinUCB,817.0357249999824
1787822954.8849487,readdisk,1.040253278,arm64,200,LinUCB,1094.1768629999729
1787822955.109876,chacha20,0.950942202,amd64,200,LinUCB,1007.0098220000432
1787822955.2006104,amd_faster,0.66441293,amd64,200,LinUCB,754.5667559999742
1787822955.2033682,arm_faster,0.716340066,arm64,200,LinUCB,768.4527149999667
1787822955.2659323,linpack,0.728686516,amd64,200,LinUCB,773.8736240000321
1787822955.312303,filehandle,30.817123111,arm64,200,LinUCB,30822.20419400005
1787822955.9249473,amd_faster,0.661583672,amd64,200,LinUCB,723.9055789999611
1787822955.9809453,readdisk,1.041453318,arm64,200,LinUCB,1095.557858999996
1787822956.0369267,linpack,0.719352426,amd64,200,LinUCB,770.5666450000308
1787822956.0384884,arm_faster,0.721272026,arm64,200,LinUCB,834.650049000004
1787822956.1143947,chacha20,0.952026419,amd64,200,LinUCB,1004.0622049999683
1787822956.628908,readmemory,10.33225461,arm64,200,LinUCB,10456.098370999996
1787822956.6496944,amd_faster,0.669779966,amd64,200,LinUCB,724.3446479999989
1787822956.7809224,linpack,0.738778703,amd64,200,LinUCB,743.6003999999912
1787822956.8122752,arm_faster,0.717122866,arm64,200,LinUCB,772.7971099999991
1787822957.0750854,readdisk,1.040771077,arm64,200,LinUCB,1093.723324999985
1787822957.4026012,amd_faster,0.663175216,amd64,200,LinUCB,752.6028009999663
1787822957.5197644,linpack,0.73463464,amd64,200,LinUCB,738.4853499999622
1787822957.583951,arm_faster,0.720816746,arm64,200,LinUCB,771.377976999986
1787822957.8111777,primenumber,16.546462947,arm64,200,LinUCB,16677.097241000014
1787822958.1197639,amd_faster,0.661720257,amd64,200,LinUCB,716.8592890000127
1787822958.1728141,readdisk,1.039953077,arm64,200,LinUCB,1097.4113980000197
1787822958.1828015,chacha20,1.997095362,arm64,200,LinUCB,2067.7060570000094
1787822958.2629995,linpack,0.737735712,amd64,200,LinUCB,742.847716999961
1787822958.3578796,arm_faster,0.720900824,arm64,200,LinUCB,773.480740000025
1787822958.83778,amd_faster,0.667259612,amd64,200,LinUCB,717.4045680000063
1787822959.0309088,linpack,0.741212813,amd64,200,LinUCB,767.2433629999773
1787822959.1509485,arm_faster,0.7232043,arm64,200,LinUCB,792.4995729999864
1787822959.2321646,chacha20,0.943945665,amd64,200,LinUCB,1048.716547999959
1787822959.2778008,readdisk,1.044164927,arm64,200,LinUCB,1104.6324800000207
1787822959.7785826,linpack,0.742449711,amd64,200,LinUCB,747.2442199999705
1787822959.8950753,amd_faster,0.941769203,arm64,200,LinUCB,1056.8911810000259
1787822959.9232056,arm_faster,0.720144181,arm64,200,LinUCB,771.8118249999861
1787822960.3890424,readdisk,1.045937674,arm64,200,LinUCB,1110.7896729999993
1787822960.528573,linpack,0.745655521,amd64,200,LinUCB,749.6936640000058
1787822960.715327,arm_faster,0.7228963,arm64,200,LinUCB,791.8338179999864
1787822960.8838477,chacha20,1.596943198,amd64,200,LinUCB,1651.3131899999962
1787822960.8878078,amd_faster,0.941284202,arm64,200,LinUCB,992.4135480000018
1787822961.2888334,linpack,0.755846987,amd64,200,LinUCB,759.9514319999798
1787822961.483141,readdisk,1.041521554,arm64,200,LinUCB,1093.6779539999861
1787822961.487286,arm_faster,0.721249821,arm64,200,LinUCB,771.6394550000132
1787822961.6454868,amd_faster,0.661325736,amd64,200,LinUCB,757.3414749999756
1787822961.9401743,chacha20,1.00270598,arm64,200,LinUCB,1055.9645090000345
1787822962.0470526,linpack,0.753732187,amd64,200,LinUCB,757.6457829999867
1787822962.3037536,arm_faster,0.715116621,arm64,200,LinUCB,816.1520180000252
1787822962.3595543,amd_faster,0.662748678,amd64,200,LinUCB,713.6236480000093
1787822962.574916,readdisk,1.040821995,arm64,200,LinUCB,1091.3957770000025
1787822962.8053725,linpack,0.75342307,amd64,200,LinUCB,757.9547020000064
1787822962.9999995,chacha20,1.006814737,arm64,200,LinUCB,1059.4188889999714
1787822963.075325,arm_faster,0.720467701,arm64,200,LinUCB,771.1716019999812
1787822963.0827124,amd_faster,0.661725399,amd64,200,LinUCB,722.5730309999676
1787822963.5557513,linpack,0.744572972,amd64,200,LinUCB,749.9914499999818
1787822963.6696098,readdisk,1.040139835,arm64,200,LinUCB,1094.2374640000025
1787822963.8445475,arm_faster,0.715269181,arm64,200,LinUCB,768.7989440000251
1787822963.8462486,amd_faster,0.664487781,amd64,200,LinUCB,763.1338090000099
1787822964.3026655,linpack,0.741861843,amd64,200,LinUCB,746.4944010000067
1787822964.6076133,amd_faster,0.662002477,amd64,200,LinUCB,760.4883870000094
1787822964.6193833,arm_faster,0.721251941,arm64,200,LinUCB,774.4803790000105
1787822964.7631998,readdisk,1.0407018749999999,arm64,200,LinUCB,1093.2250619999877
1787822964.9750547,chacha20,1.923864392,arm64,200,LinUCB,1974.5993610000028
1787822965.0537536,linpack,0.746773045,amd64,200,LinUCB,750.726697999994
1787822965.335523,amd_faster,0.661499378,amd64,200,LinUCB,727.5651229999767
1787822965.439485,arm_faster,0.715455261,arm64,200,LinUCB,819.750039999974
1787822965.808616,linpack,0.750076355,amd64,200,LinUCB,754.5124250000299
1787822965.860049,readdisk,1.040221035,arm64,200,LinUCB,1096.4398730000084
1787822966.0494845,chacha20,1.024050353,arm64,200,LinUCB,1074.051505
1787822966.0520537,amd_faster,0.661887106,amd64,200,LinUCB,716.179665000027
1787822966.2210522,arm_faster,0.721408221,arm64,200,LinUCB,781.1337279999861
1787822966.5556471,linpack,0.742340773,amd64,200,LinUCB,746.5807560000144
1787822966.8216686,amd_faster,0.662948937,amd64,200,LinUCB,768.8129219999951
1787822966.9578605,readdisk,1.041334195,arm64,200,LinUCB,1097.4275300000045
1787822966.9941132,arm_faster,0.720782861,arm64,200,LinUCB,772.6012730000207
1787822967.1258466,chacha20,1.018761608,arm64,200,LinUCB,1075.981937999984
1787822967.2944772,linpack,0.733999866,amd64,200,LinUCB,738.4886769999639
1787822967.5369275,amd_faster,0.660651939,amd64,200,LinUCB,714.918694000005
1787822967.7882748,arm_faster,0.72086218,arm64,200,LinUCB,793.8098289999971
1787822968.0333776,linpack,0.734222396,amd64,200,LinUCB,738.5146409999948
1787822968.0516634,readdisk,1.040334195,arm64,200,LinUCB,1093.3671710000112
1787822968.1317425,thread,23.042812771,amd64,200,LinUCB,23198.843237000005
1787822968.254808,amd_faster,0.663626128,amd64,200,LinUCB,717.4562089999768
1787822968.5601172,arm_faster,0.718297861,arm64,200,LinUCB,771.3959200000318
1787822968.7846587,linpack,0.746248419,amd64,200,LinUCB,750.867803999995
1787822968.969347,amd_faster,0.66331756,amd64,200,LinUCB,714.0850299999784
1787822969.1501398,readdisk,1.042245074,arm64,200,LinUCB,1097.9859770000076
1787822969.1929393,chacha20,2.013148136,arm64,200,LinUCB,2066.6600289999906
1787822969.3361254,arm_faster,0.7259413,arm64,200,LinUCB,775.3791519999709
1787822969.529259,linpack,0.739652312,amd64,200,LinUCB,744.0005340000084
1787822969.689077,amd_faster,0.66421554,amd64,200,LinUCB,719.283857999983
1787822970.1112614,arm_faster,0.72115474,arm64,200,LinUCB,774.5590600000014
1787822970.2441375,readdisk,1.041322075,arm64,200,LinUCB,1093.5543769999754
1787822970.2748644,linpack,0.740129896,amd64,200,LinUCB,745.1642920000268
1787822970.284753,chacha20,1.028714209,arm64,200,LinUCB,1091.3517289999959
1787822970.4066875,amd_faster,0.663107503,amd64,200,LinUCB,717.1877339999924
1787822970.89204,arm_faster,0.72169582,arm64,200,LinUCB,780.3096840000308
1787822971.0366096,linpack,0.737815164,amd64,200,LinUCB,761.2896689999502
1787822971.1376846,amd_faster,0.662033134,amd64,200,LinUCB,730.6485540000267
1787822971.3403873,readdisk,1.042956714,arm64,200,LinUCB,1095.8983319999902
1787822971.4546914,chacha20,1.098187173,arm64,200,LinUCB,1169.5108750000145
1787822971.663743,arm_faster,0.719175701,arm64,200,LinUCB,771.3458059999994
1787822971.7797067,linpack,0.738587565,amd64,200,LinUCB,742.7214659999777
1787822971.8585622,amd_faster,0.663870584,amd64,200,LinUCB,720.5028600000105
1787822972.435158,arm_faster,0.7189729,arm64,200,LinUCB,770.8201330000293
1787822972.4383094,readdisk,1.042524914,arm64,200,LinUCB,1097.5901630000067
1787822972.524167,linpack,0.739867075,amd64,200,LinUCB,744.0302539999948
1787822972.570765,amd_faster,0.660788615,amd64,200,LinUCB,711.8130220000012
1787822973.2140946,arm_faster,0.72044886,arm64,200,LinUCB,778.2799180000097
1787822973.2860093,amd_faster,0.662647031,amd64,200,LinUCB,714.7607509999716
1787822973.2872417,linpack,0.739319142,amd64,200,LinUCB,762.6565890000165
1787822973.4268103,chacha20,1.9183921320000001,arm64,200,LinUCB,1971.7266359999712
1787822973.5871513,readdisk,1.041845355,arm64,200,LinUCB,1148.4289870000453
1787822973.9849343,arm_faster,0.719799541,arm64,200,LinUCB,770.2417440000318
1787822974.0045457,amd_faster,0.664086742,amd64,200,LinUCB,716.9146790000127
1787822974.0671425,linpack,0.724920817,amd64,200,LinUCB,778.7694180000244
1787822974.4923348,chacha20,1.007296406,arm64,200,LinUCB,1065.0809799999479
1787822974.6895833,readdisk,1.043195634,arm64,200,LinUCB,1101.9259090000446
1787822974.760014,amd_faster,0.660399716,amd64,200,LinUCB,755.0165399999855
1787822974.765417,arm_faster,0.723561381,arm64,200,LinUCB,780.0645780000082
1787822974.8323033,linpack,0.731746633,amd64,200,LinUCB,764.7216739999863
1787822975.4739013,amd_faster,0.662862521,amd64,200,LinUCB,713.4691589999989
1787822975.556747,chacha20,1.014446844,arm64,200,LinUCB,1063.9416700000197
1787822975.5785894,arm_faster,0.72039366,arm64,200,LinUCB,812.6007119999485
1787822975.5905294,linpack,0.732588535,amd64,200,LinUCB,757.808491999981
1787822975.7896953,readdisk,1.042020915,arm64,200,LinUCB,1099.7011840000255
1787822976.1933632,amd_faster,0.669066877,amd64,200,LinUCB,719.0215169999874
1787822976.3826153,arm_faster,0.719539301,arm64,200,LinUCB,803.6168439999756
1787822976.3843548,linpack,0.720396936,amd64,200,LinUCB,793.4109109999667
1787822976.5587695,chacha20,0.945551121,amd64,200,LinUCB,1001.5911139999503
1787822976.8833249,readdisk,1.041514594,arm64,200,LinUCB,1093.2305509999765
1787822976.9160101,amd_faster,0.669076238,amd64,200,LinUCB,722.2268090000057
1787822977.1536121,arm_faster,0.719774221,arm64,200,LinUCB,770.6137510000417
1787822977.1627622,linpack,0.727779605,amd64,200,LinUCB,777.6410069999997
1787822977.6660385,amd_faster,0.66297416,amd64,200,LinUCB,749.5629260000101
1787822977.9263487,arm_faster,0.72084566,arm64,200,LinUCB,772.1179569999777
1787822977.9364784,linpack,0.730369519,amd64,200,LinUCB,773.1013260000168
1787822977.9868686,readdisk,1.042363194,arm64,200,LinUCB,1103.1366469999853
1787822978.3721166,chacha20,1.7557195970000001,arm64,200,LinUCB,1812.9404539999996
1787822978.3795252,amd_faster,0.662299705,amd64,200,LinUCB,713.041397999973
1787822978.7113209,arm_faster,0.720776581,arm64,200,LinUCB,784.5176920000085
1787822978.7138617,linpack,0.719656158,amd64,200,LinUCB,776.9586100000083
1787822979.0926952,readdisk,1.042728474,arm64,200,LinUCB,1105.4047589999527
1787822979.1392665,amd_faster,0.664404185,amd64,200,LinUCB,759.3200339999839
1787822979.378266,chacha20,0.949601833,amd64,200,LinUCB,1005.7312260000231
1787822979.4644785,readmemory,22.78160789,amd64,200,LinUCB,22835.111596000046
1787822979.483951,linpack,0.719080936,amd64,200,LinUCB,769.1470560000084
1787822979.4856799,arm_faster,0.721792901,arm64,200,LinUCB,773.9257149999617
1787822979.6117105,thread,11.419656542,arm64,200,LinUCB,11479.404581999972
1787822979.8775985,amd_faster,0.673103623,amd64,200,LinUCB,737.9292880000321
1787822980.198053,readdisk,1.044418275,arm64,200,LinUCB,1104.9154730000055
1787822980.2523677,linpack,0.732823461,amd64,200,LinUCB,767.5487910000243
1787822980.2864156,arm_faster,0.71991798,arm64,200,LinUCB,799.8733700000003
1787822980.4376774,chacha20,1.007263844,arm64,200,LinUCB,1059.0253240000038
1787822980.5947888,amd_faster,0.66330769,amd64,200,LinUCB,716.8644189999895
1787822980.9959257,linpack,0.737497947,amd64,200,LinUCB,742.8036520000205
1787822981.0608315,arm_faster,0.722233341,arm64,200,LinUCB,774.0281490000029
1787822981.2933965,readdisk,1.041352435,arm64,200,LinUCB,1094.9520540000321
1787822981.318123,amd_faster,0.672723546,amd64,200,LinUCB,722.84947899999
1787822981.4531868,chacha20,0.957197886,amd64,200,LinUCB,1015.00504400002
1787822981.7356863,linpack,0.734545805,amd64,200,LinUCB,739.2660240000168
1787822981.836375,arm_faster,0.720648861,arm64,200,LinUCB,775.0904690000198
1787822982.069207,amd_faster,0.676467307,amd64,200,LinUCB,750.467953999987
1787822982.387463,readdisk,1.043430115,arm64,200,LinUCB,1093.6983330000203
1787822982.4837186,linpack,0.742827108,amd64,200,LinUCB,747.6772540000525
1787822982.6155994,arm_faster,0.723773981,arm64,200,LinUCB,778.8348500000097
1787822982.8011408,amd_faster,0.676291135,amd64,200,LinUCB,731.4150289999475
1787822982.8327742,chacha20,1.328374397,amd64,200,LinUCB,1379.1630729999724
1787822983.2281933,linpack,0.739537093,amd64,200,LinUCB,743.9672639999912
1787822983.3935003,arm_faster,0.720646181,arm64,200,LinUCB,777.5629889999891
1787822983.5626206,readdisk,1.048110674,arm64,200,LinUCB,1174.7932700000092
1787822983.6094244,amd_faster,0.664314264,amd64,200,LinUCB,807.952470000032
1787822983.9851193,linpack,0.752201439,amd64,200,LinUCB,756.5199480000047
1787822984.1717153,arm_faster,0.720617301,arm64,200,LinUCB,777.8216119999684
1787822984.2115316,chacha20,1.261818641,amd64,200,LinUCB,1378.198900999962
1787822984.3424637,amd_faster,0.673854818,amd64,200,LinUCB,732.6837080000246
1787822984.661023,readdisk,1.042712154,arm64,200,LinUCB,1097.914051000032
1787822984.730797,linpack,0.740992746,amd64,200,LinUCB,745.2879519999556
1787822984.9468193,arm_faster,0.72321062,arm64,200,LinUCB,774.5851040000389
1787822985.0757613,amd_faster,0.67681907,amd64,200,LinUCB,732.9160090000073
1787822985.4784417,linpack,0.742613241,amd64,200,LinUCB,747.2583690000079
1787822985.5141683,chacha20,1.236585854,amd64,200,LinUCB,1301.9495749999805
1787822985.7278976,arm_faster,0.721300261,arm64,200,LinUCB,780.6427030000123
1787822985.7607105,readdisk,1.044578115,arm64,200,LinUCB,1099.3195359999959
1787822985.805632,amd_faster,0.673643473,amd64,200,LinUCB,729.325241999959
1787822986.2217317,linpack,0.73871703,amd64,200,LinUCB,742.9759419999868
1787822986.5009105,arm_faster,0.720895501,arm64,200,LinUCB,772.4382189999801
1787822986.529788,chacha20,0.954648464,amd64,200,LinUCB,1015.2323229999638
1787822986.5609539,amd_faster,0.672298336,amd64,200,LinUCB,755.0390289999882
1787822986.882902,readdisk,1.044827674,arm64,200,LinUCB,1121.5782050000485
1787822986.973849,linpack,0.747075262,amd64,200,LinUCB,751.6357199999675
1787822987.2760215,arm_faster,0.722845141,arm64,200,LinUCB,774.5445749999931
1787822987.3271832,amd_faster,0.674889593,amd64,200,LinUCB,765.6591180000305
1787822987.5585241,chacha20,0.953305456,amd64,200,LinUCB,1028.1808450000085
1787822987.7286525,linpack,0.748979488,amd64,200,LinUCB,754.2779660000178
1787822987.9773004,readdisk,1.041977634,arm64,200,LinUCB,1093.991836999976
1787822988.0528834,arm_faster,0.719991541,arm64,200,LinUCB,776.4292849999492
1787822988.055137,amd_faster,0.674323154,amd64,200,LinUCB,727.4940369999854
1787822988.4721634,linpack,0.736579843,amd64,200,LinUCB,743.0197269999894
1787822988.8318172,arm_faster,0.72354782,arm64,200,LinUCB,778.4768660000054
1787822988.8361015,amd_faster,0.677860682,amd64,200,LinUCB,779.5427309999923
1787822989.002308,chacha20,1.389826079,amd64,200,LinUCB,1443.2694819999483
1787822989.0850563,readdisk,1.048726673,arm64,200,LinUCB,1107.3128589999897
1787822989.2179022,linpack,0.739809436,amd64,200,LinUCB,745.1870969999845
1787822989.6170986,amd_faster,0.670749699,amd64,200,LinUCB,780.5617729999881
1787822989.6801507,arm_faster,0.722094821,arm64,200,LinUCB,847.8222159999973
1787822989.8628948,readmemory,10.345233409,arm64,200,LinUCB,10398.024958000007
1787822989.963852,linpack,0.740717064,amd64,200,LinUCB,745.4851930000359
1787822990.1819115,readdisk,1.043363954,arm64,200,LinUCB,1096.397937000006
1787822990.3448439,amd_faster,0.673211313,amd64,200,LinUCB,727.26686499999
1787822990.456442,arm_faster,0.721783101,arm64,200,LinUCB,775.873238000031
1787822990.648488,chacha20,1.587968359,amd64,200,LinUCB,1645.5980669999803
1787822990.7192543,linpack,0.750511593,amd64,200,LinUCB,754.9768609999887
1787822990.945298,thread,11.282149353,arm64,200,LinUCB,11332.803748999993
1787822991.0697584,amd_faster,0.670205136,amd64,200,LinUCB,724.4634699999892
1787822991.2293916,arm_faster,0.719332141,arm64,200,LinUCB,772.4141859999918
1787822991.2849991,readdisk,1.042790915,arm64,200,LinUCB,1102.575349999995
1787822991.468286,linpack,0.743356877,amd64,200,LinUCB,748.6151310000082
1787822991.8064272,amd_faster,0.678996352,amd64,200,LinUCB,736.0668139999689
1787822992.000138,arm_faster,0.720648981,arm64,200,LinUCB,770.2338610000083
1787822992.125894,chacha20,1.418395373,amd64,200,LinUCB,1476.9912849999969
1787822992.2166324,linpack,0.7433557,amd64,200,LinUCB,747.8932309999777
1787822992.3880272,readdisk,1.044097394,arm64,200,LinUCB,1102.5756619999925
1787822992.530208,amd_faster,0.672175433,amd64,200,LinUCB,723.3435960000065
1787822992.7785149,arm_faster,0.724081981,arm64,200,LinUCB,777.8537269999788
1787822992.9661255,linpack,0.74426841,amd64,200,LinUCB,749.0533960000221
1787822993.1298544,chacha20,0.948376396,amd64,200,LinUCB,1003.5297109999988
1787822993.2516036,amd_faster,0.671330521,amd64,200,LinUCB,720.819941000002
1787822993.4836283,readdisk,1.041749194,arm64,200,LinUCB,1095.1548799999955
1787822993.5605817,arm_faster,0.725967301,arm64,200,LinUCB,781.6199760000018
1787822993.7085524,linpack,0.7380281,amd64,200,LinUCB,742.0806889999767
1787822993.9735782,amd_faster,0.665539343,amd64,200,LinUCB,721.5803900000424
1787822993.9799492,filehandle,38.660504412,amd64,200,LinUCB,38667.29734399996
1787822994.1426167,chacha20,0.951413902,amd64,200,LinUCB,1012.3700569999983
1787822994.3385603,arm_faster,0.721718941,arm64,200,LinUCB,777.6617430000101
1787822994.4607446,linpack,0.747326503,amd64,200,LinUCB,751.8935919999876
1787822994.5824544,readdisk,1.043661995,arm64,200,LinUCB,1098.5031440000057
1787822994.6954925,amd_faster,0.670491249,amd64,200,LinUCB,721.6042530000095
1787822995.1226776,arm_faster,0.72243842,arm64,200,LinUCB,783.8034700000094
1787822995.1386845,chacha20,0.943776031,amd64,200,LinUCB,995.7390459999829
1787822995.2197952,linpack,0.754808069,amd64,200,LinUCB,758.7601129999939
1787822995.4246173,amd_faster,0.668783606,amd64,200,LinUCB,728.8112589999969
1787822995.6799526,readdisk,1.042111274,arm64,200,LinUCB,1097.1809619999817
1787822995.8965306,arm_faster,0.722621341,arm64,200,LinUCB,773.5235970000076
1787822995.974271,linpack,0.749906389,amd64,200,LinUCB,754.1758330000334
1787822996.1491187,amd_faster,0.672184493,amd64,200,LinUCB,724.1397840000445
1787822996.1736503,chacha20,0.951940637,amd64,200,LinUCB,1034.635638999987
1787822996.6692417,arm_faster,0.72288282,arm64,200,LinUCB,772.3504440000397
1787822996.7285397,linpack,0.750011631,amd64,200,LinUCB,753.9838030000396
1787822996.7790964,readdisk,1.042192874,arm64,200,LinUCB,1098.6494730000231
1787822996.8673975,amd_faster,0.666239251,amd64,200,LinUCB,717.9318550000175
1787822997.1936235,chacha20,0.941056549,amd64,200,LinUCB,1019.6162710000181
1787822997.4435167,arm_faster,0.718944501,arm64,200,LinUCB,773.8833089999844
1787822997.474091,linpack,0.740384204,amd64,200,LinUCB,745.1413609999804
1787822997.591645,amd_faster,0.672303881,amd64,200,LinUCB,723.9041130000032
1787822997.8746762,readdisk,1.043453914,arm64,200,LinUCB,1095.201713999984
1787822998.2171657,arm_faster,0.722384901,arm64,200,LinUCB,773.1948450000345
1787822998.23228,linpack,0.736633927,amd64,200,LinUCB,757.3855059999914
1787822998.3308368,amd_faster,0.674838271,amd64,200,LinUCB,738.8049799999976
1787822998.453197,chacha20,1.2103746420000001,amd64,200,LinUCB,1259.1984690000118
1787822998.9663198,readdisk,1.041729154,arm64,200,LinUCB,1091.0046249999823
1787822998.9875917,arm_faster,0.720762141,arm64,200,LinUCB,769.7990120000213
1787822999.0007918,linpack,0.732740738,amd64,200,LinUCB,768.1582390000017
1787822999.0552907,amd_faster,0.667531806,amd64,200,LinUCB,723.9339760000121
1787822999.461433,chacha20,0.951647264,amd64,200,LinUCB,1007.856247999996
1787822999.8102078,amd_faster,0.666894592,amd64,200,LinUCB,754.4616939999855
1787822999.8178198,arm_faster,0.72232026,arm64,200,LinUCB,829.8995279999986
1787822999.8250654,linpack,0.728350516,amd64,200,LinUCB,823.8547490000201
1787823000.0784016,readdisk,1.043571034,arm64,200,LinUCB,1111.6958829999817
1787823000.2620873,readmemory,10.339886729,arm64,200,LinUCB,10398.729774000003
1787823000.466779,chacha20,0.951248915,amd64,200,LinUCB,1004.8728849999975
1787823000.5595305,amd_faster,0.687015227,amd64,200,LinUCB,748.8003679999906
1787823000.6411173,arm_faster,0.719360741,arm64,200,LinUCB,822.8127029999541
1787823000.6445084,linpack,0.721937065,amd64,200,LinUCB,818.9127029999668
1787823001.1743953,readdisk,1.045429354,arm64,200,LinUCB,1095.5718089999777
1787823001.2943017,amd_faster,0.681959157,amd64,200,LinUCB,734.3224150000083
1787823001.415926,arm_faster,0.72194282,arm64,200,LinUCB,774.3247939999947
1787823001.424861,linpack,0.730080756,amd64,200,LinUCB,779.9391949999972
1787823002.0298705,amd_faster,0.68047535,amd64,200,LinUCB,735.1129939999623
1787823002.1980903,arm_faster,0.720040101,arm64,200,LinUCB,781.6479570000183
1787823002.2061567,linpack,0.727219972,amd64,200,LinUCB,780.7192600000121
1787823002.2740178,readdisk,1.045705194,arm64,200,LinUCB,1099.1142469999886
1787823002.4030993,thread,11.401781583,arm64,200,LinUCB,11457.326887000021
1787823002.480315,chacha20,1.938253921,amd64,200,LinUCB,2013.057253999989
1787823002.762039,amd_faster,0.678533835,amd64,200,LinUCB,731.604687000015
1787823002.970627,arm_faster,0.72160994,arm64,200,LinUCB,772.063873000036
1787823002.9882078,linpack,0.738299965,amd64,200,LinUCB,781.5771479999967
1787823003.3725922,readdisk,1.044901714,arm64,200,LinUCB,1098.0588620000162
1787823003.4831772,chacha20,0.950557117,amd64,200,LinUCB,1002.3909270000217
1787823003.4914677,amd_faster,0.671568874,amd64,200,LinUCB,728.8383629999657
1787823003.744918,arm_faster,0.720747341,arm64,200,LinUCB,773.8513519999515
1787823003.752634,linpack,0.727356524,amd64,200,LinUCB,763.9389290000054
1787823004.2541385,amd_faster,0.668293421,amd64,200,LinUCB,762.2043669999812
1787823004.4763515,readdisk,1.042483275,arm64,200,LinUCB,1102.9689100000155
1787823004.4881165,chacha20,0.950978575,amd64,200,LinUCB,1004.4880559999569
1787823004.5217838,arm_faster,0.724207501,arm64,200,LinUCB,776.462381999977
1787823004.5307944,linpack,0.731947583,amd64,200,LinUCB,777.4225960000081
1787823004.9797075,amd_faster,0.672514594,amd64,200,LinUCB,725.0771120000081
1787823005.3571355,arm_faster,0.718673661,arm64,200,LinUCB,834.8411479999527
1787823005.358866,linpack,0.718187411,amd64,200,LinUCB,827.3814319999815
1787823005.5404441,chacha20,0.953688547,amd64,200,LinUCB,1052.0018290000053
1787823005.569632,readdisk,1.041017395,arm64,200,LinUCB,1092.9507289999947
1787823005.7077043,amd_faster,0.673337639,amd64,200,LinUCB,727.6382800000079
1787823006.1331754,arm_faster,0.722057181,arm64,200,LinUCB,775.6978419999996
1787823006.1402762,linpack,0.727422446,amd64,200,LinUCB,780.0527739999552
1787823006.4251707,amd_faster,0.666939729,amd64,200,LinUCB,717.0944679999707
1787823006.551462,chacha20,0.95397093,amd64,200,LinUCB,1010.5841709999481
1787823006.6967463,readdisk,1.043462714,arm64,200,LinUCB,1126.8206080000027
1787823006.9075744,arm_faster,0.718894141,arm64,200,LinUCB,773.9569139999958
1787823006.916742,linpack,0.726677328,amd64,200,LinUCB,776.0973420000141
1787823007.1616251,amd_faster,0.67847931,amd64,200,LinUCB,736.1382660000118
1787823007.5485399,chacha20,0.943063322,amd64,200,LinUCB,996.7029749999483
1787823007.67848,arm_faster,0.718892901,arm64,200,LinUCB,770.5771909999726
1787823007.6885526,linpack,0.728180169,amd64,200,LinUCB,771.4662629999793
1787823007.7947385,readdisk,1.043087914,arm64,200,LinUCB,1097.6144569999633
1787823007.8917913,amd_faster,0.672835417,amd64,200,LinUCB,729.6085410000046
1787823008.4544485,arm_faster,0.720791261,arm64,200,LinUCB,775.576846999968
1787823008.4630833,linpack,0.728584986,amd64,200,LinUCB,774.0535780000073
1787823008.5476694,chacha20,0.943969401,amd64,200,LinUCB,998.7082759999453
1787823008.6120682,amd_faster,0.670414403,amd64,200,LinUCB,719.7208079999768
1787823008.890061,readdisk,1.041317434,arm64,200,LinUCB,1094.8458980000169
1787823009.2316177,arm_faster,0.718582421,arm64,200,LinUCB,776.6369180000083
1787823009.2449067,linpack,0.730473026,amd64,200,LinUCB,781.283094999992
1787823009.328857,amd_faster,0.665104836,amd64,200,LinUCB,716.3462309999886
1787823009.5508513,chacha20,0.949694089,amd64,200,LinUCB,1002.7744409999855
1787823009.991655,readdisk,1.0423837950000001,arm64,200,LinUCB,1101.1787379999873
1787823010.0048754,arm_faster,0.7195595,arm64,200,LinUCB,772.8564300000471
1787823010.0146754,linpack,0.727714703,amd64,200,LinUCB,769.3692809999675
1787823010.0565453,amd_faster,0.670484973,amd64,200,LinUCB,727.2888279999847
1787823010.552341,chacha20,0.945069635,amd64,200,LinUCB,1000.8498249999889
1787823010.6611989,readmemory,10.340650396000001,arm64,200,LinUCB,10398.692009000002
1787823010.8122156,linpack,0.718202874,amd64,200,LinUCB,797.1995550000202
1787823010.8134737,amd_faster,0.671780209,amd64,200,LinUCB,756.6378359999817
1787823010.8149471,arm_faster,0.721809501,arm64,200,LinUCB,809.7410519999357
1787823011.0238123,primenumber,53.075237423,amd64,200,LinUCB,53212.31203000002
1787823011.0859354,readdisk,1.043142355,arm64,200,LinUCB,1093.8476949999654
1787823011.5409124,amd_faster,0.669543602,amd64,200,LinUCB,726.8266370000447
1787823011.5573163,linpack,0.740320089,amd64,200,LinUCB,744.7917439999401
1787823011.5610843,chacha20,0.94314999,amd64,200,LinUCB,1008.3752300000128
1787823011.6418216,arm_faster,0.718943901,arm64,200,LinUCB,826.238650999926
1787823012.1831973,readdisk,1.041862114,arm64,200,LinUCB,1096.858420999979
1787823012.2657838,amd_faster,0.670817118,amd64,200,LinUCB,724.3530129999272
1787823012.3386958,linpack,0.742665543,amd64,200,LinUCB,781.0538710000401
1787823012.4176755,arm_faster,0.720350181,arm64,200,LinUCB,775.4036280000491
1787823012.600293,chacha20,0.952161619,amd64,200,LinUCB,1038.8865880000822
1787823012.9975882,amd_faster,0.67288511,amd64,200,LinUCB,731.4808720000201
1787823013.0899088,linpack,0.745853328,amd64,200,LinUCB,750.892623000027
1787823013.1903925,arm_faster,0.721945741,arm64,200,LinUCB,772.220070000003
1787823013.2805157,readdisk,1.043163074,arm64,200,LinUCB,1096.9738000000007
1787823013.6085863,chacha20,0.948221062,amd64,200,LinUCB,1007.9711030000453
1787823013.7374,amd_faster,0.670245639,amd64,200,LinUCB,739.4770180000023
1787823013.8386683,linpack,0.744051615,amd64,200,LinUCB,748.2228700000633
1787823013.9515948,thread,11.496254055,arm64,200,LinUCB,11548.136972000066
1787823013.9668915,arm_faster,0.721977221,arm64,200,LinUCB,776.0894900000039
1787823014.3803337,readdisk,1.042516354,arm64,200,LinUCB,1099.4777399999975
1787823014.4678695,amd_faster,0.677070434,amd64,200,LinUCB,730.1035949999459
1787823014.5933015,linpack,0.749412572,amd64,200,LinUCB,754.0518509999856
1787823014.6202579,chacha20,0.959983236,amd64,200,LinUCB,1011.0711350000656
1787823014.793342,arm_faster,0.720149781,arm64,200,LinUCB,826.0821670000951
1787823015.1940548,amd_faster,0.671121731,amd64,200,LinUCB,725.7571749998988
1787823015.3420892,linpack,0.742496403,amd64,200,LinUCB,748.3900969999695
1787823015.478328,readdisk,1.042740075,arm64,200,LinUCB,1097.6163700000825
1787823015.5712254,arm_faster,0.720356261,arm64,200,LinUCB,777.5345200000174
1787823015.6280494,chacha20,0.952049576,amd64,200,LinUCB,1007.4161439999898
1787823015.924348,amd_faster,0.672573504,amd64,200,LinUCB,729.7587530000555
1787823016.0842433,linpack,0.737878962,amd64,200,LinUCB,741.8313089999629
1787823016.34368,arm_faster,0.722560741,arm64,200,LinUCB,772.1253839999918
1787823016.5813053,readdisk,1.043378714,arm64,200,LinUCB,1102.342019000048
1787823016.636506,chacha20,0.954008428,amd64,200,LinUCB,1007.9086069999903
1787823016.646396,amd_faster,0.669379382,amd64,200,LinUCB,721.6222409999773
1787823016.8282437,linpack,0.739749431,amd64,200,LinUCB,743.6538570000266
1787823017.1214328,arm_faster,0.726993861,arm64,200,LinUCB,777.4469910000334
1787823017.40665,amd_faster,0.665139433,amd64,200,LinUCB,759.9460290000479
1787823017.5705702,linpack,0.73785109,amd64,200,LinUCB,742.004943999973
1787823017.6433175,chacha20,0.947626414,amd64,200,LinUCB,1006.5079060000244
1787823017.685498,readdisk,1.043046834,arm64,200,LinUCB,1103.7223459999268
1787823017.8970838,arm_faster,0.721658541,arm64,200,LinUCB,775.2741959999412
1787823018.1427658,amd_faster,0.671720331,amd64,200,LinUCB,735.8100630000308
1787823018.3163397,linpack,0.7413332,amd64,200,LinUCB,745.459508999943
1787823018.6853983,arm_faster,0.719686181,arm64,200,LinUCB,787.9728090000526
1787823018.7999272,readdisk,1.044196034,arm64,200,LinUCB,1114.0751649999174
1787823018.8803058,amd_faster,0.682437057,amd64,200,LinUCB,737.179269999956
1787823019.0629458,linpack,0.742112958,amd64,200,LinUCB,746.1340090000022
1787823019.0646193,chacha20,1.364138592,amd64,200,LinUCB,1420.9893089999923
1787823019.4580224,arm_faster,0.721111261,arm64,200,LinUCB,772.189901000047
1787823019.6022558,amd_faster,0.66877237,amd64,200,LinUCB,721.5540780000538
1787823019.8143237,linpack,0.745314885,amd64,200,LinUCB,750.9227269999883
1787823019.9076009,readdisk,1.045246194,arm64,200,LinUCB,1107.2392290000153
1787823020.0668793,chacha20,0.949496553,amd64,200,LinUCB,1001.3939140000048
1787823020.2393432,arm_faster,0.7202609,arm64,200,LinUCB,780.9210330000269
1787823020.331666,amd_faster,0.674203233,amd64,200,LinUCB,728.8998909999691
1787823020.5645363,linpack,0.744991084,amd64,200,LinUCB,749.615917999904
1787823021.0135856,arm_faster,0.722804021,arm64,200,LinUCB,773.8959199999726
1787823021.0167446,readdisk,1.045245515,arm64,200,LinUCB,1108.8269139999056
1787823021.0493946,amd_faster,0.664517798,amd64,200,LinUCB,717.3943880000024
1787823021.074594,chacha20,0.948752121,amd64,200,LinUCB,1007.3042429999077
1787823021.129345,readmemory,10.347610643,arm64,200,LinUCB,10467.824878000101
1787823021.3210723,linpack,0.751780302,amd64,200,LinUCB,756.0769130000153
1787823021.790042,arm_faster,0.721691341,arm64,200,LinUCB,776.0433089999879
1787823021.8367958,amd_faster,0.665197339,amd64,200,LinUCB,787.0559909999884
1787823022.070927,linpack,0.74528552,amd64,200,LinUCB,749.4667650000792
1787823022.1619525,chacha20,0.943673521,amd64,200,LinUCB,1086.9878610000114
1787823022.1714451,readdisk,1.046109554,arm64,200,LinUCB,1154.307815999914
1787823022.565905,arm_faster,0.72320402,arm64,200,LinUCB,775.3217929999892
1787823022.5862734,amd_faster,0.68130234,amd64,200,LinUCB,749.0590920000386
1787823022.8226926,linpack,0.746398217,amd64,200,LinUCB,751.3093750000053
1787823023.1646533,chacha20,0.950017712,amd64,200,LinUCB,1002.2568819999833
1787823023.3106418,readdisk,1.042527597,arm64,200,LinUCB,1138.760325000021
1787823023.3493168,arm_faster,0.719014864,arm64,200,LinUCB,782.9859109999688
1787823023.350872,amd_faster,0.670073581,amd64,200,LinUCB,764.2263619999312
1787823023.569582,linpack,0.742054437,amd64,200,LinUCB,746.5024599999879
1787823024.1422393,arm_faster,0.719036066,arm64,200,LinUCB,792.3400759999595
1787823024.149332,amd_faster,0.676348509,amd64,200,LinUCB,797.5689080000166
1787823024.3142624,linpack,0.738936973,amd64,200,LinUCB,744.246938999936
1787823024.4146173,readdisk,1.042394682,arm64,200,LinUCB,1103.5726940000359
1787823024.9142368,arm_faster,0.719055747,arm64,200,LinUCB,771.5081659999896
1787823024.9252083,amd_faster,0.679345487,amd64,200,LinUCB,775.2787340000395
1787823025.0337343,filehandle,31.005821472,arm64,200,LinUCB,31053.424347999964
1787823025.0659018,linpack,0.747248388,amd64,200,LinUCB,751.2697650000746
1787823025.166459,chacha20,1.9454183870000001,amd64,200,LinUCB,2001.3298139999733
1787823025.2804518,thread,11.190953138,arm64,200,LinUCB,11328.201241999977
1787823025.5099254,readdisk,1.041901642,arm64,200,LinUCB,1094.9347060000036
1787823025.6807938,amd_faster,0.666794548,amd64,200,LinUCB,755.2785230000154
1787823025.686355,arm_faster,0.719803706,arm64,200,LinUCB,771.6278410000541
1787823025.8107715,linpack,0.740372387,amd64,200,LinUCB,744.477808000056
1787823026.1718664,chacha20,0.952862141,amd64,200,LinUCB,1004.867580999985
1787823026.4070194,amd_faster,0.674275629,amd64,200,LinUCB,725.7595909999282
1787823026.505456,arm_faster,0.718852067,arm64,200,LinUCB,818.58656899999
1787823026.5628564,linpack,0.746782608,amd64,200,LinUCB,751.7260619999888
1787823026.6068778,readdisk,1.042611082,arm64,200,LinUCB,1096.3306200000034
1787823027.1304893,amd_faster,0.665284452,amd64,200,LinUCB,723.0318900000157
1787823027.1725678,chacha20,0.944216761,amd64,200,LinUCB,999.9685960000306
1787823027.2777982,arm_faster,0.718725226,arm64,200,LinUCB,771.8797439999889
1787823027.3137994,linpack,0.74422633,amd64,200,LinUCB,750.382873000035
1787823027.6710956,primenumber,16.528923816,arm64,200,LinUCB,16646.841675999895
1787823027.7068288,readdisk,1.043406482,arm64,200,LinUCB,1099.506660999964
1787823027.8510501,amd_faster,0.667485654,amd64,200,LinUCB,720.092465000107
1787823028.0559542,arm_faster,0.721174546,arm64,200,LinUCB,777.6553610000292
1787823028.0729945,linpack,0.736520824,amd64,200,LinUCB,758.540647000018
1787823028.1875224,chacha20,0.9530847,amd64,200,LinUCB,1014.4893890000048
1787823028.5954273,amd_faster,0.67869104,amd64,200,LinUCB,743.9927180000723
1787823028.8204124,readdisk,1.041503042,arm64,200,LinUCB,1113.1543569999849
1787823028.8282254,arm_faster,0.720058506,arm64,200,LinUCB,771.8049349999774
1787823028.8400583,linpack,0.730022726,amd64,200,LinUCB,766.5785689999893
1787823029.1923645,chacha20,0.948672442,amd64,200,LinUCB,1004.1868999999224
1787823029.3272948,amd_faster,0.675230496,amd64,200,LinUCB,731.4687830000821
1787823029.647387,arm_faster,0.721288226,arm64,200,LinUCB,818.772377000073
1787823029.6499088,linpack,0.721581183,amd64,200,LinUCB,809.4498489999751
1787823029.915994,readdisk,1.040456082,arm64,200,LinUCB,1095.068000000083
1787823030.0547538,amd_faster,0.664749284,amd64,200,LinUCB,727.0396900000833
1787823030.195608,chacha20,0.94881033,amd64,200,LinUCB,1002.699634999999
1787823030.4323044,linpack,0.716012154,amd64,200,LinUCB,781.2904560000788
1787823030.4356253,arm_faster,0.720897466,arm64,200,LinUCB,787.8328430000465
1787823030.7797012,amd_faster,0.67298938,amd64,200,LinUCB,724.556280999991
1787823031.0167718,readdisk,1.044777642,arm64,200,LinUCB,1100.3068840000196
1787823031.1746802,linpack,0.737727408,amd64,200,LinUCB,741.8960439999864
1787823031.2016592,chacha20,0.954153523,amd64,200,LinUCB,1005.6569690000288
1787823031.2100983,arm_faster,0.720521186,arm64,200,LinUCB,774.0705339999749
1787823031.5151134,amd_faster,0.682600098,amd64,200,LinUCB,735.0502000000461
1787823031.6200387,readmemory,10.343626484,arm64,200,LinUCB,10490.262091999966
1787823031.9177535,linpack,0.737702164,amd64,200,LinUCB,742.6495710000154
1787823032.0284157,arm_faster,0.721445586,arm64,200,LinUCB,817.9278880000993
1787823032.1103623,readdisk,1.041237402,arm64,200,LinUCB,1093.1025129999625
1787823032.1982307,chacha20,0.942164245,amd64,200,LinUCB,996.0468300000684
1787823032.2437923,amd_faster,0.672860299,amd64,200,LinUCB,728.2886539999254
1787823032.684816,linpack,0.762131236,amd64,200,LinUCB,766.4616299999807
1787823032.8014588,arm_faster,0.721192146,arm64,200,LinUCB,772.7032599999575
1787823032.9843323,amd_faster,0.673213521,amd64,200,LinUCB,740.223879000041
1787823033.2085063,chacha20,0.953982323,amd64,200,LinUCB,1009.9325630000067
1787823033.2139387,readdisk,1.043117602,arm64,200,LinUCB,1103.2722129999684
1787823033.4268012,linpack,0.73741955,amd64,200,LinUCB,741.5898599999764
1787823033.580173,arm_faster,0.723900226,arm64,200,LinUCB,778.3290390000275
1787823033.7141535,amd_faster,0.674683278,amd64,200,LinUCB,729.4438789999731
1787823034.1794486,linpack,0.747306058,amd64,200,LinUCB,752.3036579999598
1787823034.2164764,chacha20,0.951730747,amd64,200,LinUCB,1007.6510389999385
1787823034.3559577,readdisk,1.040460082,arm64,200,LinUCB,1141.635296000004
1787823034.358574,arm_faster,0.718954786,arm64,200,LinUCB,777.7646359999153
1787823034.443089,amd_faster,0.677708039,amd64,200,LinUCB,728.5462229999666
1787823034.9298992,linpack,0.745741444,amd64,200,LinUCB,750.1199839999799
1787823035.1792808,arm_faster,0.719178026,arm64,200,LinUCB,820.3298230000655
1787823035.1881738,amd_faster,0.669656521,amd64,200,LinUCB,744.6521629999552
1787823035.213021,chacha20,0.942783043,amd64,200,LinUCB,996.1499199999935
1787823035.451671,readdisk,1.041380563,arm64,200,LinUCB,1095.282721999979
1787823035.6884382,linpack,0.753783197,amd64,200,LinUCB,758.0752560000974
1787823035.9511273,arm_faster,0.718629706,arm64,200,LinUCB,771.3644379999778
1787823035.9552548,amd_faster,0.672007202,amd64,200,LinUCB,766.6743800000404
1787823036.2873304,chacha20,0.954391458,amd64,200,LinUCB,1073.9150089999612
1787823036.4442897,linpack,0.751267404,amd64,200,LinUCB,755.3130290000354
1787823036.5545025,readdisk,1.042754682,arm64,200,LinUCB,1102.2259779999786
1787823036.610527,thread,11.268343758,arm64,200,LinUCB,11329.71583099993
1787823036.727807,arm_faster,0.721833666,arm64,200,LinUCB,776.3436879999972
1787823036.7333813,amd_faster,0.679221716,amd64,200,LinUCB,777.7500419999797
1787823037.1917303,linpack,0.741876678,amd64,200,LinUCB,747.0632560000467
1787823037.2914183,chacha20,0.949773849,amd64,200,LinUCB,1003.6531449999302
1787823037.4996178,arm_faster,0.719186107,arm64,200,LinUCB,771.2397760000158
1787823037.5153224,amd_faster,0.676424988,amd64,200,LinUCB,781.5725800001019
1787823037.6486225,readdisk,1.041961363,arm64,200,LinUCB,1093.7748790000796
1787823037.9435697,linpack,0.746350445,amd64,200,LinUCB,751.3373780000165
1787823038.2795894,arm_faster,0.726332225,arm64,200,LinUCB,779.5542110000042
1787823038.2845776,amd_faster,0.674067478,amd64,200,LinUCB,768.8341429999355
1787823038.2946122,chacha20,0.951401293,amd64,200,LinUCB,1002.7534790000345
1787823038.6921835,linpack,0.742596322,amd64,200,LinUCB,748.1770659999256
1787823038.7534776,readdisk,1.045589922,arm64,200,LinUCB,1104.4356590000461
1787823039.049876,amd_faster,0.667990392,amd64,200,LinUCB,764.8732779999818
1787823039.0517273,arm_faster,0.719712346,arm64,200,LinUCB,771.7129980001118
1787823039.3920088,chacha20,0.953720095,amd64,200,LinUCB,1096.9383740000467
1787823039.440304,linpack,0.743214275,amd64,200,LinUCB,747.7205300000378
1787823039.7822223,amd_faster,0.67254907,amd64,200,LinUCB,731.882507000023
1787823039.849422,readdisk,1.042617042,arm64,200,LinUCB,1095.506759999921
1787823039.8796961,arm_faster,0.722054546,arm64,200,LinUCB,827.0410229999925
1787823040.193134,linpack,0.747331787,amd64,200,LinUCB,752.3779309999554
1787823040.3920557,chacha20,0.94787171,amd64,200,LinUCB,999.6150790000229
1787823040.5020459,amd_faster,0.66717445,amd64,200,LinUCB,719.3371389998902
1787823040.6849027,arm_faster,0.720402146,arm64,200,LinUCB,804.7567639999897
1787823040.9351373,linpack,0.736956578,amd64,200,LinUCB,741.5267549999953
1787823040.9540548,readdisk,1.042564442,arm64,200,LinUCB,1104.2126890000645
1787823041.2254565,amd_faster,0.671361157,amd64,200,LinUCB,722.9780650000066
1787823041.398852,chacha20,0.955378297,amd64,200,LinUCB,1006.3970979999795
1787823041.4630132,arm_faster,0.723143106,arm64,200,LinUCB,777.6319839999815
1787823041.683216,linpack,0.743531952,amd64,200,LinUCB,747.616490999917
1787823041.9530518,amd_faster,0.672753164,amd64,200,LinUCB,727.1408950000477
1787823042.0120056,readmemory,10.334974765,arm64,200,LinUCB,10391.371265999966
1787823042.050755,readdisk,1.043798282,arm64,200,LinUCB,1096.2700830000358
1787823042.239353,arm_faster,0.720906426,arm64,200,LinUCB,775.5359889999909
1787823042.4394388,linpack,0.751511613,amd64,200,LinUCB,755.8557980000842
1787823042.4817648,chacha20,1.029242944,amd64,200,LinUCB,1082.5352939999675
1787823042.6813493,amd_faster,0.674165828,amd64,200,LinUCB,727.8420559999859
1787823043.0138361,arm_faster,0.721794746,arm64,200,LinUCB,774.0461630000937
1787823043.1653278,readdisk,1.042037043,arm64,200,LinUCB,1114.1789560000461
1787823043.1920567,linpack,0.748039192,amd64,200,LinUCB,752.2408429999814
1787823043.4031336,amd_faster,0.670850002,amd64,200,LinUCB,721.4147610000055
1787823043.5668678,chacha20,1.028592689,amd64,200,LinUCB,1084.7971609999831
1787823043.8066683,arm_faster,0.740325785,arm64,200,LinUCB,792.4533220000285
1787823043.9852028,linpack,0.760422931,amd64,200,LinUCB,792.7970310000774
1787823044.1434536,amd_faster,0.676957757,amd64,200,LinUCB,739.9334550000276
1787823044.2630155,primenumber,16.535522456,arm64,200,LinUCB,16591.514682000023
1787823044.3563814,readdisk,1.045465362,arm64,200,LinUCB,1190.7490610000195
1787823044.5928507,arm_faster,0.722054266,arm64,200,LinUCB,785.891257000003
1787823044.6876483,chacha20,1.066799232,amd64,200,LinUCB,1120.444781999936
1787823044.7388523,linpack,0.749783581,amd64,200,LinUCB,753.3652810000149
1787823044.873257,amd_faster,0.677818352,amd64,200,LinUCB,729.4703009999921
1787823045.3721025,arm_faster,0.718570187,arm64,200,LinUCB,778.593796999985
1787823045.4488075,readdisk,1.042510562,arm64,200,LinUCB,1092.1263259999705
1787823045.4963572,linpack,0.747940009,amd64,200,LinUCB,757.1451590000606
1787823045.5957828,amd_faster,0.671358434,amd64,200,LinUCB,722.2317140000314
1787823045.701798,chacha20,0.955046405,amd64,200,LinUCB,1013.8358799999878
1787823046.1433055,arm_faster,0.721300746,arm64,200,LinUCB,770.8464170000298
1787823046.257323,linpack,0.746613824,amd64,200,LinUCB,760.6228150000334
1787823046.3383763,amd_faster,0.673056415,amd64,200,LinUCB,742.232166000008
1787823046.5513227,readdisk,1.041580323,arm64,200,LinUCB,1102.1332749999146
1787823046.931288,arm_faster,0.735312985,arm64,200,LinUCB,787.5839849999693
1787823047.0090241,linpack,0.74702782,amd64,200,LinUCB,751.2983200000463
1787823047.0638351,amd_faster,0.674791221,amd64,200,LinUCB,725.0314610000714
1787823047.3458552,chacha20,1.59267241,amd64,200,LinUCB,1643.66538999991
1787823047.6524265,readdisk,1.042280242,arm64,200,LinUCB,1100.7306679999829
1787823047.7032688,arm_faster,0.719684187,arm64,200,LinUCB,771.6253799999322
1787823047.756131,linpack,0.741527145,amd64,200,LinUCB,746.6400970000677
1787823047.7897828,amd_faster,0.672159528,amd64,200,LinUCB,725.5806829999756
1787823048.1224587,thread,11.460269824,arm64,200,LinUCB,11511.570772000028
1787823048.4748964,arm_faster,0.721811586,arm64,200,LinUCB,771.2227399999847
1787823048.5115893,linpack,0.751187127,amd64,200,LinUCB,755.1284029999579
1787823048.5231736,amd_faster,0.675078446,amd64,200,LinUCB,732.8105190000542
1787823048.7530086,readdisk,1.047922881,arm64,200,LinUCB,1100.1885680000214
1787823048.9650545,chacha20,1.566886669,amd64,200,LinUCB,1618.687915999999
1787823049.2521417,amd_faster,0.6770557,amd64,200,LinUCB,728.5237779999534
1787823049.2540343,arm_faster,0.727107826,arm64,200,LinUCB,778.7085890000753
1787823049.3092532,linpack,0.733393936,amd64,200,LinUCB,797.1527079999987
1787823049.848811,readdisk,1.042816442,arm64,200,LinUCB,1095.4085289999966
1787823049.9813464,amd_faster,0.673204028,amd64,200,LinUCB,728.6802329999773
1787823049.985177,chacha20,0.947831941,amd64,200,LinUCB,1019.6059500000274
1787823050.0863,arm_faster,0.724564186,arm64,200,LinUCB,831.4518629999839
1787823050.0962167,linpack,0.733599078,amd64,200,LinUCB,786.4885180000556
1787823050.7079217,amd_faster,0.668584118,amd64,200,LinUCB,726.2294280000106
1787823050.8727932,arm_faster,0.721652586,arm64,200,LinUCB,786.1060070000576
1787823050.8809967,linpack,0.729056426,amd64,200,LinUCB,784.3905419999828
1787823050.957532,readdisk,1.043263562,arm64,200,LinUCB,1108.3300909999707
1787823051.033021,chacha20,0.948157953,amd64,200,LinUCB,1047.4697440000682
1787823051.4547908,amd_faster,0.679264167,amd64,200,LinUCB,746.4131159999852
1787823051.6476402,arm_faster,0.724273186,arm64,200,LinUCB,774.4746559999385
1787823051.6573164,linpack,0.732867393,amd64,200,LinUCB,775.98355300006
1787823052.0298095,chacha20,0.943085088,amd64,200,LinUCB,996.2132750000592
1787823052.0628512,readdisk,1.043294642,arm64,200,LinUCB,1104.94590899998
1787823052.1783073,amd_faster,0.668726022,amd64,200,LinUCB,723.155184999996
1787823052.3995767,readmemory,10.330590765,arm64,200,LinUCB,10387.18127100003
1787823052.4231918,arm_faster,0.723208226,arm64,200,LinUCB,775.034468000058
1787823052.4244084,linpack,0.721990037,amd64,200,LinUCB,766.7177020000508
1787823052.903802,amd_faster,0.673867349,amd64,200,LinUCB,725.0988700000107
1787823053.1785836,readdisk,1.043231962,arm64,200,LinUCB,1115.110775000062
1787823053.2333753,linpack,0.719109211,amd64,200,LinUCB,808.2661209999742
1787823053.2348833,arm_faster,0.721708386,arm64,200,LinUCB,811.3857229999439
1787823053.6401315,amd_faster,0.682126683,amd64,200,LinUCB,735.7162700000117
1787823053.9223993,chacha20,1.841985898,amd64,200,LinUCB,1892.170270000065
1787823053.9857872,linpack,0.746971787,amd64,200,LinUCB,752.0527750000383
1787823054.008213,arm_faster,0.722442506,arm64,200,LinUCB,772.5144029999456
1787823054.2734034,readdisk,1.042147882,arm64,200,LinUCB,1094.3730480000795
1787823054.3641312,amd_faster,0.672819984,amd64,200,LinUCB,723.2535750000579
1787823054.7354794,linpack,0.745591902,amd64,200,LinUCB,749.387425000009
1787823054.7890785,arm_faster,0.723317946,arm64,200,LinUCB,780.3623240000661
1787823055.0920298,amd_faster,0.675674656,amd64,200,LinUCB,727.4748199999976
1787823055.3693058,readdisk,1.042591842,arm64,200,LinUCB,1095.3412789999675
1787823055.4240873,chacha20,1.4527571369999999,amd64,200,LinUCB,1501.1202870000488
1787823055.4798372,linpack,0.740149259,amd64,200,LinUCB,743.9465879999716
1787823055.563343,arm_faster,0.724431026,arm64,200,LinUCB,773.9327719999665
1787823055.8125963,amd_faster,0.667940848,amd64,200,LinUCB,720.2300620000415
1787823056.2223034,linpack,0.738066852,amd64,200,LinUCB,742.0123619999686
1787823056.3343122,arm_faster,0.720788066,arm64,200,LinUCB,770.6161279999151
1787823056.4304545,chacha20,0.949285128,amd64,200,LinUCB,1006.0402709999607
1787823056.4698699,readdisk,1.041855642,arm64,200,LinUCB,1100.2048710000736
1787823056.5338016,amd_faster,0.670866933,amd64,200,LinUCB,720.9184420000838
1787823056.9726255,linpack,0.744879953,amd64,200,LinUCB,749.868638999942
1787823057.1096175,arm_faster,0.718938426,arm64,200,LinUCB,774.9447259999442
1787823057.2678478,amd_faster,0.663900268,amd64,200,LinUCB,733.6586079999279
1787823057.568089,chacha20,1.003662016,arm64,200,LinUCB,1137.2456230000125
1787823057.5836098,readdisk,1.040071402,arm64,200,LinUCB,1113.3614679999937
1787823057.7126465,linpack,0.735405767,amd64,200,LinUCB,739.6256680000306
1787823057.8991823,arm_faster,0.722932466,arm64,200,LinUCB,789.1668249999384
1787823057.9898105,amd_faster,0.667360163,amd64,200,LinUCB,721.567852000021
1787823058.460937,linpack,0.74342884,amd64,200,LinUCB,747.9922579999538
1787823058.571695,chacha20,0.944980512,amd64,200,LinUCB,1003.2259370000247
1787823058.6744564,arm_faster,0.718993746,arm64,200,LinUCB,774.9416289999544
1787823058.7192924,readdisk,1.042285722,arm64,200,LinUCB,1135.1060219999454
1787823058.7249396,amd_faster,0.670454866,amd64,200,LinUCB,734.7663900000043
1787823059.2123551,linpack,0.746884875,amd64,200,LinUCB,750.9949649999044
1787823059.3814428,thread,11.201660684,arm64,200,LinUCB,11258.620419999943
1787823059.4517941,arm_faster,0.722083026,arm64,200,LinUCB,776.9283579999637
1787823059.5008562,amd_faster,0.666608636,amd64,200,LinUCB,775.4905389999749
1787823059.5742838,chacha20,0.950124608,amd64,200,LinUCB,1002.2163329999785
1787823059.8218768,readdisk,1.042604002,arm64,200,LinUCB,1102.1537119999039
1787823059.958016,linpack,0.740308487,amd64,200,LinUCB,745.151453999938
1787823060.2254064,arm_faster,0.718318507,arm64,200,LinUCB,773.1172320000042
1787823060.2370605,amd_faster,0.684014502,amd64,200,LinUCB,735.7280600000422
1787823060.304398,filehandle,35.264616848,amd64,200,LinUCB,35270.33514300001
1787823060.7030456,linpack,0.73988326,amd64,200,LinUCB,744.5818630000076
1787823060.8699515,primenumber,16.554224854,arm64,200,LinUCB,16606.58183500004
1787823060.9146044,readdisk,1.041578882,arm64,200,LinUCB,1092.3115299999608
1787823060.9998326,arm_faster,0.722467586,arm64,200,LinUCB,773.9198059999808
1787823061.0021732,amd_faster,0.675134843,amd64,200,LinUCB,764.7201890000588
1787823061.4496782,linpack,0.741135925,amd64,200,LinUCB,746.2161639999749
1787823061.5831857,chacha20,1.9452776269999998,amd64,200,LinUCB,2008.4533839999494
1787823061.7777805,arm_faster,0.719907827,arm64,200,LinUCB,777.5487010000006
1787823061.7870152,amd_faster,0.682555886,amd64,200,LinUCB,784.4811520000121
1787823062.0248911,readdisk,1.041971242,arm64,200,LinUCB,1109.9308700000847
1787823062.1998465,linpack,0.745528904,amd64,200,LinUCB,749.7585240000717
1787823062.561875,amd_faster,0.670017404,amd64,200,LinUCB,774.445763000017
1787823062.5682712,arm_faster,0.724627826,arm64,200,LinUCB,790.1297170000134
1787823062.654714,chacha20,0.953255442,amd64,200,LinUCB,1071.138790999953
1787823062.9531372,linpack,0.748845544,amd64,200,LinUCB,752.8175590000501
1787823063.130892,readdisk,1.045141202,arm64,200,LinUCB,1105.556346999947
1787823063.2791533,amd_faster,0.665547425,amd64,200,LinUCB,716.8163780000896
1787823063.3832836,arm_faster,0.721333706,arm64,200,LinUCB,814.3735400000196
1787823063.7041473,linpack,0.745771899,amd64,200,LinUCB,750.570778999986
1787823064.007515,chacha20,1.2971414430000001,amd64,200,LinUCB,1352.3029700000961
1787823064.0131428,amd_faster,0.672605652,amd64,200,LinUCB,733.5099119999313
1787823064.1561646,arm_faster,0.722637706,arm64,200,LinUCB,772.3414619999858
1787823064.2278879,readdisk,1.041559363,arm64,200,LinUCB,1096.5535450000061
1787823064.448933,linpack,0.7393119,amd64,200,LinUCB,744.334632999994
1787823064.6598873,readmemory,12.139474569,amd64,200,LinUCB,12259.959716999902
1787823064.7787375,amd_faster,0.670104594,amd64,200,LinUCB,765.1760840000179
1787823064.9270844,arm_faster,0.720783786,arm64,200,LinUCB,770.3346949999741
1787823065.198557,linpack,0.744478581,amd64,200,LinUCB,749.0238679999948
1787823065.3248894,readdisk,1.041703562,arm64,200,LinUCB,1096.5431639999679
1787823065.5227642,amd_faster,0.680437412,amd64,200,LinUCB,743.5926949999612
1787823065.7077792,arm_faster,0.728789745,arm64,200,LinUCB,779.8967109999921
1787823065.8099105,chacha20,1.752888453,amd64,200,LinUCB,1801.9761410000683
1787823065.9445512,linpack,0.740837059,amd64,200,LinUCB,745.212193000043
1787823066.253208,amd_faster,0.671932622,amd64,200,LinUCB,730.0474329999815
1787823066.4166312,readdisk,1.041241882,arm64,200,LinUCB,1091.3398590000725
1787823066.4878714,arm_faster,0.722789946,arm64,200,LinUCB,779.6858229999089
1787823066.6894631,linpack,0.740105223,amd64,200,LinUCB,744.6120230000588
1787823066.8112466,chacha20,0.947144038,amd64,200,LinUCB,1000.8765100000119
1787823066.9784946,amd_faster,0.67179042,amd64,200,LinUCB,724.8846829999138
1787823067.2635062,arm_faster,0.719962546,arm64,200,LinUCB,775.2084229999809
1787823067.4365685,linpack,0.742061402,amd64,200,LinUCB,746.7538810000178
1787823067.5123968,readdisk,1.041442722,arm64,200,LinUCB,1095.3863469999305
1787823067.7066963,amd_faster,0.663657425,amd64,200,LinUCB,727.7168790000133
1787823067.8208158,chacha20,0.956726527,amd64,200,LinUCB,1009.1603350000469
1787823068.0381472,arm_faster,0.720313786,arm64,200,LinUCB,774.0676849999772
1787823068.1794314,linpack,0.737798641,amd64,200,LinUCB,742.3871099999815
1787823068.4515848,amd_faster,0.688507319,amd64,200,LinUCB,744.49330799996
1787823068.6061714,readdisk,1.041847922,arm64,200,LinUCB,1093.2982379999885
1787823068.8233113,arm_faster,0.721011867,arm64,200,LinUCB,784.7221239999271
1787823068.9218426,linpack,0.737336775,amd64,200,LinUCB,741.8082670000103
1787823069.1828003,amd_faster,0.673997074,amd64,200,LinUCB,730.777847000013
1787823069.5992537,arm_faster,0.721977987,arm64,200,LinUCB,775.5435110000235
1787823069.6669035,linpack,0.740111998,amd64,200,LinUCB,744.6389330000329
1787823069.7130766,readdisk,1.041707922,arm64,200,LinUCB,1106.475193999927
1787823069.855941,chacha20,1.967797738,amd64,200,LinUCB,2034.680819000073
1787823069.9244716,amd_faster,0.68617567,amd64,200,LinUCB,740.8598560000428
1787823070.3764877,arm_faster,0.724626346,arm64,200,LinUCB,776.6490200000362
1787823070.4149218,linpack,0.743110063,amd64,200,LinUCB,747.5634520000085
1787823070.6721387,amd_faster,0.670072345,amd64,200,LinUCB,747.2442670000419
1787823070.6978652,thread,11.261946799,arm64,200,LinUCB,11315.984189999996
1787823070.8119454,readdisk,1.043270442,arm64,200,LinUCB,1098.3851800000366
1787823070.8764462,chacha20,0.95389841,amd64,200,LinUCB,1020.0585289999253
1787823071.1494803,arm_faster,0.722346226,arm64,200,LinUCB,772.4968899999567
1787823071.1661239,linpack,0.738446423,amd64,200,LinUCB,750.5524020000394
1787823071.3925173,amd_faster,0.668512832,amd64,200,LinUCB,719.9118309999903
1787823071.8966534,chacha20,0.957930261,amd64,200,LinUCB,1019.6732800000063
1787823071.9099445,readdisk,1.041329322,arm64,200,LinUCB,1097.551357000043
1787823071.927483,arm_faster,0.720743946,arm64,200,LinUCB,777.5679630000241
1787823071.9357007,linpack,0.72811044,amd64,200,LinUCB,769.1132659999766
1787823072.128835,amd_faster,0.68422289,amd64,200,LinUCB,735.8653080000295
1787823072.770079,linpack,0.71620294,amd64,200,LinUCB,833.9469299999109
1787823072.7729902,arm_faster,0.720757827,arm64,200,LinUCB,844.9535989999504
1787823072.873612,amd_faster,0.686069048,amd64,200,LinUCB,744.3008029999874
1787823073.0461254,readdisk,1.040525202,arm64,200,LinUCB,1135.6742049999866
1787823073.5169277,linpack,0.742358863,amd64,200,LinUCB,746.3421940000217
1787823073.5384948,arm_faster,0.716352866,arm64,200,LinUCB,765.1607349999949
1787823073.6036808,amd_faster,0.676394393,amd64,200,LinUCB,729.6906620000527
1787823073.910848,chacha20,1.962061219,amd64,200,LinUCB,2013.805662999971
1787823074.1417928,readdisk,1.039972082,arm64,200,LinUCB,1095.0829910000266
1787823074.2684348,linpack,0.747436153,amd64,200,LinUCB,751.1368199999424
1787823074.3106563,arm_faster,0.721337146,arm64,200,LinUCB,771.8596869999601
1787823074.330379,amd_faster,0.67729136,amd64,200,LinUCB,726.2939529999812
1787823074.9141994,chacha20,0.945316772,amd64,200,LinUCB,1002.6057779999746
1787823075.017382,linpack,0.744293209,amd64,200,LinUCB,748.6001800000395
1787823075.0828812,readmemory,10.345375456,arm64,200,LinUCB,10422.589264000067
1787823075.0848634,amd_faster,0.672181171,amd64,200,LinUCB,754.1492110000263
1787823075.0869892,arm_faster,0.721306306,arm64,200,LinUCB,776.0162179999952
1787823075.2374904,readdisk,1.041287483,arm64,200,LinUCB,1095.2119419999917
1787823075.7582743,linpack,0.736265681,amd64,200,LinUCB,740.3609399999596
1787823075.8661115,amd_faster,0.671379656,amd64,200,LinUCB,780.3803639999387
1787823075.917141,chacha20,0.946698708,amd64,200,LinUCB,1002.5592990000405
1787823075.965495,arm_faster,0.717613666,arm64,200,LinUCB,877.6896370000031
1787823076.338635,readdisk,1.039839402,arm64,200,LinUCB,1100.7543770000439
1787823076.4986029,linpack,0.736110259,amd64,200,LinUCB,739.9915180000107
1787823076.589546,amd_faster,0.669325779,amd64,200,LinUCB,723.0779279999524
1787823076.7457058,arm_faster,0.720963666,arm64,200,LinUCB,779.88455600007
1787823077.2506862,linpack,0.746421777,amd64,200,LinUCB,751.5707620000285
1787823077.316995,amd_faster,0.674025117,amd64,200,LinUCB,726.9969230000015
1787823077.433899,readdisk,1.040366283,arm64,200,LinUCB,1094.8025339999958
1787823077.5015736,primenumber,16.566091398,arm64,200,LinUCB,16631.182345999947
1787823077.5193331,arm_faster,0.722800986,arm64,200,LinUCB,773.1592330000012
1787823077.9438953,chacha20,1.966411439,amd64,200,LinUCB,2026.399850999951
1787823078.0133102,linpack,0.75768549,amd64,200,LinUCB,762.195338999959
1787823078.054842,amd_faster,0.679807285,amd64,200,LinUCB,737.2292589999461
1787823078.3417184,arm_faster,0.721098546,arm64,200,LinUCB,821.9422170000144
1787823078.5282931,readdisk,1.039867923,arm64,200,LinUCB,1093.7885330000654
1787823078.7681885,linpack,0.74950999,amd64,200,LinUCB,754.3840410000939
1787823078.7708907,amd_faster,0.665209426,amd64,200,LinUCB,715.5464649999885
1787823078.9478781,chacha20,0.9484301,amd64,200,LinUCB,1003.4046920000037
1787823079.1127777,arm_faster,0.720824506,arm64,200,LinUCB,770.6051729999217
1787823079.4908116,amd_faster,0.669125417,amd64,200,LinUCB,719.5830790000173
1787823079.5175433,linpack,0.744961823,amd64,200,LinUCB,748.9475669999592
1787823079.622262,readdisk,1.040913002,arm64,200,LinUCB,1093.596041000069
1787823079.8861039,arm_faster,0.721207186,arm64,200,LinUCB,772.9051769999842
1787823079.964323,chacha20,0.948062615,amd64,200,LinUCB,1016.0497360000136
1787823080.2260957,amd_faster,0.68108702,amd64,200,LinUCB,734.8802779999914
1787823080.280288,linpack,0.734177193,amd64,200,LinUCB,762.3594310000499
1787823080.6601915,arm_faster,0.721507147,arm64,200,LinUCB,773.7809520000383
1787823080.72344,readdisk,1.041612402,arm64,200,LinUCB,1100.8236469999702
1787823080.9625244,amd_faster,0.681517312,amd64,200,LinUCB,736.1024780000207
1787823081.0422966,linpack,0.75701325,amd64,200,LinUCB,761.5985099999989
1787823081.4346647,arm_faster,0.720476826,arm64,200,LinUCB,774.1229399999838
1787823081.6890378,amd_faster,0.672740688,amd64,200,LinUCB,726.1546659999567
1787823081.7966216,linpack,0.748539541,amd64,200,LinUCB,753.9446370000178
1787823081.8159335,readdisk,1.041335842,arm64,200,LinUCB,1092.1180489999642
1787823081.9870293,chacha20,1.968762773,amd64,200,LinUCB,2022.329875999958
1787823082.2093465,arm_faster,0.721323106,arm64,200,LinUCB,774.2482700000437
1787823082.4213495,amd_faster,0.678789726,amd64,200,LinUCB,731.8689989999712
1787823082.5465815,linpack,0.745135147,amd64,200,LinUCB,749.5092569999997
1787823082.9086905,readdisk,1.041554763,arm64,200,LinUCB,1092.3364880000008
1787823082.9834113,chacha20,0.946272105,amd64,200,LinUCB,995.8297470000161
1787823082.986661,arm_faster,0.721471786,arm64,200,LinUCB,776.8993959999762
1787823083.151024,amd_faster,0.671563575,amd64,200,LinUCB,729.2284419999078
1787823083.2928298,linpack,0.741614059,amd64,200,LinUCB,745.8693349999521
1787823083.8024406,arm_faster,0.720905186,arm64,200,LinUCB,815.391026000043
1787823083.8750184,amd_faster,0.66708454,amd64,200,LinUCB,723.4545830000343
1787823083.9904346,chacha20,0.955065461,amd64,200,LinUCB,1006.5496680000479
1787823084.0048542,readdisk,1.039768043,arm64,200,LinUCB,1095.709544999977
1787823084.0416377,linpack,0.74418828,amd64,200,LinUCB,748.4471930000609
1787823084.5787868,arm_faster,0.720677506,arm64,200,LinUCB,776.0144630000241
1787823084.5985174,thread,13.77320972,amd64,200,LinUCB,13900.236002999918
1787823084.603641,amd_faster,0.678347957,amd64,200,LinUCB,728.210837000006
1787823084.824494,linpack,0.731227289,amd64,200,LinUCB,782.5536410000495
1787823084.9920256,chacha20,0.948031359,amd64,200,LinUCB,1001.1950979999256
1787823085.132785,readdisk,1.040645523,arm64,200,LinUCB,1127.5444430000334
1787823085.3517306,arm_faster,0.720740226,arm64,200,LinUCB,772.5566490000801
1787823085.4030886,amd_faster,0.671325278,amd64,200,LinUCB,799.034769000059
1787823085.5576022,readmemory,10.344919842,arm64,200,LinUCB,10474.055964000057
1787823085.56928,linpack,0.739795182,amd64,200,LinUCB,744.2454939999834
1787823086.0070596,chacha20,0.951324131,amd64,200,LinUCB,1014.5181519999369
1787823086.125167,arm_faster,0.715966507,arm64,200,LinUCB,772.8976600000124
1787823086.131498,amd_faster,0.672321938,amd64,200,LinUCB,727.9810420000103
1787823086.2248895,readdisk,1.040121722,arm64,200,LinUCB,1091.6746770000145
1787823086.3420217,linpack,0.718521973,amd64,200,LinUCB,772.2611939999524
1787823086.8968632,amd_faster,0.668647559,amd64,200,LinUCB,764.9510080000255
1787823086.8984683,arm_faster,0.721392906,arm64,200,LinUCB,772.8999180000073
1787823087.0157673,chacha20,0.946044626,amd64,200,LinUCB,1008.0618289999848
1787823087.0930908,linpack,0.74608876,amd64,200,LinUCB,750.6164730000364
1787823087.3261995,readdisk,1.040834796,arm64,200,LinUCB,1100.6578189999345
1787823087.6335976,amd_faster,0.670356666,amd64,200,LinUCB,736.3093840000374
1787823087.7356956,arm_faster,0.721638848,arm64,200,LinUCB,836.2366049999537
1787823087.855761,linpack,0.756753775,amd64,200,LinUCB,762.2368720000168
1787823088.1256387,chacha20,1.058191013,arm64,200,LinUCB,1109.182181000051
1787823088.3522882,amd_faster,0.663073487,amd64,200,LinUCB,718.3047800000395
1787823088.4274,readdisk,1.041718491,arm64,200,LinUCB,1100.8129670000244
1787823088.509824,arm_faster,0.720802444,arm64,200,LinUCB,773.7707310000133
1787823088.602897,linpack,0.742102131,amd64,200,LinUCB,746.8028450000475
1787823089.0694833,amd_faster,0.666276576,amd64,200,LinUCB,716.8490669999983
1787823089.1277404,chacha20,0.949362453,amd64,200,LinUCB,1001.6822879999836
1787823089.288731,arm_faster,0.721501564,arm64,200,LinUCB,778.3573120000256
1787823089.3559444,linpack,0.748223708,amd64,200,LinUCB,752.6867389999552
1787823089.522407,readdisk,1.041752411,arm64,200,LinUCB,1094.631116999949
1787823089.8038192,amd_faster,0.683628358,amd64,200,LinUCB,734.0054999999666
1787823090.0602381,arm_faster,0.715882324,arm64,200,LinUCB,770.9569439999768
1787823090.1068945,linpack,0.746425861,amd64,200,LinUCB,750.5863060000593
1787823090.1392422,chacha20,0.960671966,amd64,200,LinUCB,1010.8876220000411
1787823090.5223684,amd_faster,0.667712481,amd64,200,LinUCB,718.1804720000855
1787823090.618618,readdisk,1.041874171,arm64,200,LinUCB,1095.8590320000212
1787823090.8424296,arm_faster,0.721199204,arm64,200,LinUCB,781.8195720000176
1787823090.8731136,linpack,0.750469797,amd64,200,LinUCB,765.7807020000291
1787823091.1574118,chacha20,0.950780569,amd64,200,LinUCB,1017.6594880000494
1787823091.243882,amd_faster,0.668264505,amd64,200,LinUCB,720.8725149999964
1787823091.615207,arm_faster,0.720547204,arm64,200,LinUCB,772.3886859999993
1787823091.6404405,linpack,0.744787703,amd64,200,LinUCB,766.8896000000132
1787823091.6608102,filehandle,31.331502375,arm64,200,LinUCB,31356.02862799999
1787823091.7177494,readdisk,1.042549371,arm64,200,LinUCB,1098.714194000081
1787823091.966711,amd_faster,0.665658875,amd64,200,LinUCB,722.363572000063
1787823092.1658082,chacha20,0.946340113,amd64,200,LinUCB,1007.9851929999677
1787823092.3836806,arm_faster,0.716572605,arm64,200,LinUCB,768.0663190000132
1787823092.4052339,linpack,0.736942234,amd64,200,LinUCB,764.3959299999779
1787823092.6938236,amd_faster,0.665364777,amd64,200,LinUCB,726.7084900000782
1787823092.8224041,readdisk,1.040576531,arm64,200,LinUCB,1104.2065339998999
1787823093.1653607,arm_faster,0.720824325,arm64,200,LinUCB,781.2883900000998
1787823093.1745803,linpack,0.728129797,amd64,200,LinUCB,768.9263680000522
1787823093.4107,amd_faster,0.662555265,amd64,200,LinUCB,716.4427669999895
1787823093.9244545,readdisk,1.040404771,arm64,200,LinUCB,1101.635879000014
1787823093.9388607,arm_faster,0.720413804,arm64,200,LinUCB,773.0751169999621
1787823093.9467523,linpack,0.727588101,amd64,200,LinUCB,771.8000259999371
1787823094.12989,amd_faster,0.663263714,amd64,200,LinUCB,718.5687209999969
1787823094.1788301,primenumber,16.546129531,arm64,200,LinUCB,16676.847089000035
1787823094.7378027,linpack,0.711409459,amd64,200,LinUCB,790.693841999996
1787823094.7463582,arm_faster,0.721312765,arm64,200,LinUCB,806.9665790000045
1787823094.759316,chacha20,2.535808319,arm64,200,LinUCB,2593.083763000095
1787823094.8466663,amd_faster,0.660800204,amd64,200,LinUCB,716.1985660000028
1787823095.019907,readdisk,1.041541851,arm64,200,LinUCB,1095.0544820000232
1787823095.4933488,linpack,0.751142283,amd64,200,LinUCB,755.1450820000127
1787823095.522807,arm_faster,0.716657565,arm64,200,LinUCB,776.0974440000155
1787823095.5743978,amd_faster,0.667683652,amd64,200,LinUCB,727.3886449999054
1787823095.7999043,chacha20,0.944884818,amd64,200,LinUCB,1040.2498199999854
1787823096.1122043,readdisk,1.04151205,arm64,200,LinUCB,1091.7123969999238
1787823096.2496133,linpack,0.752125982,amd64,200,LinUCB,755.9447150000551
1787823096.292159,amd_faster,0.668043518,amd64,200,LinUCB,717.2321230000307
1787823096.2933724,arm_faster,0.721002324,arm64,200,LinUCB,770.228555000017
1787823097.0035903,linpack,0.748811632,amd64,200,LinUCB,753.5996420000401
1787823097.130865,arm_faster,0.723375164,arm64,200,LinUCB,836.8616399999382
1787823097.2113388,readdisk,1.04593513,arm64,200,LinUCB,1098.7847039999679
1787823097.3653078,amd_faster,0.938224302,arm64,200,LinUCB,1072.8302099998928
1787823097.4597113,chacha20,1.6088876349999999,amd64,200,LinUCB,1659.438514000044
1787823097.748945,linpack,0.740962579,amd64,200,LinUCB,744.9896680000165
1787823097.9130793,arm_faster,0.720581524,arm64,200,LinUCB,781.8070949999765
1787823098.0785239,amd_faster,0.663102838,amd64,200,LinUCB,712.8342540000858
1787823098.311116,readdisk,1.040896891,arm64,200,LinUCB,1099.3342490000941
1787823098.4997196,linpack,0.745648636,amd64,200,LinUCB,750.3808230000004
1787823098.5714056,chacha20,1.058285653,arm64,200,LinUCB,1111.362242000041
1787823098.6793363,arm_faster,0.715833005,arm64,200,LinUCB,765.9245080000119
1787823098.7952316,amd_faster,0.664005679,amd64,200,LinUCB,716.3060169999653
1787823099.2531044,linpack,0.748707828,amd64,200,LinUCB,752.9831169999852
1787823099.4073555,readdisk,1.042041091,arm64,200,LinUCB,1095.768340999939
1787823099.4608588,arm_faster,0.720105364,arm64,200,LinUCB,781.0871469999938
1787823099.5278563,amd_faster,0.664233604,amd64,200,LinUCB,732.3428290000038
1787823099.6788552,chacha20,1.056413893,arm64,200,LinUCB,1107.0486429999846
1787823099.9961143,linpack,0.738550848,amd64,200,LinUCB,742.5621940000156
1787823100.2464144,arm_faster,0.720169045,arm64,200,LinUCB,785.0638709999203
1787823100.2502067,amd_faster,0.662319758,amd64,200,LinUCB,721.9412340000417
1787823100.5169225,readdisk,1.04171301,arm64,200,LinUCB,1109.1974830000026
1787823100.7408214,linpack,0.740258703,amd64,200,LinUCB,744.322077999982
1787823100.788116,chacha20,1.057718813,arm64,200,LinUCB,1108.7468380000018
1787823101.0280738,arm_faster,0.716299405,arm64,200,LinUCB,781.1657550000746
1787823101.0376256,amd_faster,0.665152445,amd64,200,LinUCB,786.8761889999405
1787823101.491194,linpack,0.745599534,amd64,200,LinUCB,749.9503849999201
1787823101.6168208,readdisk,1.040913011,arm64,200,LinUCB,1099.4619290000855
1787823101.8058677,amd_faster,0.662181849,amd64,200,LinUCB,767.8350349999619
1787823101.811698,arm_faster,0.720868244,arm64,200,LinUCB,783.0689310000025
1787823101.904756,chacha20,1.057788933,arm64,200,LinUCB,1116.288886999996
1787823102.2608397,linpack,0.764980892,amd64,200,LinUCB,769.2816270000549
1787823102.52403,amd_faster,0.664323819,amd64,200,LinUCB,717.7562930000931
1787823102.6367455,arm_faster,0.716634445,arm64,200,LinUCB,824.6907989999954
1787823102.7085676,readdisk,1.041074891,arm64,200,LinUCB,1091.3387429999375
1787823103.0271454,linpack,0.761589521,amd64,200,LinUCB,765.8612469999753
1787823103.241516,amd_faster,0.664441341,amd64,200,LinUCB,717.0790779999834
1787823103.4134712,arm_faster,0.720954844,arm64,200,LinUCB,776.3236770000503
1787823103.7917473,linpack,0.759366908,amd64,200,LinUCB,764.1763339998988
1787823103.803832,readdisk,1.04179277,arm64,200,LinUCB,1094.872688999999
1787823103.9004867,thread,19.215837277,amd64,200,LinUCB,19301.48998100003
1787823103.958106,amd_faster,0.663941311,amd64,200,LinUCB,716.0112519999302
1787823104.185241,arm_faster,0.718982164,arm64,200,LinUCB,771.3783979999107
1787823104.4848976,chacha20,2.5039809440000003,arm64,200,LinUCB,2579.7864999999547
1787823104.5366123,linpack,0.739641405,amd64,200,LinUCB,744.4396370000277
1787823104.7338183,amd_faster,0.667021191,amd64,200,LinUCB,775.1565119999668
1787823104.9637055,arm_faster,0.722229805,arm64,200,LinUCB,777.8699899999992
1787823104.9653594,readdisk,1.04257917,arm64,200,LinUCB,1161.152543000071
1787823105.2884924,linpack,0.746334612,amd64,200,LinUCB,751.1765159999868
1787823105.459129,amd_faster,0.671770025,amd64,200,LinUCB,724.8239339999145
1787823105.486775,chacha20,0.948313843,amd64,200,LinUCB,1001.4333940000597
1787823105.7355661,arm_faster,0.719735765,arm64,200,LinUCB,771.4151809999521
1787823106.0425773,linpack,0.748785663,amd64,200,LinUCB,753.5011439999835
1787823106.1110158,readdisk,1.04279905,arm64,200,LinUCB,1144.6488230000114
1787823106.176075,amd_faster,0.665847663,amd64,200,LinUCB,716.465059999905
1787823106.5099437,arm_faster,0.721262284,arm64,200,LinUCB,773.8009129999455
1787823106.6242368,chacha20,1.056946767,arm64,200,LinUCB,1136.989397000093
1787823106.799228,linpack,0.751891634,amd64,200,LinUCB,756.2332789999573
1787823106.90115,amd_faster,0.666521003,amd64,200,LinUCB,724.6155650000219
1787823107.2151,readdisk,1.0429189700000001,arm64,200,LinUCB,1103.6212369999703
1787823107.2812638,arm_faster,0.721252924,arm64,200,LinUCB,770.7494659999838
1787823107.5513515,linpack,0.747527147,amd64,200,LinUCB,751.753585000074
1787823107.6215985,amd_faster,0.668425033,amd64,200,LinUCB,719.8107519999439
1787823107.6235416,chacha20,0.940475471,amd64,200,LinUCB,998.9087520000339
1787823107.7319484,readmemory,22.109404662,amd64,200,LinUCB,22173.879607000003
1787823108.0584607,arm_faster,0.721973044,arm64,200,LinUCB,776.6802449999659
1787823108.3110864,linpack,0.755007437,amd64,200,LinUCB,759.1988960000435
1787823108.3147311,readdisk,1.041303691,arm64,200,LinUCB,1099.2369719999715
1787823108.3402293,amd_faster,0.667389359,amd64,200,LinUCB,718.0864370000108
1787823108.835591,arm_faster,0.723572204,arm64,200,LinUCB,776.6916929999752
1787823108.8398573,chacha20,1.115792747,amd64,200,LinUCB,1215.4421789999788
1787823109.058469,linpack,0.743015332,amd64,200,LinUCB,747.0546329999479
1787823109.0995107,amd_faster,0.680042502,amd64,200,LinUCB,758.8365859999158
1787823109.4090822,readdisk,1.039666691,arm64,200,LinUCB,1093.9549670000588
1787823109.617881,arm_faster,0.723109404,arm64,200,LinUCB,781.9624649999923
1787823109.8123116,linpack,0.749234806,amd64,200,LinUCB,753.4846830000106
1787823109.829656,amd_faster,0.677515586,amd64,200,LinUCB,729.7959819999278
1787823110.0793915,chacha20,1.136756878,amd64,200,LinUCB,1239.1026689999762
1787823110.4619126,arm_faster,0.719871165,arm64,200,LinUCB,843.5793500000273
1787823110.511745,readdisk,1.04263877,arm64,200,LinUCB,1102.2883370000045
1787823110.5575442,amd_faster,0.669619849,amd64,200,LinUCB,727.5115569999571
1787823110.5642567,linpack,0.747365602,amd64,200,LinUCB,751.55043999996
1787823111.0954535,chacha20,0.953366679,amd64,200,LinUCB,1015.6351480000012
1787823111.2334228,arm_faster,0.721030685,arm64,200,LinUCB,771.1263979999785
1787823111.2941883,amd_faster,0.681701337,amd64,200,LinUCB,736.2614769999709
1787823111.3587902,linpack,0.744634008,amd64,200,LinUCB,794.1475879999871
1787823111.609551,readdisk,1.04460365,arm64,200,LinUCB,1097.3152049999726
1787823112.0097141,arm_faster,0.718666164,arm64,200,LinUCB,775.9299300000748
1787823112.0213766,amd_faster,0.668200886,amd64,200,LinUCB,726.8276239999523
1787823112.0980585,chacha20,0.950385666,amd64,200,LinUCB,1002.1620789999588
1787823112.116502,linpack,0.753211326,amd64,200,LinUCB,757.1400809999886
1787823112.7012103,readdisk,1.041652651,arm64,200,LinUCB,1091.3026440000522
1787823112.7835765,arm_faster,0.721029524,arm64,200,LinUCB,773.3126790000142
1787823112.784225,amd_faster,0.668342349,amd64,200,LinUCB,762.5263859999905
1787823112.9014745,linpack,0.732931528,amd64,200,LinUCB,784.5485149999831
1787823113.1147285,chacha20,0.946655221,amd64,200,LinUCB,1016.2218159999838
1787823113.55715,arm_faster,0.720895205,arm64,200,LinUCB,772.5676379999413
1787823113.5588145,amd_faster,0.674221151,amd64,200,LinUCB,773.6337449999837
1787823113.6598222,linpack,0.752876445,amd64,200,LinUCB,757.9685179999842
1787823113.7962701,readdisk,1.041523371,arm64,200,LinUCB,1094.660681999926
1787823114.1089137,chacha20,0.942996517,amd64,200,LinUCB,993.4584879999875
1787823114.3335962,amd_faster,0.672237349,amd64,200,LinUCB,773.8864379999768
1787823114.3351736,arm_faster,0.719757484,arm64,200,LinUCB,777.6073049999468
1787823114.4192054,linpack,0.754759062,amd64,200,LinUCB,758.8757009999654
1787823114.8944385,readdisk,1.042178051,arm64,200,LinUCB,1097.617262999961
1787823115.0629282,amd_faster,0.675652282,amd64,200,LinUCB,728.9300390000335
1787823115.1612363,arm_faster,0.721186444,arm64,200,LinUCB,825.0381349999998
1787823115.184774,linpack,0.743448218,amd64,200,LinUCB,765.1294119999648
1787823115.5965893,thread,11.566243746,arm64,200,LinUCB,11695.489570000063
1787823115.7839563,amd_faster,0.669172915,amd64,200,LinUCB,720.5973779999795
1787823115.8671455,chacha20,1.701582738,amd64,200,LinUCB,1757.6837320000323
1787823115.9401815,arm_faster,0.727541724,arm64,200,LinUCB,778.458637999961
1787823115.9516232,linpack,0.738204128,amd64,200,LinUCB,766.4443900000606
1787823115.9992938,readdisk,1.042303171,arm64,200,LinUCB,1104.4139910000013
1787823116.5303373,amd_faster,0.671174068,amd64,200,LinUCB,746.0323419999213
1787823116.7129304,arm_faster,0.723205164,arm64,200,LinUCB,772.3702890000368
1787823116.7257204,linpack,0.732702767,amd64,200,LinUCB,773.758163000025
1787823117.1009195,readdisk,1.041630651,arm64,200,LinUCB,1101.195420999943
1787823117.2267976,chacha20,1.304708022,amd64,200,LinUCB,1359.244196000077
1787823117.2576532,amd_faster,0.674225172,amd64,200,LinUCB,726.9466550000061
1787823117.4900167,arm_faster,0.720617804,arm64,200,LinUCB,776.5411850000419
1787823117.4954703,linpack,0.724983608,amd64,200,LinUCB,769.2123599999832
1787823118.0040584,amd_faster,0.668965334,amd64,200,LinUCB,745.7939290000013
1787823118.1294906,readmemory,10.342696242,arm64,200,LinUCB,10396.863760999964
1787823118.1942496,readdisk,1.040027691,arm64,200,LinUCB,1092.6626330000317
1787823118.2645962,arm_faster,0.723080004,arm64,200,LinUCB,774.1460920000236
1787823118.273732,linpack,0.731516675,amd64,200,LinUCB,777.8622099999666
1787823118.7404318,amd_faster,0.681188515,amd64,200,LinUCB,735.9047090000104
1787823118.7681367,chacha20,1.48569532,amd64,200,LinUCB,1540.8481140000276
1787823119.0383291,arm_faster,0.719833365,arm64,200,LinUCB,773.0818280000449
1787823119.0578494,linpack,0.738278228,amd64,200,LinUCB,783.6360259999537
1787823119.2900054,readdisk,1.04101653,arm64,200,LinUCB,1095.2384080000002
1787823119.4593031,amd_faster,0.666103146,amd64,200,LinUCB,718.4182219999684
1787823119.805321,chacha20,0.947470201,amd64,200,LinUCB,1036.7577089999713
1787823119.8228517,arm_faster,0.722682964,arm64,200,LinUCB,784.0164330000334
1787823119.8418708,linpack,0.740322281,amd64,200,LinUCB,783.524371999988
1787823120.1875935,amd_faster,0.672211475,amd64,200,LinUCB,727.8313639999396
1787823120.3895462,readdisk,1.04473169,arm64,200,LinUCB,1099.0953019999097
1787823120.6305275,arm_faster,0.719752685,arm64,200,LinUCB,807.194609000021
1787823120.6489403,linpack,0.737358868,amd64,200,LinUCB,806.6396820000818
1787823120.8096502,chacha20,0.952014622,amd64,200,LinUCB,1003.9066759999287
1787823120.91693,amd_faster,0.676089573,amd64,200,LinUCB,728.8528259999794
1787823121.4042277,arm_faster,0.719457924,arm64,200,LinUCB,772.9507799999737
1787823121.432588,linpack,0.747541265,amd64,200,LinUCB,783.0546059999506
1787823121.4884021,readdisk,1.042457891,arm64,200,LinUCB,1098.4615550000854
1787823121.6373432,amd_faster,0.665576137,amd64,200,LinUCB,720.0223639999876
1787823121.816131,chacha20,0.95184355,amd64,200,LinUCB,1006.031787999973
1787823122.1843135,arm_faster,0.722945244,arm64,200,LinUCB,779.1514680000091
1787823122.2096329,linpack,0.747981536,amd64,200,LinUCB,776.675075000071
1787823122.3885567,amd_faster,0.701294868,amd64,200,LinUCB,750.8956989998978
1787823122.4774935,filehandle,30.808063053,arm64,200,LinUCB,30816.261515000064
1787823122.5863905,readdisk,1.04198585,arm64,200,LinUCB,1097.4893420000171
1787823122.880746,chacha20,0.951341507,amd64,200,LinUCB,1064.2266039999413
1787823122.9656608,arm_faster,0.723822525,arm64,200,LinUCB,780.9207370000877
1787823122.9858415,linpack,0.743033455,amd64,200,LinUCB,775.8171350000111
1787823123.1123667,amd_faster,0.671447155,amd64,200,LinUCB,723.4890439999617
1787823123.6831002,readdisk,1.040797051,arm64,200,LinUCB,1096.2231030000567
1787823123.739022,arm_faster,0.723679444,arm64,200,LinUCB,773.0165899999974
1787823123.7616684,linpack,0.745283668,amd64,200,LinUCB,775.3097460000618
1787823123.824956,amd_faster,0.661928056,amd64,200,LinUCB,712.2726410000269
1787823124.0140262,chacha20,1.004965847,arm64,200,LinUCB,1132.8988090000394
1787823124.5143318,arm_faster,0.721910364,arm64,200,LinUCB,774.9744190000456
1787823124.5264575,linpack,0.733440366,amd64,200,LinUCB,764.4890949999308
1787823124.545622,amd_faster,0.665429823,amd64,200,LinUCB,720.2796729999363
1787823124.78288,readdisk,1.040999691,arm64,200,LinUCB,1099.4629409999561
1787823125.0305974,chacha20,0.959968562,amd64,200,LinUCB,1016.2205100000392
1787823125.2934766,arm_faster,0.724615884,arm64,200,LinUCB,778.7858850000475
1787823125.3085508,linpack,0.738500613,amd64,200,LinUCB,781.7627399999765
1787823125.3162634,amd_faster,0.685347109,amd64,200,LinUCB,770.0867229999631
1787823125.880474,readdisk,1.042836171,arm64,200,LinUCB,1097.0868030000247
1787823126.037508,chacha20,0.950108304,amd64,200,LinUCB,1006.5899509999099
1787823126.0721347,arm_faster,0.722534445,arm64,200,LinUCB,778.2782199999474
1787823126.076137,amd_faster,0.67416362,amd64,200,LinUCB,759.3863670000474
1787823126.092909,linpack,0.742296686,amd64,200,LinUCB,784.0571870000304
1787823126.8701727,arm_faster,0.721984684,arm64,200,LinUCB,797.6883079999197
1787823126.8716571,amd_faster,0.66887718,amd64,200,LinUCB,795.1494449999927
1787823126.938473,linpack,0.735231898,amd64,200,LinUCB,845.1751220000006
1787823126.9881184,readdisk,1.04455745,arm64,200,LinUCB,1107.237189999978
1787823127.0534937,chacha20,0.955589634,amd64,200,LinUCB,1015.5944450000334
1787823127.2027578,thread,11.538780469,arm64,200,LinUCB,11605.735287000016
1787823127.645889,arm_faster,0.725130323,arm64,200,LinUCB,775.3565819999721
1787823127.6483886,amd_faster,0.676383947,amd64,200,LinUCB,775.926553999966
1787823127.7132497,linpack,0.739406262,amd64,200,LinUCB,774.4454529999985
1787823128.0966992,readdisk,1.04325005,arm64,200,LinUCB,1108.2030080000322
1787823128.1101985,chacha20,1.006194047,arm64,200,LinUCB,1056.3309069999605
1787823128.4191194,amd_faster,0.663297549,amd64,200,LinUCB,770.3560200000084
1787823128.4262116,arm_faster,0.722809685,arm64,200,LinUCB,779.7221289999925
1787823128.4887028,linpack,0.731385757,amd64,200,LinUCB,774.9582700000701
1787823128.5274198,readmemory,10.338102482,arm64,200,LinUCB,10397.215947999939
1787823129.1358032,amd_faster,0.666654194,amd64,200,LinUCB,715.9705169999597
1787823129.2007163,readdisk,1.04145173,arm64,200,LinUCB,1103.6464730000262
1787823129.2087965,chacha20,0.990671334,amd64,200,LinUCB,1098.2124399999975
1787823129.2395613,arm_faster,0.722641404,arm64,200,LinUCB,812.8261399999701
1787823129.254746,linpack,0.736984137,amd64,200,LinUCB,765.6164019999778
1787823129.867166,amd_faster,0.672998239,amd64,200,LinUCB,730.7843580000508
1787823130.0792873,linpack,0.720426227,amd64,200,LinUCB,824.1509949999681
1787823130.0816805,arm_faster,0.722672084,arm64,200,LinUCB,841.7448909999621
1787823130.2943575,readdisk,1.041363691,arm64,200,LinUCB,1093.263234999995
1787823130.599682,amd_faster,0.680789823,amd64,200,LinUCB,732.0248480000373
1787823130.8276875,linpack,0.741154177,amd64,200,LinUCB,747.9249590001018
1787823130.8609474,arm_faster,0.724142484,arm64,200,LinUCB,778.3966719999853
1787823130.941284,chacha20,1.641288171,amd64,200,LinUCB,1732.082093000031
1787823131.3315907,amd_faster,0.678956817,amd64,200,LinUCB,731.4861979999705
1787823131.3946939,readdisk,1.04358673,arm64,200,LinUCB,1099.950898999964
1787823131.5822718,linpack,0.749914559,amd64,200,LinUCB,753.7111620000587
1787823131.6385276,arm_faster,0.722887084,arm64,200,LinUCB,777.208418999976
1787823132.0562935,amd_faster,0.670914799,amd64,200,LinUCB,724.3734599999243
1787823132.2771037,chacha20,1.2718388649999999,amd64,200,LinUCB,1335.4448680000814
1787823132.3362472,linpack,0.749407798,amd64,200,LinUCB,753.5906479999994
1787823132.4155936,arm_faster,0.723730044,arm64,200,LinUCB,776.71521700006
1787823132.491078,readdisk,1.043002931,arm64,200,LinUCB,1096.008826000002
1787823132.7970195,amd_faster,0.684407542,amd64,200,LinUCB,740.3326350000725
1787823133.0840855,linpack,0.742465277,amd64,200,LinUCB,747.3982400000523
1787823133.1916277,arm_faster,0.721245564,arm64,200,LinUCB,775.6307409999863
1787823133.2778423,chacha20,0.949733144,amd64,200,LinUCB,1000.3386509999928
1787823133.5163462,amd_faster,0.667586805,amd64,200,LinUCB,718.8841199999843
1787823133.5892243,readdisk,1.042180891,arm64,200,LinUCB,1097.6564909999524
1787823133.8318884,linpack,0.742496748,amd64,200,LinUCB,747.3330440000154
1787823133.968496,arm_faster,0.724304244,arm64,200,LinUCB,776.4409740000247
1787823134.2441013,amd_faster,0.672662818,amd64,200,LinUCB,727.3179500000424
1787823134.2825284,chacha20,0.951391786,amd64,200,LinUCB,1004.168543999981
1787823134.5905309,linpack,0.753868,amd64,200,LinUCB,758.1626620000179
1787823134.6849034,readdisk,1.042207411,arm64,200,LinUCB,1095.3059969999686
1787823134.7562997,arm_faster,0.724312284,arm64,200,LinUCB,787.4767879999354
1787823134.979796,amd_faster,0.681108676,amd64,200,LinUCB,735.180301000014
1787823135.3379233,linpack,0.74309721,amd64,200,LinUCB,747.0382910000808
1787823135.5255759,arm_faster,0.719704165,arm64,200,LinUCB,768.8762799999722
1787823135.7180798,amd_faster,0.679539568,amd64,200,LinUCB,737.9116550000617
1787823135.785814,readdisk,1.04518133,arm64,200,LinUCB,1100.506313999972
1787823136.0881307,linpack,0.744726822,amd64,200,LinUCB,749.7478069999488
1787823136.3129003,arm_faster,0.722127244,arm64,200,LinUCB,786.885567000013
1787823136.3332016,chacha20,1.982950926,amd64,200,LinUCB,2050.1624730000003
1787823136.4685466,amd_faster,0.681005899,amd64,200,LinUCB,750.0482499999634
1787823136.8419344,linpack,0.749533426,amd64,200,LinUCB,753.413688999899
1787823136.88288,readdisk,1.04289825,arm64,200,LinUCB,1096.6856200000166
1787823137.0966592,arm_faster,0.731311244,arm64,200,LinUCB,783.2959309999978
1787823137.1946301,amd_faster,0.669239762,amd64,200,LinUCB,725.744920000011
1787823137.3699589,chacha20,0.953622344,amd64,200,LinUCB,1036.387999999988
1787823137.5992424,linpack,0.752302714,amd64,200,LinUCB,756.8901770000593
1787823137.8691344,arm_faster,0.719593365,arm64,200,LinUCB,772.0393690000265
1787823137.9326541,amd_faster,0.684193279,amd64,200,LinUCB,737.6441809999505
1787823137.9788048,readdisk,1.04244881,arm64,200,LinUCB,1095.4231690000142
1787823138.3558025,linpack,0.751188375,amd64,200,LinUCB,756.1411490000864
1787823138.3856845,chacha20,0.959936218,amd64,200,LinUCB,1015.2890919999891
1787823138.5265794,thread,11.267714658,arm64,200,LinUCB,11323.366365999958
1787823138.641322,arm_faster,0.719991445,arm64,200,LinUCB,771.7998829999715
1787823138.657723,amd_faster,0.674715245,amd64,200,LinUCB,724.7182060000341
1787823138.921036,readmemory,10.340183781,arm64,200,LinUCB,10393.10587400007
1787823139.0774634,readdisk,1.042890211,arm64,200,LinUCB,1098.2267350000257
1787823139.1071687,linpack,0.746290841,amd64,200,LinUCB,750.7451489999539
1787823139.4118752,arm_faster,0.720221005,arm64,200,LinUCB,770.2258100000563
1787823139.4143467,amd_faster,0.671888804,amd64,200,LinUCB,756.1497460000055
1787823139.8703861,linpack,0.730508739,amd64,200,LinUCB,762.8498970000237
1787823140.1797523,readdisk,1.04164781,arm64,200,LinUCB,1101.8189159999565
1787823140.1858084,amd_faster,0.67332476,amd64,200,LinUCB,771.1052109999628
1787823140.1875148,arm_faster,0.720174444,arm64,200,LinUCB,775.1535699999295
1787823140.387736,chacha20,1.94564189,amd64,200,LinUCB,2001.6156990000127
1787823140.6212177,linpack,0.746166789,amd64,200,LinUCB,750.4421749999892
1787823140.963097,amd_faster,0.669502899,amd64,200,LinUCB,776.8420580000566
1787823141.0616124,arm_faster,0.720479965,arm64,200,LinUCB,873.0315059999612
1787823141.2856123,readdisk,1.040195331,arm64,200,LinUCB,1105.4162379999752
1787823141.3840945,linpack,0.757858237,amd64,200,LinUCB,762.4509229999603
1787823141.3923714,chacha20,0.947711825,amd64,200,LinUCB,1004.2327090000072
1787823141.6813228,amd_faster,0.665802849,amd64,200,LinUCB,717.8223289998868
1787823141.8289065,arm_faster,0.716379405,arm64,200,LinUCB,766.740696999932
1787823142.1405184,linpack,0.750795098,amd64,200,LinUCB,755.837219
1787823142.3810792,readdisk,1.041382731,arm64,200,LinUCB,1095.0396759999421
1787823142.4008942,amd_faster,0.66661345,amd64,200,LinUCB,719.1539209999291
1787823142.460004,chacha20,1.008383647,arm64,200,LinUCB,1067.186009000011
1787823142.6046093,arm_faster,0.720947325,arm64,200,LinUCB,775.2819620000082
1787823142.8891308,linpack,0.743300664,amd64,200,LinUCB,748.1090469999572
1787823143.3493888,amd_faster,0.660937213,amd64,200,LinUCB,948.0823559999862
1787823143.4748006,readdisk,1.03989997,arm64,200,LinUCB,1093.2705420000275
1787823143.5124876,arm_faster,0.720846004,arm64,200,LinUCB,907.4792690000777
1787823143.6356952,linpack,0.741308395,amd64,200,LinUCB,746.1746129999938
1787823143.7489011,chacha20,1.006438287,arm64,200,LinUCB,1288.4645689999843
1787823144.0712178,amd_faster,0.666861342,amd64,200,LinUCB,721.4161859999422
1787823144.3023546,arm_faster,0.720616685,arm64,200,LinUCB,789.4741950000252
1787823144.3862588,linpack,0.745263214,amd64,200,LinUCB,750.1422179999508
1787823144.5715024,readdisk,1.04003269,arm64,200,LinUCB,1096.0414410000112
1787823144.7457097,chacha20,0.944217716,amd64,200,LinUCB,996.3733179999963
1787823144.8013725,amd_faster,0.667250422,amd64,200,LinUCB,729.7823610000478
1787823145.0782156,arm_faster,0.723717244,arm64,200,LinUCB,775.3361820000464
1787823145.1441915,linpack,0.751811242,amd64,200,LinUCB,757.4390349999476
1787823145.5155673,amd_faster,0.663835579,amd64,200,LinUCB,713.8388710000072
1787823145.6717405,readdisk,1.041779451,arm64,200,LinUCB,1099.8170569999957
1787823145.8083146,chacha20,1.007514807,arm64,200,LinUCB,1062.2598249999555
1787823145.8493924,arm_faster,0.715986805,arm64,200,LinUCB,770.8387590000711
1787823145.8950226,linpack,0.745696648,amd64,200,LinUCB,750.3870030000144
1787823146.2297142,amd_faster,0.661863663,amd64,200,LinUCB,713.7969460000022
1787823146.6340516,arm_faster,0.720785964,arm64,200,LinUCB,784.1986299999917
1787823146.6541405,linpack,0.740214895,amd64,200,LinUCB,758.7266289999661
1787823146.7666008,readdisk,1.042016611,arm64,200,LinUCB,1094.436797999947
1787823146.9502227,amd_faster,0.664001097,amd64,200,LinUCB,720.1160669999354
1787823146.9970548,chacha20,1.135470807,arm64,200,LinUCB,1188.3443790000001
1787823147.407421,arm_faster,0.720222965,arm64,200,LinUCB,772.9967230000057
1787823147.422002,linpack,0.733871211,amd64,200,LinUCB,767.4678199999789
1787823147.6743226,amd_faster,0.665329461,amd64,200,LinUCB,723.7285789999532
1787823147.860186,readdisk,1.040456491,arm64,200,LinUCB,1093.0078150000782
1787823148.182532,arm_faster,0.716771764,arm64,200,LinUCB,774.7036160000107
1787823148.194298,linpack,0.72705673,amd64,200,LinUCB,771.9049050000422
1787823148.3891132,amd_faster,0.662791419,amd64,200,LinUCB,714.3310320000182
1787823148.6667874,primenumber,54.328664134,amd64,200,LinUCB,54487.54297900007
1787823148.9553692,readdisk,1.039652211,arm64,200,LinUCB,1094.7761250000667
1787823148.9561503,arm_faster,0.720827324,arm64,200,LinUCB,773.2276230000252
1787823148.9727561,linpack,0.737221934,amd64,200,LinUCB,778.046379999978
1787823149.0755785,chacha20,2.011804454,arm64,200,LinUCB,2077.913346999935
1787823149.104695,amd_faster,0.663395667,amd64,200,LinUCB,715.1588220000349
1787823149.3808913,readmemory,10.342073295,arm64,200,LinUCB,10459.47322500001
1787823149.781803,arm_faster,0.720800645,arm64,200,LinUCB,824.7465639999518
1787823149.7948895,linpack,0.732910539,amd64,200,LinUCB,821.8029139999317
1787823149.8572097,amd_faster,0.673147787,amd64,200,LinUCB,752.1540689999711
1787823150.0511708,readdisk,1.039908651,arm64,200,LinUCB,1094.600605000096
1787823150.0781631,chacha20,0.945175959,amd64,200,LinUCB,1002.0107459999963
1787823150.5509567,arm_faster,0.715954525,arm64,200,LinUCB,768.7928189999411
1787823150.5615013,linpack,0.725047674,amd64,200,LinUCB,766.2522480000007
1787823150.5853307,amd_faster,0.668808545,amd64,200,LinUCB,727.8342690000272
1787823151.1214974,chacha20,0.957093661,amd64,200,LinUCB,1042.9831830000467
1787823151.1477022,readdisk,1.0409916909999999,arm64,200,LinUCB,1096.0162060000584
1787823151.3276787,arm_faster,0.721355524,arm64,200,LinUCB,776.301066999963
1787823151.3340986,amd_faster,0.675900382,amd64,200,LinUCB,748.2844690000547
1787823151.347646,linpack,0.740490053,amd64,200,LinUCB,785.8419500000764
1787823152.1178336,amd_faster,0.669620703,amd64,200,LinUCB,783.4194160000152
1787823152.1746664,linpack,0.72531076,amd64,200,LinUCB,826.6876879999927
1787823152.1823106,chacha20,1.006413727,arm64,200,LinUCB,1060.4324259999203
1787823152.272456,readdisk,1.043442946,arm64,200,LinUCB,1124.4175879999148
1787823152.3624742,arm_faster,0.915078671,amd64,200,LinUCB,1034.4769149999138
1787823152.8460314,amd_faster,0.66230934,amd64,200,LinUCB,727.6297650000743
1787823152.9321146,linpack,0.747777298,amd64,200,LinUCB,757.0526410000866
1787823153.133511,arm_faster,0.715782899,arm64,200,LinUCB,770.5140809999875
1787823153.2404685,chacha20,1.007745327,arm64,200,LinUCB,1057.6266250000117
1787823153.3663032,readdisk,1.039350752,arm64,200,LinUCB,1093.5073240000293
1787823153.5750206,amd_faster,0.664161313,amd64,200,LinUCB,728.572191000012
1787823153.6871178,linpack,0.750076239,amd64,200,LinUCB,754.4626110000081
1787823153.906815,arm_faster,0.721087978,arm64,200,LinUCB,772.8476199999932
1787823154.2918308,amd_faster,0.667714032,amd64,200,LinUCB,716.4435329999606
1787823154.3642812,chacha20,1.056668828,amd64,200,LinUCB,1123.3862640000325
1787823154.4356296,linpack,0.742627973,amd64,200,LinUCB,748.1485839999777
1787823154.4673977,readdisk,1.040188592,arm64,200,LinUCB,1100.2979520000054
1787823154.6912613,arm_faster,0.721095939,arm64,200,LinUCB,784.0766059999851
1787823155.0164344,amd_faster,0.673834663,amd64,200,LinUCB,724.2375829999901
1787823155.1967914,linpack,0.756831485,amd64,200,LinUCB,760.8414979999907
1787823155.3703506,chacha20,0.952626588,amd64,200,LinUCB,1005.7400980000466
1787823155.4568005,arm_faster,0.71483826,arm64,200,LinUCB,764.9984110000787
1787823155.5781133,readdisk,1.041066071,arm64,200,LinUCB,1110.2977360000068
1787823155.7534297,amd_faster,0.675244918,amd64,200,LinUCB,736.6661290000138
1787823155.9563882,linpack,0.75477612,amd64,200,LinUCB,759.1478919999872
1787823156.2358174,arm_faster,0.720917259,arm64,200,LinUCB,778.6934480000127
1787823156.372077,chacha20,0.95003935,amd64,200,LinUCB,1001.2747910000144
1787823156.469196,amd_faster,0.664739324,amd64,200,LinUCB,715.3233689999752
1787823156.5159078,thread,17.842698822,amd64,200,LinUCB,17988.996198999987
1787823156.6708858,readdisk,1.040433192,arm64,200,LinUCB,1092.4566429999913
1787823156.723864,linpack,0.762923169,amd64,200,LinUCB,767.1838559999742
1787823157.0180757,arm_faster,0.726736138,arm64,200,LinUCB,781.8156460000409
1787823157.1867397,amd_faster,0.664700611,amd64,200,LinUCB,717.1795609999663
1787823157.4265244,chacha20,1.001295407,arm64,200,LinUCB,1053.7918720000334
1787823157.4824955,linpack,0.754014304,amd64,200,LinUCB,758.2070519999888
1787823157.76748,readdisk,1.041751352,arm64,200,LinUCB,1096.055263999915
1787823157.8069499,arm_faster,0.722729498,arm64,200,LinUCB,788.4461630000033
1787823157.9201138,amd_faster,0.666516177,amd64,200,LinUCB,732.9166380000061
1787823158.2414706,linpack,0.754768323,amd64,200,LinUCB,758.5900029999948
1787823158.4297261,chacha20,0.949368222,amd64,200,LinUCB,1002.7977250000504
1787823158.5937188,arm_faster,0.722151179,arm64,200,LinUCB,786.4024199999449
1787823158.6396673,amd_faster,0.667754562,amd64,200,LinUCB,719.1458959999864
1787823158.8643236,readdisk,1.042235592,arm64,200,LinUCB,1096.4914319999934
1787823159.0032473,linpack,0.756684667,amd64,200,LinUCB,761.368157999982
1787823159.3610954,amd_faster,0.662749088,amd64,200,LinUCB,721.0393629999317
1787823159.367704,arm_faster,0.722531739,arm64,200,LinUCB,773.6107660000471
1787823159.4446378,chacha20,0.952147355,amd64,200,LinUCB,1014.5497160000332
1787823159.7646203,linpack,0.756183752,amd64,200,LinUCB,760.8411549999801
1787823159.7742043,readmemory,10.337460695,arm64,200,LinUCB,10392.823347000103
1787823159.9598017,readdisk,1.043376432,arm64,200,LinUCB,1095.1025960000607
1787823160.0804234,amd_faster,0.668718225,amd64,200,LinUCB,718.9302929999712
1787823160.390205,arm_faster,0.722019939,arm64,200,LinUCB,1021.8547320000653
1787823160.5340858,linpack,0.764113809,amd64,200,LinUCB,768.9597400000139
1787823160.6704097,chacha20,0.952563243,amd64,200,LinUCB,1225.395132000017
1787823160.8175092,amd_faster,0.680124224,amd64,200,LinUCB,736.7464229999996
1787823161.0585501,readdisk,1.043844911,arm64,200,LinUCB,1098.2985460000236
1787823161.1770456,arm_faster,0.721429538,arm64,200,LinUCB,786.4407939999865
1787823161.3091621,linpack,0.770471015,amd64,200,LinUCB,774.6298450000495
1787823161.5399199,amd_faster,0.663334774,amd64,200,LinUCB,722.0576189999974
1787823161.6848478,chacha20,0.952767472,amd64,200,LinUCB,1013.9706630000092
1787823161.9486647,arm_faster,0.721275019,arm64,200,LinUCB,771.2084080000068
1787823162.0776522,linpack,0.763749864,amd64,200,LinUCB,768.0573110000068
1787823162.1557703,readdisk,1.043623871,arm64,200,LinUCB,1096.849428999917
1787823162.2758012,amd_faster,0.681411475,amd64,200,LinUCB,735.4982939999672
1787823162.6936996,chacha20,0.95591184,amd64,200,LinUCB,1008.418732999985
1787823162.7262006,arm_faster,0.722502819,arm64,200,LinUCB,777.0551789999445
1787823162.8447232,linpack,0.761741613,amd64,200,LinUCB,766.7156070000374
1787823163.0060663,amd_faster,0.67915721,amd64,200,LinUCB,729.8129629999721
1787823163.253066,readdisk,1.043118751,arm64,200,LinUCB,1096.9337060000726
1787823163.5129142,arm_faster,0.721196619,arm64,200,LinUCB,786.3669710000067
1787823163.6061177,linpack,0.757337131,amd64,200,LinUCB,761.0579900000403
1787823163.6916125,chacha20,0.945789022,amd64,200,LinUCB,997.5234390000196
1787823163.7398689,amd_faster,0.668717128,amd64,200,LinUCB,733.4740950000196
1787823164.290492,arm_faster,0.721232619,arm64,200,LinUCB,777.1820259999913
1787823164.3451874,readdisk,1.041556471,arm64,200,LinUCB,1091.625342000043
1787823164.37166,linpack,0.761351597,amd64,200,LinUCB,765.2278770000294
1787823164.485091,amd_faster,0.691387615,amd64,200,LinUCB,744.8623689999749
1787823164.7248607,chacha20,0.982783389,amd64,200,LinUCB,1032.928505999962
1787823165.0772557,filehandle,42.593328639,amd64,200,LinUCB,42599.44370200003
1787823165.1301217,arm_faster,0.780720374,arm64,200,LinUCB,839.2043289999265
1787823165.1547596,linpack,0.738579449,amd64,200,LinUCB,782.7363889999788
1787823165.2298007,amd_faster,0.679049081,amd64,200,LinUCB,744.3052009999747
1787823165.3620849,primenumber,16.564191808,arm64,200,LinUCB,16694.715651000024
1787823165.4567885,readdisk,1.042324151,arm64,200,LinUCB,1111.2382499999285
1787823165.728579,chacha20,0.949981652,amd64,200,LinUCB,1003.3165449999615
1787823165.90887,arm_faster,0.722171579,arm64,200,LinUCB,778.3232580000004
1787823165.9249556,linpack,0.73731041,amd64,200,LinUCB,769.7468339999887
1787823165.9618173,amd_faster,0.673828866,amd64,200,LinUCB,731.5730459999941
1787823166.5495067,readdisk,1.041306551,arm64,200,LinUCB,1092.293222999956
1787823166.6835907,arm_faster,0.719175059,arm64,200,LinUCB,774.3591099999776
1787823166.6859386,amd_faster,0.669439653,amd64,200,LinUCB,723.7777389999565
1787823166.7002764,linpack,0.734254307,amd64,200,LinUCB,774.962821000031
1787823166.7427814,chacha20,0.956145552,amd64,200,LinUCB,1013.8427790000151
1787823167.458363,amd_faster,0.666406556,amd64,200,LinUCB,772.0823039999232
1787823167.4630067,arm_faster,0.725957179,arm64,200,LinUCB,779.0831830000116
1787823167.517288,linpack,0.723967144,amd64,200,LinUCB,816.7015110000193
1787823167.6486328,readdisk,1.041457992,arm64,200,LinUCB,1098.786218999976
1787823167.7906084,chacha20,0.947754209,amd64,200,LinUCB,1047.521082000003
1787823168.062453,thread,11.483788865,arm64,200,LinUCB,11546.159431999968
1787823168.1905088,amd_faster,0.675521758,amd64,200,LinUCB,731.8006000000423
1787823168.285041,arm_faster,0.721602819,arm64,200,LinUCB,821.6682940000055
1787823168.303621,linpack,0.738378679,amd64,200,LinUCB,786.0108170000331
1787823168.7401145,readdisk,1.041346351,arm64,200,LinUCB,1091.0857829999259
1787823168.7990072,chacha20,0.950545572,amd64,200,LinUCB,1008.0483069999673
1787823168.9171717,amd_faster,0.673052636,amd64,200,LinUCB,726.344690000019
1787823169.064273,arm_faster,0.721442779,arm64,200,LinUCB,778.8955739999892
1787823169.085779,linpack,0.74126008,amd64,200,LinUCB,781.8391360000305
1787823169.6444917,amd_faster,0.661791704,amd64,200,LinUCB,726.9719680000435
1787823169.8126988,chacha20,0.949700824,amd64,200,LinUCB,1013.2806040001014
1787823169.837083,arm_faster,0.721045658,arm64,200,LinUCB,772.418296000069
1787823169.8388216,readdisk,1.045043431,arm64,200,LinUCB,1098.3668470000794
1787823169.8598583,linpack,0.742098492,amd64,200,LinUCB,773.7281060000214
1787823170.1673598,readmemory,10.336299256,arm64,200,LinUCB,10392.371081000078
1787823170.371621,amd_faster,0.672890332,amd64,200,LinUCB,726.665109999999
1787823170.6301403,arm_faster,0.717912899,arm64,200,LinUCB,792.6193069999954
1787823170.6925492,linpack,0.727962901,amd64,200,LinUCB,832.2995660000743
1787823170.817558,chacha20,0.952859356,amd64,200,LinUCB,1004.4777839999597
1787823171.0087676,readdisk,1.046295991,arm64,200,LinUCB,1169.0459249999776
1787823171.1063683,amd_faster,0.679374614,amd64,200,LinUCB,734.3236200000547
1787823171.4051292,arm_faster,0.721385178,arm64,200,LinUCB,774.5935090000557
1787823171.45254,linpack,0.755364742,amd64,200,LinUCB,759.5976369999562
1787823171.8213117,chacha20,0.94881394,amd64,200,LinUCB,1003.3928530000367
1787823171.8371928,amd_faster,0.674226478,amd64,200,LinUCB,730.331400999944
1787823172.1065285,readdisk,1.041553992,arm64,200,LinUCB,1097.3858809999228
1787823172.184128,arm_faster,0.722285339,arm64,200,LinUCB,778.5339030000387
1787823172.21579,linpack,0.75317125,amd64,200,LinUCB,762.8418509999619
1787823172.6031172,amd_faster,0.677197166,amd64,200,LinUCB,765.4629970000997
1787823172.8252258,chacha20,0.95225303,amd64,200,LinUCB,1003.3758020000505
1787823172.965863,arm_faster,0.722263299,arm64,200,LinUCB,781.304672000033
1787823172.9843123,linpack,0.739814955,amd64,200,LinUCB,768.0273030000535
1787823173.2007527,readdisk,1.041942592,arm64,200,LinUCB,1093.7783189999664
1787823173.323183,amd_faster,0.666907304,amd64,200,LinUCB,719.571197999926
1787823173.7414284,arm_faster,0.722829819,arm64,200,LinUCB,775.1438169999574
1787823173.7620103,linpack,0.742512734,amd64,200,LinUCB,777.290459000028
1787823173.8264616,chacha20,0.941171092,amd64,200,LinUCB,1000.822095999979
1787823174.0471485,amd_faster,0.669035309,amd64,200,LinUCB,723.5472830000163
1787823174.2945101,readdisk,1.042215312,arm64,200,LinUCB,1093.1957919999604
1787823174.5198548,arm_faster,0.724443699,arm64,200,LinUCB,778.0383780000193
1787823174.5320954,linpack,0.735457719,amd64,200,LinUCB,769.6759450000172
1787823174.7752726,amd_faster,0.67554393,amd64,200,LinUCB,727.7440200000456
1787823174.841483,chacha20,0.948793692,amd64,200,LinUCB,1014.5859759999212
1787823175.2947595,arm_faster,0.722133099,arm64,200,LinUCB,774.3883470000128
1787823175.3025017,linpack,0.728475655,amd64,200,LinUCB,769.9591079999664
1787823175.388637,readdisk,1.042993591,arm64,200,LinUCB,1093.7519789999897
1787823175.5138884,amd_faster,0.678426291,amd64,200,LinUCB,738.1775149999612
1787823176.0681412,arm_faster,0.722354579,arm64,200,LinUCB,772.8430370000297
1787823176.088014,linpack,0.741595053,amd64,200,LinUCB,785.039654000002
1787823176.237181,amd_faster,0.666669902,amd64,200,LinUCB,722.7927910000744
1787823176.2491894,chacha20,1.3555854520000001,amd64,200,LinUCB,1407.2206519999781
1787823176.4936907,readdisk,1.042513991,arm64,200,LinUCB,1104.6577810000144
1787823176.8562765,arm_faster,0.722739859,arm64,200,LinUCB,787.6437170000372
1787823176.868557,linpack,0.733503913,amd64,200,LinUCB,780.096368000045
1787823176.958738,amd_faster,0.667268006,amd64,200,LinUCB,721.1310289999346
1787823177.291327,chacha20,0.947456516,amd64,200,LinUCB,1041.6212940000378
1787823177.5935972,readdisk,1.043054031,arm64,200,LinUCB,1099.5194619999893
1787823177.6309338,arm_faster,0.720313099,arm64,200,LinUCB,774.3001840000261
1787823177.650494,linpack,0.738643876,amd64,200,LinUCB,781.5880220000508
1787823177.6856198,amd_faster,0.673577212,amd64,200,LinUCB,726.5291019999722
1787823178.2885242,chacha20,0.946545489,amd64,200,LinUCB,996.7208049999954
1787823178.416734,arm_faster,0.721060099,arm64,200,LinUCB,785.4010920000292
1787823178.4236524,linpack,0.726892365,amd64,200,LinUCB,772.7218669999729
1787823178.4277945,amd_faster,0.675692713,amd64,200,LinUCB,741.8654210000568
1787823178.6895816,readdisk,1.042509751,arm64,200,LinUCB,1095.6204650000245
1787823179.193554,arm_faster,0.722392418,arm64,200,LinUCB,776.4604189999318
1787823179.1982334,linpack,0.726178362,amd64,200,LinUCB,774.0387449999844
1787823179.2013428,amd_faster,0.672272558,amd64,200,LinUCB,773.2050800000252
1787823179.380764,thread,11.197422169,arm64,200,LinUCB,11317.994873999964
1787823179.7830324,readdisk,1.041890191,arm64,200,LinUCB,1093.0576719999863
1787823179.9727335,arm_faster,0.722609419,arm64,200,LinUCB,778.837617000022
1787823179.9748359,amd_faster,0.670354451,amd64,200,LinUCB,773.2118380000657
1787823179.9826767,linpack,0.731913965,amd64,200,LinUCB,784.1165039999396
1787823180.346543,chacha20,1.9868517749999999,amd64,200,LinUCB,2057.3907550000285
1787823180.564004,readmemory,10.335019535,arm64,200,LinUCB,10396.164580999994
1787823180.743252,arm_faster,0.719358499,arm64,200,LinUCB,770.153495000045
1787823180.7683825,amd_faster,0.686971039,amd64,200,LinUCB,793.1966740000007
1787823180.8071325,linpack,0.724771715,amd64,200,LinUCB,824.0333960000044
1787823180.8768806,readdisk,1.042877751,arm64,200,LinUCB,1093.1523379999817
1787823181.3529027,chacha20,0.950559148,amd64,200,LinUCB,1005.628975000036
1787823181.516586,arm_faster,0.720981979,arm64,200,LinUCB,772.6422049998973
1787823181.5198822,amd_faster,0.677216584,amd64,200,LinUCB,751.1451520000492
1787823181.5806582,linpack,0.737618582,amd64,200,LinUCB,773.1528179999714
1787823181.9764607,primenumber,16.559780688,arm64,200,LinUCB,16613.987042000077
1787823181.9786687,readdisk,1.041868712,arm64,200,LinUCB,1101.3306259999354
1787823182.2932699,amd_faster,0.669220204,amd64,200,LinUCB,773.0380079999577
1787823182.2950225,arm_faster,0.722659779,arm64,200,LinUCB,778.0286269999124
1787823182.3585355,linpack,0.733907973,amd64,200,LinUCB,777.4867770000355
1787823182.3635557,chacha20,0.959929201,amd64,200,LinUCB,1010.2540999999974
1787823183.0296907,amd_faster,0.682379745,amd64,200,LinUCB,736.0391910000317
1787823183.118909,arm_faster,0.721058859,arm64,200,LinUCB,823.5304579999365
1787823183.1317966,linpack,0.733250684,amd64,200,LinUCB,772.8873840000006
1787823183.1338792,readdisk,1.041107752,arm64,200,LinUCB,1154.8875170000201
1787823183.7582257,amd_faster,0.673921023,amd64,200,LinUCB,728.1124160000445
1787823183.897351,arm_faster,0.719378219,arm64,200,LinUCB,777.7140740000732
1787823183.9115534,linpack,0.732515459,amd64,200,LinUCB,779.3034090000219
1787823184.2711031,readdisk,1.044075071,arm64,200,LinUCB,1136.798515999999
1787823184.416196,chacha20,1.968557919,amd64,200,LinUCB,2052.235128999996
1787823184.4913485,amd_faster,0.680146892,amd64,200,LinUCB,732.6991969999881
1787823184.6762884,arm_faster,0.726169218,arm64,200,LinUCB,778.5542829999486
1787823184.6852565,linpack,0.734527159,amd64,200,LinUCB,773.3155480000278
1787823185.2099164,amd_faster,0.666101494,amd64,200,LinUCB,718.1309989999818
1787823185.3709943,readdisk,1.041705072,arm64,200,LinUCB,1099.3278770000643
1787823185.4202933,chacha20,0.951603988,amd64,200,LinUCB,1003.6773630000653
1787823185.4512022,arm_faster,0.719441099,arm64,200,LinUCB,774.3542570000272
1787823185.4714172,linpack,0.737954338,amd64,200,LinUCB,785.7172989999981
1787823185.940291,amd_faster,0.675593389,amd64,200,LinUCB,729.8877790000233
1787823186.263834,arm_faster,0.720537779,arm64,200,LinUCB,812.2413690000485
1787823186.2914462,linpack,0.74660533,amd64,200,LinUCB,819.6075350000456
1787823186.4337053,chacha20,0.950136167,amd64,200,LinUCB,1012.9036990000486
1787823186.4742746,readdisk,1.042745311,arm64,200,LinUCB,1102.8739089999817
1787823186.674645,amd_faster,0.67651329,amd64,200,LinUCB,733.9852679999694
1787823187.0394194,arm_faster,0.720178098,arm64,200,LinUCB,775.195798000027
1787823187.0685945,linpack,0.748196219,amd64,200,LinUCB,776.784484000018
1787823187.3947232,amd_faster,0.669149608,amd64,200,LinUCB,719.7356660000196
1787823187.5812242,readdisk,1.042300711,arm64,200,LinUCB,1106.535870000016
1787823187.8168342,arm_faster,0.722641898,arm64,200,LinUCB,777.0474540000123
1787823187.8388493,linpack,0.743549586,amd64,200,LinUCB,769.8893639999369
1787823188.1131632,amd_faster,0.667355436,amd64,200,LinUCB,718.0309629999329
1787823188.4693916,chacha20,1.980509771,amd64,200,LinUCB,2035.121275999927
1787823188.5894718,arm_faster,0.720045859,arm64,200,LinUCB,772.2440589999451
1787823188.6155844,linpack,0.744846029,amd64,200,LinUCB,776.325480999958
1787823188.6865172,readdisk,1.043141472,arm64,200,LinUCB,1104.953733000002
1787823188.8371065,amd_faster,0.668892924,amd64,200,LinUCB,723.4814189999952
1787823189.3667805,arm_faster,0.722510139,arm64,200,LinUCB,776.8350780000901
1787823189.395477,linpack,0.749997349,amd64,200,LinUCB,779.3968250000489
1787823189.4810896,chacha20,0.950542129,amd64,200,LinUCB,1011.0064389999707
1787823189.562759,amd_faster,0.669666133,amd64,200,LinUCB,725.2634120000039
1787823189.7921026,readdisk,1.042268792,arm64,200,LinUCB,1105.1378529999738
1787823190.142339,arm_faster,0.718958059,arm64,200,LinUCB,775.0732859999516
1787823190.1755934,linpack,0.750593628,amd64,200,LinUCB,779.5998469999859
1787823190.2896702,amd_faster,0.666962482,amd64,200,LinUCB,726.4601429999402
1787823190.482204,chacha20,0.948526727,amd64,200,LinUCB,1000.4334710000649
1787823190.7975934,thread,11.352744596,arm64,200,LinUCB,11416.478257999985
1787823190.894177,readdisk,1.044645311,arm64,200,LinUCB,1101.527893000025
1787823190.9257615,arm_faster,0.721959099,arm64,200,LinUCB,783.0368730000146
1787823190.945198,linpack,0.740219292,amd64,200,LinUCB,769.2225839999765
1787823190.957237,readmemory,10.339458976,arm64,200,LinUCB,10392.695132999961
1787823191.0179176,amd_faster,0.676984395,amd64,200,LinUCB,727.8492870000264
1787823191.491773,chacha20,0.95780374,amd64,200,LinUCB,1009.2166229999293
1787823191.7265143,arm_faster,0.719938859,arm64,200,LinUCB,800.4444199999625
1787823191.744452,linpack,0.736977977,amd64,200,LinUCB,798.9687250000088
1787823191.7891235,amd_faster,0.679126448,amd64,200,LinUCB,770.472232999964
1787823191.996081,readdisk,1.041648512,arm64,200,LinUCB,1101.4676429999781
1787823192.4997964,chacha20,0.955888261,amd64,200,LinUCB,1007.6502029999119
1787823192.5044851,arm_faster,0.720532219,arm64,200,LinUCB,777.6044830000046
1787823192.5172472,linpack,0.732396518,amd64,200,LinUCB,772.4635339999395
1787823192.5228143,amd_faster,0.678853534,amd64,200,LinUCB,733.3906650000017
1787823193.0895581,readdisk,1.041198672,arm64,200,LinUCB,1093.1209569999965
1787823193.3471863,arm_faster,0.722141179,arm64,200,LinUCB,842.1912470000734
1787823193.348526,linpack,0.722472639,amd64,200,LinUCB,830.9622960000524
1787823193.354701,amd_faster,0.666224742,amd64,200,LinUCB,831.525929999998
1787823193.5079317,chacha20,0.949124078,amd64,200,LinUCB,1007.7699639999764
1787823194.1354048,arm_faster,0.722788738,arm64,200,LinUCB,787.8299799999695
1787823194.1380568,amd_faster,0.67675031,amd64,200,LinUCB,782.9567189999125
1787823194.1484208,linpack,0.734773656,amd64,200,LinUCB,799.1534719999436
1787823194.2040558,readdisk,1.041572431,arm64,200,LinUCB,1114.0774380000948
1787823194.5089233,chacha20,0.947163686,amd64,200,LinUCB,1000.5629360000512
1787823194.9180586,arm_faster,0.722638179,arm64,200,LinUCB,781.9054920000781
1787823194.9202716,amd_faster,0.676314709,amd64,200,LinUCB,780.9060949999775
1787823194.968796,linpack,0.725210952,amd64,200,LinUCB,819.9944870000309
1787823195.344691,readdisk,1.042255792,arm64,200,LinUCB,1140.1747370000521
1787823195.531467,chacha20,0.951330105,amd64,200,LinUCB,1022.0690020000802
1787823195.709581,arm_faster,0.723435859,arm64,200,LinUCB,790.7360020000169
1787823195.728004,amd_faster,0.675697839,amd64,200,LinUCB,806.9064320000052
1787823195.7798135,linpack,0.726300143,amd64,200,LinUCB,810.6761359999837
1787823196.4378684,readdisk,1.0428465120000001,arm64,200,LinUCB,1092.8481259999216
1787823196.4846067,amd_faster,0.671718869,amd64,200,LinUCB,756.250338999962
1787823196.4868264,arm_faster,0.720050379,arm64,200,LinUCB,776.8889989999934
1787823196.5356805,chacha20,0.946945576,amd64,200,LinUCB,1003.7999620000164
1787823196.5510974,linpack,0.736924469,amd64,200,LinUCB,770.884561999992
1787823197.2126966,amd_faster,0.667540776,amd64,200,LinUCB,727.7837189999445
1787823197.3184402,arm_faster,0.723551139,arm64,200,LinUCB,831.0919360000071
1787823197.3739383,linpack,0.731102832,amd64,200,LinUCB,822.5058409999519
1787823197.5395007,readdisk,1.040604231,arm64,200,LinUCB,1101.266919000068
1787823197.5914328,chacha20,0.949281256,amd64,200,LinUCB,1054.9857080000038
1787823197.9413116,amd_faster,0.675209421,amd64,200,LinUCB,728.046715000005
1787823198.1054714,arm_faster,0.720358739,arm64,200,LinUCB,786.6513289999375
1787823198.135686,linpack,0.749392097,amd64,200,LinUCB,761.2111660000664
1787823198.5954692,chacha20,0.950724857,amd64,200,LinUCB,1003.5606889999826
1787823198.597862,primenumber,16.557515929,arm64,200,LinUCB,16621.039669000085
1787823198.6387546,readdisk,1.041664872,arm64,200,LinUCB,1098.8903569999593
1787823198.6770678,amd_faster,0.679868399,amd64,200,LinUCB,735.267958999998
1787823198.8962922,arm_faster,0.737388377,arm64,200,LinUCB,790.3741359999685
1787823198.906163,linpack,0.746219316,amd64,200,LinUCB,769.9714940000604
1787823199.4944863,amd_faster,0.670231611,amd64,200,LinUCB,816.9774459998962
1787823199.609029,chacha20,0.95393665,amd64,200,LinUCB,1013.01688500007
1787823199.685923,arm_faster,0.721946379,arm64,200,LinUCB,789.1660239999965
1787823199.7038708,linpack,0.738804593,amd64,200,LinUCB,797.30125399999
1787823199.8139207,readdisk,1.042247671,arm64,200,LinUCB,1174.6648680000362
1787823200.2150402,amd_faster,0.668013965,amd64,200,LinUCB,720.074942999986
1787823200.325502,filehandle,35.243890729,amd64,200,LinUCB,35247.88503100001
1787823200.4605732,arm_faster,0.722699618,arm64,200,LinUCB,774.1920749999736
1787823200.4899538,linpack,0.751011448,amd64,200,LinUCB,785.6316879999667
1787823200.6111672,chacha20,0.948388076,amd64,200,LinUCB,1001.4619229999653
1787823200.910789,readdisk,1.043364471,arm64,200,LinUCB,1096.339108000052
1787823200.9433398,amd_faster,0.675774098,amd64,200,LinUCB,727.9312549999304
1787823201.2373884,arm_faster,0.722432698,arm64,200,LinUCB,776.4264630000071
1787823201.2824323,linpack,0.765552837,amd64,200,LinUCB,792.0101899999281
1787823201.4037693,readmemory,10.341521255,arm64,200,LinUCB,10446.201937999944
1787823201.61579,chacha20,0.950350573,amd64,200,LinUCB,1004.1156209999826
1787823201.686561,amd_faster,0.675735239,amd64,200,LinUCB,742.8810839999187
1787823202.0047188,readdisk,1.041900431,arm64,200,LinUCB,1093.481698000005
1787823202.0184994,arm_faster,0.722965818,arm64,200,LinUCB,780.6537280000612
1787823202.039172,linpack,0.742168977,amd64,200,LinUCB,756.1953279999898
1787823202.334848,thread,11.471002906,arm64,200,LinUCB,11536.829458000057
1787823202.4033945,amd_faster,0.665032058,amd64,200,LinUCB,716.4120569999568
1787823202.616857,chacha20,0.950023399,amd64,200,LinUCB,1000.6627210000261
1787823202.837651,arm_faster,0.723657939,arm64,200,LinUCB,818.7152780000133
1787823202.8425558,linpack,0.727404298,amd64,200,LinUCB,802.8486099999554
1787823203.107007,readdisk,1.040395432,arm64,200,LinUCB,1101.7654260000427
1787823203.1268523,amd_faster,0.669105129,amd64,200,LinUCB,723.0564850000292
1787823203.6163836,chacha20,0.946746596,amd64,200,LinUCB,999.0963279999505
1787823203.6221042,arm_faster,0.720141179,arm64,200,LinUCB,783.9570950000052
1787823203.655464,linpack,0.751635175,amd64,200,LinUCB,812.5300550000247
1787823203.8838136,amd_faster,0.678201712,amd64,200,LinUCB,756.4128870000104
1787823204.1997206,readdisk,1.041466072,arm64,200,LinUCB,1092.3557790000586
1787823204.4724832,arm_faster,0.720420779,arm64,200,LinUCB,849.9224290000029
1787823204.483792,linpack,0.731020978,amd64,200,LinUCB,827.9101829999718
1787823204.635028,amd_faster,0.674112244,amd64,200,LinUCB,749.3500460000178
1787823204.9223228,chacha20,1.233172576,amd64,200,LinUCB,1305.5846500000143
1787823205.2457175,arm_faster,0.720108539,arm64,200,LinUCB,772.7287540000134
1787823205.269421,linpack,0.743196994,amd64,200,LinUCB,785.2559410000595
1787823205.3095498,readdisk,1.044836791,arm64,200,LinUCB,1109.4411169999603
1787823205.3639407,amd_faster,0.675791064,amd64,200,LinUCB,728.4325200000694
1787823205.9324374,chacha20,0.950357171,amd64,200,LinUCB,1009.4614440000669
1787823206.0262911,arm_faster,0.721881419,arm64,200,LinUCB,780.1054269999668
1787823206.053353,linpack,0.747292181,amd64,200,LinUCB,783.2437559999335
1787823206.0951197,amd_faster,0.676210143,amd64,200,LinUCB,730.3048420000096
1787823206.4070702,readdisk,1.041728552,arm64,200,LinUCB,1097.040839999977
1787823206.8101315,arm_faster,0.720094818,arm64,200,LinUCB,783.3788570000024
1787823206.8248112,amd_faster,0.670982411,amd64,200,LinUCB,728.6619469999778
1787823206.8440948,linpack,0.752632612,amd64,200,LinUCB,790.0855660000161
1787823206.939101,chacha20,0.953983993,amd64,200,LinUCB,1006.2070320000203
1787823207.5026338,readdisk,1.041172512,arm64,200,LinUCB,1095.143136000047
1787823207.583874,arm_faster,0.719791219,arm64,200,LinUCB,773.3708690000185
1787823207.5859249,amd_faster,0.676245652,amd64,200,LinUCB,760.7404240000051
1787823207.6381893,linpack,0.726999694,amd64,200,LinUCB,793.5789739999564
1787823207.9407766,chacha20,0.948802669,amd64,200,LinUCB,1001.2894540000161
1787823208.3628852,arm_faster,0.719389339,arm64,200,LinUCB,778.452131999984
1787823208.3721216,amd_faster,0.679623743,amd64,200,LinUCB,785.6241869999394
1787823208.4313715,linpack,0.73760673,amd64,200,LinUCB,792.7268909999157
1787823208.598954,readdisk,1.041214552,arm64,200,LinUCB,1095.8883109999533
1787823208.9341106,chacha20,0.942850807,amd64,200,LinUCB,992.6293550000764
1787823209.1387634,arm_faster,0.719092979,arm64,200,LinUCB,775.08163899995
1787823209.1405814,amd_faster,0.669909828,amd64,200,LinUCB,768.0870299999469
1787823209.2162948,linpack,0.744385928,amd64,200,LinUCB,784.3306040000471
1787823209.6976426,readdisk,1.040915871,arm64,200,LinUCB,1098.2547269999259
1787823209.9055016,amd_faster,0.667208942,amd64,200,LinUCB,763.3913390000089
1787823209.9141803,arm_faster,0.723554219,arm64,200,LinUCB,774.9979929999427
1787823209.9323392,chacha20,0.94554091,amd64,200,LinUCB,997.8270050000901
1787823209.9862692,linpack,0.746972361,amd64,200,LinUCB,769.6236330000374
1787823210.6306872,amd_faster,0.674082674,amd64,200,LinUCB,724.8746400000528
1787823210.723141,arm_faster,0.719504339,arm64,200,LinUCB,808.2973629999515
1787823210.7951128,readdisk,1.042637991,arm64,200,LinUCB,1097.08127600004
1787823210.7965562,linpack,0.733780302,amd64,200,LinUCB,809.5722000000478
1787823211.3567529,amd_faster,0.675825528,amd64,200,LinUCB,725.6066289999126
1787823211.5095603,arm_faster,0.731824058,arm64,200,LinUCB,785.9959920000392
1787823211.5852008,linpack,0.734413274,amd64,200,LinUCB,787.9757270000027
1787823211.8655064,readmemory,10.333289596,arm64,200,LinUCB,10461.420312000086
1787823211.8907013,readdisk,1.040972831,arm64,200,LinUCB,1095.1297100000374
1787823211.9531422,chacha20,1.890538716,amd64,200,LinUCB,2020.4464910000297
1787823212.101555,amd_faster,0.673793743,amd64,200,LinUCB,744.1976869999962
1787823212.2889192,arm_faster,0.719372458,arm64,200,LinUCB,779.0139769999769
1787823212.347902,linpack,0.758262462,amd64,200,LinUCB,762.3819699999785
1787823212.8248074,amd_faster,0.66486788,amd64,200,LinUCB,722.8874119999773
1787823212.9961407,chacha20,0.951658028,amd64,200,LinUCB,1041.7854679999436
1787823213.0323725,readdisk,1.041747311,arm64,200,LinUCB,1141.0314639999797
1787823213.065182,arm_faster,0.721693499,arm64,200,LinUCB,775.478033000013
1787823213.1153376,linpack,0.759392887,amd64,200,LinUCB,767.0162209999489
1787823213.552005,amd_faster,0.673951292,amd64,200,LinUCB,726.5693659999215
1787823213.8483026,thread,11.461824107,arm64,200,LinUCB,11512.963753999997
1787823213.869774,arm_faster,0.719349699,arm64,200,LinUCB,804.0213770000264
1787823213.9066722,linpack,0.755069328,amd64,200,LinUCB,790.8408329999475
1787823213.99883,chacha20,0.949114638,amd64,200,LinUCB,1002.2355679999464
1787823214.1391184,readdisk,1.041414832,arm64,200,LinUCB,1106.317716000035
1787823214.2790148,amd_faster,0.673677186,amd64,200,LinUCB,726.5070529999775
1787823214.6802573,arm_faster,0.722298499,arm64,200,LinUCB,809.865942999977
1787823214.7006953,linpack,0.74139041,amd64,200,LinUCB,793.596430999969
1787823215.005814,chacha20,0.947632083,amd64,200,LinUCB,1006.4832970000452
1787823215.016651,amd_faster,0.671817677,amd64,200,LinUCB,737.0990519999623
1787823215.2450695,readdisk,1.041544432,arm64,200,LinUCB,1105.4507259999582
1787823215.2559485,primenumber,16.539520282,arm64,200,LinUCB,16657.384865999917
1787823215.4530342,arm_faster,0.720184619,arm64,200,LinUCB,772.1731479999789
1787823215.4741642,linpack,0.738942283,amd64,200,LinUCB,772.6234750000458
1787823215.7752442,amd_faster,0.66465861,amd64,200,LinUCB,758.0310649999547
1787823216.0137265,chacha20,0.948430685,amd64,200,LinUCB,1007.2938409999779
1787823216.2310412,arm_faster,0.722518539,arm64,200,LinUCB,777.4969239999336
1787823216.2584405,linpack,0.74918616,amd64,200,LinUCB,783.4719359999553
1787823216.3529027,readdisk,1.042890472,arm64,200,LinUCB,1107.1461550000095
1787823216.5083337,amd_faster,0.673569516,amd64,200,LinUCB,732.4346310000465
1787823217.0073318,arm_faster,0.72029696,arm64,200,LinUCB,775.7313840000961
1787823217.0170736,chacha20,0.950617112,amd64,200,LinUCB,1002.7108479999924
1787823217.0375028,linpack,0.748724159,amd64,200,LinUCB,778.6286859999336
1787823217.2375472,amd_faster,0.672515311,amd64,200,LinUCB,728.4649299999728
1787823217.447239,readdisk,1.043311883,arm64,200,LinUCB,1093.80459099998
1787823217.784081,arm_faster,0.723840036,arm64,200,LinUCB,776.0828299999503
1787823217.8548496,linpack,0.737799327,amd64,200,LinUCB,816.7946249999432
1787823217.967934,amd_faster,0.669979518,amd64,200,LinUCB,729.8676709999654
1787823218.0729504,chacha20,0.956681241,amd64,200,LinUCB,1055.2047689999426
1787823218.5437953,readdisk,1.04129981,arm64,200,LinUCB,1096.1259169999948
1787823218.5695064,arm_faster,0.720027039,arm64,200,LinUCB,785.0118740000198
1787823218.6149366,linpack,0.754856924,amd64,200,LinUCB,759.4613930000378
1787823218.7083247,amd_faster,0.669905675,amd64,200,LinUCB,739.8404990000245
1787823219.0793297,chacha20,0.953424532,amd64,200,LinUCB,1005.8204470000192
1787823219.368531,arm_faster,0.721168158,arm64,200,LinUCB,798.6678919999122
1787823219.4022987,linpack,0.753651335,amd64,200,LinUCB,786.8493569999373
1787823219.439679,amd_faster,0.676771894,amd64,200,LinUCB,730.8767220000618
1787823219.6428676,readdisk,1.04165629,arm64,200,LinUCB,1098.5263229999873
1787823220.09555,chacha20,0.950276308,amd64,200,LinUCB,1015.774044000068
1787823220.1567512,arm_faster,0.720068279,arm64,200,LinUCB,787.4237690000427
1787823220.162041,amd_faster,0.663954005,amd64,200,LinUCB,721.7827150000176
1787823220.1891928,linpack,0.751829115,amd64,200,LinUCB,786.2980439999774
1787823220.7378135,readdisk,1.043950568,arm64,200,LinUCB,1094.4929649999722
1787823220.9271677,amd_faster,0.669514654,amd64,200,LinUCB,764.7577060000685
1787823220.9284298,arm_faster,0.7195478,arm64,200,LinUCB,771.2546149999753
1787823220.9910953,linpack,0.73225079,amd64,200,LinUCB,801.3088769999968
1787823221.1023276,chacha20,0.947646496,amd64,200,LinUCB,1006.3691400000607
1787823221.6670806,amd_faster,0.6725593,amd64,200,LinUCB,739.5072040000059
1787823221.7650096,arm_faster,0.719326839,arm64,200,LinUCB,835.6659329999729
1787823221.7917807,linpack,0.745179542,amd64,200,LinUCB,800.2840479999804
1787823221.8457706,readdisk,1.043989568,arm64,200,LinUCB,1107.3919899999964
1787823222.102659,chacha20,0.949478616,amd64,200,LinUCB,999.9503230000073
1787823222.2744489,readmemory,10.343398834,arm64,200,LinUCB,10408.50392599998
1787823222.4014156,amd_faster,0.679971467,amd64,200,LinUCB,733.874554999943
1787823222.537172,arm_faster,0.719457799,arm64,200,LinUCB,771.5603399999509
1787823222.5616765,linpack,0.744255121,amd64,200,LinUCB,769.4525599999906
1787823222.9488678,readdisk,1.04220549,arm64,200,LinUCB,1102.499408999961
1787823223.1287227,amd_faster,0.674179547,amd64,200,LinUCB,726.840382999967
1787823223.132232,chacha20,0.955442743,amd64,200,LinUCB,1029.1836269999521
1787823223.3092546,arm_faster,0.721010478,arm64,200,LinUCB,771.384825000041
1787823223.3292668,linpack,0.739875066,amd64,200,LinUCB,767.2312270000248
1787823223.8546271,amd_faster,0.663253021,amd64,200,LinUCB,725.3776339999831
1787823224.0429947,readdisk,1.04226025,arm64,200,LinUCB,1093.6282230001098
1787823224.0910704,arm_faster,0.721083198,arm64,200,LinUCB,781.3977990000467
1787823224.1108115,linpack,0.738663054,amd64,200,LinUCB,781.1482380000143
1787823224.1973906,chacha20,0.957995299,amd64,200,LinUCB,1063.9448690000108
1787823224.5855155,amd_faster,0.676884119,amd64,200,LinUCB,730.2180960000442
1787823224.8711538,arm_faster,0.71905016,arm64,200,LinUCB,779.5282919998954
1787823224.899624,linpack,0.745686106,amd64,200,LinUCB,788.1379130000141
1787823225.1384351,readdisk,1.041041331,arm64,200,LinUCB,1094.8134449999998
1787823225.2119005,chacha20,0.960518578,amd64,200,LinUCB,1013.9731709999751
1787823225.3779964,amd_faster,0.677427974,amd64,200,LinUCB,791.8570709999813
1787823225.390576,thread,11.486658719,arm64,200,LinUCB,11541.63960400001
1787823225.6504323,arm_faster,0.722649237,arm64,200,LinUCB,778.5820230000127
1787823225.6748896,linpack,0.746298671,amd64,200,LinUCB,774.8264789998984
1787823226.1022518,amd_faster,0.669710997,amd64,200,LinUCB,723.8012079999407
1787823226.217016,chacha20,0.950943705,amd64,200,LinUCB,1004.291319999993
1787823226.3074229,readdisk,1.043342049,arm64,200,LinUCB,1168.428353999957
1787823226.4371517,arm_faster,0.723832396,arm64,200,LinUCB,785.788579000041
1787823226.4613853,linpack,0.747219959,amd64,200,LinUCB,785.9828940000853
1787823226.8264263,amd_faster,0.66798725,amd64,200,LinUCB,723.7546999999722
1787823227.2147753,arm_faster,0.720069839,arm64,200,LinUCB,777.1029460000136
1787823227.2248101,chacha20,0.950118115,amd64,200,LinUCB,1007.2273470000255
1787823227.2460465,linpack,0.749841483,amd64,200,LinUCB,784.2199459998938
1787823227.4070878,readdisk,1.043182009,arm64,200,LinUCB,1099.191057999974
1787823227.6314976,amd_faster,0.754868689,amd64,200,LinUCB,804.6534479999536
1787823228.0807965,linpack,0.74472382,amd64,200,LinUCB,834.3843200000265
1787823228.3832054,chacha20,1.047364522,amd64,200,LinUCB,1157.933387000071
1787823228.515458,readdisk,1.041756491,arm64,200,LinUCB,1107.9823290000377
1787823228.598648,amd_faster,0.915362548,amd64,200,LinUCB,966.7124300000296
1787823228.783516,arm_faster,1.446931888,amd64,200,LinUCB,1568.141910999998
1787823228.8503559,linpack,0.764133264,amd64,200,LinUCB,768.9736830000129
1787823229.3268487,amd_faster,0.674791851,amd64,200,LinUCB,727.7296419999857
1787823229.5619948,arm_faster,0.722116837,arm64,200,LinUCB,778.0109380000795
1787823229.612552,readdisk,1.04094805,arm64,200,LinUCB,1096.6633499999716
1787823229.6155884,linpack,0.759019413,amd64,200,LinUCB,764.8525619999873
1787823229.8863316,chacha20,1.451305382,amd64,200,LinUCB,1502.7289380000184
1787823230.0637212,amd_faster,0.675805551,amd64,200,LinUCB,736.3910440000154
1787823230.3326187,arm_faster,0.719644479,arm64,200,LinUCB,770.1872200000253
1787823230.411395,linpack,0.73759434,amd64,200,LinUCB,794.7546389999616
1787823230.7387228,readdisk,1.06534671,arm64,200,LinUCB,1124.935273999995
1787823230.788317,amd_faster,0.672724133,amd64,200,LinUCB,724.1400770000155
1787823231.0401149,filehandle,30.7092935,arm64,200,LinUCB,30714.117932000023
1787823231.1314898,chacha20,1.187113841,amd64,200,LinUCB,1244.6002870000257
1787823231.17514,linpack,0.757804492,amd64,200,LinUCB,763.1259940000064
1787823231.193878,arm_faster,0.720525158,arm64,200,LinUCB,860.7626259999961
1787823231.5170708,amd_faster,0.67027638,amd64,200,LinUCB,728.209363000019
1787823231.8405693,readdisk,1.04252617,arm64,200,LinUCB,1101.306566000062
1787823231.9121728,primenumber,16.550960303,arm64,200,LinUCB,16655.659482000032
1787823231.9430985,linpack,0.741013243,amd64,200,LinUCB,767.2560460000568
1787823231.972808,arm_faster,0.720909118,arm64,200,LinUCB,778.4351020000031
1787823232.1540964,chacha20,0.953131025,amd64,200,LinUCB,1022.1379849999721
1787823232.2527144,amd_faster,0.677097148,amd64,200,LinUCB,735.1293289999603
1787823232.6602857,readmemory,10.334086276,arm64,200,LinUCB,10385.420601000078
1787823232.7164688,linpack,0.744211214,amd64,200,LinUCB,772.9348440000194
1787823232.7467673,arm_faster,0.720449919,arm64,200,LinUCB,773.3992729999954
1787823232.9462073,readdisk,1.043785168,arm64,200,LinUCB,1105.1857749999954
1787823232.981713,amd_faster,0.670766671,amd64,200,LinUCB,728.4358669999165
1787823233.154092,chacha20,0.947509425,amd64,200,LinUCB,999.4452600000159
1787823233.4849083,linpack,0.763537733,amd64,200,LinUCB,768.0090430000064
1787823233.5195801,arm_faster,0.721873517,arm64,200,LinUCB,772.2471089999772
1787823233.7263162,amd_faster,0.66710915,amd64,200,LinUCB,744.1934000000856
1787823234.0418456,readdisk,1.04183153,arm64,200,LinUCB,1095.1387869999962
1787823234.1589363,chacha20,0.942834207,amd64,200,LinUCB,1004.0503469999749
1787823234.24492,linpack,0.754822557,amd64,200,LinUCB,759.5778840000094
1787823234.2923064,arm_faster,0.720583478,arm64,200,LinUCB,772.0773669999517
1787823234.4642174,amd_faster,0.669002428,amd64,200,LinUCB,737.3595020000039
1787823235.0015948,linpack,0.750895379,amd64,200,LinUCB,755.39792699999
1787823235.0723612,arm_faster,0.722354636,arm64,200,LinUCB,779.6899470000653
1787823235.1350322,readdisk,1.041176571,arm64,200,LinUCB,1092.6854110000477
1787823235.1981924,amd_faster,0.679978869,amd64,200,LinUCB,733.451448999972
1787823235.730449,chacha20,1.520601222,amd64,200,LinUCB,1571.0451410000132
1787823235.7621462,linpack,0.755787848,amd64,200,LinUCB,760.0255380000362
1787823235.8474607,arm_faster,0.720476439,arm64,200,LinUCB,774.4657740000775
1787823235.9305775,amd_faster,0.677703712,amd64,200,LinUCB,731.8500300000323
1787823236.229617,readdisk,1.04201881,arm64,200,LinUCB,1094.257405999997
1787823236.5398722,linpack,0.744095946,amd64,200,LinUCB,777.3640369999839
1787823236.6294699,arm_faster,0.724688274,arm64,200,LinUCB,781.5835369999604
1787823236.6587317,amd_faster,0.667219679,amd64,200,LinUCB,727.7749429999858
1787823236.861176,thread,11.363998952,arm64,200,LinUCB,11470.168470999964
1787823237.3042336,linpack,0.759034099,amd64,200,LinUCB,763.3391210000582
1787823237.3115978,chacha20,1.5169596589999998,amd64,200,LinUCB,1580.6309780000447
1787823237.3328898,readdisk,1.043135929,arm64,200,LinUCB,1102.9083640000863
1787823237.4076345,amd_faster,0.673088123,amd64,200,LinUCB,748.3656969999402
1787823237.4145327,arm_faster,0.73078475,arm64,200,LinUCB,784.4767330000195
1787823238.0622454,linpack,0.752956771,amd64,200,LinUCB,757.5724110000692
1787823238.1782854,amd_faster,0.661851912,amd64,200,LinUCB,770.148610000092
1787823238.284914,arm_faster,0.721586557,arm64,200,LinUCB,869.9115120000442
1787823238.4829476,chacha20,1.005843563,arm64,200,LinUCB,1170.8411649999562
1787823238.5062785,readdisk,1.04218761,arm64,200,LinUCB,1172.5206140000637
1787823238.8161337,linpack,0.749127385,amd64,200,LinUCB,753.4432749999951
1787823238.8987336,amd_faster,0.66798017,amd64,200,LinUCB,719.8064880000175
1787823239.0667284,arm_faster,0.722841756,arm64,200,LinUCB,781.121293999945
1787823239.4888458,chacha20,0.951528451,amd64,200,LinUCB,1005.4463449999957
1787823239.5805752,linpack,0.759891968,amd64,200,LinUCB,764.0828679999458
1787823239.6235623,readdisk,1.040324251,arm64,200,LinUCB,1116.5622219999705
1787823239.6289349,amd_faster,0.670687423,amd64,200,LinUCB,729.4954889999872
1787823239.8522236,arm_faster,0.720778798,arm64,200,LinUCB,785.0323349999826
1787823240.3412228,linpack,0.755230136,amd64,200,LinUCB,760.0899729999355
1787823240.4001243,amd_faster,0.676147745,amd64,200,LinUCB,770.6667810000454
1787823240.50159,chacha20,0.957447854,amd64,200,LinUCB,1012.2743270000001
1787823240.6260507,arm_faster,0.721559717,arm64,200,LinUCB,773.3818089999431
1787823240.7201455,readdisk,1.043912928,arm64,200,LinUCB,1096.0874799999374
1787823241.104443,linpack,0.7575737,amd64,200,LinUCB,762.7265859999852
1787823241.1416786,amd_faster,0.679920907,amd64,200,LinUCB,740.9374970000044
1787823241.4039564,arm_faster,0.724931634,arm64,200,LinUCB,777.4709340000072
1787823241.514282,chacha20,0.951643147,amd64,200,LinUCB,1012.2634020000305
1787823241.8242633,readdisk,1.043596248,arm64,200,LinUCB,1103.7487629999987
1787823241.8719063,linpack,0.762667938,amd64,200,LinUCB,767.0703170000479
1787823241.8728974,amd_faster,0.676218007,amd64,200,LinUCB,730.8887189999496
1787823242.1809254,arm_faster,0.724983755,arm64,200,LinUCB,776.4536629999839
1787823242.5258527,chacha20,0.949254834,amd64,200,LinUCB,1011.1983980000332
1787823242.602312,amd_faster,0.676345669,amd64,200,LinUCB,728.1213819999266
1787823242.6464334,linpack,0.767058881,amd64,200,LinUCB,772.9465150000578
1787823242.9243183,readdisk,1.049184084,arm64,200,LinUCB,1099.6338550000928
1787823242.9570746,arm_faster,0.721749438,arm64,200,LinUCB,775.6352940000397
1787823243.0549517,readmemory,10.337375035,arm64,200,LinUCB,10394.275225000001
1787823243.323879,amd_faster,0.669351064,amd64,200,LinUCB,721.0602300000346
1787823243.4216669,linpack,0.76584645,amd64,200,LinUCB,774.6537990000206
1787823243.5385017,chacha20,0.951221397,amd64,200,LinUCB,1012.2360990000061
1787823243.7481422,arm_faster,0.722847156,arm64,200,LinUCB,790.65286499997
1787823244.0176437,readdisk,1.040706132,arm64,200,LinUCB,1092.916726999988
1787823244.0596466,amd_faster,0.676761734,amd64,200,LinUCB,734.9950270000818
1787823244.1861732,linpack,0.759635807,amd64,200,LinUCB,763.9474549999932
1787823244.523689,arm_faster,0.720482359,arm64,200,LinUCB,774.9738400000297
1787823244.5415888,chacha20,0.953095106,amd64,200,LinUCB,1002.7663820000043
1787823244.7953892,amd_faster,0.673935808,amd64,200,LinUCB,735.4167030000553
1787823244.9458647,linpack,0.754709853,amd64,200,LinUCB,759.3379329999834
1787823245.1119444,readdisk,1.039692852,arm64,200,LinUCB,1093.903075000071
1787823245.315745,arm_faster,0.722236397,arm64,200,LinUCB,791.4038030000938
1787823245.5180986,amd_faster,0.667504948,amd64,200,LinUCB,722.2602430000507
1787823245.5947661,chacha20,0.953640092,amd64,200,LinUCB,1052.866053999992
1787823245.7153058,linpack,0.765237792,amd64,200,LinUCB,769.1148840000324
1787823246.1001954,arm_faster,0.71924144,arm64,200,LinUCB,783.9970079999148
1787823246.207837,readdisk,1.041415691,arm64,200,LinUCB,1095.4531029999544
1787823246.2568228,amd_faster,0.67141478,amd64,200,LinUCB,738.3532970000033
1787823246.4840367,linpack,0.763984397,amd64,200,LinUCB,768.3310439999786
1787823246.5941803,chacha20,0.947304945,amd64,200,LinUCB,998.9116350000131
1787823246.882556,arm_faster,0.722141557,arm64,200,LinUCB,781.9887420000668
1787823246.9744523,amd_faster,0.664847808,amd64,200,LinUCB,717.2593420000339
1787823247.2518659,linpack,0.762439436,amd64,200,LinUCB,767.3310989999891
1787823247.3043215,readdisk,1.043504689,arm64,200,LinUCB,1095.9736710000243
1787823247.657296,arm_faster,0.720599039,arm64,200,LinUCB,774.3829149999328
1787823247.6646745,chacha20,1.008042803,arm64,200,LinUCB,1070.0706359999685
1787823247.6894977,amd_faster,0.663477081,amd64,200,LinUCB,714.6759019999536
1787823248.0156279,linpack,0.758639878,amd64,200,LinUCB,763.2550689999107
1787823248.3999956,readdisk,1.041371027,arm64,200,LinUCB,1095.1762109999663
1787823248.408121,thread,11.415118893,arm64,200,LinUCB,11546.146159000045
1787823248.44018,arm_faster,0.722954644,arm64,200,LinUCB,782.390233000001
1787823248.4861588,amd_faster,0.668934332,amd64,200,LinUCB,796.168304000048
1787823248.7112274,chacha20,0.944711325,amd64,200,LinUCB,1046.096835999947
1787823248.7688627,linpack,0.747868163,amd64,200,LinUCB,752.7555570000004
1787823249.2809026,arm_faster,0.716949915,arm64,200,LinUCB,840.1851859999852
1787823249.2966661,amd_faster,0.672954117,amd64,200,LinUCB,810.1079619999609
1787823249.50191,readdisk,1.038957655,arm64,200,LinUCB,1101.4849329999379
1787823249.5262494,linpack,0.75298925,amd64,200,LinUCB,756.9842460000018
1787823249.7120645,chacha20,0.946307066,amd64,200,LinUCB,1000.2134590000651
1787823250.0539215,amd_faster,0.673853039,amd64,200,LinUCB,756.8230059999905
1787823250.0637887,arm_faster,0.730215035,arm64,200,LinUCB,781.9068049999487
1787823250.304335,linpack,0.740363346,amd64,200,LinUCB,777.7658570000767
1787823250.605243,readdisk,1.042605375,arm64,200,LinUCB,1102.671629999918
1787823250.7259283,chacha20,0.957528946,amd64,200,LinUCB,1013.4966350000241
1787823250.782846,amd_faster,0.673351879,amd64,200,LinUCB,728.2524539999713
1787823250.8877857,arm_faster,0.726589475,arm64,200,LinUCB,823.637647000055
1787823251.0624182,linpack,0.753137396,amd64,200,LinUCB,757.7492419999317
1787823251.5098617,amd_faster,0.666494559,amd64,200,LinUCB,726.6612720000012
1787823251.658712,arm_faster,0.720110675,arm64,200,LinUCB,770.6428620000452
1787823251.697235,readdisk,1.041716094,arm64,200,LinUCB,1091.6243369999847
1787823251.7267094,chacha20,0.948680109,amd64,200,LinUCB,1000.4122699999698
1787823251.8172646,linpack,0.74985465,amd64,200,LinUCB,754.4812449999654
1787823252.2379992,amd_faster,0.674906486,amd64,200,LinUCB,727.6500379999788
1787823252.4437356,arm_faster,0.721616435,arm64,200,LinUCB,784.6651759999759
1787823252.5865524,linpack,0.757388747,amd64,200,LinUCB,768.9415370000461
1787823252.7875953,chacha20,0.959920178,amd64,200,LinUCB,1060.528258999966
1787823252.8182645,readdisk,1.043657215,arm64,200,LinUCB,1120.6591199999139
1787823252.9857183,amd_faster,0.682866688,amd64,200,LinUCB,747.1602900000107
1787823253.2189448,arm_faster,0.725551234,arm64,200,LinUCB,774.8228689999905
1787823253.3477442,linpack,0.756544435,amd64,200,LinUCB,760.8159410000326
1787823253.4512455,readmemory,10.342068675,arm64,200,LinUCB,10395.883920000073
1787823253.707614,amd_faster,0.668657738,amd64,200,LinUCB,721.5079300000298
1787823253.8044796,chacha20,0.947909916,amd64,200,LinUCB,1016.5100430000393
1787823253.9655461,readdisk,1.043070335,arm64,200,LinUCB,1146.7297109999208
1787823253.9944808,arm_faster,0.721730195,arm64,200,LinUCB,775.1233399999364
1787823254.1045425,linpack,0.752100802,amd64,200,LinUCB,756.2407169999688
1787823254.439685,amd_faster,0.674082665,amd64,200,LinUCB,731.3728440000205
1787823254.7936854,arm_faster,0.722002995,arm64,200,LinUCB,798.764219000077
1787823254.862921,linpack,0.752600866,amd64,200,LinUCB,757.9800880000676
1787823255.060692,readdisk,1.041456335,arm64,200,LinUCB,1094.7485239998969
1787823255.160915,amd_faster,0.670510601,amd64,200,LinUCB,720.5418099999861
1787823255.5652375,arm_faster,0.721718435,arm64,200,LinUCB,770.9429530000307
1787823255.6185627,linpack,0.750260527,amd64,200,LinUCB,755.1877809999041
1787823255.7922666,chacha20,1.929424693,amd64,200,LinUCB,1987.4101269999755
1787823255.9018588,amd_faster,0.687224733,amd64,200,LinUCB,740.4823990000295
1787823256.1614058,readdisk,1.041202175,arm64,200,LinUCB,1100.1841199999944
1787823256.342127,arm_faster,0.724002394,arm64,200,LinUCB,776.3359890000174
1787823256.3769472,linpack,0.752722723,amd64,200,LinUCB,757.8871799998979
1787823256.6219985,amd_faster,0.667735922,amd64,200,LinUCB,719.6365879999576
1787823256.8026714,chacha20,0.952818018,amd64,200,LinUCB,1009.9018650000744
1787823257.1144748,arm_faster,0.719915235,arm64,200,LinUCB,771.9124999999849
1787823257.1424925,linpack,0.746674303,amd64,200,LinUCB,764.9769930000048
1787823257.2667184,readdisk,1.043611975,arm64,200,LinUCB,1104.8421929999677
1787823257.341865,amd_faster,0.666723401,amd64,200,LinUCB,719.4122259999176
1787823257.818005,chacha20,0.959798084,amd64,200,LinUCB,1014.8648150000099
1787823257.8895774,arm_faster,0.724443155,arm64,200,LinUCB,774.6669750000592
1787823257.9107015,linpack,0.744721884,amd64,200,LinUCB,767.7448780000304
1787823258.0829577,amd_faster,0.685808016,amd64,200,LinUCB,740.6113170000026
1787823258.3682845,readdisk,1.044464335,arm64,200,LinUCB,1101.1206069999844
1787823258.6851807,linpack,0.738450219,amd64,200,LinUCB,774.0067710000176
1787823258.6889596,arm_faster,0.743267874,arm64,200,LinUCB,798.9143160000367
1787823258.8077161,amd_faster,0.672918727,amd64,200,LinUCB,724.2925329999252
1787823259.4450753,linpack,0.753932117,amd64,200,LinUCB,759.2480979999436
1787823259.4640522,arm_faster,0.719460515,arm64,200,LinUCB,774.5627069999728
1787823259.4715254,readdisk,1.043778255,arm64,200,LinUCB,1102.844346999973
1787823259.5353177,amd_faster,0.673087441,amd64,200,LinUCB,727.2308329999078
1787823259.785852,thread,11.268096576,arm64,200,LinUCB,11377.313978999951
1787823259.8413305,chacha20,1.9638357640000002,amd64,200,LinUCB,2022.5928909999311
1787823260.1978478,linpack,0.747903568,amd64,200,LinUCB,752.3912579999887
1787823260.235483,arm_faster,0.720821035,arm64,200,LinUCB,771.0443449999502
1787823260.2970707,amd_faster,0.673577424,amd64,200,LinUCB,761.2762830000293
1787823260.612633,readdisk,1.047711535,arm64,200,LinUCB,1140.735890999963
1787823260.8620086,chacha20,0.959616374,amd64,200,LinUCB,1020.2300489999061
1787823260.9629533,linpack,0.759565601,amd64,200,LinUCB,764.6871309999597
1787823261.009765,arm_faster,0.723519395,arm64,200,LinUCB,773.8540310000417
1787823261.0276153,amd_faster,0.67880648,amd64,200,LinUCB,730.1131109999233
1787823261.7221513,readdisk,1.043016455,arm64,200,LinUCB,1109.065802000032
1787823261.7247326,linpack,0.755072037,amd64,200,LinUCB,761.218867000025
1787823261.7753627,amd_faster,0.667633857,amd64,200,LinUCB,747.3641020000059
1787823261.7803335,arm_faster,0.720102755,arm64,200,LinUCB,769.9668530000281
1787823261.8681364,chacha20,0.95230514,amd64,200,LinUCB,1005.7014249999838
1787823262.5098796,amd_faster,0.678963134,amd64,200,LinUCB,734.0284189999693
1787823262.5156798,linpack,0.7363446,amd64,200,LinUCB,789.860765999947
1787823262.5974717,arm_faster,0.720112155,arm64,200,LinUCB,816.5209339999819
1787823262.8231785,readdisk,1.044324414,arm64,200,LinUCB,1100.4753670000582
1787823262.8747241,chacha20,0.94812484,amd64,200,LinUCB,1006.1370860000807
1787823263.2404618,amd_faster,0.67441242,amd64,200,LinUCB,729.9924760000067
1787823263.305142,linpack,0.738029223,amd64,200,LinUCB,788.9821019999772
1787823263.3845494,arm_faster,0.722412754,arm64,200,LinUCB,786.5802719999238
1787823263.8468695,readmemory,10.340620755,arm64,200,LinUCB,10395.23405
1787823263.8967898,chacha20,0.951755254,amd64,200,LinUCB,1021.6673939999055
1787823263.933331,readdisk,1.042122575,arm64,200,LinUCB,1109.636163999994
1787823263.9756606,amd_faster,0.679506518,amd64,200,LinUCB,734.7521789999973
1787823264.0672615,linpack,0.757076997,amd64,200,LinUCB,761.4803359999769
1787823264.1583762,arm_faster,0.720549515,arm64,200,LinUCB,773.4358659999998
1787823264.7540665,amd_faster,0.672041699,amd64,200,LinUCB,778.0518680000341
1787823264.8397791,linpack,0.756320474,amd64,200,LinUCB,772.0332779999808
1787823264.934506,arm_faster,0.721242315,arm64,200,LinUCB,775.7307750000564
1787823265.0472095,chacha20,1.0667176760000001,amd64,200,LinUCB,1149.9013740000237
1787823265.0763955,readdisk,1.042272855,arm64,200,LinUCB,1142.671772999961
1787823265.483913,amd_faster,0.679029758,amd64,200,LinUCB,729.4554689999586
1787823265.5960438,linpack,0.751600794,amd64,200,LinUCB,755.7927130000053
1787823265.7064147,arm_faster,0.718901075,arm64,200,LinUCB,771.2297120000358
1787823266.0515485,chacha20,0.951235191,amd64,200,LinUCB,1003.7461539999413
1787823266.2026138,readdisk,1.041826295,arm64,200,LinUCB,1125.6772720000754
1787823266.2125294,amd_faster,0.675072139,amd64,200,LinUCB,728.2024510000156
1787823266.3491464,linpack,0.748166502,amd64,200,LinUCB,752.678623999941
1787823266.3627763,filehandle,35.317031185,amd64,200,LinUCB,35321.992122999975
1787823266.4757912,arm_faster,0.719379115,arm64,200,LinUCB,769.027608999977
1787823266.9776058,amd_faster,0.67281951,amd64,200,LinUCB,764.6785540000565
1787823267.0585465,chacha20,0.953412859,amd64,200,LinUCB,1006.5825130000121
1787823267.0987232,linpack,0.744471345,amd64,200,LinUCB,749.2126299999882
1787823267.2592418,arm_faster,0.723226994,arm64,200,LinUCB,782.9701290000912
1787823267.2980697,readdisk,1.043282415,arm64,200,LinUCB,1094.934573000046
1787823267.7040858,amd_faster,0.675251363,amd64,200,LinUCB,726.08095399994
1787823267.8598444,linpack,0.743766642,amd64,200,LinUCB,760.5994719999671
1787823268.0308187,arm_faster,0.721095075,arm64,200,LinUCB,771.2094640000942
1787823268.06506,chacha20,0.950389166,amd64,200,LinUCB,1006.0994010000286
1787823268.4130175,readdisk,1.044329535,arm64,200,LinUCB,1114.5029180000847
1787823268.431228,amd_faster,0.67158352,amd64,200,LinUCB,726.4714620000632
1787823268.6251204,linpack,0.76058347,amd64,200,LinUCB,764.5299529999647
1787823268.8026447,arm_faster,0.720568515,arm64,200,LinUCB,771.3641530000359
1787823269.0795367,chacha20,0.944921463,amd64,200,LinUCB,1014.0249999999469
1787823269.184566,amd_faster,0.670385622,amd64,200,LinUCB,752.9364279999982
1787823269.385088,linpack,0.755131577,amd64,200,LinUCB,759.5621070000789
1787823269.5056577,readdisk,1.041921375,arm64,200,LinUCB,1092.1479559999625
1787823269.5807858,arm_faster,0.720054195,arm64,200,LinUCB,777.7540399999907
1787823269.9057252,amd_faster,0.664954857,amd64,200,LinUCB,720.5761829999346
1787823270.0833528,chacha20,0.946696206,amd64,200,LinUCB,1003.3476499999097
1787823270.1445518,linpack,0.754282447,amd64,200,LinUCB,758.75956699997
1787823270.3509548,arm_faster,0.719506195,arm64,200,LinUCB,769.7854750000488
1787823270.60336,readdisk,1.042279574,arm64,200,LinUCB,1097.2423289999824
1787823270.6454968,amd_faster,0.679743293,amd64,200,LinUCB,739.3815159999804
1787823270.905632,linpack,0.755853538,amd64,200,LinUCB,760.2971119999893
1787823271.1381369,arm_faster,0.725719635,arm64,200,LinUCB,786.6723599998977
1787823271.178153,thread,11.326746573,arm64,200,LinUCB,11391.862039999978
1787823271.31481,chacha20,1.178289305,amd64,200,LinUCB,1231.0117240000409
1787823271.3905628,amd_faster,0.685284861,amd64,200,LinUCB,744.6111169999767
1787823271.662503,linpack,0.752076618,amd64,200,LinUCB,756.4949210000123
1787823271.6999137,readdisk,1.043790935,arm64,200,LinUCB,1096.1388959999567
1787823271.9165995,arm_faster,0.723373954,arm64,200,LinUCB,777.8569790000347
1787823272.1136553,amd_faster,0.671318678,amd64,200,LinUCB,722.6843009999584
1787823272.3163736,chacha20,0.950203648,amd64,200,LinUCB,1001.0670320000372
1787823272.4178972,linpack,0.750537769,amd64,200,LinUCB,755.0412829999686
1787823272.6950414,arm_faster,0.722723235,arm64,200,LinUCB,778.0451280000307
1787823272.8032792,readdisk,1.041960935,arm64,200,LinUCB,1102.976195999986
1787823272.8460212,amd_faster,0.681479017,amd64,200,LinUCB,731.8935969999529
1787823273.1771717,linpack,0.752831992,amd64,200,LinUCB,758.8004369999908
1787823273.4694417,arm_faster,0.722663674,arm64,200,LinUCB,773.9894470000763
1787823273.5798025,amd_faster,0.673946779,amd64,200,LinUCB,733.41080900002
1787823273.8974907,readdisk,1.042304055,arm64,200,LinUCB,1093.7465339999335
1787823273.9392471,linpack,0.756378766,amd64,200,LinUCB,761.2630800000488
1787823274.2444086,arm_faster,0.721755915,arm64,200,LinUCB,774.6062009999832
1787823274.2846894,chacha20,1.918974339,amd64,200,LinUCB,1967.9946229999814
1787823274.3057122,amd_faster,0.674390974,amd64,200,LinUCB,725.5144690000179
1787823274.315273,readmemory,10.334669603,arm64,200,LinUCB,10467.702115000066
1787823274.7019463,linpack,0.747059524,amd64,200,LinUCB,762.3773459999938
1787823274.9949527,readdisk,1.041687815,arm64,200,LinUCB,1097.1364370000174
1787823275.0197623,arm_faster,0.721900755,arm64,200,LinUCB,775.021358999993
1787823275.0695295,amd_faster,0.66727142,amd64,200,LinUCB,763.4936850000713
1787823275.2997403,chacha20,0.945125406,amd64,200,LinUCB,1014.744455999903
1787823275.4644709,linpack,0.75754325,amd64,200,LinUCB,762.1059929999774
1787823275.8278897,arm_faster,0.722878355,arm64,200,LinUCB,807.7391540000463
1787823275.830129,amd_faster,0.673054815,amd64,200,LinUCB,760.2414960000488
1787823276.0909383,readdisk,1.041269655,arm64,200,LinUCB,1095.4385779999711
1787823276.2283635,linpack,0.758183074,amd64,200,LinUCB,763.5126440000022
1787823276.2915506,chacha20,0.94015062,amd64,200,LinUCB,991.2757239999337
1787823276.6008239,amd_faster,0.672692465,amd64,200,LinUCB,770.4217170000902
1787823276.6021142,arm_faster,0.721957635,arm64,200,LinUCB,773.9101040000378
1787823276.991252,linpack,0.757586339,amd64,200,LinUCB,762.5019150000298
1787823277.1889277,readdisk,1.041588375,arm64,200,LinUCB,1097.427678000031
1787823277.2908854,chacha20,0.943927881,amd64,200,LinUCB,998.963343000014
1787823277.322019,amd_faster,0.669637473,amd64,200,LinUCB,720.7562180000195
1787823277.4326687,arm_faster,0.723635115,arm64,200,LinUCB,829.591536999942
1787823277.7527802,linpack,0.75660245,amd64,200,LinUCB,761.162311000021
1787823278.0680668,amd_faster,0.665152011,amd64,200,LinUCB,745.5974329999435
1787823278.2064447,arm_faster,0.723020794,arm64,200,LinUCB,773.394572999905
1787823278.2893915,chacha20,0.945389275,amd64,200,LinUCB,998.0797660000462
1787823278.2917585,readdisk,1.043580535,arm64,200,LinUCB,1102.3400619999393
1787823278.5102124,linpack,0.753263147,amd64,200,LinUCB,757.0660750000116
1787823278.7947218,amd_faster,0.668828316,amd64,200,LinUCB,726.2258810000048
1787823278.9904754,arm_faster,0.730337914,arm64,200,LinUCB,783.6792880000303
1787823279.26326,linpack,0.747853854,amd64,200,LinUCB,752.6921190000166
1787823279.2937508,chacha20,0.954795533,amd64,200,LinUCB,1004.0467219999982
1787823279.4389312,readdisk,1.041560014,arm64,200,LinUCB,1146.8326730000626
1787823279.5266292,amd_faster,0.680725144,amd64,200,LinUCB,731.5966969999863
1787823279.7638888,arm_faster,0.721756515,arm64,200,LinUCB,773.0669100000114
1787823280.0152025,linpack,0.747388141,amd64,200,LinUCB,751.6161129999546
1787823280.2566593,amd_faster,0.670041736,amd64,200,LinUCB,729.6519950000402
1787823280.3009505,chacha20,0.951201194,amd64,200,LinUCB,1006.8704589999697
1787823280.5320628,readdisk,1.042354855,arm64,200,LinUCB,1092.5597709999693
1787823280.5353827,arm_faster,0.718864115,arm64,200,LinUCB,770.8626669999603
1787823280.7760816,linpack,0.756720456,amd64,200,LinUCB,760.4882849999512
1787823280.9766898,amd_faster,0.666911773,amd64,200,LinUCB,719.62626800007
1787823281.3135467,chacha20,0.952340178,amd64,200,LinUCB,1012.1982889999117
1787823281.3608804,arm_faster,0.722425071,arm64,200,LinUCB,825.0447059999715
1787823281.5350487,linpack,0.754707876,amd64,200,LinUCB,758.6046459999807
1787823281.6273396,readdisk,1.040222027,arm64,200,LinUCB,1094.9287820000109
1787823281.711133,amd_faster,0.676390364,amd64,200,LinUCB,733.9608639999824
1787823282.1332552,arm_faster,0.719461369,arm64,200,LinUCB,771.7985849999422
1787823282.2938282,linpack,0.753564262,amd64,200,LinUCB,758.4094700000605
1787823282.306789,chacha20,0.94241521,amd64,200,LinUCB,992.8528930000766
1787823282.4064467,primenumber,50.375346848,amd64,200,LinUCB,50493.877397000004
1787823282.435915,amd_faster,0.67048268,amd64,200,LinUCB,724.4556599999896
1787823282.5889232,thread,11.336354695,arm64,200,LinUCB,11410.378616000002
1787823282.7273903,readdisk,1.041491278,arm64,200,LinUCB,1099.6062780000102
1787823282.9076762,arm_faster,0.721926888,arm64,200,LinUCB,774.0548140000101
1787823283.0473452,linpack,0.748062724,amd64,200,LinUCB,753.0972569999221
1787823283.1892202,amd_faster,0.668693047,amd64,200,LinUCB,752.7579099999002
1787823283.312394,chacha20,0.953247034,amd64,200,LinUCB,1005.217096000024
1787823283.6827927,arm_faster,0.726177927,arm64,200,LinUCB,774.770027000045
1787823283.8185008,linpack,0.76645636,amd64,200,LinUCB,770.6397020000395
1787823283.821339,readdisk,1.042489359,arm64,200,LinUCB,1093.3836939999537
1787823283.9235377,amd_faster,0.670670557,amd64,200,LinUCB,733.9331580000135
1787823284.317536,chacha20,0.950605657,amd64,200,LinUCB,1004.7828270000991
1787823284.4578345,arm_faster,0.719420688,arm64,200,LinUCB,774.645593999935
1787823284.5868125,linpack,0.762464858,amd64,200,LinUCB,767.8527580000036
1787823284.6490562,amd_faster,0.671612935,amd64,200,LinUCB,725.0567309999951
1787823284.7971382,readmemory,10.346618795,arm64,200,LinUCB,10481.338405000088
1787823284.9134042,readdisk,1.041234118,arm64,200,LinUCB,1091.7508779999707
1787823285.233331,arm_faster,0.720089089,arm64,200,LinUCB,775.0948450000124
1787823285.3462,linpack,0.75443441,amd64,200,LinUCB,758.9987139999721
1787823285.4478083,amd_faster,0.675793647,amd64,200,LinUCB,798.3598329999495
1787823285.5185292,chacha20,1.145355379,amd64,200,LinUCB,1200.6144539999468
1787823286.008556,arm_faster,0.723500888,arm64,200,LinUCB,774.8334190000605
1787823286.015296,readdisk,1.043045278,arm64,200,LinUCB,1101.4921100000947
1787823286.116183,linpack,0.764843696,amd64,200,LinUCB,769.5741579999549
1787823286.1658666,amd_faster,0.667475097,amd64,200,LinUCB,717.6303190000226
1787823286.5255933,chacha20,0.953396935,amd64,200,LinUCB,1006.566969000005
1787823286.8126996,arm_faster,0.745697005,arm64,200,LinUCB,803.689003000045
1787823286.8868926,linpack,0.765384483,amd64,200,LinUCB,770.2478940000219
1787823286.8973248,amd_faster,0.677767807,amd64,200,LinUCB,730.7486370000333
1787823287.1597,readdisk,1.045396438,arm64,200,LinUCB,1143.9062270000022
1787823287.5409484,chacha20,0.953291247,amd64,200,LinUCB,1014.7844680000162
1787823287.5872812,arm_faster,0.722060448,arm64,200,LinUCB,773.9036870000291
1787823287.620662,amd_faster,0.668768131,amd64,200,LinUCB,722.8985149999971
1787823287.645363,linpack,0.753575693,amd64,200,LinUCB,757.9880650000632
1787823288.2628825,readdisk,1.044318678,arm64,200,LinUCB,1102.603988999931
1787823288.3688128,arm_faster,0.722557487,arm64,200,LinUCB,781.116627000074
1787823288.3704855,amd_faster,0.674297414,amd64,200,LinUCB,749.39917100005
1787823288.4373817,linpack,0.739895247,amd64,200,LinUCB,791.6044830000146
1787823288.5528235,chacha20,0.956080131,amd64,200,LinUCB,1011.3955240000223
1787823289.1428895,amd_faster,0.670456584,amd64,200,LinUCB,771.5227579999464
1787823289.144416,arm_faster,0.719560568,arm64,200,LinUCB,775.2305789999809
1787823289.2137194,linpack,0.74022076,amd64,200,LinUCB,775.9624000000258
1787823289.3621187,readdisk,1.042133878,arm64,200,LinUCB,1098.7795009999672
1787823289.5554307,chacha20,0.947227918,amd64,200,LinUCB,1002.2119679999832
1787823289.8647351,amd_faster,0.668629521,amd64,200,LinUCB,721.3714080000955
1787823289.9717395,arm_faster,0.723272528,arm64,200,LinUCB,826.5815580000435
1787823289.9874027,linpack,0.73750708,amd64,200,LinUCB,773.339731999954
1787823290.4595463,readdisk,1.042997918,arm64,200,LinUCB,1097.0782149998968
1787823290.5653727,chacha20,0.954764749,amd64,200,LinUCB,1009.3637740000077
1787823290.5885632,amd_faster,0.672307758,amd64,200,LinUCB,723.5117029999856
1787823290.7465231,arm_faster,0.720891769,arm64,200,LinUCB,774.4140879999577
1787823290.7704098,linpack,0.743447597,amd64,200,LinUCB,782.5272510000332
1787823291.3262584,amd_faster,0.66162011,amd64,200,LinUCB,737.2805999999628
1787823291.5527792,linpack,0.746378713,amd64,200,LinUCB,781.896677000077
1787823291.561472,readdisk,1.043911158,arm64,200,LinUCB,1101.4762209999844
1787823291.5678065,chacha20,0.950208193,amd64,200,LinUCB,1001.9867519999934
1787823291.5986905,arm_faster,0.720065609,arm64,200,LinUCB,851.7380459999231
1787823292.0635326,amd_faster,0.681357743,amd64,200,LinUCB,736.7865610000308
1787823292.3128283,linpack,0.755352619,amd64,200,LinUCB,759.6105620000344
1787823292.443275,arm_faster,0.720906289,arm64,200,LinUCB,844.1489150000052
1787823292.634027,chacha20,0.958655176,amd64,200,LinUCB,1065.7425269999976
1787823292.6576085,readdisk,1.041713558,arm64,200,LinUCB,1095.5661400000736
1787823292.7858388,amd_faster,0.672967598,amd64,200,LinUCB,721.8287229999305
1787823293.0724633,linpack,0.754320099,amd64,200,LinUCB,759.1931690000138
1787823293.222128,arm_faster,0.724381608,arm64,200,LinUCB,778.3773820000306
1787823293.5058868,amd_faster,0.665405701,amd64,200,LinUCB,719.5341289999533
1787823293.6399465,chacha20,0.946951322,amd64,200,LinUCB,1005.4639170000428
1787823293.7892847,readdisk,1.043575918,arm64,200,LinUCB,1131.2531680000575
1787823293.8368146,linpack,0.759088211,amd64,200,LinUCB,763.9090019999912
1787823293.9956038,arm_faster,0.722543888,arm64,200,LinUCB,772.9068930000267
1787823294.0534444,thread,11.409158871,arm64,200,LinUCB,11464.124921000006
1787823294.2250853,amd_faster,0.664480301,amd64,200,LinUCB,718.5093739999502
1787823294.6039114,linpack,0.754587959,amd64,200,LinUCB,766.7084910000312
1787823294.644846,chacha20,0.952345425,amd64,200,LinUCB,1004.4441580000694
1787823294.7721267,arm_faster,0.720496008,arm64,200,LinUCB,776.0889030000726
1787823294.8909209,readdisk,1.043013558,arm64,200,LinUCB,1101.2689010000258
1787823294.949156,amd_faster,0.673006248,amd64,200,LinUCB,723.7278119999928
1787823295.199505,readmemory,10.336129276,arm64,200,LinUCB,10401.988908000021
1787823295.372811,linpack,0.764691913,amd64,200,LinUCB,768.5141639999529
1787823295.5481749,arm_faster,0.720182768,arm64,200,LinUCB,775.4793729999392
1787823295.6427836,chacha20,0.945627785,amd64,200,LinUCB,997.5737290000097
1787823295.6685739,amd_faster,0.669480062,amd64,200,LinUCB,719.0275130000146
1787823295.98763,readdisk,1.041654239,arm64,200,LinUCB,1096.0756670000364
1787823296.1437507,linpack,0.765350059,amd64,200,LinUCB,770.5602519999957
1787823296.3237197,arm_faster,0.723007208,arm64,200,LinUCB,775.0455920000832
1787823296.430899,amd_faster,0.671977581,amd64,200,LinUCB,761.9683480000958
1787823296.8828056,chacha20,1.172828597,amd64,200,LinUCB,1239.6438399999852
1787823296.8998263,linpack,0.751536134,amd64,200,LinUCB,755.7413509999833
1787823297.0666912,filehandle,30.694535464,arm64,200,LinUCB,30703.28728300001
1787823297.0843663,readdisk,1.042210279,arm64,200,LinUCB,1096.43083200001
1787823297.0947776,arm_faster,0.719571568,arm64,200,LinUCB,770.7258469999942
1787823297.1617699,amd_faster,0.676485925,amd64,200,LinUCB,730.2344250000488
1787823297.6823406,linpack,0.745719158,amd64,200,LinUCB,782.1825060000265
1787823297.8789232,chacha20,0.94344046,amd64,200,LinUCB,995.7399529999975
1787823297.9089193,arm_faster,0.722261968,arm64,200,LinUCB,813.6442759999909
1787823297.9108155,amd_faster,0.666898205,amd64,200,LinUCB,748.7625960000059
1787823298.17932,readdisk,1.041829238,arm64,200,LinUCB,1094.6036719999483
1787823298.4362998,linpack,0.748783234,amd64,200,LinUCB,753.5554930000217
1787823298.7033286,arm_faster,0.719122849,arm64,200,LinUCB,793.7875059999442
1787823298.7113316,amd_faster,0.676307956,amd64,200,LinUCB,800.1805039999681
1787823298.8879158,chacha20,0.953839393,amd64,200,LinUCB,1008.57203999999
1787823299.0876558,primenumber,16.553846657,arm64,200,LinUCB,16680.828304999977
1787823299.1908755,linpack,0.748899627,amd64,200,LinUCB,754.1211839999278
1787823299.2796335,readdisk,1.043641558,arm64,200,LinUCB,1099.917258000005
1787823299.474407,amd_faster,0.666428373,amd64,200,LinUCB,762.6731499999551
1787823299.4765437,arm_faster,0.721756448,arm64,200,LinUCB,772.7552670000932
1787823299.9480693,linpack,0.751676581,amd64,200,LinUCB,756.7125049999959
1787823300.2224934,amd_faster,0.681301461,amd64,200,LinUCB,747.7319539999598
1787823300.3081095,arm_faster,0.718444129,arm64,200,LinUCB,830.6905450000386
1787823300.3797994,readdisk,1.043091839,arm64,200,LinUCB,1099.7937710000087
1787823300.7024753,linpack,0.749630487,amd64,200,LinUCB,754.0259070000275
1787823300.7459247,chacha20,1.802820283,amd64,200,LinUCB,1857.3667619999696
1787823300.9575157,amd_faster,0.679417356,amd64,200,LinUCB,734.6632060000502
1787823301.0860186,arm_faster,0.721944248,arm64,200,LinUCB,777.429135000034
1787823301.4595692,linpack,0.751644925,amd64,200,LinUCB,756.554579000067
1787823301.4746392,readdisk,1.042112278,arm64,200,LinUCB,1094.3869120000045
1787823301.7040942,amd_faster,0.678301061,amd64,200,LinUCB,746.0250990000077
1787823301.8705652,arm_faster,0.721167168,arm64,200,LinUCB,784.0812749999486
1787823302.1630588,chacha20,1.3629531959999999,amd64,200,LinUCB,1416.5412720000177
1787823302.2155507,linpack,0.749987613,amd64,200,LinUCB,755.2300650000916
1787823302.431572,amd_faster,0.669923675,amd64,200,LinUCB,726.8713879999495
1787823302.5710473,readdisk,1.042784798,arm64,200,LinUCB,1095.8314230000497
1787823302.647668,arm_faster,0.722842448,arm64,200,LinUCB,776.7236739999817
1787823302.9763932,linpack,0.753939793,amd64,200,LinUCB,760.1485950000324
1787823303.1529067,amd_faster,0.665681274,amd64,200,LinUCB,720.5561590000116
1787823303.1678598,chacha20,0.947469892,amd64,200,LinUCB,1004.2790119999836
1787823303.4256284,arm_faster,0.722211288,arm64,200,LinUCB,777.5021559999686
1787823303.668202,readdisk,1.043727038,arm64,200,LinUCB,1096.645790000025
1787823303.738902,linpack,0.756717305,amd64,200,LinUCB,762.089254999978
1787823303.889609,amd_faster,0.683966285,amd64,200,LinUCB,736.2270959999933
1787823304.203954,arm_faster,0.721922568,arm64,200,LinUCB,777.417851999985
1787823304.4965353,linpack,0.752752528,amd64,200,LinUCB,757.1930180000663
1787823304.6278622,amd_faster,0.6862397,amd64,200,LinUCB,737.838786999987
1787823304.7677755,readdisk,1.043883398,arm64,200,LinUCB,1099.1429509999762
1787823304.985918,arm_faster,0.725639287,arm64,200,LinUCB,781.4691059999177
1787823305.1155488,chacha20,1.85983297,amd64,200,LinUCB,1947.09117900004
1787823305.2495441,linpack,0.747162338,amd64,200,LinUCB,752.3616439999614
1787823305.361393,amd_faster,0.676648809,amd64,200,LinUCB,733.0778040000041
1787823305.4658215,thread,11.34819044,arm64,200,LinUCB,11411.992843999997
1787823305.5969064,readmemory,10.343145755,arm64,200,LinUCB,10397.00858699996
1787823305.763388,arm_faster,0.723194208,arm64,200,LinUCB,777.0978909999258
1787823305.8772585,readdisk,1.051176317,arm64,200,LinUCB,1108.9564979999977
1787823306.0067942,linpack,0.752733725,amd64,200,LinUCB,756.8907329999774
1787823306.0912812,amd_faster,0.67541688,amd64,200,LinUCB,729.3048090000411
1787823306.542638,chacha20,1.371989481,amd64,200,LinUCB,1426.6372780000438
1787823306.5443614,arm_faster,0.723058128,arm64,200,LinUCB,780.622343999994
1787823306.7737672,linpack,0.761686846,amd64,200,LinUCB,766.5518649999967
1787823306.8250186,amd_faster,0.67769169,amd64,200,LinUCB,733.3165830000326
1787823306.9762983,readdisk,1.044817598,arm64,200,LinUCB,1098.6569100000452
1787823307.3798387,arm_faster,0.724551928,arm64,200,LinUCB,834.5565860000761
1787823307.5319583,linpack,0.753194843,amd64,200,LinUCB,757.7122330000066
1787823307.553609,chacha20,0.949545592,amd64,200,LinUCB,1010.5774310000015
1787823307.5648296,amd_faster,0.672765423,amd64,200,LinUCB,739.3425909999678
1787823308.091655,readdisk,1.042071759,arm64,200,LinUCB,1114.9790489999987
1787823308.159007,arm_faster,0.719109768,arm64,200,LinUCB,778.6531890000106
1787823308.2889946,linpack,0.752219541,amd64,200,LinUCB,756.4720909999778
1787823308.3282406,amd_faster,0.671328997,amd64,200,LinUCB,762.8245229999493
1787823308.935588,arm_faster,0.718832809,arm64,200,LinUCB,776.1442600000237
1787823309.0434525,linpack,0.748683063,amd64,200,LinUCB,753.9183349999803
1787823309.0517354,amd_faster,0.670231847,amd64,200,LinUCB,722.7660969999761
1787823309.1900403,readdisk,1.041095798,arm64,200,LinUCB,1097.9967650000617
1787823309.6486921,chacha20,2.043876895,amd64,200,LinUCB,2094.738150000012
1787823309.7092037,arm_faster,0.722097208,arm64,200,LinUCB,773.2477920000065
1787823309.7800937,amd_faster,0.670098504,amd64,200,LinUCB,727.7378809999391
1787823309.8111231,linpack,0.762867736,amd64,200,LinUCB,767.1572199999446
1787823310.2871754,readdisk,1.041438758,arm64,200,LinUCB,1096.61005199996
1787823310.4909585,arm_faster,0.723456007,arm64,200,LinUCB,781.4340219999849
1787823310.5282826,amd_faster,0.683283335,amd64,200,LinUCB,747.6699290000397
1787823310.5906184,linpack,0.743984959,amd64,200,LinUCB,779.1792609999675
1787823310.8139403,chacha20,1.110754261,amd64,200,LinUCB,1164.8771319999014
1787823311.2657716,amd_faster,0.673960203,amd64,200,LinUCB,737.0766790000971
1787823311.275453,arm_faster,0.734758526,arm64,200,LinUCB,784.1094569999996
1787823311.3464165,linpack,0.751803877,amd64,200,LinUCB,755.4825100000926
1787823311.4068186,readdisk,1.042516518,arm64,200,LinUCB,1119.1165339999998
1787823311.8196151,chacha20,0.951327463,amd64,200,LinUCB,1005.2681739999798
1787823312.006387,amd_faster,0.677488071,amd64,200,LinUCB,740.1763909999772
1787823312.1027584,arm_faster,0.721496568,arm64,200,LinUCB,826.9315920000508
1787823312.1291869,linpack,0.74710455,amd64,200,LinUCB,782.3323889999756
1787823312.5098038,readdisk,1.044158038,arm64,200,LinUCB,1102.464067000028
1787823312.7306552,amd_faster,0.666491124,amd64,200,LinUCB,723.8697070000626
1787823312.8747904,arm_faster,0.719683969,arm64,200,LinUCB,771.4646580000135
1787823312.9050956,linpack,0.748798555,amd64,200,LinUCB,775.3137430000834
1787823313.4650962,amd_faster,0.678091214,amd64,200,LinUCB,733.957399000019
1787823313.6091526,readdisk,1.042291798,arm64,200,LinUCB,1098.8179900000432
1787823313.6337836,chacha20,1.764514417,amd64,200,LinUCB,1813.6890719999883
1787823313.6688046,arm_faster,0.722064848,arm64,200,LinUCB,793.6398690000033
1787823313.7004354,linpack,0.752397031,amd64,200,LinUCB,794.997690999935
1787823314.1954465,amd_faster,0.672138601,amd64,200,LinUCB,729.9417489999769
1787823314.5008316,arm_faster,0.721919608,arm64,200,LinUCB,831.685124000046
1787823314.5231476,linpack,0.743176542,amd64,200,LinUCB,822.3275960000365
1787823314.713562,readdisk,1.040520479,arm64,200,LinUCB,1104.0539280000985
1787823314.8554854,chacha20,1.129880693,amd64,200,LinUCB,1221.1563839999826
1787823314.946909,amd_faster,0.684006103,amd64,200,LinUCB,751.0757109999986
1787823315.2768295,arm_faster,0.723314168,arm64,200,LinUCB,775.595107000072
1787823315.304202,linpack,0.749682486,amd64,200,LinUCB,780.6520560000081
1787823315.6728055,amd_faster,0.671763683,amd64,200,LinUCB,725.4643439999882
1787823315.711443,primenumber,16.562328016,arm64,200,LinUCB,16623.356659000023
1787823315.8064897,readdisk,1.041806358,arm64,200,LinUCB,1092.3739590000423
1787823315.8760307,chacha20,0.951900786,amd64,200,LinUCB,1020.1067340000236
1787823315.9936469,readmemory,10.338333036,arm64,200,LinUCB,10396.26308600009
1787823316.055115,arm_faster,0.722686848,arm64,200,LinUCB,777.8050570000232
1787823316.0892122,linpack,0.755881513,amd64,200,LinUCB,784.5925850000413
1787823316.3978972,amd_faster,0.67178337,amd64,200,LinUCB,724.6212229999855
1787823316.8355427,arm_faster,0.722538128,arm64,200,LinUCB,780.0151090000327
1787823316.8690336,linpack,0.755217756,amd64,200,LinUCB,779.2685809999966
1787823316.8746343,thread,11.27853857,arm64,200,LinUCB,11408.46129900001
1787823316.9023335,readdisk,1.041370638,arm64,200,LinUCB,1095.459763000008
1787823317.1254182,amd_faster,0.676152493,amd64,200,LinUCB,727.1236070000668
1787823317.609772,arm_faster,0.716064129,arm64,200,LinUCB,773.7349450000011
1787823317.648776,linpack,0.753697114,amd64,200,LinUCB,779.4272300000102
1787823317.696795,chacha20,1.765307565,amd64,200,LinUCB,1820.2742010000748
1787823317.8578777,amd_faster,0.68194867,amd64,200,LinUCB,732.1104300000343
1787823318.048283,readdisk,1.045484597,arm64,200,LinUCB,1145.6042549999665
1787823318.4004247,arm_faster,0.731774487,arm64,200,LinUCB,790.2063999999882
1787823318.42419,linpack,0.754803896,amd64,200,LinUCB,775.0853049999478
1787823318.6882262,amd_faster,0.773286132,amd64,200,LinUCB,830.018817999985
1787823319.1461382,readdisk,1.043822078,arm64,200,LinUCB,1097.339345000023
1787823319.1707408,arm_faster,0.719991528,arm64,200,LinUCB,769.9382810000088
1787823319.1879528,chacha20,1.436005748,amd64,200,LinUCB,1490.7968290000326
1787823319.2032285,linpack,0.751195948,amd64,200,LinUCB,778.7278369999058
1787823319.4227362,amd_faster,0.680357291,amd64,200,LinUCB,734.1971040000317
1787823319.978058,arm_faster,0.721665048,arm64,200,LinUCB,806.9367550000379
1787823320.0431836,linpack,0.736441335,amd64,200,LinUCB,839.534338999897
1787823320.1524115,amd_faster,0.673562311,amd64,200,LinUCB,729.345751999972
1787823320.2496052,readdisk,1.046161558,arm64,200,LinUCB,1103.084109000065
1787823320.2589033,chacha20,0.953175691,amd64,200,LinUCB,1070.5947940000442
1787823320.76187,arm_faster,0.720402849,arm64,200,LinUCB,783.5175660000004
1787823320.805742,linpack,0.758773717,amd64,200,LinUCB,762.2439759999224
1787823320.8811207,amd_faster,0.674245011,amd64,200,LinUCB,728.2329970000774
1787823321.303162,chacha20,0.948836716,amd64,200,LinUCB,1043.7614969999913
1787823321.3439145,readdisk,1.042706758,arm64,200,LinUCB,1093.9755639999476
1787823321.5433009,arm_faster,0.720148488,arm64,200,LinUCB,781.0675760000549
1787823321.577742,linpack,0.753227752,amd64,200,LinUCB,771.712430999969
1787823321.6022263,amd_faster,0.669389002,amd64,200,LinUCB,720.8210299999109
1787823322.3077505,chacha20,0.949972137,amd64,200,LinUCB,1004.2327910000495
1787823322.3185005,arm_faster,0.719339128,arm64,200,LinUCB,774.7244210000872
1787823322.3200352,amd_faster,0.666920539,amd64,200,LinUCB,717.4727440000197
1787823322.3432589,linpack,0.742788165,amd64,200,LinUCB,765.1677300000301
1787823322.4507768,readdisk,1.044149878,arm64,200,LinUCB,1106.4859329999308
1787823323.128622,arm_faster,0.719493129,arm64,200,LinUCB,809.7175520000519
1787823323.1357925,amd_faster,0.672244068,amd64,200,LinUCB,814.9593789999017
1787823323.1896274,linpack,0.724848838,amd64,200,LinUCB,845.947606999971
1787823323.5568311,readdisk,1.041953998,arm64,200,LinUCB,1105.6110810000064
1787823323.9126546,arm_faster,0.720536288,arm64,200,LinUCB,783.6900999999443
1787823323.9255996,amd_faster,0.681175979,amd64,200,LinUCB,789.5056840000052
1787823323.9843035,linpack,0.738614135,amd64,200,LinUCB,794.1666629999418
1787823324.5727618,chacha20,2.214300363,amd64,200,LinUCB,2264.6102100000007
1787823324.6600678,readdisk,1.041776438,arm64,200,LinUCB,1102.8039429999126
1787823324.6893694,amd_faster,0.671949106,amd64,200,LinUCB,763.4807250000222
1787823324.6907146,arm_faster,0.725167487,arm64,200,LinUCB,777.8055349999704
1787823324.765233,linpack,0.746304214,amd64,200,LinUCB,780.61594899998
1787823325.4460633,amd_faster,0.668581816,amd64,200,LinUCB,756.1582589999034
1787823325.5483563,arm_faster,0.722110448,arm64,200,LinUCB,856.8966120000141
1787823325.561104,linpack,0.733114736,amd64,200,LinUCB,795.426636000002
1787823325.5820334,chacha20,0.95779229,amd64,200,LinUCB,1008.691376999991
1787823325.768834,readdisk,1.039041199,arm64,200,LinUCB,1108.384870000009
1787823326.1750247,amd_faster,0.669472078,amd64,200,LinUCB,728.4922970000025
1787823326.3308728,arm_faster,0.722924528,arm64,200,LinUCB,782.1130710000261
1787823326.354224,linpack,0.744306411,amd64,200,LinUCB,792.542209999965
1787823326.385949,readmemory,10.336165796,arm64,200,LinUCB,10391.878633000033
1787823326.6068747,chacha20,0.947340294,amd64,200,LinUCB,1024.3040529999234
1787823326.8640475,readdisk,1.040056838,arm64,200,LinUCB,1094.740072000036
1787823326.9144247,amd_faster,0.669446308,amd64,200,LinUCB,738.8384280000082
1787823327.1184328,arm_faster,0.723548248,arm64,200,LinUCB,787.1336270000029
1787823327.1381207,linpack,0.740791829,amd64,200,LinUCB,783.2635179998988
1787823327.625137,chacha20,0.951781286,amd64,200,LinUCB,1017.7841349999426
1787823327.643918,amd_faster,0.673183378,amd64,200,LinUCB,728.9799310000262
1787823327.8914914,arm_faster,0.720619008,arm64,200,LinUCB,772.64462800008
1787823327.9237888,linpack,0.751652458,amd64,200,LinUCB,785.1407110000537
1787823327.9602122,readdisk,1.040803838,arm64,200,LinUCB,1095.7541970000193
1787823328.2964525,thread,11.352694759,arm64,200,LinUCB,11421.462661999954
1787823328.3947494,amd_faster,0.662396988,amd64,200,LinUCB,750.3461860000016
1787823328.6310623,chacha20,0.950980779,amd64,200,LinUCB,1005.4656720000139
1787823328.6678822,arm_faster,0.722845047,arm64,200,LinUCB,775.8899379999775
1787823328.6981804,linpack,0.752411347,amd64,200,LinUCB,773.9626830000361
1787823329.0704205,readdisk,1.043911358,arm64,200,LinUCB,1109.8047320000433
1787823329.1221101,amd_faster,0.668834117,amd64,200,LinUCB,726.8760440000506
1787823329.4493961,arm_faster,0.719030168,arm64,200,LinUCB,781.0362440000063
1787823329.4746742,linpack,0.743130087,amd64,200,LinUCB,776.04884699997
1787823329.8543267,amd_faster,0.673765707,amd64,200,LinUCB,731.7457579999882
1787823330.1735568,readdisk,1.042214958,arm64,200,LinUCB,1102.731904000052
1787823330.2211676,arm_faster,0.721805369,arm64,200,LinUCB,771.3002049999886
1787823330.2430096,linpack,0.741904644,amd64,200,LinUCB,767.9289780001
1787823330.4483533,chacha20,1.766390914,amd64,200,LinUCB,1816.8988989999661
1787823330.5796134,amd_faster,0.675839281,amd64,200,LinUCB,724.9076609999747
1787823331.0045636,arm_faster,0.719076648,arm64,200,LinUCB,782.9261119999273
1787823331.0194848,linpack,0.732979152,amd64,200,LinUCB,776.164991000087
1787823331.2683744,readdisk,1.041296678,arm64,200,LinUCB,1094.4705169999907
1787823331.302854,amd_faster,0.66855561,amd64,200,LinUCB,722.917577999965
1787823331.7750924,arm_faster,0.719771809,arm64,200,LinUCB,770.1433390000147
1787823331.7954476,linpack,0.738265186,amd64,200,LinUCB,775.6410140000298
1787823332.0560734,amd_faster,0.679317333,amd64,200,LinUCB,752.7901799999199
1787823332.2150693,chacha20,1.703579626,amd64,200,LinUCB,1766.3029779999988
1787823332.3373842,primenumber,16.558110758,arm64,200,LinUCB,16625.513427999977
1787823332.3730814,readdisk,1.043516078,arm64,200,LinUCB,1104.317392999974
1787823332.482877,filehandle,35.41025528,amd64,200,LinUCB,35415.83827500005
1787823332.549443,arm_faster,0.718722008,arm64,200,LinUCB,774.0182279999317
1787823332.5672674,linpack,0.735486175,amd64,200,LinUCB,771.4285090000885
1787823332.7836924,amd_faster,0.677042014,amd64,200,LinUCB,727.1728370000119
1787823333.3374264,arm_faster,0.720148328,arm64,200,LinUCB,787.6131610000812
1787823333.350776,linpack,0.732215664,amd64,200,LinUCB,783.1179130000692
1787823333.4967303,readdisk,1.042531399,arm64,200,LinUCB,1123.2661189999362
1787823333.5163906,amd_faster,0.673917815,amd64,200,LinUCB,732.3506270000735
1787823333.6315677,chacha20,1.35900544,amd64,200,LinUCB,1416.0306520000177
1787823334.1126268,arm_faster,0.719782008,arm64,200,LinUCB,774.7218730000895
1787823334.137763,linpack,0.743797301,amd64,200,LinUCB,786.6447970000081
1787823334.2716737,amd_faster,0.665596106,amd64,200,LinUCB,754.9630219999699
1787823334.601261,readdisk,1.044549558,arm64,200,LinUCB,1104.2150939999829
1787823334.6389134,chacha20,0.954124119,amd64,200,LinUCB,1007.0260239999698
1787823334.8861196,arm_faster,0.722723248,arm64,200,LinUCB,773.0311999999913
1787823334.9178476,linpack,0.753633652,amd64,200,LinUCB,779.7562319999543
1787823335.009107,amd_faster,0.681137846,amd64,200,LinUCB,736.950567000008
1787823335.6559086,arm_faster,0.720331129,arm64,200,LinUCB,769.4518870000593
1787823335.689717,linpack,0.752994343,amd64,200,LinUCB,771.5472570000657
1787823335.7067885,readdisk,1.044468918,arm64,200,LinUCB,1105.2253899999869
1787823335.7325366,amd_faster,0.672110778,amd64,200,LinUCB,723.1011829999261
1787823336.4333732,arm_faster,0.720723768,arm64,200,LinUCB,777.0689220000122
1787823336.464191,linpack,0.750323151,amd64,200,LinUCB,774.0375840000979
1787823336.5145783,amd_faster,0.686193105,amd64,200,LinUCB,781.7096770000944
1787823336.580218,chacha20,1.864174898,amd64,200,LinUCB,1940.8334009999635
1787823336.7928352,readmemory,10.339534608,arm64,200,LinUCB,10406.269715999997
1787823336.8255334,readdisk,1.044915718,arm64,200,LinUCB,1118.4060240000235
1787823337.2093222,arm_faster,0.723448408,arm64,200,LinUCB,775.3044180000188
1787823337.2286515,linpack,0.741696087,amd64,200,LinUCB,763.9218980000351
1787823337.2414682,amd_faster,0.674706394,amd64,200,LinUCB,726.360666000005
1787823337.9447923,readdisk,1.046718958,arm64,200,LinUCB,1118.875164999963
1787823337.983249,arm_faster,0.722840608,arm64,200,LinUCB,773.4474010001122
1787823337.99784,amd_faster,0.675669171,amd64,200,LinUCB,755.9390090000306
1787823338.0090249,linpack,0.747258057,amd64,200,LinUCB,779.9297830000569
1787823338.0154302,chacha20,1.380117215,amd64,200,LinUCB,1434.8493410000174
1787823338.8496873,linpack,0.736064325,amd64,200,LinUCB,840.0223789999473
1787823339.0407755,readdisk,1.042620039,arm64,200,LinUCB,1095.5815749999829
1787823339.1279984,amd_faster,1.015885733,amd64,200,LinUCB,1129.437155000005
1787823339.1545572,chacha20,0.989798896,amd64,200,LinUCB,1138.605572000074
1787823339.5456514,arm_faster,1.420057316,amd64,200,LinUCB,1562.0727020000231
1787823339.618543,linpack,0.763515115,amd64,200,LinUCB,768.3997969999155
1787823339.7075286,thread,11.340688961,arm64,200,LinUCB,11410.663970999962
1787823339.8425958,amd_faster,0.662258332,amd64,200,LinUCB,714.2262809999238
1787823340.1391373,readdisk,1.041396678,arm64,200,LinUCB,1097.8395079999927
1787823340.3196824,arm_faster,0.722761688,arm64,200,LinUCB,773.7096270000166
1787823340.358465,chacha20,1.05051316,arm64,200,LinUCB,1203.582231999917
1787823340.3834581,linpack,0.759708366,amd64,200,LinUCB,764.5002040000008
1787823340.561075,amd_faster,0.664113061,amd64,200,LinUCB,718.1045009999707
1787823341.0871615,arm_faster,0.716150889,arm64,200,LinUCB,767.1525099999599
1787823341.158246,linpack,0.734914315,amd64,200,LinUCB,774.4531449999386
1787823341.238088,readdisk,1.041366719,arm64,200,LinUCB,1098.5308629999508
1787823341.2906733,amd_faster,0.669552511,amd64,200,LinUCB,729.2240770000262
1787823341.3654802,chacha20,0.942818131,amd64,200,LinUCB,1006.6613270000744
1787823341.8591132,arm_faster,0.721997088,arm64,200,LinUCB,771.5360799999189
1787823341.9192433,linpack,0.755929735,amd64,200,LinUCB,760.6086270000105
1787823342.0320609,amd_faster,0.668811361,amd64,200,LinUCB,740.9438720000026
1787823342.3417962,readdisk,1.041318799,arm64,200,LinUCB,1103.3363579999786
1787823342.3693151,chacha20,0.94789614,amd64,200,LinUCB,1003.4869090000029
1787823342.6281142,arm_faster,0.717237688,arm64,200,LinUCB,768.5019570000122
1787823342.6773517,linpack,0.753836361,amd64,200,LinUCB,757.7705539999897
1787823342.7607267,amd_faster,0.675913629,amd64,200,LinUCB,728.2970139999634
1787823343.4007952,chacha20,0.95094097,amd64,200,LinUCB,1031.0775270000931
1787823343.406445,arm_faster,0.721141609,arm64,200,LinUCB,777.975672000025
1787823343.435325,readdisk,1.042027038,arm64,200,LinUCB,1093.1387529999483
1787823343.438716,linpack,0.752360906,amd64,200,LinUCB,760.9170919999997
1787823343.492552,amd_faster,0.681013743,amd64,200,LinUCB,731.4980049999349
1787823344.2286556,arm_faster,0.723189408,arm64,200,LinUCB,821.8176899999889
1787823344.2776701,amd_faster,0.670352077,amd64,200,LinUCB,784.7189899999876
1787823344.4051878,chacha20,0.952588519,amd64,200,LinUCB,1003.9533809999739
1787823345.0012116,arm_faster,0.716934369,arm64,200,LinUCB,772.1298490000663
1787823345.0028834,amd_faster,0.671235957,amd64,200,LinUCB,724.8659800000041
1787823345.2042747,linpack,1.6502622900000001,amd64,200,LinUCB,1765.1630029999978
1787823345.752948,readdisk,2.12760784,amd64,200,LinUCB,2317.231124999921
1787823345.7714481,amd_faster,0.667266738,amd64,200,LinUCB,767.7527860000737
1787823345.7785347,arm_faster,0.721214615,arm64,200,LinUCB,776.9516939999903
1787823346.244629,linpack,1.034888936,amd64,200,LinUCB,1039.98010600003
1787823346.385087,chacha20,1.9286286449999999,amd64,200,LinUCB,1979.4731389999924
1787823346.552531,amd_faster,0.692699427,amd64,200,LinUCB,780.7798479999519
1787823346.6264386,arm_faster,0.715951991,arm64,200,LinUCB,847.6085140000578
1787823346.8538253,readdisk,1.04113387,arm64,200,LinUCB,1100.5109329998959
1787823347.016163,linpack,0.767109658,amd64,200,LinUCB,771.0413989999552
1787823347.1832197,readmemory,10.333473113,arm64,200,LinUCB,10389.878251000027
1787823347.268864,amd_faster,0.662234837,amd64,200,LinUCB,716.0265759999902
1787823347.4041555,chacha20,0.965692537,amd64,200,LinUCB,1018.646983999929
1787823347.4123333,arm_faster,0.72049935,arm64,200,LinUCB,785.5243709999513
1787823347.775945,linpack,0.755024667,amd64,200,LinUCB,759.2402950000405
1787823347.9970448,amd_faster,0.674214547,amd64,200,LinUCB,727.7119709999624
1787823348.0506237,readdisk,1.04025399,arm64,200,LinUCB,1196.4109790000066
1787823348.2364995,arm_faster,0.72099539,arm64,200,LinUCB,823.7740229999417
1787823348.4138248,chacha20,0.946485305,amd64,200,LinUCB,1009.1123030000517
1787823348.5320954,linpack,0.751372946,amd64,200,LinUCB,755.6838069999685
1787823348.7287188,amd_faster,0.667476971,amd64,200,LinUCB,731.2549220000619
1787823348.948794,primenumber,16.553788363,arm64,200,LinUCB,16610.987892000026
1787823349.011532,arm_faster,0.71659463,arm64,200,LinUCB,774.6011939999562
1787823349.1655421,readdisk,1.04268747,arm64,200,LinUCB,1114.4587129999763
1787823349.2955687,linpack,0.758502053,amd64,200,LinUCB,762.7942599999642
1787823349.4229984,chacha20,0.954976879,amd64,200,LinUCB,1008.7290990001065
1787823349.4638484,amd_faster,0.678926187,amd64,200,LinUCB,734.7718719998966
1787823349.7867804,arm_faster,0.721523549,arm64,200,LinUCB,774.8190069999055
1787823350.056442,linpack,0.754690453,amd64,200,LinUCB,760.4594779999161
1787823350.1903136,amd_faster,0.663594489,amd64,200,LinUCB,725.8149570000114
1787823350.26857,readdisk,1.04180391,arm64,200,LinUCB,1102.5263960000302
1787823350.4177566,chacha20,0.940854787,amd64,200,LinUCB,994.4285880000052
1787823350.5640898,arm_faster,0.72123107,arm64,200,LinUCB,776.9281159999082
1787823350.8131397,linpack,0.751796473,amd64,200,LinUCB,756.2333760000683
1787823350.9153523,amd_faster,0.670247734,amd64,200,LinUCB,724.6568279999792
1787823351.332255,arm_faster,0.71615611,arm64,200,LinUCB,767.7712329999622
1787823351.3657827,readdisk,1.04070219,arm64,200,LinUCB,1096.8671459999086
1787823351.4148521,chacha20,0.944199199,amd64,200,LinUCB,996.6231260000313
1787823351.5668383,linpack,0.748878345,amd64,200,LinUCB,753.3602500000143
1787823351.6397889,amd_faster,0.670887225,amd64,200,LinUCB,724.0820009999425
1787823352.19378,arm_faster,0.72095639,arm64,200,LinUCB,861.0744239999804
1787823352.3331556,linpack,0.761270791,amd64,200,LinUCB,765.8064810000269
1787823352.3636913,amd_faster,0.67021806,amd64,200,LinUCB,723.412354000061
1787823352.4988725,readdisk,1.04056675,arm64,200,LinUCB,1132.7183059999015
1787823352.5204544,chacha20,1.01382171,amd64,200,LinUCB,1105.2340730000196
1787823352.9668639,arm_faster,0.72100615,arm64,200,LinUCB,772.6716240000542
1787823353.093605,linpack,0.756027542,amd64,200,LinUCB,760.0817149999557
1787823353.0999036,amd_faster,0.67526764,amd64,200,LinUCB,735.8074040000702
1787823353.5574558,chacha20,0.950902864,amd64,200,LinUCB,1036.6908700000295
1787823353.595694,readdisk,1.03966183,arm64,200,LinUCB,1096.234643999992
1787823353.7343144,thread,13.910779224,amd64,200,LinUCB,14026.228838999941
1787823353.7388694,arm_faster,0.716105471,arm64,200,LinUCB,771.5102939999952
1787823353.8267512,amd_faster,0.674971219,amd64,200,LinUCB,726.4883589999727
1787823353.8624375,linpack,0.764553186,amd64,200,LinUCB,768.5140190000084
1787823354.552399,chacha20,0.940432175,amd64,200,LinUCB,994.4042949999812
1787823354.555829,arm_faster,0.72292379,arm64,200,LinUCB,816.5907400000378
1787823354.5644288,amd_faster,0.66952786,amd64,200,LinUCB,737.3606759999802
1787823354.641186,linpack,0.744542336,amd64,200,LinUCB,778.3016379999026
1787823354.7153704,readdisk,1.04035899,arm64,200,LinUCB,1119.3172519999735
1787823355.380021,arm_faster,0.71851395,arm64,200,LinUCB,823.7764369999923
1787823355.3870077,amd_faster,0.676191272,amd64,200,LinUCB,822.1846600000617
1787823355.4360344,linpack,0.723606729,amd64,200,LinUCB,794.4273220000468
1787823355.8165736,readdisk,1.043196069,arm64,200,LinUCB,1100.857431999998
1787823356.159394,arm_faster,0.72358807,arm64,200,LinUCB,779.0003210000123
1787823356.1616707,amd_faster,0.676376979,amd64,200,LinUCB,774.1246559999126
1787823356.2207174,linpack,0.736189945,amd64,200,LinUCB,784.3063059999622
1787823356.579679,chacha20,1.966016582,amd64,200,LinUCB,2026.7483180000454
1787823356.9208937,readdisk,1.04154499,arm64,200,LinUCB,1104.006113999958
1787823356.9311237,arm_faster,0.72066167,arm64,200,LinUCB,771.2160489999178
1787823356.9373088,amd_faster,0.675111679,amd64,200,LinUCB,773.9342180000222
1787823356.99551,linpack,0.731826099,amd64,200,LinUCB,774.427003000028
1787823357.5875545,readmemory,10.347706872,arm64,200,LinUCB,10403.908277000028
1787823357.592263,chacha20,0.959689037,amd64,200,LinUCB,1011.9810390000339
1787823357.7517207,arm_faster,0.72334667,arm64,200,LinUCB,820.2428509999891
1787823357.758866,amd_faster,0.681075093,amd64,200,LinUCB,821.1967749999758
1787823357.8094192,linpack,0.73033327,amd64,200,LinUCB,813.5791590000281
1787823358.022145,readdisk,1.04271995,arm64,200,LinUCB,1100.7460310000852
1787823358.5240724,amd_faster,0.669205562,amd64,200,LinUCB,764.712884000005
1787823358.5262027,arm_faster,0.72065307,arm64,200,LinUCB,774.0276760000597
1787823358.5940516,linpack,0.738179303,amd64,200,LinUCB,784.1945870000018
1787823358.6436167,chacha20,0.942675458,amd64,200,LinUCB,1050.9782080000605
1787823359.1201317,readdisk,1.04352003,arm64,200,LinUCB,1097.4939320000203
1787823359.2449932,amd_faster,0.669234119,amd64,200,LinUCB,720.4773820000128
1787823359.3497095,arm_faster,0.723308949,arm64,200,LinUCB,823.106689000042
1787823359.3669956,linpack,0.739815805,amd64,200,LinUCB,772.4797559999388
1787823359.6472335,chacha20,0.949514592,amd64,200,LinUCB,1003.0105949999779
1787823359.972033,amd_faster,0.672968045,amd64,200,LinUCB,726.5856100000292
1787823360.1400356,arm_faster,0.729082749,arm64,200,LinUCB,789.6928569999773
1787823360.1463788,linpack,0.734870469,amd64,200,LinUCB,778.9480699999558
1787823360.2201207,readdisk,1.04533199,arm64,200,LinUCB,1099.4754010000634
1787823360.6517966,chacha20,0.94641995,amd64,200,LinUCB,1004.151165000053
1787823360.6927092,amd_faster,0.66769803,amd64,200,LinUCB,720.1044779999393
1787823360.9258616,arm_faster,0.723087469,arm64,200,LinUCB,785.19880500005
1787823360.936244,linpack,0.732224738,amd64,200,LinUCB,789.3110050000587
1787823361.3165333,readdisk,1.04132967,arm64,200,LinUCB,1096.004267000012
1787823361.4140542,amd_faster,0.663249892,amd64,200,LinUCB,720.8292629999278
1787823361.6519046,chacha20,0.949449676,amd64,200,LinUCB,999.6491360000164
1787823361.7046285,arm_faster,0.723247029,arm64,200,LinUCB,778.3439690000478
1787823361.7158806,linpack,0.733713339,amd64,200,LinUCB,779.2227840000123
1787823362.1440825,amd_faster,0.677353385,amd64,200,LinUCB,729.4206170000734
1787823362.41987,readdisk,1.04353407,arm64,200,LinUCB,1102.9339460000074
1787823362.4810908,arm_faster,0.72261023,arm64,200,LinUCB,775.9936809999317
1787823362.497868,linpack,0.738150387,amd64,200,LinUCB,781.5419810000321
1787823362.795807,chacha20,1.085828132,amd64,200,LinUCB,1143.4923479999952
1787823362.8733442,amd_faster,0.676939489,amd64,200,LinUCB,728.8353120000011
1787823363.1887512,filehandle,30.698120066,arm64,200,LinUCB,30705.41998400006
1787823363.257022,arm_faster,0.722468469,arm64,200,LinUCB,775.4783200000475
1787823363.2770493,linpack,0.740919211,amd64,200,LinUCB,778.5091399999828
1787823363.5180113,readdisk,1.04311871,arm64,200,LinUCB,1097.7153310000176
1787823363.599566,amd_faster,0.66441968,amd64,200,LinUCB,725.919040000008
1787823363.7978132,chacha20,0.951732411,amd64,200,LinUCB,1001.622172999987
1787823364.0415308,arm_faster,0.723895869,arm64,200,LinUCB,784.086825999907
1787823364.0564954,linpack,0.737940327,amd64,200,LinUCB,778.6772020000399
1787823364.3368604,amd_faster,0.680800913,amd64,200,LinUCB,736.98105699998
1787823364.6290333,readdisk,1.04233995,arm64,200,LinUCB,1110.6031430000485
1787823364.8071344,chacha20,0.951252449,amd64,200,LinUCB,1008.849424999994
1787823364.816554,arm_faster,0.719455471,arm64,200,LinUCB,774.6058819999462
1787823364.835653,linpack,0.736966506,amd64,200,LinUCB,778.7502410000116
1787823365.0805645,amd_faster,0.676154308,amd64,200,LinUCB,743.2738009999866
1787823365.2772715,thread,11.492445085,arm64,200,LinUCB,11542.388438999978
1787823365.6294024,primenumber,16.550260883,arm64,200,LinUCB,16680.105571000015
1787823365.6323352,arm_faster,0.72166831,arm64,200,LinUCB,815.2951860000712
1787823365.6488597,linpack,0.736965793,amd64,200,LinUCB,812.620810999988
1787823365.7278817,readdisk,1.04408931,arm64,200,LinUCB,1098.4482470000785
1787823365.8099017,chacha20,0.945084121,amd64,200,LinUCB,1002.2159549999969
1787823365.8114545,amd_faster,0.673618573,amd64,200,LinUCB,730.4946090000612
1787823366.4533067,arm_faster,0.71878967,arm64,200,LinUCB,820.5425999999534
1787823366.4746275,linpack,0.738464742,amd64,200,LinUCB,825.2895289999742
1787823366.603028,amd_faster,0.665161697,amd64,200,LinUCB,790.7164490000014
1787823366.8144355,chacha20,0.94708945,amd64,200,LinUCB,1004.0860249999923
1787823366.830557,readdisk,1.044323589,arm64,200,LinUCB,1102.0231649999914
1787823367.2231514,arm_faster,0.71908707,arm64,200,LinUCB,769.2718510000986
1787823367.2496896,linpack,0.744738519,amd64,200,LinUCB,774.6193829999584
1787823367.321073,amd_faster,0.667928646,amd64,200,LinUCB,717.6225890000296
1787823367.9667654,readdisk,1.04140275,arm64,200,LinUCB,1135.768827999982
1787823367.9927328,arm_faster,0.71957119,arm64,200,LinUCB,769.1636859999562
1787823368.0343857,linpack,0.759961893,amd64,200,LinUCB,784.3319910000446
1787823368.0372245,amd_faster,0.664367036,amd64,200,LinUCB,715.7716319999281
1787823368.7908247,arm_faster,0.72123939,arm64,200,LinUCB,797.7857519999816
1787823368.7915092,amd_faster,0.660814859,amd64,200,LinUCB,754.0187839999817
1787823368.8319554,linpack,0.760415685,amd64,200,LinUCB,797.0115840000744
1787823368.861518,chacha20,1.992445836,arm64,200,LinUCB,2046.5915910000376
1787823369.0598888,readdisk,1.04024215,arm64,200,LinUCB,1092.6995270000361
1787823369.5561612,amd_faster,0.664009043,amd64,200,LinUCB,763.7367149999363
1787823369.5639553,arm_faster,0.71902131,arm64,200,LinUCB,772.1280610001031
1787823369.6306553,linpack,0.737319816,amd64,200,LinUCB,798.3041890000777
1787823369.809881,readmemory,12.115556532,amd64,200,LinUCB,12221.942209999952
1787823370.1293426,chacha20,1.162775832,amd64,200,LinUCB,1267.4856779999573
1787823370.1625628,readdisk,1.04352235,arm64,200,LinUCB,1102.107415999967
1787823370.2862835,amd_faster,0.680106178,amd64,200,LinUCB,729.5598590000054
1787823370.379891,arm_faster,0.72204099,arm64,200,LinUCB,815.505829000017
1787823370.4087665,linpack,0.749513149,amd64,200,LinUCB,777.7526769999668
1787823371.0097797,amd_faster,0.67328561,amd64,200,LinUCB,723.1227839999974
1787823371.156029,arm_faster,0.71959467,arm64,200,LinUCB,775.6972040000392
1787823371.1687188,linpack,0.730785005,amd64,200,LinUCB,759.5520739999984
1787823371.278525,readdisk,1.04209175,arm64,200,LinUCB,1115.565681000021
1787823371.6227963,chacha20,1.435207042,amd64,200,LinUCB,1493.0532700000185
1787823371.738697,amd_faster,0.678474695,amd64,200,LinUCB,728.4636680000176
1787823371.9298189,arm_faster,0.723053469,arm64,200,LinUCB,773.3554659999982
1787823371.9368732,linpack,0.72922017,amd64,200,LinUCB,767.6879120000422
1787823372.381405,readdisk,1.04122555,arm64,200,LinUCB,1102.4484130000474
1787823372.4544466,amd_faster,0.662761681,amd64,200,LinUCB,715.352730999939
1787823372.6311245,chacha20,0.951295179,amd64,200,LinUCB,1007.8363799999579
1787823372.6998017,arm_faster,0.72002155,arm64,200,LinUCB,769.5807270000614
1787823372.708795,linpack,0.728165347,amd64,200,LinUCB,771.5112560000534
1787823373.1758318,amd_faster,0.668579213,amd64,200,LinUCB,720.9702879999895
1787823373.47784,arm_faster,0.72204603,arm64,200,LinUCB,777.5981990000673
1787823373.47942,readdisk,1.04690943,arm64,200,LinUCB,1097.5861530000657
1787823373.481307,linpack,0.724552756,amd64,200,LinUCB,772.1265840000342
1787823373.6319938,chacha20,0.951324847,amd64,200,LinUCB,1000.282564000031
1787823373.9129224,amd_faster,0.684642908,amd64,200,LinUCB,736.6527020000149
1787823374.2574217,arm_faster,0.719467631,arm64,200,LinUCB,779.1169770000579
1787823374.3057663,linpack,0.718085981,amd64,200,LinUCB,823.625815000014
1787823374.6305578,readdisk,1.04427671,arm64,200,LinUCB,1150.2797050000027
1787823374.6356814,amd_faster,0.673314977,amd64,200,LinUCB,722.2593210000241
1787823375.0327454,arm_faster,0.72125671,arm64,200,LinUCB,774.909798000067
1787823375.0689108,linpack,0.756068235,amd64,200,LinUCB,762.665620000007
1787823375.4292176,amd_faster,0.675639139,amd64,200,LinUCB,793.1952730000376
1787823375.6247382,chacha20,1.9380119759999999,amd64,200,LinUCB,1992.2983910000767
1787823375.7329397,readdisk,1.04090071,arm64,200,LinUCB,1101.9840699999577
1787823375.8052819,arm_faster,0.72194875,arm64,200,LinUCB,772.0488420000038
1787823375.8430893,linpack,0.758133908,amd64,200,LinUCB,773.7005140000974
1787823376.1618862,amd_faster,0.677690134,amd64,200,LinUCB,732.2740519999797
1787823376.585629,arm_faster,0.726521949,arm64,200,LinUCB,779.839804000062
1787823376.6248207,linpack,0.76497828,amd64,200,LinUCB,781.3728319999882
1787823376.6286469,chacha20,0.950549822,amd64,200,LinUCB,1003.546445999973
1787823376.7551541,thread,11.425693614,arm64,200,LinUCB,11477.501038000013
1787823376.8290226,readdisk,1.045801109,arm64,200,LinUCB,1095.6688810000514
1787823376.890701,amd_faster,0.667928025,amd64,200,LinUCB,728.2528920000004
1787823377.3620176,arm_faster,0.72038943,arm64,200,LinUCB,775.931155999956
1787823377.4026027,linpack,0.759923887,amd64,200,LinUCB,777.1311200000355
1787823377.6098976,amd_faster,0.666813554,amd64,200,LinUCB,718.8879980000138
1787823377.634949,chacha20,0.943160604,amd64,200,LinUCB,1005.9617509999725
1787823377.9260273,readdisk,1.045446149,arm64,200,LinUCB,1096.6313750000154
1787823378.1380749,arm_faster,0.72050283,arm64,200,LinUCB,775.6367130000399
1787823378.178675,linpack,0.760058417,amd64,200,LinUCB,775.7195249999995
1787823378.3449976,amd_faster,0.679741188,amd64,200,LinUCB,734.5820850000564
1787823378.912885,arm_faster,0.71944119,arm64,200,LinUCB,774.3771409999454
1787823378.9560885,linpack,0.760959882,amd64,200,LinUCB,776.9841589999942
1787823379.0263042,readdisk,1.04175723,arm64,200,LinUCB,1099.6643200001017
1787823379.0665112,amd_faster,0.669382406,amd64,200,LinUCB,720.8770360000472
1787823379.6660028,chacha20,1.9523624659999999,amd64,200,LinUCB,2030.5844509999815
1787823379.6892307,arm_faster,0.72174975,arm64,200,LinUCB,775.6511920000548
1787823379.7294052,linpack,0.760840308,amd64,200,LinUCB,772.9460689999996
1787823379.81306,amd_faster,0.677272596,amd64,200,LinUCB,745.8212989999993
1787823380.126392,readdisk,1.04544531,arm64,200,LinUCB,1099.6198039999854
1787823380.209305,readmemory,10.339097312,arm64,200,LinUCB,10399.02313799996
1787823380.4860067,arm_faster,0.71978527,arm64,200,LinUCB,796.1393429999362
1787823380.520282,linpack,0.752947499,amd64,200,LinUCB,790.5190139999831
1787823380.533082,amd_faster,0.668599873,amd64,200,LinUCB,719.6262479999405
1787823380.6665308,chacha20,0.950248021,amd64,200,LinUCB,1000.1221019999775
1787823381.2299051,readdisk,1.04149955,arm64,200,LinUCB,1103.0278769999313
1787823381.2614107,arm_faster,0.71943595,arm64,200,LinUCB,775.0798940001005
1787823381.2674992,amd_faster,0.674082092,amd64,200,LinUCB,734.1109479999659
1787823381.314667,linpack,0.770742219,amd64,200,LinUCB,793.9275879999741
1787823381.6716115,chacha20,0.945845879,amd64,200,LinUCB,1004.6654910000825
1787823382.0591924,arm_faster,0.72061019,arm64,200,LinUCB,797.2540219999473
1787823382.063766,amd_faster,0.675787386,amd64,200,LinUCB,795.9594760000073
1787823382.135593,linpack,0.74612533,amd64,200,LinUCB,820.3711620000149
1787823382.2478087,primenumber,16.562184242,arm64,200,LinUCB,16617.994660000022
1787823382.333947,readdisk,1.04379903,arm64,200,LinUCB,1103.4260080000422
1787823382.6899068,chacha20,0.957479367,amd64,200,LinUCB,1017.9715130000204
1787823382.833857,arm_faster,0.720184511,arm64,200,LinUCB,774.3423550000443
1787823382.8484442,amd_faster,0.676912047,amd64,200,LinUCB,784.3702830000439
1787823382.9271402,linpack,0.754399561,amd64,200,LinUCB,791.1519010000347
1787823383.4343724,readdisk,1.04152079,arm64,200,LinUCB,1100.0421740000093
1787823383.604917,arm_faster,0.71925487,arm64,200,LinUCB,770.6770029999461
1787823383.605632,amd_faster,0.664506426,amd64,200,LinUCB,756.9166150000228
1787823383.68432,chacha20,0.942601255,amd64,200,LinUCB,994.0284479999946
1787823383.7104619,linpack,0.768570752,amd64,200,LinUCB,783.0077759999767
1787823384.3781319,amd_faster,0.670155219,amd64,200,LinUCB,771.4134170000762
1787823384.3801012,arm_faster,0.719049151,arm64,200,LinUCB,774.1118850000248
1787823384.518567,linpack,0.760257321,amd64,200,LinUCB,807.6880699999265
1787823384.5356212,readdisk,1.04422963,arm64,200,LinUCB,1100.777545000028
1787823384.731826,chacha20,0.97521718,amd64,200,LinUCB,1047.143874000085
1787823385.1140387,amd_faster,0.676690408,amd64,200,LinUCB,735.4415309999922
1787823385.2051635,arm_faster,0.72035655,arm64,200,LinUCB,824.1053650000367
1787823385.295879,linpack,0.772028228,amd64,200,LinUCB,776.8499960000099
1787823385.6343129,readdisk,1.04280575,arm64,200,LinUCB,1097.8889130000198
1787823385.725079,chacha20,0.940010799,amd64,200,LinUCB,992.7800330000309
1787823385.8371606,amd_faster,0.667936159,amd64,200,LinUCB,722.646468999983
1787823385.9865623,arm_faster,0.72220523,arm64,200,LinUCB,780.9786300000496
1787823386.083084,linpack,0.782514126,amd64,200,LinUCB,786.7274420000285
1787823386.5596368,amd_faster,0.668686391,amd64,200,LinUCB,722.0921890000227
1787823386.7308002,readdisk,1.04193731,arm64,200,LinUCB,1096.0571769999206
1787823386.7397969,chacha20,0.962007395,amd64,200,LinUCB,1014.345685999956
1787823386.7676506,arm_faster,0.72005799,arm64,200,LinUCB,780.7491849999906
1787823386.8673747,linpack,0.779559746,amd64,200,LinUCB,783.9123929999232
1787823387.2977982,amd_faster,0.679678559,amd64,200,LinUCB,737.8417339999714
1787823387.617769,arm_faster,0.72283327,arm64,200,LinUCB,849.7974680000198
1787823387.6664088,linpack,0.769985069,amd64,200,LinUCB,798.7146640000446
1787823387.7888725,chacha20,0.94339743,amd64,200,LinUCB,1048.7347209999598
1787823387.8243637,readdisk,1.042477629,arm64,200,LinUCB,1093.2198320000452
1787823388.0228498,amd_faster,0.674307286,amd64,200,LinUCB,724.7118689999752
1787823388.268732,thread,11.388455698,arm64,200,LinUCB,11513.18515999992
1787823388.4036186,arm_faster,0.71927255,arm64,200,LinUCB,785.5292760000339
1787823388.4607482,linpack,0.775362717,amd64,200,LinUCB,794.0100069999971
1787823388.7404695,amd_faster,0.667022685,amd64,200,LinUCB,717.2359689999439
1787823388.7818193,chacha20,0.940023978,amd64,200,LinUCB,992.4188950000143
1787823388.9357214,readdisk,1.04194883,arm64,200,LinUCB,1111.0192699999288
1787823389.179612,arm_faster,0.72316547,arm64,200,LinUCB,775.5680079999365
1787823389.2388988,linpack,0.774115448,amd64,200,LinUCB,777.818027999956
1787823389.4644902,amd_faster,0.667044126,amd64,200,LinUCB,723.6597539999821
1787823389.7973297,chacha20,0.951094408,amd64,200,LinUCB,1015.1141100000132
1787823389.9550707,arm_faster,0.71909011,arm64,200,LinUCB,775.0661060000539
1787823389.9977026,linpack,0.754198313,amd64,200,LinUCB,758.354547999943
1787823390.0350757,readdisk,1.041876789,arm64,200,LinUCB,1098.9460370000188
1787823390.1948493,amd_faster,0.675797005,amd64,200,LinUCB,729.9228079999693
1787823390.6012511,readmemory,10.337000353,arm64,200,LinUCB,10391.253460000029
1787823390.7309253,arm_faster,0.723528149,arm64,200,LinUCB,775.4862530000537
1787823390.7567585,linpack,0.747589683,amd64,200,LinUCB,758.6897420000014
1787823390.9268427,amd_faster,0.681153394,amd64,200,LinUCB,731.6134349999857
1787823391.022269,chacha20,1.169783347,amd64,200,LinUCB,1224.3426090000185
1787823391.1372144,readdisk,1.04206787,arm64,200,LinUCB,1101.4907559999756
1787823391.503486,arm_faster,0.71988123,arm64,200,LinUCB,771.983017000025
1787823391.5189316,linpack,0.73427433,amd64,200,LinUCB,761.7978209999592
1787823391.6463575,amd_faster,0.66968309,amd64,200,LinUCB,719.1246959999944
1787823392.0358484,chacha20,0.956958369,amd64,200,LinUCB,1013.1864290000294
1787823392.2361135,readdisk,1.043338389,arm64,200,LinUCB,1098.4861770000407
1787823392.282333,arm_faster,0.72463967,arm64,200,LinUCB,778.4350730000824
1787823392.2915254,linpack,0.73261204,amd64,200,LinUCB,772.1582960000433
1787823392.3829944,amd_faster,0.681455092,amd64,200,LinUCB,736.1918949999335
1787823393.0628102,arm_faster,0.72101163,arm64,200,LinUCB,780.0918009999123
1787823393.0652933,linpack,0.722862135,amd64,200,LinUCB,773.4188650000533
1787823393.1094642,amd_faster,0.673335394,amd64,200,LinUCB,726.0892100000547
1787823393.336841,readdisk,1.04097627,arm64,200,LinUCB,1100.3450380000004
1787823393.6490133,filehandle,30.455617773,arm64,200,LinUCB,30459.68436999999
1787823393.8369088,arm_faster,0.72264023,arm64,200,LinUCB,773.691015000054
1787823393.8409123,linpack,0.727193839,amd64,200,LinUCB,775.2393140000322
1787823393.8478596,amd_faster,0.683953743,amd64,200,LinUCB,738.0978239999649
1787823394.0830116,chacha20,1.992366191,amd64,200,LinUCB,2046.6945359999045
1787823394.432116,readdisk,1.04188315,arm64,200,LinUCB,1094.7441900000285
1787823394.6221983,arm_faster,0.72092043,arm64,200,LinUCB,784.8916210000425
1787823394.6280122,amd_faster,0.67547445,amd64,200,LinUCB,779.7493819999772
1787823394.6296103,linpack,0.727455773,amd64,200,LinUCB,788.3524909999551
1787823395.0861018,chacha20,0.948542715,amd64,200,LinUCB,1002.6802429999861
1787823395.396582,arm_faster,0.72157423,arm64,200,LinUCB,773.9619510000466
1787823395.4024017,amd_faster,0.674401725,amd64,200,LinUCB,773.9975959999583
1787823395.4569454,linpack,0.727290757,amd64,200,LinUCB,826.4663319999954
1787823395.5305998,readdisk,1.04166063,arm64,200,LinUCB,1098.1211240000448
1787823396.0917795,chacha20,0.94536785,amd64,200,LinUCB,1005.3073950000453
1787823396.1803732,arm_faster,0.71958867,arm64,200,LinUCB,783.4316720000061
1787823396.1936777,amd_faster,0.675242668,amd64,200,LinUCB,790.9145759999774
1787823396.2506082,linpack,0.730551651,amd64,200,LinUCB,793.0507819999093
1787823396.6261158,readdisk,1.043097109,arm64,200,LinUCB,1095.1116579999507
1787823396.9572265,arm_faster,0.72294527,arm64,200,LinUCB,776.4786310000318
1787823396.959765,amd_faster,0.675536346,amd64,200,LinUCB,765.7470620000595
1787823397.0251188,linpack,0.739804757,amd64,200,LinUCB,773.9457569999786
1787823397.729738,readdisk,1.043360469,arm64,200,LinUCB,1103.183888999979
1787823397.7371745,arm_faster,0.72014503,arm64,200,LinUCB,779.4885910000175
1787823397.7417438,amd_faster,0.67013947,amd64,200,LinUCB,781.6328760000033
1787823397.81299,linpack,0.739471669,amd64,200,LinUCB,787.4068579999403
1787823398.140251,chacha20,1.99172138,amd64,200,LinUCB,2048.0347120000033
1787823398.558159,amd_faster,0.675321954,amd64,200,LinUCB,815.9216740000375
1787823398.559228,arm_faster,0.72315391,arm64,200,LinUCB,821.4937220000138
1787823398.6113427,linpack,0.727395854,amd64,200,LinUCB,797.9645349998918
1787823398.826678,readdisk,1.04045783,arm64,200,LinUCB,1096.2530980000338
1787823398.8611798,primenumber,16.555736167,arm64,200,LinUCB,16612.91936400005
1787823399.1375957,chacha20,0.942770502,amd64,200,LinUCB,996.9096880000734
1787823399.2832632,amd_faster,0.667809992,amd64,200,LinUCB,723.6723680000523
1787823399.372947,linpack,0.756624281,amd64,200,LinUCB,761.2154070000088
1787823399.3866527,arm_faster,0.72369959,arm64,200,LinUCB,826.4017909999666
1787823399.7198434,thread,11.388753178,arm64,200,LinUCB,11450.77404899996
1787823399.9239042,readdisk,1.042854829,arm64,200,LinUCB,1096.860535000019
