Timestamp,User Count,Type,Name,Requests/s,Failures/s,50%,66%,75%,80%,90%,95%,98%,99%,99.9%,99.99%,100%,Total Request Count,Total Failure Count,Total Median Response Time,Total Average Response Time,Total Min Response Time,Total Max Response Time,Total Average Content Size
1787822800,0,,Aggregated,0.000000,0.000000,N/A,N/A,N/A,N/A,N/A,N/A,N/A,N/A,N/A,N/A,N/A,0,0,0,0.0,0,0,0
1787822801,9,,Aggregated,0.000000,0.000000,N/A,N/A,N/A,N/A,N/A,N/A,N/A,N/A,N/A,N/A,N/A,0,0,0,0.0,0,0,0
1787822802,9,,Aggregated,0.000000,0.000000,1500,1500,1900,1900,1900,1900,1900,1900,1900,1900,1900,4,0,1300,1410.6966590000097,1013.0872679999925,1889.1600700000026,314.0
1787822803,9,,Aggregated,0.000000,0.000000,1500,1500,1900,1900,1900,1900,1900,1900,1900,1900,1900,4,0,1300,1410.6966590000097,1013.0872679999925,1889.1600700000026,314.0
1787822804,9,,Aggregated,1.500000,0.000000,1900,1900,3000,3000,3000,3000,3000,3000,3000,3000,3000,7,0,1900,1937.1090435714352,1013.0872679999925,3040.1894440000206,322.85714285714283
1787822805,9,,Aggregated,1.333333,0.000000,1900,2500,3000,3000,3200,3200,3200,3200,3200,3200,3200,10,0,1900,2031.4039604000075,1013.0872679999925,3196.125010000003,321.6
1787822806,9,,Aggregated,1.250000,0.000000,1500,1900,2500,3000,3000,3200,3200,3200,3200,3200,3200,14,0,1400,1777.2377285714356,801.4361259999987,3196.125010000003,319.85714285714283
1787822807,9,,Aggregated,1.250000,0.000000,1300,1900,1900,2500,3000,3200,3200,3200,3200,3200,3200,17,0,1300,1626.692853647064,786.3309370000025,3196.125010000003,318.70588235294116
1787822808,9,,Aggregated,2.166667,0.000000,1300,1400,1900,1900,3000,3000,3200,3200,3200,3200,3200,22,0,1100,1479.6372187727306,733.4243660000084,3196.125010000003,318.45454545454544
1787822809,9,,Aggregated,2.428571,0.000000,1100,1400,1900,1900,3000,3200,5900,5900,5900,5900,5900,27,0,1100,1577.5005832222262,725.2599660000101,5892.038832000026,318.85185185185185
1787822810,9,,Aggregated,2.625000,0.000000,1100,1300,1500,1900,3000,3200,5900,5900,5900,5900,5900,30,0,1100,1522.7585798666703,725.2599660000101,5892.038832000026,318.26666666666665
1787822811,9,,Aggregated,2.777778,0.000000,1100,1400,1600,1900,3000,5900,11000,11000,11000,11000,11000,37,0,1100,1730.204684918923,713.0889670000329,10723.86204899999,318.9189189189189
1787822812,9,,Aggregated,2.800000,0.000000,1100,1300,1500,1900,3000,3200,11000,11000,11000,11000,11000,42,0,1100,1630.8676588809547,713.0889670000329,10723.86204899999,319.0
1787822813,9,,Aggregated,3.400000,0.000000,1100,1300,1500,1900,3000,5900,13000,13000,13000,13000,13000,46,0,1100,1839.1385729347855,713.0889670000329,12588.336749000007,319.6304347826087
1787822814,9,,Aggregated,3.800000,0.000000,1100,1300,1500,1900,3000,5900,13000,13000,13000,13000,13000,49,0,1100,1812.6270086938798,713.0889670000329,12588.336749000007,320.3265306122449
1787822815,9,,Aggregated,4.100000,0.000000,1100,1300,1500,1900,3000,5900,11000,13000,13000,13000,13000,54,0,1100,1780.8826002962976,713.0889670000329,12588.336749000007,320.3888888888889
1787822816,9,,Aggregated,4.300000,0.000000,1100,1300,1500,1900,3000,5900,11000,13000,13000,13000,13000,60,0,1100,1694.4363970999996,713.0889670000329,12588.336749000007,320.4166666666667
1787822817,9,,Aggregated,4.300000,0.000000,1100,1300,1500,1900,3000,5900,13000,17000,17000,17000,17000,64,0,1100,1898.6946279687493,713.0889670000329,16795.45112599999,320.90625
1787822818,9,,Aggregated,4.500000,0.000000,1100,1300,1500,1900,3000,5900,13000,17000,17000,17000,17000,69,0,1100,1839.1328235797107,713.0889670000329,16795.45112599999,320.72463768115944
1787822819,9,,Aggregated,4.500000,0.000000,1100,1300,1500,1600,2900,5900,13000,17000,17000,17000,17000,73,0,1100,1799.6864962054792,713.0889670000329,16795.45112599999,321.2328767123288
1787822820,9,,Aggregated,4.500000,0.000000,1100,1100,1500,1600,2900,5900,13000,17000,17000,17000,17000,78,0,1100,1754.7333206923067,713.0889670000329,16795.45112599999,321.1923076923077
1787822821,9,,Aggregated,4.800000,0.000000,1000,1100,1400,1600,2500,3200,13000,17000,17000,17000,17000,85,0,1000,1683.4271478705875,713.0889670000329,16795.45112599999,321.3764705882353
1787822822,9,,Aggregated,5.000000,0.000000,1000,1100,1400,1500,2400,3200,13000,17000,17000,17000,17000,91,0,1000,1629.7787728791207,713.0889670000329,16795.45112599999,321.3626373626374
1787822823,9,,Aggregated,4.800000,0.000000,1000,1100,1300,1500,2400,3200,13000,17000,17000,17000,17000,95,0,1000,1596.6606030105258,713.0889670000329,16795.45112599999,321.6736842105263
1787822824,9,,Aggregated,4.700000,0.000000,1000,1100,1300,1500,2400,3200,13000,17000,17000,17000,17000,100,0,1000,1571.3243980899997,713.0889670000329,16795.45112599999,321.77
1787822825,9,,Aggregated,4.900000,0.000000,1000,1100,1300,1400,2300,3000,11000,13000,17000,17000,17000,106,0,1000,1533.0685305471702,713.0889670000329,16795.45112599999,321.72641509433964
1787822826,9,,Aggregated,5.100000,0.000000,1000,1100,1200,1400,2100,3000,11000,13000,17000,17000,17000,112,0,1000,1498.676136946429,713.0889670000329,16795.45112599999,321.7857142857143
1787822827,9,,Aggregated,5.300000,0.000000,1000,1100,1100,1400,2100,3000,11000,13000,17000,17000,17000,116,0,990,1475.9870284137942,713.0889670000329,16795.45112599999,321.9396551724138
1787822828,9,,Aggregated,5.300000,0.000000,1000,1100,1200,1400,2100,3000,11000,13000,17000,17000,17000,120,0,990,1463.1204356833348,713.0889670000329,16795.45112599999,321.81666666666666
1787822829,9,,Aggregated,5.300000,0.000000,990,1100,1100,1400,2100,3000,11000,13000,17000,17000,17000,127,0,990,1442.1541589527574,713.0889670000329,16795.45112599999,321.8897637795276
1787822830,9,,Aggregated,5.100000,0.000000,990,1100,1100,1300,2000,3000,11000,13000,17000,17000,17000,132,0,990,1421.2214595151522,713.0889670000329,16795.45112599999,321.8030303030303
1787822831,9,,Aggregated,5.200000,0.000000,990,1100,1100,1300,2000,3000,11000,13000,17000,17000,17000,137,0,990,1405.3839254087595,713.0889670000329,16795.45112599999,321.7007299270073
1787822832,9,,Aggregated,5.200000,0.000000,990,1100,1100,1300,2000,3000,13000,17000,31000,31000,31000,145,0,990,1585.497831675862,713.0889670000329,31206.99131600003,321.848275862069
1787822833,9,,Aggregated,5.400000,0.000000,990,1100,1100,1300,2000,3000,13000,17000,31000,31000,31000,149,0,990,1567.5361745637585,713.0889670000329,31206.99131600003,322.0134228187919
1787822834,9,,Aggregated,5.400000,0.000000,990,1100,1100,1300,2000,3000,11000,17000,31000,31000,31000,154,0,990,1550.9425930714294,713.0889670000329,31206.99131600003,322.03246753246754
1787822835,9,,Aggregated,5.200000,0.000000,990,1100,1100,1200,2000,3000,11000,17000,31000,31000,31000,160,0,990,1524.941107306251,712.9242120000185,31206.99131600003,322.04375
1787822836,9,,Aggregated,5.300000,0.000000,990,1100,1100,1200,2000,3000,17000,25000,31000,31000,31000,167,0,990,1773.8136159101803,712.9242120000185,31206.99131600003,321.98802395209583
1787822837,9,,Aggregated,5.400000,0.000000,990,1100,1100,1200,2000,3000,17000,25000,31000,31000,31000,173,0,990,1743.9455260404634,712.9242120000185,31206.99131600003,321.9306358381503
1787822838,9,,Aggregated,5.500000,0.000000,990,1100,1100,1200,2000,3000,17000,25000,31000,31000,31000,180,0,990,1708.738989172223,712.9242120000185,31206.99131600003,321.98333333333335
1787822839,9,,Aggregated,5.500000,0.000000,990,1100,1100,1100,2000,3000,17000,25000,31000,31000,31000,184,0,990,1689.8484763423921,712.9242120000185,31206.99131600003,322.10869565217394
1787822840,9,,Aggregated,5.700000,0.000000,990,1100,1100,1100,2000,3000,17000,25000,31000,31000,31000,189,0,990,1673.805723597884,712.9242120000185,31206.99131600003,322.010582010582
1787822841,9,,Aggregated,5.900000,0.000000,980,1100,1100,1100,2000,3000,17000,25000,31000,31000,31000,197,0,980,1641.1622454263963,712.9242120000185,31206.99131600003,322.0812182741117
1787822842,9,,Aggregated,5.900000,0.000000,980,1100,1100,1100,1900,2900,13000,23000,31000,31000,31000,202,0,980,1622.342045762377,712.9242120000185,31206.99131600003,322.0049504950495
1787822843,9,,Aggregated,5.800000,0.000000,980,1100,1100,1100,1900,2900,13000,23000,31000,31000,31000,206,0,980,1608.471672228156,712.9242120000185,31206.99131600003,322.1116504854369
1787822844,9,,Aggregated,5.700000,0.000000,980,1100,1100,1100,1900,2900,13000,23000,31000,31000,31000,213,0,980,1588.5247524788745,712.9242120000185,31206.99131600003,322.14084507042253
1787822845,9,,Aggregated,5.900000,0.000000,980,1100,1100,1100,1900,2900,13000,23000,31000,31000,31000,218,0,970,1570.9633277614694,712.9242120000185,31206.99131600003,322.11467889908255
1787822846,9,,Aggregated,5.700000,0.000000,970,1100,1100,1100,1900,2500,13000,23000,31000,31000,31000,223,0,970,1555.5184487802703,712.9242120000185,31206.99131600003,322.0493273542601
1787822847,9,,Aggregated,5.500000,0.000000,960,1100,1100,1100,1900,2500,13000,23000,31000,31000,31000,228,0,960,1539.4964292061416,712.9242120000185,31206.99131600003,322.219298245614
1787822848,9,,Aggregated,5.600000,0.000000,890,1100,1100,1100,1700,2500,13000,23000,31000,31000,31000,233,0,890,1524.4985561459243,712.9242120000185,31206.99131600003,322.3776824034335
1787822849,9,,Aggregated,5.500000,0.000000,890,1100,1100,1100,1900,2500,13000,23000,31000,31000,31000,239,0,890,1513.093145439332,712.9242120000185,31206.99131600003,322.31380753138075
1787822850,9,,Aggregated,5.400000,0.000000,850,1100,1100,1100,1700,2400,13000,23000,31000,31000,31000,245,0,850,1497.0306043632668,712.9242120000185,31206.99131600003,322.31020408163266
1787822851,9,,Aggregated,5.300000,0.000000,840,1100,1100,1100,1600,2400,11000,23000,31000,31000,31000,252,0,830,1478.8678211865092,709.3514319999485,31206.99131600003,322.28968253968253
1787822852,9,,Aggregated,5.500000,0.000000,830,1100,1100,1100,1600,2400,11000,23000,31000,31000,31000,256,0,820,1468.9103400000013,709.3514319999485,31206.99131600003,322.375
1787822853,9,,Aggregated,5.500000,0.000000,820,1100,1100,1100,1600,2300,11000,23000,31000,31000,31000,262,0,820,1458.8383938282457,709.3514319999485,31206.99131600003,322.3625954198473
1787822854,9,,Aggregated,5.500000,0.000000,820,1100,1100,1100,1600,2300,11000,23000,31000,31000,31000,268,0,820,1445.205819876867,709.3514319999485,31206.99131600003,322.32462686567163
1787822855,9,,Aggregated,5.500000,0.000000,820,1100,1100,1100,1600,2300,11000,23000,31000,31000,31000,274,0,820,1432.4576984525563,709.3514319999485,31206.99131600003,322.2846715328467
1787822856,9,,Aggregated,5.600000,0.000000,820,1100,1100,1100,1600,2300,11000,23000,31000,31000,31000,278,0,820,1425.053016485613,709.3514319999485,31206.99131600003,322.1798561151079
1787822857,9,,Aggregated,5.800000,0.000000,820,1100,1100,1100,1600,2300,11000,23000,31000,31000,31000,284,0,820,1417.8169759471843,709.3514319999485,31206.99131600003,322.24295774647885
1787822858,9,,Aggregated,5.400000,0.000000,820,1100,1100,1100,1600,2300,11000,23000,31000,31000,31000,289,0,820,1409.965693211074,709.3514319999485,31206.99131600003,322.1937716262976
1787822859,9,,Aggregated,5.400000,0.000000,820,1100,1100,1100,1600,2300,11000,23000,31000,31000,31000,294,0,820,1401.372560401362,709.3514319999485,31206.99131600003,322.1326530612245
1787822860,9,,Aggregated,5.400000,0.000000,820,1100,1100,1100,1600,2300,11000,23000,31000,31000,31000,299,0,820,1391.7543015551855,709.3514319999485,31206.99131600003,322.2608695652174
1787822861,9,,Aggregated,5.600000,0.000000,810,1100,1100,1100,1500,2100,5900,17000,31000,31000,31000,305,0,810,1380.5834946950838,709.3514319999485,31206.99131600003,322.37377049180327
1787822862,9,,Aggregated,5.400000,0.000000,810,1100,1100,1100,1600,2200,5900,17000,31000,31000,31000,310,0,810,1376.608520145163,709.3514319999485,31206.99131600003,322.30967741935484
1787822863,9,,Aggregated,5.300000,0.000000,810,1100,1100,1100,1500,2200,5900,17000,31000,31000,31000,317,0,810,1365.1438071577306,709.3514319999485,31206.99131600003,322.3217665615142
1787822864,9,,Aggregated,5.500000,0.000000,810,1100,1100,1100,1500,2100,5900,17000,31000,31000,31000,322,0,810,1357.6488501583874,709.3514319999485,31206.99131600003,322.2701863354037
1787822865,9,,Aggregated,5.400000,0.000000,810,1100,1100,1100,1500,2200,11000,23000,31000,31000,31000,329,0,810,1431.62087113982,709.3514319999485,31206.99131600003,322.2340425531915
1787822866,9,,Aggregated,5.400000,0.000000,810,1100,1100,1100,1500,2200,11000,23000,31000,31000,31000,335,0,810,1420.2875694179127,709.3514319999485,31206.99131600003,322.2716417910448
1787822867,9,,Aggregated,5.500000,0.000000,810,1100,1100,1100,1500,2200,11000,23000,31000,31000,31000,340,0,800,1412.3701867235316,709.3514319999485,31206.99131600003,322.22352941176473
1787822868,9,,Aggregated,5.600000,0.000000,800,1100,1100,1100,1400,2100,11000,23000,31000,31000,31000,347,0,800,1400.802519224786,709.3514319999485,31206.99131600003,322.21325648414984
1787822869,9,,Aggregated,5.800000,0.000000,800,1100,1100,1100,1400,2100,5900,23000,31000,31000,31000,352,0,800,1392.7948978920474,709.3514319999485,31206.99131600003,322.32670454545456
1787822870,9,,Aggregated,6.000000,0.000000,800,1100,1100,1100,1400,2100,5900,23000,31000,31000,31000,357,0,800,1388.161035834736,709.3514319999485,31206.99131600003,322.2773109243698
1787822871,9,,Aggregated,5.600000,0.000000,800,1100,1100,1100,1400,2100,5900,23000,31000,31000,31000,363,0,800,1379.2964059752085,709.3514319999485,31206.99131600003,322.24242424242425
1787822872,9,,Aggregated,5.800000,0.000000,800,1100,1100,1100,1400,2100,5900,23000,31000,31000,31000,370,0,800,1369.2692467108127,709.3514319999485,31206.99131600003,322.24864864864867
1787822873,9,,Aggregated,6.000000,0.000000,800,1100,1100,1100,1400,2100,5900,23000,31000,31000,31000,374,0,800,1363.6172953074883,709.3514319999485,31206.99131600003,322.30213903743316
1787822874,9,,Aggregated,5.900000,0.000000,800,1100,1100,1100,1400,2100,5900,23000,31000,31000,31000,380,0,790,1358.0999125789497,709.3514319999485,31206.99131600003,322.2710526315789
1787822875,9,,Aggregated,5.800000,0.000000,790,1100,1100,1100,1400,2100,10000,23000,31000,31000,31000,387,0,790,1374.0599345607254,709.3514319999485,31206.99131600003,322.2377260981912
1787822876,9,,Aggregated,5.900000,0.000000,800,1100,1100,1100,1400,2100,10000,23000,31000,31000,31000,394,0,790,1364.75982801523,709.3514319999485,31206.99131600003,322.2791878172589
1787822877,9,,Aggregated,5.600000,0.000000,790,1100,1100,1100,1400,2100,10000,23000,31000,31000,31000,398,0,790,1359.530377180906,709.3514319999485,31206.99131600003,322.33668341708545
1787822878,9,,Aggregated,5.700000,0.000000,790,1100,1100,1100,1400,2100,10000,23000,43000,43000,43000,403,0,790,1460.1372344665028,709.3514319999485,42830.049277,322.3076923076923
1787822879,9,,Aggregated,5.800000,0.000000,800,1100,1100,1100,1400,2100,11000,25000,47000,47000,47000,410,0,800,1563.1488294487824,709.3514319999485,46919.403381,322.35121951219514
1787822880,9,,Aggregated,5.800000,0.000000,800,1100,1100,1100,1400,2100,11000,25000,47000,47000,47000,414,0,800,1557.597340280195,709.3514319999485,46919.403381,322.40821256038646
1787822881,9,,Aggregated,5.900000,0.000000,800,1100,1100,1100,1400,2100,11000,25000,47000,47000,47000,420,0,800,1548.5820516119065,709.3514319999485,46919.403381,322.3833333333333
1787822882,9,,Aggregated,5.800000,0.000000,800,1100,1100,1100,1400,2100,11000,25000,47000,47000,47000,426,0,800,1539.901373361504,709.3514319999485,46919.403381,322.3732394366197
1787822883,9,,Aggregated,5.700000,0.000000,800,1100,1100,1100,1400,2100,13000,29000,66000,66000,66000,433,0,800,1680.7438399076232,709.3514319999485,66251.94962800003,322.3625866050808
1787822884,9,,Aggregated,5.600000,0.000000,800,1100,1100,1100,1400,2100,13000,29000,66000,66000,66000,438,0,800,1671.6284021255724,709.3514319999485,66251.94962800003,322.32648401826486
1787822885,9,,Aggregated,5.600000,0.000000,800,1100,1100,1100,1400,2100,13000,29000,66000,66000,66000,445,0,800,1658.8168719101138,709.3514319999485,66251.94962800003,322.3393258426966
1787822886,9,,Aggregated,5.900000,0.000000,800,1100,1100,1100,1400,2100,13000,29000,66000,66000,66000,450,0,790,1649.6281204244458,709.3514319999485,66251.94962800003,322.40222222222224
1787822887,9,,Aggregated,5.900000,0.000000,790,1100,1100,1100,1400,2100,11000,29000,66000,66000,66000,454,0,790,1643.3621612466973,709.3514319999485,66251.94962800003,322.3942731277533
1787822888,9,,Aggregated,5.700000,0.000000,790,1100,1100,1100,1400,2100,11000,29000,66000,66000,66000,461,0,790,1631.430940546639,709.3514319999485,66251.94962800003,322.4056399132321
1787822889,9,,Aggregated,5.600000,0.000000,790,1100,1100,1100,1400,2100,13000,29000,66000,66000,66000,468,0,790,1647.1624537200867,709.3514319999485,66251.94962800003,322.38247863247864
1787822890,9,,Aggregated,5.800000,0.000000,790,1100,1100,1100,1400,2100,13000,29000,66000,66000,66000,472,0,790,1640.2776891927979,709.3514319999485,66251.94962800003,322.4343220338983
1787822891,9,,Aggregated,5.800000,0.000000,790,1100,1100,1100,1400,2200,13000,29000,66000,66000,66000,480,0,790,1653.2029763354178,709.3514319999485,66251.94962800003,322.44166666666666
1787822892,9,,Aggregated,5.700000,0.000000,790,1100,1100,1100,1400,2100,13000,29000,66000,66000,66000,485,0,790,1645.3489591958771,709.3514319999485,66251.94962800003,322.4020618556701
1787822893,9,,Aggregated,5.900000,0.000000,790,1100,1100,1100,1400,2100,13000,29000,66000,66000,66000,492,0,790,1633.932219398375,709.3514319999485,66251.94962800003,322.3922764227642
1787822894,9,,Aggregated,6.000000,0.000000,790,1100,1100,1100,1400,2100,13000,29000,66000,66000,66000,498,0,790,1624.6638615522097,709.3514319999485,66251.94962800003,322.3875502008032
1787822895,9,,Aggregated,6.100000,0.000000,790,1100,1100,1100,1300,2100,12000,25000,66000,66000,66000,502,0,790,1618.4884503764947,709.3514319999485,66251.94962800003,322.43824701195217
1787822896,9,,Aggregated,5.600000,0.000000,790,1100,1100,1100,1400,2100,12000,25000,66000,66000,66000,508,0,790,1610.963844625985,709.3514319999485,66251.94962800003,322.4232283464567
1787822897,9,,Aggregated,5.800000,0.000000,790,1100,1100,1100,1300,2100,12000,25000,66000,66000,66000,514,0,780,1601.6680860875492,709.3514319999485,66251.94962800003,322.511673151751
1787822898,9,,Aggregated,6.000000,0.000000,780,1100,1100,1100,1400,2100,12000,25000,66000,66000,66000,518,0,780,1596.7467173301168,709.3514319999485,66251.94962800003,322.5019305019305
1787822899,9,,Aggregated,5.700000,0.000000,780,1100,1100,1100,1400,2100,12000,25000,66000,66000,66000,525,0,780,1605.0825980780965,709.3514319999485,66251.94962800003,322.48
1787822900,9,,Aggregated,5.700000,0.000000,780,1100,1100,1100,1300,2100,12000,25000,66000,66000,66000,532,0,780,1595.2164262537608,709.3514319999485,66251.94962800003,322.49436090225566
1787822901,9,,Aggregated,5.700000,0.000000,780,1100,1100,1100,1300,2100,12000,25000,66000,66000,66000,537,0,780,1588.0180964804483,709.3514319999485,66251.94962800003,322.55307262569835
1787822902,9,,Aggregated,5.900000,0.000000,780,1100,1100,1100,1300,2100,12000,25000,66000,66000,66000,542,0,780,1583.446067717713,709.3514319999485,66251.94962800003,322.51476014760146
1787822903,9,,Aggregated,5.900000,0.000000,780,1100,1100,1100,1300,2100,12000,25000,66000,66000,66000,547,0,780,1577.0354522010975,709.3514319999485,66251.94962800003,322.48628884826326
1787822904,9,,Aggregated,5.700000,0.000000,780,1100,1100,1100,1300,2100,11000,25000,66000,66000,66000,555,0,780,1566.5002125081085,709.3514319999485,66251.94962800003,322.5027027027027
1787822905,9,,Aggregated,5.800000,0.000000,780,1100,1100,1100,1300,2100,11000,25000,66000,66000,66000,559,0,780,1561.2576598550986,709.3514319999485,66251.94962800003,322.54561717352414
1787822906,9,,Aggregated,5.900000,0.000000,780,1100,1100,1100,1300,2100,11000,25000,66000,66000,66000,565,0,780,1555.6261641097344,709.3514319999485,66251.94962800003,322.55929203539824
1787822907,9,,Aggregated,5.600000,0.000000,780,1100,1100,1100,1300,2100,11000,25000,66000,66000,66000,572,0,780,1546.8810573391609,709.3514319999485,66251.94962800003,322.5524475524476
1787822908,9,,Aggregated,5.700000,0.000000,780,1100,1100,1100,1300,2100,11000,25000,66000,66000,66000,577,0,780,1541.1628203483538,709.3514319999485,66251.94962800003,322.5372616984402
1787822909,9,,Aggregated,5.800000,0.000000,780,1100,1100,1100,1200,2100,11000,25000,66000,66000,66000,584,0,780,1532.7711664212331,709.3514319999485,66251.94962800003,322.5496575342466
1787822910,9,,Aggregated,5.800000,0.000000,780,1100,1100,1100,1300,2100,12000,25000,66000,66000,66000,589,0,780,1575.586564118846,709.3514319999485,66251.94962800003,322.50594227504246
1787822911,9,,Aggregated,5.700000,0.000000,780,1100,1100,1100,1300,2100,12000,25000,66000,66000,66000,593,0,780,1571.7423442917373,709.3514319999485,66251.94962800003,322.5615514333895
1787822912,9,,Aggregated,5.600000,0.000000,780,1100,1100,1100,1400,2100,12000,25000,66000,66000,66000,598,0,780,1569.3955123361204,709.3514319999485,66251.94962800003,322.5217391304348
1787822913,9,,Aggregated,5.700000,0.000000,780,1100,1100,1100,1400,2100,11000,23000,66000,66000,66000,602,0,780,1565.5227685813957,709.3514319999485,66251.94962800003,322.5033222591362
1787822914,9,,Aggregated,5.400000,0.000000,780,1100,1100,1100,1400,2100,11000,23000,66000,66000,66000,607,0,780,1563.2705223393746,709.3514319999485,66251.94962800003,322.48764415156506
1787822915,9,,Aggregated,5.300000,0.000000,780,1100,1100,1100,1400,2100,11000,23000,66000,66000,66000,612,0,780,1557.1968836372555,709.3514319999485,66251.94962800003,322.4591503267974
1787822916,9,,Aggregated,5.200000,0.000000,780,1100,1100,1100,1400,2100,11000,23000,66000,66000,66000,617,0,780,1554.8405038233393,709.3514319999485,66251.94962800003,322.44732576985416
1787822917,9,,Aggregated,5.300000,0.000000,780,1100,1100,1100,1400,2100,11000,23000,66000,66000,66000,624,0,780,1546.9378948798083,709.3514319999485,66251.94962800003,322.4567307692308
1787822918,9,,Aggregated,5.100000,0.000000,780,1100,1100,1100,1400,2100,11000,23000,66000,66000,66000,630,0,780,1540.3768387746038,709.3514319999485,66251.94962800003,322.44126984126984
1787822919,9,,Aggregated,5.200000,0.000000,780,1000,1100,1100,1400,2100,11000,23000,66000,66000,66000,633,0,780,1536.686051911533,709.3514319999485,66251.94962800003,322.48657187993683
1787822920,9,,Aggregated,5.100000,0.000000,780,1100,1100,1100,1400,2100,11000,23000,66000,66000,66000,641,0,780,1543.0710830265216,709.3514319999485,66251.94962800003,322.49453978159124
1787822921,9,,Aggregated,5.200000,0.000000,780,1100,1100,1100,1400,2100,11000,23000,66000,66000,66000,646,0,780,1537.9398626284835,709.3514319999485,66251.94962800003,322.46904024767804
1787822922,9,,Aggregated,5.100000,0.000000,780,1100,1100,1100,1400,2100,11000,23000,66000,66000,66000,653,0,780,1546.8698858376729,709.3514319999485,66251.94962800003,322.4502297090352
1787822923,9,,Aggregated,5.400000,0.000000,780,1000,1100,1100,1400,2100,11000,23000,66000,66000,66000,659,0,780,1540.996588444614,709.3514319999485,66251.94962800003,322.44916540212444
1787822924,9,,Aggregated,5.700000,0.000000,780,1000,1100,1100,1400,2100,11000,23000,66000,66000,66000,665,0,780,1534.7466019639107,709.3514319999485,66251.94962800003,322.4390977443609
1787822925,9,,Aggregated,5.700000,0.000000,780,1000,1100,1100,1400,2100,11000,25000,66000,66000,66000,672,0,780,1595.0047375788702,709.3514319999485,66251.94962800003,322.4389880952381
1787822926,9,,Aggregated,6.000000,0.000000,780,1000,1100,1100,1400,2100,11000,25000,66000,66000,66000,679,0,780,1587.287217886599,709.3514319999485,66251.94962800003,322.4521354933726
1787822927,9,,Aggregated,6.100000,0.000000,780,1000,1100,1100,1300,2100,11000,25000,66000,66000,66000,684,0,780,1582.0844428786563,709.3514319999485,66251.94962800003,322.4298245614035
1787822928,9,,Aggregated,6.100000,0.000000,780,1000,1100,1100,1300,2100,11000,25000,66000,66000,66000,689,0,780,1576.956916236576,709.3514319999485,66251.94962800003,322.4078374455733
1787822929,9,,Aggregated,6.000000,0.000000,780,1000,1100,1100,1300,2100,11000,25000,66000,66000,66000,696,0,780,1569.4833401752887,709.3514319999485,66251.94962800003,322.4353448275862
1787822930,9,,Aggregated,6.300000,0.000000,780,1000,1100,1100,1300,2100,11000,23000,66000,66000,66000,701,0,780,1564.4882578102722,709.3514319999485,66251.94962800003,322.4108416547789
1787822931,9,,Aggregated,6.100000,0.000000,780,1000,1100,1100,1300,2100,11000,23000,66000,66000,66000,706,0,780,1559.6309576968847,709.3514319999485,66251.94962800003,322.39235127478753
1787822932,9,,Aggregated,6.100000,0.000000,780,1000,1100,1100,1200,2100,11000,23000,66000,66000,66000,713,0,780,1552.4982315245452,709.3514319999485,66251.94962800003,322.4025245441795
1787822933,9,,Aggregated,6.000000,0.000000,780,1000,1100,1100,1300,2100,11000,23000,66000,66000,66000,720,0,780,1560.8667909513895,709.3514319999485,66251.94962800003,322.3875
1787822934,9,,Aggregated,5.900000,0.000000,780,1000,1100,1100,1300,2100,12000,23000,66000,66000,66000,726,0,780,1572.9103420922872,709.3514319999485,66251.94962800003,322.3677685950413
1787822935,9,,Aggregated,5.900000,0.000000,780,1000,1100,1100,1200,2100,12000,23000,66000,66000,66000,731,0,780,1567.887454556772,709.3514319999485,66251.94962800003,322.4090287277702
1787822936,9,,Aggregated,6.100000,0.000000,780,1000,1100,1100,1300,2100,12000,23000,66000,66000,66000,738,0,780,1562.0106431395668,709.3514319999485,66251.94962800003,322.44037940379405
1787822937,9,,Aggregated,5.900000,0.000000,780,1000,1100,1100,1300,2100,12000,23000,66000,66000,66000,744,0,780,1556.605698858871,709.3514319999485,66251.94962800003,322.43682795698925
1787822938,9,,Aggregated,6.000000,0.000000,780,1000,1100,1100,1300,2100,12000,23000,66000,66000,66000,749,0,780,1552.0610998958612,709.3514319999485,66251.94962800003,322.41789052069424
1787822939,9,,Aggregated,6.000000,0.000000,780,1000,1100,1100,1200,2100,11000,23000,66000,66000,66000,754,0,780,1547.2130063859415,709.3514319999485,66251.94962800003,322.47214854111405
1787822940,9,,Aggregated,5.800000,0.000000,780,1000,1100,1100,1300,2100,11000,23000,66000,66000,66000,760,0,780,1542.1184826381575,709.3514319999485,66251.94962800003,322.4842105263158
1787822941,9,,Aggregated,5.900000,0.000000,780,1000,1100,1100,1300,2100,12000,25000,66000,66000,66000,766,0,780,1611.8434149007835,709.3514319999485,66251.94962800003,322.47389033942557
1787822942,9,,Aggregated,5.900000,0.000000,780,1000,1100,1100,1300,2100,12000,25000,66000,66000,66000,772,0,780,1606.136202466321,709.3514319999485,66251.94962800003,322.47668393782385
1787822943,9,,Aggregated,5.800000,0.000000,780,1000,1100,1100,1300,2100,12000,25000,66000,66000,66000,778,0,780,1600.3317780822624,709.3514319999485,66251.94962800003,322.46786632390746
1787822944,9,,Aggregated,5.900000,0.000000,780,1000,1100,1100,1200,2100,12000,25000,66000,66000,66000,783,0,780,1595.4003992107282,709.3514319999485,66251.94962800003,322.50702426564493
1787822945,9,,Aggregated,6.000000,0.000000,780,1000,1100,1100,1300,2100,12000,25000,66000,66000,66000,790,0,780,1603.5815426835447,709.3514319999485,66251.94962800003,322.50632911392404
1787822946,9,,Aggregated,5.600000,0.000000,780,1000,1100,1100,1300,2100,12000,25000,66000,66000,66000,797,0,780,1611.3142215922217,709.3514319999485,66251.94962800003,322.495608531995
1787822947,9,,Aggregated,5.900000,0.000000,780,1000,1100,1100,1300,2100,12000,23000,66000,66000,66000,803,0,780,1605.7674434732262,709.3514319999485,66251.94962800003,322.48443337484434
1787822948,9,,Aggregated,5.700000,0.000000,780,1000,1100,1100,1300,2100,12000,23000,66000,66000,66000,809,0,780,1599.828100885044,709.3514319999485,66251.94962800003,322.54017305315205
1787822949,9,,Aggregated,5.900000,0.000000,780,1000,1100,1100,1300,2100,12000,23000,66000,66000,66000,814,0,780,1596.658834904178,709.3514319999485,66251.94962800003,322.5208845208845
1787822950,9,,Aggregated,5.900000,0.000000,780,1000,1100,1100,1300,2100,12000,23000,66000,66000,66000,819,0,780,1592.2681983308923,709.3514319999485,66251.94962800003,322.5042735042735
1787822951,9,,Aggregated,5.700000,0.000000,780,1000,1100,1100,1200,2100,12000,23000,66000,66000,66000,826,0,780,1585.4627014467328,709.3514319999485,66251.94962800003,322.51937046004844
1787822952,9,,Aggregated,6.000000,0.000000,780,1000,1100,1100,1200,2100,12000,23000,66000,66000,66000,830,0,780,1581.8881451807247,709.3514319999485,66251.94962800003,322.54819277108436
1787822953,9,,Aggregated,5.900000,0.000000,780,1000,1100,1100,1200,2100,12000,23000,66000,66000,66000,835,0,780,1578.8531646646725,709.3514319999485,66251.94962800003,322.52934131736527
1787822954,9,,Aggregated,5.700000,0.000000,780,1000,1100,1100,1200,2100,12000,23000,66000,66000,66000,843,0,780,1571.934973510085,709.3514319999485,66251.94962800003,322.54329774614473
1787822955,9,,Aggregated,5.800000,0.000000,780,1000,1100,1100,1200,2100,12000,25000,66000,66000,66000,849,0,780,1602.3103258457027,709.3514319999485,66251.94962800003,322.53828032979976
1787822956,9,,Aggregated,5.800000,0.000000,780,1000,1100,1100,1200,2100,12000,25000,66000,66000,66000,854,0,780,1598.114998805623,709.3514319999485,66251.94962800003,322.5210772833724
1787822957,9,,Aggregated,5.600000,0.000000,780,1000,1100,1100,1200,2100,12000,25000,66000,66000,66000,860,0,780,1603.8760181802347,709.3514319999485,66251.94962800003,322.5511627906977
1787822958,9,,Aggregated,5.900000,0.000000,780,1000,1100,1100,1300,2100,12000,25000,66000,66000,66000,868,0,780,1616.265715903228,709.3514319999485,66251.94962800003,322.55299539170505
1787822959,9,,Aggregated,5.900000,0.000000,780,1000,1100,1100,1200,2100,12000,25000,66000,66000,66000,873,0,780,1612.0837777044694,709.3514319999485,66251.94962800003,322.53264604810994
1787822960,9,,Aggregated,5.800000,0.000000,780,1000,1100,1100,1200,2100,12000,25000,66000,66000,66000,877,0,780,1608.9348629817582,709.3514319999485,66251.94962800003,322.55986316989737
1787822961,9,,Aggregated,6.000000,0.000000,780,1000,1100,1100,1200,2100,12000,25000,66000,66000,66000,884,0,780,1603.898640153848,709.3514319999485,66251.94962800003,322.56447963800906
1787822962,9,,Aggregated,5.900000,0.000000,780,1000,1100,1100,1200,2100,12000,25000,66000,66000,66000,889,0,780,1599.4905796726678,709.3514319999485,66251.94962800003,322.5556805399325
1787822963,9,,Aggregated,5.900000,0.000000,780,1000,1100,1100,1200,2100,12000,25000,66000,66000,66000,894,0,780,1595.4693952237153,709.3514319999485,66251.94962800003,322.5380313199105
1787822964,9,,Aggregated,5.900000,0.000000,780,1000,1100,1100,1200,2100,12000,25000,66000,66000,66000,899,0,780,1591.1816411546179,709.3514319999485,66251.94962800003,322.5828698553949
1787822965,9,,Aggregated,5.700000,0.000000,780,1000,1100,1100,1200,2100,12000,23000,66000,66000,66000,906,0,780,1586.5045589933795,709.3514319999485,66251.94962800003,322.5849889624724
1787822966,9,,Aggregated,5.900000,0.000000,780,1000,1100,1100,1200,2100,12000,23000,66000,66000,66000,911,0,780,1582.651424417126,709.3514319999485,66251.94962800003,322.56860592755214
1787822967,9,,Aggregated,5.900000,0.000000,780,1000,1100,1100,1200,2100,12000,23000,66000,66000,66000,917,0,780,1577.9665656924774,709.3514319999485,66251.94962800003,322.5692475463468
1787822968,9,,Aggregated,5.700000,0.000000,780,1000,1100,1100,1200,2100,12000,23000,66000,66000,66000,923,0,780,1597.2397080400885,709.3514319999485,66251.94962800003,322.5980498374865
1787822969,9,,Aggregated,5.700000,0.000000,780,1000,1100,1100,1200,2100,12000,23000,66000,66000,66000,930,0,780,1592.6587365236576,709.3514319999485,66251.94962800003,322.5967741935484
1787822970,9,,Aggregated,5.600000,0.000000,780,1000,1100,1100,1200,2100,12000,23000,66000,66000,66000,936,0,780,1587.9420149754292,709.3514319999485,66251.94962800003,322.58226495726495
1787822971,9,,Aggregated,5.700000,0.000000,780,1000,1100,1100,1200,2100,12000,23000,66000,66000,66000,941,0,780,1584.3266558246564,709.3514319999485,66251.94962800003,322.56216790648244
1787822972,9,,Aggregated,5.500000,0.000000,780,1000,1100,1100,1200,2100,12000,23000,66000,66000,66000,947,0,780,1579.4069628437187,709.3514319999485,66251.94962800003,322.6082365364308
1787822973,9,,Aggregated,5.600000,0.000000,780,1000,1100,1100,1200,2100,12000,23000,66000,66000,66000,952,0,780,1576.3000322783632,709.3514319999485,66251.94962800003,322.60819327731093
1787822974,9,,Aggregated,5.800000,0.000000,780,1000,1100,1100,1200,2100,12000,23000,66000,66000,66000,957,0,780,1572.7451060992703,709.3514319999485,66251.94962800003,322.5914315569488
1787822975,9,,Aggregated,5.700000,0.000000,780,1000,1100,1100,1200,2100,12000,23000,66000,66000,66000,962,0,780,1568.848507689191,709.3514319999485,66251.94962800003,322.6226611226611
1787822976,9,,Aggregated,5.600000,0.000000,780,1000,1100,1100,1200,2100,12000,23000,66000,66000,66000,969,0,780,1563.7588913591349,709.3514319999485,66251.94962800003,322.62745098039215
1787822977,9,,Aggregated,5.800000,0.000000,780,1000,1100,1100,1200,2100,12000,23000,66000,66000,66000,974,0,780,1560.2132124835746,709.3514319999485,66251.94962800003,322.611909650924
1787822978,9,,Aggregated,5.800000,0.000000,780,1000,1100,1100,1200,2100,12000,23000,66000,66000,66000,980,0,780,1556.7056833336746,709.3514319999485,66251.94962800003,322.60714285714283
1787822979,9,,Aggregated,5.700000,0.000000,780,1000,1100,1100,1200,2100,12000,23000,66000,66000,66000,988,0,780,1573.260816148787,709.3514319999485,66251.94962800003,322.6113360323887
1787822980,9,,Aggregated,5.900000,0.000000,780,1000,1100,1100,1200,2100,12000,23000,66000,66000,66000,994,0,780,1579.8092386146895,709.3514319999485,66251.94962800003,322.59356136820924
1787822981,9,,Aggregated,5.600000,0.000000,780,1000,1100,1100,1200,2100,12000,23000,66000,66000,66000,1000,0,780,1575.3968859800011,709.3514319999485,66251.94962800003,322.583
1787822982,9,,Aggregated,5.900000,0.000000,780,1000,1100,1100,1200,2100,12000,23000,58000,66000,66000,1005,0,780,1571.6448617054739,709.3514319999485,66251.94962800003,322.6228855721393
1787822983,9,,Aggregated,5.900000,0.000000,780,1000,1100,1100,1200,2100,12000,23000,58000,66000,66000,1011,0,780,1567.8425543907035,709.3514319999485,66251.94962800003,322.6102868447082
1787822984,9,,Aggregated,5.800000,0.000000,780,1000,1100,1100,1200,2100,12000,23000,58000,66000,66000,1016,0,780,1564.5098416614187,709.3514319999485,66251.94962800003,322.6043307086614
1787822985,9,,Aggregated,6.000000,0.000000,780,1000,1100,1100,1200,2000,12000,23000,58000,66000,66000,1022,0,780,1560.608522688847,709.3514319999485,66251.94962800003,322.60371819960864
1787822986,9,,Aggregated,5.900000,0.000000,780,1000,1100,1100,1200,2000,12000,23000,58000,66000,66000,1029,0,780,1555.7209749096226,709.3514319999485,66251.94962800003,322.600583090379
1787822987,9,,Aggregated,5.800000,0.000000,780,1000,1100,1100,1200,2000,12000,23000,58000,66000,66000,1034,0,780,1552.4936959816262,709.3514319999485,66251.94962800003,322.58607350096713
1787822988,9,,Aggregated,5.900000,0.000000,780,1000,1100,1100,1200,2000,12000,23000,58000,66000,66000,1039,0,780,1548.964094799809,709.3514319999485,66251.94962800003,322.62367661212704
1787822989,9,,Aggregated,5.900000,0.000000,780,1000,1100,1100,1200,2000,12000,23000,58000,66000,66000,1044,0,780,1546.1949075977025,709.3514319999485,66251.94962800003,322.6072796934866
1787822990,9,,Aggregated,5.800000,0.000000,780,1000,1100,1100,1200,2000,11000,23000,58000,66000,66000,1051,0,780,1550.5222794595636,709.3514319999485,66251.94962800003,322.6403425309229
1787822991,9,,Aggregated,5.900000,0.000000,780,1000,1100,1100,1200,2100,11000,23000,58000,66000,66000,1058,0,780,1556.4086602325156,709.3514319999485,66251.94962800003,322.64650283553874
1787822992,9,,Aggregated,5.800000,0.000000,780,1000,1100,1100,1200,2000,11000,23000,58000,66000,66000,1064,0,780,1552.8547621945504,709.3514319999485,66251.94962800003,322.6372180451128
1787822993,9,,Aggregated,5.800000,0.000000,780,1000,1100,1100,1200,2000,11000,23000,58000,66000,66000,1070,0,780,1548.9397183233662,709.3514319999485,66251.94962800003,322.6252336448598
1787822994,9,,Aggregated,5.700000,0.000000,780,1000,1100,1100,1200,2100,12000,23000,58000,66000,66000,1077,0,780,1579.5142855756749,709.3514319999485,66251.94962800003,322.63416898792946
1787822995,9,,Aggregated,5.800000,0.000000,780,1000,1100,1100,1200,2000,12000,23000,58000,66000,66000,1082,0,780,1575.9016670110923,709.3514319999485,66251.94962800003,322.6275415896488
1787822996,9,,Aggregated,6.000000,0.000000,780,1000,1100,1100,1200,2000,12000,23000,58000,66000,66000,1087,0,780,1572.6856113348683,709.3514319999485,66251.94962800003,322.6126954921803
1787822997,9,,Aggregated,5.900000,0.000000,780,1000,1100,1100,1200,2000,12000,23000,58000,66000,66000,1095,0,780,1567.228054931509,709.3514319999485,66251.94962800003,322.6200913242009
1787822998,9,,Aggregated,6.000000,0.000000,780,1000,1100,1100,1200,2000,12000,23000,58000,66000,66000,1100,0,780,1564.3077324218202,709.3514319999485,66251.94962800003,322.6181818181818
1787822999,9,,Aggregated,6.000000,0.000000,780,1000,1100,1100,1200,2000,11000,23000,58000,66000,66000,1105,0,780,1561.1757988814497,709.3514319999485,66251.94962800003,322.6045248868778
1787823000,9,,Aggregated,6.000000,0.000000,780,1000,1100,1100,1200,2000,11000,23000,58000,66000,66000,1112,0,780,1565.4420617311168,709.3514319999485,66251.94962800003,322.5935251798561
1787823001,9,,Aggregated,6.100000,0.000000,780,1000,1100,1100,1200,2000,11000,23000,58000,66000,66000,1118,0,780,1561.5361862826494,709.3514319999485,66251.94962800003,322.63327370304114
1787823002,9,,Aggregated,6.000000,0.000000,780,1000,1100,1100,1200,2000,11000,23000,58000,66000,66000,1124,0,780,1568.206792582742,709.3514319999485,66251.94962800003,322.6183274021352
1787823003,9,,Aggregated,6.000000,0.000000,780,1000,1100,1100,1200,2000,11000,23000,58000,66000,66000,1130,0,780,1564.406167011506,709.3514319999485,66251.94962800003,322.60884955752215
1787823004,9,,Aggregated,5.900000,0.000000,780,1000,1100,1100,1200,2000,11000,23000,58000,66000,66000,1137,0,780,1560.0178586763425,709.3514319999485,66251.94962800003,322.6138962181179
1787823005,9,,Aggregated,6.100000,0.000000,780,1000,1100,1100,1200,2000,11000,23000,58000,66000,66000,1142,0,780,1557.1563551357278,709.3514319999485,66251.94962800003,322.600700525394
1787823006,9,,Aggregated,5.900000,0.000000,780,1000,1100,1100,1200,2000,11000,23000,58000,66000,66000,1147,0,780,1553.8654098517884,709.3514319999485,66251.94962800003,322.5963382737576
1787823007,9,,Aggregated,6.000000,0.000000,780,1000,1100,1100,1200,2000,11000,23000,58000,66000,66000,1152,0,780,1550.9490809071192,709.3514319999485,66251.94962800003,322.58159722222223
1787823008,9,,Aggregated,5.800000,0.000000,780,1000,1100,1100,1200,2000,11000,23000,58000,66000,66000,1160,0,780,1545.974713074139,709.3514319999485,66251.94962800003,322.59224137931034
1787823009,9,,Aggregated,5.900000,0.000000,780,1000,1100,1100,1200,2000,11000,23000,58000,66000,66000,1165,0,780,1543.0923208145934,709.3514319999485,66251.94962800003,322.5802575107296
1787823010,9,,Aggregated,6.000000,0.000000,780,1000,1100,1100,1200,2000,11000,23000,58000,66000,66000,1170,0,780,1540.2342708128215,709.3514319999485,66251.94962800003,322.57094017094016
1787823011,9,,Aggregated,5.900000,0.000000,780,1000,1100,1100,1200,2000,11000,23000,58000,66000,66000,1179,0,780,1587.4660904486866,709.3514319999485,66251.94962800003,322.58015267175574
1787823012,9,,Aggregated,5.800000,0.000000,780,1000,1100,1100,1200,2000,11000,23000,58000,66000,66000,1185,0,780,1583.8525863383977,709.3514319999485,66251.94962800003,322.57130801687765
1787823013,9,,Aggregated,6.000000,0.000000,780,1000,1100,1100,1200,2000,11000,23000,58000,66000,66000,1190,0,780,1580.8612212428584,709.3514319999485,66251.94962800003,322.5563025210084
1787823014,9,,Aggregated,6.200000,0.000000,780,1000,1100,1100,1200,2000,12000,23000,58000,66000,66000,1198,0,780,1584.8342937813038,709.3514319999485,66251.94962800003,322.5601001669449
1787823015,9,,Aggregated,5.900000,0.000000,780,1000,1100,1100,1200,2000,11000,23000,58000,66000,66000,1203,0,780,1581.7180916699933,709.3514319999485,66251.94962800003,322.5843724023275
1787823016,9,,Aggregated,6.200000,0.000000,780,1000,1100,1100,1200,2000,11000,23000,58000,66000,66000,1208,0,780,1578.775114145697,709.3514319999485,66251.94962800003,322.57284768211923
1787823017,9,,Aggregated,6.100000,0.000000,780,1000,1100,1100,1200,2000,11000,23000,58000,66000,66000,1214,0,780,1574.8870844785847,709.3514319999485,66251.94962800003,322.58072487644154
1787823018,9,,Aggregated,6.200000,0.000000,780,1000,1100,1100,1200,2000,11000,23000,58000,66000,66000,1219,0,780,1572.009593582446,709.3514319999485,66251.94962800003,322.5660377358491
1787823019,9,,Aggregated,6.100000,0.000000,780,1000,1100,1100,1200,2000,11000,23000,58000,66000,66000,1226,0,780,1568.1727480570976,709.3514319999485,66251.94962800003,322.5619902120718
1787823020,9,,Aggregated,6.100000,0.000000,780,1000,1100,1100,1200,2000,11000,23000,58000,66000,66000,1232,0,780,1564.690569667209,709.3514319999485,66251.94962800003,322.55762987012986
1787823021,9,,Aggregated,6.100000,0.000000,780,1000,1100,1100,1200,2000,11000,23000,58000,66000,66000,1238,0,780,1569.087322363491,709.3514319999485,66251.94962800003,322.5444264943457
1787823022,9,,Aggregated,6.200000,0.000000,780,1000,1100,1100,1200,2000,11000,23000,58000,66000,66000,1245,0,780,1565.147267239359,709.3514319999485,66251.94962800003,322.5373493975904
1787823023,9,,Aggregated,5.800000,0.000000,780,1000,1100,1100,1200,2000,11000,23000,58000,66000,66000,1251,0,780,1561.7860823565163,709.3514319999485,66251.94962800003,322.53796962430056
1787823024,9,,Aggregated,6.000000,0.000000,780,1000,1100,1100,1200,2000,11000,23000,58000,66000,66000,1255,0,780,1559.5475040996032,709.3514319999485,66251.94962800003,322.55776892430276
1787823025,9,,Aggregated,6.000000,0.000000,780,1000,1100,1100,1200,2000,11000,23000,58000,66000,66000,1262,0,780,1588.7544092076084,709.3514319999485,66251.94962800003,322.5570522979398
1787823026,9,,Aggregated,5.700000,0.000000,780,1000,1100,1100,1200,2000,11000,23000,58000,66000,66000,1270,0,780,1583.9974165472454,709.3514319999485,66251.94962800003,322.56692913385825
1787823027,9,,Aggregated,5.800000,0.000000,780,1000,1100,1100,1200,2000,11000,23000,58000,66000,66000,1274,0,780,1581.5714145353234,709.3514319999485,66251.94962800003,322.5580847723705
1787823028,9,,Aggregated,6.000000,0.000000,780,1000,1100,1100,1200,2000,12000,23000,58000,66000,66000,1281,0,780,1589.9165503786119,709.3514319999485,66251.94962800003,322.5464480874317
1787823029,9,,Aggregated,5.900000,0.000000,780,1000,1100,1100,1200,2000,12000,23000,58000,66000,66000,1288,0,780,1585.946053420032,709.3514319999485,66251.94962800003,322.5527950310559
1787823030,9,,Aggregated,6.000000,0.000000,780,1000,1100,1100,1200,2000,12000,23000,58000,66000,66000,1293,0,780,1583.2114829303955,709.3514319999485,66251.94962800003,322.5413766434648
1787823031,9,,Aggregated,6.200000,0.000000,780,1000,1100,1100,1200,2000,12000,23000,58000,66000,66000,1300,0,780,1586.6648049484625,709.3514319999485,66251.94962800003,322.5330769230769
1787823032,9,,Aggregated,6.100000,0.000000,780,1000,1100,1100,1200,2000,11000,23000,58000,66000,66000,1305,0,780,1583.9404305662845,709.3514319999485,66251.94962800003,322.52183908045976
1787823033,9,,Aggregated,6.200000,0.000000,780,1000,1100,1100,1200,2000,11000,23000,58000,66000,66000,1312,0,780,1579.9960170221043,709.3514319999485,66251.94962800003,322.5274390243902
1787823034,9,,Aggregated,6.100000,0.000000,780,1000,1100,1100,1200,2000,11000,23000,58000,66000,66000,1318,0,780,1576.7011525523524,709.3514319999485,66251.94962800003,322.52048558421853
1787823035,9,,Aggregated,6.200000,0.000000,780,1000,1100,1100,1200,2000,11000,23000,58000,66000,66000,1323,0,780,1574.0730564444448,709.3514319999485,66251.94962800003,322.5086923658352
1787823036,9,,Aggregated,6.200000,0.000000,780,1000,1100,1100,1200,2000,11000,23000,58000,66000,66000,1330,0,780,1578.237547065414,709.3514319999485,66251.94962800003,322.50902255639096
1787823037,9,,Aggregated,6.200000,0.000000,780,1000,1100,1100,1200,2000,11000,23000,58000,66000,66000,1337,0,780,1574.4258301892298,709.3514319999485,66251.94962800003,322.5056095736724
1787823038,9,,Aggregated,6.100000,0.000000,780,1000,1100,1100,1100,2000,11000,23000,58000,66000,66000,1341,0,780,1572.192255163311,709.3514319999485,66251.94962800003,322.4973900074571
1787823039,9,,Aggregated,6.200000,0.000000,780,1000,1100,1100,1100,2000,11000,23000,58000,66000,66000,1347,0,780,1569.0747379948034,709.3514319999485,66251.94962800003,322.4988864142539
1787823040,9,,Aggregated,6.100000,0.000000,780,1000,1100,1100,1100,2000,11000,23000,58000,66000,66000,1353,0,780,1565.9049759926088,709.3514319999485,66251.94962800003,322.4907612712491
1787823041,9,,Aggregated,5.900000,0.000000,780,1000,1100,1100,1100,2000,11000,23000,58000,66000,66000,1359,0,780,1562.7865606129506,709.3514319999485,66251.94962800003,322.4841795437822
1787823042,9,,Aggregated,6.100000,0.000000,780,1000,1100,1100,1100,2000,11000,23000,58000,66000,66000,1366,0,780,1566.1810114853586,709.3514319999485,66251.94962800003,322.4846266471449
1787823043,9,,Aggregated,6.200000,0.000000,780,1000,1100,1100,1100,2000,11000,23000,58000,66000,66000,1372,0,780,1563.1033393797375,709.3514319999485,66251.94962800003,322.47886297376095
1787823044,9,,Aggregated,6.000000,0.000000,780,1000,1100,1100,1100,2000,11000,23000,58000,66000,66000,1378,0,780,1571.4594487931788,709.3514319999485,66251.94962800003,322.49927431059507
1787823045,9,,Aggregated,5.900000,0.000000,780,1000,1100,1100,1100,2000,11000,23000,58000,66000,66000,1385,0,780,1567.8155218750903,709.3514319999485,66251.94962800003,322.5054151624549
1787823046,9,,Aggregated,6.100000,0.000000,780,1000,1100,1100,1100,2000,11000,23000,58000,66000,66000,1390,0,780,1565.3339340647485,709.3514319999485,66251.94962800003,322.49208633093525
1787823047,9,,Aggregated,6.200000,0.000000,780,1000,1100,1100,1100,2000,11000,23000,58000,66000,66000,1395,0,780,1563.3136044258065,709.3514319999485,66251.94962800003,322.48028673835125
1787823048,9,,Aggregated,6.000000,0.000000,780,1000,1100,1100,1100,2000,11000,23000,58000,66000,66000,1402,0,780,1566.9308536148365,709.3514319999485,66251.94962800003,322.518544935806
1787823049,9,,Aggregated,5.900000,0.000000,780,1000,1100,1100,1100,2000,11000,23000,58000,66000,66000,1407,0,780,1564.9327067000718,709.3514319999485,66251.94962800003,322.5117270788913
1787823050,9,,Aggregated,6.000000,0.000000,780,1000,1100,1100,1100,2000,11000,23000,58000,66000,66000,1412,0,780,1562.5509585127486,709.3514319999485,66251.94962800003,322.50212464589237
1787823051,9,,Aggregated,6.100000,0.000000,780,1000,1100,1100,1100,2000,11000,23000,58000,66000,66000,1420,0,780,1558.5009510964799,709.3514319999485,66251.94962800003,322.51056338028167
1787823052,9,,Aggregated,6.000000,0.000000,780,1000,1100,1100,1100,2000,11000,23000,58000,66000,66000,1426,0,780,1562.289339668304,709.3514319999485,66251.94962800003,322.4978962131837
1787823053,9,,Aggregated,6.000000,0.000000,780,1000,1100,1100,1100,2000,11000,23000,58000,66000,66000,1431,0,780,1559.762526992314,709.3514319999485,66251.94962800003,322.51991614255763
1787823054,9,,Aggregated,5.900000,0.000000,780,1000,1100,1100,1100,2000,11000,23000,58000,66000,66000,1436,0,780,1557.9766993015332,709.3514319999485,66251.94962800003,322.51044568245123
1787823055,9,,Aggregated,6.000000,0.000000,780,1000,1100,1100,1100,2000,11000,23000,58000,66000,66000,1443,0,780,1554.834446079003,709.3514319999485,66251.94962800003,322.52598752598755
1787823056,9,,Aggregated,5.900000,0.000000,780,1000,1100,1100,1100,2000,11000,23000,58000,66000,66000,1449,0,780,1551.8882869758468,709.3514319999485,66251.94962800003,322.51966873706004
1787823057,9,,Aggregated,5.700000,0.000000,780,1000,1100,1100,1100,2000,11000,23000,58000,66000,66000,1454,0,780,1549.6528245474562,709.3514319999485,66251.94962800003,322.5089408528198
1787823058,9,,Aggregated,5.800000,0.000000,780,1000,1100,1100,1100,2000,11000,23000,58000,66000,66000,1460,0,780,1546.555977439042,709.3514319999485,66251.94962800003,322.51575342465753
1787823059,9,,Aggregated,5.900000,0.000000,780,1000,1100,1100,1100,2000,11000,23000,58000,66000,66000,1467,0,780,1550.3789025821409,709.3514319999485,66251.94962800003,322.5092024539877
1787823060,9,,Aggregated,5.900000,0.000000,780,1000,1100,1100,1100,2000,11000,23000,58000,66000,66000,1473,0,780,1570.79220471962,709.3514319999485,66251.94962800003,322.5417515274949
1787823061,9,,Aggregated,5.800000,0.000000,780,1000,1100,1100,1100,2000,12000,23000,58000,66000,66000,1479,0,780,1579.2894661663286,709.3514319999485,66251.94962800003,322.5361730899256
1787823062,9,,Aggregated,5.900000,0.000000,780,1000,1100,1100,1100,2000,12000,23000,58000,66000,66000,1486,0,780,1575.9263485720053,709.3514319999485,66251.94962800003,322.5336473755047
1787823063,9,,Aggregated,6.000000,0.000000,780,1000,1100,1100,1100,2000,12000,23000,58000,66000,66000,1491,0,780,1573.4183022005366,709.3514319999485,66251.94962800003,322.56002682763244
1787823064,9,,Aggregated,6.100000,0.000000,780,1000,1100,1100,1100,2000,12000,23000,58000,66000,66000,1497,0,780,1578.440675230461,709.3514319999485,66251.94962800003,322.55243820975284
1787823065,9,,Aggregated,6.000000,0.000000,780,1000,1100,1100,1100,2000,12000,23000,58000,66000,66000,1503,0,780,1575.4026999580842,709.3514319999485,66251.94962800003,322.5755156353959
1787823066,9,,Aggregated,5.800000,0.000000,780,1000,1100,1100,1100,2000,12000,23000,58000,66000,66000,1509,0,780,1573.0438247243214,709.3514319999485,66251.94962800003,322.57985420808484
1787823067,9,,Aggregated,6.100000,0.000000,780,1000,1100,1100,1100,2000,12000,23000,58000,66000,66000,1515,0,780,1570.1610285359739,709.3514319999485,66251.94962800003,322.57359735973597
1787823068,9,,Aggregated,6.100000,0.000000,780,1000,1100,1100,1100,2000,12000,23000,58000,66000,66000,1520,0,780,1567.866687439474,709.3514319999485,66251.94962800003,322.56315789473683
1787823069,9,,Aggregated,6.100000,0.000000,780,1000,1100,1100,1100,2000,12000,23000,58000,66000,66000,1526,0,780,1564.9025758741811,709.3514319999485,66251.94962800003,322.5910878112713
1787823070,9,,Aggregated,5.900000,0.000000,780,1000,1100,1100,1100,2000,12000,23000,58000,66000,66000,1532,0,780,1569.4545120026114,709.3514319999485,66251.94962800003,322.5842036553525
1787823071,9,,Aggregated,6.000000,0.000000,780,1000,1100,1100,1100,2000,12000,23000,58000,66000,66000,1537,0,780,1567.186543409239,709.3514319999485,66251.94962800003,322.57254391672086
1787823072,9,,Aggregated,5.900000,0.000000,780,1000,1100,1100,1100,2000,12000,23000,58000,66000,66000,1542,0,780,1564.9581636796374,709.3514319999485,66251.94962800003,322.5616083009079
1787823073,9,,Aggregated,5.800000,0.000000,780,1000,1100,1100,1100,2000,12000,23000,58000,66000,66000,1549,0,780,1561.6304438489353,709.3514319999485,66251.94962800003,322.59457714654616
1787823074,9,,Aggregated,6.000000,0.000000,780,1000,1100,1100,1100,2000,11000,23000,58000,66000,66000,1554,0,780,1560.053884579151,709.3514319999485,66251.94962800003,322.58365508365506
1787823075,9,,Aggregated,5.800000,0.000000,780,1000,1100,1100,1100,2000,11000,23000,58000,66000,66000,1560,0,780,1563.5403264288468,709.3514319999485,66251.94962800003,322.57307692307694
1787823076,9,,Aggregated,5.900000,0.000000,780,1000,1100,1100,1100,2000,11000,23000,58000,66000,66000,1567,0,780,1560.362299484366,709.3514319999485,66251.94962800003,322.5768985322272
1787823077,9,,Aggregated,5.600000,0.000000,780,1000,1100,1100,1100,2000,12000,23000,58000,66000,66000,1573,0,780,1567.6066876325503,709.3514319999485,66251.94962800003,322.5931341385887
1787823078,9,,Aggregated,5.900000,0.000000,780,1000,1100,1100,1100,2000,12000,23000,58000,66000,66000,1578,0,780,1566.0880068726246,709.3514319999485,66251.94962800003,322.58238276299113
1787823079,9,,Aggregated,5.700000,0.000000,780,1000,1100,1100,1100,2000,12000,23000,58000,66000,66000,1585,0,780,1562.8346636612,709.3514319999485,66251.94962800003,322.58422712933753
1787823080,9,,Aggregated,5.800000,0.000000,780,1000,1100,1100,1100,2000,12000,23000,58000,66000,66000,1591,0,780,1560.1846267278456,709.3514319999485,66251.94962800003,322.57825267127595
1787823081,9,,Aggregated,5.900000,0.000000,780,1000,1100,1100,1100,2000,12000,23000,58000,66000,66000,1595,0,780,1558.1515484125407,709.3514319999485,66251.94962800003,322.5987460815047
1787823082,9,,Aggregated,5.900000,0.000000,780,1000,1100,1100,1100,2000,11000,20000,58000,66000,66000,1601,0,780,1556.137250971894,709.3514319999485,66251.94962800003,322.5983760149906
1787823083,9,,Aggregated,5.800000,0.000000,780,1000,1100,1100,1100,2000,11000,20000,58000,66000,66000,1606,0,780,1553.9949577920313,709.3514319999485,66251.94962800003,322.5890410958904
1787823084,9,,Aggregated,5.700000,0.000000,780,1000,1100,1100,1100,2000,12000,20000,58000,66000,66000,1614,0,780,1558.5563293258997,709.3514319999485,66251.94962800003,322.58798017348204
1787823085,9,,Aggregated,5.900000,0.000000,780,1000,1100,1100,1100,2000,12000,20000,58000,66000,66000,1621,0,780,1561.512092282543,709.3514319999485,66251.94962800003,322.58729179518815
1787823086,9,,Aggregated,5.900000,0.000000,780,1000,1100,1100,1100,2000,12000,20000,58000,66000,66000,1626,0,780,1559.4037111408377,709.3514319999485,66251.94962800003,322.5781057810578
1787823087,9,,Aggregated,6.100000,0.000000,780,1000,1100,1100,1100,2000,12000,20000,58000,66000,66000,1633,0,780,1556.3748728420096,709.3514319999485,66251.94962800003,322.5756276791182
1787823088,9,,Aggregated,5.700000,0.000000,780,1000,1100,1100,1100,2000,12000,20000,58000,66000,66000,1639,0,780,1553.8567893392326,709.3514319999485,66251.94962800003,322.57596095179986
1787823089,9,,Aggregated,6.000000,0.000000,780,1000,1100,1100,1100,2000,12000,20000,58000,66000,66000,1644,0,780,1551.7734089111934,709.3514319999485,66251.94962800003,322.56569343065695
1787823090,9,,Aggregated,6.000000,0.000000,780,1000,1100,1100,1100,2000,12000,20000,58000,66000,66000,1650,0,780,1549.2096728036377,709.3514319999485,66251.94962800003,322.56
1787823091,9,,Aggregated,5.800000,0.000000,780,1000,1100,1100,1100,2000,12000,23000,58000,66000,66000,1658,0,780,1564.2196100790122,709.3514319999485,66251.94962800003,322.57056694813025
1787823092,9,,Aggregated,5.800000,0.000000,780,1000,1100,1100,1100,2000,12000,23000,58000,66000,66000,1663,0,780,1561.9155941160568,709.3514319999485,66251.94962800003,322.56644618159953
1787823093,9,,Aggregated,6.000000,0.000000,780,1000,1100,1100,1100,2000,12000,23000,58000,66000,66000,1667,0,780,1560.189860272347,709.3514319999485,66251.94962800003,322.58128374325133
1787823094,9,,Aggregated,6.100000,0.000000,780,1000,1100,1100,1100,2000,12000,23000,58000,66000,66000,1675,0,780,1567.2054734865687,709.3514319999485,66251.94962800003,322.5838805970149
1787823095,9,,Aggregated,6.000000,0.000000,780,1000,1100,1100,1100,2000,12000,23000,58000,66000,66000,1680,0,780,1564.9637216125016,709.3514319999485,66251.94962800003,322.60238095238094
1787823096,9,,Aggregated,6.100000,0.000000,780,1000,1100,1100,1100,2000,12000,23000,58000,66000,66000,1685,0,780,1562.9165696848681,709.3514319999485,66251.94962800003,322.5928783382789
1787823097,9,,Aggregated,6.000000,0.000000,780,1000,1100,1100,1100,2000,12000,23000,58000,66000,66000,1691,0,780,1561.0176962134847,709.3514319999485,66251.94962800003,322.6008279124778
1787823098,9,,Aggregated,6.000000,0.000000,780,1000,1100,1100,1100,2000,12000,23000,58000,66000,66000,1697,0,780,1558.5754669817338,709.3514319999485,66251.94962800003,322.59457866823806
1787823099,9,,Aggregated,5.700000,0.000000,780,1000,1100,1100,1100,2000,12000,20000,58000,66000,66000,1703,0,780,1556.1292446048162,709.3514319999485,66251.94962800003,322.587786259542
1787823100,9,,Aggregated,5.800000,0.000000,780,1000,1100,1100,1100,2000,12000,20000,58000,66000,66000,1708,0,780,1553.9761068044506,709.3514319999485,66251.94962800003,322.61007025761126
1787823101,9,,Aggregated,5.900000,0.000000,780,1000,1100,1100,1100,2000,12000,20000,58000,66000,66000,1713,0,780,1552.0825402907192,709.3514319999485,66251.94962800003,322.6012842965558
1787823102,9,,Aggregated,5.900000,0.000000,780,1000,1100,1100,1100,2000,12000,20000,58000,66000,66000,1720,0,780,1549.295146414536,709.3514319999485,66251.94962800003,322.5982558139535
1787823103,9,,Aggregated,5.700000,0.000000,780,1000,1100,1100,1100,2000,12000,20000,58000,66000,66000,1723,0,780,1547.9088310127695,709.3514319999485,66251.94962800003,322.61462565293095
1787823104,9,,Aggregated,5.700000,0.000000,780,1000,1100,1100,1100,2000,12000,20000,58000,66000,66000,1731,0,780,1556.206948086656,709.3514319999485,66251.94962800003,322.6210283073368
1787823105,9,,Aggregated,5.600000,0.000000,780,1000,1100,1100,1100,2000,12000,20000,58000,66000,66000,1737,0,780,1553.818133964307,709.3514319999485,66251.94962800003,322.61312607944734
1787823106,9,,Aggregated,5.700000,0.000000,780,1000,1100,1100,1100,2000,12000,20000,58000,66000,66000,1742,0,780,1551.9560872749719,709.3514319999485,66251.94962800003,322.60275545350174
1787823107,9,,Aggregated,5.700000,0.000000,780,1000,1100,1100,1100,2000,12000,22000,58000,66000,66000,1750,0,780,1560.8611864434292,709.3514319999485,66251.94962800003,322.6108571428571
1787823108,9,,Aggregated,5.600000,0.000000,780,1000,1100,1100,1100,2000,12000,22000,58000,66000,66000,1754,0,780,1559.2133858757134,709.3514319999485,66251.94962800003,322.6242873432155
1787823109,9,,Aggregated,5.900000,0.000000,780,1000,1100,1100,1100,2000,12000,22000,58000,66000,66000,1760,0,780,1556.9512621301142,709.3514319999485,66251.94962800003,322.6193181818182
1787823110,9,,Aggregated,5.800000,0.000000,780,1000,1100,1100,1100,2000,12000,22000,58000,66000,66000,1767,0,780,1554.262328447652,709.3514319999485,66251.94962800003,322.62308998302206
1787823111,9,,Aggregated,5.800000,0.000000,780,1000,1100,1100,1100,2000,12000,22000,58000,66000,66000,1772,0,780,1552.3679572138833,709.3514319999485,66251.94962800003,322.61286681715575
1787823112,9,,Aggregated,5.800000,0.000000,780,1000,1100,1100,1100,2000,12000,22000,58000,66000,66000,1779,0,780,1549.5701077043293,709.3514319999485,66251.94962800003,322.60933108487916
1787823113,9,,Aggregated,5.800000,0.000000,780,1000,1100,1100,1100,2000,12000,22000,58000,66000,66000,1785,0,780,1547.274410375351,709.3514319999485,66251.94962800003,322.6100840336134
1787823114,9,,Aggregated,5.600000,0.000000,780,1000,1100,1100,1100,2000,12000,22000,58000,66000,66000,1789,0,780,1545.661626859699,709.3514319999485,66251.94962800003,322.6036892118502
1787823115,9,,Aggregated,6.000000,0.000000,780,1000,1100,1100,1100,2000,12000,22000,58000,66000,66000,1795,0,780,1549.3155722835668,709.3514319999485,66251.94962800003,322.61949860724235
1787823116,9,,Aggregated,5.800000,0.000000,780,1000,1100,1100,1100,2000,12000,20000,58000,66000,66000,1802,0,780,1547.0147690310778,709.3514319999485,66251.94962800003,322.6220865704772
1787823117,9,,Aggregated,5.700000,0.000000,780,1000,1100,1100,1100,2000,12000,20000,58000,66000,66000,1807,0,780,1545.353488439957,709.3514319999485,66251.94962800003,322.6142778085224
1787823118,9,,Aggregated,6.200000,0.000000,780,1000,1100,1100,1100,2000,12000,20000,58000,66000,66000,1814,0,780,1548.2457745639483,709.3514319999485,66251.94962800003,322.6080485115766
1787823119,9,,Aggregated,5.800000,0.000000,780,1000,1100,1100,1100,2000,12000,20000,58000,66000,66000,1819,0,780,1546.4128462078077,709.3514319999485,66251.94962800003,322.5975810885102
1787823120,9,,Aggregated,5.700000,0.000000,780,1000,1100,1100,1100,2000,12000,20000,58000,66000,66000,1826,0,780,1543.777204649508,709.3514319999485,66251.94962800003,322.60076670317636
1787823121,9,,Aggregated,5.800000,0.000000,780,1000,1100,1100,1100,2000,12000,20000,58000,66000,66000,1832,0,780,1541.5101253324242,709.3514319999485,66251.94962800003,322.59552401746726
1787823122,9,,Aggregated,5.900000,0.000000,780,1000,1100,1100,1100,2000,12000,22000,58000,66000,66000,1837,0,780,1555.9428539510077,709.3514319999485,66251.94962800003,322.61350027218293
1787823123,9,,Aggregated,6.000000,0.000000,780,1000,1100,1100,1100,2000,12000,22000,58000,66000,66000,1844,0,780,1553.2841787782002,709.3514319999485,66251.94962800003,322.6155097613883
1787823124,9,,Aggregated,6.000000,0.000000,780,1000,1100,1100,1100,2000,12000,22000,58000,66000,66000,1850,0,780,1551.05967742973,709.3514319999485,66251.94962800003,322.6086486486486
1787823125,9,,Aggregated,6.000000,0.000000,780,1000,1100,1100,1100,2000,12000,22000,58000,66000,66000,1854,0,780,1549.5184784805829,709.3514319999485,66251.94962800003,322.6019417475728
1787823126,9,,Aggregated,6.000000,0.000000,780,1000,1100,1100,1100,2000,12000,22000,58000,66000,66000,1859,0,780,1547.7313919478215,709.3514319999485,66251.94962800003,322.59225389994623
1787823127,9,,Aggregated,6.000000,0.000000,780,1000,1100,1100,1100,2000,12000,22000,58000,66000,66000,1868,0,780,1550.1739646771946,709.3514319999485,66251.94962800003,322.5968950749465
1787823128,9,,Aggregated,5.600000,0.000000,780,1000,1100,1100,1100,2000,12000,22000,58000,66000,66000,1874,0,780,1553.1546170218778,709.3514319999485,66251.94962800003,322.58644610458913
1787823129,9,,Aggregated,6.100000,0.000000,780,1000,1100,1100,1100,2000,12000,22000,58000,66000,66000,1879,0,780,1551.4145951415642,709.3514319999485,66251.94962800003,322.5779670037254
1787823130,9,,Aggregated,6.100000,0.000000,780,1000,1100,1100,1100,2000,12000,22000,58000,66000,66000,1885,0,780,1549.1129536111403,709.3514319999485,66251.94962800003,322.60212201591514
1787823131,9,,Aggregated,6.000000,0.000000,780,1000,1100,1100,1100,2000,12000,22000,58000,66000,66000,1891,0,780,1547.3034124801688,709.3514319999485,66251.94962800003,322.5959809624537
1787823132,9,,Aggregated,5.900000,0.000000,780,1000,1100,1100,1100,2000,12000,22000,58000,66000,66000,1897,0,780,1545.270015104902,709.3514319999485,66251.94962800003,322.5935687928308
1787823133,9,,Aggregated,6.000000,0.000000,780,1000,1100,1100,1100,2000,12000,20000,58000,66000,66000,1903,0,780,1543.0711823126637,709.3514319999485,66251.94962800003,322.5943247503941
1787823134,9,,Aggregated,5.900000,0.000000,780,1000,1100,1100,1100,2000,12000,20000,58000,66000,66000,1909,0,780,1540.9184561843892,709.3514319999485,66251.94962800003,322.5882661079099
1787823135,9,,Aggregated,5.700000,0.000000,780,1000,1100,1100,1100,2000,12000,20000,58000,66000,66000,1914,0,780,1539.0296999461857,709.3514319999485,66251.94962800003,322.60292580982235
1787823136,9,,Aggregated,5.900000,0.000000,780,1000,1100,1100,1100,2000,12000,20000,58000,66000,66000,1919,0,780,1537.6722790427302,709.3514319999485,66251.94962800003,322.60865033871806
1787823137,9,,Aggregated,6.000000,0.000000,780,1000,1100,1100,1100,2000,12000,20000,58000,66000,66000,1924,0,780,1535.9626341637208,709.3514319999485,66251.94962800003,322.5992723492723
1787823138,9,,Aggregated,5.900000,0.000000,780,1000,1100,1100,1100,2000,12000,20000,58000,66000,66000,1932,0,780,1538.5033796821945,709.3514319999485,66251.94962800003,322.5957556935818
1787823139,9,,Aggregated,5.700000,0.000000,780,1000,1100,1100,1100,2000,12000,20000,58000,66000,66000,1937,0,780,1541.6401563551883,709.3514319999485,66251.94962800003,322.6055756324213
1787823140,9,,Aggregated,5.900000,0.000000,780,1000,1100,1100,1100,2000,12000,20000,58000,66000,66000,1943,0,780,1540.0514505033454,709.3514319999485,66251.94962800003,322.60885229027275
1787823141,9,,Aggregated,5.900000,0.000000,780,1000,1100,1100,1100,2000,12000,20000,58000,66000,66000,1950,0,780,1537.603335788718,709.3514319999485,66251.94962800003,322.60769230769233
1787823142,9,,Aggregated,5.800000,0.000000,780,1000,1100,1100,1100,2000,12000,20000,58000,66000,66000,1955,0,780,1535.927879066496,709.3514319999485,66251.94962800003,322.5989769820972
1787823143,9,,Aggregated,5.700000,0.000000,780,1000,1100,1100,1100,2000,12000,20000,58000,66000,66000,1961,0,780,1534.151241188679,709.3514319999485,66251.94962800003,322.59714431412544
1787823144,9,,Aggregated,5.900000,0.000000,780,1000,1100,1100,1100,2000,12000,20000,58000,66000,66000,1967,0,780,1532.0558280071168,709.3514319999485,66251.94962800003,322.5922724961871
1787823145,9,,Aggregated,5.900000,0.000000,780,1000,1100,1100,1100,2000,12000,20000,58000,66000,66000,1973,0,780,1530.0219682812967,709.3514319999485,66251.94962800003,322.5869234668018
1787823146,9,,Aggregated,5.700000,0.000000,780,1000,1100,1100,1100,2000,12000,20000,58000,66000,66000,1978,0,780,1528.2279521865512,709.3514319999485,66251.94962800003,322.60768452982813
1787823147,9,,Aggregated,5.700000,0.000000,780,1000,1100,1100,1100,2000,12000,20000,58000,66000,66000,1984,0,780,1526.2603582701604,709.3514319999485,66251.94962800003,322.6028225806452
1787823148,9,,Aggregated,6.000000,0.000000,780,1000,1100,1100,1100,2000,12000,22000,58000,66000,66000,1988,0,780,1551.7349262273633,709.3514319999485,66251.94962800003,322.61368209255534
1787823149,9,,Aggregated,6.000000,0.000000,780,1000,1100,1100,1100,2000,12000,22000,58000,66000,66000,1997,0,780,1553.9040222378555,709.3514319999485,66251.94962800003,322.6184276414622
1787823150,9,,Aggregated,5.700000,0.000000,780,1000,1100,1100,1100,2000,12000,20000,54000,66000,66000,2002,0,780,1552.2007108371618,709.3514319999485,66251.94962800003,322.61038961038963
1787823151,9,,Aggregated,5.800000,0.000000,780,1000,1100,1100,1100,2000,12000,20000,54000,66000,66000,2007,0,780,1550.5506975440946,709.3514319999485,66251.94962800003,322.60637767812653
1787823152,9,,Aggregated,5.900000,0.000000,780,1000,1100,1100,1100,2000,12000,20000,54000,66000,66000,2013,0,780,1548.6896740034765,709.3514319999485,66251.94962800003,322.6005961251863
1787823153,9,,Aggregated,5.800000,0.000000,780,1000,1100,1100,1100,2000,12000,20000,54000,66000,66000,2019,0,780,1546.6439074997515,709.3514319999485,66251.94962800003,322.6012877662209
1787823154,9,,Aggregated,5.700000,0.000000,780,1000,1100,1100,1100,2000,12000,20000,54000,66000,66000,2025,0,780,1544.651481383209,709.3514319999485,66251.94962800003,322.59654320987653
1787823155,9,,Aggregated,5.800000,0.000000,780,1000,1100,1100,1100,2000,12000,20000,54000,66000,66000,2031,0,780,1542.6007047050707,709.3514319999485,66251.94962800003,322.5918266863614
1787823156,9,,Aggregated,5.900000,0.000000,780,1000,1100,1100,1100,2000,12000,20000,54000,66000,66000,2038,0,780,1548.638423677134,709.3514319999485,66251.94962800003,322.590284592738
1787823157,9,,Aggregated,5.800000,0.000000,780,1000,1100,1100,1100,2000,12000,20000,54000,66000,66000,2044,0,780,1546.6343458962813,709.3514319999485,66251.94962800003,322.58512720156557
1787823158,9,,Aggregated,5.800000,0.000000,780,1000,1100,1100,1100,2000,12000,20000,54000,66000,66000,2050,0,780,1544.5936327443897,709.3514319999485,66251.94962800003,322.5809756097561
1787823159,9,,Aggregated,5.800000,0.000000,780,1000,1100,1100,1100,2000,12000,20000,54000,66000,66000,2056,0,780,1547.101741065661,709.3514319999485,66251.94962800003,322.58268482490274
1787823160,9,,Aggregated,6.100000,0.000000,780,1000,1100,1100,1100,2000,12000,20000,54000,66000,66000,2062,0,780,1545.2997907599413,709.3514319999485,66251.94962800003,322.5775945683802
1787823161,9,,Aggregated,5.900000,0.000000,780,1000,1100,1100,1100,2000,12000,20000,54000,66000,66000,2067,0,780,1543.6882273894525,709.3514319999485,66251.94962800003,322.57039187227866
1787823162,9,,Aggregated,6.000000,0.000000,780,1000,1100,1100,1100,2000,12000,20000,54000,66000,66000,2074,0,780,1541.3343148384752,709.3514319999485,66251.94962800003,322.572806171649
1787823163,9,,Aggregated,6.000000,0.000000,780,1000,1100,1100,1100,2000,12000,20000,54000,66000,66000,2080,0,780,1539.3425664129797,709.3514319999485,66251.94962800003,322.56634615384615
1787823164,9,,Aggregated,6.100000,0.000000,780,1000,1100,1100,1100,2000,12000,20000,54000,66000,66000,2085,0,780,1537.7670811793753,709.3514319999485,66251.94962800003,322.5592326139089
1787823165,9,,Aggregated,6.000000,0.000000,780,1000,1100,1100,1100,2000,12000,22000,54000,66000,66000,2092,0,780,1563.1067515898649,709.3514319999485,66251.94962800003,322.5597514340344
1787823166,9,,Aggregated,6.000000,0.000000,780,1000,1100,1100,1100,2000,12000,22000,54000,66000,66000,2100,0,780,1560.3229538742848,709.3514319999485,66251.94962800003,322.56619047619046
1787823167,9,,Aggregated,6.000000,0.000000,780,1000,1100,1100,1100,2000,12000,20000,54000,66000,66000,2105,0,780,1558.761224434678,709.3514319999485,66251.94962800003,322.55724465558194
1787823168,9,,Aggregated,6.300000,0.000000,780,1000,1100,1100,1100,2000,12000,20000,54000,66000,66000,2111,0,780,1561.902960998578,709.3514319999485,66251.94962800003,322.5490288962577
1787823169,9,,Aggregated,6.200000,0.000000,780,1000,1100,1100,1100,2000,12000,20000,54000,66000,66000,2119,0,780,1559.154788055214,709.3514319999485,66251.94962800003,322.5549787635677
1787823170,9,,Aggregated,6.000000,0.000000,780,1000,1100,1100,1100,2000,12000,20000,54000,66000,66000,2124,0,780,1561.957358162429,709.3514319999485,66251.94962800003,322.54802259887003
1787823171,9,,Aggregated,6.200000,0.000000,780,1000,1100,1100,1100,2000,12000,20000,54000,66000,66000,2130,0,780,1559.985311587793,709.3514319999485,66251.94962800003,322.543661971831
1787823172,9,,Aggregated,6.200000,0.000000,780,1000,1100,1100,1100,2000,12000,20000,54000,66000,66000,2135,0,780,1558.396400054332,709.3514319999485,66251.94962800003,322.53536299765807
1787823173,9,,Aggregated,6.200000,0.000000,780,1000,1100,1100,1100,2000,12000,20000,54000,66000,66000,2142,0,780,1556.0654771148454,709.3514319999485,66251.94962800003,322.5373482726424
1787823174,9,,Aggregated,6.200000,0.000000,780,1000,1100,1100,1100,2000,12000,20000,54000,66000,66000,2148,0,780,1554.096387045623,709.3514319999485,66251.94962800003,322.53212290502796
1787823175,9,,Aggregated,6.300000,0.000000,780,1000,1100,1100,1100,2000,12000,20000,54000,66000,66000,2152,0,780,1552.7766339790883,709.3514319999485,66251.94962800003,322.54368029739777
1787823176,9,,Aggregated,6.200000,0.000000,780,1000,1100,1100,1100,2000,12000,20000,54000,66000,66000,2159,0,780,1550.688101122278,709.3514319999485,66251.94962800003,322.5502547475683
1787823177,9,,Aggregated,6.300000,0.000000,780,1000,1100,1100,1100,2000,12000,20000,54000,66000,66000,2165,0,780,1548.7668819473436,709.3514319999485,66251.94962800003,322.5445727482679
1787823178,9,,Aggregated,5.700000,0.000000,780,1000,1100,1100,1100,2000,12000,20000,54000,66000,66000,2170,0,780,1547.2224097078333,709.3514319999485,66251.94962800003,322.53778801843316
1787823179,9,,Aggregated,6.000000,0.000000,780,1000,1100,1100,1100,2000,12000,20000,54000,66000,66000,2175,0,780,1550.4401774050568,709.3514319999485,66251.94962800003,322.5480459770115
1787823180,9,,Aggregated,6.000000,0.000000,780,1000,1100,1100,1100,2000,12000,20000,54000,66000,66000,2184,0,780,1552.416503229853,709.3514319999485,66251.94962800003,322.5590659340659
1787823181,9,,Aggregated,5.800000,0.000000,780,1000,1100,1100,1100,2000,12000,20000,54000,66000,66000,2188,0,780,1551.0878483564898,709.3514319999485,66251.94962800003,322.55438756855574
1787823182,9,,Aggregated,5.900000,0.000000,780,1000,1100,1100,1100,2000,12000,20000,54000,66000,66000,2194,0,780,1556.4422686344572,709.3514319999485,66251.94962800003,322.5460346399271
1787823183,9,,Aggregated,6.000000,0.000000,780,1000,1100,1100,1100,2000,12000,19000,54000,66000,66000,2201,0,780,1554.1148622594271,709.3514319999485,66251.94962800003,322.57019536574285
1787823184,9,,Aggregated,6.000000,0.000000,780,1000,1100,1100,1100,2000,12000,19000,54000,66000,66000,2206,0,780,1553.073623982774,709.3514319999485,66251.94962800003,322.5639165911151
1787823185,9,,Aggregated,5.700000,0.000000,780,1000,1100,1100,1100,2000,12000,19000,54000,66000,66000,2212,0,780,1551.17156875226,709.3514319999485,66251.94962800003,322.5592224231465
1787823186,9,,Aggregated,5.900000,0.000000,780,1000,1100,1100,1100,2000,12000,19000,54000,66000,66000,2217,0,780,1549.6946873522775,709.3514319999485,66251.94962800003,322.55209742895806
1787823187,9,,Aggregated,5.800000,0.000000,780,1000,1100,1100,1100,2000,12000,19000,54000,66000,66000,2223,0,780,1547.7275350859193,709.3514319999485,66251.94962800003,322.5726495726496
1787823188,9,,Aggregated,6.000000,0.000000,780,1000,1100,1100,1100,2000,12000,19000,54000,66000,66000,2229,0,780,1546.3115600838935,709.3514319999485,66251.94962800003,322.5688649618663
1787823189,9,,Aggregated,5.700000,0.000000,780,1000,1100,1100,1100,2000,12000,19000,54000,66000,66000,2234,0,780,1544.8192063715303,709.3514319999485,66251.94962800003,322.5626678603402
1787823190,9,,Aggregated,5.800000,0.000000,780,1000,1100,1100,1100,2000,12000,19000,54000,66000,66000,2242,0,780,1547.0463601199817,709.3514319999485,66251.94962800003,322.5651204281891
1787823191,9,,Aggregated,5.900000,0.000000,780,1000,1100,1100,1100,2000,12000,19000,54000,66000,66000,2248,0,780,1549.3672534741986,709.3514319999485,66251.94962800003,322.56227758007117
1787823192,9,,Aggregated,5.600000,0.000000,780,1000,1100,1100,1100,2000,12000,19000,54000,66000,66000,2253,0,780,1547.8784564305363,709.3514319999485,66251.94962800003,322.55614735907676
1787823193,9,,Aggregated,5.900000,0.000000,780,1000,1100,1100,1100,2000,12000,19000,54000,66000,66000,2258,0,780,1546.4905813693526,709.3514319999485,66251.94962800003,322.5482728077945
1787823194,9,,Aggregated,5.900000,0.000000,780,1000,1100,1100,1100,2000,12000,19000,54000,66000,66000,2265,0,780,1544.3810705801318,709.3514319999485,66251.94962800003,322.5470198675497
1787823195,9,,Aggregated,5.900000,0.000000,780,1000,1100,1100,1100,2000,12000,19000,54000,66000,66000,2271,0,780,1542.6744525143104,709.3514319999485,66251.94962800003,322.5482166446499
1787823196,9,,Aggregated,5.700000,0.000000,780,1000,1100,1100,1100,2000,12000,19000,54000,66000,66000,2276,0,780,1541.2189603022844,709.3514319999485,66251.94962800003,322.5452548330404
1787823197,9,,Aggregated,6.000000,0.000000,780,1000,1100,1100,1100,2000,12000,19000,54000,66000,66000,2282,0,780,1539.4741605985976,709.3514319999485,66251.94962800003,322.54119193689746
1787823198,9,,Aggregated,5.900000,0.000000,780,1000,1100,1100,1100,2000,12000,19000,54000,66000,66000,2290,0,780,1543.9506555829691,709.3514319999485,66251.94962800003,322.5427947598253
1787823199,9,,Aggregated,5.900000,0.000000,780,1000,1100,1100,1100,2000,12000,19000,54000,66000,66000,2295,0,780,1542.5874195041392,709.3514319999485,66251.94962800003,322.5359477124183
1787823200,9,,Aggregated,5.900000,0.000000,780,1000,1100,1100,1100,2000,12000,19000,54000,66000,66000,2302,0,780,1555.4264308362292,709.3514319999485,66251.94962800003,322.53735881841874
1787823201,9,,Aggregated,6.100000,0.000000,780,1000,1100,1100,1100,2000,12000,19000,54000,66000,66000,2307,0,780,1558.0204937498913,709.3514319999485,66251.94962800003,322.53185955786734
1787823202,9,,Aggregated,6.100000,0.000000,780,1000,1100,1100,1100,2000,12000,19000,54000,66000,66000,2315,0,780,1560.1983058138223,709.3514319999485,66251.94962800003,322.53347732181425
1787823203,9,,Aggregated,5.900000,0.000000,780,1000,1100,1100,1100,2000,12000,19000,54000,66000,66000,2321,0,780,1558.3954744657472,709.3514319999485,66251.94962800003,322.52951314088756
1787823204,9,,Aggregated,5.800000,0.000000,780,1000,1100,1100,1100,2000,12000,19000,54000,66000,66000,2326,0,780,1557.1199567162507,709.3514319999485,66251.94962800003,322.5219260533104
1787823205,9,,Aggregated,6.200000,0.000000,780,1000,1100,1100,1100,2000,12000,19000,54000,66000,66000,2331,0,780,1555.6698151428568,709.3514319999485,66251.94962800003,322.5156585156585
1787823206,9,,Aggregated,6.300000,0.000000,780,1000,1100,1100,1100,2000,12000,19000,54000,66000,66000,2339,0,780,1553.2130685613504,709.3514319999485,66251.94962800003,322.5220179563916
1787823207,9,,Aggregated,6.000000,0.000000,780,1000,1100,1100,1100,2000,12000,19000,54000,66000,66000,2344,0,780,1551.7873251800338,709.3514319999485,66251.94962800003,322.5162116040956
1787823208,9,,Aggregated,6.000000,0.000000,780,1000,1100,1100,1100,2000,12000,19000,54000,66000,66000,2349,0,780,1550.3766756483606,709.3514319999485,66251.94962800003,322.50872711792255
1787823209,9,,Aggregated,6.300000,0.000000,780,1000,1100,1100,1100,2000,12000,19000,54000,66000,66000,2357,0,780,1547.970473087823,709.3514319999485,66251.94962800003,322.51463725074245
1787823210,9,,Aggregated,6.200000,0.000000,780,1000,1100,1100,1100,2000,12000,19000,54000,66000,66000,2361,0,780,1546.804841400677,709.3514319999485,66251.94962800003,322.52477763659465
1787823211,9,,Aggregated,5.900000,0.000000,780,1000,1100,1100,1100,2000,12000,19000,54000,66000,66000,2367,0,780,1549.5913837803123,709.3514319999485,66251.94962800003,322.51753274186734
1787823212,9,,Aggregated,6.200000,0.000000,780,1000,1100,1100,1100,2000,12000,19000,54000,66000,66000,2371,0,780,1548.2460086267395,709.3514319999485,66251.94962800003,322.5314213412062
1787823213,9,,Aggregated,5.900000,0.000000,780,1000,1100,1100,1100,2000,12000,19000,54000,66000,66000,2379,0,780,1550.4207620722989,709.3514319999485,66251.94962800003,322.53341740226983
1787823214,9,,Aggregated,6.000000,0.000000,780,1000,1100,1100,1100,2000,12000,19000,54000,66000,66000,2384,0,780,1549.0308371145131,709.3514319999485,66251.94962800003,322.5272651006711
1787823216,9,,Aggregated,5.700000,0.000000,780,1000,1100,1100,1100,2000,12000,19000,54000,66000,66000,2391,0,780,1553.6172151024673,709.3514319999485,66251.94962800003,322.5227938101213
1787823217,9,,Aggregated,5.900000,0.000000,780,1000,1100,1100,1100,2000,12000,19000,54000,66000,66000,2396,0,780,1552.214776626461,709.3514319999485,66251.94962800003,322.5158597662771
1787823218,9,,Aggregated,5.800000,0.000000,780,1000,1100,1100,1100,2000,12000,18000,54000,66000,66000,2404,0,780,1549.837225608153,709.3514319999485,66251.94962800003,322.51955074875207
1787823219,9,,Aggregated,6.000000,0.000000,780,1000,1100,1100,1100,2000,12000,18000,54000,66000,66000,2409,0,780,1548.461741309257,709.3514319999485,66251.94962800003,322.51224574512247
1787823220,9,,Aggregated,5.700000,0.000000,780,1000,1100,1100,1100,2000,12000,18000,54000,66000,66000,2414,0,780,1547.0857810915493,709.3514319999485,66251.94962800003,322.50538525269263
1787823221,9,,Aggregated,6.000000,0.000000,780,1000,1100,1100,1100,2000,12000,18000,54000,66000,66000,2422,0,780,1544.7597722089183,709.3514319999485,66251.94962800003,322.50743187448387
1787823222,9,,Aggregated,6.000000,0.000000,780,1000,1100,1100,1100,2000,12000,18000,54000,66000,66000,2427,0,780,1543.4270237350638,709.3514319999485,66251.94962800003,322.50103007828596
1787823223,9,,Aggregated,5.700000,0.000000,780,1000,1100,1100,1100,2000,12000,18000,54000,66000,66000,2433,0,780,1545.6979974180024,709.3514319999485,66251.94962800003,322.4932182490752
1787823224,9,,Aggregated,6.100000,0.000000,780,1000,1100,1100,1100,2000,12000,18000,54000,66000,66000,2438,0,780,1544.1768849114028,709.3514319999485,66251.94962800003,322.4909762100082
1787823225,9,,Aggregated,6.000000,0.000000,780,1000,1100,1100,1100,2000,12000,18000,54000,66000,66000,2445,0,780,1542.2172796907976,709.3514319999485,66251.94962800003,322.4924335378323
1787823226,9,,Aggregated,6.100000,0.000000,780,1000,1100,1100,1100,2000,12000,18000,54000,66000,66000,2451,0,780,1544.9681520346796,709.3514319999485,66251.94962800003,322.4859241126071
1787823227,9,,Aggregated,5.800000,0.000000,780,1000,1100,1100,1100,2000,12000,18000,54000,66000,66000,2457,0,780,1543.3085012991453,709.3514319999485,66251.94962800003,322.48148148148147
1787823228,9,,Aggregated,6.100000,0.000000,780,1000,1100,1100,1100,2000,12000,18000,54000,66000,66000,2462,0,780,1541.9908133375304,709.3514319999485,66251.94962800003,322.47603574329816
1787823229,9,,Aggregated,6.000000,0.000000,780,1000,1100,1100,1100,2000,12000,18000,54000,66000,66000,2468,0,780,1540.8369167329824,709.3514319999485,66251.94962800003,322.47649918962725
1787823230,9,,Aggregated,6.100000,0.000000,780,1000,1100,1100,1100,2000,12000,18000,54000,66000,66000,2473,0,780,1539.690859655075,709.3514319999485,66251.94962800003,322.4739183178326
1787823231,9,,Aggregated,5.800000,0.000000,780,1000,1100,1100,1100,2000,12000,18000,54000,66000,66000,2478,0,780,1538.2590412352706,709.3514319999485,66251.94962800003,322.48466505246165
1787823232,9,,Aggregated,5.900000,0.000000,780,1000,1100,1100,1100,2000,12000,19000,54000,66000,66000,2487,0,780,1554.2498502529156,709.3514319999485,66251.94962800003,322.48773622838763
1787823233,9,,Aggregated,5.900000,0.000000,780,1000,1100,1100,1100,2000,12000,19000,54000,66000,66000,2494,0,780,1556.1114760437054,709.3514319999485,66251.94962800003,322.4843624699278
1787823234,9,,Aggregated,5.600000,0.000000,780,1000,1100,1100,1100,2000,12000,19000,54000,66000,66000,2498,0,780,1554.9343138771023,709.3514319999485,66251.94962800003,322.47958366693354
1787823235,9,,Aggregated,6.100000,0.000000,780,1000,1100,1100,1100,2000,12000,18000,54000,66000,66000,2504,0,780,1553.2545997919335,709.3514319999485,66251.94962800003,322.47923322683704
1787823236,9,,Aggregated,6.100000,0.000000,780,1000,1100,1100,1100,2000,12000,18000,54000,66000,66000,2511,0,780,1551.4905341174835,709.3514319999485,66251.94962800003,322.48148148148147
1787823237,9,,Aggregated,6.000000,0.000000,780,1000,1100,1100,1100,2000,12000,18000,54000,66000,66000,2516,0,780,1554.3099680298099,709.3514319999485,66251.94962800003,322.49364069952304
1787823238,9,,Aggregated,5.800000,0.000000,780,1000,1100,1100,1100,2000,12000,18000,54000,66000,66000,2521,0,780,1553.20253885601,709.3514319999485,66251.94962800003,322.4898849662832
1787823239,9,,Aggregated,6.000000,0.000000,780,1000,1100,1100,1100,2000,12000,18000,54000,66000,66000,2528,0,780,1551.3599068556177,709.3514319999485,66251.94962800003,322.49129746835445
1787823240,9,,Aggregated,5.900000,0.000000,780,1000,1100,1100,1100,2000,12000,18000,54000,66000,66000,2534,0,780,1549.731485826362,709.3514319999485,66251.94962800003,322.48776637726917
1787823241,9,,Aggregated,5.900000,0.000000,780,1000,1100,1100,1100,2000,12000,18000,54000,66000,66000,2539,0,780,1548.4175208562428,709.3514319999485,66251.94962800003,322.4812918471839
1787823242,9,,Aggregated,6.000000,0.000000,780,1000,1100,1100,1100,2000,12000,18000,54000,66000,66000,2546,0,780,1546.4757233589949,709.3514319999485,66251.94962800003,322.483896307934
1787823243,9,,Aggregated,6.100000,0.000000,780,1000,1100,1100,1100,2000,12000,18000,54000,66000,66000,2553,0,780,1548.329594987858,709.3514319999485,66251.94962800003,322.4806110458284
1787823244,9,,Aggregated,5.900000,0.000000,780,1000,1100,1100,1100,2000,12000,18000,54000,66000,66000,2559,0,780,1546.7026067803836,709.3514319999485,66251.94962800003,322.47713950762017
1787823245,9,,Aggregated,5.900000,0.000000,780,1000,1100,1100,1100,2000,12000,18000,54000,66000,66000,2564,0,780,1545.2606915226218,709.3514319999485,66251.94962800003,322.47971918876755
1787823246,9,,Aggregated,5.800000,0.000000,780,1000,1100,1100,1100,2000,12000,18000,54000,66000,66000,2569,0,780,1543.9774079887125,709.3514319999485,66251.94962800003,322.4741144414169
1787823247,9,,Aggregated,5.900000,0.000000,780,1000,1100,1100,1100,2000,12000,18000,54000,66000,66000,2576,0,780,1542.0660928936343,709.3514319999485,66251.94962800003,322.47166149068323
1787823248,9,,Aggregated,5.800000,0.000000,780,1000,1100,1100,1100,2000,12000,18000,54000,66000,66000,2582,0,780,1540.4910707149502,709.3514319999485,66251.94962800003,322.4721146398141
1787823249,9,,Aggregated,5.800000,0.000000,780,1000,1100,1100,1100,2000,12000,18000,54000,66000,66000,2588,0,780,1543.1092263856265,709.3514319999485,66251.94962800003,322.46638330757344
1787823250,9,,Aggregated,6.000000,0.000000,780,1000,1100,1100,1100,2000,12000,18000,54000,66000,66000,2595,0,780,1541.277219068594,709.3514319999485,66251.94962800003,322.4643545279383
1787823251,9,,Aggregated,6.000000,0.000000,780,1000,1100,1100,1100,2000,12000,17000,54000,66000,66000,2601,0,780,1539.7223979038836,709.3514319999485,66251.94962800003,322.46559015763165
1787823252,9,,Aggregated,6.000000,0.000000,780,1000,1100,1100,1100,2000,12000,17000,54000,66000,66000,2606,0,780,1538.4350648250195,709.3514319999485,66251.94962800003,322.4597083653108
1787823253,9,,Aggregated,5.900000,0.000000,780,1000,1100,1100,1100,2000,12000,17000,54000,66000,66000,2612,0,780,1536.8956291554368,709.3514319999485,66251.94962800003,322.45673813169986
1787823254,9,,Aggregated,6.100000,0.000000,780,1000,1100,1100,1100,2000,12000,17000,54000,66000,66000,2619,0,780,1538.7410374600995,709.3514319999485,66251.94962800003,322.4524627720504
1787823255,9,,Aggregated,6.000000,0.000000,780,1000,1100,1100,1100,2000,12000,17000,54000,66000,66000,2624,0,780,1537.3863885289636,709.3514319999485,66251.94962800003,322.4672256097561
1787823256,9,,Aggregated,6.000000,0.000000,780,1000,1100,1100,1100,2000,12000,17000,54000,66000,66000,2629,0,780,1536.3546780410802,709.3514319999485,66251.94962800003,322.46557626473947
1787823257,9,,Aggregated,6.200000,0.000000,780,1000,1100,1100,1100,2000,12000,17000,54000,66000,66000,2634,0,780,1535.095062381169,709.3514319999485,66251.94962800003,322.4597570235384
1787823258,9,,Aggregated,6.000000,0.000000,780,1000,1100,1100,1100,2000,12000,17000,54000,66000,66000,2642,0,780,1532.9672317218015,709.3514319999485,66251.94962800003,322.46366389099165
1787823259,9,,Aggregated,6.000000,0.000000,780,1000,1100,1100,1100,2000,12000,17000,54000,66000,66000,2646,0,780,1531.9341498246408,709.3514319999485,66251.94962800003,322.47316704459564
1787823260,9,,Aggregated,5.800000,0.000000,780,1000,1100,1100,1100,2000,12000,17000,54000,66000,66000,2652,0,780,1534.789424317873,709.3514319999485,66251.94962800003,322.4702111613876
1787823261,9,,Aggregated,5.800000,0.000000,780,1000,1100,1100,1100,2000,12000,17000,54000,66000,66000,2660,0,780,1532.6977012744355,709.3514319999485,66251.94962800003,322.4748120300752
1787823262,9,,Aggregated,5.800000,0.000000,780,1000,1100,1100,1100,2000,12000,17000,54000,66000,66000,2665,0,780,1531.4706200521573,709.3514319999485,66251.94962800003,322.4682926829268
1787823263,9,,Aggregated,5.900000,0.000000,780,1000,1100,1100,1100,2000,12000,17000,54000,66000,66000,2670,0,780,1530.26824906779,709.3514319999485,66251.94962800003,322.4610486891386
1787823264,9,,Aggregated,5.900000,0.000000,780,1000,1100,1100,1100,2000,12000,17000,54000,66000,66000,2678,0,780,1531.7940813980579,709.3514319999485,66251.94962800003,322.4634055265123
1787823265,9,,Aggregated,5.800000,0.000000,780,1000,1100,1100,1100,2000,12000,17000,54000,66000,66000,2684,0,780,1530.3786791795826,709.3514319999485,66251.94962800003,322.46274217585693
1787823266,9,,Aggregated,5.800000,0.000000,780,1000,1100,1100,1100,2000,12000,17000,54000,66000,66000,2688,0,780,1529.3142109248513,709.3514319999485,66251.94962800003,322.4583333333333
1787823267,9,,Aggregated,5.900000,0.000000,780,1000,1100,1100,1100,2000,12000,18000,54000,66000,66000,2696,0,780,1540.0647814324925,709.3514319999485,66251.94962800003,322.4677299703264
1787823268,9,,Aggregated,5.800000,0.000000,780,1000,1100,1100,1100,2000,12000,17000,54000,66000,66000,2702,0,780,1538.5479440173942,709.3514319999485,66251.94962800003,322.46484085862323
1787823269,9,,Aggregated,6.000000,0.000000,780,1000,1100,1100,1100,2000,12000,17000,54000,66000,66000,2707,0,780,1537.3282003032875,709.3514319999485,66251.94962800003,322.45844107868487
1787823270,9,,Aggregated,5.900000,0.000000,780,1000,1100,1100,1100,2000,12000,17000,54000,66000,66000,2713,0,780,1535.81045432547,709.3514319999485,66251.94962800003,322.45853298931075
1787823271,9,,Aggregated,5.900000,0.000000,780,1000,1100,1100,1100,2000,12000,17000,54000,66000,66000,2718,0,780,1534.5030274407652,709.3514319999485,66251.94962800003,322.47350993377484
1787823272,9,,Aggregated,6.000000,0.000000,780,1000,1100,1100,1100,2000,12000,17000,54000,66000,66000,2726,0,780,1536.4220693037416,709.3514319999485,66251.94962800003,322.47175348495966
1787823273,9,,Aggregated,6.000000,0.000000,780,1000,1100,1100,1100,2000,12000,17000,54000,66000,66000,2731,0,780,1535.2089286554371,709.3514319999485,66251.94962800003,322.46649578908824
1787823274,9,,Aggregated,6.000000,0.000000,780,1000,1100,1100,1100,2000,12000,17000,54000,66000,66000,2736,0,780,1533.9096470997804,709.3514319999485,66251.94962800003,322.4813596491228
1787823275,9,,Aggregated,6.100000,0.000000,780,1000,1100,1100,1100,2000,12000,17000,54000,66000,66000,2744,0,780,1535.7546066690952,709.3514319999485,66251.94962800003,322.47849854227405
1787823276,9,,Aggregated,5.900000,0.000000,780,1000,1100,1100,1100,2000,12000,17000,54000,66000,66000,2749,0,780,1534.5765406973437,709.3514319999485,66251.94962800003,322.4725354674427
1787823277,9,,Aggregated,5.900000,0.000000,780,1000,1100,1100,1100,2000,12000,17000,54000,66000,66000,2754,0,780,1533.2652623387796,709.3514319999485,66251.94962800003,322.4734931009441
1787823278,9,,Aggregated,6.100000,0.000000,780,1000,1100,1100,1100,2000,12000,17000,54000,66000,66000,2760,0,780,1531.7992865945648,709.3514319999485,66251.94962800003,322.47028985507245
1787823279,9,,Aggregated,6.100000,0.000000,780,1000,1100,1100,1100,2000,12000,17000,54000,66000,66000,2766,0,780,1530.335074709327,709.3514319999485,66251.94962800003,322.46746203904553
1787823280,9,,Aggregated,5.900000,0.000000,780,1000,1100,1100,1100,2000,12000,17000,54000,66000,66000,2772,0,780,1528.8840793217885,709.3514319999485,66251.94962800003,322.468253968254
1787823281,9,,Aggregated,5.900000,0.000000,780,1000,1100,1100,1100,2000,12000,17000,54000,66000,66000,2778,0,780,1527.4106289866804,709.3514319999485,66251.94962800003,322.4654427645788
1787823282,9,,Aggregated,5.900000,0.000000,780,1000,1100,1100,1100,2000,12000,17000,54000,66000,66000,2784,0,780,1525.985367527657,709.3514319999485,66251.94962800003,322.46264367816093
1787823283,9,,Aggregated,6.000000,0.000000,780,1000,1100,1100,1100,2000,12000,18000,54000,66000,66000,2792,0,780,1545.6124626010019,709.3514319999485,66251.94962800003,322.46095988538684
1787823284,9,,Aggregated,6.000000,0.000000,780,1000,1100,1100,1100,2000,12000,18000,54000,66000,66000,2798,0,780,1544.131771682987,709.3514319999485,66251.94962800003,322.4578270192995
1787823285,9,,Aggregated,5.800000,0.000000,780,1000,1100,1100,1100,2000,12000,17000,54000,66000,66000,2804,0,780,1546.1220129679018,709.3514319999485,66251.94962800003,322.4518544935806
1787823286,9,,Aggregated,6.200000,0.000000,780,1000,1100,1100,1100,2000,12000,17000,54000,66000,66000,2811,0,780,1544.469972214513,709.3514319999485,66251.94962800003,322.4542867307008
1787823287,9,,Aggregated,6.200000,0.000000,780,1000,1100,1100,1100,2000,12000,17000,54000,66000,66000,2816,0,780,1543.158371703479,709.3514319999485,66251.94962800003,322.45170454545456
1787823288,9,,Aggregated,6.200000,0.000000,780,1000,1100,1100,1100,2000,12000,17000,54000,66000,66000,2821,0,780,1541.9877545831253,709.3514319999485,66251.94962800003,322.4466501240695
1787823289,9,,Aggregated,6.200000,0.000000,780,1000,1100,1100,1100,2000,12000,17000,54000,66000,66000,2828,0,780,1540.28653776874,709.3514319999485,66251.94962800003,322.44625176803396
1787823290,9,,Aggregated,6.200000,0.000000,780,1000,1100,1100,1100,2000,12000,17000,54000,66000,66000,2834,0,780,1538.8597654823557,709.3514319999485,66251.94962800003,322.44671841919546
1787823291,9,,Aggregated,6.200000,0.000000,780,1000,1100,1100,1100,2000,12000,17000,54000,66000,66000,2839,0,780,1537.6947764734045,709.3514319999485,66251.94962800003,322.4420570623459
1787823292,9,,Aggregated,6.300000,0.000000,780,1000,1100,1100,1100,2000,12000,17000,54000,66000,66000,2845,0,780,1536.2835273339176,709.3514319999485,66251.94962800003,322.4390158172232
1787823293,9,,Aggregated,6.100000,0.000000,780,1000,1100,1100,1100,2000,11000,17000,54000,66000,66000,2851,0,780,1534.8904683623275,709.3514319999485,66251.94962800003,322.44019642230796
1787823294,9,,Aggregated,6.100000,0.000000,780,1000,1100,1100,1100,2000,11000,17000,54000,66000,66000,2858,0,780,1536.951817604267,709.3514319999485,66251.94962800003,322.4359692092372
1787823295,9,,Aggregated,6.100000,0.000000,780,1000,1100,1100,1100,2000,11000,17000,54000,66000,66000,2864,0,780,1535.5094421620092,709.3514319999485,66251.94962800003,322.43331005586595
1787823296,9,,Aggregated,5.900000,0.000000,780,1000,1100,1100,1100,2000,11000,17000,54000,66000,66000,2871,0,780,1537.174594900033,709.3514319999485,66251.94962800003,322.43364681295714
1787823297,9,,Aggregated,6.000000,0.000000,780,1000,1100,1100,1100,2000,12000,18000,54000,66000,66000,2879,0,780,1545.6968876262574,709.3514319999485,66251.94962800003,322.43695727683223
1787823298,9,,Aggregated,6.000000,0.000000,780,1000,1100,1100,1100,2000,12000,18000,54000,66000,66000,2883,0,780,1544.710949985083,709.3514319999485,66251.94962800003,322.4332292750607
1787823299,9,,Aggregated,5.900000,0.000000,780,1000,1100,1100,1100,2000,12000,18000,54000,66000,66000,2889,0,780,1548.8173057552767,709.3514319999485,66251.94962800003,322.4274835583247
1787823300,9,,Aggregated,5.900000,0.000000,780,1000,1100,1100,1100,2000,12000,18000,54000,66000,66000,2894,0,780,1547.5740759125756,709.3514319999485,66251.94962800003,322.44091223220454
1787823301,9,,Aggregated,6.200000,0.000000,780,1000,1100,1100,1100,2000,12000,17000,54000,66000,66000,2901,0,780,1546.1844456983777,709.3514319999485,66251.94962800003,322.44157187176836
1787823302,9,,Aggregated,6.000000,0.000000,780,1000,1100,1100,1100,2000,12000,17000,54000,66000,66000,2906,0,780,1545.175039954575,709.3514319999485,66251.94962800003,322.4397797660014
1787823303,9,,Aggregated,6.100000,0.000000,780,1000,1100,1100,1100,2000,12000,17000,54000,66000,66000,2913,0,780,1543.466634543081,709.3514319999485,66251.94962800003,322.44421558530723
1787823304,9,,Aggregated,6.100000,0.000000,780,1000,1100,1100,1100,2000,12000,17000,54000,66000,66000,2917,0,780,1542.506263531366,709.3514319999485,66251.94962800003,322.4521768940692
1787823305,9,,Aggregated,6.100000,0.000000,780,1000,1100,1100,1100,2000,12000,17000,54000,66000,66000,2923,0,780,1541.4269324714312,709.3514319999485,66251.94962800003,322.44782757440987
1787823306,9,,Aggregated,6.000000,0.000000,780,1000,1100,1100,1100,2000,12000,17000,54000,66000,66000,2931,0,780,1546.3178486605234,709.3514319999485,66251.94962800003,322.4619583759809
1787823307,9,,Aggregated,6.000000,0.000000,780,1000,1100,1100,1100,2000,12000,17000,54000,66000,66000,2936,0,780,1545.3213213228867,709.3514319999485,66251.94962800003,322.4567438692098
1787823308,9,,Aggregated,5.900000,0.000000,780,1000,1100,1100,1100,2000,12000,17000,54000,66000,66000,2942,0,780,1543.9494291240635,709.3514319999485,66251.94962800003,322.45343303874915
1787823309,9,,Aggregated,6.100000,0.000000,780,1000,1100,1100,1100,2000,12000,17000,54000,66000,66000,2948,0,780,1542.4590714226576,709.3514319999485,66251.94962800003,322.4694708276798
1787823310,9,,Aggregated,6.100000,0.000000,780,1000,1100,1100,1100,2000,11000,17000,54000,66000,66000,2952,0,780,1541.8469592130741,709.3514319999485,66251.94962800003,322.4654471544715
1787823311,9,,Aggregated,5.700000,0.000000,780,1000,1100,1100,1100,2000,11000,17000,54000,66000,66000,2957,0,780,1540.7852532948914,709.3514319999485,66251.94962800003,322.46026378085895
1787823312,9,,Aggregated,5.800000,0.000000,780,1000,1100,1100,1100,2000,11000,17000,54000,66000,66000,2965,0,780,1538.9047176118022,709.3514319999485,66251.94962800003,322.4637436762226
1787823313,9,,Aggregated,5.800000,0.000000,780,1000,1100,1100,1100,2000,11000,17000,54000,66000,66000,2969,0,780,1537.9675311195667,709.3514319999485,66251.94962800003,322.47187605254294
1787823314,9,,Aggregated,5.700000,0.000000,780,1000,1100,1100,1100,2000,11000,17000,54000,66000,66000,2975,0,780,1536.870804592939,709.3514319999485,66251.94962800003,322.469243697479
1787823315,9,,Aggregated,5.700000,0.000000,780,1000,1100,1100,1100,2000,11000,17000,54000,66000,66000,2980,0,780,1535.87951087483,709.3514319999485,66251.94962800003,322.4647651006711
1787823316,9,,Aggregated,5.700000,0.000000,780,1000,1100,1100,1100,2000,12000,17000,54000,66000,66000,2989,0,780,1542.2874379371012,709.3514319999485,66251.94962800003,322.46604215456676
1787823317,9,,Aggregated,5.800000,0.000000,780,1000,1100,1100,1100,2000,12000,17000,54000,66000,66000,2995,0,780,1544.3779971873107,709.3514319999485,66251.94962800003,322.47412353923204
1787823318,9,,Aggregated,5.800000,0.000000,780,1000,1100,1100,1100,2000,12000,17000,54000,66000,66000,3000,0,780,1543.5544175456653,709.3514319999485,66251.94962800003,322.46933333333334
1787823319,9,,Aggregated,5.800000,0.000000,780,1000,1100,1100,1100,2000,11000,17000,53000,66000,66000,3007,0,780,1542.1334770375774,709.3514319999485,66251.94962800003,322.47189890256067
1787823320,9,,Aggregated,5.900000,0.000000,780,1000,1100,1100,1100,2000,11000,17000,53000,66000,66000,3011,0,780,1541.1176949192943,709.3514319999485,66251.94962800003,322.4835602789771
1787823321,9,,Aggregated,5.900000,0.000000,780,1000,1100,1100,1100,2000,11000,17000,53000,66000,66000,3016,0,780,1540.03748436472,709.3514319999485,66251.94962800003,322.4777851458886
1787823322,9,,Aggregated,5.800000,0.000000,780,1000,1100,1100,1100,2000,11000,17000,53000,66000,66000,3021,0,780,1538.9488218940735,709.3514319999485,66251.94962800003,322.4733531943065
1787823323,9,,Aggregated,5.900000,0.000000,780,1000,1100,1100,1100,2000,11000,17000,53000,66000,66000,3029,0,780,1537.1419937599856,709.3514319999485,66251.94962800003,322.47738527566855
1787823324,9,,Aggregated,5.900000,0.000000,780,1000,1100,1100,1100,2000,11000,17000,53000,66000,66000,3033,0,780,1536.2598327157923,709.3514319999485,66251.94962800003,322.48466864490604
1787823325,9,,Aggregated,5.900000,0.000000,780,1000,1100,1100,1100,2000,11000,17000,53000,66000,66000,3038,0,780,1535.6041438410127,709.3514319999485,66251.94962800003,322.47992100065835
1787823326,9,,Aggregated,5.900000,0.000000,780,1000,1100,1100,1100,2000,11000,17000,53000,66000,66000,3044,0,780,1534.3033636793682,709.3514319999485,66251.94962800003,322.47700394218134
1787823327,9,,Aggregated,5.800000,0.000000,780,1000,1100,1100,1100,2000,11000,17000,53000,66000,66000,3052,0,780,1535.65342485321,709.3514319999485,66251.94962800003,322.4780471821756
1787823328,9,,Aggregated,5.800000,0.000000,780,1000,1100,1100,1100,2000,11000,17000,53000,66000,66000,3057,0,780,1534.5811436879283,709.3514319999485,66251.94962800003,322.4730127576055
1787823329,9,,Aggregated,5.600000,0.000000,780,1000,1100,1100,1100,2000,11000,17000,53000,66000,66000,3064,0,780,1536.4811893508477,709.3514319999485,66251.94962800003,322.4693211488251
1787823330,9,,Aggregated,5.800000,0.000000,780,1000,1100,1100,1100,2000,11000,17000,53000,66000,66000,3069,0,780,1535.3343848579334,709.3514319999485,66251.94962800003,322.47865754317365
1787823331,9,,Aggregated,5.900000,0.000000,780,1000,1100,1100,1100,2000,11000,17000,53000,66000,66000,3074,0,780,1534.4209673942737,709.3514319999485,66251.94962800003,322.48275862068965
1787823332,9,,Aggregated,5.800000,0.000000,780,1000,1100,1100,1100,2000,11000,17000,53000,66000,66000,3080,0,780,1533.3416621350639,709.3514319999485,66251.94962800003,322.48214285714283
1787823333,9,,Aggregated,5.800000,0.000000,780,1000,1100,1100,1100,2000,12000,17000,53000,66000,66000,3086,0,780,1548.3184083104334,709.3514319999485,66251.94962800003,322.49319507453015
1787823334,9,,Aggregated,5.700000,0.000000,780,1000,1100,1100,1100,2000,12000,17000,53000,66000,66000,3093,0,780,1546.8846922689938,709.3514319999485,66251.94962800003,322.4949886841254
1787823335,9,,Aggregated,6.000000,0.000000,780,1000,1100,1100,1100,2000,12000,17000,53000,66000,66000,3099,0,780,1545.5534996214901,709.3514319999485,66251.94962800003,322.49273959341724
1787823336,9,,Aggregated,6.000000,0.000000,780,1000,1100,1100,1100,2000,11000,17000,53000,66000,66000,3103,0,780,1544.6469935688037,709.3514319999485,66251.94962800003,322.5004834031582
1787823337,9,,Aggregated,6.000000,0.000000,780,1000,1100,1100,1100,2000,11000,17000,53000,66000,66000,3112,0,780,1545.9844258836758,709.3514319999485,66251.94962800003,322.504498714653
1787823338,9,,Aggregated,6.000000,0.000000,780,1000,1100,1100,1100,2000,11000,17000,53000,66000,66000,3117,0,780,1545.064669248957,709.3514319999485,66251.94962800003,322.4995187680462
1787823339,9,,Aggregated,5.900000,0.000000,780,1000,1100,1100,1100,2000,11000,17000,53000,66000,66000,3121,0,780,1544.4313427523225,709.3514319999485,66251.94962800003,322.4934315924383
1787823340,9,,Aggregated,5.800000,0.000000,780,1000,1100,1100,1100,2000,11000,17000,53000,66000,66000,3126,0,780,1546.9364756842606,709.3514319999485,66251.94962800003,322.50127959053106
1787823341,9,,Aggregated,5.600000,0.000000,780,1000,1100,1100,1100,2000,11000,17000,53000,66000,66000,3133,0,780,1545.4272122792845,709.3514319999485,66251.94962800003,322.5014363230131
1787823342,9,,Aggregated,5.800000,0.000000,780,1000,1100,1100,1100,2000,11000,17000,53000,66000,66000,3138,0,780,1544.2423295264496,709.3514319999485,66251.94962800003,322.49904397705546
1787823343,9,,Aggregated,5.800000,0.000000,780,1000,1100,1100,1100,2000,11000,17000,53000,66000,66000,3143,0,780,1543.1733448444156,709.3514319999485,66251.94962800003,322.49379573655744
1787823344,9,,Aggregated,5.900000,0.000000,780,1000,1100,1100,1100,2000,11000,17000,53000,66000,66000,3149,0,780,1541.8895673499517,709.3514319999485,66251.94962800003,322.4906319466497
1787823345,9,,Aggregated,5.700000,0.000000,780,1000,1100,1100,1100,2000,11000,17000,53000,66000,66000,3154,0,780,1541.0466324629037,709.3514319999485,66251.94962800003,322.49365884591
1787823346,9,,Aggregated,5.700000,0.000000,780,1000,1100,1100,1100,2000,11000,17000,53000,66000,66000,3158,0,780,1540.646926693793,709.3514319999485,66251.94962800003,322.5009499683344
1787823347,9,,Aggregated,5.300000,0.000000,780,1000,1100,1100,1100,2000,11000,17000,53000,66000,66000,3165,0,780,1542.4797197974717,709.3514319999485,66251.94962800003,322.49794628751977
1787823348,9,,Aggregated,5.400000,0.000000,780,1000,1100,1100,1100,2000,11000,17000,53000,66000,66000,3171,0,780,1541.2360838164611,709.3514319999485,66251.94962800003,322.4932198044781
1787823349,9,,Aggregated,5.300000,0.000000,780,1000,1100,1100,1100,2000,11000,17000,53000,66000,66000,3177,0,780,1544.9341267274149,709.3514319999485,66251.94962800003,322.48662259993705
1787823350,9,,Aggregated,5.400000,0.000000,780,1000,1100,1100,1100,2000,11000,17000,53000,66000,66000,3184,0,780,1543.3811669855518,709.3514319999485,66251.94962800003,322.4886934673367
1787823351,9,,Aggregated,5.400000,0.000000,780,1000,1100,1100,1100,2000,11000,17000,53000,66000,66000,3188,0,780,1542.4648314272265,709.3514319999485,66251.94962800003,322.48431618569634
1787823352,9,,Aggregated,5.600000,0.000000,780,1000,1100,1100,1100,2000,11000,17000,53000,66000,66000,3194,0,780,1541.1952601033179,709.3514319999485,66251.94962800003,322.47933625547904
1787823353,9,,Aggregated,5.800000,0.000000,780,1000,1100,1100,1100,2000,11000,17000,53000,66000,66000,3201,0,780,1539.698029592939,709.3514319999485,66251.94962800003,322.4786004373633
1787823354,9,,Aggregated,5.800000,0.000000,780,1000,1100,1100,1100,2000,11000,17000,53000,66000,66000,3207,0,780,1542.5628499382594,709.3514319999485,66251.94962800003,322.47365138758965
1787823355,9,,Aggregated,5.600000,0.000000,780,1000,1100,1100,1100,2000,11000,17000,53000,66000,66000,3212,0,780,1541.5457765731624,709.3514319999485,66251.94962800003,322.4679327521793
1787823356,9,,Aggregated,5.900000,0.000000,780,1000,1100,1100,1100,2000,11000,17000,53000,66000,66000,3219,0,780,1540.0197923227704,709.3514319999485,66251.94962800003,322.4821373097235
1787823357,9,,Aggregated,5.900000,0.000000,780,1000,1100,1100,1100,2000,11000,17000,53000,66000,66000,3224,0,780,1539.3219736938574,709.3514319999485,66251.94962800003,322.4758064516129
1787823358,9,,Aggregated,5.900000,0.000000,780,1000,1100,1100,1100,2000,11000,17000,53000,66000,66000,3230,0,780,1541.0977391086678,709.3514319999485,66251.94962800003,322.46904024767804
1787823359,9,,Aggregated,6.200000,0.000000,780,1000,1100,1100,1100,2000,11000,17000,53000,66000,66000,3236,0,780,1539.8447410352276,709.3514319999485,66251.94962800003,322.4650803461063
1787823360,9,,Aggregated,6.000000,0.000000,780,1000,1100,1100,1100,2000,11000,17000,53000,66000,66000,3243,0,780,1538.369065978414,709.3514319999485,66251.94962800003,322.46654332408264
1787823361,9,,Aggregated,6.000000,0.000000,780,1000,1100,1100,1100,2000,11000,17000,53000,66000,66000,3247,0,780,1537.4898818666452,709.3514319999485,66251.94962800003,322.46258084385585
1787823362,9,,Aggregated,5.900000,0.000000,780,1000,1100,1100,1100,2000,11000,17000,53000,66000,66000,3253,0,780,1536.2229069956954,709.3514319999485,66251.94962800003,322.4595757762066
1787823363,9,,Aggregated,5.900000,0.000000,780,1000,1100,1100,1100,2000,11000,17000,53000,66000,66000,3261,0,780,1543.7366823578648,709.3514319999485,66251.94962800003,322.46335479914137
1787823364,9,,Aggregated,5.900000,0.000000,780,1000,1100,1100,1100,2000,11000,17000,53000,66000,66000,3266,0,780,1542.7168835704222,709.3514319999485,66251.94962800003,322.4577464788732
1787823365,9,,Aggregated,5.900000,0.000000,780,1000,1100,1100,1100,2000,12000,17000,53000,66000,66000,3273,0,780,1544.5184215487318,709.3514319999485,66251.94962800003,322.45279560036664
1787823366,9,,Aggregated,5.900000,0.000000,780,1000,1100,1100,1100,2000,12000,17000,53000,66000,66000,3279,0,780,1548.1390588923448,709.3514319999485,66251.94962800003,322.4467825556572
1787823367,9,,Aggregated,5.900000,0.000000,780,1000,1100,1100,1100,2000,12000,17000,53000,66000,66000,3286,0,780,1546.6934032592815,709.3514319999485,66251.94962800003,322.44704808277544
1787823368,9,,Aggregated,6.300000,0.000000,780,1000,1100,1100,1100,2000,12000,17000,53000,66000,66000,3291,0,780,1545.5962266289876,709.3514319999485,66251.94962800003,322.4551807961106
1787823369,9,,Aggregated,6.000000,0.000000,780,1000,1100,1100,1100,2000,12000,17000,53000,66000,66000,3296,0,780,1544.91665323847,709.3514319999485,66251.94962800003,322.44872572815535
1787823370,9,,Aggregated,6.000000,0.000000,780,1000,1100,1100,1100,2000,12000,17000,53000,66000,66000,3303,0,780,1546.9877545267934,709.3514319999485,66251.94962800003,322.44565546472904
1787823371,9,,Aggregated,6.100000,0.000000,780,1000,1100,1100,1100,2000,12000,17000,53000,66000,66000,3309,0,780,1545.6838166971893,709.3514319999485,66251.94962800003,322.4572378362043
1787823372,9,,Aggregated,6.100000,0.000000,780,1000,1100,1100,1100,2000,12000,17000,53000,66000,66000,3313,0,780,1544.9533081095683,709.3514319999485,66251.94962800003,322.45306368849987
1787823373,9,,Aggregated,5.800000,0.000000,780,1000,1100,1100,1100,2000,12000,17000,53000,66000,66000,3319,0,780,1543.6932839897559,709.3514319999485,66251.94962800003,322.4486291051522
1787823374,9,,Aggregated,6.100000,0.000000,780,1000,1100,1100,1100,2000,12000,17000,53000,66000,66000,3326,0,780,1542.2444373289234,709.3514319999485,66251.94962800003,322.4494888755262
1787823375,9,,Aggregated,6.000000,0.000000,780,1000,1100,1100,1100,2000,12000,17000,53000,66000,66000,3330,0,780,1541.4159498498498,709.3514319999485,66251.94962800003,322.4552552552553
1787823376,9,,Aggregated,6.000000,0.000000,780,1000,1100,1100,1100,2000,12000,17000,53000,66000,66000,3336,0,780,1540.491790809952,709.3514319999485,66251.94962800003,322.45323741007195
1787823377,9,,Aggregated,6.000000,0.000000,780,1000,1100,1100,1100,2000,12000,17000,53000,66000,66000,3342,0,780,1542.473607431179,709.3514319999485,66251.94962800003,322.44763614602033
1787823378,9,,Aggregated,5.600000,0.000000,780,1000,1100,1100,1100,2000,12000,17000,53000,66000,66000,3349,0,780,1541.0190193111378,709.3514319999485,66251.94962800003,322.44819349059424
1787823379,9,,Aggregated,5.800000,0.000000,780,1000,1100,1100,1100,2000,12000,17000,53000,66000,66000,3354,0,780,1539.9460883762672,709.3514319999485,66251.94962800003,322.4552772808587
1787823380,9,,Aggregated,5.800000,0.000000,780,1000,1100,1100,1100,2000,12000,17000,53000,66000,66000,3360,0,780,1541.9056030854167,709.3514319999485,66251.94962800003,322.4529761904762
1787823381,9,,Aggregated,5.700000,0.000000,780,1000,1100,1100,1100,2000,12000,17000,53000,66000,66000,3368,0,780,1540.2361577734562,709.3514319999485,66251.94962800003,322.45486935866984
1787823382,9,,Aggregated,5.800000,0.000000,780,1000,1100,1100,1100,2000,12000,17000,53000,66000,66000,3374,0,780,1543.7626112033197,709.3514319999485,66251.94962800003,322.4487255483106
1787823383,9,,Aggregated,5.800000,0.000000,780,1000,1100,1100,1100,2000,12000,17000,53000,66000,66000,3378,0,780,1542.931582667851,709.3514319999485,66251.94962800003,322.4458259325044
1787823384,9,,Aggregated,5.900000,0.000000,780,1000,1100,1100,1100,2000,12000,17000,53000,66000,66000,3383,0,780,1541.9531653171741,709.3514319999485,66251.94962800003,322.44073307715047
1787823385,9,,Aggregated,6.000000,0.000000,780,1000,1100,1100,1100,2000,12000,17000,53000,66000,66000,3391,0,780,1540.3317870690062,709.3514319999485,66251.94962800003,322.4438218814509
1787823386,9,,Aggregated,5.900000,0.000000,780,1000,1100,1100,1100,2000,12000,17000,53000,66000,66000,3396,0,780,1539.3539786330978,709.3514319999485,66251.94962800003,322.4381625441696
1787823387,9,,Aggregated,6.000000,0.000000,780,1000,1100,1100,1100,2000,12000,17000,53000,66000,66000,3402,0,780,1538.1484743686062,709.3514319999485,66251.94962800003,322.4344503233392
1787823388,9,,Aggregated,6.000000,0.000000,780,1000,1100,1100,1100,2000,12000,17000,53000,66000,66000,3408,0,780,1540.1436248579807,709.3514319999485,66251.94962800003,322.42899061032864
1787823389,9,,Aggregated,5.900000,0.000000,780,1000,1100,1100,1100,2000,12000,17000,53000,66000,66000,3415,0,780,1538.7300360084914,709.3514319999485,66251.94962800003,322.42928257686674
1787823390,9,,Aggregated,5.900000,0.000000,780,1000,1100,1100,1100,2000,12000,17000,53000,66000,66000,3421,0,780,1537.5224017339954,709.3514319999485,66251.94962800003,322.4264834843613
1787823391,9,,Aggregated,6.100000,0.000000,780,1000,1100,1100,1100,2000,12000,17000,53000,66000,66000,3427,0,780,1539.2025131564046,709.3514319999485,66251.94962800003,322.4210679894952
1787823392,9,,Aggregated,6.100000,0.000000,780,1000,1100,1100,1100,2000,12000,17000,53000,66000,66000,3434,0,780,1537.787473528247,709.3514319999485,66251.94962800003,322.4207920792079
1787823393,9,,Aggregated,6.100000,0.000000,780,1000,1100,1100,1100,2000,12000,17000,53000,66000,66000,3439,0,780,1536.7485667068913,709.3514319999485,66251.94962800003,322.4283221866822
1787823394,9,,Aggregated,6.100000,0.000000,780,1000,1100,1100,1100,2000,12000,17000,53000,66000,66000,3444,0,780,1544.6201300708476,709.3514319999485,66251.94962800003,322.42770034843204
1787823395,9,,Aggregated,5.700000,0.000000,780,1000,1100,1100,1100,2000,12000,17000,53000,66000,66000,3449,0,780,1543.6712513456073,709.3514319999485,66251.94962800003,322.4215714699913
1787823396,9,,Aggregated,6.000000,0.000000,780,1000,1100,1100,1100,2000,12000,17000,53000,66000,66000,3457,0,780,1542.079085137113,709.3514319999485,66251.94962800003,322.4240671102112
1787823397,9,,Aggregated,6.000000,0.000000,780,1000,1100,1100,1100,2000,12000,17000,53000,66000,66000,3461,0,780,1541.2824849543483,709.3514319999485,66251.94962800003,322.4302224790523
1787823398,9,,Aggregated,5.800000,0.000000,780,1000,1100,1100,1100,2000,12000,17000,53000,66000,66000,3466,0,780,1540.6458243949799,709.3514319999485,66251.94962800003,322.42440854010385
1787823399,9,,Aggregated,5.900000,0.000000,780,1000,1100,1100,1100,2000,12000,17000,53000,66000,66000,3474,0,780,1543.611046980138,709.3514319999485,66251.94962800003,322.42688543465744
