2026/07/17 10:05:32 Registration for node: (ROME)b3MHRnMrxy9Sryqxax6jfY1784275532904245031 - amd64
2026/07/17 10:05:32 Connecting to etcd
2026/07/17 10:05:32 Connected to etcd
2026/07/17 10:05:32 etcd connection state: READY
2026/07/17 10:05:32 etcd: connected and ready
2026/07/17 10:05:32 Registering to etcd: registry/ROME/__lb/amd64/b3MHRnMrxy9Sryqxax6jfY1784275532904245031
2026/07/17 10:05:32 Found target: 3aoWqmtGSSDJf9LfSAkQVe1784275527904303326
2026/07/17 10:05:32 Found target: BEUb3E3sgknWABkdMbxLz71784275527901819432
2026/07/17 10:05:32 Found target: YwwYVYiDZsPUTZWRYk43oL1784275527901060803
2026/07/17 10:05:32 Found target: cHPEoZusTyaSfwJyKsH6MP1784275527903003381
2026/07/17 10:05:32 Found 4 targets
2026/07/17 10:05:32 Initializing with 4 targets.
2026/07/17 10:05:32 Running ArchitectureAwareLB with 128 replicas per node in the hash rings
2026/07/17 10:05:32 LB mode set to MAB
2026/07/17 10:05:32 [LB][MAB] event=new_machine_tag_discovered tag=arm-tiny arch=amd64 action=create_ring_and_add_mab_arm
2026/07/17 10:05:32 [LB] Adding target arm-tiny
2026/07/17 10:05:32 [LB][MAB] event=new_machine_tag_discovered tag=x86-large/gpu/amd arch=amd64 action=create_ring_and_add_mab_arm
2026/07/17 10:05:32 [LB] Adding target x86-large/gpu/amd
2026/07/17 10:05:32 [LB][MAB] event=new_machine_tag_discovered tag=x86-tiny arch=amd64 action=create_ring_and_add_mab_arm
2026/07/17 10:05:32 [LB] Adding target x86-tiny
2026/07/17 10:05:32 [LB][MAB] event=new_machine_tag_discovered tag=x86-tiny/gpu/nvidia arch=amd64 action=create_ring_and_add_mab_arm
2026/07/17 10:05:32 [LB] Adding target x86-tiny/gpu/nvidia
⇨ http server started on [::]:8080
2026/07/17 10:05:35 [LB]: Periodic targets update
2026/07/17 10:05:35 Found target: 3aoWqmtGSSDJf9LfSAkQVe1784275527904303326
2026/07/17 10:05:35 Found target: BEUb3E3sgknWABkdMbxLz71784275527901819432
2026/07/17 10:05:35 Found target: YwwYVYiDZsPUTZWRYk43oL1784275527901060803
2026/07/17 10:05:35 Found target: cHPEoZusTyaSfwJyKsH6MP1784275527903003381
2026/07/17 10:05:35 Found 4 targets
2026/07/17 10:05:37 [LB] Compatible tag found: function=mab_cost_aware_1784275527 tag=x86-large/gpu/amd arch=amd64 pattern="gpu" ring_size=1
2026/07/17 10:05:37 [LB] Compatible tag found: function=mab_cost_aware_1784275527 tag=x86-tiny/gpu/nvidia arch=amd64 pattern="gpu" ring_size=1
2026/07/17 10:05:37 [LB] Compatible tags for function 'mab_cost_aware_1784275527': [x86-large/gpu/amd x86-tiny/gpu/nvidia]
2026/07/17 10:05:37 [LB][MAB] event=before_select function=mab_cost_aware_1784275527 compatible_tags=[x86-large/gpu/amd x86-tiny/gpu/nvidia] has_context=true
2026/07/17 10:05:37 BanditManager GetBandit: policy type: LinUCB
2026/07/17 10:05:37 Initialized LinUCB bandit for mab_cost_aware_1784275527
2026/07/17 10:05:37 [MAB] event=arm_added ts=1784275537941 policy=LinUCB function=mab_cost_aware_1784275527 arm=arm-tiny arms=[arm-tiny]
2026/07/17 10:05:37 [MAB] event=arm_added ts=1784275537941 policy=LinUCB function=mab_cost_aware_1784275527 arm=x86-large/gpu/amd arms=[arm-tiny,x86-large/gpu/amd]
2026/07/17 10:05:37 [MAB] event=arm_added ts=1784275537941 policy=LinUCB function=mab_cost_aware_1784275527 arm=x86-tiny arms=[arm-tiny,x86-large/gpu/amd,x86-tiny]
2026/07/17 10:05:37 [MAB] event=arm_added ts=1784275537941 policy=LinUCB function=mab_cost_aware_1784275527 arm=x86-tiny/gpu/nvidia arms=[arm-tiny,x86-large/gpu/amd,x86-tiny,x86-tiny/gpu/nvidia]
2026/07/17 10:05:37 [MAB] event=arm_score ts=1784275537942 policy=LinUCB function=mab_cost_aware_1784275527 arm=x86-large/gpu/amd score=0.140723 base_score=0.140723 expected_reward=0.000000 confidence=0.140723 utilization=0.000000 utilization_threshold=0.300000 utilization_penalty=0.000000 utilization_weight=8.000000 utilization_term=0.000000
2026/07/17 10:05:37 [MAB] event=arm_score ts=1784275537942 policy=LinUCB function=mab_cost_aware_1784275527 arm=x86-tiny/gpu/nvidia score=0.140723 base_score=0.140723 expected_reward=0.000000 confidence=0.140723 utilization=0.000000 utilization_threshold=0.300000 utilization_penalty=0.000000 utilization_weight=8.000000 utilization_term=0.000000
2026/07/17 10:05:37 [MAB] event=select_arm ts=1784275537942 policy=LinUCB function=mab_cost_aware_1784275527 selected_arm=x86-large/gpu/amd reason=linucb_score score=0.140723 arms=[x86-large/gpu/amd,x86-tiny/gpu/nvidia]
2026/07/17 10:05:37 [LB][MAB] event=after_select function=mab_cost_aware_1784275527 selected_tag=x86-large/gpu/amd compatible_tags=[x86-large/gpu/amd x86-tiny/gpu/nvidia]
2026/07/17 10:05:37 Candidate has: 256 MB free memory. Function needs: 128 MB
2026/07/17 10:05:37 [LB] Selected target for function 'mab_cost_aware_1784275527': target_tag=x86-large/gpu/amd candidate=BEUb3E3sgknWABkdMbxLz71784275527901819432 candidate_tag=x86-large/gpu/amd
2026/07/17 10:05:38 [LB-Update] Node BEUb3E3sgknWABkdMbxLz71784275527901819432 reported 256 MB free
2026/07/17 10:05:38 [MAB] event=skip_cold_start ts=1784275538447 policy=LinUCB function=mab_cost_aware_1784275527 arm=x86-large/gpu/amd duration_ms=6.786585 reason=cold_start
2026/07/17 10:05:38 [LB] Compatible tag found: function=mab_cost_aware_1784275527 tag=x86-large/gpu/amd arch=amd64 pattern="gpu" ring_size=1
2026/07/17 10:05:38 [LB] Compatible tag found: function=mab_cost_aware_1784275527 tag=x86-tiny/gpu/nvidia arch=amd64 pattern="gpu" ring_size=1
2026/07/17 10:05:38 [LB] Compatible tags for function 'mab_cost_aware_1784275527': [x86-large/gpu/amd x86-tiny/gpu/nvidia]
2026/07/17 10:05:38 [LB][MAB] event=before_select function=mab_cost_aware_1784275527 compatible_tags=[x86-large/gpu/amd x86-tiny/gpu/nvidia] has_context=true
2026/07/17 10:05:38 [MAB] event=arm_score ts=1784275538671 policy=LinUCB function=mab_cost_aware_1784275527 arm=x86-large/gpu/amd score=0.140723 base_score=0.140723 expected_reward=0.000000 confidence=0.140723 utilization=0.000000 utilization_threshold=0.300000 utilization_penalty=0.000000 utilization_weight=8.000000 utilization_term=0.000000
2026/07/17 10:05:38 [MAB] event=arm_score ts=1784275538671 policy=LinUCB function=mab_cost_aware_1784275527 arm=x86-tiny/gpu/nvidia score=0.140723 base_score=0.140723 expected_reward=0.000000 confidence=0.140723 utilization=0.000000 utilization_threshold=0.300000 utilization_penalty=0.000000 utilization_weight=8.000000 utilization_term=0.000000
2026/07/17 10:05:38 [MAB] event=select_arm ts=1784275538671 policy=LinUCB function=mab_cost_aware_1784275527 selected_arm=x86-large/gpu/amd reason=linucb_score score=0.140723 arms=[x86-large/gpu/amd,x86-tiny/gpu/nvidia]
2026/07/17 10:05:38 [LB][MAB] event=after_select function=mab_cost_aware_1784275527 selected_tag=x86-large/gpu/amd compatible_tags=[x86-large/gpu/amd x86-tiny/gpu/nvidia]
2026/07/17 10:05:38 Candidate has: 256 MB free memory. Function needs: 128 MB
2026/07/17 10:05:38 [LB] Selected target for function 'mab_cost_aware_1784275527': target_tag=x86-large/gpu/amd candidate=BEUb3E3sgknWABkdMbxLz71784275527901819432 candidate_tag=x86-large/gpu/amd
2026/07/17 10:05:38 [LB-Update] Node BEUb3E3sgknWABkdMbxLz71784275527901819432 reported 256 MB free
2026/07/17 10:05:38 [MAB] event=reward_breakdown ts=1784275538675 policy=LinUCB function=mab_cost_aware_1784275527 arm=x86-large/gpu/amd base_tag=x86-large architecture=x86 specialization=large capabilities=[gpu,amd] duration_ms=3.010979 latency_reward=-1.102265 cost_weight=0.000000 cost_factor=1.200000 cost_term=0.000000 energy_weight=0.000000 energy_factor=1.200000 energy_term=0.000000 final_reward=-1.102265
2026/07/17 10:05:38 [MAB] event=update_reward ts=1784275538675 policy=LinUCB function=mab_cost_aware_1784275527 arm=x86-large/gpu/amd duration_ms=3.010979 warm_start=true utilization=0.000000 reward=-1.102265
2026/07/17 10:05:38 [LB] Compatible tag found: function=mab_cost_aware_1784275527 tag=x86-large/gpu/amd arch=amd64 pattern="gpu" ring_size=1
2026/07/17 10:05:38 [LB] Compatible tag found: function=mab_cost_aware_1784275527 tag=x86-tiny/gpu/nvidia arch=amd64 pattern="gpu" ring_size=1
2026/07/17 10:05:38 [LB] Compatible tags for function 'mab_cost_aware_1784275527': [x86-large/gpu/amd x86-tiny/gpu/nvidia]
2026/07/17 10:05:38 [LB][MAB] event=before_select function=mab_cost_aware_1784275527 compatible_tags=[x86-large/gpu/amd x86-tiny/gpu/nvidia] has_context=true
2026/07/17 10:05:38 [MAB] event=arm_score ts=1784275538891 policy=LinUCB function=mab_cost_aware_1784275527 arm=x86-large/gpu/amd score=-0.650900 base_score=-0.650900 expected_reward=-0.732414 confidence=0.081515 utilization=0.000000 utilization_threshold=0.300000 utilization_penalty=0.000000 utilization_weight=8.000000 utilization_term=0.000000
2026/07/17 10:05:38 [MAB] event=arm_score ts=1784275538891 policy=LinUCB function=mab_cost_aware_1784275527 arm=x86-tiny/gpu/nvidia score=0.140723 base_score=0.140723 expected_reward=0.000000 confidence=0.140723 utilization=0.000000 utilization_threshold=0.300000 utilization_penalty=0.000000 utilization_weight=8.000000 utilization_term=0.000000
2026/07/17 10:05:38 [MAB] event=select_arm ts=1784275538891 policy=LinUCB function=mab_cost_aware_1784275527 selected_arm=x86-tiny/gpu/nvidia reason=linucb_score score=0.140723 arms=[x86-large/gpu/amd,x86-tiny/gpu/nvidia]
2026/07/17 10:05:38 [LB][MAB] event=after_select function=mab_cost_aware_1784275527 selected_tag=x86-tiny/gpu/nvidia compatible_tags=[x86-large/gpu/amd x86-tiny/gpu/nvidia]
2026/07/17 10:05:38 Candidate has: 512 MB free memory. Function needs: 128 MB
2026/07/17 10:05:38 [LB] Selected target for function 'mab_cost_aware_1784275527': target_tag=x86-tiny/gpu/nvidia candidate=cHPEoZusTyaSfwJyKsH6MP1784275527903003381 candidate_tag=x86-tiny/gpu/nvidia
2026/07/17 10:05:38 [LB]: Periodic targets update
2026/07/17 10:05:38 Found target: 3aoWqmtGSSDJf9LfSAkQVe1784275527904303326
2026/07/17 10:05:38 Found target: BEUb3E3sgknWABkdMbxLz71784275527901819432
2026/07/17 10:05:38 Found target: YwwYVYiDZsPUTZWRYk43oL1784275527901060803
2026/07/17 10:05:38 Found target: cHPEoZusTyaSfwJyKsH6MP1784275527903003381
2026/07/17 10:05:38 Found 4 targets
2026/07/17 10:05:39 [LB-Update] Node cHPEoZusTyaSfwJyKsH6MP1784275527903003381 reported 512 MB free
2026/07/17 10:05:39 [MAB] event=skip_cold_start ts=1784275539366 policy=LinUCB function=mab_cost_aware_1784275527 arm=x86-tiny/gpu/nvidia duration_ms=7.035731 reason=cold_start
2026/07/17 10:05:39 [LB] Compatible tag found: function=mab_cost_aware_1784275527 tag=x86-large/gpu/amd arch=amd64 pattern="gpu" ring_size=1
2026/07/17 10:05:39 [LB] Compatible tag found: function=mab_cost_aware_1784275527 tag=x86-tiny/gpu/nvidia arch=amd64 pattern="gpu" ring_size=1
2026/07/17 10:05:39 [LB] Compatible tags for function 'mab_cost_aware_1784275527': [x86-large/gpu/amd x86-tiny/gpu/nvidia]
2026/07/17 10:05:39 [LB][MAB] event=before_select function=mab_cost_aware_1784275527 compatible_tags=[x86-large/gpu/amd x86-tiny/gpu/nvidia] has_context=true
2026/07/17 10:05:39 [MAB] event=arm_score ts=1784275539584 policy=LinUCB function=mab_cost_aware_1784275527 arm=x86-large/gpu/amd score=-0.650900 base_score=-0.650900 expected_reward=-0.732414 confidence=0.081515 utilization=0.000000 utilization_threshold=0.300000 utilization_penalty=0.000000 utilization_weight=8.000000 utilization_term=0.000000
2026/07/17 10:05:39 [MAB] event=arm_score ts=1784275539584 policy=LinUCB function=mab_cost_aware_1784275527 arm=x86-tiny/gpu/nvidia score=0.140723 base_score=0.140723 expected_reward=0.000000 confidence=0.140723 utilization=0.000000 utilization_threshold=0.300000 utilization_penalty=0.000000 utilization_weight=8.000000 utilization_term=0.000000
2026/07/17 10:05:39 [MAB] event=select_arm ts=1784275539584 policy=LinUCB function=mab_cost_aware_1784275527 selected_arm=x86-tiny/gpu/nvidia reason=linucb_score score=0.140723 arms=[x86-large/gpu/amd,x86-tiny/gpu/nvidia]
2026/07/17 10:05:39 [LB][MAB] event=after_select function=mab_cost_aware_1784275527 selected_tag=x86-tiny/gpu/nvidia compatible_tags=[x86-large/gpu/amd x86-tiny/gpu/nvidia]
2026/07/17 10:05:39 Candidate has: 512 MB free memory. Function needs: 128 MB
2026/07/17 10:05:39 [LB] Selected target for function 'mab_cost_aware_1784275527': target_tag=x86-tiny/gpu/nvidia candidate=cHPEoZusTyaSfwJyKsH6MP1784275527903003381 candidate_tag=x86-tiny/gpu/nvidia
2026/07/17 10:05:39 [LB-Update] Node cHPEoZusTyaSfwJyKsH6MP1784275527903003381 reported 512 MB free
2026/07/17 10:05:39 [MAB] event=reward_breakdown ts=1784275539587 policy=LinUCB function=mab_cost_aware_1784275527 arm=x86-tiny/gpu/nvidia base_tag=x86-tiny architecture=x86 specialization=tiny capabilities=[gpu,nvidia] duration_ms=2.486094 latency_reward=-0.910713 cost_weight=0.000000 cost_factor=1.600000 cost_term=0.000000 energy_weight=0.000000 energy_factor=1.800000 energy_term=0.000000 final_reward=-0.910713
2026/07/17 10:05:39 [MAB] event=update_reward ts=1784275539588 policy=LinUCB function=mab_cost_aware_1784275527 arm=x86-tiny/gpu/nvidia duration_ms=2.486094 warm_start=true utilization=0.000000 reward=-0.910713
2026/07/17 10:05:39 [LB] Compatible tag found: function=mab_cost_aware_1784275527 tag=x86-large/gpu/amd arch=amd64 pattern="gpu" ring_size=1
2026/07/17 10:05:39 [LB] Compatible tag found: function=mab_cost_aware_1784275527 tag=x86-tiny/gpu/nvidia arch=amd64 pattern="gpu" ring_size=1
2026/07/17 10:05:39 [LB] Compatible tags for function 'mab_cost_aware_1784275527': [x86-large/gpu/amd x86-tiny/gpu/nvidia]
2026/07/17 10:05:39 [LB][MAB] event=before_select function=mab_cost_aware_1784275527 compatible_tags=[x86-large/gpu/amd x86-tiny/gpu/nvidia] has_context=true
2026/07/17 10:05:39 [MAB] event=arm_score ts=1784275539809 policy=LinUCB function=mab_cost_aware_1784275527 arm=x86-large/gpu/amd score=-0.650900 base_score=-0.650900 expected_reward=-0.732414 confidence=0.081515 utilization=0.000000 utilization_threshold=0.300000 utilization_penalty=0.000000 utilization_weight=8.000000 utilization_term=0.000000
2026/07/17 10:05:39 [MAB] event=arm_score ts=1784275539809 policy=LinUCB function=mab_cost_aware_1784275527 arm=x86-tiny/gpu/nvidia score=-0.523620 base_score=-0.523620 expected_reward=-0.605135 confidence=0.081515 utilization=0.000000 utilization_threshold=0.300000 utilization_penalty=0.000000 utilization_weight=8.000000 utilization_term=0.000000
2026/07/17 10:05:39 [MAB] event=select_arm ts=1784275539809 policy=LinUCB function=mab_cost_aware_1784275527 selected_arm=x86-tiny/gpu/nvidia reason=linucb_score score=-0.523620 arms=[x86-large/gpu/amd,x86-tiny/gpu/nvidia]
2026/07/17 10:05:39 [LB][MAB] event=after_select function=mab_cost_aware_1784275527 selected_tag=x86-tiny/gpu/nvidia compatible_tags=[x86-large/gpu/amd x86-tiny/gpu/nvidia]
2026/07/17 10:05:39 Candidate has: 512 MB free memory. Function needs: 128 MB
2026/07/17 10:05:39 [LB] Selected target for function 'mab_cost_aware_1784275527': target_tag=x86-tiny/gpu/nvidia candidate=cHPEoZusTyaSfwJyKsH6MP1784275527903003381 candidate_tag=x86-tiny/gpu/nvidia
2026/07/17 10:05:39 [LB-Update] Node cHPEoZusTyaSfwJyKsH6MP1784275527903003381 reported 512 MB free
2026/07/17 10:05:39 [MAB] event=reward_breakdown ts=1784275539813 policy=LinUCB function=mab_cost_aware_1784275527 arm=x86-tiny/gpu/nvidia base_tag=x86-tiny architecture=x86 specialization=tiny capabilities=[gpu,nvidia] duration_ms=3.144675 latency_reward=-1.145711 cost_weight=0.000000 cost_factor=1.600000 cost_term=0.000000 energy_weight=0.000000 energy_factor=1.800000 energy_term=0.000000 final_reward=-1.145711
2026/07/17 10:05:39 [MAB] event=update_reward ts=1784275539813 policy=LinUCB function=mab_cost_aware_1784275527 arm=x86-tiny/gpu/nvidia duration_ms=3.144675 warm_start=true utilization=0.000000 reward=-1.145711
2026/07/17 10:05:40 [LB] Compatible tag found: function=mab_cost_aware_1784275527 tag=x86-large/gpu/amd arch=amd64 pattern="gpu" ring_size=1
2026/07/17 10:05:40 [LB] Compatible tag found: function=mab_cost_aware_1784275527 tag=x86-tiny/gpu/nvidia arch=amd64 pattern="gpu" ring_size=1
2026/07/17 10:05:40 [LB] Compatible tags for function 'mab_cost_aware_1784275527': [x86-large/gpu/amd x86-tiny/gpu/nvidia]
2026/07/17 10:05:40 [LB][MAB] event=before_select function=mab_cost_aware_1784275527 compatible_tags=[x86-large/gpu/amd x86-tiny/gpu/nvidia] has_context=true
2026/07/17 10:05:40 [MAB] event=arm_score ts=1784275540033 policy=LinUCB function=mab_cost_aware_1784275527 arm=x86-large/gpu/amd score=-0.650900 base_score=-0.650900 expected_reward=-0.732414 confidence=0.081515 utilization=0.000000 utilization_threshold=0.300000 utilization_penalty=0.000000 utilization_weight=8.000000 utilization_term=0.000000
2026/07/17 10:05:40 [MAB] event=arm_score ts=1784275540033 policy=LinUCB function=mab_cost_aware_1784275527 arm=x86-tiny/gpu/nvidia score=-0.757753 base_score=-0.757753 expected_reward=-0.820936 confidence=0.063183 utilization=0.000000 utilization_threshold=0.300000 utilization_penalty=0.000000 utilization_weight=8.000000 utilization_term=0.000000
2026/07/17 10:05:40 [MAB] event=select_arm ts=1784275540033 policy=LinUCB function=mab_cost_aware_1784275527 selected_arm=x86-large/gpu/amd reason=linucb_score score=-0.650900 arms=[x86-large/gpu/amd,x86-tiny/gpu/nvidia]
2026/07/17 10:05:40 [LB][MAB] event=after_select function=mab_cost_aware_1784275527 selected_tag=x86-large/gpu/amd compatible_tags=[x86-large/gpu/amd x86-tiny/gpu/nvidia]
2026/07/17 10:05:40 Candidate has: 256 MB free memory. Function needs: 128 MB
2026/07/17 10:05:40 [LB] Selected target for function 'mab_cost_aware_1784275527': target_tag=x86-large/gpu/amd candidate=BEUb3E3sgknWABkdMbxLz71784275527901819432 candidate_tag=x86-large/gpu/amd
2026/07/17 10:05:40 [LB-Update] Node BEUb3E3sgknWABkdMbxLz71784275527901819432 reported 256 MB free
2026/07/17 10:05:40 [MAB] event=reward_breakdown ts=1784275540037 policy=LinUCB function=mab_cost_aware_1784275527 arm=x86-large/gpu/amd base_tag=x86-large architecture=x86 specialization=large capabilities=[gpu,amd] duration_ms=3.240781 latency_reward=-1.175814 cost_weight=0.000000 cost_factor=1.200000 cost_term=0.000000 energy_weight=0.000000 energy_factor=1.200000 energy_term=0.000000 final_reward=-1.175814
2026/07/17 10:05:40 [MAB] event=update_reward ts=1784275540037 policy=LinUCB function=mab_cost_aware_1784275527 arm=x86-large/gpu/amd duration_ms=3.240781 warm_start=true utilization=0.000000 reward=-1.175814
2026/07/17 10:05:40 [LB] Compatible tag found: function=mab_cost_aware_1784275527 tag=x86-large/gpu/amd arch=amd64 pattern="gpu" ring_size=1
2026/07/17 10:05:40 [LB] Compatible tag found: function=mab_cost_aware_1784275527 tag=x86-tiny/gpu/nvidia arch=amd64 pattern="gpu" ring_size=1
2026/07/17 10:05:40 [LB] Compatible tags for function 'mab_cost_aware_1784275527': [x86-large/gpu/amd x86-tiny/gpu/nvidia]
2026/07/17 10:05:40 [LB][MAB] event=before_select function=mab_cost_aware_1784275527 compatible_tags=[x86-large/gpu/amd x86-tiny/gpu/nvidia] has_context=true
2026/07/17 10:05:40 [MAB] event=arm_score ts=1784275540258 policy=LinUCB function=mab_cost_aware_1784275527 arm=x86-large/gpu/amd score=-0.846239 base_score=-0.846239 expected_reward=-0.909422 confidence=0.063183 utilization=0.000000 utilization_threshold=0.300000 utilization_penalty=0.000000 utilization_weight=8.000000 utilization_term=0.000000
2026/07/17 10:05:40 [MAB] event=arm_score ts=1784275540258 policy=LinUCB function=mab_cost_aware_1784275527 arm=x86-tiny/gpu/nvidia score=-0.757753 base_score=-0.757753 expected_reward=-0.820936 confidence=0.063183 utilization=0.000000 utilization_threshold=0.300000 utilization_penalty=0.000000 utilization_weight=8.000000 utilization_term=0.000000
2026/07/17 10:05:40 [MAB] event=select_arm ts=1784275540258 policy=LinUCB function=mab_cost_aware_1784275527 selected_arm=x86-tiny/gpu/nvidia reason=linucb_score score=-0.757753 arms=[x86-large/gpu/amd,x86-tiny/gpu/nvidia]
2026/07/17 10:05:40 [LB][MAB] event=after_select function=mab_cost_aware_1784275527 selected_tag=x86-tiny/gpu/nvidia compatible_tags=[x86-large/gpu/amd x86-tiny/gpu/nvidia]
2026/07/17 10:05:40 Candidate has: 512 MB free memory. Function needs: 128 MB
2026/07/17 10:05:40 [LB] Selected target for function 'mab_cost_aware_1784275527': target_tag=x86-tiny/gpu/nvidia candidate=cHPEoZusTyaSfwJyKsH6MP1784275527903003381 candidate_tag=x86-tiny/gpu/nvidia
2026/07/17 10:05:40 [LB-Update] Node cHPEoZusTyaSfwJyKsH6MP1784275527903003381 reported 512 MB free
2026/07/17 10:05:40 [MAB] event=reward_breakdown ts=1784275540262 policy=LinUCB function=mab_cost_aware_1784275527 arm=x86-tiny/gpu/nvidia base_tag=x86-tiny architecture=x86 specialization=tiny capabilities=[gpu,nvidia] duration_ms=3.106823 latency_reward=-1.133601 cost_weight=0.000000 cost_factor=1.600000 cost_term=0.000000 energy_weight=0.000000 energy_factor=1.800000 energy_term=0.000000 final_reward=-1.133601
2026/07/17 10:05:40 [MAB] event=update_reward ts=1784275540262 policy=LinUCB function=mab_cost_aware_1784275527 arm=x86-tiny/gpu/nvidia duration_ms=3.106823 warm_start=true utilization=0.000000 reward=-1.133601
2026/07/17 10:05:40 [LB] Compatible tag found: function=mab_cost_aware_1784275527 tag=x86-large/gpu/amd arch=amd64 pattern="gpu" ring_size=1
2026/07/17 10:05:40 [LB] Compatible tag found: function=mab_cost_aware_1784275527 tag=x86-tiny/gpu/nvidia arch=amd64 pattern="gpu" ring_size=1
2026/07/17 10:05:40 [LB] Compatible tags for function 'mab_cost_aware_1784275527': [x86-large/gpu/amd x86-tiny/gpu/nvidia]
2026/07/17 10:05:40 [LB][MAB] event=before_select function=mab_cost_aware_1784275527 compatible_tags=[x86-large/gpu/amd x86-tiny/gpu/nvidia] has_context=true
2026/07/17 10:05:40 [MAB] event=arm_score ts=1784275540478 policy=LinUCB function=mab_cost_aware_1784275527 arm=x86-large/gpu/amd score=-0.846239 base_score=-0.846239 expected_reward=-0.909422 confidence=0.063183 utilization=0.000000 utilization_threshold=0.300000 utilization_penalty=0.000000 utilization_weight=8.000000 utilization_term=0.000000
2026/07/17 10:05:40 [MAB] event=arm_score ts=1784275540478 policy=LinUCB function=mab_cost_aware_1784275527 arm=x86-tiny/gpu/nvidia score=-0.856727 base_score=-0.856727 expected_reward=-0.910142 confidence=0.053414 utilization=0.000000 utilization_threshold=0.300000 utilization_penalty=0.000000 utilization_weight=8.000000 utilization_term=0.000000
2026/07/17 10:05:40 [MAB] event=select_arm ts=1784275540478 policy=LinUCB function=mab_cost_aware_1784275527 selected_arm=x86-large/gpu/amd reason=linucb_score score=-0.846239 arms=[x86-large/gpu/amd,x86-tiny/gpu/nvidia]
2026/07/17 10:05:40 [LB][MAB] event=after_select function=mab_cost_aware_1784275527 selected_tag=x86-large/gpu/amd compatible_tags=[x86-large/gpu/amd x86-tiny/gpu/nvidia]
2026/07/17 10:05:40 Candidate has: 256 MB free memory. Function needs: 128 MB
2026/07/17 10:05:40 [LB] Selected target for function 'mab_cost_aware_1784275527': target_tag=x86-large/gpu/amd candidate=BEUb3E3sgknWABkdMbxLz71784275527901819432 candidate_tag=x86-large/gpu/amd
2026/07/17 10:05:40 [LB-Update] Node BEUb3E3sgknWABkdMbxLz71784275527901819432 reported 256 MB free
2026/07/17 10:05:40 [MAB] event=reward_breakdown ts=1784275540481 policy=LinUCB function=mab_cost_aware_1784275527 arm=x86-large/gpu/amd base_tag=x86-large architecture=x86 specialization=large capabilities=[gpu,amd] duration_ms=2.443280 latency_reward=-0.893341 cost_weight=0.000000 cost_factor=1.200000 cost_term=0.000000 energy_weight=0.000000 energy_factor=1.200000 energy_term=0.000000 final_reward=-0.893341
2026/07/17 10:05:40 [MAB] event=update_reward ts=1784275540481 policy=LinUCB function=mab_cost_aware_1784275527 arm=x86-large/gpu/amd duration_ms=2.443280 warm_start=true utilization=0.000000 reward=-0.893341
2026/07/17 10:05:40 [LB] Compatible tag found: function=mab_cost_aware_1784275527 tag=x86-large/gpu/amd arch=amd64 pattern="gpu" ring_size=1
2026/07/17 10:05:40 [LB] Compatible tag found: function=mab_cost_aware_1784275527 tag=x86-tiny/gpu/nvidia arch=amd64 pattern="gpu" ring_size=1
2026/07/17 10:05:40 [LB] Compatible tags for function 'mab_cost_aware_1784275527': [x86-large/gpu/amd x86-tiny/gpu/nvidia]
2026/07/17 10:05:40 [LB][MAB] event=before_select function=mab_cost_aware_1784275527 compatible_tags=[x86-large/gpu/amd x86-tiny/gpu/nvidia] has_context=true
2026/07/17 10:05:40 [MAB] event=arm_score ts=1784275540701 policy=LinUCB function=mab_cost_aware_1784275527 arm=x86-large/gpu/amd score=-0.851420 base_score=-0.851420 expected_reward=-0.904834 confidence=0.053414 utilization=0.000000 utilization_threshold=0.300000 utilization_penalty=0.000000 utilization_weight=8.000000 utilization_term=0.000000
2026/07/17 10:05:40 [MAB] event=arm_score ts=1784275540702 policy=LinUCB function=mab_cost_aware_1784275527 arm=x86-tiny/gpu/nvidia score=-0.856727 base_score=-0.856727 expected_reward=-0.910142 confidence=0.053414 utilization=0.000000 utilization_threshold=0.300000 utilization_penalty=0.000000 utilization_weight=8.000000 utilization_term=0.000000
2026/07/17 10:05:40 [MAB] event=select_arm ts=1784275540702 policy=LinUCB function=mab_cost_aware_1784275527 selected_arm=x86-large/gpu/amd reason=linucb_score score=-0.851420 arms=[x86-large/gpu/amd,x86-tiny/gpu/nvidia]
2026/07/17 10:05:40 [LB][MAB] event=after_select function=mab_cost_aware_1784275527 selected_tag=x86-large/gpu/amd compatible_tags=[x86-large/gpu/amd x86-tiny/gpu/nvidia]
2026/07/17 10:05:40 Candidate has: 256 MB free memory. Function needs: 128 MB
2026/07/17 10:05:40 [LB] Selected target for function 'mab_cost_aware_1784275527': target_tag=x86-large/gpu/amd candidate=BEUb3E3sgknWABkdMbxLz71784275527901819432 candidate_tag=x86-large/gpu/amd
2026/07/17 10:05:40 [LB-Update] Node BEUb3E3sgknWABkdMbxLz71784275527901819432 reported 256 MB free
2026/07/17 10:05:40 [MAB] event=reward_breakdown ts=1784275540705 policy=LinUCB function=mab_cost_aware_1784275527 arm=x86-large/gpu/amd base_tag=x86-large architecture=x86 specialization=large capabilities=[gpu,amd] duration_ms=2.359840 latency_reward=-0.858594 cost_weight=0.000000 cost_factor=1.200000 cost_term=0.000000 energy_weight=0.000000 energy_factor=1.200000 energy_term=0.000000 final_reward=-0.858594
2026/07/17 10:05:40 [MAB] event=update_reward ts=1784275540705 policy=LinUCB function=mab_cost_aware_1784275527 arm=x86-large/gpu/amd duration_ms=2.359840 warm_start=true utilization=0.000000 reward=-0.858594
2026/07/17 10:05:40 [LB] Compatible tag found: function=mab_cost_aware_1784275527 tag=x86-large/gpu/amd arch=amd64 pattern="gpu" ring_size=1
2026/07/17 10:05:40 [LB] Compatible tag found: function=mab_cost_aware_1784275527 tag=x86-tiny/gpu/nvidia arch=amd64 pattern="gpu" ring_size=1
2026/07/17 10:05:40 [LB] Compatible tags for function 'mab_cost_aware_1784275527': [x86-large/gpu/amd x86-tiny/gpu/nvidia]
2026/07/17 10:05:40 [LB][MAB] event=before_select function=mab_cost_aware_1784275527 compatible_tags=[x86-large/gpu/amd x86-tiny/gpu/nvidia] has_context=true
2026/07/17 10:05:40 [MAB] event=arm_score ts=1784275540928 policy=LinUCB function=mab_cost_aware_1784275527 arm=x86-large/gpu/amd score=-0.847455 base_score=-0.847455 expected_reward=-0.894570 confidence=0.047114 utilization=0.000000 utilization_threshold=0.300000 utilization_penalty=0.000000 utilization_weight=8.000000 utilization_term=0.000000
2026/07/17 10:05:40 [MAB] event=arm_score ts=1784275540928 policy=LinUCB function=mab_cost_aware_1784275527 arm=x86-tiny/gpu/nvidia score=-0.856727 base_score=-0.856727 expected_reward=-0.910142 confidence=0.053414 utilization=0.000000 utilization_threshold=0.300000 utilization_penalty=0.000000 utilization_weight=8.000000 utilization_term=0.000000
2026/07/17 10:05:40 [MAB] event=select_arm ts=1784275540928 policy=LinUCB function=mab_cost_aware_1784275527 selected_arm=x86-large/gpu/amd reason=linucb_score score=-0.847455 arms=[x86-large/gpu/amd,x86-tiny/gpu/nvidia]
2026/07/17 10:05:40 [LB][MAB] event=after_select function=mab_cost_aware_1784275527 selected_tag=x86-large/gpu/amd compatible_tags=[x86-large/gpu/amd x86-tiny/gpu/nvidia]
2026/07/17 10:05:40 Candidate has: 256 MB free memory. Function needs: 128 MB
2026/07/17 10:05:40 [LB] Selected target for function 'mab_cost_aware_1784275527': target_tag=x86-large/gpu/amd candidate=BEUb3E3sgknWABkdMbxLz71784275527901819432 candidate_tag=x86-large/gpu/amd
2026/07/17 10:05:40 [LB-Update] Node BEUb3E3sgknWABkdMbxLz71784275527901819432 reported 256 MB free
2026/07/17 10:05:40 [MAB] event=reward_breakdown ts=1784275540934 policy=LinUCB function=mab_cost_aware_1784275527 arm=x86-large/gpu/amd base_tag=x86-large architecture=x86 specialization=large capabilities=[gpu,amd] duration_ms=4.646669 latency_reward=-1.536151 cost_weight=0.000000 cost_factor=1.200000 cost_term=0.000000 energy_weight=0.000000 energy_factor=1.200000 energy_term=0.000000 final_reward=-1.536151
2026/07/17 10:05:40 [MAB] event=update_reward ts=1784275540934 policy=LinUCB function=mab_cost_aware_1784275527 arm=x86-large/gpu/amd duration_ms=4.646669 warm_start=true utilization=0.000000 reward=-1.536151
2026/07/17 10:05:41 [LB] Compatible tag found: function=mab_cost_aware_1784275527 tag=x86-large/gpu/amd arch=amd64 pattern="gpu" ring_size=1
2026/07/17 10:05:41 [LB] Compatible tag found: function=mab_cost_aware_1784275527 tag=x86-tiny/gpu/nvidia arch=amd64 pattern="gpu" ring_size=1
2026/07/17 10:05:41 [LB] Compatible tags for function 'mab_cost_aware_1784275527': [x86-large/gpu/amd x86-tiny/gpu/nvidia]
2026/07/17 10:05:41 [LB][MAB] event=before_select function=mab_cost_aware_1784275527 compatible_tags=[x86-large/gpu/amd x86-tiny/gpu/nvidia] has_context=true
2026/07/17 10:05:41 [MAB] event=arm_score ts=1784275541152 policy=LinUCB function=mab_cost_aware_1784275527 arm=x86-large/gpu/amd score=-0.968495 base_score=-0.968495 expected_reward=-1.011115 confidence=0.042621 utilization=0.000000 utilization_threshold=0.300000 utilization_penalty=0.000000 utilization_weight=8.000000 utilization_term=0.000000
2026/07/17 10:05:41 [MAB] event=arm_score ts=1784275541152 policy=LinUCB function=mab_cost_aware_1784275527 arm=x86-tiny/gpu/nvidia score=-0.856727 base_score=-0.856727 expected_reward=-0.910142 confidence=0.053414 utilization=0.000000 utilization_threshold=0.300000 utilization_penalty=0.000000 utilization_weight=8.000000 utilization_term=0.000000
2026/07/17 10:05:41 [MAB] event=select_arm ts=1784275541152 policy=LinUCB function=mab_cost_aware_1784275527 selected_arm=x86-tiny/gpu/nvidia reason=linucb_score score=-0.856727 arms=[x86-large/gpu/amd,x86-tiny/gpu/nvidia]
2026/07/17 10:05:41 [LB][MAB] event=after_select function=mab_cost_aware_1784275527 selected_tag=x86-tiny/gpu/nvidia compatible_tags=[x86-large/gpu/amd x86-tiny/gpu/nvidia]
2026/07/17 10:05:41 Candidate has: 512 MB free memory. Function needs: 128 MB
2026/07/17 10:05:41 [LB] Selected target for function 'mab_cost_aware_1784275527': target_tag=x86-tiny/gpu/nvidia candidate=cHPEoZusTyaSfwJyKsH6MP1784275527903003381 candidate_tag=x86-tiny/gpu/nvidia
2026/07/17 10:05:41 [LB-Update] Node cHPEoZusTyaSfwJyKsH6MP1784275527903003381 reported 512 MB free
2026/07/17 10:05:41 [MAB] event=reward_breakdown ts=1784275541155 policy=LinUCB function=mab_cost_aware_1784275527 arm=x86-tiny/gpu/nvidia base_tag=x86-tiny architecture=x86 specialization=tiny capabilities=[gpu,nvidia] duration_ms=1.753851 latency_reward=-0.561814 cost_weight=0.000000 cost_factor=1.600000 cost_term=0.000000 energy_weight=0.000000 energy_factor=1.800000 energy_term=0.000000 final_reward=-0.561814
2026/07/17 10:05:41 [MAB] event=update_reward ts=1784275541155 policy=LinUCB function=mab_cost_aware_1784275527 arm=x86-tiny/gpu/nvidia duration_ms=1.753851 warm_start=true utilization=0.000000 reward=-0.561814
2026/07/17 10:05:41 [LB] Compatible tag found: function=mab_cost_aware_1784275527 tag=x86-large/gpu/amd arch=amd64 pattern="gpu" ring_size=1
2026/07/17 10:05:41 [LB] Compatible tag found: function=mab_cost_aware_1784275527 tag=x86-tiny/gpu/nvidia arch=amd64 pattern="gpu" ring_size=1
2026/07/17 10:05:41 [LB] Compatible tags for function 'mab_cost_aware_1784275527': [x86-large/gpu/amd x86-tiny/gpu/nvidia]
2026/07/17 10:05:41 [LB][MAB] event=before_select function=mab_cost_aware_1784275527 compatible_tags=[x86-large/gpu/amd x86-tiny/gpu/nvidia] has_context=true
2026/07/17 10:05:41 [MAB] event=arm_score ts=1784275541373 policy=LinUCB function=mab_cost_aware_1784275527 arm=x86-large/gpu/amd score=-0.968495 base_score=-0.968495 expected_reward=-1.011115 confidence=0.042621 utilization=0.000000 utilization_threshold=0.300000 utilization_penalty=0.000000 utilization_weight=8.000000 utilization_term=0.000000
2026/07/17 10:05:41 [MAB] event=arm_score ts=1784275541373 policy=LinUCB function=mab_cost_aware_1784275527 arm=x86-tiny/gpu/nvidia score=-0.785707 base_score=-0.785707 expected_reward=-0.832821 confidence=0.047114 utilization=0.000000 utilization_threshold=0.300000 utilization_penalty=0.000000 utilization_weight=8.000000 utilization_term=0.000000
2026/07/17 10:05:41 [MAB] event=select_arm ts=1784275541373 policy=LinUCB function=mab_cost_aware_1784275527 selected_arm=x86-tiny/gpu/nvidia reason=linucb_score score=-0.785707 arms=[x86-large/gpu/amd,x86-tiny/gpu/nvidia]
2026/07/17 10:05:41 [LB][MAB] event=after_select function=mab_cost_aware_1784275527 selected_tag=x86-tiny/gpu/nvidia compatible_tags=[x86-large/gpu/amd x86-tiny/gpu/nvidia]
2026/07/17 10:05:41 Candidate has: 512 MB free memory. Function needs: 128 MB
2026/07/17 10:05:41 [LB] Selected target for function 'mab_cost_aware_1784275527': target_tag=x86-tiny/gpu/nvidia candidate=cHPEoZusTyaSfwJyKsH6MP1784275527903003381 candidate_tag=x86-tiny/gpu/nvidia
2026/07/17 10:05:41 [LB-Update] Node cHPEoZusTyaSfwJyKsH6MP1784275527903003381 reported 512 MB free
2026/07/17 10:05:41 [MAB] event=reward_breakdown ts=1784275541378 policy=LinUCB function=mab_cost_aware_1784275527 arm=x86-tiny/gpu/nvidia base_tag=x86-tiny architecture=x86 specialization=tiny capabilities=[gpu,nvidia] duration_ms=3.434544 latency_reward=-1.233884 cost_weight=0.000000 cost_factor=1.600000 cost_term=0.000000 energy_weight=0.000000 energy_factor=1.800000 energy_term=0.000000 final_reward=-1.233884
2026/07/17 10:05:41 [MAB] event=update_reward ts=1784275541378 policy=LinUCB function=mab_cost_aware_1784275527 arm=x86-tiny/gpu/nvidia duration_ms=3.434544 warm_start=true utilization=0.000000 reward=-1.233884
2026/07/17 10:05:41 [LB] Compatible tag found: function=mab_cost_aware_1784275527 tag=x86-large/gpu/amd arch=amd64 pattern="gpu" ring_size=1
2026/07/17 10:05:41 [LB] Compatible tag found: function=mab_cost_aware_1784275527 tag=x86-tiny/gpu/nvidia arch=amd64 pattern="gpu" ring_size=1
2026/07/17 10:05:41 [LB] Compatible tags for function 'mab_cost_aware_1784275527': [x86-large/gpu/amd x86-tiny/gpu/nvidia]
2026/07/17 10:05:41 [LB][MAB] event=before_select function=mab_cost_aware_1784275527 compatible_tags=[x86-large/gpu/amd x86-tiny/gpu/nvidia] has_context=true
2026/07/17 10:05:41 [MAB] event=arm_score ts=1784275541598 policy=LinUCB function=mab_cost_aware_1784275527 arm=x86-large/gpu/amd score=-0.968495 base_score=-0.968495 expected_reward=-1.011115 confidence=0.042621 utilization=0.000000 utilization_threshold=0.300000 utilization_penalty=0.000000 utilization_weight=8.000000 utilization_term=0.000000
2026/07/17 10:05:41 [MAB] event=arm_score ts=1784275541598 policy=LinUCB function=mab_cost_aware_1784275527 arm=x86-tiny/gpu/nvidia score=-0.863055 base_score=-0.863055 expected_reward=-0.905676 confidence=0.042621 utilization=0.000000 utilization_threshold=0.300000 utilization_penalty=0.000000 utilization_weight=8.000000 utilization_term=0.000000
2026/07/17 10:05:41 [MAB] event=select_arm ts=1784275541598 policy=LinUCB function=mab_cost_aware_1784275527 selected_arm=x86-tiny/gpu/nvidia reason=linucb_score score=-0.863055 arms=[x86-large/gpu/amd,x86-tiny/gpu/nvidia]
2026/07/17 10:05:41 [LB][MAB] event=after_select function=mab_cost_aware_1784275527 selected_tag=x86-tiny/gpu/nvidia compatible_tags=[x86-large/gpu/amd x86-tiny/gpu/nvidia]
2026/07/17 10:05:41 Candidate has: 512 MB free memory. Function needs: 128 MB
2026/07/17 10:05:41 [LB] Selected target for function 'mab_cost_aware_1784275527': target_tag=x86-tiny/gpu/nvidia candidate=cHPEoZusTyaSfwJyKsH6MP1784275527903003381 candidate_tag=x86-tiny/gpu/nvidia
2026/07/17 10:05:41 [LB-Update] Node cHPEoZusTyaSfwJyKsH6MP1784275527903003381 reported 512 MB free
2026/07/17 10:05:41 [MAB] event=reward_breakdown ts=1784275541603 policy=LinUCB function=mab_cost_aware_1784275527 arm=x86-tiny/gpu/nvidia base_tag=x86-tiny architecture=x86 specialization=tiny capabilities=[gpu,nvidia] duration_ms=3.338296 latency_reward=-1.205460 cost_weight=0.000000 cost_factor=1.600000 cost_term=0.000000 energy_weight=0.000000 energy_factor=1.800000 energy_term=0.000000 final_reward=-1.205460
2026/07/17 10:05:41 [MAB] event=update_reward ts=1784275541603 policy=LinUCB function=mab_cost_aware_1784275527 arm=x86-tiny/gpu/nvidia duration_ms=3.338296 warm_start=true utilization=0.000000 reward=-1.205460
2026/07/17 10:05:41 [LB] Compatible tag found: function=mab_cost_aware_1784275527 tag=x86-large/gpu/amd arch=amd64 pattern="gpu" ring_size=1
2026/07/17 10:05:41 [LB] Compatible tag found: function=mab_cost_aware_1784275527 tag=x86-tiny/gpu/nvidia arch=amd64 pattern="gpu" ring_size=1
2026/07/17 10:05:41 [LB] Compatible tags for function 'mab_cost_aware_1784275527': [x86-large/gpu/amd x86-tiny/gpu/nvidia]
2026/07/17 10:05:41 [LB][MAB] event=before_select function=mab_cost_aware_1784275527 compatible_tags=[x86-large/gpu/amd x86-tiny/gpu/nvidia] has_context=true
2026/07/17 10:05:41 [MAB] event=arm_score ts=1784275541813 policy=LinUCB function=mab_cost_aware_1784275527 arm=x86-large/gpu/amd score=-0.968495 base_score=-0.968495 expected_reward=-1.011115 confidence=0.042621 utilization=0.000000 utilization_threshold=0.300000 utilization_penalty=0.000000 utilization_weight=8.000000 utilization_term=0.000000
2026/07/17 10:05:41 [MAB] event=arm_score ts=1784275541813 policy=LinUCB function=mab_cost_aware_1784275527 arm=x86-tiny/gpu/nvidia score=-0.912553 base_score=-0.912553 expected_reward=-0.951761 confidence=0.039208 utilization=0.000000 utilization_threshold=0.300000 utilization_penalty=0.000000 utilization_weight=8.000000 utilization_term=0.000000
2026/07/17 10:05:41 [MAB] event=select_arm ts=1784275541813 policy=LinUCB function=mab_cost_aware_1784275527 selected_arm=x86-tiny/gpu/nvidia reason=linucb_score score=-0.912553 arms=[x86-large/gpu/amd,x86-tiny/gpu/nvidia]
2026/07/17 10:05:41 [LB][MAB] event=after_select function=mab_cost_aware_1784275527 selected_tag=x86-tiny/gpu/nvidia compatible_tags=[x86-large/gpu/amd x86-tiny/gpu/nvidia]
2026/07/17 10:05:41 Candidate has: 512 MB free memory. Function needs: 128 MB
2026/07/17 10:05:41 [LB] Selected target for function 'mab_cost_aware_1784275527': target_tag=x86-tiny/gpu/nvidia candidate=cHPEoZusTyaSfwJyKsH6MP1784275527903003381 candidate_tag=x86-tiny/gpu/nvidia
2026/07/17 10:05:41 [LB-Update] Node cHPEoZusTyaSfwJyKsH6MP1784275527903003381 reported 512 MB free
2026/07/17 10:05:41 [MAB] event=reward_breakdown ts=1784275541815 policy=LinUCB function=mab_cost_aware_1784275527 arm=x86-tiny/gpu/nvidia base_tag=x86-tiny architecture=x86 specialization=tiny capabilities=[gpu,nvidia] duration_ms=1.761432 latency_reward=-0.566127 cost_weight=0.000000 cost_factor=1.600000 cost_term=0.000000 energy_weight=0.000000 energy_factor=1.800000 energy_term=0.000000 final_reward=-0.566127
2026/07/17 10:05:41 [MAB] event=update_reward ts=1784275541815 policy=LinUCB function=mab_cost_aware_1784275527 arm=x86-tiny/gpu/nvidia duration_ms=1.761432 warm_start=true utilization=0.000000 reward=-0.566127
2026/07/17 10:05:41 [LB]: Periodic targets update
2026/07/17 10:05:41 Found target: 3aoWqmtGSSDJf9LfSAkQVe1784275527904303326
2026/07/17 10:05:41 Found target: BEUb3E3sgknWABkdMbxLz71784275527901819432
2026/07/17 10:05:41 Found target: YwwYVYiDZsPUTZWRYk43oL1784275527901060803
2026/07/17 10:05:41 Found target: cHPEoZusTyaSfwJyKsH6MP1784275527903003381
2026/07/17 10:05:41 Found 4 targets
2026/07/17 10:05:42 [LB] Compatible tag found: function=mab_cost_aware_1784275527 tag=x86-large/gpu/amd arch=amd64 pattern="gpu" ring_size=1
2026/07/17 10:05:42 [LB] Compatible tag found: function=mab_cost_aware_1784275527 tag=x86-tiny/gpu/nvidia arch=amd64 pattern="gpu" ring_size=1
2026/07/17 10:05:42 [LB] Compatible tags for function 'mab_cost_aware_1784275527': [x86-large/gpu/amd x86-tiny/gpu/nvidia]
2026/07/17 10:05:42 [LB][MAB] event=before_select function=mab_cost_aware_1784275527 compatible_tags=[x86-large/gpu/amd x86-tiny/gpu/nvidia] has_context=true
2026/07/17 10:05:42 [MAB] event=arm_score ts=1784275542037 policy=LinUCB function=mab_cost_aware_1784275527 arm=x86-large/gpu/amd score=-0.968495 base_score=-0.968495 expected_reward=-1.011115 confidence=0.042621 utilization=0.000000 utilization_threshold=0.300000 utilization_penalty=0.000000 utilization_weight=8.000000 utilization_term=0.000000
2026/07/17 10:05:42 [MAB] event=arm_score ts=1784275542037 policy=LinUCB function=mab_cost_aware_1784275527 arm=x86-tiny/gpu/nvidia score=-0.863875 base_score=-0.863875 expected_reward=-0.900377 confidence=0.036503 utilization=0.000000 utilization_threshold=0.300000 utilization_penalty=0.000000 utilization_weight=8.000000 utilization_term=0.000000
2026/07/17 10:05:42 [MAB] event=select_arm ts=1784275542037 policy=LinUCB function=mab_cost_aware_1784275527 selected_arm=x86-tiny/gpu/nvidia reason=linucb_score score=-0.863875 arms=[x86-large/gpu/amd,x86-tiny/gpu/nvidia]
2026/07/17 10:05:42 [LB][MAB] event=after_select function=mab_cost_aware_1784275527 selected_tag=x86-tiny/gpu/nvidia compatible_tags=[x86-large/gpu/amd x86-tiny/gpu/nvidia]
2026/07/17 10:05:42 Candidate has: 512 MB free memory. Function needs: 128 MB
2026/07/17 10:05:42 [LB] Selected target for function 'mab_cost_aware_1784275527': target_tag=x86-tiny/gpu/nvidia candidate=cHPEoZusTyaSfwJyKsH6MP1784275527903003381 candidate_tag=x86-tiny/gpu/nvidia
2026/07/17 10:05:42 [LB-Update] Node cHPEoZusTyaSfwJyKsH6MP1784275527903003381 reported 512 MB free
2026/07/17 10:05:42 [MAB] event=reward_breakdown ts=1784275542040 policy=LinUCB function=mab_cost_aware_1784275527 arm=x86-tiny/gpu/nvidia base_tag=x86-tiny architecture=x86 specialization=tiny capabilities=[gpu,nvidia] duration_ms=2.563148 latency_reward=-0.941236 cost_weight=0.000000 cost_factor=1.600000 cost_term=0.000000 energy_weight=0.000000 energy_factor=1.800000 energy_term=0.000000 final_reward=-0.941236
2026/07/17 10:05:42 [MAB] event=update_reward ts=1784275542040 policy=LinUCB function=mab_cost_aware_1784275527 arm=x86-tiny/gpu/nvidia duration_ms=2.563148 warm_start=true utilization=0.000000 reward=-0.941236
2026/07/17 10:05:42 [LB] Compatible tag found: function=mab_cost_aware_1784275527 tag=x86-large/gpu/amd arch=amd64 pattern="gpu" ring_size=1
2026/07/17 10:05:42 [LB] Compatible tag found: function=mab_cost_aware_1784275527 tag=x86-tiny/gpu/nvidia arch=amd64 pattern="gpu" ring_size=1
2026/07/17 10:05:42 [LB] Compatible tags for function 'mab_cost_aware_1784275527': [x86-large/gpu/amd x86-tiny/gpu/nvidia]
2026/07/17 10:05:42 [LB][MAB] event=before_select function=mab_cost_aware_1784275527 compatible_tags=[x86-large/gpu/amd x86-tiny/gpu/nvidia] has_context=true
2026/07/17 10:05:42 [MAB] event=arm_score ts=1784275542261 policy=LinUCB function=mab_cost_aware_1784275527 arm=x86-large/gpu/amd score=-0.968495 base_score=-0.968495 expected_reward=-1.011115 confidence=0.042621 utilization=0.000000 utilization_threshold=0.300000 utilization_penalty=0.000000 utilization_weight=8.000000 utilization_term=0.000000
2026/07/17 10:05:42 [MAB] event=arm_score ts=1784275542261 policy=LinUCB function=mab_cost_aware_1784275527 arm=x86-tiny/gpu/nvidia score=-0.870892 base_score=-0.870892 expected_reward=-0.905181 confidence=0.034290 utilization=0.000000 utilization_threshold=0.300000 utilization_penalty=0.000000 utilization_weight=8.000000 utilization_term=0.000000
2026/07/17 10:05:42 [MAB] event=select_arm ts=1784275542261 policy=LinUCB function=mab_cost_aware_1784275527 selected_arm=x86-tiny/gpu/nvidia reason=linucb_score score=-0.870892 arms=[x86-large/gpu/amd,x86-tiny/gpu/nvidia]
2026/07/17 10:05:42 [LB][MAB] event=after_select function=mab_cost_aware_1784275527 selected_tag=x86-tiny/gpu/nvidia compatible_tags=[x86-large/gpu/amd x86-tiny/gpu/nvidia]
2026/07/17 10:05:42 Candidate has: 512 MB free memory. Function needs: 128 MB
2026/07/17 10:05:42 [LB] Selected target for function 'mab_cost_aware_1784275527': target_tag=x86-tiny/gpu/nvidia candidate=cHPEoZusTyaSfwJyKsH6MP1784275527903003381 candidate_tag=x86-tiny/gpu/nvidia
2026/07/17 10:05:42 [LB-Update] Node cHPEoZusTyaSfwJyKsH6MP1784275527903003381 reported 512 MB free
2026/07/17 10:05:42 [MAB] event=reward_breakdown ts=1784275542265 policy=LinUCB function=mab_cost_aware_1784275527 arm=x86-tiny/gpu/nvidia base_tag=x86-tiny architecture=x86 specialization=tiny capabilities=[gpu,nvidia] duration_ms=3.096117 latency_reward=-1.130149 cost_weight=0.000000 cost_factor=1.600000 cost_term=0.000000 energy_weight=0.000000 energy_factor=1.800000 energy_term=0.000000 final_reward=-1.130149
2026/07/17 10:05:42 [MAB] event=update_reward ts=1784275542265 policy=LinUCB function=mab_cost_aware_1784275527 arm=x86-tiny/gpu/nvidia duration_ms=3.096117 warm_start=true utilization=0.000000 reward=-1.130149
2026/07/17 10:05:42 [LB] Compatible tag found: function=mab_cost_aware_1784275527 tag=x86-large/gpu/amd arch=amd64 pattern="gpu" ring_size=1
2026/07/17 10:05:42 [LB] Compatible tag found: function=mab_cost_aware_1784275527 tag=x86-tiny/gpu/nvidia arch=amd64 pattern="gpu" ring_size=1
2026/07/17 10:05:42 [LB] Compatible tags for function 'mab_cost_aware_1784275527': [x86-large/gpu/amd x86-tiny/gpu/nvidia]
2026/07/17 10:05:42 [LB][MAB] event=before_select function=mab_cost_aware_1784275527 compatible_tags=[x86-large/gpu/amd x86-tiny/gpu/nvidia] has_context=true
2026/07/17 10:05:42 [MAB] event=arm_score ts=1784275542485 policy=LinUCB function=mab_cost_aware_1784275527 arm=x86-large/gpu/amd score=-0.968495 base_score=-0.968495 expected_reward=-1.011115 confidence=0.042621 utilization=0.000000 utilization_threshold=0.300000 utilization_penalty=0.000000 utilization_weight=8.000000 utilization_term=0.000000
2026/07/17 10:05:42 [MAB] event=arm_score ts=1784275542485 policy=LinUCB function=mab_cost_aware_1784275527 arm=x86-tiny/gpu/nvidia score=-0.896414 base_score=-0.896414 expected_reward=-0.928850 confidence=0.032436 utilization=0.000000 utilization_threshold=0.300000 utilization_penalty=0.000000 utilization_weight=8.000000 utilization_term=0.000000
2026/07/17 10:05:42 [MAB] event=select_arm ts=1784275542485 policy=LinUCB function=mab_cost_aware_1784275527 selected_arm=x86-tiny/gpu/nvidia reason=linucb_score score=-0.896414 arms=[x86-large/gpu/amd,x86-tiny/gpu/nvidia]
2026/07/17 10:05:42 [LB][MAB] event=after_select function=mab_cost_aware_1784275527 selected_tag=x86-tiny/gpu/nvidia compatible_tags=[x86-large/gpu/amd x86-tiny/gpu/nvidia]
2026/07/17 10:05:42 Candidate has: 512 MB free memory. Function needs: 128 MB
2026/07/17 10:05:42 [LB] Selected target for function 'mab_cost_aware_1784275527': target_tag=x86-tiny/gpu/nvidia candidate=cHPEoZusTyaSfwJyKsH6MP1784275527903003381 candidate_tag=x86-tiny/gpu/nvidia
2026/07/17 10:05:42 [LB-Update] Node cHPEoZusTyaSfwJyKsH6MP1784275527903003381 reported 512 MB free
2026/07/17 10:05:42 [MAB] event=reward_breakdown ts=1784275542488 policy=LinUCB function=mab_cost_aware_1784275527 arm=x86-tiny/gpu/nvidia base_tag=x86-tiny architecture=x86 specialization=tiny capabilities=[gpu,nvidia] duration_ms=2.781025 latency_reward=-1.022820 cost_weight=0.000000 cost_factor=1.600000 cost_term=0.000000 energy_weight=0.000000 energy_factor=1.800000 energy_term=0.000000 final_reward=-1.022820
2026/07/17 10:05:42 [MAB] event=update_reward ts=1784275542489 policy=LinUCB function=mab_cost_aware_1784275527 arm=x86-tiny/gpu/nvidia duration_ms=2.781025 warm_start=true utilization=0.000000 reward=-1.022820
2026/07/17 10:05:42 [LB] Compatible tag found: function=mab_cost_aware_1784275527 tag=x86-large/gpu/amd arch=amd64 pattern="gpu" ring_size=1
2026/07/17 10:05:42 [LB] Compatible tag found: function=mab_cost_aware_1784275527 tag=x86-tiny/gpu/nvidia arch=amd64 pattern="gpu" ring_size=1
2026/07/17 10:05:42 [LB] Compatible tags for function 'mab_cost_aware_1784275527': [x86-large/gpu/amd x86-tiny/gpu/nvidia]
2026/07/17 10:05:42 [LB][MAB] event=before_select function=mab_cost_aware_1784275527 compatible_tags=[x86-large/gpu/amd x86-tiny/gpu/nvidia] has_context=true
2026/07/17 10:05:42 [MAB] event=arm_score ts=1784275542709 policy=LinUCB function=mab_cost_aware_1784275527 arm=x86-large/gpu/amd score=-0.968495 base_score=-0.968495 expected_reward=-1.011115 confidence=0.042621 utilization=0.000000 utilization_threshold=0.300000 utilization_penalty=0.000000 utilization_weight=8.000000 utilization_term=0.000000
2026/07/17 10:05:42 [MAB] event=arm_score ts=1784275542709 policy=LinUCB function=mab_cost_aware_1784275527 arm=x86-tiny/gpu/nvidia score=-0.906942 base_score=-0.906942 expected_reward=-0.937795 confidence=0.030853 utilization=0.000000 utilization_threshold=0.300000 utilization_penalty=0.000000 utilization_weight=8.000000 utilization_term=0.000000
2026/07/17 10:05:42 [MAB] event=select_arm ts=1784275542709 policy=LinUCB function=mab_cost_aware_1784275527 selected_arm=x86-tiny/gpu/nvidia reason=linucb_score score=-0.906942 arms=[x86-large/gpu/amd,x86-tiny/gpu/nvidia]
2026/07/17 10:05:42 [LB][MAB] event=after_select function=mab_cost_aware_1784275527 selected_tag=x86-tiny/gpu/nvidia compatible_tags=[x86-large/gpu/amd x86-tiny/gpu/nvidia]
2026/07/17 10:05:42 Candidate has: 512 MB free memory. Function needs: 128 MB
2026/07/17 10:05:42 [LB] Selected target for function 'mab_cost_aware_1784275527': target_tag=x86-tiny/gpu/nvidia candidate=cHPEoZusTyaSfwJyKsH6MP1784275527903003381 candidate_tag=x86-tiny/gpu/nvidia
2026/07/17 10:05:42 [LB-Update] Node cHPEoZusTyaSfwJyKsH6MP1784275527903003381 reported 512 MB free
2026/07/17 10:05:42 [MAB] event=reward_breakdown ts=1784275542714 policy=LinUCB function=mab_cost_aware_1784275527 arm=x86-tiny/gpu/nvidia base_tag=x86-tiny architecture=x86 specialization=tiny capabilities=[gpu,nvidia] duration_ms=3.371476 latency_reward=-1.215351 cost_weight=0.000000 cost_factor=1.600000 cost_term=0.000000 energy_weight=0.000000 energy_factor=1.800000 energy_term=0.000000 final_reward=-1.215351
2026/07/17 10:05:42 [MAB] event=update_reward ts=1784275542714 policy=LinUCB function=mab_cost_aware_1784275527 arm=x86-tiny/gpu/nvidia duration_ms=3.371476 warm_start=true utilization=0.000000 reward=-1.215351
2026/07/17 10:05:42 [LB] Compatible tag found: function=mab_cost_aware_1784275527 tag=x86-large/gpu/amd arch=amd64 pattern="gpu" ring_size=1
2026/07/17 10:05:42 [LB] Compatible tag found: function=mab_cost_aware_1784275527 tag=x86-tiny/gpu/nvidia arch=amd64 pattern="gpu" ring_size=1
2026/07/17 10:05:42 [LB] Compatible tags for function 'mab_cost_aware_1784275527': [x86-large/gpu/amd x86-tiny/gpu/nvidia]
2026/07/17 10:05:42 [LB][MAB] event=before_select function=mab_cost_aware_1784275527 compatible_tags=[x86-large/gpu/amd x86-tiny/gpu/nvidia] has_context=true
2026/07/17 10:05:42 [MAB] event=arm_score ts=1784275542936 policy=LinUCB function=mab_cost_aware_1784275527 arm=x86-large/gpu/amd score=-0.968495 base_score=-0.968495 expected_reward=-1.011115 confidence=0.042621 utilization=0.000000 utilization_threshold=0.300000 utilization_penalty=0.000000 utilization_weight=8.000000 utilization_term=0.000000
2026/07/17 10:05:42 [MAB] event=arm_score ts=1784275542936 policy=LinUCB function=mab_cost_aware_1784275527 arm=x86-tiny/gpu/nvidia score=-0.932438 base_score=-0.932438 expected_reward=-0.961920 confidence=0.029482 utilization=0.000000 utilization_threshold=0.300000 utilization_penalty=0.000000 utilization_weight=8.000000 utilization_term=0.000000
2026/07/17 10:05:42 [MAB] event=select_arm ts=1784275542936 policy=LinUCB function=mab_cost_aware_1784275527 selected_arm=x86-tiny/gpu/nvidia reason=linucb_score score=-0.932438 arms=[x86-large/gpu/amd,x86-tiny/gpu/nvidia]
2026/07/17 10:05:42 [LB][MAB] event=after_select function=mab_cost_aware_1784275527 selected_tag=x86-tiny/gpu/nvidia compatible_tags=[x86-large/gpu/amd x86-tiny/gpu/nvidia]
2026/07/17 10:05:42 Candidate has: 512 MB free memory. Function needs: 128 MB
2026/07/17 10:05:42 [LB] Selected target for function 'mab_cost_aware_1784275527': target_tag=x86-tiny/gpu/nvidia candidate=cHPEoZusTyaSfwJyKsH6MP1784275527903003381 candidate_tag=x86-tiny/gpu/nvidia
2026/07/17 10:05:42 [LB-Update] Node cHPEoZusTyaSfwJyKsH6MP1784275527903003381 reported 512 MB free
2026/07/17 10:05:42 [MAB] event=reward_breakdown ts=1784275542940 policy=LinUCB function=mab_cost_aware_1784275527 arm=x86-tiny/gpu/nvidia base_tag=x86-tiny architecture=x86 specialization=tiny capabilities=[gpu,nvidia] duration_ms=2.896437 latency_reward=-1.063481 cost_weight=0.000000 cost_factor=1.600000 cost_term=0.000000 energy_weight=0.000000 energy_factor=1.800000 energy_term=0.000000 final_reward=-1.063481
2026/07/17 10:05:42 [MAB] event=update_reward ts=1784275542940 policy=LinUCB function=mab_cost_aware_1784275527 arm=x86-tiny/gpu/nvidia duration_ms=2.896437 warm_start=true utilization=0.000000 reward=-1.063481
2026/07/17 10:05:43 [LB] Compatible tag found: function=mab_cost_aware_1784275527 tag=x86-large/gpu/amd arch=amd64 pattern="gpu" ring_size=1
2026/07/17 10:05:43 [LB] Compatible tag found: function=mab_cost_aware_1784275527 tag=x86-tiny/gpu/nvidia arch=amd64 pattern="gpu" ring_size=1
2026/07/17 10:05:43 [LB] Compatible tags for function 'mab_cost_aware_1784275527': [x86-large/gpu/amd x86-tiny/gpu/nvidia]
2026/07/17 10:05:43 [LB][MAB] event=before_select function=mab_cost_aware_1784275527 compatible_tags=[x86-large/gpu/amd x86-tiny/gpu/nvidia] has_context=true
2026/07/17 10:05:43 [MAB] event=arm_score ts=1784275543161 policy=LinUCB function=mab_cost_aware_1784275527 arm=x86-large/gpu/amd score=-0.968495 base_score=-0.968495 expected_reward=-1.011115 confidence=0.042621 utilization=0.000000 utilization_threshold=0.300000 utilization_penalty=0.000000 utilization_weight=8.000000 utilization_term=0.000000
2026/07/17 10:05:43 [MAB] event=arm_score ts=1784275543161 policy=LinUCB function=mab_cost_aware_1784275527 arm=x86-tiny/gpu/nvidia score=-0.941763 base_score=-0.941763 expected_reward=-0.970042 confidence=0.028279 utilization=0.000000 utilization_threshold=0.300000 utilization_penalty=0.000000 utilization_weight=8.000000 utilization_term=0.000000
2026/07/17 10:05:43 [MAB] event=select_arm ts=1784275543161 policy=LinUCB function=mab_cost_aware_1784275527 selected_arm=x86-tiny/gpu/nvidia reason=linucb_score score=-0.941763 arms=[x86-large/gpu/amd,x86-tiny/gpu/nvidia]
2026/07/17 10:05:43 [LB][MAB] event=after_select function=mab_cost_aware_1784275527 selected_tag=x86-tiny/gpu/nvidia compatible_tags=[x86-large/gpu/amd x86-tiny/gpu/nvidia]
2026/07/17 10:05:43 Candidate has: 512 MB free memory. Function needs: 128 MB
2026/07/17 10:05:43 [LB] Selected target for function 'mab_cost_aware_1784275527': target_tag=x86-tiny/gpu/nvidia candidate=cHPEoZusTyaSfwJyKsH6MP1784275527903003381 candidate_tag=x86-tiny/gpu/nvidia
2026/07/17 10:05:43 [LB-Update] Node cHPEoZusTyaSfwJyKsH6MP1784275527903003381 reported 512 MB free
2026/07/17 10:05:43 [MAB] event=reward_breakdown ts=1784275543164 policy=LinUCB function=mab_cost_aware_1784275527 arm=x86-tiny/gpu/nvidia base_tag=x86-tiny architecture=x86 specialization=tiny capabilities=[gpu,nvidia] duration_ms=2.895879 latency_reward=-1.063289 cost_weight=0.000000 cost_factor=1.600000 cost_term=0.000000 energy_weight=0.000000 energy_factor=1.800000 energy_term=0.000000 final_reward=-1.063289
2026/07/17 10:05:43 [MAB] event=update_reward ts=1784275543164 policy=LinUCB function=mab_cost_aware_1784275527 arm=x86-tiny/gpu/nvidia duration_ms=2.895879 warm_start=true utilization=0.000000 reward=-1.063289
2026/07/17 10:05:43 [LB] Compatible tag found: function=mab_cost_aware_1784275527 tag=x86-large/gpu/amd arch=amd64 pattern="gpu" ring_size=1
2026/07/17 10:05:43 [LB] Compatible tag found: function=mab_cost_aware_1784275527 tag=x86-tiny/gpu/nvidia arch=amd64 pattern="gpu" ring_size=1
2026/07/17 10:05:43 [LB] Compatible tags for function 'mab_cost_aware_1784275527': [x86-large/gpu/amd x86-tiny/gpu/nvidia]
2026/07/17 10:05:43 [LB][MAB] event=before_select function=mab_cost_aware_1784275527 compatible_tags=[x86-large/gpu/amd x86-tiny/gpu/nvidia] has_context=true
2026/07/17 10:05:43 [MAB] event=arm_score ts=1784275543385 policy=LinUCB function=mab_cost_aware_1784275527 arm=x86-large/gpu/amd score=-0.968495 base_score=-0.968495 expected_reward=-1.011115 confidence=0.042621 utilization=0.000000 utilization_threshold=0.300000 utilization_penalty=0.000000 utilization_weight=8.000000 utilization_term=0.000000
2026/07/17 10:05:43 [MAB] event=arm_score ts=1784275543385 policy=LinUCB function=mab_cost_aware_1784275527 arm=x86-tiny/gpu/nvidia score=-0.949735 base_score=-0.949735 expected_reward=-0.976946 confidence=0.027212 utilization=0.000000 utilization_threshold=0.300000 utilization_penalty=0.000000 utilization_weight=8.000000 utilization_term=0.000000
2026/07/17 10:05:43 [MAB] event=select_arm ts=1784275543385 policy=LinUCB function=mab_cost_aware_1784275527 selected_arm=x86-tiny/gpu/nvidia reason=linucb_score score=-0.949735 arms=[x86-large/gpu/amd,x86-tiny/gpu/nvidia]
2026/07/17 10:05:43 [LB][MAB] event=after_select function=mab_cost_aware_1784275527 selected_tag=x86-tiny/gpu/nvidia compatible_tags=[x86-large/gpu/amd x86-tiny/gpu/nvidia]
2026/07/17 10:05:43 Candidate has: 512 MB free memory. Function needs: 128 MB
2026/07/17 10:05:43 [LB] Selected target for function 'mab_cost_aware_1784275527': target_tag=x86-tiny/gpu/nvidia candidate=cHPEoZusTyaSfwJyKsH6MP1784275527903003381 candidate_tag=x86-tiny/gpu/nvidia
2026/07/17 10:05:43 [LB-Update] Node cHPEoZusTyaSfwJyKsH6MP1784275527903003381 reported 512 MB free
2026/07/17 10:05:43 [MAB] event=reward_breakdown ts=1784275543390 policy=LinUCB function=mab_cost_aware_1784275527 arm=x86-tiny/gpu/nvidia base_tag=x86-tiny architecture=x86 specialization=tiny capabilities=[gpu,nvidia] duration_ms=3.365845 latency_reward=-1.213679 cost_weight=0.000000 cost_factor=1.600000 cost_term=0.000000 energy_weight=0.000000 energy_factor=1.800000 energy_term=0.000000 final_reward=-1.213679
2026/07/17 10:05:43 [MAB] event=update_reward ts=1784275543390 policy=LinUCB function=mab_cost_aware_1784275527 arm=x86-tiny/gpu/nvidia duration_ms=3.365845 warm_start=true utilization=0.000000 reward=-1.213679
2026/07/17 10:05:43 [LB] Compatible tag found: function=mab_cost_aware_1784275527 tag=x86-large/gpu/amd arch=amd64 pattern="gpu" ring_size=1
2026/07/17 10:05:43 [LB] Compatible tag found: function=mab_cost_aware_1784275527 tag=x86-tiny/gpu/nvidia arch=amd64 pattern="gpu" ring_size=1
2026/07/17 10:05:43 [LB] Compatible tags for function 'mab_cost_aware_1784275527': [x86-large/gpu/amd x86-tiny/gpu/nvidia]
2026/07/17 10:05:43 [LB][MAB] event=before_select function=mab_cost_aware_1784275527 compatible_tags=[x86-large/gpu/amd x86-tiny/gpu/nvidia] has_context=true
2026/07/17 10:05:43 [MAB] event=arm_score ts=1784275543611 policy=LinUCB function=mab_cost_aware_1784275527 arm=x86-large/gpu/amd score=-0.968495 base_score=-0.968495 expected_reward=-1.011115 confidence=0.042621 utilization=0.000000 utilization_threshold=0.300000 utilization_penalty=0.000000 utilization_weight=8.000000 utilization_term=0.000000
2026/07/17 10:05:43 [MAB] event=arm_score ts=1784275543611 policy=LinUCB function=mab_cost_aware_1784275527 arm=x86-tiny/gpu/nvidia score=-0.967010 base_score=-0.967010 expected_reward=-0.993267 confidence=0.026257 utilization=0.000000 utilization_threshold=0.300000 utilization_penalty=0.000000 utilization_weight=8.000000 utilization_term=0.000000
2026/07/17 10:05:43 [MAB] event=select_arm ts=1784275543611 policy=LinUCB function=mab_cost_aware_1784275527 selected_arm=x86-tiny/gpu/nvidia reason=linucb_score score=-0.967010 arms=[x86-large/gpu/amd,x86-tiny/gpu/nvidia]
2026/07/17 10:05:43 [LB][MAB] event=after_select function=mab_cost_aware_1784275527 selected_tag=x86-tiny/gpu/nvidia compatible_tags=[x86-large/gpu/amd x86-tiny/gpu/nvidia]
2026/07/17 10:05:43 Candidate has: 512 MB free memory. Function needs: 128 MB
2026/07/17 10:05:43 [LB] Selected target for function 'mab_cost_aware_1784275527': target_tag=x86-tiny/gpu/nvidia candidate=cHPEoZusTyaSfwJyKsH6MP1784275527903003381 candidate_tag=x86-tiny/gpu/nvidia
2026/07/17 10:05:43 [LB-Update] Node cHPEoZusTyaSfwJyKsH6MP1784275527903003381 reported 512 MB free
2026/07/17 10:05:43 [MAB] event=reward_breakdown ts=1784275543614 policy=LinUCB function=mab_cost_aware_1784275527 arm=x86-tiny/gpu/nvidia base_tag=x86-tiny architecture=x86 specialization=tiny capabilities=[gpu,nvidia] duration_ms=2.930253 latency_reward=-1.075089 cost_weight=0.000000 cost_factor=1.600000 cost_term=0.000000 energy_weight=0.000000 energy_factor=1.800000 energy_term=0.000000 final_reward=-1.075089
2026/07/17 10:05:43 [MAB] event=update_reward ts=1784275543614 policy=LinUCB function=mab_cost_aware_1784275527 arm=x86-tiny/gpu/nvidia duration_ms=2.930253 warm_start=true utilization=0.000000 reward=-1.075089
2026/07/17 10:05:43 [LB] Compatible tag found: function=mab_cost_aware_1784275527 tag=x86-large/gpu/amd arch=amd64 pattern="gpu" ring_size=1
2026/07/17 10:05:43 [LB] Compatible tag found: function=mab_cost_aware_1784275527 tag=x86-tiny/gpu/nvidia arch=amd64 pattern="gpu" ring_size=1
2026/07/17 10:05:43 [LB] Compatible tags for function 'mab_cost_aware_1784275527': [x86-large/gpu/amd x86-tiny/gpu/nvidia]
2026/07/17 10:05:43 [LB][MAB] event=before_select function=mab_cost_aware_1784275527 compatible_tags=[x86-large/gpu/amd x86-tiny/gpu/nvidia] has_context=true
2026/07/17 10:05:43 [MAB] event=arm_score ts=1784275543833 policy=LinUCB function=mab_cost_aware_1784275527 arm=x86-large/gpu/amd score=-0.968495 base_score=-0.968495 expected_reward=-1.011115 confidence=0.042621 utilization=0.000000 utilization_threshold=0.300000 utilization_penalty=0.000000 utilization_weight=8.000000 utilization_term=0.000000
2026/07/17 10:05:43 [MAB] event=arm_score ts=1784275543833 policy=LinUCB function=mab_cost_aware_1784275527 arm=x86-tiny/gpu/nvidia score=-0.973148 base_score=-0.973148 expected_reward=-0.998544 confidence=0.025396 utilization=0.000000 utilization_threshold=0.300000 utilization_penalty=0.000000 utilization_weight=8.000000 utilization_term=0.000000
2026/07/17 10:05:43 [MAB] event=select_arm ts=1784275543833 policy=LinUCB function=mab_cost_aware_1784275527 selected_arm=x86-large/gpu/amd reason=linucb_score score=-0.968495 arms=[x86-large/gpu/amd,x86-tiny/gpu/nvidia]
2026/07/17 10:05:43 [LB][MAB] event=after_select function=mab_cost_aware_1784275527 selected_tag=x86-large/gpu/amd compatible_tags=[x86-large/gpu/amd x86-tiny/gpu/nvidia]
2026/07/17 10:05:43 Candidate has: 256 MB free memory. Function needs: 128 MB
2026/07/17 10:05:43 [LB] Selected target for function 'mab_cost_aware_1784275527': target_tag=x86-large/gpu/amd candidate=BEUb3E3sgknWABkdMbxLz71784275527901819432 candidate_tag=x86-large/gpu/amd
2026/07/17 10:05:43 [LB-Update] Node BEUb3E3sgknWABkdMbxLz71784275527901819432 reported 256 MB free
2026/07/17 10:05:43 [MAB] event=reward_breakdown ts=1784275543837 policy=LinUCB function=mab_cost_aware_1784275527 arm=x86-large/gpu/amd base_tag=x86-large architecture=x86 specialization=large capabilities=[gpu,amd] duration_ms=2.726616 latency_reward=-1.003061 cost_weight=0.000000 cost_factor=1.200000 cost_term=0.000000 energy_weight=0.000000 energy_factor=1.200000 energy_term=0.000000 final_reward=-1.003061
2026/07/17 10:05:43 [MAB] event=update_reward ts=1784275543837 policy=LinUCB function=mab_cost_aware_1784275527 arm=x86-large/gpu/amd duration_ms=2.726616 warm_start=true utilization=0.000000 reward=-1.003061
2026/07/17 10:05:44 [LB] Compatible tag found: function=mab_cost_aware_1784275527 tag=x86-large/gpu/amd arch=amd64 pattern="gpu" ring_size=1
2026/07/17 10:05:44 [LB] Compatible tag found: function=mab_cost_aware_1784275527 tag=x86-tiny/gpu/nvidia arch=amd64 pattern="gpu" ring_size=1
2026/07/17 10:05:44 [LB] Compatible tags for function 'mab_cost_aware_1784275527': [x86-large/gpu/amd x86-tiny/gpu/nvidia]
2026/07/17 10:05:44 [LB][MAB] event=before_select function=mab_cost_aware_1784275527 compatible_tags=[x86-large/gpu/amd x86-tiny/gpu/nvidia] has_context=true
2026/07/17 10:05:44 [MAB] event=arm_score ts=1784275544057 policy=LinUCB function=mab_cost_aware_1784275527 arm=x86-large/gpu/amd score=-0.970669 base_score=-0.970669 expected_reward=-1.009877 confidence=0.039208 utilization=0.000000 utilization_threshold=0.300000 utilization_penalty=0.000000 utilization_weight=8.000000 utilization_term=0.000000
2026/07/17 10:05:44 [MAB] event=arm_score ts=1784275544057 policy=LinUCB function=mab_cost_aware_1784275527 arm=x86-tiny/gpu/nvidia score=-0.973148 base_score=-0.973148 expected_reward=-0.998544 confidence=0.025396 utilization=0.000000 utilization_threshold=0.300000 utilization_penalty=0.000000 utilization_weight=8.000000 utilization_term=0.000000
2026/07/17 10:05:44 [MAB] event=select_arm ts=1784275544057 policy=LinUCB function=mab_cost_aware_1784275527 selected_arm=x86-large/gpu/amd reason=linucb_score score=-0.970669 arms=[x86-large/gpu/amd,x86-tiny/gpu/nvidia]
2026/07/17 10:05:44 [LB][MAB] event=after_select function=mab_cost_aware_1784275527 selected_tag=x86-large/gpu/amd compatible_tags=[x86-large/gpu/amd x86-tiny/gpu/nvidia]
2026/07/17 10:05:44 Candidate has: 256 MB free memory. Function needs: 128 MB
2026/07/17 10:05:44 [LB] Selected target for function 'mab_cost_aware_1784275527': target_tag=x86-large/gpu/amd candidate=BEUb3E3sgknWABkdMbxLz71784275527901819432 candidate_tag=x86-large/gpu/amd
2026/07/17 10:05:44 [LB-Update] Node BEUb3E3sgknWABkdMbxLz71784275527901819432 reported 256 MB free
2026/07/17 10:05:44 [MAB] event=reward_breakdown ts=1784275544061 policy=LinUCB function=mab_cost_aware_1784275527 arm=x86-large/gpu/amd base_tag=x86-large architecture=x86 specialization=large capabilities=[gpu,amd] duration_ms=2.921416 latency_reward=-1.072068 cost_weight=0.000000 cost_factor=1.200000 cost_term=0.000000 energy_weight=0.000000 energy_factor=1.200000 energy_term=0.000000 final_reward=-1.072068
2026/07/17 10:05:44 [MAB] event=update_reward ts=1784275544061 policy=LinUCB function=mab_cost_aware_1784275527 arm=x86-large/gpu/amd duration_ms=2.921416 warm_start=true utilization=0.000000 reward=-1.072068
2026/07/17 10:05:44 [LB] Compatible tag found: function=mab_cost_aware_1784275527 tag=x86-large/gpu/amd arch=amd64 pattern="gpu" ring_size=1
2026/07/17 10:05:44 [LB] Compatible tag found: function=mab_cost_aware_1784275527 tag=x86-tiny/gpu/nvidia arch=amd64 pattern="gpu" ring_size=1
2026/07/17 10:05:44 [LB] Compatible tags for function 'mab_cost_aware_1784275527': [x86-large/gpu/amd x86-tiny/gpu/nvidia]
2026/07/17 10:05:44 [LB][MAB] event=before_select function=mab_cost_aware_1784275527 compatible_tags=[x86-large/gpu/amd x86-tiny/gpu/nvidia] has_context=true
2026/07/17 10:05:44 [MAB] event=arm_score ts=1784275544281 policy=LinUCB function=mab_cost_aware_1784275527 arm=x86-large/gpu/amd score=-0.981661 base_score=-0.981661 expected_reward=-1.018164 confidence=0.036503 utilization=0.000000 utilization_threshold=0.300000 utilization_penalty=0.000000 utilization_weight=8.000000 utilization_term=0.000000
2026/07/17 10:05:44 [MAB] event=arm_score ts=1784275544281 policy=LinUCB function=mab_cost_aware_1784275527 arm=x86-tiny/gpu/nvidia score=-0.973148 base_score=-0.973148 expected_reward=-0.998544 confidence=0.025396 utilization=0.000000 utilization_threshold=0.300000 utilization_penalty=0.000000 utilization_weight=8.000000 utilization_term=0.000000
2026/07/17 10:05:44 [MAB] event=select_arm ts=1784275544281 policy=LinUCB function=mab_cost_aware_1784275527 selected_arm=x86-tiny/gpu/nvidia reason=linucb_score score=-0.973148 arms=[x86-large/gpu/amd,x86-tiny/gpu/nvidia]
2026/07/17 10:05:44 [LB][MAB] event=after_select function=mab_cost_aware_1784275527 selected_tag=x86-tiny/gpu/nvidia compatible_tags=[x86-large/gpu/amd x86-tiny/gpu/nvidia]
2026/07/17 10:05:44 Candidate has: 512 MB free memory. Function needs: 128 MB
2026/07/17 10:05:44 [LB] Selected target for function 'mab_cost_aware_1784275527': target_tag=x86-tiny/gpu/nvidia candidate=cHPEoZusTyaSfwJyKsH6MP1784275527903003381 candidate_tag=x86-tiny/gpu/nvidia
2026/07/17 10:05:44 [LB-Update] Node cHPEoZusTyaSfwJyKsH6MP1784275527903003381 reported 512 MB free
2026/07/17 10:05:44 [MAB] event=reward_breakdown ts=1784275544285 policy=LinUCB function=mab_cost_aware_1784275527 arm=x86-tiny/gpu/nvidia base_tag=x86-tiny architecture=x86 specialization=tiny capabilities=[gpu,nvidia] duration_ms=3.113433 latency_reward=-1.135726 cost_weight=0.000000 cost_factor=1.600000 cost_term=0.000000 energy_weight=0.000000 energy_factor=1.800000 energy_term=0.000000 final_reward=-1.135726
2026/07/17 10:05:44 [MAB] event=update_reward ts=1784275544285 policy=LinUCB function=mab_cost_aware_1784275527 arm=x86-tiny/gpu/nvidia duration_ms=3.113433 warm_start=true utilization=0.000000 reward=-1.135726
2026/07/17 10:05:44 [LB] Compatible tag found: function=mab_cost_aware_1784275527 tag=x86-large/gpu/amd arch=amd64 pattern="gpu" ring_size=1
2026/07/17 10:05:44 [LB] Compatible tag found: function=mab_cost_aware_1784275527 tag=x86-tiny/gpu/nvidia arch=amd64 pattern="gpu" ring_size=1
2026/07/17 10:05:44 [LB] Compatible tags for function 'mab_cost_aware_1784275527': [x86-large/gpu/amd x86-tiny/gpu/nvidia]
2026/07/17 10:05:44 [LB][MAB] event=before_select function=mab_cost_aware_1784275527 compatible_tags=[x86-large/gpu/amd x86-tiny/gpu/nvidia] has_context=true
2026/07/17 10:05:44 [MAB] event=arm_score ts=1784275544506 policy=LinUCB function=mab_cost_aware_1784275527 arm=x86-large/gpu/amd score=-0.981661 base_score=-0.981661 expected_reward=-1.018164 confidence=0.036503 utilization=0.000000 utilization_threshold=0.300000 utilization_penalty=0.000000 utilization_weight=8.000000 utilization_term=0.000000
2026/07/17 10:05:44 [MAB] event=arm_score ts=1784275544506 policy=LinUCB function=mab_cost_aware_1784275527 arm=x86-tiny/gpu/nvidia score=-0.982241 base_score=-0.982241 expected_reward=-1.006856 confidence=0.024615 utilization=0.000000 utilization_threshold=0.300000 utilization_penalty=0.000000 utilization_weight=8.000000 utilization_term=0.000000
2026/07/17 10:05:44 [MAB] event=select_arm ts=1784275544506 policy=LinUCB function=mab_cost_aware_1784275527 selected_arm=x86-large/gpu/amd reason=linucb_score score=-0.981661 arms=[x86-large/gpu/amd,x86-tiny/gpu/nvidia]
2026/07/17 10:05:44 [LB][MAB] event=after_select function=mab_cost_aware_1784275527 selected_tag=x86-large/gpu/amd compatible_tags=[x86-large/gpu/amd x86-tiny/gpu/nvidia]
2026/07/17 10:05:44 Candidate has: 256 MB free memory. Function needs: 128 MB
2026/07/17 10:05:44 [LB] Selected target for function 'mab_cost_aware_1784275527': target_tag=x86-large/gpu/amd candidate=BEUb3E3sgknWABkdMbxLz71784275527901819432 candidate_tag=x86-large/gpu/amd
2026/07/17 10:05:44 [LB-Update] Node BEUb3E3sgknWABkdMbxLz71784275527901819432 reported 256 MB free
2026/07/17 10:05:44 [MAB] event=reward_breakdown ts=1784275544511 policy=LinUCB function=mab_cost_aware_1784275527 arm=x86-large/gpu/amd base_tag=x86-large architecture=x86 specialization=large capabilities=[gpu,amd] duration_ms=3.361224 latency_reward=-1.212305 cost_weight=0.000000 cost_factor=1.200000 cost_term=0.000000 energy_weight=0.000000 energy_factor=1.200000 energy_term=0.000000 final_reward=-1.212305
2026/07/17 10:05:44 [MAB] event=update_reward ts=1784275544511 policy=LinUCB function=mab_cost_aware_1784275527 arm=x86-large/gpu/amd duration_ms=3.361224 warm_start=true utilization=0.000000 reward=-1.212305
2026/07/17 10:05:44 [LB] Compatible tag found: function=mab_cost_aware_1784275527 tag=x86-large/gpu/amd arch=amd64 pattern="gpu" ring_size=1
2026/07/17 10:05:44 [LB] Compatible tag found: function=mab_cost_aware_1784275527 tag=x86-tiny/gpu/nvidia arch=amd64 pattern="gpu" ring_size=1
2026/07/17 10:05:44 [LB] Compatible tags for function 'mab_cost_aware_1784275527': [x86-large/gpu/amd x86-tiny/gpu/nvidia]
2026/07/17 10:05:44 [LB][MAB] event=before_select function=mab_cost_aware_1784275527 compatible_tags=[x86-large/gpu/amd x86-tiny/gpu/nvidia] has_context=true
2026/07/17 10:05:44 [MAB] event=arm_score ts=1784275544732 policy=LinUCB function=mab_cost_aware_1784275527 arm=x86-large/gpu/amd score=-1.006701 base_score=-1.006701 expected_reward=-1.040991 confidence=0.034290 utilization=0.000000 utilization_threshold=0.300000 utilization_penalty=0.000000 utilization_weight=8.000000 utilization_term=0.000000
2026/07/17 10:05:44 [MAB] event=arm_score ts=1784275544732 policy=LinUCB function=mab_cost_aware_1784275527 arm=x86-tiny/gpu/nvidia score=-0.982241 base_score=-0.982241 expected_reward=-1.006856 confidence=0.024615 utilization=0.000000 utilization_threshold=0.300000 utilization_penalty=0.000000 utilization_weight=8.000000 utilization_term=0.000000
2026/07/17 10:05:44 [MAB] event=select_arm ts=1784275544732 policy=LinUCB function=mab_cost_aware_1784275527 selected_arm=x86-tiny/gpu/nvidia reason=linucb_score score=-0.982241 arms=[x86-large/gpu/amd,x86-tiny/gpu/nvidia]
2026/07/17 10:05:44 [LB][MAB] event=after_select function=mab_cost_aware_1784275527 selected_tag=x86-tiny/gpu/nvidia compatible_tags=[x86-large/gpu/amd x86-tiny/gpu/nvidia]
2026/07/17 10:05:44 Candidate has: 512 MB free memory. Function needs: 128 MB
2026/07/17 10:05:44 [LB] Selected target for function 'mab_cost_aware_1784275527': target_tag=x86-tiny/gpu/nvidia candidate=cHPEoZusTyaSfwJyKsH6MP1784275527903003381 candidate_tag=x86-tiny/gpu/nvidia
2026/07/17 10:05:44 [LB-Update] Node cHPEoZusTyaSfwJyKsH6MP1784275527903003381 reported 512 MB free
2026/07/17 10:05:44 [MAB] event=reward_breakdown ts=1784275544736 policy=LinUCB function=mab_cost_aware_1784275527 arm=x86-tiny/gpu/nvidia base_tag=x86-tiny architecture=x86 specialization=tiny capabilities=[gpu,nvidia] duration_ms=3.235807 latency_reward=-1.174278 cost_weight=0.000000 cost_factor=1.600000 cost_term=0.000000 energy_weight=0.000000 energy_factor=1.800000 energy_term=0.000000 final_reward=-1.174278
2026/07/17 10:05:44 [MAB] event=update_reward ts=1784275544736 policy=LinUCB function=mab_cost_aware_1784275527 arm=x86-tiny/gpu/nvidia duration_ms=3.235807 warm_start=true utilization=0.000000 reward=-1.174278
2026/07/17 10:05:44 [LB]: Periodic targets update
2026/07/17 10:05:44 Found target: 3aoWqmtGSSDJf9LfSAkQVe1784275527904303326
2026/07/17 10:05:44 Found target: BEUb3E3sgknWABkdMbxLz71784275527901819432
2026/07/17 10:05:44 Found target: YwwYVYiDZsPUTZWRYk43oL1784275527901060803
2026/07/17 10:05:44 Found target: cHPEoZusTyaSfwJyKsH6MP1784275527903003381
2026/07/17 10:05:44 Found 4 targets
2026/07/17 10:05:44 [LB] Compatible tag found: function=mab_cost_aware_1784275527 tag=x86-large/gpu/amd arch=amd64 pattern="gpu" ring_size=1
2026/07/17 10:05:44 [LB] Compatible tag found: function=mab_cost_aware_1784275527 tag=x86-tiny/gpu/nvidia arch=amd64 pattern="gpu" ring_size=1
2026/07/17 10:05:44 [LB] Compatible tags for function 'mab_cost_aware_1784275527': [x86-large/gpu/amd x86-tiny/gpu/nvidia]
2026/07/17 10:05:44 [LB][MAB] event=before_select function=mab_cost_aware_1784275527 compatible_tags=[x86-large/gpu/amd x86-tiny/gpu/nvidia] has_context=true
2026/07/17 10:05:44 [MAB] event=arm_score ts=1784275544955 policy=LinUCB function=mab_cost_aware_1784275527 arm=x86-large/gpu/amd score=-1.006701 base_score=-1.006701 expected_reward=-1.040991 confidence=0.034290 utilization=0.000000 utilization_threshold=0.300000 utilization_penalty=0.000000 utilization_weight=8.000000 utilization_term=0.000000
2026/07/17 10:05:44 [MAB] event=arm_score ts=1784275544955 policy=LinUCB function=mab_cost_aware_1784275527 arm=x86-tiny/gpu/nvidia score=-0.992519 base_score=-0.992519 expected_reward=-1.016420 confidence=0.023901 utilization=0.000000 utilization_threshold=0.300000 utilization_penalty=0.000000 utilization_weight=8.000000 utilization_term=0.000000
2026/07/17 10:05:44 [MAB] event=select_arm ts=1784275544955 policy=LinUCB function=mab_cost_aware_1784275527 selected_arm=x86-tiny/gpu/nvidia reason=linucb_score score=-0.992519 arms=[x86-large/gpu/amd,x86-tiny/gpu/nvidia]
2026/07/17 10:05:44 [LB][MAB] event=after_select function=mab_cost_aware_1784275527 selected_tag=x86-tiny/gpu/nvidia compatible_tags=[x86-large/gpu/amd x86-tiny/gpu/nvidia]
2026/07/17 10:05:44 Candidate has: 512 MB free memory. Function needs: 128 MB
2026/07/17 10:05:44 [LB] Selected target for function 'mab_cost_aware_1784275527': target_tag=x86-tiny/gpu/nvidia candidate=cHPEoZusTyaSfwJyKsH6MP1784275527903003381 candidate_tag=x86-tiny/gpu/nvidia
2026/07/17 10:05:44 [LB-Update] Node cHPEoZusTyaSfwJyKsH6MP1784275527903003381 reported 512 MB free
2026/07/17 10:05:44 [MAB] event=reward_breakdown ts=1784275544959 policy=LinUCB function=mab_cost_aware_1784275527 arm=x86-tiny/gpu/nvidia base_tag=x86-tiny architecture=x86 specialization=tiny capabilities=[gpu,nvidia] duration_ms=3.206128 latency_reward=-1.165064 cost_weight=0.000000 cost_factor=1.600000 cost_term=0.000000 energy_weight=0.000000 energy_factor=1.800000 energy_term=0.000000 final_reward=-1.165064
2026/07/17 10:05:44 [MAB] event=update_reward ts=1784275544959 policy=LinUCB function=mab_cost_aware_1784275527 arm=x86-tiny/gpu/nvidia duration_ms=3.206128 warm_start=true utilization=0.000000 reward=-1.165064
2026/07/17 10:05:45 [LB] Compatible tag found: function=mab_cost_aware_1784275527 tag=x86-large/gpu/amd arch=amd64 pattern="gpu" ring_size=1
2026/07/17 10:05:45 [LB] Compatible tag found: function=mab_cost_aware_1784275527 tag=x86-tiny/gpu/nvidia arch=amd64 pattern="gpu" ring_size=1
2026/07/17 10:05:45 [LB] Compatible tags for function 'mab_cost_aware_1784275527': [x86-large/gpu/amd x86-tiny/gpu/nvidia]
2026/07/17 10:05:45 [LB][MAB] event=before_select function=mab_cost_aware_1784275527 compatible_tags=[x86-large/gpu/amd x86-tiny/gpu/nvidia] has_context=true
2026/07/17 10:05:45 [MAB] event=arm_score ts=1784275545176 policy=LinUCB function=mab_cost_aware_1784275527 arm=x86-large/gpu/amd score=-1.006701 base_score=-1.006701 expected_reward=-1.040991 confidence=0.034290 utilization=0.000000 utilization_threshold=0.300000 utilization_penalty=0.000000 utilization_weight=8.000000 utilization_term=0.000000
2026/07/17 10:05:45 [MAB] event=arm_score ts=1784275545176 policy=LinUCB function=mab_cost_aware_1784275527 arm=x86-tiny/gpu/nvidia score=-1.001206 base_score=-1.001206 expected_reward=-1.024453 confidence=0.023246 utilization=0.000000 utilization_threshold=0.300000 utilization_penalty=0.000000 utilization_weight=8.000000 utilization_term=0.000000
2026/07/17 10:05:45 [MAB] event=select_arm ts=1784275545176 policy=LinUCB function=mab_cost_aware_1784275527 selected_arm=x86-tiny/gpu/nvidia reason=linucb_score score=-1.001206 arms=[x86-large/gpu/amd,x86-tiny/gpu/nvidia]
2026/07/17 10:05:45 [LB][MAB] event=after_select function=mab_cost_aware_1784275527 selected_tag=x86-tiny/gpu/nvidia compatible_tags=[x86-large/gpu/amd x86-tiny/gpu/nvidia]
2026/07/17 10:05:45 Candidate has: 512 MB free memory. Function needs: 128 MB
2026/07/17 10:05:45 [LB] Selected target for function 'mab_cost_aware_1784275527': target_tag=x86-tiny/gpu/nvidia candidate=cHPEoZusTyaSfwJyKsH6MP1784275527903003381 candidate_tag=x86-tiny/gpu/nvidia
2026/07/17 10:05:45 [LB-Update] Node cHPEoZusTyaSfwJyKsH6MP1784275527903003381 reported 512 MB free
2026/07/17 10:05:45 [MAB] event=reward_breakdown ts=1784275545179 policy=LinUCB function=mab_cost_aware_1784275527 arm=x86-tiny/gpu/nvidia base_tag=x86-tiny architecture=x86 specialization=tiny capabilities=[gpu,nvidia] duration_ms=2.520455 latency_reward=-0.924439 cost_weight=0.000000 cost_factor=1.600000 cost_term=0.000000 energy_weight=0.000000 energy_factor=1.800000 energy_term=0.000000 final_reward=-0.924439
2026/07/17 10:05:45 [MAB] event=update_reward ts=1784275545179 policy=LinUCB function=mab_cost_aware_1784275527 arm=x86-tiny/gpu/nvidia duration_ms=2.520455 warm_start=true utilization=0.000000 reward=-0.924439
2026/07/17 10:05:45 [LB] Compatible tag found: function=mab_cost_aware_1784275527 tag=x86-large/gpu/amd arch=amd64 pattern="gpu" ring_size=1
2026/07/17 10:05:45 [LB] Compatible tag found: function=mab_cost_aware_1784275527 tag=x86-tiny/gpu/nvidia arch=amd64 pattern="gpu" ring_size=1
2026/07/17 10:05:45 [LB] Compatible tags for function 'mab_cost_aware_1784275527': [x86-large/gpu/amd x86-tiny/gpu/nvidia]
2026/07/17 10:05:45 [LB][MAB] event=before_select function=mab_cost_aware_1784275527 compatible_tags=[x86-large/gpu/amd x86-tiny/gpu/nvidia] has_context=true
2026/07/17 10:05:45 [MAB] event=arm_score ts=1784275545400 policy=LinUCB function=mab_cost_aware_1784275527 arm=x86-large/gpu/amd score=-1.006701 base_score=-1.006701 expected_reward=-1.040991 confidence=0.034290 utilization=0.000000 utilization_threshold=0.300000 utilization_penalty=0.000000 utilization_weight=8.000000 utilization_term=0.000000
2026/07/17 10:05:45 [MAB] event=arm_score ts=1784275545400 policy=LinUCB function=mab_cost_aware_1784275527 arm=x86-tiny/gpu/nvidia score=-0.996682 base_score=-0.996682 expected_reward=-1.019325 confidence=0.022643 utilization=0.000000 utilization_threshold=0.300000 utilization_penalty=0.000000 utilization_weight=8.000000 utilization_term=0.000000
2026/07/17 10:05:45 [MAB] event=select_arm ts=1784275545400 policy=LinUCB function=mab_cost_aware_1784275527 selected_arm=x86-tiny/gpu/nvidia reason=linucb_score score=-0.996682 arms=[x86-large/gpu/amd,x86-tiny/gpu/nvidia]
2026/07/17 10:05:45 [LB][MAB] event=after_select function=mab_cost_aware_1784275527 selected_tag=x86-tiny/gpu/nvidia compatible_tags=[x86-large/gpu/amd x86-tiny/gpu/nvidia]
2026/07/17 10:05:45 Candidate has: 512 MB free memory. Function needs: 128 MB
2026/07/17 10:05:45 [LB] Selected target for function 'mab_cost_aware_1784275527': target_tag=x86-tiny/gpu/nvidia candidate=cHPEoZusTyaSfwJyKsH6MP1784275527903003381 candidate_tag=x86-tiny/gpu/nvidia
2026/07/17 10:05:45 [LB-Update] Node cHPEoZusTyaSfwJyKsH6MP1784275527903003381 reported 512 MB free
2026/07/17 10:05:45 [MAB] event=reward_breakdown ts=1784275545403 policy=LinUCB function=mab_cost_aware_1784275527 arm=x86-tiny/gpu/nvidia base_tag=x86-tiny architecture=x86 specialization=tiny capabilities=[gpu,nvidia] duration_ms=2.851116 latency_reward=-1.047710 cost_weight=0.000000 cost_factor=1.600000 cost_term=0.000000 energy_weight=0.000000 energy_factor=1.800000 energy_term=0.000000 final_reward=-1.047710
2026/07/17 10:05:45 [MAB] event=update_reward ts=1784275545403 policy=LinUCB function=mab_cost_aware_1784275527 arm=x86-tiny/gpu/nvidia duration_ms=2.851116 warm_start=true utilization=0.000000 reward=-1.047710
2026/07/17 10:05:45 [LB] Compatible tag found: function=mab_cost_aware_1784275527 tag=x86-large/gpu/amd arch=amd64 pattern="gpu" ring_size=1
2026/07/17 10:05:45 [LB] Compatible tag found: function=mab_cost_aware_1784275527 tag=x86-tiny/gpu/nvidia arch=amd64 pattern="gpu" ring_size=1
2026/07/17 10:05:45 [LB] Compatible tags for function 'mab_cost_aware_1784275527': [x86-large/gpu/amd x86-tiny/gpu/nvidia]
2026/07/17 10:05:45 [LB][MAB] event=before_select function=mab_cost_aware_1784275527 compatible_tags=[x86-large/gpu/amd x86-tiny/gpu/nvidia] has_context=true
2026/07/17 10:05:45 [MAB] event=arm_score ts=1784275545623 policy=LinUCB function=mab_cost_aware_1784275527 arm=x86-large/gpu/amd score=-1.006701 base_score=-1.006701 expected_reward=-1.040991 confidence=0.034290 utilization=0.000000 utilization_threshold=0.300000 utilization_penalty=0.000000 utilization_weight=8.000000 utilization_term=0.000000
2026/07/17 10:05:45 [MAB] event=arm_score ts=1784275545623 policy=LinUCB function=mab_cost_aware_1784275527 arm=x86-tiny/gpu/nvidia score=-0.998626 base_score=-0.998626 expected_reward=-1.020709 confidence=0.022084 utilization=0.000000 utilization_threshold=0.300000 utilization_penalty=0.000000 utilization_weight=8.000000 utilization_term=0.000000
2026/07/17 10:05:45 [MAB] event=select_arm ts=1784275545623 policy=LinUCB function=mab_cost_aware_1784275527 selected_arm=x86-tiny/gpu/nvidia reason=linucb_score score=-0.998626 arms=[x86-large/gpu/amd,x86-tiny/gpu/nvidia]
2026/07/17 10:05:45 [LB][MAB] event=after_select function=mab_cost_aware_1784275527 selected_tag=x86-tiny/gpu/nvidia compatible_tags=[x86-large/gpu/amd x86-tiny/gpu/nvidia]
2026/07/17 10:05:45 Candidate has: 512 MB free memory. Function needs: 128 MB
2026/07/17 10:05:45 [LB] Selected target for function 'mab_cost_aware_1784275527': target_tag=x86-tiny/gpu/nvidia candidate=cHPEoZusTyaSfwJyKsH6MP1784275527903003381 candidate_tag=x86-tiny/gpu/nvidia
2026/07/17 10:05:45 [LB-Update] Node cHPEoZusTyaSfwJyKsH6MP1784275527903003381 reported 512 MB free
2026/07/17 10:05:45 [MAB] event=reward_breakdown ts=1784275545627 policy=LinUCB function=mab_cost_aware_1784275527 arm=x86-tiny/gpu/nvidia base_tag=x86-tiny architecture=x86 specialization=tiny capabilities=[gpu,nvidia] duration_ms=2.675969 latency_reward=-0.984312 cost_weight=0.000000 cost_factor=1.600000 cost_term=0.000000 energy_weight=0.000000 energy_factor=1.800000 energy_term=0.000000 final_reward=-0.984312
2026/07/17 10:05:45 [MAB] event=update_reward ts=1784275545627 policy=LinUCB function=mab_cost_aware_1784275527 arm=x86-tiny/gpu/nvidia duration_ms=2.675969 warm_start=true utilization=0.000000 reward=-0.984312
2026/07/17 10:05:45 [LB] Compatible tag found: function=mab_cost_aware_1784275527 tag=x86-large/gpu/amd arch=amd64 pattern="gpu" ring_size=1
2026/07/17 10:05:45 [LB] Compatible tag found: function=mab_cost_aware_1784275527 tag=x86-tiny/gpu/nvidia arch=amd64 pattern="gpu" ring_size=1
2026/07/17 10:05:45 [LB] Compatible tags for function 'mab_cost_aware_1784275527': [x86-large/gpu/amd x86-tiny/gpu/nvidia]
2026/07/17 10:05:45 [LB][MAB] event=before_select function=mab_cost_aware_1784275527 compatible_tags=[x86-large/gpu/amd x86-tiny/gpu/nvidia] has_context=true
2026/07/17 10:05:45 [MAB] event=arm_score ts=1784275545848 policy=LinUCB function=mab_cost_aware_1784275527 arm=x86-large/gpu/amd score=-1.006701 base_score=-1.006701 expected_reward=-1.040991 confidence=0.034290 utilization=0.000000 utilization_threshold=0.300000 utilization_penalty=0.000000 utilization_weight=8.000000 utilization_term=0.000000
2026/07/17 10:05:45 [MAB] event=arm_score ts=1784275545848 policy=LinUCB function=mab_cost_aware_1784275527 arm=x86-tiny/gpu/nvidia score=-0.997453 base_score=-0.997453 expected_reward=-1.019017 confidence=0.021564 utilization=0.000000 utilization_threshold=0.300000 utilization_penalty=0.000000 utilization_weight=8.000000 utilization_term=0.000000
2026/07/17 10:05:45 [MAB] event=select_arm ts=1784275545848 policy=LinUCB function=mab_cost_aware_1784275527 selected_arm=x86-tiny/gpu/nvidia reason=linucb_score score=-0.997453 arms=[x86-large/gpu/amd,x86-tiny/gpu/nvidia]
2026/07/17 10:05:45 [LB][MAB] event=after_select function=mab_cost_aware_1784275527 selected_tag=x86-tiny/gpu/nvidia compatible_tags=[x86-large/gpu/amd x86-tiny/gpu/nvidia]
2026/07/17 10:05:45 Candidate has: 512 MB free memory. Function needs: 128 MB
2026/07/17 10:05:45 [LB] Selected target for function 'mab_cost_aware_1784275527': target_tag=x86-tiny/gpu/nvidia candidate=cHPEoZusTyaSfwJyKsH6MP1784275527903003381 candidate_tag=x86-tiny/gpu/nvidia
2026/07/17 10:05:45 [LB-Update] Node cHPEoZusTyaSfwJyKsH6MP1784275527903003381 reported 512 MB free
2026/07/17 10:05:45 [MAB] event=reward_breakdown ts=1784275545852 policy=LinUCB function=mab_cost_aware_1784275527 arm=x86-tiny/gpu/nvidia base_tag=x86-tiny architecture=x86 specialization=tiny capabilities=[gpu,nvidia] duration_ms=3.174431 latency_reward=-1.155128 cost_weight=0.000000 cost_factor=1.600000 cost_term=0.000000 energy_weight=0.000000 energy_factor=1.800000 energy_term=0.000000 final_reward=-1.155128
2026/07/17 10:05:45 [MAB] event=update_reward ts=1784275545852 policy=LinUCB function=mab_cost_aware_1784275527 arm=x86-tiny/gpu/nvidia duration_ms=3.174431 warm_start=true utilization=0.000000 reward=-1.155128
2026/07/17 10:05:46 [LB] Compatible tag found: function=mab_cost_aware_1784275527 tag=x86-large/gpu/amd arch=amd64 pattern="gpu" ring_size=1
2026/07/17 10:05:46 [LB] Compatible tag found: function=mab_cost_aware_1784275527 tag=x86-tiny/gpu/nvidia arch=amd64 pattern="gpu" ring_size=1
2026/07/17 10:05:46 [LB] Compatible tags for function 'mab_cost_aware_1784275527': [x86-large/gpu/amd x86-tiny/gpu/nvidia]
2026/07/17 10:05:46 [LB][MAB] event=before_select function=mab_cost_aware_1784275527 compatible_tags=[x86-large/gpu/amd x86-tiny/gpu/nvidia] has_context=true
2026/07/17 10:05:46 [MAB] event=arm_score ts=1784275546071 policy=LinUCB function=mab_cost_aware_1784275527 arm=x86-large/gpu/amd score=-1.006701 base_score=-1.006701 expected_reward=-1.040991 confidence=0.034290 utilization=0.000000 utilization_threshold=0.300000 utilization_penalty=0.000000 utilization_weight=8.000000 utilization_term=0.000000
2026/07/17 10:05:46 [MAB] event=arm_score ts=1784275546071 policy=LinUCB function=mab_cost_aware_1784275527 arm=x86-tiny/gpu/nvidia score=-1.003985 base_score=-1.003985 expected_reward=-1.025065 confidence=0.021080 utilization=0.000000 utilization_threshold=0.300000 utilization_penalty=0.000000 utilization_weight=8.000000 utilization_term=0.000000
2026/07/17 10:05:46 [MAB] event=select_arm ts=1784275546071 policy=LinUCB function=mab_cost_aware_1784275527 selected_arm=x86-tiny/gpu/nvidia reason=linucb_score score=-1.003985 arms=[x86-large/gpu/amd,x86-tiny/gpu/nvidia]
2026/07/17 10:05:46 [LB][MAB] event=after_select function=mab_cost_aware_1784275527 selected_tag=x86-tiny/gpu/nvidia compatible_tags=[x86-large/gpu/amd x86-tiny/gpu/nvidia]
2026/07/17 10:05:46 Candidate has: 512 MB free memory. Function needs: 128 MB
2026/07/17 10:05:46 [LB] Selected target for function 'mab_cost_aware_1784275527': target_tag=x86-tiny/gpu/nvidia candidate=cHPEoZusTyaSfwJyKsH6MP1784275527903003381 candidate_tag=x86-tiny/gpu/nvidia
2026/07/17 10:05:46 [LB-Update] Node cHPEoZusTyaSfwJyKsH6MP1784275527903003381 reported 512 MB free
2026/07/17 10:05:46 [MAB] event=reward_breakdown ts=1784275546074 policy=LinUCB function=mab_cost_aware_1784275527 arm=x86-tiny/gpu/nvidia base_tag=x86-tiny architecture=x86 specialization=tiny capabilities=[gpu,nvidia] duration_ms=2.741595 latency_reward=-1.008540 cost_weight=0.000000 cost_factor=1.600000 cost_term=0.000000 energy_weight=0.000000 energy_factor=1.800000 energy_term=0.000000 final_reward=-1.008540
2026/07/17 10:05:46 [MAB] event=update_reward ts=1784275546074 policy=LinUCB function=mab_cost_aware_1784275527 arm=x86-tiny/gpu/nvidia duration_ms=2.741595 warm_start=true utilization=0.000000 reward=-1.008540
2026/07/17 10:05:46 [LB] Compatible tag found: function=mab_cost_aware_1784275527 tag=x86-large/gpu/amd arch=amd64 pattern="gpu" ring_size=1
2026/07/17 10:05:46 [LB] Compatible tag found: function=mab_cost_aware_1784275527 tag=x86-tiny/gpu/nvidia arch=amd64 pattern="gpu" ring_size=1
2026/07/17 10:05:46 [LB] Compatible tags for function 'mab_cost_aware_1784275527': [x86-large/gpu/amd x86-tiny/gpu/nvidia]
2026/07/17 10:05:46 [LB][MAB] event=before_select function=mab_cost_aware_1784275527 compatible_tags=[x86-large/gpu/amd x86-tiny/gpu/nvidia] has_context=true
2026/07/17 10:05:46 [MAB] event=arm_score ts=1784275546296 policy=LinUCB function=mab_cost_aware_1784275527 arm=x86-large/gpu/amd score=-1.006701 base_score=-1.006701 expected_reward=-1.040991 confidence=0.034290 utilization=0.000000 utilization_threshold=0.300000 utilization_penalty=0.000000 utilization_weight=8.000000 utilization_term=0.000000
2026/07/17 10:05:46 [MAB] event=arm_score ts=1784275546296 policy=LinUCB function=mab_cost_aware_1784275527 arm=x86-tiny/gpu/nvidia score=-1.003736 base_score=-1.003736 expected_reward=-1.024362 confidence=0.020626 utilization=0.000000 utilization_threshold=0.300000 utilization_penalty=0.000000 utilization_weight=8.000000 utilization_term=0.000000
2026/07/17 10:05:46 [MAB] event=select_arm ts=1784275546296 policy=LinUCB function=mab_cost_aware_1784275527 selected_arm=x86-tiny/gpu/nvidia reason=linucb_score score=-1.003736 arms=[x86-large/gpu/amd,x86-tiny/gpu/nvidia]
2026/07/17 10:05:46 [LB][MAB] event=after_select function=mab_cost_aware_1784275527 selected_tag=x86-tiny/gpu/nvidia compatible_tags=[x86-large/gpu/amd x86-tiny/gpu/nvidia]
2026/07/17 10:05:46 Candidate has: 512 MB free memory. Function needs: 128 MB
2026/07/17 10:05:46 [LB] Selected target for function 'mab_cost_aware_1784275527': target_tag=x86-tiny/gpu/nvidia candidate=cHPEoZusTyaSfwJyKsH6MP1784275527903003381 candidate_tag=x86-tiny/gpu/nvidia
2026/07/17 10:05:46 [LB-Update] Node cHPEoZusTyaSfwJyKsH6MP1784275527903003381 reported 512 MB free
2026/07/17 10:05:46 [MAB] event=reward_breakdown ts=1784275546300 policy=LinUCB function=mab_cost_aware_1784275527 arm=x86-tiny/gpu/nvidia base_tag=x86-tiny architecture=x86 specialization=tiny capabilities=[gpu,nvidia] duration_ms=3.196997 latency_reward=-1.162212 cost_weight=0.000000 cost_factor=1.600000 cost_term=0.000000 energy_weight=0.000000 energy_factor=1.800000 energy_term=0.000000 final_reward=-1.162212
2026/07/17 10:05:46 [MAB] event=update_reward ts=1784275546300 policy=LinUCB function=mab_cost_aware_1784275527 arm=x86-tiny/gpu/nvidia duration_ms=3.196997 warm_start=true utilization=0.000000 reward=-1.162212
2026/07/17 10:05:46 [LB] Compatible tag found: function=mab_cost_aware_1784275527 tag=x86-large/gpu/amd arch=amd64 pattern="gpu" ring_size=1
2026/07/17 10:05:46 [LB] Compatible tag found: function=mab_cost_aware_1784275527 tag=x86-tiny/gpu/nvidia arch=amd64 pattern="gpu" ring_size=1
2026/07/17 10:05:46 [LB] Compatible tags for function 'mab_cost_aware_1784275527': [x86-large/gpu/amd x86-tiny/gpu/nvidia]
2026/07/17 10:05:46 [LB][MAB] event=before_select function=mab_cost_aware_1784275527 compatible_tags=[x86-large/gpu/amd x86-tiny/gpu/nvidia] has_context=true
2026/07/17 10:05:46 [MAB] event=arm_score ts=1784275546520 policy=LinUCB function=mab_cost_aware_1784275527 arm=x86-large/gpu/amd score=-1.006701 base_score=-1.006701 expected_reward=-1.040991 confidence=0.034290 utilization=0.000000 utilization_threshold=0.300000 utilization_penalty=0.000000 utilization_weight=8.000000 utilization_term=0.000000
2026/07/17 10:05:46 [MAB] event=arm_score ts=1784275546520 policy=LinUCB function=mab_cost_aware_1784275527 arm=x86-tiny/gpu/nvidia score=-1.009786 base_score=-1.009786 expected_reward=-1.029987 confidence=0.020201 utilization=0.000000 utilization_threshold=0.300000 utilization_penalty=0.000000 utilization_weight=8.000000 utilization_term=0.000000
2026/07/17 10:05:46 [MAB] event=select_arm ts=1784275546520 policy=LinUCB function=mab_cost_aware_1784275527 selected_arm=x86-large/gpu/amd reason=linucb_score score=-1.006701 arms=[x86-large/gpu/amd,x86-tiny/gpu/nvidia]
2026/07/17 10:05:46 [LB][MAB] event=after_select function=mab_cost_aware_1784275527 selected_tag=x86-large/gpu/amd compatible_tags=[x86-large/gpu/amd x86-tiny/gpu/nvidia]
2026/07/17 10:05:46 Candidate has: 256 MB free memory. Function needs: 128 MB
2026/07/17 10:05:46 [LB] Selected target for function 'mab_cost_aware_1784275527': target_tag=x86-large/gpu/amd candidate=BEUb3E3sgknWABkdMbxLz71784275527901819432 candidate_tag=x86-large/gpu/amd
2026/07/17 10:05:46 [LB-Update] Node BEUb3E3sgknWABkdMbxLz71784275527901819432 reported 256 MB free
2026/07/17 10:05:46 [MAB] event=reward_breakdown ts=1784275546524 policy=LinUCB function=mab_cost_aware_1784275527 arm=x86-large/gpu/amd base_tag=x86-large architecture=x86 specialization=large capabilities=[gpu,amd] duration_ms=3.080307 latency_reward=-1.125029 cost_weight=0.000000 cost_factor=1.200000 cost_term=0.000000 energy_weight=0.000000 energy_factor=1.200000 energy_term=0.000000 final_reward=-1.125029
2026/07/17 10:05:46 [MAB] event=update_reward ts=1784275546524 policy=LinUCB function=mab_cost_aware_1784275527 arm=x86-large/gpu/amd duration_ms=3.080307 warm_start=true utilization=0.000000 reward=-1.125029
2026/07/17 10:05:46 [LB] Compatible tag found: function=mab_cost_aware_1784275527 tag=x86-large/gpu/amd arch=amd64 pattern="gpu" ring_size=1
2026/07/17 10:05:46 [LB] Compatible tag found: function=mab_cost_aware_1784275527 tag=x86-tiny/gpu/nvidia arch=amd64 pattern="gpu" ring_size=1
2026/07/17 10:05:46 [LB] Compatible tags for function 'mab_cost_aware_1784275527': [x86-large/gpu/amd x86-tiny/gpu/nvidia]
2026/07/17 10:05:46 [LB][MAB] event=before_select function=mab_cost_aware_1784275527 compatible_tags=[x86-large/gpu/amd x86-tiny/gpu/nvidia] has_context=true
2026/07/17 10:05:46 [MAB] event=arm_score ts=1784275546742 policy=LinUCB function=mab_cost_aware_1784275527 arm=x86-large/gpu/amd score=-1.017396 base_score=-1.017396 expected_reward=-1.049832 confidence=0.032436 utilization=0.000000 utilization_threshold=0.300000 utilization_penalty=0.000000 utilization_weight=8.000000 utilization_term=0.000000
2026/07/17 10:05:46 [MAB] event=arm_score ts=1784275546742 policy=LinUCB function=mab_cost_aware_1784275527 arm=x86-tiny/gpu/nvidia score=-1.009786 base_score=-1.009786 expected_reward=-1.029987 confidence=0.020201 utilization=0.000000 utilization_threshold=0.300000 utilization_penalty=0.000000 utilization_weight=8.000000 utilization_term=0.000000
2026/07/17 10:05:46 [MAB] event=select_arm ts=1784275546742 policy=LinUCB function=mab_cost_aware_1784275527 selected_arm=x86-tiny/gpu/nvidia reason=linucb_score score=-1.009786 arms=[x86-large/gpu/amd,x86-tiny/gpu/nvidia]
2026/07/17 10:05:46 [LB][MAB] event=after_select function=mab_cost_aware_1784275527 selected_tag=x86-tiny/gpu/nvidia compatible_tags=[x86-large/gpu/amd x86-tiny/gpu/nvidia]
2026/07/17 10:05:46 Candidate has: 512 MB free memory. Function needs: 128 MB
2026/07/17 10:05:46 [LB] Selected target for function 'mab_cost_aware_1784275527': target_tag=x86-tiny/gpu/nvidia candidate=cHPEoZusTyaSfwJyKsH6MP1784275527903003381 candidate_tag=x86-tiny/gpu/nvidia
2026/07/17 10:05:46 [LB-Update] Node cHPEoZusTyaSfwJyKsH6MP1784275527903003381 reported 512 MB free
2026/07/17 10:05:46 [MAB] event=reward_breakdown ts=1784275546746 policy=LinUCB function=mab_cost_aware_1784275527 arm=x86-tiny/gpu/nvidia base_tag=x86-tiny architecture=x86 specialization=tiny capabilities=[gpu,nvidia] duration_ms=3.297992 latency_reward=-1.193314 cost_weight=0.000000 cost_factor=1.600000 cost_term=0.000000 energy_weight=0.000000 energy_factor=1.800000 energy_term=0.000000 final_reward=-1.193314
2026/07/17 10:05:46 [MAB] event=update_reward ts=1784275546746 policy=LinUCB function=mab_cost_aware_1784275527 arm=x86-tiny/gpu/nvidia duration_ms=3.297992 warm_start=true utilization=0.000000 reward=-1.193314
2026/07/17 10:05:46 [LB] Compatible tag found: function=mab_cost_aware_1784275527 tag=x86-large/gpu/amd arch=amd64 pattern="gpu" ring_size=1
2026/07/17 10:05:46 [LB] Compatible tag found: function=mab_cost_aware_1784275527 tag=x86-tiny/gpu/nvidia arch=amd64 pattern="gpu" ring_size=1
2026/07/17 10:05:46 [LB] Compatible tags for function 'mab_cost_aware_1784275527': [x86-large/gpu/amd x86-tiny/gpu/nvidia]
2026/07/17 10:05:46 [LB][MAB] event=before_select function=mab_cost_aware_1784275527 compatible_tags=[x86-large/gpu/amd x86-tiny/gpu/nvidia] has_context=true
2026/07/17 10:05:46 [MAB] event=arm_score ts=1784275546965 policy=LinUCB function=mab_cost_aware_1784275527 arm=x86-large/gpu/amd score=-1.017396 base_score=-1.017396 expected_reward=-1.049832 confidence=0.032436 utilization=0.000000 utilization_threshold=0.300000 utilization_penalty=0.000000 utilization_weight=8.000000 utilization_term=0.000000
2026/07/17 10:05:46 [MAB] event=arm_score ts=1784275546965 policy=LinUCB function=mab_cost_aware_1784275527 arm=x86-tiny/gpu/nvidia score=-1.016590 base_score=-1.016590 expected_reward=-1.036391 confidence=0.019801 utilization=0.000000 utilization_threshold=0.300000 utilization_penalty=0.000000 utilization_weight=8.000000 utilization_term=0.000000
2026/07/17 10:05:46 [MAB] event=select_arm ts=1784275546965 policy=LinUCB function=mab_cost_aware_1784275527 selected_arm=x86-tiny/gpu/nvidia reason=linucb_score score=-1.016590 arms=[x86-large/gpu/amd,x86-tiny/gpu/nvidia]
2026/07/17 10:05:46 [LB][MAB] event=after_select function=mab_cost_aware_1784275527 selected_tag=x86-tiny/gpu/nvidia compatible_tags=[x86-large/gpu/amd x86-tiny/gpu/nvidia]
2026/07/17 10:05:46 Candidate has: 512 MB free memory. Function needs: 128 MB
2026/07/17 10:05:46 [LB] Selected target for function 'mab_cost_aware_1784275527': target_tag=x86-tiny/gpu/nvidia candidate=cHPEoZusTyaSfwJyKsH6MP1784275527903003381 candidate_tag=x86-tiny/gpu/nvidia
2026/07/17 10:05:46 [LB-Update] Node cHPEoZusTyaSfwJyKsH6MP1784275527903003381 reported 512 MB free
2026/07/17 10:05:46 [MAB] event=reward_breakdown ts=1784275546968 policy=LinUCB function=mab_cost_aware_1784275527 arm=x86-tiny/gpu/nvidia base_tag=x86-tiny architecture=x86 specialization=tiny capabilities=[gpu,nvidia] duration_ms=2.420454 latency_reward=-0.883955 cost_weight=0.000000 cost_factor=1.600000 cost_term=0.000000 energy_weight=0.000000 energy_factor=1.800000 energy_term=0.000000 final_reward=-0.883955
2026/07/17 10:05:46 [MAB] event=update_reward ts=1784275546968 policy=LinUCB function=mab_cost_aware_1784275527 arm=x86-tiny/gpu/nvidia duration_ms=2.420454 warm_start=true utilization=0.000000 reward=-0.883955
2026/07/17 10:05:47 [LB] Compatible tag found: function=mab_cost_aware_1784275527 tag=x86-large/gpu/amd arch=amd64 pattern="gpu" ring_size=1
2026/07/17 10:05:47 [LB] Compatible tag found: function=mab_cost_aware_1784275527 tag=x86-tiny/gpu/nvidia arch=amd64 pattern="gpu" ring_size=1
2026/07/17 10:05:47 [LB] Compatible tags for function 'mab_cost_aware_1784275527': [x86-large/gpu/amd x86-tiny/gpu/nvidia]
2026/07/17 10:05:47 [LB][MAB] event=before_select function=mab_cost_aware_1784275527 compatible_tags=[x86-large/gpu/amd x86-tiny/gpu/nvidia] has_context=true
2026/07/17 10:05:47 [MAB] event=arm_score ts=1784275547189 policy=LinUCB function=mab_cost_aware_1784275527 arm=x86-large/gpu/amd score=-1.017396 base_score=-1.017396 expected_reward=-1.049832 confidence=0.032436 utilization=0.000000 utilization_threshold=0.300000 utilization_penalty=0.000000 utilization_weight=8.000000 utilization_term=0.000000
2026/07/17 10:05:47 [MAB] event=arm_score ts=1784275547189 policy=LinUCB function=mab_cost_aware_1784275527 arm=x86-tiny/gpu/nvidia score=-1.011216 base_score=-1.011216 expected_reward=-1.030640 confidence=0.019424 utilization=0.000000 utilization_threshold=0.300000 utilization_penalty=0.000000 utilization_weight=8.000000 utilization_term=0.000000
2026/07/17 10:05:47 [MAB] event=select_arm ts=1784275547189 policy=LinUCB function=mab_cost_aware_1784275527 selected_arm=x86-tiny/gpu/nvidia reason=linucb_score score=-1.011216 arms=[x86-large/gpu/amd,x86-tiny/gpu/nvidia]
2026/07/17 10:05:47 [LB][MAB] event=after_select function=mab_cost_aware_1784275527 selected_tag=x86-tiny/gpu/nvidia compatible_tags=[x86-large/gpu/amd x86-tiny/gpu/nvidia]
2026/07/17 10:05:47 Candidate has: 512 MB free memory. Function needs: 128 MB
2026/07/17 10:05:47 [LB] Selected target for function 'mab_cost_aware_1784275527': target_tag=x86-tiny/gpu/nvidia candidate=cHPEoZusTyaSfwJyKsH6MP1784275527903003381 candidate_tag=x86-tiny/gpu/nvidia
2026/07/17 10:05:47 [LB-Update] Node cHPEoZusTyaSfwJyKsH6MP1784275527903003381 reported 512 MB free
2026/07/17 10:05:47 [MAB] event=reward_breakdown ts=1784275547193 policy=LinUCB function=mab_cost_aware_1784275527 arm=x86-tiny/gpu/nvidia base_tag=x86-tiny architecture=x86 specialization=tiny capabilities=[gpu,nvidia] duration_ms=3.162136 latency_reward=-1.151248 cost_weight=0.000000 cost_factor=1.600000 cost_term=0.000000 energy_weight=0.000000 energy_factor=1.800000 energy_term=0.000000 final_reward=-1.151248
2026/07/17 10:05:47 [MAB] event=update_reward ts=1784275547193 policy=LinUCB function=mab_cost_aware_1784275527 arm=x86-tiny/gpu/nvidia duration_ms=3.162136 warm_start=true utilization=0.000000 reward=-1.151248
2026/07/17 10:05:47 [LB] Compatible tag found: function=mab_cost_aware_1784275527 tag=x86-large/gpu/amd arch=amd64 pattern="gpu" ring_size=1
2026/07/17 10:05:47 [LB] Compatible tag found: function=mab_cost_aware_1784275527 tag=x86-tiny/gpu/nvidia arch=amd64 pattern="gpu" ring_size=1
2026/07/17 10:05:47 [LB] Compatible tags for function 'mab_cost_aware_1784275527': [x86-large/gpu/amd x86-tiny/gpu/nvidia]
2026/07/17 10:05:47 [LB][MAB] event=before_select function=mab_cost_aware_1784275527 compatible_tags=[x86-large/gpu/amd x86-tiny/gpu/nvidia] has_context=true
2026/07/17 10:05:47 [MAB] event=arm_score ts=1784275547412 policy=LinUCB function=mab_cost_aware_1784275527 arm=x86-large/gpu/amd score=-1.017396 base_score=-1.017396 expected_reward=-1.049832 confidence=0.032436 utilization=0.000000 utilization_threshold=0.300000 utilization_penalty=0.000000 utilization_weight=8.000000 utilization_term=0.000000
2026/07/17 10:05:47 [MAB] event=arm_score ts=1784275547412 policy=LinUCB function=mab_cost_aware_1784275527 arm=x86-tiny/gpu/nvidia score=-1.015957 base_score=-1.015957 expected_reward=-1.035025 confidence=0.019068 utilization=0.000000 utilization_threshold=0.300000 utilization_penalty=0.000000 utilization_weight=8.000000 utilization_term=0.000000
2026/07/17 10:05:47 [MAB] event=select_arm ts=1784275547412 policy=LinUCB function=mab_cost_aware_1784275527 selected_arm=x86-tiny/gpu/nvidia reason=linucb_score score=-1.015957 arms=[x86-large/gpu/amd,x86-tiny/gpu/nvidia]
2026/07/17 10:05:47 [LB][MAB] event=after_select function=mab_cost_aware_1784275527 selected_tag=x86-tiny/gpu/nvidia compatible_tags=[x86-large/gpu/amd x86-tiny/gpu/nvidia]
2026/07/17 10:05:47 Candidate has: 512 MB free memory. Function needs: 128 MB
2026/07/17 10:05:47 [LB] Selected target for function 'mab_cost_aware_1784275527': target_tag=x86-tiny/gpu/nvidia candidate=cHPEoZusTyaSfwJyKsH6MP1784275527903003381 candidate_tag=x86-tiny/gpu/nvidia
2026/07/17 10:05:47 [LB-Update] Node cHPEoZusTyaSfwJyKsH6MP1784275527903003381 reported 512 MB free
2026/07/17 10:05:47 [MAB] event=reward_breakdown ts=1784275547415 policy=LinUCB function=mab_cost_aware_1784275527 arm=x86-tiny/gpu/nvidia base_tag=x86-tiny architecture=x86 specialization=tiny capabilities=[gpu,nvidia] duration_ms=2.727053 latency_reward=-1.003222 cost_weight=0.000000 cost_factor=1.600000 cost_term=0.000000 energy_weight=0.000000 energy_factor=1.800000 energy_term=0.000000 final_reward=-1.003222
2026/07/17 10:05:47 [MAB] event=update_reward ts=1784275547415 policy=LinUCB function=mab_cost_aware_1784275527 arm=x86-tiny/gpu/nvidia duration_ms=2.727053 warm_start=true utilization=0.000000 reward=-1.003222
2026/07/17 10:05:47 [LB] Compatible tag found: function=mab_cost_aware_1784275527 tag=x86-large/gpu/amd arch=amd64 pattern="gpu" ring_size=1
2026/07/17 10:05:47 [LB] Compatible tag found: function=mab_cost_aware_1784275527 tag=x86-tiny/gpu/nvidia arch=amd64 pattern="gpu" ring_size=1
2026/07/17 10:05:47 [LB] Compatible tags for function 'mab_cost_aware_1784275527': [x86-large/gpu/amd x86-tiny/gpu/nvidia]
2026/07/17 10:05:47 [LB][MAB] event=before_select function=mab_cost_aware_1784275527 compatible_tags=[x86-large/gpu/amd x86-tiny/gpu/nvidia] has_context=true
2026/07/17 10:05:47 [MAB] event=arm_score ts=1784275547636 policy=LinUCB function=mab_cost_aware_1784275527 arm=x86-large/gpu/amd score=-1.017396 base_score=-1.017396 expected_reward=-1.049832 confidence=0.032436 utilization=0.000000 utilization_threshold=0.300000 utilization_penalty=0.000000 utilization_weight=8.000000 utilization_term=0.000000
2026/07/17 10:05:47 [MAB] event=arm_score ts=1784275547636 policy=LinUCB function=mab_cost_aware_1784275527 arm=x86-tiny/gpu/nvidia score=-1.015179 base_score=-1.015179 expected_reward=-1.033909 confidence=0.018730 utilization=0.000000 utilization_threshold=0.300000 utilization_penalty=0.000000 utilization_weight=8.000000 utilization_term=0.000000
2026/07/17 10:05:47 [MAB] event=select_arm ts=1784275547636 policy=LinUCB function=mab_cost_aware_1784275527 selected_arm=x86-tiny/gpu/nvidia reason=linucb_score score=-1.015179 arms=[x86-large/gpu/amd,x86-tiny/gpu/nvidia]
2026/07/17 10:05:47 [LB][MAB] event=after_select function=mab_cost_aware_1784275527 selected_tag=x86-tiny/gpu/nvidia compatible_tags=[x86-large/gpu/amd x86-tiny/gpu/nvidia]
2026/07/17 10:05:47 Candidate has: 512 MB free memory. Function needs: 128 MB
2026/07/17 10:05:47 [LB] Selected target for function 'mab_cost_aware_1784275527': target_tag=x86-tiny/gpu/nvidia candidate=cHPEoZusTyaSfwJyKsH6MP1784275527903003381 candidate_tag=x86-tiny/gpu/nvidia
2026/07/17 10:05:47 [LB-Update] Node cHPEoZusTyaSfwJyKsH6MP1784275527903003381 reported 512 MB free
2026/07/17 10:05:47 [MAB] event=reward_breakdown ts=1784275547639 policy=LinUCB function=mab_cost_aware_1784275527 arm=x86-tiny/gpu/nvidia base_tag=x86-tiny architecture=x86 specialization=tiny capabilities=[gpu,nvidia] duration_ms=2.796682 latency_reward=-1.028434 cost_weight=0.000000 cost_factor=1.600000 cost_term=0.000000 energy_weight=0.000000 energy_factor=1.800000 energy_term=0.000000 final_reward=-1.028434
2026/07/17 10:05:47 [MAB] event=update_reward ts=1784275547639 policy=LinUCB function=mab_cost_aware_1784275527 arm=x86-tiny/gpu/nvidia duration_ms=2.796682 warm_start=true utilization=0.000000 reward=-1.028434
2026/07/17 10:05:47 [LB] Compatible tag found: function=mab_cost_aware_1784275527 tag=x86-large/gpu/amd arch=amd64 pattern="gpu" ring_size=1
2026/07/17 10:05:47 [LB] Compatible tag found: function=mab_cost_aware_1784275527 tag=x86-tiny/gpu/nvidia arch=amd64 pattern="gpu" ring_size=1
2026/07/17 10:05:47 [LB] Compatible tags for function 'mab_cost_aware_1784275527': [x86-large/gpu/amd x86-tiny/gpu/nvidia]
2026/07/17 10:05:47 [LB][MAB] event=before_select function=mab_cost_aware_1784275527 compatible_tags=[x86-large/gpu/amd x86-tiny/gpu/nvidia] has_context=true
2026/07/17 10:05:47 [MAB] event=arm_score ts=1784275547861 policy=LinUCB function=mab_cost_aware_1784275527 arm=x86-large/gpu/amd score=-1.017396 base_score=-1.017396 expected_reward=-1.049832 confidence=0.032436 utilization=0.000000 utilization_threshold=0.300000 utilization_penalty=0.000000 utilization_weight=8.000000 utilization_term=0.000000
2026/07/17 10:05:47 [MAB] event=arm_score ts=1784275547861 policy=LinUCB function=mab_cost_aware_1784275527 arm=x86-tiny/gpu/nvidia score=-1.015314 base_score=-1.015314 expected_reward=-1.033723 confidence=0.018410 utilization=0.000000 utilization_threshold=0.300000 utilization_penalty=0.000000 utilization_weight=8.000000 utilization_term=0.000000
2026/07/17 10:05:47 [MAB] event=select_arm ts=1784275547861 policy=LinUCB function=mab_cost_aware_1784275527 selected_arm=x86-tiny/gpu/nvidia reason=linucb_score score=-1.015314 arms=[x86-large/gpu/amd,x86-tiny/gpu/nvidia]
2026/07/17 10:05:47 [LB][MAB] event=after_select function=mab_cost_aware_1784275527 selected_tag=x86-tiny/gpu/nvidia compatible_tags=[x86-large/gpu/amd x86-tiny/gpu/nvidia]
2026/07/17 10:05:47 Candidate has: 512 MB free memory. Function needs: 128 MB
2026/07/17 10:05:47 [LB] Selected target for function 'mab_cost_aware_1784275527': target_tag=x86-tiny/gpu/nvidia candidate=cHPEoZusTyaSfwJyKsH6MP1784275527903003381 candidate_tag=x86-tiny/gpu/nvidia
2026/07/17 10:05:47 [LB-Update] Node cHPEoZusTyaSfwJyKsH6MP1784275527903003381 reported 512 MB free
2026/07/17 10:05:47 [MAB] event=reward_breakdown ts=1784275547865 policy=LinUCB function=mab_cost_aware_1784275527 arm=x86-tiny/gpu/nvidia base_tag=x86-tiny architecture=x86 specialization=tiny capabilities=[gpu,nvidia] duration_ms=3.033007 latency_reward=-1.109555 cost_weight=0.000000 cost_factor=1.600000 cost_term=0.000000 energy_weight=0.000000 energy_factor=1.800000 energy_term=0.000000 final_reward=-1.109555
2026/07/17 10:05:47 [MAB] event=update_reward ts=1784275547865 policy=LinUCB function=mab_cost_aware_1784275527 arm=x86-tiny/gpu/nvidia duration_ms=3.033007 warm_start=true utilization=0.000000 reward=-1.109555
2026/07/17 10:05:47 [LB]: Periodic targets update
2026/07/17 10:05:47 Found target: 3aoWqmtGSSDJf9LfSAkQVe1784275527904303326
2026/07/17 10:05:47 Found target: BEUb3E3sgknWABkdMbxLz71784275527901819432
2026/07/17 10:05:47 Found target: YwwYVYiDZsPUTZWRYk43oL1784275527901060803
2026/07/17 10:05:47 Found target: cHPEoZusTyaSfwJyKsH6MP1784275527903003381
2026/07/17 10:05:47 Found 4 targets
2026/07/17 10:05:48 [LB] Compatible tag found: function=mab_cost_aware_1784275527 tag=x86-large/gpu/amd arch=amd64 pattern="gpu" ring_size=1
2026/07/17 10:05:48 [LB] Compatible tag found: function=mab_cost_aware_1784275527 tag=x86-tiny/gpu/nvidia arch=amd64 pattern="gpu" ring_size=1
2026/07/17 10:05:48 [LB] Compatible tags for function 'mab_cost_aware_1784275527': [x86-large/gpu/amd x86-tiny/gpu/nvidia]
2026/07/17 10:05:48 [LB][MAB] event=before_select function=mab_cost_aware_1784275527 compatible_tags=[x86-large/gpu/amd x86-tiny/gpu/nvidia] has_context=true
2026/07/17 10:05:48 [MAB] event=arm_score ts=1784275548085 policy=LinUCB function=mab_cost_aware_1784275527 arm=x86-large/gpu/amd score=-1.017396 base_score=-1.017396 expected_reward=-1.049832 confidence=0.032436 utilization=0.000000 utilization_threshold=0.300000 utilization_penalty=0.000000 utilization_weight=8.000000 utilization_term=0.000000
2026/07/17 10:05:48 [MAB] event=arm_score ts=1784275548085 policy=LinUCB function=mab_cost_aware_1784275527 arm=x86-tiny/gpu/nvidia score=-1.018104 base_score=-1.018104 expected_reward=-1.036209 confidence=0.018106 utilization=0.000000 utilization_threshold=0.300000 utilization_penalty=0.000000 utilization_weight=8.000000 utilization_term=0.000000
2026/07/17 10:05:48 [MAB] event=select_arm ts=1784275548085 policy=LinUCB function=mab_cost_aware_1784275527 selected_arm=x86-large/gpu/amd reason=linucb_score score=-1.017396 arms=[x86-large/gpu/amd,x86-tiny/gpu/nvidia]
2026/07/17 10:05:48 [LB][MAB] event=after_select function=mab_cost_aware_1784275527 selected_tag=x86-large/gpu/amd compatible_tags=[x86-large/gpu/amd x86-tiny/gpu/nvidia]
2026/07/17 10:05:48 Candidate has: 256 MB free memory. Function needs: 128 MB
2026/07/17 10:05:48 [LB] Selected target for function 'mab_cost_aware_1784275527': target_tag=x86-large/gpu/amd candidate=BEUb3E3sgknWABkdMbxLz71784275527901819432 candidate_tag=x86-large/gpu/amd
2026/07/17 10:05:48 [LB-Update] Node BEUb3E3sgknWABkdMbxLz71784275527901819432 reported 256 MB free
2026/07/17 10:05:48 [MAB] event=reward_breakdown ts=1784275548089 policy=LinUCB function=mab_cost_aware_1784275527 arm=x86-large/gpu/amd base_tag=x86-large architecture=x86 specialization=large capabilities=[gpu,amd] duration_ms=2.867521 latency_reward=-1.053448 cost_weight=0.000000 cost_factor=1.200000 cost_term=0.000000 energy_weight=0.000000 energy_factor=1.200000 energy_term=0.000000 final_reward=-1.053448
2026/07/17 10:05:48 [MAB] event=update_reward ts=1784275548089 policy=LinUCB function=mab_cost_aware_1784275527 arm=x86-large/gpu/amd duration_ms=2.867521 warm_start=true utilization=0.000000 reward=-1.053448
2026/07/17 10:05:48 [LB] Compatible tag found: function=mab_cost_aware_1784275527 tag=x86-large/gpu/amd arch=amd64 pattern="gpu" ring_size=1
2026/07/17 10:05:48 [LB] Compatible tag found: function=mab_cost_aware_1784275527 tag=x86-tiny/gpu/nvidia arch=amd64 pattern="gpu" ring_size=1
2026/07/17 10:05:48 [LB] Compatible tags for function 'mab_cost_aware_1784275527': [x86-large/gpu/amd x86-tiny/gpu/nvidia]
2026/07/17 10:05:48 [LB][MAB] event=before_select function=mab_cost_aware_1784275527 compatible_tags=[x86-large/gpu/amd x86-tiny/gpu/nvidia] has_context=true
2026/07/17 10:05:48 [MAB] event=arm_score ts=1784275548309 policy=LinUCB function=mab_cost_aware_1784275527 arm=x86-large/gpu/amd score=-1.019323 base_score=-1.019323 expected_reward=-1.050176 confidence=0.030853 utilization=0.000000 utilization_threshold=0.300000 utilization_penalty=0.000000 utilization_weight=8.000000 utilization_term=0.000000
2026/07/17 10:05:48 [MAB] event=arm_score ts=1784275548309 policy=LinUCB function=mab_cost_aware_1784275527 arm=x86-tiny/gpu/nvidia score=-1.018104 base_score=-1.018104 expected_reward=-1.036209 confidence=0.018106 utilization=0.000000 utilization_threshold=0.300000 utilization_penalty=0.000000 utilization_weight=8.000000 utilization_term=0.000000
2026/07/17 10:05:48 [MAB] event=select_arm ts=1784275548309 policy=LinUCB function=mab_cost_aware_1784275527 selected_arm=x86-tiny/gpu/nvidia reason=linucb_score score=-1.018104 arms=[x86-large/gpu/amd,x86-tiny/gpu/nvidia]
2026/07/17 10:05:48 [LB][MAB] event=after_select function=mab_cost_aware_1784275527 selected_tag=x86-tiny/gpu/nvidia compatible_tags=[x86-large/gpu/amd x86-tiny/gpu/nvidia]
2026/07/17 10:05:48 Candidate has: 512 MB free memory. Function needs: 128 MB
2026/07/17 10:05:48 [LB] Selected target for function 'mab_cost_aware_1784275527': target_tag=x86-tiny/gpu/nvidia candidate=cHPEoZusTyaSfwJyKsH6MP1784275527903003381 candidate_tag=x86-tiny/gpu/nvidia
2026/07/17 10:05:48 [LB-Update] Node cHPEoZusTyaSfwJyKsH6MP1784275527903003381 reported 512 MB free
2026/07/17 10:05:48 [MAB] event=reward_breakdown ts=1784275548313 policy=LinUCB function=mab_cost_aware_1784275527 arm=x86-tiny/gpu/nvidia base_tag=x86-tiny architecture=x86 specialization=tiny capabilities=[gpu,nvidia] duration_ms=3.065440 latency_reward=-1.120191 cost_weight=0.000000 cost_factor=1.600000 cost_term=0.000000 energy_weight=0.000000 energy_factor=1.800000 energy_term=0.000000 final_reward=-1.120191
2026/07/17 10:05:48 [MAB] event=update_reward ts=1784275548313 policy=LinUCB function=mab_cost_aware_1784275527 arm=x86-tiny/gpu/nvidia duration_ms=3.065440 warm_start=true utilization=0.000000 reward=-1.120191
2026/07/17 10:05:48 [LB] Compatible tag found: function=mab_cost_aware_1784275527 tag=x86-large/gpu/amd arch=amd64 pattern="gpu" ring_size=1
2026/07/17 10:05:48 [LB] Compatible tag found: function=mab_cost_aware_1784275527 tag=x86-tiny/gpu/nvidia arch=amd64 pattern="gpu" ring_size=1
2026/07/17 10:05:48 [LB] Compatible tags for function 'mab_cost_aware_1784275527': [x86-large/gpu/amd x86-tiny/gpu/nvidia]
2026/07/17 10:05:48 [LB][MAB] event=before_select function=mab_cost_aware_1784275527 compatible_tags=[x86-large/gpu/amd x86-tiny/gpu/nvidia] has_context=true
2026/07/17 10:05:48 [MAB] event=arm_score ts=1784275548532 policy=LinUCB function=mab_cost_aware_1784275527 arm=x86-large/gpu/amd score=-1.019323 base_score=-1.019323 expected_reward=-1.050176 confidence=0.030853 utilization=0.000000 utilization_threshold=0.300000 utilization_penalty=0.000000 utilization_weight=8.000000 utilization_term=0.000000
2026/07/17 10:05:48 [MAB] event=arm_score ts=1784275548532 policy=LinUCB function=mab_cost_aware_1784275527 arm=x86-tiny/gpu/nvidia score=-1.021059 base_score=-1.021059 expected_reward=-1.038875 confidence=0.017816 utilization=0.000000 utilization_threshold=0.300000 utilization_penalty=0.000000 utilization_weight=8.000000 utilization_term=0.000000
2026/07/17 10:05:48 [MAB] event=select_arm ts=1784275548532 policy=LinUCB function=mab_cost_aware_1784275527 selected_arm=x86-large/gpu/amd reason=linucb_score score=-1.019323 arms=[x86-large/gpu/amd,x86-tiny/gpu/nvidia]
2026/07/17 10:05:48 [LB][MAB] event=after_select function=mab_cost_aware_1784275527 selected_tag=x86-large/gpu/amd compatible_tags=[x86-large/gpu/amd x86-tiny/gpu/nvidia]
2026/07/17 10:05:48 Candidate has: 256 MB free memory. Function needs: 128 MB
2026/07/17 10:05:48 [LB] Selected target for function 'mab_cost_aware_1784275527': target_tag=x86-large/gpu/amd candidate=BEUb3E3sgknWABkdMbxLz71784275527901819432 candidate_tag=x86-large/gpu/amd
2026/07/17 10:05:48 [LB-Update] Node BEUb3E3sgknWABkdMbxLz71784275527901819432 reported 256 MB free
2026/07/17 10:05:48 [MAB] event=reward_breakdown ts=1784275548536 policy=LinUCB function=mab_cost_aware_1784275527 arm=x86-large/gpu/amd base_tag=x86-large architecture=x86 specialization=large capabilities=[gpu,amd] duration_ms=3.456870 latency_reward=-1.240364 cost_weight=0.000000 cost_factor=1.200000 cost_term=0.000000 energy_weight=0.000000 energy_factor=1.200000 energy_term=0.000000 final_reward=-1.240364
2026/07/17 10:05:48 [MAB] event=update_reward ts=1784275548536 policy=LinUCB function=mab_cost_aware_1784275527 arm=x86-large/gpu/amd duration_ms=3.456870 warm_start=true utilization=0.000000 reward=-1.240364
2026/07/17 10:05:48 [LB] Compatible tag found: function=mab_cost_aware_1784275527 tag=x86-large/gpu/amd arch=amd64 pattern="gpu" ring_size=1
2026/07/17 10:05:48 [LB] Compatible tag found: function=mab_cost_aware_1784275527 tag=x86-tiny/gpu/nvidia arch=amd64 pattern="gpu" ring_size=1
2026/07/17 10:05:48 [LB] Compatible tags for function 'mab_cost_aware_1784275527': [x86-large/gpu/amd x86-tiny/gpu/nvidia]
2026/07/17 10:05:48 [LB][MAB] event=before_select function=mab_cost_aware_1784275527 compatible_tags=[x86-large/gpu/amd x86-tiny/gpu/nvidia] has_context=true
2026/07/17 10:05:48 [MAB] event=arm_score ts=1784275548757 policy=LinUCB function=mab_cost_aware_1784275527 arm=x86-large/gpu/amd score=-1.037225 base_score=-1.037225 expected_reward=-1.066707 confidence=0.029482 utilization=0.000000 utilization_threshold=0.300000 utilization_penalty=0.000000 utilization_weight=8.000000 utilization_term=0.000000
2026/07/17 10:05:48 [MAB] event=arm_score ts=1784275548758 policy=LinUCB function=mab_cost_aware_1784275527 arm=x86-tiny/gpu/nvidia score=-1.021059 base_score=-1.021059 expected_reward=-1.038875 confidence=0.017816 utilization=0.000000 utilization_threshold=0.300000 utilization_penalty=0.000000 utilization_weight=8.000000 utilization_term=0.000000
2026/07/17 10:05:48 [MAB] event=select_arm ts=1784275548758 policy=LinUCB function=mab_cost_aware_1784275527 selected_arm=x86-tiny/gpu/nvidia reason=linucb_score score=-1.021059 arms=[x86-large/gpu/amd,x86-tiny/gpu/nvidia]
2026/07/17 10:05:48 [LB][MAB] event=after_select function=mab_cost_aware_1784275527 selected_tag=x86-tiny/gpu/nvidia compatible_tags=[x86-large/gpu/amd x86-tiny/gpu/nvidia]
2026/07/17 10:05:48 Candidate has: 512 MB free memory. Function needs: 128 MB
2026/07/17 10:05:48 [LB] Selected target for function 'mab_cost_aware_1784275527': target_tag=x86-tiny/gpu/nvidia candidate=cHPEoZusTyaSfwJyKsH6MP1784275527903003381 candidate_tag=x86-tiny/gpu/nvidia
2026/07/17 10:05:48 [LB-Update] Node cHPEoZusTyaSfwJyKsH6MP1784275527903003381 reported 512 MB free
2026/07/17 10:05:48 [MAB] event=reward_breakdown ts=1784275548761 policy=LinUCB function=mab_cost_aware_1784275527 arm=x86-tiny/gpu/nvidia base_tag=x86-tiny architecture=x86 specialization=tiny capabilities=[gpu,nvidia] duration_ms=3.058097 latency_reward=-1.117793 cost_weight=0.000000 cost_factor=1.600000 cost_term=0.000000 energy_weight=0.000000 energy_factor=1.800000 energy_term=0.000000 final_reward=-1.117793
2026/07/17 10:05:48 [MAB] event=update_reward ts=1784275548762 policy=LinUCB function=mab_cost_aware_1784275527 arm=x86-tiny/gpu/nvidia duration_ms=3.058097 warm_start=true utilization=0.000000 reward=-1.117793
2026/07/17 10:05:48 [LB] Compatible tag found: function=mab_cost_aware_1784275527 tag=x86-large/gpu/amd arch=amd64 pattern="gpu" ring_size=1
2026/07/17 10:05:48 [LB] Compatible tag found: function=mab_cost_aware_1784275527 tag=x86-tiny/gpu/nvidia arch=amd64 pattern="gpu" ring_size=1
2026/07/17 10:05:48 [LB] Compatible tags for function 'mab_cost_aware_1784275527': [x86-large/gpu/amd x86-tiny/gpu/nvidia]
2026/07/17 10:05:48 [LB][MAB] event=before_select function=mab_cost_aware_1784275527 compatible_tags=[x86-large/gpu/amd x86-tiny/gpu/nvidia] has_context=true
2026/07/17 10:05:48 [MAB] event=arm_score ts=1784275548981 policy=LinUCB function=mab_cost_aware_1784275527 arm=x86-large/gpu/amd score=-1.037225 base_score=-1.037225 expected_reward=-1.066707 confidence=0.029482 utilization=0.000000 utilization_threshold=0.300000 utilization_penalty=0.000000 utilization_weight=8.000000 utilization_term=0.000000
2026/07/17 10:05:48 [MAB] event=arm_score ts=1784275548981 policy=LinUCB function=mab_cost_aware_1784275527 arm=x86-tiny/gpu/nvidia score=-1.023763 base_score=-1.023763 expected_reward=-1.041303 confidence=0.017540 utilization=0.000000 utilization_threshold=0.300000 utilization_penalty=0.000000 utilization_weight=8.000000 utilization_term=0.000000
2026/07/17 10:05:48 [MAB] event=select_arm ts=1784275548981 policy=LinUCB function=mab_cost_aware_1784275527 selected_arm=x86-tiny/gpu/nvidia reason=linucb_score score=-1.023763 arms=[x86-large/gpu/amd,x86-tiny/gpu/nvidia]
2026/07/17 10:05:48 [LB][MAB] event=after_select function=mab_cost_aware_1784275527 selected_tag=x86-tiny/gpu/nvidia compatible_tags=[x86-large/gpu/amd x86-tiny/gpu/nvidia]
2026/07/17 10:05:48 Candidate has: 512 MB free memory. Function needs: 128 MB
2026/07/17 10:05:48 [LB] Selected target for function 'mab_cost_aware_1784275527': target_tag=x86-tiny/gpu/nvidia candidate=cHPEoZusTyaSfwJyKsH6MP1784275527903003381 candidate_tag=x86-tiny/gpu/nvidia
2026/07/17 10:05:48 [LB-Update] Node cHPEoZusTyaSfwJyKsH6MP1784275527903003381 reported 512 MB free
2026/07/17 10:05:48 [MAB] event=reward_breakdown ts=1784275548984 policy=LinUCB function=mab_cost_aware_1784275527 arm=x86-tiny/gpu/nvidia base_tag=x86-tiny architecture=x86 specialization=tiny capabilities=[gpu,nvidia] duration_ms=2.805568 latency_reward=-1.031606 cost_weight=0.000000 cost_factor=1.600000 cost_term=0.000000 energy_weight=0.000000 energy_factor=1.800000 energy_term=0.000000 final_reward=-1.031606
2026/07/17 10:05:48 [MAB] event=update_reward ts=1784275548984 policy=LinUCB function=mab_cost_aware_1784275527 arm=x86-tiny/gpu/nvidia duration_ms=2.805568 warm_start=true utilization=0.000000 reward=-1.031606
2026/07/17 10:05:49 [LB] Compatible tag found: function=mab_cost_aware_1784275527 tag=x86-large/gpu/amd arch=amd64 pattern="gpu" ring_size=1
2026/07/17 10:05:49 [LB] Compatible tag found: function=mab_cost_aware_1784275527 tag=x86-tiny/gpu/nvidia arch=amd64 pattern="gpu" ring_size=1
2026/07/17 10:05:49 [LB] Compatible tags for function 'mab_cost_aware_1784275527': [x86-large/gpu/amd x86-tiny/gpu/nvidia]
2026/07/17 10:05:49 [LB][MAB] event=before_select function=mab_cost_aware_1784275527 compatible_tags=[x86-large/gpu/amd x86-tiny/gpu/nvidia] has_context=true
2026/07/17 10:05:49 [MAB] event=arm_score ts=1784275549202 policy=LinUCB function=mab_cost_aware_1784275527 arm=x86-large/gpu/amd score=-1.037225 base_score=-1.037225 expected_reward=-1.066707 confidence=0.029482 utilization=0.000000 utilization_threshold=0.300000 utilization_penalty=0.000000 utilization_weight=8.000000 utilization_term=0.000000
2026/07/17 10:05:49 [MAB] event=arm_score ts=1784275549202 policy=LinUCB function=mab_cost_aware_1784275527 arm=x86-tiny/gpu/nvidia score=-1.023737 base_score=-1.023737 expected_reward=-1.041013 confidence=0.017276 utilization=0.000000 utilization_threshold=0.300000 utilization_penalty=0.000000 utilization_weight=8.000000 utilization_term=0.000000
2026/07/17 10:05:49 [MAB] event=select_arm ts=1784275549202 policy=LinUCB function=mab_cost_aware_1784275527 selected_arm=x86-tiny/gpu/nvidia reason=linucb_score score=-1.023737 arms=[x86-large/gpu/amd,x86-tiny/gpu/nvidia]
2026/07/17 10:05:49 [LB][MAB] event=after_select function=mab_cost_aware_1784275527 selected_tag=x86-tiny/gpu/nvidia compatible_tags=[x86-large/gpu/amd x86-tiny/gpu/nvidia]
2026/07/17 10:05:49 Candidate has: 512 MB free memory. Function needs: 128 MB
2026/07/17 10:05:49 [LB] Selected target for function 'mab_cost_aware_1784275527': target_tag=x86-tiny/gpu/nvidia candidate=cHPEoZusTyaSfwJyKsH6MP1784275527903003381 candidate_tag=x86-tiny/gpu/nvidia
2026/07/17 10:05:49 [LB-Update] Node cHPEoZusTyaSfwJyKsH6MP1784275527903003381 reported 512 MB free
2026/07/17 10:05:49 [MAB] event=reward_breakdown ts=1784275549206 policy=LinUCB function=mab_cost_aware_1784275527 arm=x86-tiny/gpu/nvidia base_tag=x86-tiny architecture=x86 specialization=tiny capabilities=[gpu,nvidia] duration_ms=2.524044 latency_reward=-0.925862 cost_weight=0.000000 cost_factor=1.600000 cost_term=0.000000 energy_weight=0.000000 energy_factor=1.800000 energy_term=0.000000 final_reward=-0.925862
2026/07/17 10:05:49 [MAB] event=update_reward ts=1784275549206 policy=LinUCB function=mab_cost_aware_1784275527 arm=x86-tiny/gpu/nvidia duration_ms=2.524044 warm_start=true utilization=0.000000 reward=-0.925862
2026/07/17 10:05:49 [LB] Compatible tag found: function=mab_cost_aware_1784275527 tag=x86-large/gpu/amd arch=amd64 pattern="gpu" ring_size=1
2026/07/17 10:05:49 [LB] Compatible tag found: function=mab_cost_aware_1784275527 tag=x86-tiny/gpu/nvidia arch=amd64 pattern="gpu" ring_size=1
2026/07/17 10:05:49 [LB] Compatible tags for function 'mab_cost_aware_1784275527': [x86-large/gpu/amd x86-tiny/gpu/nvidia]
2026/07/17 10:05:49 [LB][MAB] event=before_select function=mab_cost_aware_1784275527 compatible_tags=[x86-large/gpu/amd x86-tiny/gpu/nvidia] has_context=true
2026/07/17 10:05:49 [MAB] event=arm_score ts=1784275549424 policy=LinUCB function=mab_cost_aware_1784275527 arm=x86-large/gpu/amd score=-1.037225 base_score=-1.037225 expected_reward=-1.066707 confidence=0.029482 utilization=0.000000 utilization_threshold=0.300000 utilization_penalty=0.000000 utilization_weight=8.000000 utilization_term=0.000000
2026/07/17 10:05:49 [MAB] event=arm_score ts=1784275549424 policy=LinUCB function=mab_cost_aware_1784275527 arm=x86-tiny/gpu/nvidia score=-1.020652 base_score=-1.020652 expected_reward=-1.037676 confidence=0.017024 utilization=0.000000 utilization_threshold=0.300000 utilization_penalty=0.000000 utilization_weight=8.000000 utilization_term=0.000000
2026/07/17 10:05:49 [MAB] event=select_arm ts=1784275549424 policy=LinUCB function=mab_cost_aware_1784275527 selected_arm=x86-tiny/gpu/nvidia reason=linucb_score score=-1.020652 arms=[x86-large/gpu/amd,x86-tiny/gpu/nvidia]
2026/07/17 10:05:49 [LB][MAB] event=after_select function=mab_cost_aware_1784275527 selected_tag=x86-tiny/gpu/nvidia compatible_tags=[x86-large/gpu/amd x86-tiny/gpu/nvidia]
2026/07/17 10:05:49 Candidate has: 512 MB free memory. Function needs: 128 MB
2026/07/17 10:05:49 [LB] Selected target for function 'mab_cost_aware_1784275527': target_tag=x86-tiny/gpu/nvidia candidate=cHPEoZusTyaSfwJyKsH6MP1784275527903003381 candidate_tag=x86-tiny/gpu/nvidia
2026/07/17 10:05:49 [LB-Update] Node cHPEoZusTyaSfwJyKsH6MP1784275527903003381 reported 512 MB free
2026/07/17 10:05:49 [MAB] event=reward_breakdown ts=1784275549428 policy=LinUCB function=mab_cost_aware_1784275527 arm=x86-tiny/gpu/nvidia base_tag=x86-tiny architecture=x86 specialization=tiny capabilities=[gpu,nvidia] duration_ms=3.028821 latency_reward=-1.108173 cost_weight=0.000000 cost_factor=1.600000 cost_term=0.000000 energy_weight=0.000000 energy_factor=1.800000 energy_term=0.000000 final_reward=-1.108173
2026/07/17 10:05:49 [MAB] event=update_reward ts=1784275549428 policy=LinUCB function=mab_cost_aware_1784275527 arm=x86-tiny/gpu/nvidia duration_ms=3.028821 warm_start=true utilization=0.000000 reward=-1.108173
2026/07/17 10:05:49 [LB] Compatible tag found: function=mab_cost_aware_1784275527 tag=x86-large/gpu/amd arch=amd64 pattern="gpu" ring_size=1
2026/07/17 10:05:49 [LB] Compatible tag found: function=mab_cost_aware_1784275527 tag=x86-tiny/gpu/nvidia arch=amd64 pattern="gpu" ring_size=1
2026/07/17 10:05:49 [LB] Compatible tags for function 'mab_cost_aware_1784275527': [x86-large/gpu/amd x86-tiny/gpu/nvidia]
2026/07/17 10:05:49 [LB][MAB] event=before_select function=mab_cost_aware_1784275527 compatible_tags=[x86-large/gpu/amd x86-tiny/gpu/nvidia] has_context=true
2026/07/17 10:05:49 [MAB] event=arm_score ts=1784275549648 policy=LinUCB function=mab_cost_aware_1784275527 arm=x86-large/gpu/amd score=-1.037225 base_score=-1.037225 expected_reward=-1.066707 confidence=0.029482 utilization=0.000000 utilization_threshold=0.300000 utilization_penalty=0.000000 utilization_weight=8.000000 utilization_term=0.000000
2026/07/17 10:05:49 [MAB] event=arm_score ts=1784275549648 policy=LinUCB function=mab_cost_aware_1784275527 arm=x86-tiny/gpu/nvidia score=-1.022879 base_score=-1.022879 expected_reward=-1.039662 confidence=0.016782 utilization=0.000000 utilization_threshold=0.300000 utilization_penalty=0.000000 utilization_weight=8.000000 utilization_term=0.000000
2026/07/17 10:05:49 [MAB] event=select_arm ts=1784275549648 policy=LinUCB function=mab_cost_aware_1784275527 selected_arm=x86-tiny/gpu/nvidia reason=linucb_score score=-1.022879 arms=[x86-large/gpu/amd,x86-tiny/gpu/nvidia]
2026/07/17 10:05:49 [LB][MAB] event=after_select function=mab_cost_aware_1784275527 selected_tag=x86-tiny/gpu/nvidia compatible_tags=[x86-large/gpu/amd x86-tiny/gpu/nvidia]
2026/07/17 10:05:49 Candidate has: 512 MB free memory. Function needs: 128 MB
2026/07/17 10:05:49 [LB] Selected target for function 'mab_cost_aware_1784275527': target_tag=x86-tiny/gpu/nvidia candidate=cHPEoZusTyaSfwJyKsH6MP1784275527903003381 candidate_tag=x86-tiny/gpu/nvidia
2026/07/17 10:05:49 [LB-Update] Node cHPEoZusTyaSfwJyKsH6MP1784275527903003381 reported 512 MB free
2026/07/17 10:05:49 [MAB] event=reward_breakdown ts=1784275549652 policy=LinUCB function=mab_cost_aware_1784275527 arm=x86-tiny/gpu/nvidia base_tag=x86-tiny architecture=x86 specialization=tiny capabilities=[gpu,nvidia] duration_ms=3.201091 latency_reward=-1.163492 cost_weight=0.000000 cost_factor=1.600000 cost_term=0.000000 energy_weight=0.000000 energy_factor=1.800000 energy_term=0.000000 final_reward=-1.163492
2026/07/17 10:05:49 [MAB] event=update_reward ts=1784275549652 policy=LinUCB function=mab_cost_aware_1784275527 arm=x86-tiny/gpu/nvidia duration_ms=3.201091 warm_start=true utilization=0.000000 reward=-1.163492
2026/07/17 10:05:49 [LB] Compatible tag found: function=mab_cost_aware_1784275527 tag=x86-large/gpu/amd arch=amd64 pattern="gpu" ring_size=1
2026/07/17 10:05:49 [LB] Compatible tag found: function=mab_cost_aware_1784275527 tag=x86-tiny/gpu/nvidia arch=amd64 pattern="gpu" ring_size=1
2026/07/17 10:05:49 [LB] Compatible tags for function 'mab_cost_aware_1784275527': [x86-large/gpu/amd x86-tiny/gpu/nvidia]
2026/07/17 10:05:49 [LB][MAB] event=before_select function=mab_cost_aware_1784275527 compatible_tags=[x86-large/gpu/amd x86-tiny/gpu/nvidia] has_context=true
2026/07/17 10:05:49 [MAB] event=arm_score ts=1784275549873 policy=LinUCB function=mab_cost_aware_1784275527 arm=x86-large/gpu/amd score=-1.037225 base_score=-1.037225 expected_reward=-1.066707 confidence=0.029482 utilization=0.000000 utilization_threshold=0.300000 utilization_penalty=0.000000 utilization_weight=8.000000 utilization_term=0.000000
2026/07/17 10:05:49 [MAB] event=arm_score ts=1784275549873 policy=LinUCB function=mab_cost_aware_1784275527 arm=x86-tiny/gpu/nvidia score=-1.026503 base_score=-1.026503 expected_reward=-1.043054 confidence=0.016551 utilization=0.000000 utilization_threshold=0.300000 utilization_penalty=0.000000 utilization_weight=8.000000 utilization_term=0.000000
2026/07/17 10:05:49 [MAB] event=select_arm ts=1784275549873 policy=LinUCB function=mab_cost_aware_1784275527 selected_arm=x86-tiny/gpu/nvidia reason=linucb_score score=-1.026503 arms=[x86-large/gpu/amd,x86-tiny/gpu/nvidia]
2026/07/17 10:05:49 [LB][MAB] event=after_select function=mab_cost_aware_1784275527 selected_tag=x86-tiny/gpu/nvidia compatible_tags=[x86-large/gpu/amd x86-tiny/gpu/nvidia]
2026/07/17 10:05:49 Candidate has: 512 MB free memory. Function needs: 128 MB
2026/07/17 10:05:49 [LB] Selected target for function 'mab_cost_aware_1784275527': target_tag=x86-tiny/gpu/nvidia candidate=cHPEoZusTyaSfwJyKsH6MP1784275527903003381 candidate_tag=x86-tiny/gpu/nvidia
2026/07/17 10:05:49 [LB-Update] Node cHPEoZusTyaSfwJyKsH6MP1784275527903003381 reported 512 MB free
2026/07/17 10:05:49 [MAB] event=reward_breakdown ts=1784275549876 policy=LinUCB function=mab_cost_aware_1784275527 arm=x86-tiny/gpu/nvidia base_tag=x86-tiny architecture=x86 specialization=tiny capabilities=[gpu,nvidia] duration_ms=2.900650 latency_reward=-1.064935 cost_weight=0.000000 cost_factor=1.600000 cost_term=0.000000 energy_weight=0.000000 energy_factor=1.800000 energy_term=0.000000 final_reward=-1.064935
2026/07/17 10:05:49 [MAB] event=update_reward ts=1784275549876 policy=LinUCB function=mab_cost_aware_1784275527 arm=x86-tiny/gpu/nvidia duration_ms=2.900650 warm_start=true utilization=0.000000 reward=-1.064935
2026/07/17 10:05:50 [LB] Compatible tag found: function=mab_cost_aware_1784275527 tag=x86-large/gpu/amd arch=amd64 pattern="gpu" ring_size=1
2026/07/17 10:05:50 [LB] Compatible tag found: function=mab_cost_aware_1784275527 tag=x86-tiny/gpu/nvidia arch=amd64 pattern="gpu" ring_size=1
2026/07/17 10:05:50 [LB] Compatible tags for function 'mab_cost_aware_1784275527': [x86-large/gpu/amd x86-tiny/gpu/nvidia]
2026/07/17 10:05:50 [LB][MAB] event=before_select function=mab_cost_aware_1784275527 compatible_tags=[x86-large/gpu/amd x86-tiny/gpu/nvidia] has_context=true
2026/07/17 10:05:50 [MAB] event=arm_score ts=1784275550097 policy=LinUCB function=mab_cost_aware_1784275527 arm=x86-large/gpu/amd score=-1.037225 base_score=-1.037225 expected_reward=-1.066707 confidence=0.029482 utilization=0.000000 utilization_threshold=0.300000 utilization_penalty=0.000000 utilization_weight=8.000000 utilization_term=0.000000
2026/07/17 10:05:50 [MAB] event=arm_score ts=1784275550097 policy=LinUCB function=mab_cost_aware_1784275527 arm=x86-tiny/gpu/nvidia score=-1.027308 base_score=-1.027308 expected_reward=-1.043637 confidence=0.016329 utilization=0.000000 utilization_threshold=0.300000 utilization_penalty=0.000000 utilization_weight=8.000000 utilization_term=0.000000
2026/07/17 10:05:50 [MAB] event=select_arm ts=1784275550097 policy=LinUCB function=mab_cost_aware_1784275527 selected_arm=x86-tiny/gpu/nvidia reason=linucb_score score=-1.027308 arms=[x86-large/gpu/amd,x86-tiny/gpu/nvidia]
2026/07/17 10:05:50 [LB][MAB] event=after_select function=mab_cost_aware_1784275527 selected_tag=x86-tiny/gpu/nvidia compatible_tags=[x86-large/gpu/amd x86-tiny/gpu/nvidia]
2026/07/17 10:05:50 Candidate has: 512 MB free memory. Function needs: 128 MB
2026/07/17 10:05:50 [LB] Selected target for function 'mab_cost_aware_1784275527': target_tag=x86-tiny/gpu/nvidia candidate=cHPEoZusTyaSfwJyKsH6MP1784275527903003381 candidate_tag=x86-tiny/gpu/nvidia
2026/07/17 10:05:50 [LB-Update] Node cHPEoZusTyaSfwJyKsH6MP1784275527903003381 reported 512 MB free
2026/07/17 10:05:50 [MAB] event=reward_breakdown ts=1784275550100 policy=LinUCB function=mab_cost_aware_1784275527 arm=x86-tiny/gpu/nvidia base_tag=x86-tiny architecture=x86 specialization=tiny capabilities=[gpu,nvidia] duration_ms=2.912437 latency_reward=-1.068990 cost_weight=0.000000 cost_factor=1.600000 cost_term=0.000000 energy_weight=0.000000 energy_factor=1.800000 energy_term=0.000000 final_reward=-1.068990
2026/07/17 10:05:50 [MAB] event=update_reward ts=1784275550100 policy=LinUCB function=mab_cost_aware_1784275527 arm=x86-tiny/gpu/nvidia duration_ms=2.912437 warm_start=true utilization=0.000000 reward=-1.068990
2026/07/17 10:05:50 [LB] Compatible tag found: function=mab_cost_aware_1784275527 tag=x86-large/gpu/amd arch=amd64 pattern="gpu" ring_size=1
2026/07/17 10:05:50 [LB] Compatible tag found: function=mab_cost_aware_1784275527 tag=x86-tiny/gpu/nvidia arch=amd64 pattern="gpu" ring_size=1
2026/07/17 10:05:50 [LB] Compatible tags for function 'mab_cost_aware_1784275527': [x86-large/gpu/amd x86-tiny/gpu/nvidia]
2026/07/17 10:05:50 [LB][MAB] event=before_select function=mab_cost_aware_1784275527 compatible_tags=[x86-large/gpu/amd x86-tiny/gpu/nvidia] has_context=true
2026/07/17 10:05:50 [MAB] event=arm_score ts=1784275550321 policy=LinUCB function=mab_cost_aware_1784275527 arm=x86-large/gpu/amd score=-1.037225 base_score=-1.037225 expected_reward=-1.066707 confidence=0.029482 utilization=0.000000 utilization_threshold=0.300000 utilization_penalty=0.000000 utilization_weight=8.000000 utilization_term=0.000000
2026/07/17 10:05:50 [MAB] event=arm_score ts=1784275550321 policy=LinUCB function=mab_cost_aware_1784275527 arm=x86-tiny/gpu/nvidia score=-1.028180 base_score=-1.028180 expected_reward=-1.044296 confidence=0.016115 utilization=0.000000 utilization_threshold=0.300000 utilization_penalty=0.000000 utilization_weight=8.000000 utilization_term=0.000000
2026/07/17 10:05:50 [MAB] event=select_arm ts=1784275550321 policy=LinUCB function=mab_cost_aware_1784275527 selected_arm=x86-tiny/gpu/nvidia reason=linucb_score score=-1.028180 arms=[x86-large/gpu/amd,x86-tiny/gpu/nvidia]
2026/07/17 10:05:50 [LB][MAB] event=after_select function=mab_cost_aware_1784275527 selected_tag=x86-tiny/gpu/nvidia compatible_tags=[x86-large/gpu/amd x86-tiny/gpu/nvidia]
2026/07/17 10:05:50 Candidate has: 512 MB free memory. Function needs: 128 MB
2026/07/17 10:05:50 [LB] Selected target for function 'mab_cost_aware_1784275527': target_tag=x86-tiny/gpu/nvidia candidate=cHPEoZusTyaSfwJyKsH6MP1784275527903003381 candidate_tag=x86-tiny/gpu/nvidia
2026/07/17 10:05:50 [LB-Update] Node cHPEoZusTyaSfwJyKsH6MP1784275527903003381 reported 512 MB free
2026/07/17 10:05:50 [MAB] event=reward_breakdown ts=1784275550324 policy=LinUCB function=mab_cost_aware_1784275527 arm=x86-tiny/gpu/nvidia base_tag=x86-tiny architecture=x86 specialization=tiny capabilities=[gpu,nvidia] duration_ms=2.414341 latency_reward=-0.881426 cost_weight=0.000000 cost_factor=1.600000 cost_term=0.000000 energy_weight=0.000000 energy_factor=1.800000 energy_term=0.000000 final_reward=-0.881426
2026/07/17 10:05:50 [MAB] event=update_reward ts=1784275550324 policy=LinUCB function=mab_cost_aware_1784275527 arm=x86-tiny/gpu/nvidia duration_ms=2.414341 warm_start=true utilization=0.000000 reward=-0.881426
2026/07/17 10:05:50 [LB] Compatible tag found: function=mab_cost_aware_1784275527 tag=x86-large/gpu/amd arch=amd64 pattern="gpu" ring_size=1
2026/07/17 10:05:50 [LB] Compatible tag found: function=mab_cost_aware_1784275527 tag=x86-tiny/gpu/nvidia arch=amd64 pattern="gpu" ring_size=1
2026/07/17 10:05:50 [LB] Compatible tags for function 'mab_cost_aware_1784275527': [x86-large/gpu/amd x86-tiny/gpu/nvidia]
2026/07/17 10:05:50 [LB][MAB] event=before_select function=mab_cost_aware_1784275527 compatible_tags=[x86-large/gpu/amd x86-tiny/gpu/nvidia] has_context=true
2026/07/17 10:05:50 [MAB] event=arm_score ts=1784275550543 policy=LinUCB function=mab_cost_aware_1784275527 arm=x86-large/gpu/amd score=-1.037225 base_score=-1.037225 expected_reward=-1.066707 confidence=0.029482 utilization=0.000000 utilization_threshold=0.300000 utilization_penalty=0.000000 utilization_weight=8.000000 utilization_term=0.000000
2026/07/17 10:05:50 [MAB] event=arm_score ts=1784275550543 policy=LinUCB function=mab_cost_aware_1784275527 arm=x86-tiny/gpu/nvidia score=-1.024263 base_score=-1.024263 expected_reward=-1.040173 confidence=0.015910 utilization=0.000000 utilization_threshold=0.300000 utilization_penalty=0.000000 utilization_weight=8.000000 utilization_term=0.000000
2026/07/17 10:05:50 [MAB] event=select_arm ts=1784275550543 policy=LinUCB function=mab_cost_aware_1784275527 selected_arm=x86-tiny/gpu/nvidia reason=linucb_score score=-1.024263 arms=[x86-large/gpu/amd,x86-tiny/gpu/nvidia]
2026/07/17 10:05:50 [LB][MAB] event=after_select function=mab_cost_aware_1784275527 selected_tag=x86-tiny/gpu/nvidia compatible_tags=[x86-large/gpu/amd x86-tiny/gpu/nvidia]
2026/07/17 10:05:50 Candidate has: 512 MB free memory. Function needs: 128 MB
2026/07/17 10:05:50 [LB] Selected target for function 'mab_cost_aware_1784275527': target_tag=x86-tiny/gpu/nvidia candidate=cHPEoZusTyaSfwJyKsH6MP1784275527903003381 candidate_tag=x86-tiny/gpu/nvidia
2026/07/17 10:05:50 [LB-Update] Node cHPEoZusTyaSfwJyKsH6MP1784275527903003381 reported 512 MB free
2026/07/17 10:05:50 [MAB] event=reward_breakdown ts=1784275550547 policy=LinUCB function=mab_cost_aware_1784275527 arm=x86-tiny/gpu/nvidia base_tag=x86-tiny architecture=x86 specialization=tiny capabilities=[gpu,nvidia] duration_ms=3.296161 latency_reward=-1.192758 cost_weight=0.000000 cost_factor=1.600000 cost_term=0.000000 energy_weight=0.000000 energy_factor=1.800000 energy_term=0.000000 final_reward=-1.192758
2026/07/17 10:05:50 [MAB] event=update_reward ts=1784275550547 policy=LinUCB function=mab_cost_aware_1784275527 arm=x86-tiny/gpu/nvidia duration_ms=3.296161 warm_start=true utilization=0.000000 reward=-1.192758
2026/07/17 10:05:50 [LB] Compatible tag found: function=mab_cost_aware_1784275527 tag=x86-large/gpu/amd arch=amd64 pattern="gpu" ring_size=1
2026/07/17 10:05:50 [LB] Compatible tag found: function=mab_cost_aware_1784275527 tag=x86-tiny/gpu/nvidia arch=amd64 pattern="gpu" ring_size=1
2026/07/17 10:05:50 [LB] Compatible tags for function 'mab_cost_aware_1784275527': [x86-large/gpu/amd x86-tiny/gpu/nvidia]
2026/07/17 10:05:50 [LB][MAB] event=before_select function=mab_cost_aware_1784275527 compatible_tags=[x86-large/gpu/amd x86-tiny/gpu/nvidia] has_context=true
2026/07/17 10:05:50 [MAB] event=arm_score ts=1784275550769 policy=LinUCB function=mab_cost_aware_1784275527 arm=x86-large/gpu/amd score=-1.037225 base_score=-1.037225 expected_reward=-1.066707 confidence=0.029482 utilization=0.000000 utilization_threshold=0.300000 utilization_penalty=0.000000 utilization_weight=8.000000 utilization_term=0.000000
2026/07/17 10:05:50 [MAB] event=arm_score ts=1784275550769 policy=LinUCB function=mab_cost_aware_1784275527 arm=x86-tiny/gpu/nvidia score=-1.028228 base_score=-1.028228 expected_reward=-1.043940 confidence=0.015713 utilization=0.000000 utilization_threshold=0.300000 utilization_penalty=0.000000 utilization_weight=8.000000 utilization_term=0.000000
2026/07/17 10:05:50 [MAB] event=select_arm ts=1784275550769 policy=LinUCB function=mab_cost_aware_1784275527 selected_arm=x86-tiny/gpu/nvidia reason=linucb_score score=-1.028228 arms=[x86-large/gpu/amd,x86-tiny/gpu/nvidia]
2026/07/17 10:05:50 [LB][MAB] event=after_select function=mab_cost_aware_1784275527 selected_tag=x86-tiny/gpu/nvidia compatible_tags=[x86-large/gpu/amd x86-tiny/gpu/nvidia]
2026/07/17 10:05:50 Candidate has: 512 MB free memory. Function needs: 128 MB
2026/07/17 10:05:50 [LB] Selected target for function 'mab_cost_aware_1784275527': target_tag=x86-tiny/gpu/nvidia candidate=cHPEoZusTyaSfwJyKsH6MP1784275527903003381 candidate_tag=x86-tiny/gpu/nvidia
2026/07/17 10:05:50 [LB-Update] Node cHPEoZusTyaSfwJyKsH6MP1784275527903003381 reported 512 MB free
2026/07/17 10:05:50 [MAB] event=reward_breakdown ts=1784275550773 policy=LinUCB function=mab_cost_aware_1784275527 arm=x86-tiny/gpu/nvidia base_tag=x86-tiny architecture=x86 specialization=tiny capabilities=[gpu,nvidia] duration_ms=3.272757 latency_reward=-1.185633 cost_weight=0.000000 cost_factor=1.600000 cost_term=0.000000 energy_weight=0.000000 energy_factor=1.800000 energy_term=0.000000 final_reward=-1.185633
2026/07/17 10:05:50 [MAB] event=update_reward ts=1784275550773 policy=LinUCB function=mab_cost_aware_1784275527 arm=x86-tiny/gpu/nvidia duration_ms=3.272757 warm_start=true utilization=0.000000 reward=-1.185633
2026/07/17 10:05:50 [LB]: Periodic targets update
2026/07/17 10:05:50 Found target: YwwYVYiDZsPUTZWRYk43oL1784275527901060803
2026/07/17 10:05:50 Found target: cHPEoZusTyaSfwJyKsH6MP1784275527903003381
2026/07/17 10:05:50 Found target: 3aoWqmtGSSDJf9LfSAkQVe1784275527904303326
2026/07/17 10:05:50 Found target: BEUb3E3sgknWABkdMbxLz71784275527901819432
2026/07/17 10:05:50 Found 4 targets
2026/07/17 10:05:50 [LB] Compatible tag found: function=mab_cost_aware_1784275527 tag=x86-large/gpu/amd arch=amd64 pattern="gpu" ring_size=1
2026/07/17 10:05:50 [LB] Compatible tag found: function=mab_cost_aware_1784275527 tag=x86-tiny/gpu/nvidia arch=amd64 pattern="gpu" ring_size=1
2026/07/17 10:05:50 [LB] Compatible tags for function 'mab_cost_aware_1784275527': [x86-large/gpu/amd x86-tiny/gpu/nvidia]
2026/07/17 10:05:50 [LB][MAB] event=before_select function=mab_cost_aware_1784275527 compatible_tags=[x86-large/gpu/amd x86-tiny/gpu/nvidia] has_context=true
2026/07/17 10:05:50 [MAB] event=arm_score ts=1784275550995 policy=LinUCB function=mab_cost_aware_1784275527 arm=x86-large/gpu/amd score=-1.037225 base_score=-1.037225 expected_reward=-1.066707 confidence=0.029482 utilization=0.000000 utilization_threshold=0.300000 utilization_penalty=0.000000 utilization_weight=8.000000 utilization_term=0.000000
2026/07/17 10:05:50 [MAB] event=arm_score ts=1784275550995 policy=LinUCB function=mab_cost_aware_1784275527 arm=x86-tiny/gpu/nvidia score=-1.031832 base_score=-1.031832 expected_reward=-1.047354 confidence=0.015522 utilization=0.000000 utilization_threshold=0.300000 utilization_penalty=0.000000 utilization_weight=8.000000 utilization_term=0.000000
2026/07/17 10:05:50 [MAB] event=select_arm ts=1784275550995 policy=LinUCB function=mab_cost_aware_1784275527 selected_arm=x86-tiny/gpu/nvidia reason=linucb_score score=-1.031832 arms=[x86-large/gpu/amd,x86-tiny/gpu/nvidia]
2026/07/17 10:05:50 [LB][MAB] event=after_select function=mab_cost_aware_1784275527 selected_tag=x86-tiny/gpu/nvidia compatible_tags=[x86-large/gpu/amd x86-tiny/gpu/nvidia]
2026/07/17 10:05:50 Candidate has: 512 MB free memory. Function needs: 128 MB
2026/07/17 10:05:50 [LB] Selected target for function 'mab_cost_aware_1784275527': target_tag=x86-tiny/gpu/nvidia candidate=cHPEoZusTyaSfwJyKsH6MP1784275527903003381 candidate_tag=x86-tiny/gpu/nvidia
2026/07/17 10:05:50 [LB-Update] Node cHPEoZusTyaSfwJyKsH6MP1784275527903003381 reported 512 MB free
2026/07/17 10:05:51 [MAB] event=reward_breakdown ts=1784275551000 policy=LinUCB function=mab_cost_aware_1784275527 arm=x86-tiny/gpu/nvidia base_tag=x86-tiny architecture=x86 specialization=tiny capabilities=[gpu,nvidia] duration_ms=3.427824 latency_reward=-1.231926 cost_weight=0.000000 cost_factor=1.600000 cost_term=0.000000 energy_weight=0.000000 energy_factor=1.800000 energy_term=0.000000 final_reward=-1.231926
2026/07/17 10:05:51 [MAB] event=update_reward ts=1784275551000 policy=LinUCB function=mab_cost_aware_1784275527 arm=x86-tiny/gpu/nvidia duration_ms=3.427824 warm_start=true utilization=0.000000 reward=-1.231926
2026/07/17 10:05:51 [LB] Compatible tag found: function=mab_cost_aware_1784275527 tag=x86-large/gpu/amd arch=amd64 pattern="gpu" ring_size=1
2026/07/17 10:05:51 [LB] Compatible tag found: function=mab_cost_aware_1784275527 tag=x86-tiny/gpu/nvidia arch=amd64 pattern="gpu" ring_size=1
2026/07/17 10:05:51 [LB] Compatible tags for function 'mab_cost_aware_1784275527': [x86-large/gpu/amd x86-tiny/gpu/nvidia]
2026/07/17 10:05:51 [LB][MAB] event=before_select function=mab_cost_aware_1784275527 compatible_tags=[x86-large/gpu/amd x86-tiny/gpu/nvidia] has_context=true
2026/07/17 10:05:51 [MAB] event=arm_score ts=1784275551219 policy=LinUCB function=mab_cost_aware_1784275527 arm=x86-large/gpu/amd score=-1.037225 base_score=-1.037225 expected_reward=-1.066707 confidence=0.029482 utilization=0.000000 utilization_threshold=0.300000 utilization_penalty=0.000000 utilization_weight=8.000000 utilization_term=0.000000
2026/07/17 10:05:51 [MAB] event=arm_score ts=1784275551219 policy=LinUCB function=mab_cost_aware_1784275527 arm=x86-tiny/gpu/nvidia score=-1.036358 base_score=-1.036358 expected_reward=-1.051696 confidence=0.015338 utilization=0.000000 utilization_threshold=0.300000 utilization_penalty=0.000000 utilization_weight=8.000000 utilization_term=0.000000
2026/07/17 10:05:51 [MAB] event=select_arm ts=1784275551219 policy=LinUCB function=mab_cost_aware_1784275527 selected_arm=x86-tiny/gpu/nvidia reason=linucb_score score=-1.036358 arms=[x86-large/gpu/amd,x86-tiny/gpu/nvidia]
2026/07/17 10:05:51 [LB][MAB] event=after_select function=mab_cost_aware_1784275527 selected_tag=x86-tiny/gpu/nvidia compatible_tags=[x86-large/gpu/amd x86-tiny/gpu/nvidia]
2026/07/17 10:05:51 Candidate has: 512 MB free memory. Function needs: 128 MB
2026/07/17 10:05:51 [LB] Selected target for function 'mab_cost_aware_1784275527': target_tag=x86-tiny/gpu/nvidia candidate=cHPEoZusTyaSfwJyKsH6MP1784275527903003381 candidate_tag=x86-tiny/gpu/nvidia
2026/07/17 10:05:51 [LB-Update] Node cHPEoZusTyaSfwJyKsH6MP1784275527903003381 reported 512 MB free
2026/07/17 10:05:51 [MAB] event=reward_breakdown ts=1784275551223 policy=LinUCB function=mab_cost_aware_1784275527 arm=x86-tiny/gpu/nvidia base_tag=x86-tiny architecture=x86 specialization=tiny capabilities=[gpu,nvidia] duration_ms=3.105240 latency_reward=-1.133091 cost_weight=0.000000 cost_factor=1.600000 cost_term=0.000000 energy_weight=0.000000 energy_factor=1.800000 energy_term=0.000000 final_reward=-1.133091
2026/07/17 10:05:51 [MAB] event=update_reward ts=1784275551223 policy=LinUCB function=mab_cost_aware_1784275527 arm=x86-tiny/gpu/nvidia duration_ms=3.105240 warm_start=true utilization=0.000000 reward=-1.133091
2026/07/17 10:05:51 [LB] Compatible tag found: function=mab_cost_aware_1784275527 tag=x86-large/gpu/amd arch=amd64 pattern="gpu" ring_size=1
2026/07/17 10:05:51 [LB] Compatible tag found: function=mab_cost_aware_1784275527 tag=x86-tiny/gpu/nvidia arch=amd64 pattern="gpu" ring_size=1
2026/07/17 10:05:51 [LB] Compatible tags for function 'mab_cost_aware_1784275527': [x86-large/gpu/amd x86-tiny/gpu/nvidia]
2026/07/17 10:05:51 [LB][MAB] event=before_select function=mab_cost_aware_1784275527 compatible_tags=[x86-large/gpu/amd x86-tiny/gpu/nvidia] has_context=true
2026/07/17 10:05:51 [MAB] event=arm_score ts=1784275551444 policy=LinUCB function=mab_cost_aware_1784275527 arm=x86-large/gpu/amd score=-1.037225 base_score=-1.037225 expected_reward=-1.066707 confidence=0.029482 utilization=0.000000 utilization_threshold=0.300000 utilization_penalty=0.000000 utilization_weight=8.000000 utilization_term=0.000000
2026/07/17 10:05:51 [MAB] event=arm_score ts=1784275551445 policy=LinUCB function=mab_cost_aware_1784275527 arm=x86-tiny/gpu/nvidia score=-1.038406 base_score=-1.038406 expected_reward=-1.053567 confidence=0.015161 utilization=0.000000 utilization_threshold=0.300000 utilization_penalty=0.000000 utilization_weight=8.000000 utilization_term=0.000000
2026/07/17 10:05:51 [MAB] event=select_arm ts=1784275551445 policy=LinUCB function=mab_cost_aware_1784275527 selected_arm=x86-large/gpu/amd reason=linucb_score score=-1.037225 arms=[x86-large/gpu/amd,x86-tiny/gpu/nvidia]
2026/07/17 10:05:51 [LB][MAB] event=after_select function=mab_cost_aware_1784275527 selected_tag=x86-large/gpu/amd compatible_tags=[x86-large/gpu/amd x86-tiny/gpu/nvidia]
2026/07/17 10:05:51 Candidate has: 256 MB free memory. Function needs: 128 MB
2026/07/17 10:05:51 [LB] Selected target for function 'mab_cost_aware_1784275527': target_tag=x86-large/gpu/amd candidate=BEUb3E3sgknWABkdMbxLz71784275527901819432 candidate_tag=x86-large/gpu/amd
2026/07/17 10:05:51 [LB-Update] Node BEUb3E3sgknWABkdMbxLz71784275527901819432 reported 256 MB free
2026/07/17 10:05:51 [MAB] event=reward_breakdown ts=1784275551448 policy=LinUCB function=mab_cost_aware_1784275527 arm=x86-large/gpu/amd base_tag=x86-large architecture=x86 specialization=large capabilities=[gpu,amd] duration_ms=2.932501 latency_reward=-1.075856 cost_weight=0.000000 cost_factor=1.200000 cost_term=0.000000 energy_weight=0.000000 energy_factor=1.200000 energy_term=0.000000 final_reward=-1.075856
2026/07/17 10:05:51 [MAB] event=update_reward ts=1784275551448 policy=LinUCB function=mab_cost_aware_1784275527 arm=x86-large/gpu/amd duration_ms=2.932501 warm_start=true utilization=0.000000 reward=-1.075856
2026/07/17 10:05:51 [LB] Compatible tag found: function=mab_cost_aware_1784275527 tag=x86-large/gpu/amd arch=amd64 pattern="gpu" ring_size=1
2026/07/17 10:05:51 [LB] Compatible tag found: function=mab_cost_aware_1784275527 tag=x86-tiny/gpu/nvidia arch=amd64 pattern="gpu" ring_size=1
2026/07/17 10:05:51 [LB] Compatible tags for function 'mab_cost_aware_1784275527': [x86-large/gpu/amd x86-tiny/gpu/nvidia]
2026/07/17 10:05:51 [LB][MAB] event=before_select function=mab_cost_aware_1784275527 compatible_tags=[x86-large/gpu/amd x86-tiny/gpu/nvidia] has_context=true
2026/07/17 10:05:51 [MAB] event=arm_score ts=1784275551668 policy=LinUCB function=mab_cost_aware_1784275527 arm=x86-large/gpu/amd score=-1.039160 base_score=-1.039160 expected_reward=-1.067439 confidence=0.028279 utilization=0.000000 utilization_threshold=0.300000 utilization_penalty=0.000000 utilization_weight=8.000000 utilization_term=0.000000
2026/07/17 10:05:51 [MAB] event=arm_score ts=1784275551668 policy=LinUCB function=mab_cost_aware_1784275527 arm=x86-tiny/gpu/nvidia score=-1.038406 base_score=-1.038406 expected_reward=-1.053567 confidence=0.015161 utilization=0.000000 utilization_threshold=0.300000 utilization_penalty=0.000000 utilization_weight=8.000000 utilization_term=0.000000
2026/07/17 10:05:51 [MAB] event=select_arm ts=1784275551668 policy=LinUCB function=mab_cost_aware_1784275527 selected_arm=x86-tiny/gpu/nvidia reason=linucb_score score=-1.038406 arms=[x86-large/gpu/amd,x86-tiny/gpu/nvidia]
2026/07/17 10:05:51 [LB][MAB] event=after_select function=mab_cost_aware_1784275527 selected_tag=x86-tiny/gpu/nvidia compatible_tags=[x86-large/gpu/amd x86-tiny/gpu/nvidia]
2026/07/17 10:05:51 Candidate has: 512 MB free memory. Function needs: 128 MB
2026/07/17 10:05:51 [LB] Selected target for function 'mab_cost_aware_1784275527': target_tag=x86-tiny/gpu/nvidia candidate=cHPEoZusTyaSfwJyKsH6MP1784275527903003381 candidate_tag=x86-tiny/gpu/nvidia
2026/07/17 10:05:51 [LB-Update] Node cHPEoZusTyaSfwJyKsH6MP1784275527903003381 reported 512 MB free
2026/07/17 10:05:51 [MAB] event=reward_breakdown ts=1784275551672 policy=LinUCB function=mab_cost_aware_1784275527 arm=x86-tiny/gpu/nvidia base_tag=x86-tiny architecture=x86 specialization=tiny capabilities=[gpu,nvidia] duration_ms=2.826982 latency_reward=-1.039210 cost_weight=0.000000 cost_factor=1.600000 cost_term=0.000000 energy_weight=0.000000 energy_factor=1.800000 energy_term=0.000000 final_reward=-1.039210
2026/07/17 10:05:51 [MAB] event=update_reward ts=1784275551672 policy=LinUCB function=mab_cost_aware_1784275527 arm=x86-tiny/gpu/nvidia duration_ms=2.826982 warm_start=true utilization=0.000000 reward=-1.039210
2026/07/17 10:05:51 [LB] Compatible tag found: function=mab_cost_aware_1784275527 tag=x86-large/gpu/amd arch=amd64 pattern="gpu" ring_size=1
2026/07/17 10:05:51 [LB] Compatible tag found: function=mab_cost_aware_1784275527 tag=x86-tiny/gpu/nvidia arch=amd64 pattern="gpu" ring_size=1
2026/07/17 10:05:51 [LB] Compatible tags for function 'mab_cost_aware_1784275527': [x86-large/gpu/amd x86-tiny/gpu/nvidia]
2026/07/17 10:05:51 [LB][MAB] event=before_select function=mab_cost_aware_1784275527 compatible_tags=[x86-large/gpu/amd x86-tiny/gpu/nvidia] has_context=true
2026/07/17 10:05:51 [MAB] event=arm_score ts=1784275551894 policy=LinUCB function=mab_cost_aware_1784275527 arm=x86-large/gpu/amd score=-1.039160 base_score=-1.039160 expected_reward=-1.067439 confidence=0.028279 utilization=0.000000 utilization_threshold=0.300000 utilization_penalty=0.000000 utilization_weight=8.000000 utilization_term=0.000000
2026/07/17 10:05:51 [MAB] event=arm_score ts=1784275551894 policy=LinUCB function=mab_cost_aware_1784275527 arm=x86-tiny/gpu/nvidia score=-1.038255 base_score=-1.038255 expected_reward=-1.053245 confidence=0.014990 utilization=0.000000 utilization_threshold=0.300000 utilization_penalty=0.000000 utilization_weight=8.000000 utilization_term=0.000000
2026/07/17 10:05:51 [MAB] event=select_arm ts=1784275551894 policy=LinUCB function=mab_cost_aware_1784275527 selected_arm=x86-tiny/gpu/nvidia reason=linucb_score score=-1.038255 arms=[x86-large/gpu/amd,x86-tiny/gpu/nvidia]
2026/07/17 10:05:51 [LB][MAB] event=after_select function=mab_cost_aware_1784275527 selected_tag=x86-tiny/gpu/nvidia compatible_tags=[x86-large/gpu/amd x86-tiny/gpu/nvidia]
2026/07/17 10:05:51 Candidate has: 512 MB free memory. Function needs: 128 MB
2026/07/17 10:05:51 [LB] Selected target for function 'mab_cost_aware_1784275527': target_tag=x86-tiny/gpu/nvidia candidate=cHPEoZusTyaSfwJyKsH6MP1784275527903003381 candidate_tag=x86-tiny/gpu/nvidia
2026/07/17 10:05:51 [LB-Update] Node cHPEoZusTyaSfwJyKsH6MP1784275527903003381 reported 512 MB free
2026/07/17 10:05:51 [MAB] event=reward_breakdown ts=1784275551898 policy=LinUCB function=mab_cost_aware_1784275527 arm=x86-tiny/gpu/nvidia base_tag=x86-tiny architecture=x86 specialization=tiny capabilities=[gpu,nvidia] duration_ms=3.185034 latency_reward=-1.158463 cost_weight=0.000000 cost_factor=1.600000 cost_term=0.000000 energy_weight=0.000000 energy_factor=1.800000 energy_term=0.000000 final_reward=-1.158463
2026/07/17 10:05:51 [MAB] event=update_reward ts=1784275551898 policy=LinUCB function=mab_cost_aware_1784275527 arm=x86-tiny/gpu/nvidia duration_ms=3.185034 warm_start=true utilization=0.000000 reward=-1.158463
2026/07/17 10:05:52 [LB] Compatible tag found: function=mab_cost_aware_1784275527 tag=x86-large/gpu/amd arch=amd64 pattern="gpu" ring_size=1
2026/07/17 10:05:52 [LB] Compatible tag found: function=mab_cost_aware_1784275527 tag=x86-tiny/gpu/nvidia arch=amd64 pattern="gpu" ring_size=1
2026/07/17 10:05:52 [LB] Compatible tags for function 'mab_cost_aware_1784275527': [x86-large/gpu/amd x86-tiny/gpu/nvidia]
2026/07/17 10:05:52 [LB][MAB] event=before_select function=mab_cost_aware_1784275527 compatible_tags=[x86-large/gpu/amd x86-tiny/gpu/nvidia] has_context=true
2026/07/17 10:05:52 [MAB] event=arm_score ts=1784275552117 policy=LinUCB function=mab_cost_aware_1784275527 arm=x86-large/gpu/amd score=-1.039160 base_score=-1.039160 expected_reward=-1.067439 confidence=0.028279 utilization=0.000000 utilization_threshold=0.300000 utilization_penalty=0.000000 utilization_weight=8.000000 utilization_term=0.000000
2026/07/17 10:05:52 [MAB] event=arm_score ts=1784275552117 policy=LinUCB function=mab_cost_aware_1784275527 arm=x86-tiny/gpu/nvidia score=-1.040733 base_score=-1.040733 expected_reward=-1.055557 confidence=0.014824 utilization=0.000000 utilization_threshold=0.300000 utilization_penalty=0.000000 utilization_weight=8.000000 utilization_term=0.000000
2026/07/17 10:05:52 [MAB] event=select_arm ts=1784275552117 policy=LinUCB function=mab_cost_aware_1784275527 selected_arm=x86-large/gpu/amd reason=linucb_score score=-1.039160 arms=[x86-large/gpu/amd,x86-tiny/gpu/nvidia]
2026/07/17 10:05:52 [LB][MAB] event=after_select function=mab_cost_aware_1784275527 selected_tag=x86-large/gpu/amd compatible_tags=[x86-large/gpu/amd x86-tiny/gpu/nvidia]
2026/07/17 10:05:52 Candidate has: 256 MB free memory. Function needs: 128 MB
2026/07/17 10:05:52 [LB] Selected target for function 'mab_cost_aware_1784275527': target_tag=x86-large/gpu/amd candidate=BEUb3E3sgknWABkdMbxLz71784275527901819432 candidate_tag=x86-large/gpu/amd
2026/07/17 10:05:52 [LB-Update] Node BEUb3E3sgknWABkdMbxLz71784275527901819432 reported 256 MB free
2026/07/17 10:05:52 [MAB] event=reward_breakdown ts=1784275552121 policy=LinUCB function=mab_cost_aware_1784275527 arm=x86-large/gpu/amd base_tag=x86-large architecture=x86 specialization=large capabilities=[gpu,amd] duration_ms=2.880971 latency_reward=-1.058127 cost_weight=0.000000 cost_factor=1.200000 cost_term=0.000000 energy_weight=0.000000 energy_factor=1.200000 energy_term=0.000000 final_reward=-1.058127
2026/07/17 10:05:52 [MAB] event=update_reward ts=1784275552121 policy=LinUCB function=mab_cost_aware_1784275527 arm=x86-large/gpu/amd duration_ms=2.880971 warm_start=true utilization=0.000000 reward=-1.058127
