2026/07/16 16:16:41 Registration for node: (ROME)GYeV38bkQvYZUQaKpHGx5C1784211401403180141 - amd64
2026/07/16 16:16:41 Connecting to etcd
2026/07/16 16:16:41 Connected to etcd
2026/07/16 16:16:41 etcd connection state: READY
2026/07/16 16:16:41 etcd: connected and ready
2026/07/16 16:16:41 Registering to etcd: registry/ROME/__lb/amd64/GYeV38bkQvYZUQaKpHGx5C1784211401403180141
2026/07/16 16:16:41 Found target: 75dE4KCiGaxGcgjBAKaF6h1784211396441358038
2026/07/16 16:16:41 Found target: DicwkVEW2pDoAvyE9i9hRh1784211396441346568
2026/07/16 16:16:41 Found target: WY4J8KBPVx2W22x5XAwpjW1784211396441369527
2026/07/16 16:16:41 Found target: 28REhPpz5C4TrZjgRAvria1784211396441369197
2026/07/16 16:16:41 Found 4 targets
2026/07/16 16:16:41 Initializing with 4 targets.
2026/07/16 16:16:41 Running ArchitectureAwareLB with 128 replicas per node in the hash rings
2026/07/16 16:16:41 LB mode set to MAB
2026/07/16 16:16:41 [LB][MAB] event=new_machine_tag_discovered tag=arm-tiny arch=amd64 action=create_ring_and_add_mab_arm
2026/07/16 16:16:41 [LB] Adding target arm-tiny
2026/07/16 16:16:41 [LB][MAB] event=new_machine_tag_discovered tag=x86-large arch=amd64 action=create_ring_and_add_mab_arm
2026/07/16 16:16:41 [LB] Adding target x86-large
2026/07/16 16:16:41 [LB][MAB] event=new_machine_tag_discovered tag=x86-tiny arch=amd64 action=create_ring_and_add_mab_arm
2026/07/16 16:16:41 [LB] Adding target x86-tiny
2026/07/16 16:16:41 [LB][MAB] event=new_machine_tag_discovered tag=x86-tiny/gpu/nvidia arch=amd64 action=create_ring_and_add_mab_arm
2026/07/16 16:16:41 [LB] Adding target x86-tiny/gpu/nvidia
⇨ http server started on [::]:8080
2026/07/16 16:16:44 [LB]: Periodic targets update
2026/07/16 16:16:44 Found target: 75dE4KCiGaxGcgjBAKaF6h1784211396441358038
2026/07/16 16:16:44 Found target: DicwkVEW2pDoAvyE9i9hRh1784211396441346568
2026/07/16 16:16:44 Found target: WY4J8KBPVx2W22x5XAwpjW1784211396441369527
2026/07/16 16:16:44 Found target: 28REhPpz5C4TrZjgRAvria1784211396441369197
2026/07/16 16:16:44 Found 4 targets
2026/07/16 16:16:46 [LB] Compatible tag found: function=mab_cost_aware_1784211395 tag=arm-tiny arch=amd64 pattern="" ring_size=1
2026/07/16 16:16:46 [LB] Compatible tag found: function=mab_cost_aware_1784211395 tag=x86-large arch=amd64 pattern="" ring_size=1
2026/07/16 16:16:46 [LB] Compatible tag found: function=mab_cost_aware_1784211395 tag=x86-tiny arch=amd64 pattern="" ring_size=1
2026/07/16 16:16:46 [LB] Compatible tag found: function=mab_cost_aware_1784211395 tag=x86-tiny/gpu/nvidia arch=amd64 pattern="" ring_size=1
2026/07/16 16:16:46 [LB] Compatible tags for function 'mab_cost_aware_1784211395': [arm-tiny x86-large x86-tiny x86-tiny/gpu/nvidia]
2026/07/16 16:16:46 [LB][MAB] event=before_select function=mab_cost_aware_1784211395 compatible_tags=[arm-tiny x86-large x86-tiny x86-tiny/gpu/nvidia] has_context=true
2026/07/16 16:16:46 BanditManager GetBandit: policy type: UCB1
2026/07/16 16:16:46 Initialized UCB1 bandit for mab_cost_aware_1784211395
2026/07/16 16:16:46 [MAB] event=arm_added ts=1784211406458 policy=UCB1 function=mab_cost_aware_1784211395 arm=arm-tiny arms=[arm-tiny]
2026/07/16 16:16:46 [MAB] event=arm_added ts=1784211406458 policy=UCB1 function=mab_cost_aware_1784211395 arm=x86-large arms=[arm-tiny,x86-large]
2026/07/16 16:16:46 [MAB] event=arm_added ts=1784211406458 policy=UCB1 function=mab_cost_aware_1784211395 arm=x86-tiny arms=[arm-tiny,x86-large,x86-tiny]
2026/07/16 16:16:46 [MAB] event=arm_added ts=1784211406458 policy=UCB1 function=mab_cost_aware_1784211395 arm=x86-tiny/gpu/nvidia arms=[arm-tiny,x86-large,x86-tiny,x86-tiny/gpu/nvidia]
2026/07/16 16:16:46 [MAB] event=select_arm ts=1784211406458 policy=UCB1 function=mab_cost_aware_1784211395 selected_arm=arm-tiny reason=least_tried score=0.000000 total_counts=0 arms=[arm-tiny,x86-large,x86-tiny,x86-tiny/gpu/nvidia]
2026/07/16 16:16:46 [LB][MAB] event=after_select function=mab_cost_aware_1784211395 selected_tag=arm-tiny compatible_tags=[arm-tiny x86-large x86-tiny x86-tiny/gpu/nvidia]
2026/07/16 16:16:46 Candidate has: 512 MB free memory. Function needs: 128 MB
2026/07/16 16:16:46 [LB] Selected target for function 'mab_cost_aware_1784211395': target_tag=arm-tiny candidate=75dE4KCiGaxGcgjBAKaF6h1784211396441358038 candidate_tag=arm-tiny
2026/07/16 16:16:46 [LB-Update] Node 75dE4KCiGaxGcgjBAKaF6h1784211396441358038 reported 512 MB free
2026/07/16 16:16:46 [MAB] event=skip_cold_start ts=1784211406933 policy=UCB1 function=mab_cost_aware_1784211395 arm=arm-tiny duration_ms=7.296597 reason=cold_start
2026/07/16 16:16:47 [LB] Compatible tag found: function=mab_cost_aware_1784211395 tag=arm-tiny arch=amd64 pattern="" ring_size=1
2026/07/16 16:16:47 [LB] Compatible tag found: function=mab_cost_aware_1784211395 tag=x86-large arch=amd64 pattern="" ring_size=1
2026/07/16 16:16:47 [LB] Compatible tag found: function=mab_cost_aware_1784211395 tag=x86-tiny arch=amd64 pattern="" ring_size=1
2026/07/16 16:16:47 [LB] Compatible tag found: function=mab_cost_aware_1784211395 tag=x86-tiny/gpu/nvidia arch=amd64 pattern="" ring_size=1
2026/07/16 16:16:47 [LB] Compatible tags for function 'mab_cost_aware_1784211395': [arm-tiny x86-large x86-tiny x86-tiny/gpu/nvidia]
2026/07/16 16:16:47 [LB][MAB] event=before_select function=mab_cost_aware_1784211395 compatible_tags=[arm-tiny x86-large x86-tiny x86-tiny/gpu/nvidia] has_context=true
2026/07/16 16:16:47 [MAB] event=select_arm ts=1784211407155 policy=UCB1 function=mab_cost_aware_1784211395 selected_arm=arm-tiny reason=least_tried score=0.000000 total_counts=0 arms=[arm-tiny,x86-large,x86-tiny,x86-tiny/gpu/nvidia]
2026/07/16 16:16:47 [LB][MAB] event=after_select function=mab_cost_aware_1784211395 selected_tag=arm-tiny compatible_tags=[arm-tiny x86-large x86-tiny x86-tiny/gpu/nvidia]
2026/07/16 16:16:47 Candidate has: 512 MB free memory. Function needs: 128 MB
2026/07/16 16:16:47 [LB] Selected target for function 'mab_cost_aware_1784211395': target_tag=arm-tiny candidate=75dE4KCiGaxGcgjBAKaF6h1784211396441358038 candidate_tag=arm-tiny
2026/07/16 16:16:47 [LB-Update] Node 75dE4KCiGaxGcgjBAKaF6h1784211396441358038 reported 512 MB free
2026/07/16 16:16:47 [MAB] event=reward_breakdown ts=1784211407159 policy=UCB1 function=mab_cost_aware_1784211395 arm=arm-tiny base_tag=arm-tiny architecture=arm specialization=tiny capabilities=[] duration_ms=2.894198 latency_reward=-1.062708 cost_weight=0.000000 cost_factor=0.400000 cost_term=0.000000 energy_weight=0.000000 energy_factor=0.600000 energy_term=0.000000 memory_weight=0.000000 memory_penalty=0.000000 memory_term=0.000000 final_reward=-1.062708
2026/07/16 16:16:47 [MAB] event=update_reward ts=1784211407159 policy=UCB1 function=mab_cost_aware_1784211395 arm=arm-tiny duration_ms=2.894198 warm_start=true reward=-1.062708 count=1 avg_reward=-1.062708 total_counts=1
2026/07/16 16:16:47 [LB] Compatible tag found: function=mab_cost_aware_1784211395 tag=arm-tiny arch=amd64 pattern="" ring_size=1
2026/07/16 16:16:47 [LB] Compatible tag found: function=mab_cost_aware_1784211395 tag=x86-large arch=amd64 pattern="" ring_size=1
2026/07/16 16:16:47 [LB] Compatible tag found: function=mab_cost_aware_1784211395 tag=x86-tiny arch=amd64 pattern="" ring_size=1
2026/07/16 16:16:47 [LB] Compatible tag found: function=mab_cost_aware_1784211395 tag=x86-tiny/gpu/nvidia arch=amd64 pattern="" ring_size=1
2026/07/16 16:16:47 [LB] Compatible tags for function 'mab_cost_aware_1784211395': [arm-tiny x86-large x86-tiny x86-tiny/gpu/nvidia]
2026/07/16 16:16:47 [LB][MAB] event=before_select function=mab_cost_aware_1784211395 compatible_tags=[arm-tiny x86-large x86-tiny x86-tiny/gpu/nvidia] has_context=true
2026/07/16 16:16:47 [MAB] event=select_arm ts=1784211407380 policy=UCB1 function=mab_cost_aware_1784211395 selected_arm=x86-large reason=least_tried score=0.000000 total_counts=1 arms=[arm-tiny,x86-large,x86-tiny,x86-tiny/gpu/nvidia]
2026/07/16 16:16:47 [LB][MAB] event=after_select function=mab_cost_aware_1784211395 selected_tag=x86-large compatible_tags=[arm-tiny x86-large x86-tiny x86-tiny/gpu/nvidia]
2026/07/16 16:16:47 Candidate has: 512 MB free memory. Function needs: 128 MB
2026/07/16 16:16:47 [LB] Selected target for function 'mab_cost_aware_1784211395': target_tag=x86-large candidate=DicwkVEW2pDoAvyE9i9hRh1784211396441346568 candidate_tag=x86-large
2026/07/16 16:16:47 [LB]: Periodic targets update
2026/07/16 16:16:47 Found target: DicwkVEW2pDoAvyE9i9hRh1784211396441346568
2026/07/16 16:16:47 Found target: WY4J8KBPVx2W22x5XAwpjW1784211396441369527
2026/07/16 16:16:47 Found target: 28REhPpz5C4TrZjgRAvria1784211396441369197
2026/07/16 16:16:47 Found target: 75dE4KCiGaxGcgjBAKaF6h1784211396441358038
2026/07/16 16:16:47 Found 4 targets
2026/07/16 16:16:47 [LB-Update] Node DicwkVEW2pDoAvyE9i9hRh1784211396441346568 reported 512 MB free
2026/07/16 16:16:47 [MAB] event=skip_cold_start ts=1784211407886 policy=UCB1 function=mab_cost_aware_1784211395 arm=x86-large duration_ms=4.113567 reason=cold_start
2026/07/16 16:16:48 [LB] Compatible tag found: function=mab_cost_aware_1784211395 tag=arm-tiny arch=amd64 pattern="" ring_size=1
2026/07/16 16:16:48 [LB] Compatible tag found: function=mab_cost_aware_1784211395 tag=x86-large arch=amd64 pattern="" ring_size=1
2026/07/16 16:16:48 [LB] Compatible tag found: function=mab_cost_aware_1784211395 tag=x86-tiny arch=amd64 pattern="" ring_size=1
2026/07/16 16:16:48 [LB] Compatible tag found: function=mab_cost_aware_1784211395 tag=x86-tiny/gpu/nvidia arch=amd64 pattern="" ring_size=1
2026/07/16 16:16:48 [LB] Compatible tags for function 'mab_cost_aware_1784211395': [arm-tiny x86-large x86-tiny x86-tiny/gpu/nvidia]
2026/07/16 16:16:48 [LB][MAB] event=before_select function=mab_cost_aware_1784211395 compatible_tags=[arm-tiny x86-large x86-tiny x86-tiny/gpu/nvidia] has_context=true
2026/07/16 16:16:48 [MAB] event=select_arm ts=1784211408108 policy=UCB1 function=mab_cost_aware_1784211395 selected_arm=x86-large reason=least_tried score=0.000000 total_counts=1 arms=[arm-tiny,x86-large,x86-tiny,x86-tiny/gpu/nvidia]
2026/07/16 16:16:48 [LB][MAB] event=after_select function=mab_cost_aware_1784211395 selected_tag=x86-large compatible_tags=[arm-tiny x86-large x86-tiny x86-tiny/gpu/nvidia]
2026/07/16 16:16:48 Candidate has: 512 MB free memory. Function needs: 128 MB
2026/07/16 16:16:48 [LB] Selected target for function 'mab_cost_aware_1784211395': target_tag=x86-large candidate=DicwkVEW2pDoAvyE9i9hRh1784211396441346568 candidate_tag=x86-large
2026/07/16 16:16:48 [LB-Update] Node DicwkVEW2pDoAvyE9i9hRh1784211396441346568 reported 512 MB free
2026/07/16 16:16:48 [MAB] event=reward_breakdown ts=1784211408112 policy=UCB1 function=mab_cost_aware_1784211395 arm=x86-large base_tag=x86-large architecture=x86 specialization=large capabilities=[] duration_ms=3.152987 latency_reward=-1.148350 cost_weight=0.000000 cost_factor=1.200000 cost_term=0.000000 energy_weight=0.000000 energy_factor=1.200000 energy_term=0.000000 memory_weight=0.000000 memory_penalty=0.000000 memory_term=0.000000 final_reward=-1.148350
2026/07/16 16:16:48 [MAB] event=update_reward ts=1784211408112 policy=UCB1 function=mab_cost_aware_1784211395 arm=x86-large duration_ms=3.152987 warm_start=true reward=-1.148350 count=1 avg_reward=-1.148350 total_counts=2
2026/07/16 16:16:48 [LB] Compatible tag found: function=mab_cost_aware_1784211395 tag=arm-tiny arch=amd64 pattern="" ring_size=1
2026/07/16 16:16:48 [LB] Compatible tag found: function=mab_cost_aware_1784211395 tag=x86-large arch=amd64 pattern="" ring_size=1
2026/07/16 16:16:48 [LB] Compatible tag found: function=mab_cost_aware_1784211395 tag=x86-tiny arch=amd64 pattern="" ring_size=1
2026/07/16 16:16:48 [LB] Compatible tag found: function=mab_cost_aware_1784211395 tag=x86-tiny/gpu/nvidia arch=amd64 pattern="" ring_size=1
2026/07/16 16:16:48 [LB] Compatible tags for function 'mab_cost_aware_1784211395': [arm-tiny x86-large x86-tiny x86-tiny/gpu/nvidia]
2026/07/16 16:16:48 [LB][MAB] event=before_select function=mab_cost_aware_1784211395 compatible_tags=[arm-tiny x86-large x86-tiny x86-tiny/gpu/nvidia] has_context=true
2026/07/16 16:16:48 [MAB] event=select_arm ts=1784211408334 policy=UCB1 function=mab_cost_aware_1784211395 selected_arm=x86-tiny reason=least_tried score=0.000000 total_counts=2 arms=[arm-tiny,x86-large,x86-tiny,x86-tiny/gpu/nvidia]
2026/07/16 16:16:48 [LB][MAB] event=after_select function=mab_cost_aware_1784211395 selected_tag=x86-tiny compatible_tags=[arm-tiny x86-large x86-tiny x86-tiny/gpu/nvidia]
2026/07/16 16:16:48 Candidate has: 512 MB free memory. Function needs: 128 MB
2026/07/16 16:16:48 [LB] Selected target for function 'mab_cost_aware_1784211395': target_tag=x86-tiny candidate=WY4J8KBPVx2W22x5XAwpjW1784211396441369527 candidate_tag=x86-tiny
2026/07/16 16:16:48 [LB-Update] Node WY4J8KBPVx2W22x5XAwpjW1784211396441369527 reported 512 MB free
2026/07/16 16:16:48 [MAB] event=skip_cold_start ts=1784211408814 policy=UCB1 function=mab_cost_aware_1784211395 arm=x86-tiny duration_ms=6.435503 reason=cold_start
2026/07/16 16:16:49 [LB] Compatible tag found: function=mab_cost_aware_1784211395 tag=arm-tiny arch=amd64 pattern="" ring_size=1
2026/07/16 16:16:49 [LB] Compatible tag found: function=mab_cost_aware_1784211395 tag=x86-large arch=amd64 pattern="" ring_size=1
2026/07/16 16:16:49 [LB] Compatible tag found: function=mab_cost_aware_1784211395 tag=x86-tiny arch=amd64 pattern="" ring_size=1
2026/07/16 16:16:49 [LB] Compatible tag found: function=mab_cost_aware_1784211395 tag=x86-tiny/gpu/nvidia arch=amd64 pattern="" ring_size=1
2026/07/16 16:16:49 [LB] Compatible tags for function 'mab_cost_aware_1784211395': [arm-tiny x86-large x86-tiny x86-tiny/gpu/nvidia]
2026/07/16 16:16:49 [LB][MAB] event=before_select function=mab_cost_aware_1784211395 compatible_tags=[arm-tiny x86-large x86-tiny x86-tiny/gpu/nvidia] has_context=true
2026/07/16 16:16:49 [MAB] event=select_arm ts=1784211409029 policy=UCB1 function=mab_cost_aware_1784211395 selected_arm=x86-tiny reason=least_tried score=0.000000 total_counts=2 arms=[arm-tiny,x86-large,x86-tiny,x86-tiny/gpu/nvidia]
2026/07/16 16:16:49 [LB][MAB] event=after_select function=mab_cost_aware_1784211395 selected_tag=x86-tiny compatible_tags=[arm-tiny x86-large x86-tiny x86-tiny/gpu/nvidia]
2026/07/16 16:16:49 Candidate has: 512 MB free memory. Function needs: 128 MB
2026/07/16 16:16:49 [LB] Selected target for function 'mab_cost_aware_1784211395': target_tag=x86-tiny candidate=WY4J8KBPVx2W22x5XAwpjW1784211396441369527 candidate_tag=x86-tiny
2026/07/16 16:16:49 [LB-Update] Node WY4J8KBPVx2W22x5XAwpjW1784211396441369527 reported 512 MB free
2026/07/16 16:16:49 [MAB] event=reward_breakdown ts=1784211409031 policy=UCB1 function=mab_cost_aware_1784211395 arm=x86-tiny base_tag=x86-tiny architecture=x86 specialization=tiny capabilities=[] duration_ms=1.898193 latency_reward=-0.640902 cost_weight=0.000000 cost_factor=0.400000 cost_term=0.000000 energy_weight=0.000000 energy_factor=1.000000 energy_term=0.000000 memory_weight=0.000000 memory_penalty=0.000000 memory_term=0.000000 final_reward=-0.640902
2026/07/16 16:16:49 [MAB] event=update_reward ts=1784211409031 policy=UCB1 function=mab_cost_aware_1784211395 arm=x86-tiny duration_ms=1.898193 warm_start=true reward=-0.640902 count=1 avg_reward=-0.640902 total_counts=3
2026/07/16 16:16:49 [LB] Compatible tag found: function=mab_cost_aware_1784211395 tag=arm-tiny arch=amd64 pattern="" ring_size=1
2026/07/16 16:16:49 [LB] Compatible tag found: function=mab_cost_aware_1784211395 tag=x86-large arch=amd64 pattern="" ring_size=1
2026/07/16 16:16:49 [LB] Compatible tag found: function=mab_cost_aware_1784211395 tag=x86-tiny arch=amd64 pattern="" ring_size=1
2026/07/16 16:16:49 [LB] Compatible tag found: function=mab_cost_aware_1784211395 tag=x86-tiny/gpu/nvidia arch=amd64 pattern="" ring_size=1
2026/07/16 16:16:49 [LB] Compatible tags for function 'mab_cost_aware_1784211395': [arm-tiny x86-large x86-tiny x86-tiny/gpu/nvidia]
2026/07/16 16:16:49 [LB][MAB] event=before_select function=mab_cost_aware_1784211395 compatible_tags=[arm-tiny x86-large x86-tiny x86-tiny/gpu/nvidia] has_context=true
2026/07/16 16:16:49 [MAB] event=select_arm ts=1784211409250 policy=UCB1 function=mab_cost_aware_1784211395 selected_arm=x86-tiny/gpu/nvidia reason=least_tried score=0.000000 total_counts=3 arms=[arm-tiny,x86-large,x86-tiny,x86-tiny/gpu/nvidia]
2026/07/16 16:16:49 [LB][MAB] event=after_select function=mab_cost_aware_1784211395 selected_tag=x86-tiny/gpu/nvidia compatible_tags=[arm-tiny x86-large x86-tiny x86-tiny/gpu/nvidia]
2026/07/16 16:16:49 Candidate has: 512 MB free memory. Function needs: 128 MB
2026/07/16 16:16:49 [LB] Selected target for function 'mab_cost_aware_1784211395': target_tag=x86-tiny/gpu/nvidia candidate=28REhPpz5C4TrZjgRAvria1784211396441369197 candidate_tag=x86-tiny/gpu/nvidia
2026/07/16 16:16:49 [LB-Update] Node 28REhPpz5C4TrZjgRAvria1784211396441369197 reported 512 MB free
2026/07/16 16:16:49 [MAB] event=skip_cold_start ts=1784211409726 policy=UCB1 function=mab_cost_aware_1784211395 arm=x86-tiny/gpu/nvidia duration_ms=6.671275 reason=cold_start
2026/07/16 16:16:49 [LB] Compatible tag found: function=mab_cost_aware_1784211395 tag=arm-tiny arch=amd64 pattern="" ring_size=1
2026/07/16 16:16:49 [LB] Compatible tag found: function=mab_cost_aware_1784211395 tag=x86-large arch=amd64 pattern="" ring_size=1
2026/07/16 16:16:49 [LB] Compatible tag found: function=mab_cost_aware_1784211395 tag=x86-tiny arch=amd64 pattern="" ring_size=1
2026/07/16 16:16:49 [LB] Compatible tag found: function=mab_cost_aware_1784211395 tag=x86-tiny/gpu/nvidia arch=amd64 pattern="" ring_size=1
2026/07/16 16:16:49 [LB] Compatible tags for function 'mab_cost_aware_1784211395': [arm-tiny x86-large x86-tiny x86-tiny/gpu/nvidia]
2026/07/16 16:16:49 [LB][MAB] event=before_select function=mab_cost_aware_1784211395 compatible_tags=[arm-tiny x86-large x86-tiny x86-tiny/gpu/nvidia] has_context=true
2026/07/16 16:16:49 [MAB] event=select_arm ts=1784211409952 policy=UCB1 function=mab_cost_aware_1784211395 selected_arm=x86-tiny/gpu/nvidia reason=least_tried score=0.000000 total_counts=3 arms=[arm-tiny,x86-large,x86-tiny,x86-tiny/gpu/nvidia]
2026/07/16 16:16:49 [LB][MAB] event=after_select function=mab_cost_aware_1784211395 selected_tag=x86-tiny/gpu/nvidia compatible_tags=[arm-tiny x86-large x86-tiny x86-tiny/gpu/nvidia]
2026/07/16 16:16:49 Candidate has: 512 MB free memory. Function needs: 128 MB
2026/07/16 16:16:49 [LB] Selected target for function 'mab_cost_aware_1784211395': target_tag=x86-tiny/gpu/nvidia candidate=28REhPpz5C4TrZjgRAvria1784211396441369197 candidate_tag=x86-tiny/gpu/nvidia
2026/07/16 16:16:49 [LB-Update] Node 28REhPpz5C4TrZjgRAvria1784211396441369197 reported 512 MB free
2026/07/16 16:16:49 [MAB] event=reward_breakdown ts=1784211409957 policy=UCB1 function=mab_cost_aware_1784211395 arm=x86-tiny/gpu/nvidia base_tag=x86-tiny architecture=x86 specialization=tiny capabilities=[gpu,nvidia] duration_ms=3.748552 latency_reward=-1.321370 cost_weight=0.000000 cost_factor=1.600000 cost_term=0.000000 energy_weight=0.000000 energy_factor=1.800000 energy_term=0.000000 memory_weight=0.000000 memory_penalty=0.000000 memory_term=0.000000 final_reward=-1.321370
2026/07/16 16:16:49 [MAB] event=update_reward ts=1784211409957 policy=UCB1 function=mab_cost_aware_1784211395 arm=x86-tiny/gpu/nvidia duration_ms=3.748552 warm_start=true reward=-1.321370 count=1 avg_reward=-1.321370 total_counts=4
2026/07/16 16:16:50 [LB] Compatible tag found: function=mab_cost_aware_1784211395 tag=arm-tiny arch=amd64 pattern="" ring_size=1
2026/07/16 16:16:50 [LB] Compatible tag found: function=mab_cost_aware_1784211395 tag=x86-large arch=amd64 pattern="" ring_size=1
2026/07/16 16:16:50 [LB] Compatible tag found: function=mab_cost_aware_1784211395 tag=x86-tiny arch=amd64 pattern="" ring_size=1
2026/07/16 16:16:50 [LB] Compatible tag found: function=mab_cost_aware_1784211395 tag=x86-tiny/gpu/nvidia arch=amd64 pattern="" ring_size=1
2026/07/16 16:16:50 [LB] Compatible tags for function 'mab_cost_aware_1784211395': [arm-tiny x86-large x86-tiny x86-tiny/gpu/nvidia]
2026/07/16 16:16:50 [LB][MAB] event=before_select function=mab_cost_aware_1784211395 compatible_tags=[arm-tiny x86-large x86-tiny x86-tiny/gpu/nvidia] has_context=true
2026/07/16 16:16:50 [MAB] event=arm_score ts=1784211410176 policy=UCB1 function=mab_cost_aware_1784211395 arm=arm-tiny score=-0.120780 count=1 avg_reward=-1.062708 total_counts=4
2026/07/16 16:16:50 [MAB] event=arm_score ts=1784211410176 policy=UCB1 function=mab_cost_aware_1784211395 arm=x86-large score=-0.206422 count=1 avg_reward=-1.148350 total_counts=4
2026/07/16 16:16:50 [MAB] event=arm_score ts=1784211410176 policy=UCB1 function=mab_cost_aware_1784211395 arm=x86-tiny score=0.301026 count=1 avg_reward=-0.640902 total_counts=4
2026/07/16 16:16:50 [MAB] event=arm_score ts=1784211410176 policy=UCB1 function=mab_cost_aware_1784211395 arm=x86-tiny/gpu/nvidia score=-0.379442 count=1 avg_reward=-1.321370 total_counts=4
2026/07/16 16:16:50 [MAB] event=select_arm ts=1784211410176 policy=UCB1 function=mab_cost_aware_1784211395 selected_arm=x86-tiny reason=ucb_score score=0.301026 total_counts=4 arms=[arm-tiny,x86-large,x86-tiny,x86-tiny/gpu/nvidia]
2026/07/16 16:16:50 [LB][MAB] event=after_select function=mab_cost_aware_1784211395 selected_tag=x86-tiny compatible_tags=[arm-tiny x86-large x86-tiny x86-tiny/gpu/nvidia]
2026/07/16 16:16:50 Candidate has: 512 MB free memory. Function needs: 128 MB
2026/07/16 16:16:50 [LB] Selected target for function 'mab_cost_aware_1784211395': target_tag=x86-tiny candidate=WY4J8KBPVx2W22x5XAwpjW1784211396441369527 candidate_tag=x86-tiny
2026/07/16 16:16:50 [LB-Update] Node WY4J8KBPVx2W22x5XAwpjW1784211396441369527 reported 512 MB free
2026/07/16 16:16:50 [MAB] event=reward_breakdown ts=1784211410180 policy=UCB1 function=mab_cost_aware_1784211395 arm=x86-tiny base_tag=x86-tiny architecture=x86 specialization=tiny capabilities=[] duration_ms=2.309584 latency_reward=-0.837067 cost_weight=0.000000 cost_factor=0.400000 cost_term=0.000000 energy_weight=0.000000 energy_factor=1.000000 energy_term=0.000000 memory_weight=0.000000 memory_penalty=0.000000 memory_term=0.000000 final_reward=-0.837067
2026/07/16 16:16:50 [MAB] event=update_reward ts=1784211410180 policy=UCB1 function=mab_cost_aware_1784211395 arm=x86-tiny duration_ms=2.309584 warm_start=true reward=-0.837067 count=2 avg_reward=-0.738985 total_counts=5
2026/07/16 16:16:50 [LB] Compatible tag found: function=mab_cost_aware_1784211395 tag=arm-tiny arch=amd64 pattern="" ring_size=1
2026/07/16 16:16:50 [LB] Compatible tag found: function=mab_cost_aware_1784211395 tag=x86-large arch=amd64 pattern="" ring_size=1
2026/07/16 16:16:50 [LB] Compatible tag found: function=mab_cost_aware_1784211395 tag=x86-tiny arch=amd64 pattern="" ring_size=1
2026/07/16 16:16:50 [LB] Compatible tag found: function=mab_cost_aware_1784211395 tag=x86-tiny/gpu/nvidia arch=amd64 pattern="" ring_size=1
2026/07/16 16:16:50 [LB] Compatible tags for function 'mab_cost_aware_1784211395': [arm-tiny x86-large x86-tiny x86-tiny/gpu/nvidia]
2026/07/16 16:16:50 [LB][MAB] event=before_select function=mab_cost_aware_1784211395 compatible_tags=[arm-tiny x86-large x86-tiny x86-tiny/gpu/nvidia] has_context=true
2026/07/16 16:16:50 [MAB] event=arm_score ts=1784211410400 policy=UCB1 function=mab_cost_aware_1784211395 arm=arm-tiny score=-0.047799 count=1 avg_reward=-1.062708 total_counts=5
2026/07/16 16:16:50 [MAB] event=arm_score ts=1784211410400 policy=UCB1 function=mab_cost_aware_1784211395 arm=x86-large score=-0.133441 count=1 avg_reward=-1.148350 total_counts=5
2026/07/16 16:16:50 [MAB] event=arm_score ts=1784211410400 policy=UCB1 function=mab_cost_aware_1784211395 arm=x86-tiny score=-0.021336 count=2 avg_reward=-0.738985 total_counts=5
2026/07/16 16:16:50 [MAB] event=arm_score ts=1784211410400 policy=UCB1 function=mab_cost_aware_1784211395 arm=x86-tiny/gpu/nvidia score=-0.306461 count=1 avg_reward=-1.321370 total_counts=5
2026/07/16 16:16:50 [MAB] event=select_arm ts=1784211410400 policy=UCB1 function=mab_cost_aware_1784211395 selected_arm=x86-tiny reason=ucb_score score=-0.021336 total_counts=5 arms=[arm-tiny,x86-large,x86-tiny,x86-tiny/gpu/nvidia]
2026/07/16 16:16:50 [LB][MAB] event=after_select function=mab_cost_aware_1784211395 selected_tag=x86-tiny compatible_tags=[arm-tiny x86-large x86-tiny x86-tiny/gpu/nvidia]
2026/07/16 16:16:50 Candidate has: 512 MB free memory. Function needs: 128 MB
2026/07/16 16:16:50 [LB] Selected target for function 'mab_cost_aware_1784211395': target_tag=x86-tiny candidate=WY4J8KBPVx2W22x5XAwpjW1784211396441369527 candidate_tag=x86-tiny
2026/07/16 16:16:50 [LB-Update] Node WY4J8KBPVx2W22x5XAwpjW1784211396441369527 reported 512 MB free
2026/07/16 16:16:50 [MAB] event=reward_breakdown ts=1784211410403 policy=UCB1 function=mab_cost_aware_1784211395 arm=x86-tiny base_tag=x86-tiny architecture=x86 specialization=tiny capabilities=[] duration_ms=3.041324 latency_reward=-1.112293 cost_weight=0.000000 cost_factor=0.400000 cost_term=0.000000 energy_weight=0.000000 energy_factor=1.000000 energy_term=0.000000 memory_weight=0.000000 memory_penalty=0.000000 memory_term=0.000000 final_reward=-1.112293
2026/07/16 16:16:50 [MAB] event=update_reward ts=1784211410403 policy=UCB1 function=mab_cost_aware_1784211395 arm=x86-tiny duration_ms=3.041324 warm_start=true reward=-1.112293 count=3 avg_reward=-0.863421 total_counts=6
2026/07/16 16:16:50 [LB]: Periodic targets update
2026/07/16 16:16:50 Found target: WY4J8KBPVx2W22x5XAwpjW1784211396441369527
2026/07/16 16:16:50 Found target: 28REhPpz5C4TrZjgRAvria1784211396441369197
2026/07/16 16:16:50 Found target: 75dE4KCiGaxGcgjBAKaF6h1784211396441358038
2026/07/16 16:16:50 Found target: DicwkVEW2pDoAvyE9i9hRh1784211396441346568
2026/07/16 16:16:50 Found 4 targets
2026/07/16 16:16:50 [LB] Compatible tag found: function=mab_cost_aware_1784211395 tag=arm-tiny arch=amd64 pattern="" ring_size=1
2026/07/16 16:16:50 [LB] Compatible tag found: function=mab_cost_aware_1784211395 tag=x86-large arch=amd64 pattern="" ring_size=1
2026/07/16 16:16:50 [LB] Compatible tag found: function=mab_cost_aware_1784211395 tag=x86-tiny arch=amd64 pattern="" ring_size=1
2026/07/16 16:16:50 [LB] Compatible tag found: function=mab_cost_aware_1784211395 tag=x86-tiny/gpu/nvidia arch=amd64 pattern="" ring_size=1
2026/07/16 16:16:50 [LB] Compatible tags for function 'mab_cost_aware_1784211395': [arm-tiny x86-large x86-tiny x86-tiny/gpu/nvidia]
2026/07/16 16:16:50 [LB][MAB] event=before_select function=mab_cost_aware_1784211395 compatible_tags=[arm-tiny x86-large x86-tiny x86-tiny/gpu/nvidia] has_context=true
2026/07/16 16:16:50 [MAB] event=arm_score ts=1784211410627 policy=UCB1 function=mab_cost_aware_1784211395 arm=arm-tiny score=0.008145 count=1 avg_reward=-1.062708 total_counts=6
2026/07/16 16:16:50 [MAB] event=arm_score ts=1784211410627 policy=UCB1 function=mab_cost_aware_1784211395 arm=x86-large score=-0.077497 count=1 avg_reward=-1.148350 total_counts=6
2026/07/16 16:16:50 [MAB] event=arm_score ts=1784211410627 policy=UCB1 function=mab_cost_aware_1784211395 arm=x86-tiny score=-0.245164 count=3 avg_reward=-0.863421 total_counts=6
2026/07/16 16:16:50 [MAB] event=arm_score ts=1784211410627 policy=UCB1 function=mab_cost_aware_1784211395 arm=x86-tiny/gpu/nvidia score=-0.250517 count=1 avg_reward=-1.321370 total_counts=6
2026/07/16 16:16:50 [MAB] event=select_arm ts=1784211410627 policy=UCB1 function=mab_cost_aware_1784211395 selected_arm=arm-tiny reason=ucb_score score=0.008145 total_counts=6 arms=[arm-tiny,x86-large,x86-tiny,x86-tiny/gpu/nvidia]
2026/07/16 16:16:50 [LB][MAB] event=after_select function=mab_cost_aware_1784211395 selected_tag=arm-tiny compatible_tags=[arm-tiny x86-large x86-tiny x86-tiny/gpu/nvidia]
2026/07/16 16:16:50 Candidate has: 512 MB free memory. Function needs: 128 MB
2026/07/16 16:16:50 [LB] Selected target for function 'mab_cost_aware_1784211395': target_tag=arm-tiny candidate=75dE4KCiGaxGcgjBAKaF6h1784211396441358038 candidate_tag=arm-tiny
2026/07/16 16:16:50 [LB-Update] Node 75dE4KCiGaxGcgjBAKaF6h1784211396441358038 reported 512 MB free
2026/07/16 16:16:50 [MAB] event=reward_breakdown ts=1784211410632 policy=UCB1 function=mab_cost_aware_1784211395 arm=arm-tiny base_tag=arm-tiny architecture=arm specialization=tiny capabilities=[] duration_ms=3.605376 latency_reward=-1.282426 cost_weight=0.000000 cost_factor=0.400000 cost_term=0.000000 energy_weight=0.000000 energy_factor=0.600000 energy_term=0.000000 memory_weight=0.000000 memory_penalty=0.000000 memory_term=0.000000 final_reward=-1.282426
2026/07/16 16:16:50 [MAB] event=update_reward ts=1784211410632 policy=UCB1 function=mab_cost_aware_1784211395 arm=arm-tiny duration_ms=3.605376 warm_start=true reward=-1.282426 count=2 avg_reward=-1.172567 total_counts=7
2026/07/16 16:16:50 [LB] Compatible tag found: function=mab_cost_aware_1784211395 tag=arm-tiny arch=amd64 pattern="" ring_size=1
2026/07/16 16:16:50 [LB] Compatible tag found: function=mab_cost_aware_1784211395 tag=x86-large arch=amd64 pattern="" ring_size=1
2026/07/16 16:16:50 [LB] Compatible tag found: function=mab_cost_aware_1784211395 tag=x86-tiny arch=amd64 pattern="" ring_size=1
2026/07/16 16:16:50 [LB] Compatible tag found: function=mab_cost_aware_1784211395 tag=x86-tiny/gpu/nvidia arch=amd64 pattern="" ring_size=1
2026/07/16 16:16:50 [LB] Compatible tags for function 'mab_cost_aware_1784211395': [arm-tiny x86-large x86-tiny x86-tiny/gpu/nvidia]
2026/07/16 16:16:50 [LB][MAB] event=before_select function=mab_cost_aware_1784211395 compatible_tags=[arm-tiny x86-large x86-tiny x86-tiny/gpu/nvidia] has_context=true
2026/07/16 16:16:50 [MAB] event=arm_score ts=1784211410853 policy=UCB1 function=mab_cost_aware_1784211395 arm=arm-tiny score=-0.383459 count=2 avg_reward=-1.172567 total_counts=7
2026/07/16 16:16:50 [MAB] event=arm_score ts=1784211410853 policy=UCB1 function=mab_cost_aware_1784211395 arm=x86-large score=-0.032383 count=1 avg_reward=-1.148350 total_counts=7
2026/07/16 16:16:50 [MAB] event=arm_score ts=1784211410853 policy=UCB1 function=mab_cost_aware_1784211395 arm=x86-tiny score=-0.219117 count=3 avg_reward=-0.863421 total_counts=7
2026/07/16 16:16:50 [MAB] event=arm_score ts=1784211410853 policy=UCB1 function=mab_cost_aware_1784211395 arm=x86-tiny/gpu/nvidia score=-0.205403 count=1 avg_reward=-1.321370 total_counts=7
2026/07/16 16:16:50 [MAB] event=select_arm ts=1784211410853 policy=UCB1 function=mab_cost_aware_1784211395 selected_arm=x86-large reason=ucb_score score=-0.032383 total_counts=7 arms=[arm-tiny,x86-large,x86-tiny,x86-tiny/gpu/nvidia]
2026/07/16 16:16:50 [LB][MAB] event=after_select function=mab_cost_aware_1784211395 selected_tag=x86-large compatible_tags=[arm-tiny x86-large x86-tiny x86-tiny/gpu/nvidia]
2026/07/16 16:16:50 Candidate has: 512 MB free memory. Function needs: 128 MB
2026/07/16 16:16:50 [LB] Selected target for function 'mab_cost_aware_1784211395': target_tag=x86-large candidate=DicwkVEW2pDoAvyE9i9hRh1784211396441346568 candidate_tag=x86-large
2026/07/16 16:16:50 [LB-Update] Node DicwkVEW2pDoAvyE9i9hRh1784211396441346568 reported 512 MB free
2026/07/16 16:16:50 [MAB] event=reward_breakdown ts=1784211410857 policy=UCB1 function=mab_cost_aware_1784211395 arm=x86-large base_tag=x86-large architecture=x86 specialization=large capabilities=[] duration_ms=3.127546 latency_reward=-1.140249 cost_weight=0.000000 cost_factor=1.200000 cost_term=0.000000 energy_weight=0.000000 energy_factor=1.200000 energy_term=0.000000 memory_weight=0.000000 memory_penalty=0.000000 memory_term=0.000000 final_reward=-1.140249
2026/07/16 16:16:50 [MAB] event=update_reward ts=1784211410857 policy=UCB1 function=mab_cost_aware_1784211395 arm=x86-large duration_ms=3.127546 warm_start=true reward=-1.140249 count=2 avg_reward=-1.144299 total_counts=8
2026/07/16 16:16:51 [LB] Compatible tag found: function=mab_cost_aware_1784211395 tag=arm-tiny arch=amd64 pattern="" ring_size=1
2026/07/16 16:16:51 [LB] Compatible tag found: function=mab_cost_aware_1784211395 tag=x86-large arch=amd64 pattern="" ring_size=1
2026/07/16 16:16:51 [LB] Compatible tag found: function=mab_cost_aware_1784211395 tag=x86-tiny arch=amd64 pattern="" ring_size=1
2026/07/16 16:16:51 [LB] Compatible tag found: function=mab_cost_aware_1784211395 tag=x86-tiny/gpu/nvidia arch=amd64 pattern="" ring_size=1
2026/07/16 16:16:51 [LB] Compatible tags for function 'mab_cost_aware_1784211395': [arm-tiny x86-large x86-tiny x86-tiny/gpu/nvidia]
2026/07/16 16:16:51 [LB][MAB] event=before_select function=mab_cost_aware_1784211395 compatible_tags=[arm-tiny x86-large x86-tiny x86-tiny/gpu/nvidia] has_context=true
2026/07/16 16:16:51 [MAB] event=arm_score ts=1784211411076 policy=UCB1 function=mab_cost_aware_1784211395 arm=arm-tiny score=-0.356833 count=2 avg_reward=-1.172567 total_counts=8
2026/07/16 16:16:51 [MAB] event=arm_score ts=1784211411076 policy=UCB1 function=mab_cost_aware_1784211395 arm=x86-large score=-0.328566 count=2 avg_reward=-1.144299 total_counts=8
2026/07/16 16:16:51 [MAB] event=arm_score ts=1784211411076 policy=UCB1 function=mab_cost_aware_1784211395 arm=x86-tiny score=-0.197377 count=3 avg_reward=-0.863421 total_counts=8
2026/07/16 16:16:51 [MAB] event=arm_score ts=1784211411076 policy=UCB1 function=mab_cost_aware_1784211395 arm=x86-tiny/gpu/nvidia score=-0.167748 count=1 avg_reward=-1.321370 total_counts=8
2026/07/16 16:16:51 [MAB] event=select_arm ts=1784211411076 policy=UCB1 function=mab_cost_aware_1784211395 selected_arm=x86-tiny/gpu/nvidia reason=ucb_score score=-0.167748 total_counts=8 arms=[arm-tiny,x86-large,x86-tiny,x86-tiny/gpu/nvidia]
2026/07/16 16:16:51 [LB][MAB] event=after_select function=mab_cost_aware_1784211395 selected_tag=x86-tiny/gpu/nvidia compatible_tags=[arm-tiny x86-large x86-tiny x86-tiny/gpu/nvidia]
2026/07/16 16:16:51 Candidate has: 512 MB free memory. Function needs: 128 MB
2026/07/16 16:16:51 [LB] Selected target for function 'mab_cost_aware_1784211395': target_tag=x86-tiny/gpu/nvidia candidate=28REhPpz5C4TrZjgRAvria1784211396441369197 candidate_tag=x86-tiny/gpu/nvidia
2026/07/16 16:16:51 [LB-Update] Node 28REhPpz5C4TrZjgRAvria1784211396441369197 reported 512 MB free
2026/07/16 16:16:51 [MAB] event=reward_breakdown ts=1784211411080 policy=UCB1 function=mab_cost_aware_1784211395 arm=x86-tiny/gpu/nvidia base_tag=x86-tiny architecture=x86 specialization=tiny capabilities=[gpu,nvidia] duration_ms=3.483728 latency_reward=-1.248103 cost_weight=0.000000 cost_factor=1.600000 cost_term=0.000000 energy_weight=0.000000 energy_factor=1.800000 energy_term=0.000000 memory_weight=0.000000 memory_penalty=0.000000 memory_term=0.000000 final_reward=-1.248103
2026/07/16 16:16:51 [MAB] event=update_reward ts=1784211411080 policy=UCB1 function=mab_cost_aware_1784211395 arm=x86-tiny/gpu/nvidia duration_ms=3.483728 warm_start=true reward=-1.248103 count=2 avg_reward=-1.284736 total_counts=9
2026/07/16 16:16:51 [LB] Compatible tag found: function=mab_cost_aware_1784211395 tag=arm-tiny arch=amd64 pattern="" ring_size=1
2026/07/16 16:16:51 [LB] Compatible tag found: function=mab_cost_aware_1784211395 tag=x86-large arch=amd64 pattern="" ring_size=1
2026/07/16 16:16:51 [LB] Compatible tag found: function=mab_cost_aware_1784211395 tag=x86-tiny arch=amd64 pattern="" ring_size=1
2026/07/16 16:16:51 [LB] Compatible tag found: function=mab_cost_aware_1784211395 tag=x86-tiny/gpu/nvidia arch=amd64 pattern="" ring_size=1
2026/07/16 16:16:51 [LB] Compatible tags for function 'mab_cost_aware_1784211395': [arm-tiny x86-large x86-tiny x86-tiny/gpu/nvidia]
2026/07/16 16:16:51 [LB][MAB] event=before_select function=mab_cost_aware_1784211395 compatible_tags=[arm-tiny x86-large x86-tiny x86-tiny/gpu/nvidia] has_context=true
2026/07/16 16:16:51 [MAB] event=arm_score ts=1784211411303 policy=UCB1 function=mab_cost_aware_1784211395 arm=arm-tiny score=-0.334049 count=2 avg_reward=-1.172567 total_counts=9
2026/07/16 16:16:51 [MAB] event=arm_score ts=1784211411303 policy=UCB1 function=mab_cost_aware_1784211395 arm=x86-large score=-0.305782 count=2 avg_reward=-1.144299 total_counts=9
2026/07/16 16:16:51 [MAB] event=arm_score ts=1784211411303 policy=UCB1 function=mab_cost_aware_1784211395 arm=x86-tiny score=-0.178774 count=3 avg_reward=-0.863421 total_counts=9
2026/07/16 16:16:51 [MAB] event=arm_score ts=1784211411303 policy=UCB1 function=mab_cost_aware_1784211395 arm=x86-tiny/gpu/nvidia score=-0.446219 count=2 avg_reward=-1.284736 total_counts=9
2026/07/16 16:16:51 [MAB] event=select_arm ts=1784211411303 policy=UCB1 function=mab_cost_aware_1784211395 selected_arm=x86-tiny reason=ucb_score score=-0.178774 total_counts=9 arms=[arm-tiny,x86-large,x86-tiny,x86-tiny/gpu/nvidia]
2026/07/16 16:16:51 [LB][MAB] event=after_select function=mab_cost_aware_1784211395 selected_tag=x86-tiny compatible_tags=[arm-tiny x86-large x86-tiny x86-tiny/gpu/nvidia]
2026/07/16 16:16:51 Candidate has: 512 MB free memory. Function needs: 128 MB
2026/07/16 16:16:51 [LB] Selected target for function 'mab_cost_aware_1784211395': target_tag=x86-tiny candidate=WY4J8KBPVx2W22x5XAwpjW1784211396441369527 candidate_tag=x86-tiny
2026/07/16 16:16:51 [LB-Update] Node WY4J8KBPVx2W22x5XAwpjW1784211396441369527 reported 512 MB free
2026/07/16 16:16:51 [MAB] event=reward_breakdown ts=1784211411307 policy=UCB1 function=mab_cost_aware_1784211395 arm=x86-tiny base_tag=x86-tiny architecture=x86 specialization=tiny capabilities=[] duration_ms=3.266340 latency_reward=-1.183670 cost_weight=0.000000 cost_factor=0.400000 cost_term=0.000000 energy_weight=0.000000 energy_factor=1.000000 energy_term=0.000000 memory_weight=0.000000 memory_penalty=0.000000 memory_term=0.000000 final_reward=-1.183670
2026/07/16 16:16:51 [MAB] event=update_reward ts=1784211411307 policy=UCB1 function=mab_cost_aware_1784211395 arm=x86-tiny duration_ms=3.266340 warm_start=true reward=-1.183670 count=4 avg_reward=-0.943483 total_counts=10
2026/07/16 16:16:51 [LB] Compatible tag found: function=mab_cost_aware_1784211395 tag=arm-tiny arch=amd64 pattern="" ring_size=1
2026/07/16 16:16:51 [LB] Compatible tag found: function=mab_cost_aware_1784211395 tag=x86-large arch=amd64 pattern="" ring_size=1
2026/07/16 16:16:51 [LB] Compatible tag found: function=mab_cost_aware_1784211395 tag=x86-tiny arch=amd64 pattern="" ring_size=1
2026/07/16 16:16:51 [LB] Compatible tag found: function=mab_cost_aware_1784211395 tag=x86-tiny/gpu/nvidia arch=amd64 pattern="" ring_size=1
2026/07/16 16:16:51 [LB] Compatible tags for function 'mab_cost_aware_1784211395': [arm-tiny x86-large x86-tiny x86-tiny/gpu/nvidia]
2026/07/16 16:16:51 [LB][MAB] event=before_select function=mab_cost_aware_1784211395 compatible_tags=[arm-tiny x86-large x86-tiny x86-tiny/gpu/nvidia] has_context=true
2026/07/16 16:16:51 [MAB] event=arm_score ts=1784211411530 policy=UCB1 function=mab_cost_aware_1784211395 arm=arm-tiny score=-0.314181 count=2 avg_reward=-1.172567 total_counts=10
2026/07/16 16:16:51 [MAB] event=arm_score ts=1784211411530 policy=UCB1 function=mab_cost_aware_1784211395 arm=x86-large score=-0.285913 count=2 avg_reward=-1.144299 total_counts=10
2026/07/16 16:16:51 [MAB] event=arm_score ts=1784211411530 policy=UCB1 function=mab_cost_aware_1784211395 arm=x86-tiny score=-0.336512 count=4 avg_reward=-0.943483 total_counts=10
2026/07/16 16:16:51 [MAB] event=arm_score ts=1784211411530 policy=UCB1 function=mab_cost_aware_1784211395 arm=x86-tiny/gpu/nvidia score=-0.426350 count=2 avg_reward=-1.284736 total_counts=10
2026/07/16 16:16:51 [MAB] event=select_arm ts=1784211411530 policy=UCB1 function=mab_cost_aware_1784211395 selected_arm=x86-large reason=ucb_score score=-0.285913 total_counts=10 arms=[arm-tiny,x86-large,x86-tiny,x86-tiny/gpu/nvidia]
2026/07/16 16:16:51 [LB][MAB] event=after_select function=mab_cost_aware_1784211395 selected_tag=x86-large compatible_tags=[arm-tiny x86-large x86-tiny x86-tiny/gpu/nvidia]
2026/07/16 16:16:51 Candidate has: 512 MB free memory. Function needs: 128 MB
2026/07/16 16:16:51 [LB] Selected target for function 'mab_cost_aware_1784211395': target_tag=x86-large candidate=DicwkVEW2pDoAvyE9i9hRh1784211396441346568 candidate_tag=x86-large
2026/07/16 16:16:51 [LB-Update] Node DicwkVEW2pDoAvyE9i9hRh1784211396441346568 reported 512 MB free
2026/07/16 16:16:51 [MAB] event=reward_breakdown ts=1784211411535 policy=UCB1 function=mab_cost_aware_1784211395 arm=x86-large base_tag=x86-large architecture=x86 specialization=large capabilities=[] duration_ms=3.846702 latency_reward=-1.347216 cost_weight=0.000000 cost_factor=1.200000 cost_term=0.000000 energy_weight=0.000000 energy_factor=1.200000 energy_term=0.000000 memory_weight=0.000000 memory_penalty=0.000000 memory_term=0.000000 final_reward=-1.347216
2026/07/16 16:16:51 [MAB] event=update_reward ts=1784211411535 policy=UCB1 function=mab_cost_aware_1784211395 arm=x86-large duration_ms=3.846702 warm_start=true reward=-1.347216 count=3 avg_reward=-1.211938 total_counts=11
2026/07/16 16:16:51 [LB] Compatible tag found: function=mab_cost_aware_1784211395 tag=arm-tiny arch=amd64 pattern="" ring_size=1
2026/07/16 16:16:51 [LB] Compatible tag found: function=mab_cost_aware_1784211395 tag=x86-large arch=amd64 pattern="" ring_size=1
2026/07/16 16:16:51 [LB] Compatible tag found: function=mab_cost_aware_1784211395 tag=x86-tiny arch=amd64 pattern="" ring_size=1
2026/07/16 16:16:51 [LB] Compatible tag found: function=mab_cost_aware_1784211395 tag=x86-tiny/gpu/nvidia arch=amd64 pattern="" ring_size=1
2026/07/16 16:16:51 [LB] Compatible tags for function 'mab_cost_aware_1784211395': [arm-tiny x86-large x86-tiny x86-tiny/gpu/nvidia]
2026/07/16 16:16:51 [LB][MAB] event=before_select function=mab_cost_aware_1784211395 compatible_tags=[arm-tiny x86-large x86-tiny x86-tiny/gpu/nvidia] has_context=true
2026/07/16 16:16:51 [MAB] event=arm_score ts=1784211411758 policy=UCB1 function=mab_cost_aware_1784211395 arm=arm-tiny score=-0.296595 count=2 avg_reward=-1.172567 total_counts=11
2026/07/16 16:16:51 [MAB] event=arm_score ts=1784211411758 policy=UCB1 function=mab_cost_aware_1784211395 arm=x86-large score=-0.496710 count=3 avg_reward=-1.211938 total_counts=11
2026/07/16 16:16:51 [MAB] event=arm_score ts=1784211411758 policy=UCB1 function=mab_cost_aware_1784211395 arm=x86-tiny score=-0.324078 count=4 avg_reward=-0.943483 total_counts=11
2026/07/16 16:16:51 [MAB] event=arm_score ts=1784211411758 policy=UCB1 function=mab_cost_aware_1784211395 arm=x86-tiny/gpu/nvidia score=-0.408765 count=2 avg_reward=-1.284736 total_counts=11
2026/07/16 16:16:51 [MAB] event=select_arm ts=1784211411758 policy=UCB1 function=mab_cost_aware_1784211395 selected_arm=arm-tiny reason=ucb_score score=-0.296595 total_counts=11 arms=[arm-tiny,x86-large,x86-tiny,x86-tiny/gpu/nvidia]
2026/07/16 16:16:51 [LB][MAB] event=after_select function=mab_cost_aware_1784211395 selected_tag=arm-tiny compatible_tags=[arm-tiny x86-large x86-tiny x86-tiny/gpu/nvidia]
2026/07/16 16:16:51 Candidate has: 512 MB free memory. Function needs: 128 MB
2026/07/16 16:16:51 [LB] Selected target for function 'mab_cost_aware_1784211395': target_tag=arm-tiny candidate=75dE4KCiGaxGcgjBAKaF6h1784211396441358038 candidate_tag=arm-tiny
2026/07/16 16:16:51 [LB-Update] Node 75dE4KCiGaxGcgjBAKaF6h1784211396441358038 reported 512 MB free
2026/07/16 16:16:51 [MAB] event=reward_breakdown ts=1784211411762 policy=UCB1 function=mab_cost_aware_1784211395 arm=arm-tiny base_tag=arm-tiny architecture=arm specialization=tiny capabilities=[] duration_ms=3.190546 latency_reward=-1.160192 cost_weight=0.000000 cost_factor=0.400000 cost_term=0.000000 energy_weight=0.000000 energy_factor=0.600000 energy_term=0.000000 memory_weight=0.000000 memory_penalty=0.000000 memory_term=0.000000 final_reward=-1.160192
2026/07/16 16:16:51 [MAB] event=update_reward ts=1784211411762 policy=UCB1 function=mab_cost_aware_1784211395 arm=arm-tiny duration_ms=3.190546 warm_start=true reward=-1.160192 count=3 avg_reward=-1.168442 total_counts=12
2026/07/16 16:16:51 [LB] Compatible tag found: function=mab_cost_aware_1784211395 tag=arm-tiny arch=amd64 pattern="" ring_size=1
2026/07/16 16:16:51 [LB] Compatible tag found: function=mab_cost_aware_1784211395 tag=x86-large arch=amd64 pattern="" ring_size=1
2026/07/16 16:16:51 [LB] Compatible tag found: function=mab_cost_aware_1784211395 tag=x86-tiny arch=amd64 pattern="" ring_size=1
2026/07/16 16:16:51 [LB] Compatible tag found: function=mab_cost_aware_1784211395 tag=x86-tiny/gpu/nvidia arch=amd64 pattern="" ring_size=1
2026/07/16 16:16:51 [LB] Compatible tags for function 'mab_cost_aware_1784211395': [arm-tiny x86-large x86-tiny x86-tiny/gpu/nvidia]
2026/07/16 16:16:51 [LB][MAB] event=before_select function=mab_cost_aware_1784211395 compatible_tags=[arm-tiny x86-large x86-tiny x86-tiny/gpu/nvidia] has_context=true
2026/07/16 16:16:51 [MAB] event=arm_score ts=1784211411982 policy=UCB1 function=mab_cost_aware_1784211395 arm=arm-tiny score=-0.440353 count=3 avg_reward=-1.168442 total_counts=12
2026/07/16 16:16:51 [MAB] event=arm_score ts=1784211411982 policy=UCB1 function=mab_cost_aware_1784211395 arm=x86-large score=-0.483849 count=3 avg_reward=-1.211938 total_counts=12
2026/07/16 16:16:51 [MAB] event=arm_score ts=1784211411982 policy=UCB1 function=mab_cost_aware_1784211395 arm=x86-tiny score=-0.312940 count=4 avg_reward=-0.943483 total_counts=12
2026/07/16 16:16:51 [MAB] event=arm_score ts=1784211411982 policy=UCB1 function=mab_cost_aware_1784211395 arm=x86-tiny/gpu/nvidia score=-0.393013 count=2 avg_reward=-1.284736 total_counts=12
2026/07/16 16:16:51 [MAB] event=select_arm ts=1784211411982 policy=UCB1 function=mab_cost_aware_1784211395 selected_arm=x86-tiny reason=ucb_score score=-0.312940 total_counts=12 arms=[arm-tiny,x86-large,x86-tiny,x86-tiny/gpu/nvidia]
2026/07/16 16:16:51 [LB][MAB] event=after_select function=mab_cost_aware_1784211395 selected_tag=x86-tiny compatible_tags=[arm-tiny x86-large x86-tiny x86-tiny/gpu/nvidia]
2026/07/16 16:16:51 Candidate has: 512 MB free memory. Function needs: 128 MB
2026/07/16 16:16:51 [LB] Selected target for function 'mab_cost_aware_1784211395': target_tag=x86-tiny candidate=WY4J8KBPVx2W22x5XAwpjW1784211396441369527 candidate_tag=x86-tiny
2026/07/16 16:16:51 [LB-Update] Node WY4J8KBPVx2W22x5XAwpjW1784211396441369527 reported 512 MB free
2026/07/16 16:16:51 [MAB] event=reward_breakdown ts=1784211411986 policy=UCB1 function=mab_cost_aware_1784211395 arm=x86-tiny base_tag=x86-tiny architecture=x86 specialization=tiny capabilities=[] duration_ms=3.076063 latency_reward=-1.123651 cost_weight=0.000000 cost_factor=0.400000 cost_term=0.000000 energy_weight=0.000000 energy_factor=1.000000 energy_term=0.000000 memory_weight=0.000000 memory_penalty=0.000000 memory_term=0.000000 final_reward=-1.123651
2026/07/16 16:16:51 [MAB] event=update_reward ts=1784211411986 policy=UCB1 function=mab_cost_aware_1784211395 arm=x86-tiny duration_ms=3.076063 warm_start=true reward=-1.123651 count=5 avg_reward=-0.979517 total_counts=13
2026/07/16 16:16:52 [LB] Compatible tag found: function=mab_cost_aware_1784211395 tag=arm-tiny arch=amd64 pattern="" ring_size=1
2026/07/16 16:16:52 [LB] Compatible tag found: function=mab_cost_aware_1784211395 tag=x86-large arch=amd64 pattern="" ring_size=1
2026/07/16 16:16:52 [LB] Compatible tag found: function=mab_cost_aware_1784211395 tag=x86-tiny arch=amd64 pattern="" ring_size=1
2026/07/16 16:16:52 [LB] Compatible tag found: function=mab_cost_aware_1784211395 tag=x86-tiny/gpu/nvidia arch=amd64 pattern="" ring_size=1
2026/07/16 16:16:52 [LB] Compatible tags for function 'mab_cost_aware_1784211395': [arm-tiny x86-large x86-tiny x86-tiny/gpu/nvidia]
2026/07/16 16:16:52 [LB][MAB] event=before_select function=mab_cost_aware_1784211395 compatible_tags=[arm-tiny x86-large x86-tiny x86-tiny/gpu/nvidia] has_context=true
2026/07/16 16:16:52 [MAB] event=arm_score ts=1784211412199 policy=UCB1 function=mab_cost_aware_1784211395 arm=arm-tiny score=-0.428720 count=3 avg_reward=-1.168442 total_counts=13
2026/07/16 16:16:52 [MAB] event=arm_score ts=1784211412199 policy=UCB1 function=mab_cost_aware_1784211395 arm=x86-large score=-0.472216 count=3 avg_reward=-1.211938 total_counts=13
2026/07/16 16:16:52 [MAB] event=arm_score ts=1784211412199 policy=UCB1 function=mab_cost_aware_1784211395 arm=x86-tiny score=-0.406530 count=5 avg_reward=-0.979517 total_counts=13
2026/07/16 16:16:52 [MAB] event=arm_score ts=1784211412199 policy=UCB1 function=mab_cost_aware_1784211395 arm=x86-tiny/gpu/nvidia score=-0.378765 count=2 avg_reward=-1.284736 total_counts=13
2026/07/16 16:16:52 [MAB] event=select_arm ts=1784211412199 policy=UCB1 function=mab_cost_aware_1784211395 selected_arm=x86-tiny/gpu/nvidia reason=ucb_score score=-0.378765 total_counts=13 arms=[arm-tiny,x86-large,x86-tiny,x86-tiny/gpu/nvidia]
2026/07/16 16:16:52 [LB][MAB] event=after_select function=mab_cost_aware_1784211395 selected_tag=x86-tiny/gpu/nvidia compatible_tags=[arm-tiny x86-large x86-tiny x86-tiny/gpu/nvidia]
2026/07/16 16:16:52 Candidate has: 512 MB free memory. Function needs: 128 MB
2026/07/16 16:16:52 [LB] Selected target for function 'mab_cost_aware_1784211395': target_tag=x86-tiny/gpu/nvidia candidate=28REhPpz5C4TrZjgRAvria1784211396441369197 candidate_tag=x86-tiny/gpu/nvidia
2026/07/16 16:16:52 [LB-Update] Node 28REhPpz5C4TrZjgRAvria1784211396441369197 reported 512 MB free
2026/07/16 16:16:52 [MAB] event=reward_breakdown ts=1784211412201 policy=UCB1 function=mab_cost_aware_1784211395 arm=x86-tiny/gpu/nvidia base_tag=x86-tiny architecture=x86 specialization=tiny capabilities=[gpu,nvidia] duration_ms=1.836375 latency_reward=-0.607794 cost_weight=0.000000 cost_factor=1.600000 cost_term=0.000000 energy_weight=0.000000 energy_factor=1.800000 energy_term=0.000000 memory_weight=0.000000 memory_penalty=0.000000 memory_term=0.000000 final_reward=-0.607794
2026/07/16 16:16:52 [MAB] event=update_reward ts=1784211412201 policy=UCB1 function=mab_cost_aware_1784211395 arm=x86-tiny/gpu/nvidia duration_ms=1.836375 warm_start=true reward=-0.607794 count=3 avg_reward=-1.059089 total_counts=14
2026/07/16 16:16:52 [LB] Compatible tag found: function=mab_cost_aware_1784211395 tag=arm-tiny arch=amd64 pattern="" ring_size=1
2026/07/16 16:16:52 [LB] Compatible tag found: function=mab_cost_aware_1784211395 tag=x86-large arch=amd64 pattern="" ring_size=1
2026/07/16 16:16:52 [LB] Compatible tag found: function=mab_cost_aware_1784211395 tag=x86-tiny arch=amd64 pattern="" ring_size=1
2026/07/16 16:16:52 [LB] Compatible tag found: function=mab_cost_aware_1784211395 tag=x86-tiny/gpu/nvidia arch=amd64 pattern="" ring_size=1
2026/07/16 16:16:52 [LB] Compatible tags for function 'mab_cost_aware_1784211395': [arm-tiny x86-large x86-tiny x86-tiny/gpu/nvidia]
2026/07/16 16:16:52 [LB][MAB] event=before_select function=mab_cost_aware_1784211395 compatible_tags=[arm-tiny x86-large x86-tiny x86-tiny/gpu/nvidia] has_context=true
2026/07/16 16:16:52 [MAB] event=arm_score ts=1784211412413 policy=UCB1 function=mab_cost_aware_1784211395 arm=arm-tiny score=-0.418110 count=3 avg_reward=-1.168442 total_counts=14
2026/07/16 16:16:52 [MAB] event=arm_score ts=1784211412413 policy=UCB1 function=mab_cost_aware_1784211395 arm=x86-large score=-0.461606 count=3 avg_reward=-1.211938 total_counts=14
2026/07/16 16:16:52 [MAB] event=arm_score ts=1784211412413 policy=UCB1 function=mab_cost_aware_1784211395 arm=x86-tiny score=-0.398312 count=5 avg_reward=-0.979517 total_counts=14
2026/07/16 16:16:52 [MAB] event=arm_score ts=1784211412413 policy=UCB1 function=mab_cost_aware_1784211395 arm=x86-tiny/gpu/nvidia score=-0.308756 count=3 avg_reward=-1.059089 total_counts=14
2026/07/16 16:16:52 [MAB] event=select_arm ts=1784211412413 policy=UCB1 function=mab_cost_aware_1784211395 selected_arm=x86-tiny/gpu/nvidia reason=ucb_score score=-0.308756 total_counts=14 arms=[arm-tiny,x86-large,x86-tiny,x86-tiny/gpu/nvidia]
2026/07/16 16:16:52 [LB][MAB] event=after_select function=mab_cost_aware_1784211395 selected_tag=x86-tiny/gpu/nvidia compatible_tags=[arm-tiny x86-large x86-tiny x86-tiny/gpu/nvidia]
2026/07/16 16:16:52 Candidate has: 512 MB free memory. Function needs: 128 MB
2026/07/16 16:16:52 [LB] Selected target for function 'mab_cost_aware_1784211395': target_tag=x86-tiny/gpu/nvidia candidate=28REhPpz5C4TrZjgRAvria1784211396441369197 candidate_tag=x86-tiny/gpu/nvidia
2026/07/16 16:16:52 [LB-Update] Node 28REhPpz5C4TrZjgRAvria1784211396441369197 reported 512 MB free
2026/07/16 16:16:52 [MAB] event=reward_breakdown ts=1784211412416 policy=UCB1 function=mab_cost_aware_1784211395 arm=x86-tiny/gpu/nvidia base_tag=x86-tiny architecture=x86 specialization=tiny capabilities=[gpu,nvidia] duration_ms=2.029582 latency_reward=-0.707830 cost_weight=0.000000 cost_factor=1.600000 cost_term=0.000000 energy_weight=0.000000 energy_factor=1.800000 energy_term=0.000000 memory_weight=0.000000 memory_penalty=0.000000 memory_term=0.000000 final_reward=-0.707830
2026/07/16 16:16:52 [MAB] event=update_reward ts=1784211412416 policy=UCB1 function=mab_cost_aware_1784211395 arm=x86-tiny/gpu/nvidia duration_ms=2.029582 warm_start=true reward=-0.707830 count=4 avg_reward=-0.971274 total_counts=15
2026/07/16 16:16:52 [LB] Compatible tag found: function=mab_cost_aware_1784211395 tag=arm-tiny arch=amd64 pattern="" ring_size=1
2026/07/16 16:16:52 [LB] Compatible tag found: function=mab_cost_aware_1784211395 tag=x86-large arch=amd64 pattern="" ring_size=1
2026/07/16 16:16:52 [LB] Compatible tag found: function=mab_cost_aware_1784211395 tag=x86-tiny arch=amd64 pattern="" ring_size=1
2026/07/16 16:16:52 [LB] Compatible tag found: function=mab_cost_aware_1784211395 tag=x86-tiny/gpu/nvidia arch=amd64 pattern="" ring_size=1
2026/07/16 16:16:52 [LB] Compatible tags for function 'mab_cost_aware_1784211395': [arm-tiny x86-large x86-tiny x86-tiny/gpu/nvidia]
2026/07/16 16:16:52 [LB][MAB] event=before_select function=mab_cost_aware_1784211395 compatible_tags=[arm-tiny x86-large x86-tiny x86-tiny/gpu/nvidia] has_context=true
2026/07/16 16:16:52 [MAB] event=arm_score ts=1784211412636 policy=UCB1 function=mab_cost_aware_1784211395 arm=arm-tiny score=-0.408365 count=3 avg_reward=-1.168442 total_counts=15
2026/07/16 16:16:52 [MAB] event=arm_score ts=1784211412636 policy=UCB1 function=mab_cost_aware_1784211395 arm=x86-large score=-0.451861 count=3 avg_reward=-1.211938 total_counts=15
2026/07/16 16:16:52 [MAB] event=arm_score ts=1784211412636 policy=UCB1 function=mab_cost_aware_1784211395 arm=x86-tiny score=-0.390763 count=5 avg_reward=-0.979517 total_counts=15
2026/07/16 16:16:52 [MAB] event=arm_score ts=1784211412636 policy=UCB1 function=mab_cost_aware_1784211395 arm=x86-tiny/gpu/nvidia score=-0.313028 count=4 avg_reward=-0.971274 total_counts=15
2026/07/16 16:16:52 [MAB] event=select_arm ts=1784211412636 policy=UCB1 function=mab_cost_aware_1784211395 selected_arm=x86-tiny/gpu/nvidia reason=ucb_score score=-0.313028 total_counts=15 arms=[arm-tiny,x86-large,x86-tiny,x86-tiny/gpu/nvidia]
2026/07/16 16:16:52 [LB][MAB] event=after_select function=mab_cost_aware_1784211395 selected_tag=x86-tiny/gpu/nvidia compatible_tags=[arm-tiny x86-large x86-tiny x86-tiny/gpu/nvidia]
2026/07/16 16:16:52 Candidate has: 512 MB free memory. Function needs: 128 MB
2026/07/16 16:16:52 [LB] Selected target for function 'mab_cost_aware_1784211395': target_tag=x86-tiny/gpu/nvidia candidate=28REhPpz5C4TrZjgRAvria1784211396441369197 candidate_tag=x86-tiny/gpu/nvidia
2026/07/16 16:16:52 [LB-Update] Node 28REhPpz5C4TrZjgRAvria1784211396441369197 reported 512 MB free
2026/07/16 16:16:52 [MAB] event=reward_breakdown ts=1784211412640 policy=UCB1 function=mab_cost_aware_1784211395 arm=x86-tiny/gpu/nvidia base_tag=x86-tiny architecture=x86 specialization=tiny capabilities=[gpu,nvidia] duration_ms=3.187322 latency_reward=-1.159181 cost_weight=0.000000 cost_factor=1.600000 cost_term=0.000000 energy_weight=0.000000 energy_factor=1.800000 energy_term=0.000000 memory_weight=0.000000 memory_penalty=0.000000 memory_term=0.000000 final_reward=-1.159181
2026/07/16 16:16:52 [MAB] event=update_reward ts=1784211412640 policy=UCB1 function=mab_cost_aware_1784211395 arm=x86-tiny/gpu/nvidia duration_ms=3.187322 warm_start=true reward=-1.159181 count=5 avg_reward=-1.008855 total_counts=16
2026/07/16 16:16:52 [LB] Compatible tag found: function=mab_cost_aware_1784211395 tag=arm-tiny arch=amd64 pattern="" ring_size=1
2026/07/16 16:16:52 [LB] Compatible tag found: function=mab_cost_aware_1784211395 tag=x86-large arch=amd64 pattern="" ring_size=1
2026/07/16 16:16:52 [LB] Compatible tag found: function=mab_cost_aware_1784211395 tag=x86-tiny arch=amd64 pattern="" ring_size=1
2026/07/16 16:16:52 [LB] Compatible tag found: function=mab_cost_aware_1784211395 tag=x86-tiny/gpu/nvidia arch=amd64 pattern="" ring_size=1
2026/07/16 16:16:52 [LB] Compatible tags for function 'mab_cost_aware_1784211395': [arm-tiny x86-large x86-tiny x86-tiny/gpu/nvidia]
2026/07/16 16:16:52 [LB][MAB] event=before_select function=mab_cost_aware_1784211395 compatible_tags=[arm-tiny x86-large x86-tiny x86-tiny/gpu/nvidia] has_context=true
2026/07/16 16:16:52 [MAB] event=arm_score ts=1784211412861 policy=UCB1 function=mab_cost_aware_1784211395 arm=arm-tiny score=-0.399361 count=3 avg_reward=-1.168442 total_counts=16
2026/07/16 16:16:52 [MAB] event=arm_score ts=1784211412861 policy=UCB1 function=mab_cost_aware_1784211395 arm=x86-large score=-0.442857 count=3 avg_reward=-1.211938 total_counts=16
2026/07/16 16:16:52 [MAB] event=arm_score ts=1784211412861 policy=UCB1 function=mab_cost_aware_1784211395 arm=x86-tiny score=-0.383789 count=5 avg_reward=-0.979517 total_counts=16
2026/07/16 16:16:52 [MAB] event=arm_score ts=1784211412861 policy=UCB1 function=mab_cost_aware_1784211395 arm=x86-tiny/gpu/nvidia score=-0.413128 count=5 avg_reward=-1.008855 total_counts=16
2026/07/16 16:16:52 [MAB] event=select_arm ts=1784211412861 policy=UCB1 function=mab_cost_aware_1784211395 selected_arm=x86-tiny reason=ucb_score score=-0.383789 total_counts=16 arms=[arm-tiny,x86-large,x86-tiny,x86-tiny/gpu/nvidia]
2026/07/16 16:16:52 [LB][MAB] event=after_select function=mab_cost_aware_1784211395 selected_tag=x86-tiny compatible_tags=[arm-tiny x86-large x86-tiny x86-tiny/gpu/nvidia]
2026/07/16 16:16:52 Candidate has: 512 MB free memory. Function needs: 128 MB
2026/07/16 16:16:52 [LB] Selected target for function 'mab_cost_aware_1784211395': target_tag=x86-tiny candidate=WY4J8KBPVx2W22x5XAwpjW1784211396441369527 candidate_tag=x86-tiny
2026/07/16 16:16:52 [LB-Update] Node WY4J8KBPVx2W22x5XAwpjW1784211396441369527 reported 512 MB free
2026/07/16 16:16:52 [MAB] event=reward_breakdown ts=1784211412866 policy=UCB1 function=mab_cost_aware_1784211395 arm=x86-tiny base_tag=x86-tiny architecture=x86 specialization=tiny capabilities=[] duration_ms=4.034555 latency_reward=-1.394896 cost_weight=0.000000 cost_factor=0.400000 cost_term=0.000000 energy_weight=0.000000 energy_factor=1.000000 energy_term=0.000000 memory_weight=0.000000 memory_penalty=0.000000 memory_term=0.000000 final_reward=-1.394896
2026/07/16 16:16:52 [MAB] event=update_reward ts=1784211412866 policy=UCB1 function=mab_cost_aware_1784211395 arm=x86-tiny duration_ms=4.034555 warm_start=true reward=-1.394896 count=6 avg_reward=-1.048747 total_counts=17
2026/07/16 16:16:53 [LB] Compatible tag found: function=mab_cost_aware_1784211395 tag=arm-tiny arch=amd64 pattern="" ring_size=1
2026/07/16 16:16:53 [LB] Compatible tag found: function=mab_cost_aware_1784211395 tag=x86-large arch=amd64 pattern="" ring_size=1
2026/07/16 16:16:53 [LB] Compatible tag found: function=mab_cost_aware_1784211395 tag=x86-tiny arch=amd64 pattern="" ring_size=1
2026/07/16 16:16:53 [LB] Compatible tag found: function=mab_cost_aware_1784211395 tag=x86-tiny/gpu/nvidia arch=amd64 pattern="" ring_size=1
2026/07/16 16:16:53 [LB] Compatible tags for function 'mab_cost_aware_1784211395': [arm-tiny x86-large x86-tiny x86-tiny/gpu/nvidia]
2026/07/16 16:16:53 [LB][MAB] event=before_select function=mab_cost_aware_1784211395 compatible_tags=[arm-tiny x86-large x86-tiny x86-tiny/gpu/nvidia] has_context=true
2026/07/16 16:16:53 [MAB] event=arm_score ts=1784211413087 policy=UCB1 function=mab_cost_aware_1784211395 arm=arm-tiny score=-0.390998 count=3 avg_reward=-1.168442 total_counts=17
2026/07/16 16:16:53 [MAB] event=arm_score ts=1784211413087 policy=UCB1 function=mab_cost_aware_1784211395 arm=x86-large score=-0.434495 count=3 avg_reward=-1.211938 total_counts=17
2026/07/16 16:16:53 [MAB] event=arm_score ts=1784211413087 policy=UCB1 function=mab_cost_aware_1784211395 arm=x86-tiny score=-0.499011 count=6 avg_reward=-1.048747 total_counts=17
2026/07/16 16:16:53 [MAB] event=arm_score ts=1784211413087 policy=UCB1 function=mab_cost_aware_1784211395 arm=x86-tiny/gpu/nvidia score=-0.406650 count=5 avg_reward=-1.008855 total_counts=17
2026/07/16 16:16:53 [MAB] event=select_arm ts=1784211413087 policy=UCB1 function=mab_cost_aware_1784211395 selected_arm=arm-tiny reason=ucb_score score=-0.390998 total_counts=17 arms=[arm-tiny,x86-large,x86-tiny,x86-tiny/gpu/nvidia]
2026/07/16 16:16:53 [LB][MAB] event=after_select function=mab_cost_aware_1784211395 selected_tag=arm-tiny compatible_tags=[arm-tiny x86-large x86-tiny x86-tiny/gpu/nvidia]
2026/07/16 16:16:53 Candidate has: 512 MB free memory. Function needs: 128 MB
2026/07/16 16:16:53 [LB] Selected target for function 'mab_cost_aware_1784211395': target_tag=arm-tiny candidate=75dE4KCiGaxGcgjBAKaF6h1784211396441358038 candidate_tag=arm-tiny
2026/07/16 16:16:53 [LB-Update] Node 75dE4KCiGaxGcgjBAKaF6h1784211396441358038 reported 512 MB free
2026/07/16 16:16:53 [MAB] event=reward_breakdown ts=1784211413091 policy=UCB1 function=mab_cost_aware_1784211395 arm=arm-tiny base_tag=arm-tiny architecture=arm specialization=tiny capabilities=[] duration_ms=2.968912 latency_reward=-1.088196 cost_weight=0.000000 cost_factor=0.400000 cost_term=0.000000 energy_weight=0.000000 energy_factor=0.600000 energy_term=0.000000 memory_weight=0.000000 memory_penalty=0.000000 memory_term=0.000000 final_reward=-1.088196
2026/07/16 16:16:53 [MAB] event=update_reward ts=1784211413091 policy=UCB1 function=mab_cost_aware_1784211395 arm=arm-tiny duration_ms=2.968912 warm_start=true reward=-1.088196 count=4 avg_reward=-1.148380 total_counts=18
2026/07/16 16:16:53 [LB] Compatible tag found: function=mab_cost_aware_1784211395 tag=arm-tiny arch=amd64 pattern="" ring_size=1
2026/07/16 16:16:53 [LB] Compatible tag found: function=mab_cost_aware_1784211395 tag=x86-large arch=amd64 pattern="" ring_size=1
2026/07/16 16:16:53 [LB] Compatible tag found: function=mab_cost_aware_1784211395 tag=x86-tiny arch=amd64 pattern="" ring_size=1
2026/07/16 16:16:53 [LB] Compatible tag found: function=mab_cost_aware_1784211395 tag=x86-tiny/gpu/nvidia arch=amd64 pattern="" ring_size=1
2026/07/16 16:16:53 [LB] Compatible tags for function 'mab_cost_aware_1784211395': [arm-tiny x86-large x86-tiny x86-tiny/gpu/nvidia]
2026/07/16 16:16:53 [LB][MAB] event=before_select function=mab_cost_aware_1784211395 compatible_tags=[arm-tiny x86-large x86-tiny x86-tiny/gpu/nvidia] has_context=true
2026/07/16 16:16:53 [MAB] event=arm_score ts=1784211413311 policy=UCB1 function=mab_cost_aware_1784211395 arm=arm-tiny score=-0.468337 count=4 avg_reward=-1.148380 total_counts=18
2026/07/16 16:16:53 [MAB] event=arm_score ts=1784211413311 policy=UCB1 function=mab_cost_aware_1784211395 arm=x86-large score=-0.426691 count=3 avg_reward=-1.211938 total_counts=18
2026/07/16 16:16:53 [MAB] event=arm_score ts=1784211413311 policy=UCB1 function=mab_cost_aware_1784211395 arm=x86-tiny score=-0.493493 count=6 avg_reward=-1.048747 total_counts=18
2026/07/16 16:16:53 [MAB] event=arm_score ts=1784211413311 policy=UCB1 function=mab_cost_aware_1784211395 arm=x86-tiny/gpu/nvidia score=-0.400606 count=5 avg_reward=-1.008855 total_counts=18
2026/07/16 16:16:53 [MAB] event=select_arm ts=1784211413311 policy=UCB1 function=mab_cost_aware_1784211395 selected_arm=x86-tiny/gpu/nvidia reason=ucb_score score=-0.400606 total_counts=18 arms=[arm-tiny,x86-large,x86-tiny,x86-tiny/gpu/nvidia]
2026/07/16 16:16:53 [LB][MAB] event=after_select function=mab_cost_aware_1784211395 selected_tag=x86-tiny/gpu/nvidia compatible_tags=[arm-tiny x86-large x86-tiny x86-tiny/gpu/nvidia]
2026/07/16 16:16:53 Candidate has: 512 MB free memory. Function needs: 128 MB
2026/07/16 16:16:53 [LB] Selected target for function 'mab_cost_aware_1784211395': target_tag=x86-tiny/gpu/nvidia candidate=28REhPpz5C4TrZjgRAvria1784211396441369197 candidate_tag=x86-tiny/gpu/nvidia
2026/07/16 16:16:53 [LB-Update] Node 28REhPpz5C4TrZjgRAvria1784211396441369197 reported 512 MB free
2026/07/16 16:16:53 [MAB] event=reward_breakdown ts=1784211413316 policy=UCB1 function=mab_cost_aware_1784211395 arm=x86-tiny/gpu/nvidia base_tag=x86-tiny architecture=x86 specialization=tiny capabilities=[gpu,nvidia] duration_ms=3.434636 latency_reward=-1.233911 cost_weight=0.000000 cost_factor=1.600000 cost_term=0.000000 energy_weight=0.000000 energy_factor=1.800000 energy_term=0.000000 memory_weight=0.000000 memory_penalty=0.000000 memory_term=0.000000 final_reward=-1.233911
2026/07/16 16:16:53 [MAB] event=update_reward ts=1784211413316 policy=UCB1 function=mab_cost_aware_1784211395 arm=x86-tiny/gpu/nvidia duration_ms=3.434636 warm_start=true reward=-1.233911 count=6 avg_reward=-1.046365 total_counts=19
2026/07/16 16:16:53 [LB]: Periodic targets update
2026/07/16 16:16:53 Found target: DicwkVEW2pDoAvyE9i9hRh1784211396441346568
2026/07/16 16:16:53 Found target: WY4J8KBPVx2W22x5XAwpjW1784211396441369527
2026/07/16 16:16:53 Found target: 28REhPpz5C4TrZjgRAvria1784211396441369197
2026/07/16 16:16:53 Found target: 75dE4KCiGaxGcgjBAKaF6h1784211396441358038
2026/07/16 16:16:53 Found 4 targets
2026/07/16 16:16:53 [LB] Compatible tag found: function=mab_cost_aware_1784211395 tag=arm-tiny arch=amd64 pattern="" ring_size=1
2026/07/16 16:16:53 [LB] Compatible tag found: function=mab_cost_aware_1784211395 tag=x86-large arch=amd64 pattern="" ring_size=1
2026/07/16 16:16:53 [LB] Compatible tag found: function=mab_cost_aware_1784211395 tag=x86-tiny arch=amd64 pattern="" ring_size=1
2026/07/16 16:16:53 [LB] Compatible tag found: function=mab_cost_aware_1784211395 tag=x86-tiny/gpu/nvidia arch=amd64 pattern="" ring_size=1
2026/07/16 16:16:53 [LB] Compatible tags for function 'mab_cost_aware_1784211395': [arm-tiny x86-large x86-tiny x86-tiny/gpu/nvidia]
2026/07/16 16:16:53 [LB][MAB] event=before_select function=mab_cost_aware_1784211395 compatible_tags=[arm-tiny x86-large x86-tiny x86-tiny/gpu/nvidia] has_context=true
2026/07/16 16:16:53 [MAB] event=arm_score ts=1784211413533 policy=UCB1 function=mab_cost_aware_1784211395 arm=arm-tiny score=-0.462006 count=4 avg_reward=-1.148380 total_counts=19
2026/07/16 16:16:53 [MAB] event=arm_score ts=1784211413533 policy=UCB1 function=mab_cost_aware_1784211395 arm=x86-large score=-0.419381 count=3 avg_reward=-1.211938 total_counts=19
2026/07/16 16:16:53 [MAB] event=arm_score ts=1784211413533 policy=UCB1 function=mab_cost_aware_1784211395 arm=x86-tiny score=-0.488324 count=6 avg_reward=-1.048747 total_counts=19
2026/07/16 16:16:53 [MAB] event=arm_score ts=1784211413533 policy=UCB1 function=mab_cost_aware_1784211395 arm=x86-tiny/gpu/nvidia score=-0.485942 count=6 avg_reward=-1.046365 total_counts=19
2026/07/16 16:16:53 [MAB] event=select_arm ts=1784211413533 policy=UCB1 function=mab_cost_aware_1784211395 selected_arm=x86-large reason=ucb_score score=-0.419381 total_counts=19 arms=[arm-tiny,x86-large,x86-tiny,x86-tiny/gpu/nvidia]
2026/07/16 16:16:53 [LB][MAB] event=after_select function=mab_cost_aware_1784211395 selected_tag=x86-large compatible_tags=[arm-tiny x86-large x86-tiny x86-tiny/gpu/nvidia]
2026/07/16 16:16:53 Candidate has: 512 MB free memory. Function needs: 128 MB
2026/07/16 16:16:53 [LB] Selected target for function 'mab_cost_aware_1784211395': target_tag=x86-large candidate=DicwkVEW2pDoAvyE9i9hRh1784211396441346568 candidate_tag=x86-large
2026/07/16 16:16:53 [LB-Update] Node DicwkVEW2pDoAvyE9i9hRh1784211396441346568 reported 512 MB free
2026/07/16 16:16:53 [MAB] event=reward_breakdown ts=1784211413536 policy=UCB1 function=mab_cost_aware_1784211395 arm=x86-large base_tag=x86-large architecture=x86 specialization=large capabilities=[] duration_ms=1.948828 latency_reward=-0.667228 cost_weight=0.000000 cost_factor=1.200000 cost_term=0.000000 energy_weight=0.000000 energy_factor=1.200000 energy_term=0.000000 memory_weight=0.000000 memory_penalty=0.000000 memory_term=0.000000 final_reward=-0.667228
2026/07/16 16:16:53 [MAB] event=update_reward ts=1784211413536 policy=UCB1 function=mab_cost_aware_1784211395 arm=x86-large duration_ms=1.948828 warm_start=true reward=-0.667228 count=4 avg_reward=-1.075761 total_counts=20
2026/07/16 16:16:53 [LB] Compatible tag found: function=mab_cost_aware_1784211395 tag=arm-tiny arch=amd64 pattern="" ring_size=1
2026/07/16 16:16:53 [LB] Compatible tag found: function=mab_cost_aware_1784211395 tag=x86-large arch=amd64 pattern="" ring_size=1
2026/07/16 16:16:53 [LB] Compatible tag found: function=mab_cost_aware_1784211395 tag=x86-tiny arch=amd64 pattern="" ring_size=1
2026/07/16 16:16:53 [LB] Compatible tag found: function=mab_cost_aware_1784211395 tag=x86-tiny/gpu/nvidia arch=amd64 pattern="" ring_size=1
2026/07/16 16:16:53 [LB] Compatible tags for function 'mab_cost_aware_1784211395': [arm-tiny x86-large x86-tiny x86-tiny/gpu/nvidia]
2026/07/16 16:16:53 [LB][MAB] event=before_select function=mab_cost_aware_1784211395 compatible_tags=[arm-tiny x86-large x86-tiny x86-tiny/gpu/nvidia] has_context=true
2026/07/16 16:16:53 [MAB] event=arm_score ts=1784211413755 policy=UCB1 function=mab_cost_aware_1784211395 arm=arm-tiny score=-0.456053 count=4 avg_reward=-1.148380 total_counts=20
2026/07/16 16:16:53 [MAB] event=arm_score ts=1784211413755 policy=UCB1 function=mab_cost_aware_1784211395 arm=x86-large score=-0.383433 count=4 avg_reward=-1.075761 total_counts=20
2026/07/16 16:16:53 [MAB] event=arm_score ts=1784211413755 policy=UCB1 function=mab_cost_aware_1784211395 arm=x86-tiny score=-0.483464 count=6 avg_reward=-1.048747 total_counts=20
2026/07/16 16:16:53 [MAB] event=arm_score ts=1784211413755 policy=UCB1 function=mab_cost_aware_1784211395 arm=x86-tiny/gpu/nvidia score=-0.481082 count=6 avg_reward=-1.046365 total_counts=20
2026/07/16 16:16:53 [MAB] event=select_arm ts=1784211413755 policy=UCB1 function=mab_cost_aware_1784211395 selected_arm=x86-large reason=ucb_score score=-0.383433 total_counts=20 arms=[arm-tiny,x86-large,x86-tiny,x86-tiny/gpu/nvidia]
2026/07/16 16:16:53 [LB][MAB] event=after_select function=mab_cost_aware_1784211395 selected_tag=x86-large compatible_tags=[arm-tiny x86-large x86-tiny x86-tiny/gpu/nvidia]
2026/07/16 16:16:53 Candidate has: 512 MB free memory. Function needs: 128 MB
2026/07/16 16:16:53 [LB] Selected target for function 'mab_cost_aware_1784211395': target_tag=x86-large candidate=DicwkVEW2pDoAvyE9i9hRh1784211396441346568 candidate_tag=x86-large
2026/07/16 16:16:53 [LB-Update] Node DicwkVEW2pDoAvyE9i9hRh1784211396441346568 reported 512 MB free
2026/07/16 16:16:53 [MAB] event=reward_breakdown ts=1784211413758 policy=UCB1 function=mab_cost_aware_1784211395 arm=x86-large base_tag=x86-large architecture=x86 specialization=large capabilities=[] duration_ms=2.637774 latency_reward=-0.969935 cost_weight=0.000000 cost_factor=1.200000 cost_term=0.000000 energy_weight=0.000000 energy_factor=1.200000 energy_term=0.000000 memory_weight=0.000000 memory_penalty=0.000000 memory_term=0.000000 final_reward=-0.969935
2026/07/16 16:16:53 [MAB] event=update_reward ts=1784211413758 policy=UCB1 function=mab_cost_aware_1784211395 arm=x86-large duration_ms=2.637774 warm_start=true reward=-0.969935 count=5 avg_reward=-1.054596 total_counts=21
2026/07/16 16:16:53 [LB] Compatible tag found: function=mab_cost_aware_1784211395 tag=arm-tiny arch=amd64 pattern="" ring_size=1
2026/07/16 16:16:53 [LB] Compatible tag found: function=mab_cost_aware_1784211395 tag=x86-large arch=amd64 pattern="" ring_size=1
2026/07/16 16:16:53 [LB] Compatible tag found: function=mab_cost_aware_1784211395 tag=x86-tiny arch=amd64 pattern="" ring_size=1
2026/07/16 16:16:53 [LB] Compatible tag found: function=mab_cost_aware_1784211395 tag=x86-tiny/gpu/nvidia arch=amd64 pattern="" ring_size=1
2026/07/16 16:16:53 [LB] Compatible tags for function 'mab_cost_aware_1784211395': [arm-tiny x86-large x86-tiny x86-tiny/gpu/nvidia]
2026/07/16 16:16:53 [LB][MAB] event=before_select function=mab_cost_aware_1784211395 compatible_tags=[arm-tiny x86-large x86-tiny x86-tiny/gpu/nvidia] has_context=true
2026/07/16 16:16:53 [MAB] event=arm_score ts=1784211413979 policy=UCB1 function=mab_cost_aware_1784211395 arm=arm-tiny score=-0.450438 count=4 avg_reward=-1.148380 total_counts=21
2026/07/16 16:16:53 [MAB] event=arm_score ts=1784211413979 policy=UCB1 function=mab_cost_aware_1784211395 arm=x86-large score=-0.430337 count=5 avg_reward=-1.054596 total_counts=21
2026/07/16 16:16:53 [MAB] event=arm_score ts=1784211413979 policy=UCB1 function=mab_cost_aware_1784211395 arm=x86-tiny score=-0.478879 count=6 avg_reward=-1.048747 total_counts=21
2026/07/16 16:16:53 [MAB] event=arm_score ts=1784211413979 policy=UCB1 function=mab_cost_aware_1784211395 arm=x86-tiny/gpu/nvidia score=-0.476497 count=6 avg_reward=-1.046365 total_counts=21
2026/07/16 16:16:53 [MAB] event=select_arm ts=1784211413979 policy=UCB1 function=mab_cost_aware_1784211395 selected_arm=x86-large reason=ucb_score score=-0.430337 total_counts=21 arms=[arm-tiny,x86-large,x86-tiny,x86-tiny/gpu/nvidia]
2026/07/16 16:16:53 [LB][MAB] event=after_select function=mab_cost_aware_1784211395 selected_tag=x86-large compatible_tags=[arm-tiny x86-large x86-tiny x86-tiny/gpu/nvidia]
2026/07/16 16:16:53 Candidate has: 512 MB free memory. Function needs: 128 MB
2026/07/16 16:16:53 [LB] Selected target for function 'mab_cost_aware_1784211395': target_tag=x86-large candidate=DicwkVEW2pDoAvyE9i9hRh1784211396441346568 candidate_tag=x86-large
2026/07/16 16:16:53 [LB-Update] Node DicwkVEW2pDoAvyE9i9hRh1784211396441346568 reported 512 MB free
2026/07/16 16:16:53 [MAB] event=reward_breakdown ts=1784211413983 policy=UCB1 function=mab_cost_aware_1784211395 arm=x86-large base_tag=x86-large architecture=x86 specialization=large capabilities=[] duration_ms=3.208119 latency_reward=-1.165685 cost_weight=0.000000 cost_factor=1.200000 cost_term=0.000000 energy_weight=0.000000 energy_factor=1.200000 energy_term=0.000000 memory_weight=0.000000 memory_penalty=0.000000 memory_term=0.000000 final_reward=-1.165685
2026/07/16 16:16:53 [MAB] event=update_reward ts=1784211413983 policy=UCB1 function=mab_cost_aware_1784211395 arm=x86-large duration_ms=3.208119 warm_start=true reward=-1.165685 count=6 avg_reward=-1.073111 total_counts=22
2026/07/16 16:16:54 [LB] Compatible tag found: function=mab_cost_aware_1784211395 tag=arm-tiny arch=amd64 pattern="" ring_size=1
2026/07/16 16:16:54 [LB] Compatible tag found: function=mab_cost_aware_1784211395 tag=x86-large arch=amd64 pattern="" ring_size=1
2026/07/16 16:16:54 [LB] Compatible tag found: function=mab_cost_aware_1784211395 tag=x86-tiny arch=amd64 pattern="" ring_size=1
2026/07/16 16:16:54 [LB] Compatible tag found: function=mab_cost_aware_1784211395 tag=x86-tiny/gpu/nvidia arch=amd64 pattern="" ring_size=1
2026/07/16 16:16:54 [LB] Compatible tags for function 'mab_cost_aware_1784211395': [arm-tiny x86-large x86-tiny x86-tiny/gpu/nvidia]
2026/07/16 16:16:54 [LB][MAB] event=before_select function=mab_cost_aware_1784211395 compatible_tags=[arm-tiny x86-large x86-tiny x86-tiny/gpu/nvidia] has_context=true
2026/07/16 16:16:54 [MAB] event=arm_score ts=1784211414203 policy=UCB1 function=mab_cost_aware_1784211395 arm=arm-tiny score=-0.445126 count=4 avg_reward=-1.148380 total_counts=22
2026/07/16 16:16:54 [MAB] event=arm_score ts=1784211414203 policy=UCB1 function=mab_cost_aware_1784211395 arm=x86-large score=-0.498906 count=6 avg_reward=-1.073111 total_counts=22
2026/07/16 16:16:54 [MAB] event=arm_score ts=1784211414203 policy=UCB1 function=mab_cost_aware_1784211395 arm=x86-tiny score=-0.474542 count=6 avg_reward=-1.048747 total_counts=22
2026/07/16 16:16:54 [MAB] event=arm_score ts=1784211414203 policy=UCB1 function=mab_cost_aware_1784211395 arm=x86-tiny/gpu/nvidia score=-0.472160 count=6 avg_reward=-1.046365 total_counts=22
2026/07/16 16:16:54 [MAB] event=select_arm ts=1784211414203 policy=UCB1 function=mab_cost_aware_1784211395 selected_arm=arm-tiny reason=ucb_score score=-0.445126 total_counts=22 arms=[arm-tiny,x86-large,x86-tiny,x86-tiny/gpu/nvidia]
2026/07/16 16:16:54 [LB][MAB] event=after_select function=mab_cost_aware_1784211395 selected_tag=arm-tiny compatible_tags=[arm-tiny x86-large x86-tiny x86-tiny/gpu/nvidia]
2026/07/16 16:16:54 Candidate has: 512 MB free memory. Function needs: 128 MB
2026/07/16 16:16:54 [LB] Selected target for function 'mab_cost_aware_1784211395': target_tag=arm-tiny candidate=75dE4KCiGaxGcgjBAKaF6h1784211396441358038 candidate_tag=arm-tiny
2026/07/16 16:16:54 [LB-Update] Node 75dE4KCiGaxGcgjBAKaF6h1784211396441358038 reported 512 MB free
2026/07/16 16:16:54 [MAB] event=reward_breakdown ts=1784211414208 policy=UCB1 function=mab_cost_aware_1784211395 arm=arm-tiny base_tag=arm-tiny architecture=arm specialization=tiny capabilities=[] duration_ms=3.522896 latency_reward=-1.259283 cost_weight=0.000000 cost_factor=0.400000 cost_term=0.000000 energy_weight=0.000000 energy_factor=0.600000 energy_term=0.000000 memory_weight=0.000000 memory_penalty=0.000000 memory_term=0.000000 final_reward=-1.259283
2026/07/16 16:16:54 [MAB] event=update_reward ts=1784211414208 policy=UCB1 function=mab_cost_aware_1784211395 arm=arm-tiny duration_ms=3.522896 warm_start=true reward=-1.259283 count=5 avg_reward=-1.170561 total_counts=23
2026/07/16 16:16:54 [LB] Compatible tag found: function=mab_cost_aware_1784211395 tag=arm-tiny arch=amd64 pattern="" ring_size=1
2026/07/16 16:16:54 [LB] Compatible tag found: function=mab_cost_aware_1784211395 tag=x86-large arch=amd64 pattern="" ring_size=1
2026/07/16 16:16:54 [LB] Compatible tag found: function=mab_cost_aware_1784211395 tag=x86-tiny arch=amd64 pattern="" ring_size=1
2026/07/16 16:16:54 [LB] Compatible tag found: function=mab_cost_aware_1784211395 tag=x86-tiny/gpu/nvidia arch=amd64 pattern="" ring_size=1
2026/07/16 16:16:54 [LB] Compatible tags for function 'mab_cost_aware_1784211395': [arm-tiny x86-large x86-tiny x86-tiny/gpu/nvidia]
2026/07/16 16:16:54 [LB][MAB] event=before_select function=mab_cost_aware_1784211395 compatible_tags=[arm-tiny x86-large x86-tiny x86-tiny/gpu/nvidia] has_context=true
2026/07/16 16:16:54 [MAB] event=arm_score ts=1784211414420 policy=UCB1 function=mab_cost_aware_1784211395 arm=arm-tiny score=-0.537044 count=5 avg_reward=-1.170561 total_counts=23
2026/07/16 16:16:54 [MAB] event=arm_score ts=1784211414420 policy=UCB1 function=mab_cost_aware_1784211395 arm=x86-large score=-0.494792 count=6 avg_reward=-1.073111 total_counts=23
2026/07/16 16:16:54 [MAB] event=arm_score ts=1784211414420 policy=UCB1 function=mab_cost_aware_1784211395 arm=x86-tiny score=-0.470428 count=6 avg_reward=-1.048747 total_counts=23
2026/07/16 16:16:54 [MAB] event=arm_score ts=1784211414420 policy=UCB1 function=mab_cost_aware_1784211395 arm=x86-tiny/gpu/nvidia score=-0.468046 count=6 avg_reward=-1.046365 total_counts=23
2026/07/16 16:16:54 [MAB] event=select_arm ts=1784211414420 policy=UCB1 function=mab_cost_aware_1784211395 selected_arm=x86-tiny/gpu/nvidia reason=ucb_score score=-0.468046 total_counts=23 arms=[arm-tiny,x86-large,x86-tiny,x86-tiny/gpu/nvidia]
2026/07/16 16:16:54 [LB][MAB] event=after_select function=mab_cost_aware_1784211395 selected_tag=x86-tiny/gpu/nvidia compatible_tags=[arm-tiny x86-large x86-tiny x86-tiny/gpu/nvidia]
2026/07/16 16:16:54 Candidate has: 512 MB free memory. Function needs: 128 MB
2026/07/16 16:16:54 [LB] Selected target for function 'mab_cost_aware_1784211395': target_tag=x86-tiny/gpu/nvidia candidate=28REhPpz5C4TrZjgRAvria1784211396441369197 candidate_tag=x86-tiny/gpu/nvidia
2026/07/16 16:16:54 [LB-Update] Node 28REhPpz5C4TrZjgRAvria1784211396441369197 reported 512 MB free
2026/07/16 16:16:54 [MAB] event=reward_breakdown ts=1784211414423 policy=UCB1 function=mab_cost_aware_1784211395 arm=x86-tiny/gpu/nvidia base_tag=x86-tiny architecture=x86 specialization=tiny capabilities=[gpu,nvidia] duration_ms=1.797481 latency_reward=-0.586386 cost_weight=0.000000 cost_factor=1.600000 cost_term=0.000000 energy_weight=0.000000 energy_factor=1.800000 energy_term=0.000000 memory_weight=0.000000 memory_penalty=0.000000 memory_term=0.000000 final_reward=-0.586386
2026/07/16 16:16:54 [MAB] event=update_reward ts=1784211414423 policy=UCB1 function=mab_cost_aware_1784211395 arm=x86-tiny/gpu/nvidia duration_ms=1.797481 warm_start=true reward=-0.586386 count=7 avg_reward=-0.980653 total_counts=24
2026/07/16 16:16:54 [LB] Compatible tag found: function=mab_cost_aware_1784211395 tag=arm-tiny arch=amd64 pattern="" ring_size=1
2026/07/16 16:16:54 [LB] Compatible tag found: function=mab_cost_aware_1784211395 tag=x86-large arch=amd64 pattern="" ring_size=1
2026/07/16 16:16:54 [LB] Compatible tag found: function=mab_cost_aware_1784211395 tag=x86-tiny arch=amd64 pattern="" ring_size=1
2026/07/16 16:16:54 [LB] Compatible tag found: function=mab_cost_aware_1784211395 tag=x86-tiny/gpu/nvidia arch=amd64 pattern="" ring_size=1
2026/07/16 16:16:54 [LB] Compatible tags for function 'mab_cost_aware_1784211395': [arm-tiny x86-large x86-tiny x86-tiny/gpu/nvidia]
2026/07/16 16:16:54 [LB][MAB] event=before_select function=mab_cost_aware_1784211395 compatible_tags=[arm-tiny x86-large x86-tiny x86-tiny/gpu/nvidia] has_context=true
2026/07/16 16:16:54 [MAB] event=arm_score ts=1784211414636 policy=UCB1 function=mab_cost_aware_1784211395 arm=arm-tiny score=-0.532759 count=5 avg_reward=-1.170561 total_counts=24
2026/07/16 16:16:54 [MAB] event=arm_score ts=1784211414636 policy=UCB1 function=mab_cost_aware_1784211395 arm=x86-large score=-0.490880 count=6 avg_reward=-1.073111 total_counts=24
2026/07/16 16:16:54 [MAB] event=arm_score ts=1784211414636 policy=UCB1 function=mab_cost_aware_1784211395 arm=x86-tiny score=-0.466516 count=6 avg_reward=-1.048747 total_counts=24
2026/07/16 16:16:54 [MAB] event=arm_score ts=1784211414636 policy=UCB1 function=mab_cost_aware_1784211395 arm=x86-tiny/gpu/nvidia score=-0.441613 count=7 avg_reward=-0.980653 total_counts=24
2026/07/16 16:16:54 [MAB] event=select_arm ts=1784211414636 policy=UCB1 function=mab_cost_aware_1784211395 selected_arm=x86-tiny/gpu/nvidia reason=ucb_score score=-0.441613 total_counts=24 arms=[arm-tiny,x86-large,x86-tiny,x86-tiny/gpu/nvidia]
2026/07/16 16:16:54 [LB][MAB] event=after_select function=mab_cost_aware_1784211395 selected_tag=x86-tiny/gpu/nvidia compatible_tags=[arm-tiny x86-large x86-tiny x86-tiny/gpu/nvidia]
2026/07/16 16:16:54 Candidate has: 512 MB free memory. Function needs: 128 MB
2026/07/16 16:16:54 [LB] Selected target for function 'mab_cost_aware_1784211395': target_tag=x86-tiny/gpu/nvidia candidate=28REhPpz5C4TrZjgRAvria1784211396441369197 candidate_tag=x86-tiny/gpu/nvidia
2026/07/16 16:16:54 [LB-Update] Node 28REhPpz5C4TrZjgRAvria1784211396441369197 reported 512 MB free
2026/07/16 16:16:54 [MAB] event=reward_breakdown ts=1784211414640 policy=UCB1 function=mab_cost_aware_1784211395 arm=x86-tiny/gpu/nvidia base_tag=x86-tiny architecture=x86 specialization=tiny capabilities=[gpu,nvidia] duration_ms=2.975581 latency_reward=-1.090439 cost_weight=0.000000 cost_factor=1.600000 cost_term=0.000000 energy_weight=0.000000 energy_factor=1.800000 energy_term=0.000000 memory_weight=0.000000 memory_penalty=0.000000 memory_term=0.000000 final_reward=-1.090439
2026/07/16 16:16:54 [MAB] event=update_reward ts=1784211414640 policy=UCB1 function=mab_cost_aware_1784211395 arm=x86-tiny/gpu/nvidia duration_ms=2.975581 warm_start=true reward=-1.090439 count=8 avg_reward=-0.994377 total_counts=25
2026/07/16 16:16:54 [LB] Compatible tag found: function=mab_cost_aware_1784211395 tag=arm-tiny arch=amd64 pattern="" ring_size=1
2026/07/16 16:16:54 [LB] Compatible tag found: function=mab_cost_aware_1784211395 tag=x86-large arch=amd64 pattern="" ring_size=1
2026/07/16 16:16:54 [LB] Compatible tag found: function=mab_cost_aware_1784211395 tag=x86-tiny arch=amd64 pattern="" ring_size=1
2026/07/16 16:16:54 [LB] Compatible tag found: function=mab_cost_aware_1784211395 tag=x86-tiny/gpu/nvidia arch=amd64 pattern="" ring_size=1
2026/07/16 16:16:54 [LB] Compatible tags for function 'mab_cost_aware_1784211395': [arm-tiny x86-large x86-tiny x86-tiny/gpu/nvidia]
2026/07/16 16:16:54 [LB][MAB] event=before_select function=mab_cost_aware_1784211395 compatible_tags=[arm-tiny x86-large x86-tiny x86-tiny/gpu/nvidia] has_context=true
2026/07/16 16:16:54 [MAB] event=arm_score ts=1784211414858 policy=UCB1 function=mab_cost_aware_1784211395 arm=arm-tiny score=-0.528676 count=5 avg_reward=-1.170561 total_counts=25
2026/07/16 16:16:54 [MAB] event=arm_score ts=1784211414858 policy=UCB1 function=mab_cost_aware_1784211395 arm=x86-large score=-0.487153 count=6 avg_reward=-1.073111 total_counts=25
2026/07/16 16:16:54 [MAB] event=arm_score ts=1784211414858 policy=UCB1 function=mab_cost_aware_1784211395 arm=x86-tiny score=-0.462789 count=6 avg_reward=-1.048747 total_counts=25
2026/07/16 16:16:54 [MAB] event=arm_score ts=1784211414858 policy=UCB1 function=mab_cost_aware_1784211395 arm=x86-tiny/gpu/nvidia score=-0.486922 count=8 avg_reward=-0.994377 total_counts=25
2026/07/16 16:16:54 [MAB] event=select_arm ts=1784211414858 policy=UCB1 function=mab_cost_aware_1784211395 selected_arm=x86-tiny reason=ucb_score score=-0.462789 total_counts=25 arms=[arm-tiny,x86-large,x86-tiny,x86-tiny/gpu/nvidia]
2026/07/16 16:16:54 [LB][MAB] event=after_select function=mab_cost_aware_1784211395 selected_tag=x86-tiny compatible_tags=[arm-tiny x86-large x86-tiny x86-tiny/gpu/nvidia]
2026/07/16 16:16:54 Candidate has: 512 MB free memory. Function needs: 128 MB
2026/07/16 16:16:54 [LB] Selected target for function 'mab_cost_aware_1784211395': target_tag=x86-tiny candidate=WY4J8KBPVx2W22x5XAwpjW1784211396441369527 candidate_tag=x86-tiny
2026/07/16 16:16:54 [LB-Update] Node WY4J8KBPVx2W22x5XAwpjW1784211396441369527 reported 512 MB free
2026/07/16 16:16:54 [MAB] event=reward_breakdown ts=1784211414862 policy=UCB1 function=mab_cost_aware_1784211395 arm=x86-tiny base_tag=x86-tiny architecture=x86 specialization=tiny capabilities=[] duration_ms=3.376775 latency_reward=-1.216921 cost_weight=0.000000 cost_factor=0.400000 cost_term=0.000000 energy_weight=0.000000 energy_factor=1.000000 energy_term=0.000000 memory_weight=0.000000 memory_penalty=0.000000 memory_term=0.000000 final_reward=-1.216921
2026/07/16 16:16:54 [MAB] event=update_reward ts=1784211414862 policy=UCB1 function=mab_cost_aware_1784211395 arm=x86-tiny duration_ms=3.376775 warm_start=true reward=-1.216921 count=7 avg_reward=-1.072771 total_counts=26
2026/07/16 16:16:55 [LB] Compatible tag found: function=mab_cost_aware_1784211395 tag=arm-tiny arch=amd64 pattern="" ring_size=1
2026/07/16 16:16:55 [LB] Compatible tag found: function=mab_cost_aware_1784211395 tag=x86-large arch=amd64 pattern="" ring_size=1
2026/07/16 16:16:55 [LB] Compatible tag found: function=mab_cost_aware_1784211395 tag=x86-tiny arch=amd64 pattern="" ring_size=1
2026/07/16 16:16:55 [LB] Compatible tag found: function=mab_cost_aware_1784211395 tag=x86-tiny/gpu/nvidia arch=amd64 pattern="" ring_size=1
2026/07/16 16:16:55 [LB] Compatible tags for function 'mab_cost_aware_1784211395': [arm-tiny x86-large x86-tiny x86-tiny/gpu/nvidia]
2026/07/16 16:16:55 [LB][MAB] event=before_select function=mab_cost_aware_1784211395 compatible_tags=[arm-tiny x86-large x86-tiny x86-tiny/gpu/nvidia] has_context=true
2026/07/16 16:16:55 [MAB] event=arm_score ts=1784211415083 policy=UCB1 function=mab_cost_aware_1784211395 arm=arm-tiny score=-0.524777 count=5 avg_reward=-1.170561 total_counts=26
2026/07/16 16:16:55 [MAB] event=arm_score ts=1784211415083 policy=UCB1 function=mab_cost_aware_1784211395 arm=x86-large score=-0.483594 count=6 avg_reward=-1.073111 total_counts=26
2026/07/16 16:16:55 [MAB] event=arm_score ts=1784211415083 policy=UCB1 function=mab_cost_aware_1784211395 arm=x86-tiny score=-0.526985 count=7 avg_reward=-1.072771 total_counts=26
2026/07/16 16:16:55 [MAB] event=arm_score ts=1784211415083 policy=UCB1 function=mab_cost_aware_1784211395 arm=x86-tiny/gpu/nvidia score=-0.483840 count=8 avg_reward=-0.994377 total_counts=26
2026/07/16 16:16:55 [MAB] event=select_arm ts=1784211415083 policy=UCB1 function=mab_cost_aware_1784211395 selected_arm=x86-large reason=ucb_score score=-0.483594 total_counts=26 arms=[arm-tiny,x86-large,x86-tiny,x86-tiny/gpu/nvidia]
2026/07/16 16:16:55 [LB][MAB] event=after_select function=mab_cost_aware_1784211395 selected_tag=x86-large compatible_tags=[arm-tiny x86-large x86-tiny x86-tiny/gpu/nvidia]
2026/07/16 16:16:55 Candidate has: 512 MB free memory. Function needs: 128 MB
2026/07/16 16:16:55 [LB] Selected target for function 'mab_cost_aware_1784211395': target_tag=x86-large candidate=DicwkVEW2pDoAvyE9i9hRh1784211396441346568 candidate_tag=x86-large
2026/07/16 16:16:55 [LB-Update] Node DicwkVEW2pDoAvyE9i9hRh1784211396441346568 reported 512 MB free
2026/07/16 16:16:55 [MAB] event=reward_breakdown ts=1784211415087 policy=UCB1 function=mab_cost_aware_1784211395 arm=x86-large base_tag=x86-large architecture=x86 specialization=large capabilities=[] duration_ms=3.095209 latency_reward=-1.129855 cost_weight=0.000000 cost_factor=1.200000 cost_term=0.000000 energy_weight=0.000000 energy_factor=1.200000 energy_term=0.000000 memory_weight=0.000000 memory_penalty=0.000000 memory_term=0.000000 final_reward=-1.129855
2026/07/16 16:16:55 [MAB] event=update_reward ts=1784211415087 policy=UCB1 function=mab_cost_aware_1784211395 arm=x86-large duration_ms=3.095209 warm_start=true reward=-1.129855 count=7 avg_reward=-1.081217 total_counts=27
2026/07/16 16:16:55 [LB] Compatible tag found: function=mab_cost_aware_1784211395 tag=arm-tiny arch=amd64 pattern="" ring_size=1
2026/07/16 16:16:55 [LB] Compatible tag found: function=mab_cost_aware_1784211395 tag=x86-large arch=amd64 pattern="" ring_size=1
2026/07/16 16:16:55 [LB] Compatible tag found: function=mab_cost_aware_1784211395 tag=x86-tiny arch=amd64 pattern="" ring_size=1
2026/07/16 16:16:55 [LB] Compatible tag found: function=mab_cost_aware_1784211395 tag=x86-tiny/gpu/nvidia arch=amd64 pattern="" ring_size=1
2026/07/16 16:16:55 [LB] Compatible tags for function 'mab_cost_aware_1784211395': [arm-tiny x86-large x86-tiny x86-tiny/gpu/nvidia]
2026/07/16 16:16:55 [LB][MAB] event=before_select function=mab_cost_aware_1784211395 compatible_tags=[arm-tiny x86-large x86-tiny x86-tiny/gpu/nvidia] has_context=true
2026/07/16 16:16:55 [MAB] event=arm_score ts=1784211415306 policy=UCB1 function=mab_cost_aware_1784211395 arm=arm-tiny score=-0.521048 count=5 avg_reward=-1.170561 total_counts=27
2026/07/16 16:16:55 [MAB] event=arm_score ts=1784211415306 policy=UCB1 function=mab_cost_aware_1784211395 arm=x86-large score=-0.532278 count=7 avg_reward=-1.081217 total_counts=27
2026/07/16 16:16:55 [MAB] event=arm_score ts=1784211415306 policy=UCB1 function=mab_cost_aware_1784211395 arm=x86-tiny score=-0.523833 count=7 avg_reward=-1.072771 total_counts=27
2026/07/16 16:16:55 [MAB] event=arm_score ts=1784211415306 policy=UCB1 function=mab_cost_aware_1784211395 arm=x86-tiny/gpu/nvidia score=-0.480892 count=8 avg_reward=-0.994377 total_counts=27
2026/07/16 16:16:55 [MAB] event=select_arm ts=1784211415306 policy=UCB1 function=mab_cost_aware_1784211395 selected_arm=x86-tiny/gpu/nvidia reason=ucb_score score=-0.480892 total_counts=27 arms=[arm-tiny,x86-large,x86-tiny,x86-tiny/gpu/nvidia]
2026/07/16 16:16:55 [LB][MAB] event=after_select function=mab_cost_aware_1784211395 selected_tag=x86-tiny/gpu/nvidia compatible_tags=[arm-tiny x86-large x86-tiny x86-tiny/gpu/nvidia]
2026/07/16 16:16:55 Candidate has: 512 MB free memory. Function needs: 128 MB
2026/07/16 16:16:55 [LB] Selected target for function 'mab_cost_aware_1784211395': target_tag=x86-tiny/gpu/nvidia candidate=28REhPpz5C4TrZjgRAvria1784211396441369197 candidate_tag=x86-tiny/gpu/nvidia
2026/07/16 16:16:55 [LB-Update] Node 28REhPpz5C4TrZjgRAvria1784211396441369197 reported 512 MB free
2026/07/16 16:16:55 [MAB] event=reward_breakdown ts=1784211415308 policy=UCB1 function=mab_cost_aware_1784211395 arm=x86-tiny/gpu/nvidia base_tag=x86-tiny architecture=x86 specialization=tiny capabilities=[gpu,nvidia] duration_ms=1.479866 latency_reward=-0.391952 cost_weight=0.000000 cost_factor=1.600000 cost_term=0.000000 energy_weight=0.000000 energy_factor=1.800000 energy_term=0.000000 memory_weight=0.000000 memory_penalty=0.000000 memory_term=0.000000 final_reward=-0.391952
2026/07/16 16:16:55 [MAB] event=update_reward ts=1784211415308 policy=UCB1 function=mab_cost_aware_1784211395 arm=x86-tiny/gpu/nvidia duration_ms=1.479866 warm_start=true reward=-0.391952 count=9 avg_reward=-0.927441 total_counts=28
2026/07/16 16:16:55 [LB] Compatible tag found: function=mab_cost_aware_1784211395 tag=arm-tiny arch=amd64 pattern="" ring_size=1
2026/07/16 16:16:55 [LB] Compatible tag found: function=mab_cost_aware_1784211395 tag=x86-large arch=amd64 pattern="" ring_size=1
2026/07/16 16:16:55 [LB] Compatible tag found: function=mab_cost_aware_1784211395 tag=x86-tiny arch=amd64 pattern="" ring_size=1
2026/07/16 16:16:55 [LB] Compatible tag found: function=mab_cost_aware_1784211395 tag=x86-tiny/gpu/nvidia arch=amd64 pattern="" ring_size=1
2026/07/16 16:16:55 [LB] Compatible tags for function 'mab_cost_aware_1784211395': [arm-tiny x86-large x86-tiny x86-tiny/gpu/nvidia]
2026/07/16 16:16:55 [LB][MAB] event=before_select function=mab_cost_aware_1784211395 compatible_tags=[arm-tiny x86-large x86-tiny x86-tiny/gpu/nvidia] has_context=true
2026/07/16 16:16:55 [MAB] event=arm_score ts=1784211415528 policy=UCB1 function=mab_cost_aware_1784211395 arm=arm-tiny score=-0.517474 count=5 avg_reward=-1.170561 total_counts=28
2026/07/16 16:16:55 [MAB] event=arm_score ts=1784211415528 policy=UCB1 function=mab_cost_aware_1784211395 arm=x86-large score=-0.529258 count=7 avg_reward=-1.081217 total_counts=28
2026/07/16 16:16:55 [MAB] event=arm_score ts=1784211415528 policy=UCB1 function=mab_cost_aware_1784211395 arm=x86-tiny score=-0.520813 count=7 avg_reward=-1.072771 total_counts=28
2026/07/16 16:16:55 [MAB] event=arm_score ts=1784211415528 policy=UCB1 function=mab_cost_aware_1784211395 arm=x86-tiny/gpu/nvidia score=-0.440659 count=9 avg_reward=-0.927441 total_counts=28
2026/07/16 16:16:55 [MAB] event=select_arm ts=1784211415528 policy=UCB1 function=mab_cost_aware_1784211395 selected_arm=x86-tiny/gpu/nvidia reason=ucb_score score=-0.440659 total_counts=28 arms=[arm-tiny,x86-large,x86-tiny,x86-tiny/gpu/nvidia]
2026/07/16 16:16:55 [LB][MAB] event=after_select function=mab_cost_aware_1784211395 selected_tag=x86-tiny/gpu/nvidia compatible_tags=[arm-tiny x86-large x86-tiny x86-tiny/gpu/nvidia]
2026/07/16 16:16:55 Candidate has: 512 MB free memory. Function needs: 128 MB
2026/07/16 16:16:55 [LB] Selected target for function 'mab_cost_aware_1784211395': target_tag=x86-tiny/gpu/nvidia candidate=28REhPpz5C4TrZjgRAvria1784211396441369197 candidate_tag=x86-tiny/gpu/nvidia
2026/07/16 16:16:55 [LB-Update] Node 28REhPpz5C4TrZjgRAvria1784211396441369197 reported 512 MB free
2026/07/16 16:16:55 [MAB] event=reward_breakdown ts=1784211415532 policy=UCB1 function=mab_cost_aware_1784211395 arm=x86-tiny/gpu/nvidia base_tag=x86-tiny architecture=x86 specialization=tiny capabilities=[gpu,nvidia] duration_ms=2.647517 latency_reward=-0.973622 cost_weight=0.000000 cost_factor=1.600000 cost_term=0.000000 energy_weight=0.000000 energy_factor=1.800000 energy_term=0.000000 memory_weight=0.000000 memory_penalty=0.000000 memory_term=0.000000 final_reward=-0.973622
2026/07/16 16:16:55 [MAB] event=update_reward ts=1784211415532 policy=UCB1 function=mab_cost_aware_1784211395 arm=x86-tiny/gpu/nvidia duration_ms=2.647517 warm_start=true reward=-0.973622 count=10 avg_reward=-0.932059 total_counts=29
2026/07/16 16:16:55 [LB] Compatible tag found: function=mab_cost_aware_1784211395 tag=arm-tiny arch=amd64 pattern="" ring_size=1
2026/07/16 16:16:55 [LB] Compatible tag found: function=mab_cost_aware_1784211395 tag=x86-large arch=amd64 pattern="" ring_size=1
2026/07/16 16:16:55 [LB] Compatible tag found: function=mab_cost_aware_1784211395 tag=x86-tiny arch=amd64 pattern="" ring_size=1
2026/07/16 16:16:55 [LB] Compatible tag found: function=mab_cost_aware_1784211395 tag=x86-tiny/gpu/nvidia arch=amd64 pattern="" ring_size=1
2026/07/16 16:16:55 [LB] Compatible tags for function 'mab_cost_aware_1784211395': [arm-tiny x86-large x86-tiny x86-tiny/gpu/nvidia]
2026/07/16 16:16:55 [LB][MAB] event=before_select function=mab_cost_aware_1784211395 compatible_tags=[arm-tiny x86-large x86-tiny x86-tiny/gpu/nvidia] has_context=true
2026/07/16 16:16:55 [MAB] event=arm_score ts=1784211415754 policy=UCB1 function=mab_cost_aware_1784211395 arm=arm-tiny score=-0.514045 count=5 avg_reward=-1.170561 total_counts=29
2026/07/16 16:16:55 [MAB] event=arm_score ts=1784211415754 policy=UCB1 function=mab_cost_aware_1784211395 arm=x86-large score=-0.526359 count=7 avg_reward=-1.081217 total_counts=29
2026/07/16 16:16:55 [MAB] event=arm_score ts=1784211415754 policy=UCB1 function=mab_cost_aware_1784211395 arm=x86-tiny score=-0.517914 count=7 avg_reward=-1.072771 total_counts=29
2026/07/16 16:16:55 [MAB] event=arm_score ts=1784211415754 policy=UCB1 function=mab_cost_aware_1784211395 arm=x86-tiny/gpu/nvidia score=-0.467831 count=10 avg_reward=-0.932059 total_counts=29
2026/07/16 16:16:55 [MAB] event=select_arm ts=1784211415754 policy=UCB1 function=mab_cost_aware_1784211395 selected_arm=x86-tiny/gpu/nvidia reason=ucb_score score=-0.467831 total_counts=29 arms=[arm-tiny,x86-large,x86-tiny,x86-tiny/gpu/nvidia]
2026/07/16 16:16:55 [LB][MAB] event=after_select function=mab_cost_aware_1784211395 selected_tag=x86-tiny/gpu/nvidia compatible_tags=[arm-tiny x86-large x86-tiny x86-tiny/gpu/nvidia]
2026/07/16 16:16:55 Candidate has: 512 MB free memory. Function needs: 128 MB
2026/07/16 16:16:55 [LB] Selected target for function 'mab_cost_aware_1784211395': target_tag=x86-tiny/gpu/nvidia candidate=28REhPpz5C4TrZjgRAvria1784211396441369197 candidate_tag=x86-tiny/gpu/nvidia
2026/07/16 16:16:55 [LB-Update] Node 28REhPpz5C4TrZjgRAvria1784211396441369197 reported 512 MB free
2026/07/16 16:16:55 [MAB] event=reward_breakdown ts=1784211415759 policy=UCB1 function=mab_cost_aware_1784211395 arm=x86-tiny/gpu/nvidia base_tag=x86-tiny architecture=x86 specialization=tiny capabilities=[gpu,nvidia] duration_ms=3.458065 latency_reward=-1.240709 cost_weight=0.000000 cost_factor=1.600000 cost_term=0.000000 energy_weight=0.000000 energy_factor=1.800000 energy_term=0.000000 memory_weight=0.000000 memory_penalty=0.000000 memory_term=0.000000 final_reward=-1.240709
2026/07/16 16:16:55 [MAB] event=update_reward ts=1784211415759 policy=UCB1 function=mab_cost_aware_1784211395 arm=x86-tiny/gpu/nvidia duration_ms=3.458065 warm_start=true reward=-1.240709 count=11 avg_reward=-0.960118 total_counts=30
2026/07/16 16:16:55 [LB] Compatible tag found: function=mab_cost_aware_1784211395 tag=arm-tiny arch=amd64 pattern="" ring_size=1
2026/07/16 16:16:55 [LB] Compatible tag found: function=mab_cost_aware_1784211395 tag=x86-large arch=amd64 pattern="" ring_size=1
2026/07/16 16:16:55 [LB] Compatible tag found: function=mab_cost_aware_1784211395 tag=x86-tiny arch=amd64 pattern="" ring_size=1
2026/07/16 16:16:55 [LB] Compatible tag found: function=mab_cost_aware_1784211395 tag=x86-tiny/gpu/nvidia arch=amd64 pattern="" ring_size=1
2026/07/16 16:16:55 [LB] Compatible tags for function 'mab_cost_aware_1784211395': [arm-tiny x86-large x86-tiny x86-tiny/gpu/nvidia]
2026/07/16 16:16:55 [LB][MAB] event=before_select function=mab_cost_aware_1784211395 compatible_tags=[arm-tiny x86-large x86-tiny x86-tiny/gpu/nvidia] has_context=true
2026/07/16 16:16:55 [MAB] event=arm_score ts=1784211415972 policy=UCB1 function=mab_cost_aware_1784211395 arm=arm-tiny score=-0.510748 count=5 avg_reward=-1.170561 total_counts=30
2026/07/16 16:16:55 [MAB] event=arm_score ts=1784211415972 policy=UCB1 function=mab_cost_aware_1784211395 arm=x86-large score=-0.523573 count=7 avg_reward=-1.081217 total_counts=30
2026/07/16 16:16:55 [MAB] event=arm_score ts=1784211415972 policy=UCB1 function=mab_cost_aware_1784211395 arm=x86-tiny score=-0.515128 count=7 avg_reward=-1.072771 total_counts=30
2026/07/16 16:16:55 [MAB] event=arm_score ts=1784211415972 policy=UCB1 function=mab_cost_aware_1784211395 arm=x86-tiny/gpu/nvidia score=-0.515272 count=11 avg_reward=-0.960118 total_counts=30
2026/07/16 16:16:55 [MAB] event=select_arm ts=1784211415972 policy=UCB1 function=mab_cost_aware_1784211395 selected_arm=arm-tiny reason=ucb_score score=-0.510748 total_counts=30 arms=[arm-tiny,x86-large,x86-tiny,x86-tiny/gpu/nvidia]
2026/07/16 16:16:55 [LB][MAB] event=after_select function=mab_cost_aware_1784211395 selected_tag=arm-tiny compatible_tags=[arm-tiny x86-large x86-tiny x86-tiny/gpu/nvidia]
2026/07/16 16:16:55 Candidate has: 512 MB free memory. Function needs: 128 MB
2026/07/16 16:16:55 [LB] Selected target for function 'mab_cost_aware_1784211395': target_tag=arm-tiny candidate=75dE4KCiGaxGcgjBAKaF6h1784211396441358038 candidate_tag=arm-tiny
2026/07/16 16:16:55 [LB-Update] Node 75dE4KCiGaxGcgjBAKaF6h1784211396441358038 reported 512 MB free
2026/07/16 16:16:55 [MAB] event=reward_breakdown ts=1784211415974 policy=UCB1 function=mab_cost_aware_1784211395 arm=arm-tiny base_tag=arm-tiny architecture=arm specialization=tiny capabilities=[] duration_ms=1.814288 latency_reward=-0.595693 cost_weight=0.000000 cost_factor=0.400000 cost_term=0.000000 energy_weight=0.000000 energy_factor=0.600000 energy_term=0.000000 memory_weight=0.000000 memory_penalty=0.000000 memory_term=0.000000 final_reward=-0.595693
2026/07/16 16:16:55 [MAB] event=update_reward ts=1784211415974 policy=UCB1 function=mab_cost_aware_1784211395 arm=arm-tiny duration_ms=1.814288 warm_start=true reward=-0.595693 count=6 avg_reward=-1.074750 total_counts=31
2026/07/16 16:16:56 [LB] Compatible tag found: function=mab_cost_aware_1784211395 tag=arm-tiny arch=amd64 pattern="" ring_size=1
2026/07/16 16:16:56 [LB] Compatible tag found: function=mab_cost_aware_1784211395 tag=x86-large arch=amd64 pattern="" ring_size=1
2026/07/16 16:16:56 [LB] Compatible tag found: function=mab_cost_aware_1784211395 tag=x86-tiny arch=amd64 pattern="" ring_size=1
2026/07/16 16:16:56 [LB] Compatible tag found: function=mab_cost_aware_1784211395 tag=x86-tiny/gpu/nvidia arch=amd64 pattern="" ring_size=1
2026/07/16 16:16:56 [LB] Compatible tags for function 'mab_cost_aware_1784211395': [arm-tiny x86-large x86-tiny x86-tiny/gpu/nvidia]
2026/07/16 16:16:56 [LB][MAB] event=before_select function=mab_cost_aware_1784211395 compatible_tags=[arm-tiny x86-large x86-tiny x86-tiny/gpu/nvidia] has_context=true
2026/07/16 16:16:56 [MAB] event=arm_score ts=1784211416197 policy=UCB1 function=mab_cost_aware_1784211395 arm=arm-tiny score=-0.469529 count=6 avg_reward=-1.074750 total_counts=31
2026/07/16 16:16:56 [MAB] event=arm_score ts=1784211416197 policy=UCB1 function=mab_cost_aware_1784211395 arm=x86-large score=-0.520892 count=7 avg_reward=-1.081217 total_counts=31
2026/07/16 16:16:56 [MAB] event=arm_score ts=1784211416197 policy=UCB1 function=mab_cost_aware_1784211395 arm=x86-tiny score=-0.512446 count=7 avg_reward=-1.072771 total_counts=31
2026/07/16 16:16:56 [MAB] event=arm_score ts=1784211416197 policy=UCB1 function=mab_cost_aware_1784211395 arm=x86-tiny/gpu/nvidia score=-0.513133 count=11 avg_reward=-0.960118 total_counts=31
2026/07/16 16:16:56 [MAB] event=select_arm ts=1784211416197 policy=UCB1 function=mab_cost_aware_1784211395 selected_arm=arm-tiny reason=ucb_score score=-0.469529 total_counts=31 arms=[arm-tiny,x86-large,x86-tiny,x86-tiny/gpu/nvidia]
2026/07/16 16:16:56 [LB][MAB] event=after_select function=mab_cost_aware_1784211395 selected_tag=arm-tiny compatible_tags=[arm-tiny x86-large x86-tiny x86-tiny/gpu/nvidia]
2026/07/16 16:16:56 Candidate has: 512 MB free memory. Function needs: 128 MB
2026/07/16 16:16:56 [LB] Selected target for function 'mab_cost_aware_1784211395': target_tag=arm-tiny candidate=75dE4KCiGaxGcgjBAKaF6h1784211396441358038 candidate_tag=arm-tiny
2026/07/16 16:16:56 [LB-Update] Node 75dE4KCiGaxGcgjBAKaF6h1784211396441358038 reported 512 MB free
2026/07/16 16:16:56 [MAB] event=reward_breakdown ts=1784211416202 policy=UCB1 function=mab_cost_aware_1784211395 arm=arm-tiny base_tag=arm-tiny architecture=arm specialization=tiny capabilities=[] duration_ms=4.283260 latency_reward=-1.454714 cost_weight=0.000000 cost_factor=0.400000 cost_term=0.000000 energy_weight=0.000000 energy_factor=0.600000 energy_term=0.000000 memory_weight=0.000000 memory_penalty=0.000000 memory_term=0.000000 final_reward=-1.454714
2026/07/16 16:16:56 [MAB] event=update_reward ts=1784211416202 policy=UCB1 function=mab_cost_aware_1784211395 arm=arm-tiny duration_ms=4.283260 warm_start=true reward=-1.454714 count=7 avg_reward=-1.129030 total_counts=32
2026/07/16 16:16:56 [LB] Compatible tag found: function=mab_cost_aware_1784211395 tag=arm-tiny arch=amd64 pattern="" ring_size=1
2026/07/16 16:16:56 [LB] Compatible tag found: function=mab_cost_aware_1784211395 tag=x86-large arch=amd64 pattern="" ring_size=1
2026/07/16 16:16:56 [LB] Compatible tag found: function=mab_cost_aware_1784211395 tag=x86-tiny arch=amd64 pattern="" ring_size=1
2026/07/16 16:16:56 [LB] Compatible tag found: function=mab_cost_aware_1784211395 tag=x86-tiny/gpu/nvidia arch=amd64 pattern="" ring_size=1
2026/07/16 16:16:56 [LB] Compatible tags for function 'mab_cost_aware_1784211395': [arm-tiny x86-large x86-tiny x86-tiny/gpu/nvidia]
2026/07/16 16:16:56 [LB][MAB] event=before_select function=mab_cost_aware_1784211395 compatible_tags=[arm-tiny x86-large x86-tiny x86-tiny/gpu/nvidia] has_context=true
2026/07/16 16:16:56 [MAB] event=arm_score ts=1784211416427 policy=UCB1 function=mab_cost_aware_1784211395 arm=arm-tiny score=-0.566121 count=7 avg_reward=-1.129030 total_counts=32
2026/07/16 16:16:56 [MAB] event=arm_score ts=1784211416427 policy=UCB1 function=mab_cost_aware_1784211395 arm=x86-large score=-0.518307 count=7 avg_reward=-1.081217 total_counts=32
2026/07/16 16:16:56 [MAB] event=arm_score ts=1784211416427 policy=UCB1 function=mab_cost_aware_1784211395 arm=x86-tiny score=-0.509862 count=7 avg_reward=-1.072771 total_counts=32
2026/07/16 16:16:56 [MAB] event=arm_score ts=1784211416427 policy=UCB1 function=mab_cost_aware_1784211395 arm=x86-tiny/gpu/nvidia score=-0.511071 count=11 avg_reward=-0.960118 total_counts=32
2026/07/16 16:16:56 [MAB] event=select_arm ts=1784211416427 policy=UCB1 function=mab_cost_aware_1784211395 selected_arm=x86-tiny reason=ucb_score score=-0.509862 total_counts=32 arms=[arm-tiny,x86-large,x86-tiny,x86-tiny/gpu/nvidia]
2026/07/16 16:16:56 [LB][MAB] event=after_select function=mab_cost_aware_1784211395 selected_tag=x86-tiny compatible_tags=[arm-tiny x86-large x86-tiny x86-tiny/gpu/nvidia]
2026/07/16 16:16:56 Candidate has: 512 MB free memory. Function needs: 128 MB
2026/07/16 16:16:56 [LB] Selected target for function 'mab_cost_aware_1784211395': target_tag=x86-tiny candidate=WY4J8KBPVx2W22x5XAwpjW1784211396441369527 candidate_tag=x86-tiny
2026/07/16 16:16:56 [LB-Update] Node WY4J8KBPVx2W22x5XAwpjW1784211396441369527 reported 512 MB free
2026/07/16 16:16:56 [MAB] event=reward_breakdown ts=1784211416431 policy=UCB1 function=mab_cost_aware_1784211395 arm=x86-tiny base_tag=x86-tiny architecture=x86 specialization=tiny capabilities=[] duration_ms=3.115188 latency_reward=-1.136290 cost_weight=0.000000 cost_factor=0.400000 cost_term=0.000000 energy_weight=0.000000 energy_factor=1.000000 energy_term=0.000000 memory_weight=0.000000 memory_penalty=0.000000 memory_term=0.000000 final_reward=-1.136290
2026/07/16 16:16:56 [MAB] event=update_reward ts=1784211416431 policy=UCB1 function=mab_cost_aware_1784211395 arm=x86-tiny duration_ms=3.115188 warm_start=true reward=-1.136290 count=8 avg_reward=-1.080711 total_counts=33
2026/07/16 16:16:56 [LB]: Periodic targets update
2026/07/16 16:16:56 Found target: 75dE4KCiGaxGcgjBAKaF6h1784211396441358038
2026/07/16 16:16:56 Found target: DicwkVEW2pDoAvyE9i9hRh1784211396441346568
2026/07/16 16:16:56 Found target: WY4J8KBPVx2W22x5XAwpjW1784211396441369527
2026/07/16 16:16:56 Found target: 28REhPpz5C4TrZjgRAvria1784211396441369197
2026/07/16 16:16:56 Found 4 targets
2026/07/16 16:16:56 [LB] Compatible tag found: function=mab_cost_aware_1784211395 tag=arm-tiny arch=amd64 pattern="" ring_size=1
2026/07/16 16:16:56 [LB] Compatible tag found: function=mab_cost_aware_1784211395 tag=x86-large arch=amd64 pattern="" ring_size=1
2026/07/16 16:16:56 [LB] Compatible tag found: function=mab_cost_aware_1784211395 tag=x86-tiny arch=amd64 pattern="" ring_size=1
2026/07/16 16:16:56 [LB] Compatible tag found: function=mab_cost_aware_1784211395 tag=x86-tiny/gpu/nvidia arch=amd64 pattern="" ring_size=1
2026/07/16 16:16:56 [LB] Compatible tags for function 'mab_cost_aware_1784211395': [arm-tiny x86-large x86-tiny x86-tiny/gpu/nvidia]
2026/07/16 16:16:56 [LB][MAB] event=before_select function=mab_cost_aware_1784211395 compatible_tags=[arm-tiny x86-large x86-tiny x86-tiny/gpu/nvidia] has_context=true
2026/07/16 16:16:56 [MAB] event=arm_score ts=1784211416653 policy=UCB1 function=mab_cost_aware_1784211395 arm=arm-tiny score=-0.563627 count=7 avg_reward=-1.129030 total_counts=33
2026/07/16 16:16:56 [MAB] event=arm_score ts=1784211416653 policy=UCB1 function=mab_cost_aware_1784211395 arm=x86-large score=-0.515814 count=7 avg_reward=-1.081217 total_counts=33
2026/07/16 16:16:56 [MAB] event=arm_score ts=1784211416653 policy=UCB1 function=mab_cost_aware_1784211395 arm=x86-tiny score=-0.551825 count=8 avg_reward=-1.080711 total_counts=33
2026/07/16 16:16:56 [MAB] event=arm_score ts=1784211416653 policy=UCB1 function=mab_cost_aware_1784211395 arm=x86-tiny/gpu/nvidia score=-0.509082 count=11 avg_reward=-0.960118 total_counts=33
2026/07/16 16:16:56 [MAB] event=select_arm ts=1784211416653 policy=UCB1 function=mab_cost_aware_1784211395 selected_arm=x86-tiny/gpu/nvidia reason=ucb_score score=-0.509082 total_counts=33 arms=[arm-tiny,x86-large,x86-tiny,x86-tiny/gpu/nvidia]
2026/07/16 16:16:56 [LB][MAB] event=after_select function=mab_cost_aware_1784211395 selected_tag=x86-tiny/gpu/nvidia compatible_tags=[arm-tiny x86-large x86-tiny x86-tiny/gpu/nvidia]
2026/07/16 16:16:56 Candidate has: 512 MB free memory. Function needs: 128 MB
2026/07/16 16:16:56 [LB] Selected target for function 'mab_cost_aware_1784211395': target_tag=x86-tiny/gpu/nvidia candidate=28REhPpz5C4TrZjgRAvria1784211396441369197 candidate_tag=x86-tiny/gpu/nvidia
2026/07/16 16:16:56 [LB-Update] Node 28REhPpz5C4TrZjgRAvria1784211396441369197 reported 512 MB free
2026/07/16 16:16:56 [MAB] event=reward_breakdown ts=1784211416657 policy=UCB1 function=mab_cost_aware_1784211395 arm=x86-tiny/gpu/nvidia base_tag=x86-tiny architecture=x86 specialization=tiny capabilities=[gpu,nvidia] duration_ms=3.146938 latency_reward=-1.146430 cost_weight=0.000000 cost_factor=1.600000 cost_term=0.000000 energy_weight=0.000000 energy_factor=1.800000 energy_term=0.000000 memory_weight=0.000000 memory_penalty=0.000000 memory_term=0.000000 final_reward=-1.146430
2026/07/16 16:16:56 [MAB] event=update_reward ts=1784211416657 policy=UCB1 function=mab_cost_aware_1784211395 arm=x86-tiny/gpu/nvidia duration_ms=3.146938 warm_start=true reward=-1.146430 count=12 avg_reward=-0.975644 total_counts=34
2026/07/16 16:16:56 [LB] Compatible tag found: function=mab_cost_aware_1784211395 tag=arm-tiny arch=amd64 pattern="" ring_size=1
2026/07/16 16:16:56 [LB] Compatible tag found: function=mab_cost_aware_1784211395 tag=x86-large arch=amd64 pattern="" ring_size=1
2026/07/16 16:16:56 [LB] Compatible tag found: function=mab_cost_aware_1784211395 tag=x86-tiny arch=amd64 pattern="" ring_size=1
2026/07/16 16:16:56 [LB] Compatible tag found: function=mab_cost_aware_1784211395 tag=x86-tiny/gpu/nvidia arch=amd64 pattern="" ring_size=1
2026/07/16 16:16:56 [LB] Compatible tags for function 'mab_cost_aware_1784211395': [arm-tiny x86-large x86-tiny x86-tiny/gpu/nvidia]
2026/07/16 16:16:56 [LB][MAB] event=before_select function=mab_cost_aware_1784211395 compatible_tags=[arm-tiny x86-large x86-tiny x86-tiny/gpu/nvidia] has_context=true
2026/07/16 16:16:56 [MAB] event=arm_score ts=1784211416877 policy=UCB1 function=mab_cost_aware_1784211395 arm=arm-tiny score=-0.561219 count=7 avg_reward=-1.129030 total_counts=34
2026/07/16 16:16:56 [MAB] event=arm_score ts=1784211416877 policy=UCB1 function=mab_cost_aware_1784211395 arm=x86-large score=-0.513405 count=7 avg_reward=-1.081217 total_counts=34
2026/07/16 16:16:56 [MAB] event=arm_score ts=1784211416877 policy=UCB1 function=mab_cost_aware_1784211395 arm=x86-tiny score=-0.549572 count=8 avg_reward=-1.080711 total_counts=34
2026/07/16 16:16:56 [MAB] event=arm_score ts=1784211416877 policy=UCB1 function=mab_cost_aware_1784211395 arm=x86-tiny/gpu/nvidia score=-0.541971 count=12 avg_reward=-0.975644 total_counts=34
2026/07/16 16:16:56 [MAB] event=select_arm ts=1784211416877 policy=UCB1 function=mab_cost_aware_1784211395 selected_arm=x86-large reason=ucb_score score=-0.513405 total_counts=34 arms=[arm-tiny,x86-large,x86-tiny,x86-tiny/gpu/nvidia]
2026/07/16 16:16:56 [LB][MAB] event=after_select function=mab_cost_aware_1784211395 selected_tag=x86-large compatible_tags=[arm-tiny x86-large x86-tiny x86-tiny/gpu/nvidia]
2026/07/16 16:16:56 Candidate has: 512 MB free memory. Function needs: 128 MB
2026/07/16 16:16:56 [LB] Selected target for function 'mab_cost_aware_1784211395': target_tag=x86-large candidate=DicwkVEW2pDoAvyE9i9hRh1784211396441346568 candidate_tag=x86-large
2026/07/16 16:16:56 [LB-Update] Node DicwkVEW2pDoAvyE9i9hRh1784211396441346568 reported 512 MB free
2026/07/16 16:16:56 [MAB] event=reward_breakdown ts=1784211416882 policy=UCB1 function=mab_cost_aware_1784211395 arm=x86-large base_tag=x86-large architecture=x86 specialization=large capabilities=[] duration_ms=3.205877 latency_reward=-1.164986 cost_weight=0.000000 cost_factor=1.200000 cost_term=0.000000 energy_weight=0.000000 energy_factor=1.200000 energy_term=0.000000 memory_weight=0.000000 memory_penalty=0.000000 memory_term=0.000000 final_reward=-1.164986
2026/07/16 16:16:56 [MAB] event=update_reward ts=1784211416882 policy=UCB1 function=mab_cost_aware_1784211395 arm=x86-large duration_ms=3.205877 warm_start=true reward=-1.164986 count=8 avg_reward=-1.091688 total_counts=35
2026/07/16 16:16:57 [LB] Compatible tag found: function=mab_cost_aware_1784211395 tag=arm-tiny arch=amd64 pattern="" ring_size=1
2026/07/16 16:16:57 [LB] Compatible tag found: function=mab_cost_aware_1784211395 tag=x86-large arch=amd64 pattern="" ring_size=1
2026/07/16 16:16:57 [LB] Compatible tag found: function=mab_cost_aware_1784211395 tag=x86-tiny arch=amd64 pattern="" ring_size=1
2026/07/16 16:16:57 [LB] Compatible tag found: function=mab_cost_aware_1784211395 tag=x86-tiny/gpu/nvidia arch=amd64 pattern="" ring_size=1
2026/07/16 16:16:57 [LB] Compatible tags for function 'mab_cost_aware_1784211395': [arm-tiny x86-large x86-tiny x86-tiny/gpu/nvidia]
2026/07/16 16:16:57 [LB][MAB] event=before_select function=mab_cost_aware_1784211395 compatible_tags=[arm-tiny x86-large x86-tiny x86-tiny/gpu/nvidia] has_context=true
2026/07/16 16:16:57 [MAB] event=arm_score ts=1784211417101 policy=UCB1 function=mab_cost_aware_1784211395 arm=arm-tiny score=-0.558890 count=7 avg_reward=-1.129030 total_counts=35
2026/07/16 16:16:57 [MAB] event=arm_score ts=1784211417101 policy=UCB1 function=mab_cost_aware_1784211395 arm=x86-large score=-0.558370 count=8 avg_reward=-1.091688 total_counts=35
2026/07/16 16:16:57 [MAB] event=arm_score ts=1784211417101 policy=UCB1 function=mab_cost_aware_1784211395 arm=x86-tiny score=-0.547393 count=8 avg_reward=-1.080711 total_counts=35
2026/07/16 16:16:57 [MAB] event=arm_score ts=1784211417101 policy=UCB1 function=mab_cost_aware_1784211395 arm=x86-tiny/gpu/nvidia score=-0.540192 count=12 avg_reward=-0.975644 total_counts=35
2026/07/16 16:16:57 [MAB] event=select_arm ts=1784211417101 policy=UCB1 function=mab_cost_aware_1784211395 selected_arm=x86-tiny/gpu/nvidia reason=ucb_score score=-0.540192 total_counts=35 arms=[arm-tiny,x86-large,x86-tiny,x86-tiny/gpu/nvidia]
2026/07/16 16:16:57 [LB][MAB] event=after_select function=mab_cost_aware_1784211395 selected_tag=x86-tiny/gpu/nvidia compatible_tags=[arm-tiny x86-large x86-tiny x86-tiny/gpu/nvidia]
2026/07/16 16:16:57 Candidate has: 512 MB free memory. Function needs: 128 MB
2026/07/16 16:16:57 [LB] Selected target for function 'mab_cost_aware_1784211395': target_tag=x86-tiny/gpu/nvidia candidate=28REhPpz5C4TrZjgRAvria1784211396441369197 candidate_tag=x86-tiny/gpu/nvidia
2026/07/16 16:16:57 [LB-Update] Node 28REhPpz5C4TrZjgRAvria1784211396441369197 reported 512 MB free
2026/07/16 16:16:57 [MAB] event=reward_breakdown ts=1784211417104 policy=UCB1 function=mab_cost_aware_1784211395 arm=x86-tiny/gpu/nvidia base_tag=x86-tiny architecture=x86 specialization=tiny capabilities=[gpu,nvidia] duration_ms=2.762632 latency_reward=-1.016184 cost_weight=0.000000 cost_factor=1.600000 cost_term=0.000000 energy_weight=0.000000 energy_factor=1.800000 energy_term=0.000000 memory_weight=0.000000 memory_penalty=0.000000 memory_term=0.000000 final_reward=-1.016184
2026/07/16 16:16:57 [MAB] event=update_reward ts=1784211417104 policy=UCB1 function=mab_cost_aware_1784211395 arm=x86-tiny/gpu/nvidia duration_ms=2.762632 warm_start=true reward=-1.016184 count=13 avg_reward=-0.978762 total_counts=36
