timestamp,function,response_time_s,node_arch,status_code,policy,locust_response_time
1787818723.1215374,arm_faster,0.884496531,amd64,200,RoundRobin,949.5049619999918
1787818723.3497012,amd_faster,0.929402103,arm64,200,RoundRobin,1184.094961000028
1787818723.5980816,chacha20,0.996417533,arm64,200,RoundRobin,1424.881108000136
1787818723.6976051,readdisk,1.040359377,arm64,200,RoundRobin,1520.9934509998675
1787818723.7250688,linpack,1.376766331,arm64,200,RoundRobin,1550.0734199999897
1787818724.0410612,arm_faster,0.864896928,amd64,200,RoundRobin,919.1601140000785
1787818724.3294826,amd_faster,0.929344623,arm64,200,RoundRobin,979.436290999729
1787818724.6543567,chacha20,0.997845532,arm64,200,RoundRobin,1055.7502550000208
1787818724.7899513,readdisk,1.040619778,arm64,200,RoundRobin,1092.0057059997816
1787818724.9610546,arm_faster,0.866172801,amd64,200,RoundRobin,919.6471719997135
1787818725.3105383,amd_faster,0.929159702,arm64,200,RoundRobin,980.7116669999232
1787818725.8072865,linpack,2.056601199,arm64,200,RoundRobin,2081.7868110002564
1787818725.874043,arm_faster,0.860761408,amd64,200,RoundRobin,912.5281990000076
1787818725.898823,readdisk,1.047418617,arm64,200,RoundRobin,1108.5679160000836
1787818726.2914295,amd_faster,0.929190382,arm64,200,RoundRobin,980.374474999735
1787818726.626744,chacha20,1.9196069150000001,arm64,200,RoundRobin,1972.0466230000966
1787818726.7844365,arm_faster,0.859486247,amd64,200,RoundRobin,909.9695059999249
1787818727.0201347,readdisk,1.042010938,arm64,200,RoundRobin,1121.0092860001168
1787818727.2739182,amd_faster,0.928866583,arm64,200,RoundRobin,982.1465610002633
1787818727.6780653,chacha20,0.997387213,arm64,200,RoundRobin,1051.0120179997102
1787818727.6991093,arm_faster,0.859951414,amd64,200,RoundRobin,914.3329319999793
1787818727.8104322,linpack,1.999163207,arm64,200,RoundRobin,2002.8395509998518
1787818728.1201463,readdisk,1.046706017,arm64,200,RoundRobin,1099.5841120002297
1787818728.260346,amd_faster,0.935793462,arm64,200,RoundRobin,985.9872480001286
1787818728.640054,arm_faster,0.85803688,amd64,200,RoundRobin,940.5792960001236
1787818728.7315097,chacha20,0.997977693,arm64,200,RoundRobin,1053.0963179999162
1787818729.2681894,readdisk,1.089967571,arm64,200,RoundRobin,1147.6545979999173
1787818729.3198798,amd_faster,0.937786062,arm64,200,RoundRobin,1059.2112679996717
1787818729.3730526,linpack,1.559085947,arm64,200,RoundRobin,1562.3047670001142
1787818729.54812,arm_faster,0.857691171,amd64,200,RoundRobin,907.7067339999303
1787818730.3137722,amd_faster,0.938096421,arm64,200,RoundRobin,993.5912319997442
1787818730.372915,readdisk,1.043909697,arm64,200,RoundRobin,1104.3558129999838
1787818730.5157218,arm_faster,0.857680311,amd64,200,RoundRobin,967.203950000112
1787818730.710401,chacha20,1.9255913150000001,arm64,200,RoundRobin,1978.478338000059
1787818731.261551,linpack,1.884568742,arm64,200,RoundRobin,1888.1025010000485
1787818731.3146894,amd_faster,0.937150101,arm64,200,RoundRobin,1000.6059890001779
1787818731.4328594,arm_faster,0.862731942,amd64,200,RoundRobin,916.8433479999294
1787818731.4945283,readdisk,1.067842173,arm64,200,RoundRobin,1121.281369999906
1787818731.7590716,chacha20,0.996743252,arm64,200,RoundRobin,1048.3196640002461
1787818732.3060737,amd_faster,0.936135621,arm64,200,RoundRobin,991.0835790001329
1787818732.3388588,arm_faster,0.856191401,amd64,200,RoundRobin,905.7054959998823
1787818732.6324527,readdisk,1.0713739740000001,arm64,200,RoundRobin,1137.5878200001353
1787818732.680656,linpack,1.4155302060000001,arm64,200,RoundRobin,1418.7764510002125
1787818732.8059962,chacha20,0.994319532,arm64,200,RoundRobin,1046.5137780001896
1787818733.2757485,arm_faster,0.864249115,amd64,200,RoundRobin,936.5678230001322
1787818733.3016024,amd_faster,0.937483581,arm64,200,RoundRobin,995.0865689997954
1787818733.7249262,readdisk,1.042265697,arm64,200,RoundRobin,1092.13231800004
1787818733.8517985,chacha20,0.994557332,arm64,200,RoundRobin,1045.4850219998661
1787818734.1967216,arm_faster,0.867758978,amd64,200,RoundRobin,920.6680580000466
1787818734.31979,amd_faster,0.936257141,arm64,200,RoundRobin,1017.8792390001945
1787818734.5749462,linpack,1.890097981,arm64,200,RoundRobin,1893.9789690002726
1787818734.8737965,readdisk,1.087646851,arm64,200,RoundRobin,1148.5587180000039
1787818734.9148448,chacha20,1.008637931,arm64,200,RoundRobin,1062.7405219997854
1787818735.1115806,arm_faster,0.86015907,amd64,200,RoundRobin,914.5435919999727
1787818735.308531,amd_faster,0.936909181,arm64,200,RoundRobin,988.4109710001212
1787818736.0143726,readdisk,1.071112453,arm64,200,RoundRobin,1140.15284099969
1787818736.0209787,arm_faster,0.858735974,amd64,200,RoundRobin,909.07488799985
1787818736.2989895,amd_faster,0.938572061,arm64,200,RoundRobin,990.1374549999673
1787818736.396031,linpack,1.817525872,arm64,200,RoundRobin,1820.7849509999505
1787818736.9850273,chacha20,1.989933185,arm64,200,RoundRobin,2069.8558230001254
1787818736.9862347,arm_faster,0.866456138,amd64,200,RoundRobin,964.9731620002058
1787818737.1141613,readdisk,1.041591778,arm64,200,RoundRobin,1099.3867620004494
1787818737.2892745,amd_faster,0.94026458,arm64,200,RoundRobin,989.8906280000119
1787818737.9453394,arm_faster,0.857658222,amd64,200,RoundRobin,958.3658719998311
1787818738.0399601,chacha20,0.999655212,arm64,200,RoundRobin,1054.627642000014
1787818738.2514868,readdisk,1.081188892,arm64,200,RoundRobin,1136.8838860003052
1787818738.2747166,linpack,1.874561784,arm64,200,RoundRobin,1878.367210000306
1787818738.2858005,amd_faster,0.936359021,arm64,200,RoundRobin,996.1986190000971
1787818738.3850315,thread,16.040660095,amd64,200,RoundRobin,16206.070198000361
1787818738.8651245,arm_faster,0.867345931,amd64,200,RoundRobin,919.4437950000065
1787818739.087423,chacha20,0.997597132,arm64,200,RoundRobin,1047.067006999896
1787818739.2939079,amd_faster,0.937223182,arm64,200,RoundRobin,1007.8101099998094
1787818739.347643,readdisk,1.041697218,arm64,200,RoundRobin,1095.7831149999038
1787818739.7822976,arm_faster,0.860360849,amd64,200,RoundRobin,916.7294339999899
1787818740.159551,linpack,1.852173827,arm64,200,RoundRobin,1884.4734099998277
1787818740.2847433,amd_faster,0.936874741,arm64,200,RoundRobin,990.4946740002742
1787818740.446833,readdisk,1.042426218,arm64,200,RoundRobin,1098.8456929999302
1787818740.692128,arm_faster,0.859972365,amd64,200,RoundRobin,909.511713000029
1787818741.1699038,chacha20,2.02876658,arm64,200,RoundRobin,2082.1524240000144
1787818741.272522,amd_faster,0.937042542,arm64,200,RoundRobin,987.4758620003377
1787818741.5450757,readdisk,1.042649017,arm64,200,RoundRobin,1097.9328529997474
1787818741.626079,arm_faster,0.864254246,amd64,200,RoundRobin,933.5391999998137
1787818742.070632,linpack,1.907319459,arm64,200,RoundRobin,1910.7434920001651
1787818742.2180278,chacha20,0.995737213,arm64,200,RoundRobin,1047.8173619999325
1787818742.2620773,amd_faster,0.936521261,arm64,200,RoundRobin,989.2470019999564
1787818742.5404725,arm_faster,0.858681151,amd64,200,RoundRobin,914.0449149999768
1787818742.6861143,readdisk,1.087447371,arm64,200,RoundRobin,1140.7094719997986
1787818743.2587175,amd_faster,0.936403061,arm64,200,RoundRobin,996.3044270002683
1787818743.2738645,chacha20,0.999262732,arm64,200,RoundRobin,1055.4942800004028
1787818743.4510899,arm_faster,0.860391768,amd64,200,RoundRobin,910.3122000001349
1787818743.7829344,readdisk,1.039377698,arm64,200,RoundRobin,1096.400501000062
1787818743.816346,linpack,1.742015241,arm64,200,RoundRobin,1745.3047320000223
1787818743.9906654,readmemory,21.422483061,amd64,200,RoundRobin,21812.458242000048
1787818744.2468834,amd_faster,0.936972741,arm64,200,RoundRobin,987.8180449995853
1787818744.3661594,arm_faster,0.864227096,amd64,200,RoundRobin,914.6683959997972
1787818744.8781269,readdisk,1.040705137,arm64,200,RoundRobin,1094.8409640000136
1787818745.2454832,amd_faster,0.938233621,arm64,200,RoundRobin,998.2649859998673
1787818745.2851954,arm_faster,0.862084532,amd64,200,RoundRobin,918.6319680002271
1787818745.3979628,chacha20,2.038354779,arm64,200,RoundRobin,2123.7979009997616
1787818745.7796247,linpack,1.941166535,arm64,200,RoundRobin,1962.9717070001789
1787818745.9816601,readdisk,1.044627457,arm64,200,RoundRobin,1103.1317639999543
1787818746.235595,amd_faster,0.937220462,arm64,200,RoundRobin,989.7696879997966
1787818746.421637,arm_faster,0.858522792,amd64,200,RoundRobin,1136.0286240001187
1787818746.6093988,chacha20,0.997069012,arm64,200,RoundRobin,1211.0229099998833
1787818747.1255236,readdisk,1.081641372,arm64,200,RoundRobin,1143.5523320001266
1787818747.165656,linpack,1.382249011,arm64,200,RoundRobin,1385.706361999837
1787818747.2277238,amd_faster,0.936710662,arm64,200,RoundRobin,991.8127639998602
1787818747.3381112,arm_faster,0.859947884,amd64,200,RoundRobin,916.1685839999336
1787818748.2175157,amd_faster,0.937550621,arm64,200,RoundRobin,989.4907349998903
1787818748.2231781,readdisk,1.046595896,arm64,200,RoundRobin,1097.3431090001213
1787818748.2460768,arm_faster,0.858680581,amd64,200,RoundRobin,907.5550590000603
1787818748.9831872,linpack,1.805165713,arm64,200,RoundRobin,1817.2319230002358
1787818749.1094565,chacha20,2.444182198,arm64,200,RoundRobin,2499.7094780001134
1787818749.2069194,amd_faster,0.936626462,arm64,200,RoundRobin,989.0944379999382
1787818749.22301,arm_faster,0.859044747,amd64,200,RoundRobin,976.5903349998553
1787818749.3918421,readdisk,1.073555453,arm64,200,RoundRobin,1168.2316549999996
1787818750.1715791,arm_faster,0.863361905,amd64,200,RoundRobin,948.2520960000329
1787818750.1721656,chacha20,1.000511892,arm64,200,RoundRobin,1062.4549260001004
1787818750.195128,amd_faster,0.936263501,arm64,200,RoundRobin,987.9080219998286
1787818750.5310102,readdisk,1.085171932,arm64,200,RoundRobin,1138.8384510000833
1787818750.5776513,linpack,1.5908243020000001,arm64,200,RoundRobin,1594.0731270002289
1787818751.0874496,arm_faster,0.857733681,amd64,200,RoundRobin,914.990427000248
1787818751.2662792,amd_faster,0.936206382,arm64,200,RoundRobin,1070.6481209999765
1787818751.2808263,chacha20,0.997799332,arm64,200,RoundRobin,1107.8264490001857
1787818751.656747,readdisk,1.068876734,arm64,200,RoundRobin,1125.4204619999655
1787818751.99688,arm_faster,0.856463386,amd64,200,RoundRobin,909.029136999834
1787818752.257833,amd_faster,0.936596022,arm64,200,RoundRobin,991.199195000263
1787818752.2614534,linpack,1.6729644110000002,arm64,200,RoundRobin,1683.5044129998096
1787818752.372785,chacha20,0.998728612,arm64,200,RoundRobin,1091.5824819999216
1787818752.7527525,readdisk,1.039402258,arm64,200,RoundRobin,1095.6662300000062
1787818752.9057515,arm_faster,0.858986665,amd64,200,RoundRobin,908.5768260001714
1787818753.2496645,amd_faster,0.936656901,arm64,200,RoundRobin,991.3484540002173
1787818753.4191127,chacha20,0.995865173,arm64,200,RoundRobin,1046.0212349998983
1787818753.8160164,arm_faster,0.860131378,amd64,200,RoundRobin,909.9505190001764
1787818753.84916,readdisk,1.039712138,arm64,200,RoundRobin,1096.0480180001468
1787818753.8969934,linpack,1.583515583,arm64,200,RoundRobin,1635.244498999782
1787818754.2380555,amd_faster,0.936568742,arm64,200,RoundRobin,988.063744000101
1787818754.470389,chacha20,0.996957772,arm64,200,RoundRobin,1050.7620989997122
1787818754.7448344,arm_faster,0.86792789,amd64,200,RoundRobin,928.450304999842
1787818754.9811878,readdisk,1.044814457,arm64,200,RoundRobin,1131.6322470001978
1787818755.2287457,amd_faster,0.936434022,arm64,200,RoundRobin,990.3363099997478
1787818755.5192852,chacha20,0.996560373,arm64,200,RoundRobin,1048.4745140001905
1787818755.663666,arm_faster,0.863919867,amd64,200,RoundRobin,918.4591869998258
1787818755.8989794,linpack,1.9618048909999999,arm64,200,RoundRobin,2001.6692489998604
1787818756.097377,readdisk,1.062860414,arm64,200,RoundRobin,1115.6993409999814
1787818756.2191339,amd_faster,0.937486101,arm64,200,RoundRobin,990.053214999989
1787818756.5777981,arm_faster,0.862259298,amd64,200,RoundRobin,913.7484240000049
1787818756.5790408,chacha20,1.004098211,arm64,200,RoundRobin,1059.441495000101
1787818757.2055862,amd_faster,0.936313381,arm64,200,RoundRobin,986.0397940001349
1787818757.2143757,readdisk,1.062343734,arm64,200,RoundRobin,1116.580021000118
1787818757.301822,linpack,1.399222488,arm64,200,RoundRobin,1402.524860000085
1787818757.4845722,filehandle,35.015428755,amd64,200,RoundRobin,35310.5646150002
1787818757.499661,arm_faster,0.868135734,amd64,200,RoundRobin,921.5568969998458
1787818757.6829693,chacha20,0.999048572,arm64,200,RoundRobin,1103.2680829998753
1787818757.9983456,readmemory,13.953020869,amd64,200,RoundRobin,14007.284415999948
1787818758.1985781,amd_faster,0.936574661,arm64,200,RoundRobin,992.6025130002927
1787818758.3509548,readdisk,1.040716378,arm64,200,RoundRobin,1136.2775299999157
1787818758.421444,arm_faster,0.863152358,amd64,200,RoundRobin,921.4797650001856
1787818759.1917999,amd_faster,0.938342261,arm64,200,RoundRobin,992.8900169998087
1787818759.2573466,linpack,1.946421814,arm64,200,RoundRobin,1955.117152999719
1787818759.332603,arm_faster,0.857903953,amd64,200,RoundRobin,910.8460309998918
1787818759.499373,readdisk,1.080864972,arm64,200,RoundRobin,1147.9733529999976
1787818759.6628895,chacha20,1.929292034,arm64,200,RoundRobin,1979.6203660002902
1787818759.9441254,thread,21.50557865,amd64,200,RoundRobin,21558.732242000133
1787818760.2467735,arm_faster,0.863942333,amd64,200,RoundRobin,913.847306000207
1787818760.3197064,amd_faster,1.077405041,arm64,200,RoundRobin,1127.5149360003525
1787818760.6133535,readdisk,1.061667135,arm64,200,RoundRobin,1113.5616050000863
1787818760.6599767,linpack,1.398789609,arm64,200,RoundRobin,1402.3099669998373
1787818760.719041,chacha20,0.997301413,arm64,200,RoundRobin,1055.8299239996813
1787818761.1597838,arm_faster,0.862819586,amd64,200,RoundRobin,912.6914969997415
1787818761.309278,amd_faster,0.936983701,arm64,200,RoundRobin,989.1933399999289
1787818761.7085278,readdisk,1.040258217,arm64,200,RoundRobin,1094.8424759999398
1787818761.7831771,chacha20,0.995795852,arm64,200,RoundRobin,1063.773895000395
1787818762.0737016,arm_faster,0.862701927,amd64,200,RoundRobin,913.5849889999008
1787818762.29765,amd_faster,0.937598821,arm64,200,RoundRobin,988.0496450000464
1787818762.5407243,linpack,1.871351984,arm64,200,RoundRobin,1880.4103100001157
1787818762.8076077,readdisk,1.044398337,arm64,200,RoundRobin,1098.7502299999505
1787818762.9944344,arm_faster,0.858188662,amd64,200,RoundRobin,920.4080200001954
1787818763.286385,amd_faster,0.938453021,arm64,200,RoundRobin,988.3455389999654
1787818763.7696643,chacha20,1.9205798760000001,arm64,200,RoundRobin,1986.0550610001155
1787818763.9050317,arm_faster,0.858783931,amd64,200,RoundRobin,910.3070500000285
1787818763.9590836,readdisk,1.09454597,arm64,200,RoundRobin,1151.1499870002808
1787818764.0034266,linpack,1.4591108,arm64,200,RoundRobin,1462.3901979998664
1787818764.2827635,amd_faster,0.938193461,arm64,200,RoundRobin,996.0404650000783
1787818764.8201003,arm_faster,0.863268504,amd64,200,RoundRobin,914.6748360003585
1787818764.8473318,chacha20,0.997996692,arm64,200,RoundRobin,1077.3633700000573
1787818765.0573435,readdisk,1.040171097,arm64,200,RoundRobin,1097.8005150000172
1787818765.2695174,amd_faster,0.936615461,arm64,200,RoundRobin,986.4208439998947
1787818765.76083,arm_faster,0.862630823,amd64,200,RoundRobin,940.302137999879
1787818765.8582776,linpack,1.840591069,arm64,200,RoundRobin,1854.4360949999827
1787818765.955534,chacha20,1.006554931,arm64,200,RoundRobin,1107.9251840001234
1787818766.171935,readdisk,1.062725855,arm64,200,RoundRobin,1114.2259129997
1787818766.2559316,amd_faster,0.936321462,arm64,200,RoundRobin,986.1124270000801
1787818766.6826754,arm_faster,0.867299369,amd64,200,RoundRobin,921.4603609998449
1787818767.24436,amd_faster,0.937925101,arm64,200,RoundRobin,988.0523090000679
1787818767.2770526,readdisk,1.054500855,arm64,200,RoundRobin,1104.77164599979
1787818767.3468862,linpack,1.4849062769999999,arm64,200,RoundRobin,1488.2593490001454
1787818767.6000662,arm_faster,0.866860739,amd64,200,RoundRobin,917.0396109998364
1787818767.9274764,chacha20,1.9191592750000002,arm64,200,RoundRobin,1971.623591000025
1787818768.231437,amd_faster,0.936349621,arm64,200,RoundRobin,986.7197600001418
1787818768.388862,readdisk,1.041211377,arm64,200,RoundRobin,1111.4445160001196
1787818768.5136807,arm_faster,0.863582622,amd64,200,RoundRobin,913.2419299999128
1787818768.975978,chacha20,0.997836172,arm64,200,RoundRobin,1048.1828339998174
1787818769.2204819,amd_faster,0.936723821,arm64,200,RoundRobin,988.7259779998203
1787818769.292132,linpack,1.941807055,arm64,200,RoundRobin,1944.9154230001113
1787818769.42609,arm_faster,0.855961188,amd64,200,RoundRobin,912.083600999722
1787818769.509097,readdisk,1.064784254,arm64,200,RoundRobin,1119.862577999811
1787818770.0248601,chacha20,0.994637413,arm64,200,RoundRobin,1048.5722869998426
1787818770.2139955,amd_faster,0.936778262,arm64,200,RoundRobin,993.124699999953
1787818770.3409612,arm_faster,0.864364509,amd64,200,RoundRobin,914.4498190003105
1787818770.6224878,readdisk,1.061961815,arm64,200,RoundRobin,1112.9954829998496
1787818770.673399,linpack,1.3769612119999999,arm64,200,RoundRobin,1380.7640859999992
1787818771.0777829,chacha20,0.997299973,arm64,200,RoundRobin,1052.5986190000367
1787818771.2169917,amd_faster,0.936706981,arm64,200,RoundRobin,1002.612617000068
1787818771.2593234,arm_faster,0.868563499,amd64,200,RoundRobin,917.9576390001785
1787818771.2767785,readmemory,13.224977029,amd64,200,RoundRobin,13278.103672999805
1787818771.7257884,readdisk,1.049785497,arm64,200,RoundRobin,1102.9806759997882
1787818772.1365483,chacha20,1.004067651,arm64,200,RoundRobin,1058.4207959996093
1787818772.1794817,arm_faster,0.858755848,amd64,200,RoundRobin,919.822460999967
1787818772.2099125,amd_faster,0.936283901,arm64,200,RoundRobin,992.6072389998808
1787818772.564723,linpack,1.887148822,arm64,200,RoundRobin,1890.994388999843
1787818772.5825212,primenumber,50.16267376,amd64,200,RoundRobin,50406.7080079999
1787818772.8523686,readdisk,1.070858094,arm64,200,RoundRobin,1126.1710670000866
1787818773.1143186,arm_faster,0.86353233,amd64,200,RoundRobin,934.4008080001913
1787818773.2377274,amd_faster,0.936627221,arm64,200,RoundRobin,1027.4647060000461
1787818773.9989269,readdisk,1.093852291,arm64,200,RoundRobin,1146.2374019997696
1787818774.027124,arm_faster,0.860509231,amd64,200,RoundRobin,912.4826790002771
1787818774.0343852,linpack,1.46577732,arm64,200,RoundRobin,1469.278349000433
1787818774.0356877,chacha20,1.834692969,arm64,200,RoundRobin,1898.8334609998674
1787818774.2376883,amd_faster,0.939830661,arm64,200,RoundRobin,999.648284000159
1787818774.9632921,arm_faster,0.859871794,amd64,200,RoundRobin,935.660912000003
1787818775.0979524,readdisk,1.042831297,arm64,200,RoundRobin,1098.7069339998925
1787818775.1468546,chacha20,0.993584893,arm64,200,RoundRobin,1110.5524700001297
1787818775.2298295,amd_faster,0.937209941,arm64,200,RoundRobin,991.8113630001244
1787818775.8766727,arm_faster,0.862253517,amd64,200,RoundRobin,913.0523240000912
1787818775.9558268,linpack,1.8515616270000002,arm64,200,RoundRobin,1921.1429420001878
1787818776.2019348,chacha20,0.995127333,arm64,200,RoundRobin,1054.7713519999888
1787818776.2140145,readdisk,1.059251695,arm64,200,RoundRobin,1115.731033999964
1787818776.2180665,amd_faster,0.936385422,arm64,200,RoundRobin,987.9351039999165
1787818776.791105,arm_faster,0.862555684,amd64,200,RoundRobin,914.1184929999326
1787818777.245597,chacha20,0.993455132,arm64,200,RoundRobin,1043.3110499998293
1787818777.2884433,amd_faster,0.936360541,arm64,200,RoundRobin,1070.0238340000396
1787818777.3519309,readdisk,1.046021817,arm64,200,RoundRobin,1137.5985449999462
1787818777.400896,linpack,1.441457323,arm64,200,RoundRobin,1444.7717429998193
1787818777.6990795,arm_faster,0.85866794,amd64,200,RoundRobin,907.5419959999635
1787818778.2876935,amd_faster,0.936421381,arm64,200,RoundRobin,998.9286599998195
1787818778.2972822,chacha20,0.993606573,arm64,200,RoundRobin,1051.248984999802
1787818778.443604,readdisk,1.041358258,arm64,200,RoundRobin,1091.3182620001862
1787818778.6116166,arm_faster,0.862008759,amd64,200,RoundRobin,912.0722470001965
1787818779.2839851,amd_faster,0.937138662,arm64,200,RoundRobin,995.9749580002608
1787818779.3791144,linpack,1.9742835300000001,arm64,200,RoundRobin,1977.9106299997693
1787818779.4522722,chacha20,1.053475004,arm64,200,RoundRobin,1154.6005469999727
1787818779.5288277,arm_faster,0.86418635,amd64,200,RoundRobin,916.8900989998292
1787818779.601421,readdisk,1.106403088,arm64,200,RoundRobin,1157.3984860001474
1787818779.7057505,thread,19.705237317,amd64,200,RoundRobin,19761.12605599974
1787818780.2781363,amd_faster,0.936695901,arm64,200,RoundRobin,993.7706809996598
1787818780.448899,arm_faster,0.863593323,amd64,200,RoundRobin,919.7590080002556
1787818780.5040536,chacha20,0.999500572,arm64,200,RoundRobin,1051.460586000303
1787818780.7628105,readdisk,1.100119969,arm64,200,RoundRobin,1161.0719189998235
1787818780.8004994,linpack,1.417360446,arm64,200,RoundRobin,1421.038734999911
1787818781.2669702,amd_faster,0.935511902,arm64,200,RoundRobin,988.4317219998593
1787818781.3596742,arm_faster,0.859078509,amd64,200,RoundRobin,910.4458430001614
1787818781.861616,readdisk,1.044279857,arm64,200,RoundRobin,1098.4087980000368
1787818782.2581606,amd_faster,0.932334822,arm64,200,RoundRobin,990.8625419998316
1787818782.2788858,arm_faster,0.867263957,amd64,200,RoundRobin,918.8970300001529
1787818782.475572,chacha20,1.917823116,arm64,200,RoundRobin,1971.1906569996245
1787818782.6873562,linpack,1.869246424,arm64,200,RoundRobin,1886.4629139998215
1787818782.978337,readdisk,1.062626854,arm64,200,RoundRobin,1116.318475999833
1787818783.225188,arm_faster,0.864250015,amd64,200,RoundRobin,945.9654779998345
1787818783.245395,amd_faster,0.932995302,arm64,200,RoundRobin,986.7710540002008
1787818783.5287368,chacha20,0.999974652,arm64,200,RoundRobin,1052.8639849999308
1787818784.137018,arm_faster,0.860743569,amd64,200,RoundRobin,911.4165319997483
1787818784.1669788,readdisk,1.041520697,arm64,200,RoundRobin,1188.3184539997274
1787818784.2288084,linpack,1.53781311,arm64,200,RoundRobin,1541.0960900003374
1787818784.263768,amd_faster,0.929990942,arm64,200,RoundRobin,1017.9911899999752
1787818784.6603367,chacha20,0.999950612,arm64,200,RoundRobin,1131.0273770000094
1787818785.059723,arm_faster,0.864715111,amd64,200,RoundRobin,922.2951809997539
1787818785.24852,amd_faster,0.933167622,arm64,200,RoundRobin,984.4369119996372
1787818785.2860136,readdisk,1.041781897,arm64,200,RoundRobin,1118.7066249999589
1787818785.9691412,arm_faster,0.857495369,amd64,200,RoundRobin,909.0934509999897
1787818786.1373863,linpack,1.892296581,arm64,200,RoundRobin,1908.1394260001616
1787818786.2504904,amd_faster,0.9447223,arm64,200,RoundRobin,1001.5721230001873
1787818786.4361799,readdisk,1.080558172,arm64,200,RoundRobin,1149.8400510004103
1787818786.6319559,chacha20,1.918474475,arm64,200,RoundRobin,1971.2859490000483
1787818786.8857358,arm_faster,0.863379669,amd64,200,RoundRobin,916.1642900003244
1787818787.2404037,amd_faster,0.94019806,arm64,200,RoundRobin,989.4957859996794
1787818787.537465,readdisk,1.039389697,arm64,200,RoundRobin,1100.8697920001396
1787818787.6078677,linpack,1.46686736,arm64,200,RoundRobin,1470.1459100001557
1787818787.679391,chacha20,0.996854732,arm64,200,RoundRobin,1047.00053400029
1787818787.8009307,arm_faster,0.862271958,amd64,200,RoundRobin,914.897450999888
1787818788.228493,amd_faster,0.937144221,arm64,200,RoundRobin,987.7597959998639
1787818788.6513078,readdisk,1.063011495,arm64,200,RoundRobin,1113.4212390002176
1787818788.7155726,arm_faster,0.864248227,amd64,200,RoundRobin,914.3155420001676
1787818788.7359457,chacha20,1.003053412,arm64,200,RoundRobin,1056.2428919997728
1787818789.2167664,amd_faster,0.936850742,arm64,200,RoundRobin,987.8917099999853
1787818789.489463,linpack,1.8778107830000001,arm64,200,RoundRobin,1881.2374730000556
1787818789.6288033,arm_faster,0.861837246,amd64,200,RoundRobin,912.86194300028
1787818789.7470753,readdisk,1.040903418,arm64,200,RoundRobin,1095.4363180003384
1787818789.8195603,chacha20,0.999331452,arm64,200,RoundRobin,1083.2958440000766
1787818790.2714813,amd_faster,0.933607581,arm64,200,RoundRobin,1054.3610770000669
1787818790.5968473,arm_faster,0.859387791,amd64,200,RoundRobin,967.7263610001319
1787818790.8745122,readdisk,1.073598933,arm64,200,RoundRobin,1127.036956000211
1787818790.8751729,chacha20,1.003555331,arm64,200,RoundRobin,1055.3073319997566
1787818790.9385226,linpack,1.4454208020000001,arm64,200,RoundRobin,1448.7079179998545
1787818790.9697614,readmemory,19.597656422,amd64,200,RoundRobin,19692.664409000372
1787818791.2573955,amd_faster,0.936588741,arm64,200,RoundRobin,985.4745850002473
1787818791.5208473,arm_faster,0.861775879,amd64,200,RoundRobin,923.6948419998043
1787818791.9868443,readdisk,1.057787656,arm64,200,RoundRobin,1111.3863599998695
1787818792.2245297,filehandle,34.735952129,amd64,200,RoundRobin,34739.633164000224
1787818792.245193,amd_faster,0.936553101,arm64,200,RoundRobin,987.4749489999886
1787818792.4339797,arm_faster,0.863265991,amd64,200,RoundRobin,912.829480000255
1787818792.899458,chacha20,1.918330716,arm64,200,RoundRobin,2023.4693910001624
1787818792.9071834,linpack,1.9217183370000002,arm64,200,RoundRobin,1968.339530999856
1787818793.090679,readdisk,1.051685736,arm64,200,RoundRobin,1103.5276080001495
1787818793.2424657,amd_faster,0.938386861,arm64,200,RoundRobin,996.861560999605
1787818793.3447537,arm_faster,0.860516988,amd64,200,RoundRobin,910.4443440000978
1787818793.9539902,chacha20,1.000020292,arm64,200,RoundRobin,1054.207182999562
1787818794.186421,readdisk,1.041069218,arm64,200,RoundRobin,1095.3471230000105
1787818794.2321196,amd_faster,0.936880661,arm64,200,RoundRobin,989.3433619999996
1787818794.254723,arm_faster,0.858947891,amd64,200,RoundRobin,909.666770000058
1787818794.7541761,linpack,1.799121674,arm64,200,RoundRobin,1846.5715739998814
1787818794.9980235,chacha20,0.993713293,arm64,200,RoundRobin,1043.712728999708
1787818795.2166789,arm_faster,0.864123704,amd64,200,RoundRobin,961.6385280000941
1787818795.2367103,amd_faster,0.936578821,arm64,200,RoundRobin,1004.1728310002327
1787818795.3419378,readdisk,1.08936313,arm64,200,RoundRobin,1155.1834309998412
1787818796.1307993,arm_faster,0.863206953,amd64,200,RoundRobin,913.8023870000325
1787818796.2583084,amd_faster,0.940097861,arm64,200,RoundRobin,1021.2065179998717
1787818796.4594083,readdisk,1.066989214,arm64,200,RoundRobin,1117.0371210000667
1787818796.4954872,linpack,1.736875923,arm64,200,RoundRobin,1740.9176830001343
1787818796.9818084,chacha20,1.921146596,arm64,200,RoundRobin,1983.3642160001546
1787818797.0440605,arm_faster,0.862961004,amd64,200,RoundRobin,912.944891999814
1787818797.2467616,amd_faster,0.938238942,arm64,200,RoundRobin,988.1053749995772
1787818797.5584369,readdisk,1.042104817,arm64,200,RoundRobin,1098.7031200002093
1787818797.957955,arm_faster,0.862623895,amd64,200,RoundRobin,913.5555329999079
1787818798.039333,chacha20,1.002183971,arm64,200,RoundRobin,1057.1290600000793
1787818798.1175928,thread,18.361295133,amd64,200,RoundRobin,18411.436804000004
1787818798.2364295,amd_faster,0.936674421,arm64,200,RoundRobin,989.2458669996813
1787818798.4145126,linpack,1.8972341400000001,arm64,200,RoundRobin,1918.6447930001123
1787818798.6633365,readdisk,1.051874976,arm64,200,RoundRobin,1104.4969119998314
1787818798.864811,arm_faster,0.856209962,amd64,200,RoundRobin,906.5614290002486
1787818799.0971253,chacha20,0.997930293,arm64,200,RoundRobin,1057.4674929998764
1787818799.2227302,amd_faster,0.936555701,arm64,200,RoundRobin,985.9160060000249
1787818799.7731962,arm_faster,0.856117401,amd64,200,RoundRobin,908.0439109998224
1787818799.7750027,readdisk,1.060675215,arm64,200,RoundRobin,1111.3640919998033
1787818799.8210762,linpack,1.4029369680000001,arm64,200,RoundRobin,1406.2259130000712
1787818800.14391,chacha20,0.995607613,arm64,200,RoundRobin,1046.4325550001377
1787818800.208715,amd_faster,0.936207781,arm64,200,RoundRobin,985.6123449999359
1787818800.6800196,arm_faster,0.855717662,amd64,200,RoundRobin,906.422234999809
1787818800.9158983,readdisk,1.040918058,arm64,200,RoundRobin,1140.5990859998383
1787818801.2021878,chacha20,0.998394652,arm64,200,RoundRobin,1057.9480760002298
1787818801.20665,amd_faster,0.937050301,arm64,200,RoundRobin,997.6275540002462
1787818801.5854251,arm_faster,0.855558976,amd64,200,RoundRobin,905.0838180000937
1787818801.8231947,linpack,1.9469368139999998,arm64,200,RoundRobin,2001.6920450002544
1787818802.035303,readdisk,1.065853175,arm64,200,RoundRobin,1119.0312660000927
1787818802.2434576,amd_faster,0.937428182,arm64,200,RoundRobin,1036.4887450000424
1787818802.4988375,arm_faster,0.859959084,amd64,200,RoundRobin,913.0611919999865
1787818803.1810193,readdisk,1.084636492,arm64,200,RoundRobin,1145.3683730001103
1787818803.198909,chacha20,1.942792992,arm64,200,RoundRobin,1996.2908329998754
1787818803.2397091,amd_faster,0.938092061,arm64,200,RoundRobin,995.8342890004133
1787818803.2410183,linpack,1.414432447,arm64,200,RoundRobin,1417.456771000161
1787818803.4133089,arm_faster,0.860437081,amd64,200,RoundRobin,914.0486799997234
1787818804.2674525,amd_faster,0.936078422,arm64,200,RoundRobin,1027.3130170003242
1787818804.2719207,readdisk,1.039965498,arm64,200,RoundRobin,1090.5942230001529
1787818804.2847245,chacha20,0.998993172,arm64,200,RoundRobin,1085.5125440002666
1787818804.3224404,arm_faster,0.859573936,amd64,200,RoundRobin,908.7026840002181
1787818805.1856165,linpack,1.8532440270000001,arm64,200,RoundRobin,1943.9213460000246
1787818805.2603035,amd_faster,0.937012781,arm64,200,RoundRobin,992.4252400001023
1787818805.3297932,arm_faster,0.859883525,amd64,200,RoundRobin,1007.0461620002789
1787818805.4157608,chacha20,0.992762933,arm64,200,RoundRobin,1130.7609489999777
1787818805.43001,readdisk,1.055473095,arm64,200,RoundRobin,1157.7969350000785
1787818806.240195,arm_faster,0.857775098,amd64,200,RoundRobin,910.0930699996752
1787818806.2475023,amd_faster,0.937818022,arm64,200,RoundRobin,986.8757770000229
1787818806.570759,readdisk,1.050312736,arm64,200,RoundRobin,1140.3401890001987
1787818806.6200495,linpack,1.430861444,arm64,200,RoundRobin,1434.0880889999426
1787818807.1479213,arm_faster,0.857631826,amd64,200,RoundRobin,907.3174129998733
1787818807.2854247,amd_faster,0.940157101,arm64,200,RoundRobin,1037.4046160000034
1787818807.34805,readmemory,16.212485934,amd64,200,RoundRobin,16377.933897000275
1787818807.4914951,chacha20,2.018995621,arm64,200,RoundRobin,2075.425312000334
1787818807.6646218,readdisk,1.042267377,arm64,200,RoundRobin,1093.5499779998281
1787818808.0543396,arm_faster,0.855928331,amd64,200,RoundRobin,905.9534140001233
1787818808.2770722,amd_faster,0.937116181,arm64,200,RoundRobin,991.3062059999902
1787818808.5480785,chacha20,0.998226172,arm64,200,RoundRobin,1056.2535290000596
1787818808.5949998,linpack,1.9714887700000001,arm64,200,RoundRobin,1974.5634780001637
1787818808.7606695,readdisk,1.046199296,arm64,200,RoundRobin,1095.6813399998282
1787818808.9726934,arm_faster,0.859239993,amd64,200,RoundRobin,918.0141219999314
1787818809.2600865,amd_faster,0.931149903,arm64,200,RoundRobin,982.5840600001357
1787818809.600676,chacha20,0.996747652,arm64,200,RoundRobin,1052.0721360003336
1787818809.8880718,arm_faster,0.865112542,amd64,200,RoundRobin,915.0735169996551
1787818809.8907962,readdisk,1.071975894,arm64,200,RoundRobin,1129.839813000217
1787818809.9453719,linpack,1.3409195760000001,arm64,200,RoundRobin,1349.8574599998392
1787818810.242674,amd_faster,0.932892302,arm64,200,RoundRobin,982.0871480001188
1787818810.8034368,arm_faster,0.85942689,amd64,200,RoundRobin,914.9257509998279
1787818811.0411391,readdisk,1.047847896,arm64,200,RoundRobin,1150.0499740000123
1787818811.2330008,amd_faster,0.94045294,arm64,200,RoundRobin,989.9716619997889
1787818811.6950288,chacha20,2.041741018,arm64,200,RoundRobin,2094.018417999905
1787818811.7196229,arm_faster,0.862280344,amd64,200,RoundRobin,915.8588129998861
1787818811.961382,linpack,1.967165931,arm64,200,RoundRobin,2015.612649999639
1787818812.1774821,readdisk,1.081792292,arm64,200,RoundRobin,1135.9160300003168
1787818812.2239356,amd_faster,0.938050422,arm64,200,RoundRobin,990.6250479998562
1787818812.6549501,arm_faster,0.859322798,amd64,200,RoundRobin,935.0184249997255
1787818812.748092,chacha20,0.999284292,arm64,200,RoundRobin,1052.6512820001699
1787818813.228076,amd_faster,0.936879181,arm64,200,RoundRobin,1003.7829080001757
1787818813.2880392,readdisk,1.048219457,arm64,200,RoundRobin,1110.2084190001733
1787818813.4287806,linpack,1.4635982,arm64,200,RoundRobin,1467.0678669999688
1787818813.5720856,arm_faster,0.866462665,amd64,200,RoundRobin,916.8140499996298
1787818813.797898,chacha20,0.998326853,arm64,200,RoundRobin,1049.4551700003285
1787818814.2161155,amd_faster,0.937337142,arm64,200,RoundRobin,987.6713670000754
1787818814.4011672,readdisk,1.060647655,arm64,200,RoundRobin,1112.7832419997503
1787818814.4788733,arm_faster,0.856193791,amd64,200,RoundRobin,906.3816460002272
1787818815.2059321,amd_faster,0.937823381,arm64,200,RoundRobin,989.3753920000563
1787818815.2911308,linpack,1.858796786,arm64,200,RoundRobin,1862.0394129998203
1787818815.3957007,arm_faster,0.867345369,amd64,200,RoundRobin,916.5198129999226
1787818815.4980822,readdisk,1.045476097,arm64,200,RoundRobin,1096.5164670001286
1787818815.8421175,chacha20,1.9915987450000001,arm64,200,RoundRobin,2043.897279000248
1787818816.2021747,amd_faster,0.937799221,arm64,200,RoundRobin,995.8979510001882
1787818816.3080835,arm_faster,0.862597038,amd64,200,RoundRobin,912.0582790001208
1787818816.6387126,readdisk,1.080484093,arm64,200,RoundRobin,1140.2210170003855
1787818816.689052,linpack,1.39387473,arm64,200,RoundRobin,1397.504630000185
1787818816.9010658,chacha20,1.009531051,arm64,200,RoundRobin,1058.5168739999062
1787818817.1919534,amd_faster,0.937877221,arm64,200,RoundRobin,989.3548300001385
1787818817.221625,arm_faster,0.855674065,amd64,200,RoundRobin,913.1000980000863
1787818817.2230797,thread,19.042899229,amd64,200,RoundRobin,19105.20032300019
1787818817.7389627,readdisk,1.045357937,arm64,200,RoundRobin,1099.9197900000581
1787818817.9571207,chacha20,1.001833532,arm64,200,RoundRobin,1055.6937999999718
1787818818.155612,arm_faster,0.86490032,amd64,200,RoundRobin,933.6571059998278
1787818818.1801436,amd_faster,0.936766022,arm64,200,RoundRobin,987.8068460002396
1787818818.555088,linpack,1.8602975449999999,arm64,200,RoundRobin,1865.6889310000224
1787818818.8355057,readdisk,1.040418178,arm64,200,RoundRobin,1096.2351569996827
1787818819.0694072,arm_faster,0.859728564,amd64,200,RoundRobin,913.3894159999727
1787818819.2019646,amd_faster,0.938315541,arm64,200,RoundRobin,1021.381375999681
1787818819.9811695,arm_faster,0.860358449,amd64,200,RoundRobin,911.40915699998
1787818819.988531,readdisk,1.09546061,arm64,200,RoundRobin,1152.6316709996536
1787818820.0606806,linpack,1.502034554,arm64,200,RoundRobin,1505.193357999815
1787818820.0672684,chacha20,2.053971656,arm64,200,RoundRobin,2109.660962000362
1787818820.1926265,amd_faster,0.937201582,arm64,200,RoundRobin,990.3381660001287
1787818820.891732,arm_faster,0.85752497,amd64,200,RoundRobin,910.143041000083
1787818821.1328366,chacha20,0.994859212,arm64,200,RoundRobin,1065.2342690000296
1787818821.1630902,readdisk,1.082427771,arm64,200,RoundRobin,1174.1799259998515
1787818821.1808362,amd_faster,0.936819261,arm64,200,RoundRobin,987.8625339997598
1787818821.816629,arm_faster,0.858476032,amd64,200,RoundRobin,924.519446999966
1787818821.8813508,linpack,1.7996179140000002,arm64,200,RoundRobin,1820.2712849997624
1787818822.181922,chacha20,0.997432852,arm64,200,RoundRobin,1048.7597350002034
1787818822.2348976,amd_faster,0.936777781,arm64,200,RoundRobin,1053.74096200012
1787818822.2833977,readdisk,1.045012737,arm64,200,RoundRobin,1119.8006250001526
1787818822.7312891,arm_faster,0.862756081,amd64,200,RoundRobin,914.2549310004142
1787818822.7608993,primenumber,50.128296154,amd64,200,RoundRobin,50178.0399940003
1787818823.2301135,amd_faster,0.937747901,arm64,200,RoundRobin,994.8644690002766
1787818823.3798065,readdisk,1.039314858,arm64,200,RoundRobin,1096.051998999883
1787818823.4379818,linpack,1.552730987,arm64,200,RoundRobin,1556.3265990003856
1787818823.6768494,arm_faster,0.892463449,amd64,200,RoundRobin,945.2398369999173
1787818824.2186897,amd_faster,0.934546541,arm64,200,RoundRobin,988.1963060001908
1787818824.2873535,chacha20,2.053390096,arm64,200,RoundRobin,2105.012713999713
1787818824.4778495,readdisk,1.042316537,arm64,200,RoundRobin,1097.7271260003363
1787818824.6101584,arm_faster,0.877533704,amd64,200,RoundRobin,932.9816210001809
1787818825.198088,amd_faster,0.929054182,arm64,200,RoundRobin,979.0533430000323
1787818825.3349054,chacha20,0.994955213,arm64,200,RoundRobin,1047.2338099998524
1787818825.3448598,linpack,1.902897979,arm64,200,RoundRobin,1906.5759130003244
1787818825.5309463,arm_faster,0.867397452,amd64,200,RoundRobin,920.3864520000025
1787818825.5733645,readdisk,1.042064617,arm64,200,RoundRobin,1095.1074280001194
1787818826.1900752,amd_faster,0.933626061,arm64,200,RoundRobin,991.5627700002005
1787818826.3939712,chacha20,0.992823813,arm64,200,RoundRobin,1058.7599099999352
1787818826.4427445,arm_faster,0.859890567,amd64,200,RoundRobin,911.4396859999943
1787818826.6973116,readdisk,1.0672208539999999,arm64,200,RoundRobin,1123.553627000092
1787818826.9103992,filehandle,34.681839672,amd64,200,RoundRobin,34685.43327199995
1787818827.0738692,linpack,1.6715210919999999,arm64,200,RoundRobin,1728.7040609999167
1787818827.178527,amd_faster,0.929015502,arm64,200,RoundRobin,988.1043929999578
1787818827.356791,arm_faster,0.857758618,amd64,200,RoundRobin,913.7327990001722
1787818827.4487898,chacha20,0.996731092,arm64,200,RoundRobin,1054.5082330004334
1787818827.7900887,readdisk,1.040014298,arm64,200,RoundRobin,1092.4582719999307
1787818828.1577723,amd_faster,0.929190902,arm64,200,RoundRobin,978.924465000091
1787818828.278646,arm_faster,0.868756115,amd64,200,RoundRobin,921.5262179995989
1787818828.4955018,chacha20,0.995772933,arm64,200,RoundRobin,1046.3986800000384
1787818828.8893664,readdisk,1.045910977,arm64,200,RoundRobin,1098.8118219997887
1787818828.9117658,linpack,1.834330789,arm64,200,RoundRobin,1837.594922000335
1787818829.1480024,amd_faster,0.933679061,arm64,200,RoundRobin,989.923134000037
1787818829.188017,arm_faster,0.859403965,amd64,200,RoundRobin,909.0182459999596
1787818829.894963,chacha20,1.336475642,arm64,200,RoundRobin,1399.1466130000845
1787818829.988557,readdisk,1.042400897,arm64,200,RoundRobin,1098.8794820000294
1787818830.1124883,arm_faster,0.859727077,amd64,200,RoundRobin,924.1170320001402
1787818830.1405978,amd_faster,0.937856421,arm64,200,RoundRobin,992.2903550000228
1787818830.8987057,linpack,1.9513972929999999,arm64,200,RoundRobin,1986.6435200001433
1787818831.0179105,arm_faster,0.855731784,amd64,200,RoundRobin,905.0974609999685
1787818831.0815785,readdisk,1.041963137,arm64,200,RoundRobin,1092.7069450003728
1787818831.1478086,amd_faster,0.938818381,arm64,200,RoundRobin,1006.9087289998606
1787818831.3493469,chacha20,1.403679192,arm64,200,RoundRobin,1453.9921049999975
1787818831.9367747,arm_faster,0.864672279,amd64,200,RoundRobin,918.5486209998999
1787818832.1469235,amd_faster,0.936727781,arm64,200,RoundRobin,998.8116770000488
1787818832.2228198,readdisk,1.089818731,arm64,200,RoundRobin,1140.9353300000475
1787818832.2931023,linpack,1.39097753,arm64,200,RoundRobin,1394.08206600001
1787818832.3919501,chacha20,0.991533853,arm64,200,RoundRobin,1042.2995899998568
1787818832.8525317,arm_faster,0.858745325,amd64,200,RoundRobin,915.469676000157
1787818833.1357667,amd_faster,0.937053981,arm64,200,RoundRobin,988.5174639998695
1787818833.2080145,thread,15.854638412,amd64,200,RoundRobin,15984.17882900003
1787818833.3197556,readdisk,1.045387457,arm64,200,RoundRobin,1096.6340289996879
1787818833.4489713,chacha20,1.00695157,arm64,200,RoundRobin,1056.7261149999467
1787818833.7628868,arm_faster,0.855436828,amd64,200,RoundRobin,910.056356000041
1787818834.1220105,amd_faster,0.936605262,arm64,200,RoundRobin,985.9312960002171
1787818834.1711347,linpack,1.8741785439999998,arm64,200,RoundRobin,1877.669061999768
1787818834.4127564,readdisk,1.040030578,arm64,200,RoundRobin,1092.654992000007
1787818834.6685662,arm_faster,0.85567005,amd64,200,RoundRobin,905.3664509997361
1787818834.7473886,readmemory,27.346935624,amd64,200,RoundRobin,27398.881629999778
1787818835.1171033,amd_faster,0.94036034,arm64,200,RoundRobin,994.7614010002326
1787818835.4790561,chacha20,1.979298067,arm64,200,RoundRobin,2029.76225600014
1787818835.510033,readdisk,1.043317057,arm64,200,RoundRobin,1096.9683250000344
1787818835.5817742,arm_faster,0.860547008,amd64,200,RoundRobin,912.911283000085
1787818835.5979989,linpack,1.420236365,arm64,200,RoundRobin,1426.4544709999427
1787818836.1108234,amd_faster,0.937321261,arm64,200,RoundRobin,993.3905130001222
1787818836.497325,arm_faster,0.856237631,amd64,200,RoundRobin,915.1831519998268
1787818836.5286064,chacha20,0.999003452,arm64,200,RoundRobin,1049.1370339996138
1787818836.6264205,readdisk,1.046930297,arm64,200,RoundRobin,1115.9282220000932
1787818837.0987184,amd_faster,0.937231141,arm64,200,RoundRobin,987.5734639999791
1787818837.4073029,arm_faster,0.856326653,amd64,200,RoundRobin,909.6024580003359
1787818837.4823787,linpack,1.839822149,arm64,200,RoundRobin,1884.0000630002578
1787818837.608688,chacha20,0.998040532,arm64,200,RoundRobin,1079.7730199997204
1787818837.743318,readdisk,1.061552735,arm64,200,RoundRobin,1116.5009440001086
1787818838.0923102,amd_faster,0.940038141,arm64,200,RoundRobin,993.171620999874
1787818838.334457,arm_faster,0.870975094,amd64,200,RoundRobin,926.8475409999155
1787818838.8897996,readdisk,1.09416725,arm64,200,RoundRobin,1146.120934999999
1787818838.9544268,linpack,1.468272959,arm64,200,RoundRobin,1471.7190450000999
1787818839.0869074,amd_faster,0.940955941,arm64,200,RoundRobin,994.2664019999938
1787818839.2645936,arm_faster,0.878096191,amd64,200,RoundRobin,929.8258700000588
1787818839.7106752,chacha20,2.052127736,arm64,200,RoundRobin,2101.654002000032
1787818840.0170248,readdisk,1.073704053,arm64,200,RoundRobin,1126.8862279998757
1787818840.0941892,amd_faster,0.94085394,arm64,200,RoundRobin,1006.9268729998839
1787818840.191298,arm_faster,0.863511941,amd64,200,RoundRobin,926.2703439999314
1787818840.7637863,chacha20,1.002700611,arm64,200,RoundRobin,1052.8038190000188
1787818840.8884537,linpack,1.930356016,arm64,200,RoundRobin,1933.707594000225
1787818841.0930507,amd_faster,0.937278021,arm64,200,RoundRobin,998.4492260000479
1787818841.1095083,readdisk,1.0424408569999999,arm64,200,RoundRobin,1092.1563430001697
1787818841.1129336,arm_faster,0.867600155,amd64,200,RoundRobin,921.3127450002503
1787818842.0941734,amd_faster,0.937719781,arm64,200,RoundRobin,1000.6719640000483
1787818842.126391,arm_faster,0.862962323,amd64,200,RoundRobin,1013.0526959997042
1787818842.2684352,readdisk,1.063147815,arm64,200,RoundRobin,1158.595799000068
1787818842.314017,linpack,1.421935685,arm64,200,RoundRobin,1425.2423420002742
1787818843.0805001,arm_faster,0.863427013,amd64,200,RoundRobin,953.7905100000899
1787818843.0978053,amd_faster,0.940019381,arm64,200,RoundRobin,1003.173267999955
1787818843.3381991,chacha20,2.516019627,arm64,200,RoundRobin,2574.1124900000614
1787818843.360577,readdisk,1.040480417,arm64,200,RoundRobin,1091.8142760001501
1787818843.9873877,arm_faster,0.858579594,amd64,200,RoundRobin,906.4643269998669
1787818844.1144085,amd_faster,0.937110541,arm64,200,RoundRobin,1016.2056429999211
1787818844.3954215,chacha20,1.000309371,arm64,200,RoundRobin,1056.7911979997007
1787818844.3970456,linpack,2.076321195,arm64,200,RoundRobin,2082.758429000023
1787818844.5839376,readdisk,1.070137294,arm64,200,RoundRobin,1223.0510790000153
1787818844.9008837,arm_faster,0.860491962,amd64,200,RoundRobin,913.1956360001823
1787818845.1094902,amd_faster,0.937904141,arm64,200,RoundRobin,994.7651970001061
1787818845.5267558,chacha20,1.001077692,arm64,200,RoundRobin,1131.0112239998489
1787818845.6931336,readdisk,1.040924577,arm64,200,RoundRobin,1108.8425440002538
1787818845.8177874,arm_faster,0.862836273,amd64,200,RoundRobin,916.544592000264
1787818846.102135,amd_faster,0.937348502,arm64,200,RoundRobin,992.3134259997823
1787818846.233486,linpack,1.770583758,arm64,200,RoundRobin,1836.173275999954
1787818846.593694,chacha20,1.009098171,arm64,200,RoundRobin,1066.5587100002085
1787818846.7355118,arm_faster,0.862542344,amd64,200,RoundRobin,917.3772399999507
1787818846.812514,readdisk,1.063520455,arm64,200,RoundRobin,1119.0265650002402
1787818847.0900853,amd_faster,0.929179902,arm64,200,RoundRobin,987.5420529997427
1787818847.6443763,chacha20,0.995095532,arm64,200,RoundRobin,1050.271531999897
1787818847.6491342,arm_faster,0.860793279,amd64,200,RoundRobin,913.3259549998911
1787818847.9651773,readdisk,1.09554745,arm64,200,RoundRobin,1152.2807930000454
1787818847.9845917,linpack,1.747360161,arm64,200,RoundRobin,1750.789998000073
1787818848.074571,amd_faster,0.931057823,arm64,200,RoundRobin,984.0652210000371
1787818848.6171854,arm_faster,0.872973148,amd64,200,RoundRobin,967.6965430003293
1787818849.0657997,readdisk,1.048881377,arm64,200,RoundRobin,1100.2255409998725
1787818849.067134,amd_faster,0.931326982,arm64,200,RoundRobin,992.2222400000464
1787818849.537405,arm_faster,0.865216554,amd64,200,RoundRobin,919.7448859999895
1787818849.626953,thread,16.363328714,amd64,200,RoundRobin,16418.54907800007
1787818849.750666,chacha20,2.055333455,arm64,200,RoundRobin,2105.900675000157
1787818849.8673995,linpack,1.849159147,arm64,200,RoundRobin,1882.3720650002542
1787818850.107747,amd_faster,0.928873302,arm64,200,RoundRobin,1039.977565999834
1787818850.1644862,readdisk,1.043661457,arm64,200,RoundRobin,1098.3640859999468
1787818850.4740546,arm_faster,0.872295756,amd64,200,RoundRobin,936.338251000052
1787818850.8029559,chacha20,0.996868813,arm64,200,RoundRobin,1051.9723039997189
1787818851.1934812,amd_faster,0.929215223,arm64,200,RoundRobin,1085.4237810003724
1787818851.3394582,readdisk,1.0779256130000001,arm64,200,RoundRobin,1174.6637199998986
1787818851.4149458,arm_faster,0.864520889,amd64,200,RoundRobin,940.5610210001214
1787818851.4985135,linpack,1.626820538,arm64,200,RoundRobin,1630.5987939999795
1787818851.8885283,chacha20,1.000778772,arm64,200,RoundRobin,1085.2692949997618
1787818852.171975,amd_faster,0.928989383,arm64,200,RoundRobin,978.1668890000219
1787818852.3389494,arm_faster,0.864697941,amd64,200,RoundRobin,923.6585510002442
1787818852.4484832,readdisk,1.055997736,arm64,200,RoundRobin,1108.7119379999422
1787818853.152002,amd_faster,0.929099103,arm64,200,RoundRobin,979.6088120001514
1787818853.2529962,arm_faster,0.864346387,amd64,200,RoundRobin,913.7238759999491
1787818853.410064,linpack,1.907843339,arm64,200,RoundRobin,1911.1757969999417
1787818853.5815852,readdisk,1.082473652,arm64,200,RoundRobin,1132.7908289999868
1787818853.9875448,chacha20,2.045703137,arm64,200,RoundRobin,2098.703160000241
1787818854.138829,amd_faster,0.929000903,arm64,200,RoundRobin,986.4607290001004
1787818854.1677964,arm_faster,0.863468931,amd64,200,RoundRobin,914.4919670002309
1787818854.720402,readdisk,1.085138852,arm64,200,RoundRobin,1138.4100880000005
1787818854.861176,linpack,1.447704002,arm64,200,RoundRobin,1450.6654120000348
1787818855.0465126,chacha20,1.002151091,arm64,200,RoundRobin,1058.6420469999211
1787818855.1014311,arm_faster,0.860490464,amd64,200,RoundRobin,933.3192230001259
1787818855.122826,amd_faster,0.928388063,arm64,200,RoundRobin,983.6862500001189
1787818855.8367012,readdisk,1.061008775,arm64,200,RoundRobin,1115.9360020001259
1787818856.0301557,arm_faster,0.860251378,amd64,200,RoundRobin,928.4004209998784
1787818856.0990047,chacha20,1.001037452,arm64,200,RoundRobin,1052.1808459998283
1787818856.156504,amd_faster,0.928301263,arm64,200,RoundRobin,1033.366938999734
1787818856.7407932,linpack,1.875674024,arm64,200,RoundRobin,1879.1967839997596
1787818856.9340584,readdisk,1.040643178,arm64,200,RoundRobin,1097.0472670001072
1787818856.9449453,arm_faster,0.865128632,amd64,200,RoundRobin,914.3849639999644
1787818857.1374424,amd_faster,0.928567022,arm64,200,RoundRobin,980.6358480000199
1787818857.1568477,chacha20,0.995562333,arm64,200,RoundRobin,1057.5300830000742
1787818857.921867,arm_faster,0.871164457,amd64,200,RoundRobin,976.6518389997145
1787818858.0605798,readdisk,1.060429135,arm64,200,RoundRobin,1126.0354969999753
1787818858.1190615,amd_faster,0.929348142,arm64,200,RoundRobin,981.2978119998661
1787818858.2380137,chacha20,0.998361933,arm64,200,RoundRobin,1080.8541770002194
1787818858.4701293,linpack,1.725195484,arm64,200,RoundRobin,1729.02460899968
1787818858.8439777,arm_faster,0.87159567,amd64,200,RoundRobin,921.7901899996832
1787818859.1088984,amd_faster,0.936816742,arm64,200,RoundRobin,989.4368139998733
1787818859.1598604,readdisk,1.042038698,arm64,200,RoundRobin,1098.9384539998355
1787818859.395329,chacha20,1.101982757,arm64,200,RoundRobin,1156.8973729999925
1787818859.757965,arm_faster,0.864323984,amd64,200,RoundRobin,913.6582570004066
1787818860.1007352,amd_faster,0.937113862,arm64,200,RoundRobin,991.5101840001626
1787818860.1447392,linpack,1.670770172,arm64,200,RoundRobin,1674.1867900000216
1787818860.4757464,chacha20,1.000173812,arm64,200,RoundRobin,1080.0957149999704
1787818860.5037482,readdisk,1.075391693,arm64,200,RoundRobin,1343.5790230000748
1787818860.6689916,arm_faster,0.859975767,amd64,200,RoundRobin,910.714077999728
1787818861.087143,amd_faster,0.937313142,arm64,200,RoundRobin,986.0768859998643
1787818861.5820222,arm_faster,0.8601193,amd64,200,RoundRobin,912.7219639999566
1787818861.6360834,readdisk,1.053467456,arm64,200,RoundRobin,1131.9935490000717
1787818861.6367934,filehandle,34.721650948,amd64,200,RoundRobin,34726.12856199976
1787818861.7140856,linpack,1.563101866,arm64,200,RoundRobin,1569.031589000133
1787818862.074293,amd_faster,0.936469981,arm64,200,RoundRobin,986.6328299999623
1787818862.5103917,arm_faster,0.863806413,amd64,200,RoundRobin,927.9623839997839
1787818862.584947,chacha20,2.055761256,arm64,200,RoundRobin,2108.889352999995
1787818862.7365265,readdisk,1.039612258,arm64,200,RoundRobin,1099.4650799998453
1787818863.0748434,amd_faster,0.936781421,arm64,200,RoundRobin,1000.2094970000144
1787818863.4258614,arm_faster,0.864863978,amd64,200,RoundRobin,915.158245999919
1787818863.6397939,chacha20,0.997981373,arm64,200,RoundRobin,1054.526967000129
1787818863.673414,linpack,1.9552315729999998,arm64,200,RoundRobin,1958.7886610001988
1787818863.8748374,readdisk,1.084691691,arm64,200,RoundRobin,1138.0002659998354
1787818864.0730116,amd_faster,0.937494701,arm64,200,RoundRobin,997.8487280000081
1787818864.353687,arm_faster,0.860760847,amd64,200,RoundRobin,927.5007830001414
1787818864.4679494,readmemory,29.66744783,amd64,200,RoundRobin,29720.24348299965
1787818864.692394,chacha20,0.996787973,arm64,200,RoundRobin,1052.2232399998757
1787818864.9690697,readdisk,1.041626938,arm64,200,RoundRobin,1093.8825990001533
1787818865.0609057,amd_faster,0.937973781,arm64,200,RoundRobin,987.5328120001541
1787818865.2740715,arm_faster,0.864262535,amd64,200,RoundRobin,920.0873019999563
1787818865.387981,linpack,1.6916406880000001,arm64,200,RoundRobin,1714.2324910000752
1787818865.613,thread,15.933337031,amd64,200,RoundRobin,15985.726958000214
1787818866.0493338,amd_faster,0.938007181,arm64,200,RoundRobin,988.0108370002745
1787818866.075526,readdisk,1.056381975,arm64,200,RoundRobin,1106.1214149999614
1787818866.1930807,arm_faster,0.859310078,amd64,200,RoundRobin,918.5977800002547
1787818866.809404,chacha20,2.061910694,arm64,200,RoundRobin,2116.6248919998907
1787818867.0353117,amd_faster,0.937527901,arm64,200,RoundRobin,985.5240540000523
1787818867.1077337,arm_faster,0.862118602,amd64,200,RoundRobin,914.2542629997479
1787818867.1921175,linpack,1.800211473,arm64,200,RoundRobin,1803.8304850001623
1787818867.1958914,readdisk,1.040727498,arm64,200,RoundRobin,1120.0615669999934
1787818867.8665035,chacha20,0.996043493,arm64,200,RoundRobin,1056.764917000237
1787818868.0239456,arm_faster,0.860788965,amd64,200,RoundRobin,915.891782000017
1787818868.0300052,amd_faster,0.936268341,arm64,200,RoundRobin,994.3782430000283
1787818868.3181136,readdisk,1.069435573,arm64,200,RoundRobin,1121.9268710001415
1787818868.9183168,chacha20,0.995593693,arm64,200,RoundRobin,1051.4145490001283
1787818868.934097,linpack,1.737798122,arm64,200,RoundRobin,1741.5520630001993
1787818868.946451,arm_faster,0.864350607,amd64,200,RoundRobin,922.1896589997414
1787818869.0693634,amd_faster,0.936967302,arm64,200,RoundRobin,1038.994139999886
1787818869.439879,readdisk,1.066734054,arm64,200,RoundRobin,1121.3484090003476
1787818869.8799868,arm_faster,0.858107085,amd64,200,RoundRobin,933.2407550000426
1787818870.0586243,amd_faster,0.937870221,arm64,200,RoundRobin,988.8938829999461
1787818870.556081,readdisk,1.064363334,arm64,200,RoundRobin,1115.87478499996
1787818870.5890903,linpack,1.617740259,arm64,200,RoundRobin,1654.5748110002023
1787818870.793688,arm_faster,0.862021615,amd64,200,RoundRobin,913.3742949998123
1787818871.0237336,chacha20,2.053272336,arm64,200,RoundRobin,2105.098431999977
1787818871.051803,amd_faster,0.937736221,arm64,200,RoundRobin,992.8750859999127
1787818871.6507876,readdisk,1.042521657,arm64,200,RoundRobin,1094.3299539999316
1787818871.7098334,arm_faster,0.864004521,amd64,200,RoundRobin,915.8297470003163
1787818872.068977,amd_faster,0.936299021,arm64,200,RoundRobin,1016.8769189999693
1787818872.0767808,chacha20,0.997327252,arm64,200,RoundRobin,1052.7468179998323
1787818872.4504812,linpack,1.840712828,arm64,200,RoundRobin,1860.928844999762
1787818872.6372871,arm_faster,0.868730286,amd64,200,RoundRobin,927.0578079999723
1787818872.7440903,readdisk,1.041313738,arm64,200,RoundRobin,1092.9734610003834
1787818873.0628722,primenumber,50.228061889,amd64,200,RoundRobin,50301.678369
1787818873.0641465,amd_faster,0.937492381,arm64,200,RoundRobin,994.8547389999476
1787818873.5667257,arm_faster,0.879431052,amd64,200,RoundRobin,929.0977440000461
1787818873.8454902,readdisk,1.042436697,arm64,200,RoundRobin,1100.9083319995625
1787818874.0031078,linpack,1.548846508,arm64,200,RoundRobin,1552.2913500003597
1787818874.106043,amd_faster,0.939166261,arm64,200,RoundRobin,1041.2470490000487
1787818874.4888484,arm_faster,0.87288787,amd64,200,RoundRobin,921.820535000279
1787818874.742935,chacha20,2.570684659,arm64,200,RoundRobin,2665.8652639998763
1787818874.9693956,readdisk,1.067744214,arm64,200,RoundRobin,1123.5046050001074
1787818875.0979435,amd_faster,0.938672421,arm64,200,RoundRobin,991.5044120002676
1787818875.4038694,arm_faster,0.862880591,amd64,200,RoundRobin,914.6753549998721
1787818875.8031204,chacha20,1.005652131,arm64,200,RoundRobin,1059.8870399999214
1787818875.9880035,linpack,1.980531729,arm64,200,RoundRobin,1984.4687310001063
1787818876.083012,readdisk,1.059529855,arm64,200,RoundRobin,1113.3088090000456
1787818876.0878522,amd_faster,0.936554341,arm64,200,RoundRobin,989.598173000104
1787818876.3248968,arm_faster,0.862727577,amd64,200,RoundRobin,920.7169159999467
1787818876.8507726,chacha20,0.994914452,arm64,200,RoundRobin,1047.2573699998975
1787818877.1310508,amd_faster,0.936241502,arm64,200,RoundRobin,1042.8941410000334
1787818877.1821823,readdisk,1.042608538,arm64,200,RoundRobin,1098.7395489996743
1787818877.2483387,arm_faster,0.872412863,amd64,200,RoundRobin,923.0569930000456
1787818877.9007554,chacha20,0.994753213,arm64,200,RoundRobin,1049.6605389998876
1787818877.9130635,linpack,1.9213540180000002,arm64,200,RoundRobin,1924.7299740000017
1787818878.1175277,amd_faster,0.936069902,arm64,200,RoundRobin,986.0173340002802
1787818878.1618242,arm_faster,0.859802524,amd64,200,RoundRobin,913.0372060003538
1787818878.2843683,readdisk,1.046181617,arm64,200,RoundRobin,1101.7069310000807
1787818878.943903,chacha20,0.992025173,arm64,200,RoundRobin,1042.8075810000337
1787818879.093441,arm_faster,0.871290107,amd64,200,RoundRobin,931.2968549998004
1787818879.1023622,amd_faster,0.932555062,arm64,200,RoundRobin,984.4357590000072
1787818879.4213896,readdisk,1.071388573,arm64,200,RoundRobin,1136.6047540000181
1787818879.5677245,linpack,1.614935659,arm64,200,RoundRobin,1654.2552910000268
1787818880.0227635,arm_faster,0.875198492,amd64,200,RoundRobin,928.9503879999756
1787818880.1395602,amd_faster,0.937277381,arm64,200,RoundRobin,1036.8801149998035
1787818880.524928,readdisk,1.048943096,arm64,200,RoundRobin,1103.2000849995711
1787818880.9414427,arm_faster,0.868932276,amd64,200,RoundRobin,918.3635750000576
1787818881.0804653,chacha20,2.086281131,arm64,200,RoundRobin,2136.255981999966
1787818881.1265407,amd_faster,0.937420021,arm64,200,RoundRobin,986.6570999997748
1787818881.4106615,linpack,1.839046628,arm64,200,RoundRobin,1842.6106649999383
1787818881.6219344,readdisk,1.040345137,arm64,200,RoundRobin,1096.7008930001612
1787818881.641151,thread,15.912584097,amd64,200,RoundRobin,16027.855861999797
1787818881.8551786,arm_faster,0.863333982,amd64,200,RoundRobin,913.4343880000415
1787818882.1194618,amd_faster,0.936244141,arm64,200,RoundRobin,992.59242800008
1787818882.1369998,chacha20,1.001467411,arm64,200,RoundRobin,1056.2030129999584
1787818882.762829,readdisk,1.087127531,arm64,200,RoundRobin,1140.5606470002567
1787818882.7681596,arm_faster,0.859428043,amd64,200,RoundRobin,912.5744160000977
1787818882.8300452,linpack,1.415283967,arm64,200,RoundRobin,1419.0440290003608
1787818883.1073327,amd_faster,0.934165742,arm64,200,RoundRobin,987.4327550000999
1787818883.2289498,chacha20,1.006026971,arm64,200,RoundRobin,1091.6354119999596
1787818883.7205017,arm_faster,0.859800184,amd64,200,RoundRobin,951.9721829997252
1787818883.8580577,readdisk,1.043850377,arm64,200,RoundRobin,1094.9184040000546
1787818884.0883307,amd_faster,0.929067862,arm64,200,RoundRobin,980.5809079998653
1787818884.6346881,arm_faster,0.863232339,amd64,200,RoundRobin,913.8597220003248
1787818884.8666544,linpack,2.004570605,arm64,200,RoundRobin,2036.177645999942
1787818884.9697554,readdisk,1.060390495,arm64,200,RoundRobin,1111.3462510002137
1787818885.0702746,amd_faster,0.931745462,arm64,200,RoundRobin,981.5543190002245
1787818885.371642,chacha20,2.083757251,arm64,200,RoundRobin,2142.331189000288
1787818885.5506814,arm_faster,0.864574649,amd64,200,RoundRobin,915.6777640000655
1787818886.0486445,amd_faster,0.929257822,arm64,200,RoundRobin,978.025930000058
1787818886.069171,readdisk,1.042922578,arm64,200,RoundRobin,1099.1126569997505
1787818886.4201794,chacha20,0.998674332,arm64,200,RoundRobin,1048.208689999683
1787818886.466961,arm_faster,0.864404082,amd64,200,RoundRobin,915.9765330000482
1787818886.6721544,readmemory,22.041634182,amd64,200,RoundRobin,22203.897748000145
1787818886.730103,linpack,1.859191385,arm64,200,RoundRobin,1863.1164829998852
1787818887.031771,amd_faster,0.929088103,arm64,200,RoundRobin,982.8044659998341
1787818887.2105327,readdisk,1.055374816,arm64,200,RoundRobin,1140.9522750000178
1787818887.3939018,arm_faster,0.863608876,amd64,200,RoundRobin,926.6335749998689
1787818887.4688838,chacha20,0.994707853,arm64,200,RoundRobin,1048.305351000181
1787818888.0154035,amd_faster,0.932900702,arm64,200,RoundRobin,983.2551819999935
1787818888.321698,arm_faster,0.864895875,amd64,200,RoundRobin,927.48755599996
1787818888.3587968,readdisk,1.09669953,arm64,200,RoundRobin,1147.911208000096
1787818888.3830414,linpack,1.648929254,arm64,200,RoundRobin,1652.595024999755
1787818889.0024545,amd_faster,0.937398181,arm64,200,RoundRobin,986.7023080000763
1787818889.2346566,arm_faster,0.863671425,amd64,200,RoundRobin,912.6351879999675
1787818889.4714525,readdisk,1.041818737,arm64,200,RoundRobin,1112.3074970000744
1787818889.6036582,chacha20,2.082078052,arm64,200,RoundRobin,2134.371454000302
1787818889.9889302,amd_faster,0.937828382,arm64,200,RoundRobin,986.1488989999998
1787818890.148818,arm_faster,0.86430393,amd64,200,RoundRobin,913.8363349998144
1787818890.3916056,linpack,1.961144891,arm64,200,RoundRobin,2008.1991540000672
1787818890.5680733,readdisk,1.042799497,arm64,200,RoundRobin,1096.2652060002256
1787818890.6516194,chacha20,0.994903692,arm64,200,RoundRobin,1047.6445230001445
1787818890.9763682,amd_faster,0.938632381,arm64,200,RoundRobin,987.0284769999671
1787818891.069007,arm_faster,0.867227242,amd64,200,RoundRobin,919.8625259996334
1787818891.66948,readdisk,1.045832536,arm64,200,RoundRobin,1100.9953019997738
1787818891.704618,chacha20,0.995556933,arm64,200,RoundRobin,1052.6359280001998
1787818891.918718,linpack,1.523186071,arm64,200,RoundRobin,1526.7900089997966
1787818891.9728568,amd_faster,0.937407541,arm64,200,RoundRobin,996.1547759999121
1787818891.9770308,arm_faster,0.85869609,amd64,200,RoundRobin,907.7160309998362
1787818892.796049,readdisk,1.0705364529999999,arm64,200,RoundRobin,1126.2514420000116
1787818892.9317222,arm_faster,0.860426589,amd64,200,RoundRobin,954.3761639997683
1787818892.962498,amd_faster,0.940168181,arm64,200,RoundRobin,989.255435999894
1787818893.7916446,linpack,1.8690959839999999,arm64,200,RoundRobin,1872.5935219999883
1787818893.7940469,chacha20,2.011435262,arm64,200,RoundRobin,2089.1360489999897
1787818893.8465197,arm_faster,0.86259291,amd64,200,RoundRobin,914.4728020000912
1787818893.9087877,readdisk,1.060631135,arm64,200,RoundRobin,1112.3892619998514
1787818893.9711435,amd_faster,0.937693861,arm64,200,RoundRobin,1008.2567429999472
1787818894.7589958,arm_faster,0.862477747,amd64,200,RoundRobin,912.1519860000262
1787818894.8520074,chacha20,1.002454211,arm64,200,RoundRobin,1057.694088000062
1787818894.9565861,amd_faster,0.936161981,arm64,200,RoundRobin,984.9492830003328
1787818895.0042865,readdisk,1.039657818,arm64,200,RoundRobin,1095.111291000194
1787818895.6685028,arm_faster,0.858894888,amd64,200,RoundRobin,909.1313179997087
1787818895.678108,linpack,1.8813303829999999,arm64,200,RoundRobin,1886.141108999709
1787818895.9459698,amd_faster,0.936765861,arm64,200,RoundRobin,989.0404830002808
1787818896.1498165,readdisk,1.09262053,arm64,200,RoundRobin,1145.210863000102
1787818896.5727956,filehandle,34.87447193,amd64,200,RoundRobin,34935.158236999996
1787818896.580196,arm_faster,0.862656342,amd64,200,RoundRobin,911.348610999994
1787818896.9358997,amd_faster,0.936605661,arm64,200,RoundRobin,989.6071319999464
1787818897.243496,chacha20,2.339099293,arm64,200,RoundRobin,2391.164246000244
1787818897.2488651,readdisk,1.045444617,arm64,200,RoundRobin,1098.7103860002208
1787818897.3330271,linpack,1.614719019,arm64,200,RoundRobin,1654.5384709997961
1787818897.4991262,arm_faster,0.866746387,amd64,200,RoundRobin,918.5518379999849
1787818897.9241035,amd_faster,0.938432902,arm64,200,RoundRobin,987.8797000001214
1787818898.298506,chacha20,1.002845371,arm64,200,RoundRobin,1054.6873630000846
1787818898.3926616,readdisk,1.044570737,arm64,200,RoundRobin,1143.4169099998144
1787818898.413677,arm_faster,0.864182389,amd64,200,RoundRobin,914.1485780000949
1787818898.917042,amd_faster,0.937395461,arm64,200,RoundRobin,992.3799200000758
1787818899.2527921,linpack,1.9039747,arm64,200,RoundRobin,1919.3589890001022
1787818899.3590372,chacha20,1.008692891,arm64,200,RoundRobin,1060.218692000035
1787818899.364785,arm_faster,0.865039957,amd64,200,RoundRobin,950.8189629996195
1787818899.535801,readdisk,1.089480731,arm64,200,RoundRobin,1142.8325229999245
1787818899.9125335,amd_faster,0.937288101,arm64,200,RoundRobin,995.1486990003104
1787818900.3397,arm_faster,0.869125987,amd64,200,RoundRobin,974.6230959999593
1787818900.413309,chacha20,1.002437972,arm64,200,RoundRobin,1053.7886540000727
1787818900.6554828,readdisk,1.060238095,arm64,200,RoundRobin,1119.3547159996342
1787818900.7250922,linpack,1.468599799,arm64,200,RoundRobin,1471.96097799997
1787818900.8957026,amd_faster,0.932901981,arm64,200,RoundRobin,982.8146439999728
1787818901.2546258,arm_faster,0.863732876,amd64,200,RoundRobin,914.5962299999155
1787818901.4729934,chacha20,0.997346212,arm64,200,RoundRobin,1059.3451780000578
1787818901.7760994,readdisk,1.060157335,arm64,200,RoundRobin,1120.2807449999455
1787818901.8861406,amd_faster,0.929037903,arm64,200,RoundRobin,990.120184999796
1787818902.1749985,arm_faster,0.860565534,amd64,200,RoundRobin,920.0485609999305
1787818902.229065,thread,20.503801715,amd64,200,RoundRobin,20587.403661999815
1787818902.5231931,chacha20,0.994827772,arm64,200,RoundRobin,1049.8702760000924
1787818902.6897557,linpack,1.961095212,arm64,200,RoundRobin,1964.3292759997166
1787818902.8664267,amd_faster,0.929687663,arm64,200,RoundRobin,979.872283000077
1787818902.9246256,readdisk,1.09057385,arm64,200,RoundRobin,1148.0980569999701
1787818902.9708264,readmemory,16.245095322,amd64,200,RoundRobin,16298.228613999981
1787818903.0973797,arm_faster,0.864413767,amd64,200,RoundRobin,921.9730310001069
1787818903.570636,chacha20,0.997263852,arm64,200,RoundRobin,1047.0236200003455
1787818903.8453836,amd_faster,0.928597823,arm64,200,RoundRobin,978.5731010001655
1787818904.0186377,arm_faster,0.862724694,amd64,200,RoundRobin,920.9439309997833
1787818904.0355985,readdisk,1.060815054,arm64,200,RoundRobin,1110.6158789998517
1787818904.419756,linpack,1.726354924,arm64,200,RoundRobin,1729.6816690000014
1787818904.629782,chacha20,0.996459533,arm64,200,RoundRobin,1058.8232390000485
1787818904.8247643,amd_faster,0.929101263,arm64,200,RoundRobin,979.0667299998859
1787818904.9361176,arm_faster,0.864330744,amd64,200,RoundRobin,917.1691289998307
1787818905.162015,readdisk,1.040083497,arm64,200,RoundRobin,1126.0753780002233
1787818905.7564824,chacha20,1.001771772,arm64,200,RoundRobin,1126.3793009998153
1787818905.8100293,amd_faster,0.931267902,arm64,200,RoundRobin,984.9486470002375
1787818905.8610733,arm_faster,0.872712117,amd64,200,RoundRobin,924.6012209996479
1787818906.2947772,readdisk,1.078279252,arm64,200,RoundRobin,1132.4451110003793
1787818906.3087788,linpack,1.885429982,arm64,200,RoundRobin,1888.7191080002594
1787818906.7751231,arm_faster,0.864568965,amd64,200,RoundRobin,913.6324349997267
1787818906.7970858,amd_faster,0.934095542,arm64,200,RoundRobin,986.7376160000276
1787818906.8026989,chacha20,0.993109653,arm64,200,RoundRobin,1045.8419440001308
1787818907.3993154,readdisk,1.046877057,arm64,200,RoundRobin,1104.1316229998301
1787818907.692527,arm_faster,0.86452903,amd64,200,RoundRobin,917.0389500000056
1787818907.8185952,amd_faster,0.935737821,arm64,200,RoundRobin,1021.1676980002267
1787818908.1055799,chacha20,1.173399986,arm64,200,RoundRobin,1302.5736230001712
1787818908.3075254,linpack,1.9540423329999999,arm64,200,RoundRobin,1998.4397119997084
1787818908.5037975,readdisk,1.046388417,arm64,200,RoundRobin,1104.1305260000627
1787818908.6065037,arm_faster,0.863832879,amd64,200,RoundRobin,913.6711090000063
1787818908.8060536,amd_faster,0.931739262,arm64,200,RoundRobin,987.1225730003061
1787818909.1591697,chacha20,0.999530772,arm64,200,RoundRobin,1053.2621639999888
1787818909.6879015,arm_faster,0.871005083,amd64,200,RoundRobin,1081.083889999718
1787818909.8038104,amd_faster,0.929990022,arm64,200,RoundRobin,997.4061829998391
1787818909.831936,readdisk,1.062150414,arm64,200,RoundRobin,1327.827377000176
1787818909.8336115,linpack,1.522665632,arm64,200,RoundRobin,1525.805130000208
1787818910.2073896,chacha20,0.999303772,arm64,200,RoundRobin,1047.7472229999876
1787818910.6010253,arm_faster,0.862060844,amd64,200,RoundRobin,912.8218880000531
1787818910.7933037,amd_faster,0.936938181,arm64,200,RoundRobin,989.0910679996523
1787818910.9719841,readdisk,1.068458373,arm64,200,RoundRobin,1139.7383559997252
1787818911.5238712,arm_faster,0.863602881,amd64,200,RoundRobin,922.5282180000249
1787818911.6754644,linpack,1.7709937980000001,arm64,200,RoundRobin,1841.5790449998894
1787818911.860032,amd_faster,0.936736302,arm64,200,RoundRobin,1066.3818460002403
1787818912.1039445,readdisk,1.080271732,arm64,200,RoundRobin,1131.5253120001216
1787818912.188127,chacha20,1.922990755,arm64,200,RoundRobin,1980.3859199996623
1787818912.4444544,arm_faster,0.860524273,amd64,200,RoundRobin,920.2382530002069
1787818912.8477983,amd_faster,0.932681102,arm64,200,RoundRobin,987.3373650002577
1787818913.203904,readdisk,1.044549657,arm64,200,RoundRobin,1099.6414420001202
1787818913.2430997,chacha20,0.997749252,arm64,200,RoundRobin,1054.5552029998362
1787818913.2584894,linpack,1.578680584,arm64,200,RoundRobin,1582.6915170000575
1787818913.3693633,arm_faster,0.863118693,amd64,200,RoundRobin,924.5209010000508
1787818913.839114,amd_faster,0.929993423,arm64,200,RoundRobin,991.0066920001555
1787818914.2878475,arm_faster,0.863696618,amd64,200,RoundRobin,918.1754080000246
1787818914.3063395,readdisk,1.041756537,arm64,200,RoundRobin,1102.0503889999418
1787818914.3105214,chacha20,0.996786692,arm64,200,RoundRobin,1067.0291269998415
1787818914.8297129,amd_faster,0.937958821,arm64,200,RoundRobin,990.1683620000767
1787818915.1437411,linpack,1.83203175,arm64,200,RoundRobin,1884.9132049999753
1787818915.200543,arm_faster,0.856254954,amd64,200,RoundRobin,912.3917219999385
1787818915.4678648,readdisk,1.074020453,arm64,200,RoundRobin,1161.215355999957
1787818915.8155153,amd_faster,0.937541941,arm64,200,RoundRobin,985.4833540002801
1787818916.10991,arm_faster,0.86005839,amd64,200,RoundRobin,909.031916999993
1787818916.3696265,chacha20,1.917745396,arm64,200,RoundRobin,2058.7563589997444
1787818916.6020126,readdisk,1.080368652,arm64,200,RoundRobin,1133.809877999738
1787818916.6693926,linpack,1.521684272,arm64,200,RoundRobin,1525.2537119999943
1787818916.8093753,amd_faster,0.940441981,arm64,200,RoundRobin,993.4701659999519
1787818917.0198812,arm_faster,0.86017674,amd64,200,RoundRobin,909.6601470000678
1787818917.428971,chacha20,1.002870171,arm64,200,RoundRobin,1059.0489559999696
1787818917.7123759,readdisk,1.057714295,arm64,200,RoundRobin,1109.9586320001436
1787818917.797965,amd_faster,0.933402981,arm64,200,RoundRobin,988.2719299998826
1787818917.9396775,arm_faster,0.8682913,amd64,200,RoundRobin,919.4016790002024
1787818918.4254713,thread,16.141104559,amd64,200,RoundRobin,16195.993259999796
1787818918.474737,chacha20,0.993674773,arm64,200,RoundRobin,1045.4638940000223
1787818918.5475578,linpack,1.8738270639999999,arm64,200,RoundRobin,1877.832817000126
1787818918.7783792,amd_faster,0.929246782,arm64,200,RoundRobin,979.9983210000391
1787818918.848288,readdisk,1.0811404119999999,arm64,200,RoundRobin,1135.445122999954
1787818918.852396,arm_faster,0.857859298,amd64,200,RoundRobin,912.4311429995942
1787818919.7683527,amd_faster,0.932167742,arm64,200,RoundRobin,989.5643469999413
1787818919.808525,arm_faster,0.860690234,amd64,200,RoundRobin,955.8433830002286
1787818919.991804,readdisk,1.090478051,arm64,200,RoundRobin,1143.1976660001055
1787818920.047966,linpack,1.496297035,arm64,200,RoundRobin,1500.100409999959
1787818920.6097808,chacha20,2.074347133,arm64,200,RoundRobin,2134.742990000177
1787818920.7338743,arm_faster,0.86015171,amd64,200,RoundRobin,925.0312249996568
1787818920.755417,amd_faster,0.933069862,arm64,200,RoundRobin,986.6371250000157
1787818921.1060584,readdisk,1.063584735,arm64,200,RoundRobin,1113.9475049999419
1787818921.6498773,arm_faster,0.864929041,amd64,200,RoundRobin,915.7032180000897
1787818921.6681354,chacha20,0.999489732,arm64,200,RoundRobin,1058.029126999827
1787818921.7751784,amd_faster,0.937167701,arm64,200,RoundRobin,1019.3653900000754
1787818921.9547143,linpack,1.90249458,arm64,200,RoundRobin,1906.3861479999105
1787818922.198695,readdisk,1.040154257,arm64,200,RoundRobin,1092.2118099997533
1787818922.5597346,arm_faster,0.86056944,amd64,200,RoundRobin,909.5476899997266
1787818922.775979,amd_faster,0.936708221,arm64,200,RoundRobin,1000.3934289998142
1787818923.315037,readdisk,1.064239294,arm64,200,RoundRobin,1116.0227999998824
1787818923.3444602,primenumber,50.227144862,amd64,200,RoundRobin,50281.26104400007
1787818923.3857095,linpack,1.426784165,arm64,200,RoundRobin,1430.6074900000567
1787818923.4783173,arm_faster,0.868101817,amd64,200,RoundRobin,918.1869419999202
1787818923.763502,amd_faster,0.938119941,arm64,200,RoundRobin,986.9827580000674
1787818924.2057462,readmemory,21.176857206,amd64,200,RoundRobin,21234.601076999752
1787818924.3745394,chacha20,2.615402693,arm64,200,RoundRobin,2705.976352000107
1787818924.3927433,arm_faster,0.862015884,amd64,200,RoundRobin,914.1231909998169
1787818924.4166005,readdisk,1.048805137,arm64,200,RoundRobin,1101.1867209999764
1787818924.7583945,amd_faster,0.938331941,arm64,200,RoundRobin,994.4409360000463
1787818925.2536454,linpack,1.8321445889999999,arm64,200,RoundRobin,1867.6281360003486
1787818925.3513668,arm_faster,0.866373291,amd64,200,RoundRobin,958.2523720000609
1787818925.4381943,chacha20,1.002250292,arm64,200,RoundRobin,1063.3449379997728
1787818925.6073756,readdisk,1.071467014,arm64,200,RoundRobin,1190.3585269997166
1787818925.746361,amd_faster,0.936945381,arm64,200,RoundRobin,987.5571519996811
1787818926.2616224,arm_faster,0.860142639,amd64,200,RoundRobin,909.9393090000376
1787818926.48778,chacha20,0.999691892,arm64,200,RoundRobin,1049.1997979997905
1787818926.7240002,readdisk,1.060360935,arm64,200,RoundRobin,1116.300216000127
1787818926.7331219,amd_faster,0.936670821,arm64,200,RoundRobin,986.3583330002257
1787818926.9343674,linpack,1.67700093,arm64,200,RoundRobin,1680.3291309997803
1787818927.170026,arm_faster,0.859413539,amd64,200,RoundRobin,908.034773000054
1787818927.5394204,chacha20,1.001069652,arm64,200,RoundRobin,1051.333072000034
1787818927.7781522,amd_faster,0.936401102,arm64,200,RoundRobin,1044.6588300001167
1787818927.8800762,readdisk,1.09388497,arm64,200,RoundRobin,1155.7534020003004
1787818928.0894785,arm_faster,0.869497086,amd64,200,RoundRobin,919.0793889997622
1787818928.5869174,chacha20,0.995186013,arm64,200,RoundRobin,1047.1834049999416
1787818928.7457862,linpack,1.807646952,arm64,200,RoundRobin,1811.1034629996539
1787818928.7681124,amd_faster,0.937275781,arm64,200,RoundRobin,989.5763849999639
1787818928.9758074,readdisk,1.045363697,arm64,200,RoundRobin,1095.3282680002303
1787818929.0040526,arm_faster,0.864671514,amd64,200,RoundRobin,914.2502790000435
1787818929.6413648,chacha20,1.004070012,arm64,200,RoundRobin,1054.0056610002466
1787818929.7569618,amd_faster,0.936625382,arm64,200,RoundRobin,988.4729539999171
1787818929.9421577,arm_faster,0.8694616,amd64,200,RoundRobin,937.661215999924
1787818930.0667057,readdisk,1.041204498,arm64,200,RoundRobin,1090.5583439998736
1787818930.4299805,linpack,1.6805138899999998,arm64,200,RoundRobin,1683.8832899998124
1787818930.686884,chacha20,0.993885613,arm64,200,RoundRobin,1045.2154760000667
1787818930.7473507,amd_faster,0.937128661,arm64,200,RoundRobin,989.9784799999907
1787818930.8578851,arm_faster,0.864860369,amd64,200,RoundRobin,915.295948000221
1787818931.1854005,readdisk,1.064469935,arm64,200,RoundRobin,1118.28685699993
1787818931.583358,filehandle,35.006633412,amd64,200,RoundRobin,35010.142092000024
1787818931.7429607,amd_faster,0.936779661,arm64,200,RoundRobin,995.2739409995957
1787818931.7455833,chacha20,0.998389612,arm64,200,RoundRobin,1058.3683720001318
1787818931.7755492,arm_faster,0.86210664,amd64,200,RoundRobin,917.3051349998786
1787818932.286345,readdisk,1.043962777,arm64,200,RoundRobin,1100.4864189999353
1787818932.3029158,linpack,1.868676025,arm64,200,RoundRobin,1872.616590999769
1787818932.7300894,amd_faster,0.936743701,arm64,200,RoundRobin,986.781202000202
1787818932.7608004,arm_faster,0.863929742,amd64,200,RoundRobin,984.9388789998557
1787818932.8431153,chacha20,0.995237612,arm64,200,RoundRobin,1097.2262699997373
1787818933.3838677,readdisk,1.041904138,arm64,200,RoundRobin,1097.195063000072
1787818933.7014637,arm_faster,0.864301097,amd64,200,RoundRobin,940.3443799997149
1787818933.717818,amd_faster,0.937381941,arm64,200,RoundRobin,987.3249510001187
1787818934.1420405,linpack,1.799254394,arm64,200,RoundRobin,1838.8100949996442
1787818934.4783552,readdisk,1.044300617,arm64,200,RoundRobin,1093.9748400001008
1787818934.6184766,arm_faster,0.866927087,amd64,200,RoundRobin,916.5527149998525
1787818934.734301,amd_faster,0.933192181,arm64,200,RoundRobin,1016.0790280001493
1787818934.8251016,chacha20,1.9197202359999999,arm64,200,RoundRobin,1981.5949610001553
1787818935.524905,arm_faster,0.856522458,amd64,200,RoundRobin,906.1142279997512
1787818935.596119,readdisk,1.067353814,arm64,200,RoundRobin,1117.4556989999473
1787818935.6736085,linpack,1.527381992,arm64,200,RoundRobin,1531.1663659999795
1787818935.719548,amd_faster,0.929203663,arm64,200,RoundRobin,984.9167490001491
1787818935.8785439,chacha20,1.001498292,arm64,200,RoundRobin,1053.0725820003681
1787818936.3823462,thread,17.89961123,amd64,200,RoundRobin,17956.392639000114
1787818936.4541888,arm_faster,0.867560988,amd64,200,RoundRobin,928.9812839997467
1787818936.7068954,amd_faster,0.928845822,arm64,200,RoundRobin,987.0116330002929
1787818936.708824,readdisk,1.043777577,arm64,200,RoundRobin,1112.3248210001293
1787818936.9310453,chacha20,0.994697933,arm64,200,RoundRobin,1052.188082000157
1787818937.372138,arm_faster,0.865039377,amd64,200,RoundRobin,917.4984700002824
1787818937.5471623,linpack,1.868935544,arm64,200,RoundRobin,1873.2330869997895
1787818937.6885192,amd_faster,0.930016582,arm64,200,RoundRobin,981.2995490001413
1787818937.891018,readdisk,1.082391092,arm64,200,RoundRobin,1181.9201159996737
1787818938.2925043,arm_faster,0.868234117,amd64,200,RoundRobin,919.9228239999684
1787818938.6679256,amd_faster,0.929908342,arm64,200,RoundRobin,979.0890459998991
1787818938.9307344,chacha20,1.949720991,arm64,200,RoundRobin,1999.3527349997748
1787818938.9886937,readdisk,1.041719698,arm64,200,RoundRobin,1097.3038970000744
1787818939.0580974,linpack,1.506967473,arm64,200,RoundRobin,1510.5230819999633
1787818939.2115304,arm_faster,0.869552895,amd64,200,RoundRobin,918.7026820000028
1787818939.6564434,amd_faster,0.933847822,arm64,200,RoundRobin,988.1843770003798
1787818939.9908261,chacha20,1.006071091,arm64,200,RoundRobin,1059.7593050001706
1787818940.1323118,readdisk,1.09079069,arm64,200,RoundRobin,1143.2003909999366
1787818940.1355436,arm_faster,0.86860941,amd64,200,RoundRobin,923.7158590003673
1787818940.6451795,amd_faster,0.936271661,arm64,200,RoundRobin,988.4230549996573
1787818940.794782,linpack,1.7327060429999999,arm64,200,RoundRobin,1736.3334659999055
1787818941.0460503,chacha20,1.006294131,arm64,200,RoundRobin,1054.9174449997736
1787818941.1009984,arm_faster,0.869402839,amd64,200,RoundRobin,965.1757070000713
1787818941.2659454,readdisk,1.080091412,arm64,200,RoundRobin,1133.2926209997822
1787818941.6347728,amd_faster,0.936455542,arm64,200,RoundRobin,989.2089830000259
1787818942.0169554,arm_faster,0.862004358,amd64,200,RoundRobin,915.6203160000587
1787818942.3727002,readdisk,1.055447096,arm64,200,RoundRobin,1106.3519369999995
1787818942.5530586,linpack,1.7541509199999998,arm64,200,RoundRobin,1757.9488009996567
1787818942.623594,amd_faster,0.936970541,arm64,200,RoundRobin,988.4665760000644
1787818942.9329987,arm_faster,0.863298046,amd64,200,RoundRobin,915.7176240000808
1787818943.1638718,chacha20,2.059900615,arm64,200,RoundRobin,2117.4134259999846
1787818943.5009718,readdisk,1.074609532,arm64,200,RoundRobin,1127.9256150000947
1787818943.5937736,readmemory,19.330737018,amd64,200,RoundRobin,19387.720842999897
1787818943.6136224,amd_faster,0.937115702,arm64,200,RoundRobin,989.6808009998495
1787818943.8710206,arm_faster,0.884350076,amd64,200,RoundRobin,937.737850999838
1787818944.2160046,chacha20,0.999028572,arm64,200,RoundRobin,1051.818498999637
1787818944.482029,linpack,1.9249167759999999,arm64,200,RoundRobin,1928.5506450000867
1787818944.5937414,readdisk,1.040991458,arm64,200,RoundRobin,1092.4765689997002
1787818944.6413658,amd_faster,0.936195341,arm64,200,RoundRobin,1027.3197589999654
1787818944.7829561,arm_faster,0.863518518,amd64,200,RoundRobin,911.5824680002333
1787818945.274975,chacha20,0.998154572,arm64,200,RoundRobin,1058.6494009999114
1787818945.6496391,amd_faster,0.936290861,arm64,200,RoundRobin,1007.9579879998164
1787818945.6987436,arm_faster,0.864407575,amd64,200,RoundRobin,915.4723520000516
1787818945.7039115,readdisk,1.040892018,arm64,200,RoundRobin,1109.8727059998055
1787818946.0884218,linpack,1.60230882,arm64,200,RoundRobin,1606.0062990000006
1787818946.6391504,arm_faster,0.873640713,amd64,200,RoundRobin,940.0802510003814
1787818946.6463795,amd_faster,0.936811661,arm64,200,RoundRobin,996.3667910001277
1787818946.9138796,readdisk,1.09644541,arm64,200,RoundRobin,1209.6563949999108
1787818947.3963497,chacha20,2.070397413,arm64,200,RoundRobin,2120.979886999976
1787818947.5548184,arm_faster,0.864860002,amd64,200,RoundRobin,915.3100539997467
1787818947.6900108,amd_faster,0.937427941,arm64,200,RoundRobin,1043.2982940001239
1787818948.0090103,readdisk,1.044420497,arm64,200,RoundRobin,1094.8387489997913
1787818948.0290341,linpack,1.9361184150000001,arm64,200,RoundRobin,1940.2869530003954
1787818948.461791,chacha20,1.007086451,arm64,200,RoundRobin,1065.1184000003013
1787818948.4906733,arm_faster,0.872978099,amd64,200,RoundRobin,935.5167429998801
1787818948.6783664,amd_faster,0.935969741,arm64,200,RoundRobin,987.9838169999857
1787818949.1081588,readdisk,1.048411936,arm64,200,RoundRobin,1098.8300290000552
1787818949.4260464,arm_faster,0.862491189,amd64,200,RoundRobin,935.0761749997218
1787818949.5130072,chacha20,0.999534972,arm64,200,RoundRobin,1050.9279319999223
1787818949.6685956,amd_faster,0.935955622,arm64,200,RoundRobin,989.9286699996992
1787818950.0580854,linpack,1.996969846,arm64,200,RoundRobin,2028.6751570001798
1787818950.2587926,readdisk,1.09375317,arm64,200,RoundRobin,1150.2252519999274
1787818950.3404236,arm_faster,0.864484501,amd64,200,RoundRobin,913.8128660001712
1787818950.657825,amd_faster,0.937072141,arm64,200,RoundRobin,988.8993360000313
1787818951.2564516,arm_faster,0.860248462,amd64,200,RoundRobin,915.7093310000164
1787818951.3880181,readdisk,1.070471933,arm64,200,RoundRobin,1128.930049000246
1787818951.423167,linpack,1.361029494,arm64,200,RoundRobin,1364.676561000124
1787818951.6157455,chacha20,2.052877696,arm64,200,RoundRobin,2102.3992270002054
1787818951.657524,amd_faster,0.938089901,arm64,200,RoundRobin,999.3822989999899
1787818952.173439,arm_faster,0.864231328,amd64,200,RoundRobin,916.5574609996838
1787818952.5009072,readdisk,1.052229096,arm64,200,RoundRobin,1112.5846650002131
1787818952.6614878,amd_faster,0.936508782,arm64,200,RoundRobin,1003.6459049997575
1787818952.6734614,chacha20,0.995275293,arm64,200,RoundRobin,1057.4188700002196
1787818953.093175,arm_faster,0.865391443,amd64,200,RoundRobin,919.4155989998762
1787818953.3870406,linpack,1.9377206949999999,arm64,200,RoundRobin,1963.4720630001539
1787818953.6267624,readdisk,1.073193693,arm64,200,RoundRobin,1125.5464519999805
1787818953.6485765,amd_faster,0.933654821,arm64,200,RoundRobin,986.7717189999894
1787818954.0070076,arm_faster,0.860741524,amd64,200,RoundRobin,913.42012899986
1787818954.6634126,amd_faster,0.932948862,arm64,200,RoundRobin,1014.4498109998494
1787818954.7679393,readdisk,1.084016012,arm64,200,RoundRobin,1140.881057000115
1787818954.8145587,linpack,1.423752406,arm64,200,RoundRobin,1427.125819000139
1787818954.9219127,arm_faster,0.862574593,amd64,200,RoundRobin,914.5340509999187
1787818955.0653932,chacha20,2.303011939,arm64,200,RoundRobin,2391.5516000001844
1787818955.6501043,amd_faster,0.932929262,arm64,200,RoundRobin,986.35003399977
1787818955.7848873,readmemory,12.129470654,amd64,200,RoundRobin,12190.786649999609
1787818955.8373718,arm_faster,0.862141117,amd64,200,RoundRobin,915.0766520001525
1787818955.8590176,readdisk,1.040613898,arm64,200,RoundRobin,1090.7554340001298
1787818956.1231596,chacha20,0.997910812,arm64,200,RoundRobin,1057.4468790000537
1787818956.6347485,amd_faster,0.931993062,arm64,200,RoundRobin,984.2228590000559
1787818956.7359657,linpack,1.9158408580000001,arm64,200,RoundRobin,1921.0150430003523
1787818956.7597127,arm_faster,0.860623106,amd64,200,RoundRobin,922.0072030002484
1787818957.024171,readdisk,1.075238933,arm64,200,RoundRobin,1164.850733000094
1787818957.1759224,chacha20,0.995411212,arm64,200,RoundRobin,1052.3698239999248
1787818957.6205547,amd_faster,0.936483501,arm64,200,RoundRobin,985.4907609997099
1787818957.6751812,arm_faster,0.86373398,amd64,200,RoundRobin,915.1568050001515
1787818958.113609,readdisk,1.040674697,arm64,200,RoundRobin,1089.008792000186
1787818958.3330488,linpack,1.593146622,arm64,200,RoundRobin,1596.7565370001466
1787818958.5967906,arm_faster,0.864936703,amd64,200,RoundRobin,921.2001509999936
1787818958.608588,amd_faster,0.937440541,arm64,200,RoundRobin,987.7179830000387
1787818959.0229728,thread,22.526685904,amd64,200,RoundRobin,22640.289535999727
1787818959.2459917,readdisk,1.078890052,arm64,200,RoundRobin,1132.074071000261
1787818959.515092,arm_faster,0.860317135,amd64,200,RoundRobin,917.9659850001372
1787818959.6420262,amd_faster,0.938510661,arm64,200,RoundRobin,1033.1238530002338
1787818959.7800324,chacha20,2.551493782,arm64,200,RoundRobin,2603.809896999792
1787818960.2064805,linpack,1.869538624,arm64,200,RoundRobin,1873.0019959998572
1787818960.383388,readdisk,1.086823492,arm64,200,RoundRobin,1136.960053999701
1787818960.459193,arm_faster,0.877198936,amd64,200,RoundRobin,943.7604379995719
1787818960.632275,amd_faster,0.936492341,arm64,200,RoundRobin,989.8704470001576
1787818960.8358383,chacha20,1.004826251,arm64,200,RoundRobin,1055.4616440003883
1787818961.3845775,arm_faster,0.87078237,amd64,200,RoundRobin,924.9898349999057
1787818961.4841459,readdisk,1.046874137,arm64,200,RoundRobin,1100.4041660003168
1787818961.6288812,amd_faster,0.937628901,arm64,200,RoundRobin,996.2113870001303
1787818961.7615283,linpack,1.5510841480000002,arm64,200,RoundRobin,1554.7383379998791
1787818961.8938346,chacha20,1.001396011,arm64,200,RoundRobin,1057.6832469996589
1787818962.3138983,arm_faster,0.880807687,amd64,200,RoundRobin,929.0157399996133
1787818962.579669,readdisk,1.040106298,arm64,200,RoundRobin,1095.1530409997758
1787818962.6150997,amd_faster,0.936713302,arm64,200,RoundRobin,985.8673089997865
1787818963.244534,arm_faster,0.86421428,amd64,200,RoundRobin,930.3233559999171
1787818963.5971408,linpack,1.83156527,arm64,200,RoundRobin,1835.242424000171
1787818963.6170623,amd_faster,0.936835261,arm64,200,RoundRobin,1001.6243669997493
1787818963.7059405,readdisk,1.0726592130000001,arm64,200,RoundRobin,1125.950912999997
1787818964.0415053,chacha20,2.078163452,arm64,200,RoundRobin,2147.3701869999786
1787818964.164717,arm_faster,0.868235572,amd64,200,RoundRobin,919.8544659998333
1787818964.6061091,amd_faster,0.938393341,arm64,200,RoundRobin,988.6811850001322
1787818964.7997162,readdisk,1.040344537,arm64,200,RoundRobin,1093.4692719997656
1787818965.092642,arm_faster,0.869133161,amd64,200,RoundRobin,927.6228579997223
1787818965.1010823,chacha20,1.00866005,arm64,200,RoundRobin,1059.2636720002702
1787818965.5940206,amd_faster,0.937275022,arm64,200,RoundRobin,987.5674400000207
1787818965.6940677,linpack,2.093208434,arm64,200,RoundRobin,2096.524633000172
1787818966.0060747,readdisk,1.063917094,arm64,200,RoundRobin,1206.054863999725
1787818966.024273,arm_faster,0.87350281,amd64,200,RoundRobin,931.2453269999423
1787818966.5958867,amd_faster,0.94110234,arm64,200,RoundRobin,1001.5565049998258
1787818966.6277823,filehandle,35.040878789,amd64,200,RoundRobin,35044.067666000046
1787818966.970855,arm_faster,0.859687325,amd64,200,RoundRobin,946.2604549999014
1787818967.1394565,readdisk,1.075707453,arm64,200,RoundRobin,1133.0202899998767
1787818967.2007124,linpack,1.502853715,arm64,200,RoundRobin,1506.2243590000435
1787818967.5836775,amd_faster,0.937296661,arm64,200,RoundRobin,987.4645429999873
1787818967.6929457,chacha20,2.493307551,arm64,200,RoundRobin,2591.467141999601
1787818967.8908587,arm_faster,0.863305532,amd64,200,RoundRobin,919.7224990002724
1787818968.2565413,readdisk,1.052587456,arm64,200,RoundRobin,1116.7420169999787
1787818968.573818,amd_faster,0.936959421,arm64,200,RoundRobin,989.8320390002482
1787818968.7520068,chacha20,1.006344691,arm64,200,RoundRobin,1058.7342920002811
1787818968.8056843,arm_faster,0.862374384,amd64,200,RoundRobin,914.4921570000406
1787818969.0980659,linpack,1.8934993009999999,arm64,200,RoundRobin,1897.0389249998334
1787818969.393688,readdisk,1.086614572,arm64,200,RoundRobin,1136.8299130003834
1787818969.5641167,amd_faster,0.936693622,arm64,200,RoundRobin,989.9759060003817
1787818969.7237954,arm_faster,0.868379923,amd64,200,RoundRobin,917.7808240001468
1787818969.806733,chacha20,1.001938612,arm64,200,RoundRobin,1054.357410999728
1787818969.846317,readmemory,13.996488807,amd64,200,RoundRobin,14061.013344000003
1787818970.5253992,readdisk,1.082037652,arm64,200,RoundRobin,1131.3101750001806
1787818970.5538223,amd_faster,0.936783301,arm64,200,RoundRobin,989.2922660001204
1787818970.5884068,linpack,1.486776476,arm64,200,RoundRobin,1489.9120820000462
1787818970.6370516,arm_faster,0.860650685,amd64,200,RoundRobin,912.9456190003111
1787818970.8583093,chacha20,0.999079132,arm64,200,RoundRobin,1051.1722979999831
1787818971.570712,amd_faster,0.936975501,arm64,200,RoundRobin,1016.5152750000743
1787818971.5940082,arm_faster,0.85639065,amd64,200,RoundRobin,956.5750100000514
1787818971.632716,readdisk,1.045784857,arm64,200,RoundRobin,1106.982323000011
1787818971.9144628,chacha20,1.001172892,arm64,200,RoundRobin,1055.8328120000624
1787818972.4940596,linpack,1.859763546,arm64,200,RoundRobin,1905.3424300000188
1787818972.5548773,arm_faster,0.864086528,amd64,200,RoundRobin,960.562414999913
1787818972.6364272,amd_faster,0.936896382,arm64,200,RoundRobin,1065.2957689999312
1787818972.834119,readdisk,1.09375749,arm64,200,RoundRobin,1201.0783880000417
1787818972.9694307,chacha20,0.997638332,arm64,200,RoundRobin,1054.4767169999432
1787818973.4829907,arm_faster,0.862408542,amd64,200,RoundRobin,927.8089310000723
1787818973.6261597,amd_faster,0.937537901,arm64,200,RoundRobin,989.4152150000082
1787818973.6390839,primenumber,50.218488785,amd64,200,RoundRobin,50294.28046000021
1787818973.9731777,readdisk,1.074254893,arm64,200,RoundRobin,1138.628596000217
1787818974.0059793,linpack,1.508039594,arm64,200,RoundRobin,1511.519908000082
1787818974.023904,chacha20,1.000647612,arm64,200,RoundRobin,1054.1450129999248
1787818974.4109561,arm_faster,0.859987977,amd64,200,RoundRobin,927.6386350002213
1787818974.6296556,amd_faster,0.937113781,arm64,200,RoundRobin,1003.0322829998113
1787818975.0651093,readdisk,1.041596858,arm64,200,RoundRobin,1091.5131059996384
1787818975.0704405,chacha20,0.997202332,arm64,200,RoundRobin,1046.2394979999772
1787818975.32311,arm_faster,0.862502722,amd64,200,RoundRobin,911.8182470001557
1787818975.6247919,amd_faster,0.936977301,arm64,200,RoundRobin,994.8140980000062
1787818975.9890814,linpack,1.9642967310000001,arm64,200,RoundRobin,1982.7509679998911
1787818976.1708434,readdisk,1.054698175,arm64,200,RoundRobin,1105.288327999915
1787818976.1724455,chacha20,1.008365931,arm64,200,RoundRobin,1101.7595570001504
1787818976.2356873,arm_faster,0.859802834,amd64,200,RoundRobin,912.1795239998391
1787818976.612742,amd_faster,0.936697342,arm64,200,RoundRobin,987.6368570003251
1787818977.196157,arm_faster,0.868142496,amd64,200,RoundRobin,960.1318320001155
1787818977.2731757,readdisk,1.048242177,arm64,200,RoundRobin,1102.0226520004144
1787818977.359644,linpack,1.3667626130000001,arm64,200,RoundRobin,1370.1335340001606
1787818977.5990608,amd_faster,0.937393461,arm64,200,RoundRobin,986.0265620000064
1787818978.120776,arm_faster,0.865055992,amd64,200,RoundRobin,924.2524460000823
1787818978.2061963,chacha20,1.932141034,arm64,200,RoundRobin,2033.4937679999712
1787818978.4000502,readdisk,1.068410653,arm64,200,RoundRobin,1126.496140999734
1787818978.5653641,thread,19.491472037,amd64,200,RoundRobin,19541.962239999975
1787818978.584898,amd_faster,0.933728902,arm64,200,RoundRobin,985.4499690000011
1787818979.0336292,arm_faster,0.863138605,amd64,200,RoundRobin,912.5459890001366
1787818979.2365067,linpack,1.872660464,arm64,200,RoundRobin,1876.551703000132
1787818979.2667422,chacha20,1.000721572,arm64,200,RoundRobin,1060.1136029999907
1787818979.5198922,readdisk,1.067718254,arm64,200,RoundRobin,1119.4946689997778
1787818979.6110353,amd_faster,0.937393861,arm64,200,RoundRobin,1025.837919999958
1787818979.9506633,arm_faster,0.862843833,amd64,200,RoundRobin,916.7100760000721
1787818980.3346603,chacha20,1.010955211,arm64,200,RoundRobin,1067.602296000132
1787818980.6005278,amd_faster,0.936501021,arm64,200,RoundRobin,989.1510140000719
1787818980.6683726,readdisk,1.09724109,arm64,200,RoundRobin,1148.084420000032
1787818980.706034,linpack,1.46530736,arm64,200,RoundRobin,1469.210863999706
1787818980.867806,arm_faster,0.867341593,amd64,200,RoundRobin,916.842263000035
1787818981.5887759,amd_faster,0.937297781,arm64,200,RoundRobin,987.9255139999259
1787818981.7640173,readdisk,1.041979537,arm64,200,RoundRobin,1095.2439329998924
1787818981.783721,arm_faster,0.859959791,amd64,200,RoundRobin,915.6013940000776
1787818982.4298553,chacha20,2.039517178,arm64,200,RoundRobin,2094.8889880000934
1787818982.5714717,amd_faster,0.932767861,arm64,200,RoundRobin,982.3689569998351
1787818982.573353,linpack,1.850584426,arm64,200,RoundRobin,1867.0120339997993
1787818982.735724,arm_faster,0.863263696,amd64,200,RoundRobin,951.6816469999867
1787818982.9090145,readdisk,1.086251931,arm64,200,RoundRobin,1144.6818019999228
1787818983.4795241,chacha20,1.000554852,arm64,200,RoundRobin,1049.3431670001883
1787818983.5517175,amd_faster,0.928427262,arm64,200,RoundRobin,979.9301670000204
1787818983.6499012,arm_faster,0.859771574,amd64,200,RoundRobin,913.871466999808
1787818984.0310104,readdisk,1.063834414,arm64,200,RoundRobin,1121.6386670002976
1787818984.0597816,linpack,1.435598764,arm64,200,RoundRobin,1486.1527690000003
1787818984.5278893,chacha20,0.996680613,arm64,200,RoundRobin,1048.0283479996615
1787818984.532842,amd_faster,0.928875863,arm64,200,RoundRobin,980.8331399999588
1787818984.565709,arm_faster,0.864080959,amd64,200,RoundRobin,915.4702030000408
1787818985.1246493,readdisk,1.040844937,arm64,200,RoundRobin,1093.2688960001542
1787818985.5416777,arm_faster,0.859715986,amd64,200,RoundRobin,975.671076999788
1787818985.5604792,amd_faster,0.929049743,arm64,200,RoundRobin,1027.3575390001497
1787818985.9364035,linpack,1.851975506,arm64,200,RoundRobin,1876.2471019999793
1787818986.2237632,readdisk,1.044428417,arm64,200,RoundRobin,1098.7957629999983
1787818986.4563076,arm_faster,0.863105902,amd64,200,RoundRobin,914.2189030003465
1787818986.5703366,amd_faster,0.930018022,arm64,200,RoundRobin,1009.4890679997661
1787818986.647001,chacha20,2.068035694,arm64,200,RoundRobin,2118.8025540000126
1787818987.3414712,readdisk,1.067578654,arm64,200,RoundRobin,1117.3914549999608
1787818987.3704967,arm_faster,0.859287996,amd64,200,RoundRobin,913.8651580001351
1787818987.3798966,linpack,1.439919723,arm64,200,RoundRobin,1443.1866690001698
1787818987.5505903,amd_faster,0.929166262,arm64,200,RoundRobin,979.9686280002788
1787818987.7063816,chacha20,1.006798051,arm64,200,RoundRobin,1058.9848469999197
1787818988.3083847,arm_faster,0.860475647,amd64,200,RoundRobin,937.4737329999334
1787818988.4349782,readdisk,1.043213817,arm64,200,RoundRobin,1093.174328999794
1787818988.531099,amd_faster,0.929891422,arm64,200,RoundRobin,980.2012909999576
1787818988.7568054,chacha20,0.998009172,arm64,200,RoundRobin,1050.1114029998462
1787818989.2197888,arm_faster,0.86010526,amd64,200,RoundRobin,911.0223500001666
1787818989.2433383,linpack,1.7943263950000001,arm64,200,RoundRobin,1863.074769999912
1787818989.5226903,amd_faster,0.932980182,arm64,200,RoundRobin,991.2460450000253
1787818989.5648816,readdisk,1.073031773,arm64,200,RoundRobin,1129.5544019999397
1787818990.1277485,arm_faster,0.859864813,amd64,200,RoundRobin,907.5771339998937
1787818990.513298,amd_faster,0.937751421,arm64,200,RoundRobin,990.2276349998829
1787818990.7036638,readdisk,1.076627933,arm64,200,RoundRobin,1138.4070350000002
1787818990.871368,chacha20,2.063653974,arm64,200,RoundRobin,2114.1507519996594
1787818990.9727752,linpack,1.703702847,arm64,200,RoundRobin,1729.0312459999768
1787818991.0508943,arm_faster,0.860201069,amd64,200,RoundRobin,922.8191890001654
1787818991.5030246,amd_faster,0.937862261,arm64,200,RoundRobin,989.3914680001217
1787818991.7994435,readdisk,1.042726617,arm64,200,RoundRobin,1095.4643549998764
1787818991.9318106,chacha20,1.005049611,arm64,200,RoundRobin,1060.1147070001389
1787818991.9636724,arm_faster,0.859620893,amd64,200,RoundRobin,912.4359469997216
1787818992.1679003,readmemory,22.249166493,amd64,200,RoundRobin,22321.24959900011
1787818992.5008254,amd_faster,0.937243301,arm64,200,RoundRobin,997.4873549999757
1787818992.8433204,linpack,1.866110264,arm64,200,RoundRobin,1870.1545290000468
1787818992.8966212,arm_faster,0.863189758,amd64,200,RoundRobin,932.6128950001475
1787818992.9320855,readdisk,1.079933572,arm64,200,RoundRobin,1132.3218299999098
1787818992.9839058,chacha20,0.996912652,arm64,200,RoundRobin,1051.777936000235
1787818993.4820645,amd_faster,0.931367542,arm64,200,RoundRobin,980.9337470001083
1787818993.8111098,arm_faster,0.863058126,amd64,200,RoundRobin,914.1504189997249
1787818994.0443077,readdisk,1.042524137,arm64,200,RoundRobin,1111.807341000258
1787818994.460521,amd_faster,0.928841943,arm64,200,RoundRobin,978.046651999648
1787818994.5960486,linpack,1.7478799600000001,arm64,200,RoundRobin,1752.3889900003269
1787818994.7263258,arm_faster,0.859408063,amd64,200,RoundRobin,914.7335630000271
1787818995.042969,chacha20,1.9939058649999999,arm64,200,RoundRobin,2058.74904600023
1787818995.1413748,readdisk,1.041293538,arm64,200,RoundRobin,1096.6679780003687
1787818995.4387438,amd_faster,0.928986703,arm64,200,RoundRobin,977.9038579999906
1787818995.639776,arm_faster,0.858603622,amd64,200,RoundRobin,913.1215589995918
1787818996.1149457,chacha20,1.010586851,arm64,200,RoundRobin,1071.6526500000327
1787818996.233356,readdisk,1.040339057,arm64,200,RoundRobin,1091.48772799972
1787818996.2630424,linpack,1.6633374920000001,arm64,200,RoundRobin,1666.6288960000202
1787818996.354563,thread,17.733866531,amd64,200,RoundRobin,17788.890214000276
1787818996.4181833,amd_faster,0.929099223,arm64,200,RoundRobin,979.1250510002101
1787818996.5590515,arm_faster,0.865015305,amd64,200,RoundRobin,918.9270760002728
1787818997.1650257,chacha20,0.996592972,arm64,200,RoundRobin,1049.7629380001854
1787818997.3440728,readdisk,1.042904337,arm64,200,RoundRobin,1110.3770320000876
1787818997.397511,amd_faster,0.928980863,arm64,200,RoundRobin,978.9274669997212
1787818997.4758234,arm_faster,0.864413575,amd64,200,RoundRobin,916.4346970001134
1787818998.1563306,linpack,1.8540104259999999,arm64,200,RoundRobin,1892.8411130000313
1787818998.3834977,amd_faster,0.930063062,arm64,200,RoundRobin,985.6639959998574
1787818998.390741,arm_faster,0.862600707,amd64,200,RoundRobin,914.602694000223
1787818998.4480562,readdisk,1.040655218,arm64,200,RoundRobin,1103.5768899996583
1787818999.2964017,chacha20,2.080960692,arm64,200,RoundRobin,2130.9649969998645
1787818999.349419,arm_faster,0.866574795,amd64,200,RoundRobin,958.3051959998556
1787818999.3633447,amd_faster,0.929151583,arm64,200,RoundRobin,979.4571900001756
1787818999.6299722,readdisk,1.09669689,arm64,200,RoundRobin,1181.584982000004
1787818999.6633172,linpack,1.503196114,arm64,200,RoundRobin,1506.4837299996725
1787819000.262053,arm_faster,0.863081593,amd64,200,RoundRobin,912.2957009999482
1787819000.3468342,chacha20,0.996080452,arm64,200,RoundRobin,1050.1050679999935
1787819000.3769777,amd_faster,0.929831303,arm64,200,RoundRobin,1013.2885899997746
1787819000.7273655,readdisk,1.043164977,arm64,200,RoundRobin,1096.9516440000007
1787819001.180511,arm_faster,0.86351036,amd64,200,RoundRobin,918.0812749996221
1787819001.3853548,amd_faster,0.936421941,arm64,200,RoundRobin,1007.9559149999113
1787819001.4044282,chacha20,1.002378371,arm64,200,RoundRobin,1057.2758850003083
1787819001.5978456,filehandle,34.950912844,amd64,200,RoundRobin,34969.76249299996
1787819001.6251302,linpack,1.9403137350000002,arm64,200,RoundRobin,1961.466821999693
1787819001.8679748,readdisk,1.087240011,arm64,200,RoundRobin,1140.239289999954
1787819002.1011698,arm_faster,0.868769124,amd64,200,RoundRobin,920.3404079999018
1787819002.384877,amd_faster,0.936876741,arm64,200,RoundRobin,999.2038550003599
1787819002.9747128,readdisk,1.051310896,arm64,200,RoundRobin,1106.420239000272
1787819003.0248432,arm_faster,0.863500117,amd64,200,RoundRobin,923.2586719999745
1787819003.224503,linpack,1.595040622,arm64,200,RoundRobin,1598.7503889996333
1787819003.3735187,amd_faster,0.938115461,arm64,200,RoundRobin,988.3376949997
1787819003.5930743,chacha20,2.09267389,arm64,200,RoundRobin,2188.3333000000675
1787819003.9470417,arm_faster,0.862490258,amd64,200,RoundRobin,921.8850389997897
1787819004.0831475,readdisk,1.045229857,arm64,200,RoundRobin,1108.1288269997458
1787819004.3630943,amd_faster,0.936412901,arm64,200,RoundRobin,989.253292000285
1787819004.6554801,chacha20,0.996291772,arm64,200,RoundRobin,1062.0529739999256
1787819004.8575535,arm_faster,0.858311895,amd64,200,RoundRobin,910.1293910002823
1787819005.148568,linpack,1.920412418,arm64,200,RoundRobin,1923.7115779997112
1787819005.2401087,readdisk,1.091752051,arm64,200,RoundRobin,1156.4326339998843
1787819005.3587394,amd_faster,0.936315701,arm64,200,RoundRobin,995.2675350000391
1787819005.7124069,chacha20,1.001971212,arm64,200,RoundRobin,1056.5169090000381
1787819005.7679899,arm_faster,0.860017603,amd64,200,RoundRobin,910.088991000066
1787819006.336847,readdisk,1.042738697,arm64,200,RoundRobin,1096.3297210000746
1787819006.3524382,amd_faster,0.936878622,arm64,200,RoundRobin,993.3940990003975
1787819006.6790085,arm_faster,0.858565072,amd64,200,RoundRobin,910.7132389999606
1787819006.75197,readmemory,14.527287506,amd64,200,RoundRobin,14583.757536000121
1787819007.073117,linpack,1.920772537,arm64,200,RoundRobin,1924.159459999828
1787819007.381933,amd_faster,0.939852021,arm64,200,RoundRobin,1029.1970870002842
1787819007.4304903,readdisk,1.041904657,arm64,200,RoundRobin,1093.3240580002348
1787819007.5837934,arm_faster,0.85581575,amd64,200,RoundRobin,904.4840349997685
1787819007.841851,chacha20,2.077736292,arm64,200,RoundRobin,2129.13232100027
1787819008.3739514,amd_faster,0.937666541,arm64,200,RoundRobin,991.7138569999224
1787819008.5117977,arm_faster,0.876574546,amd64,200,RoundRobin,927.6619130000654
1787819008.5453248,readdisk,1.059311015,arm64,200,RoundRobin,1114.4346649998624
1787819008.6256266,linpack,1.548496148,arm64,200,RoundRobin,1552.1486909997293
1787819008.8978484,chacha20,1.000343532,arm64,200,RoundRobin,1055.6619809999574
1787819009.3600135,amd_faster,0.936645581,arm64,200,RoundRobin,985.7455879996451
1787819009.4247818,arm_faster,0.860049929,amd64,200,RoundRobin,912.6848409996455
1787819009.678325,readdisk,1.062074615,arm64,200,RoundRobin,1132.5902500002485
1787819009.9514825,chacha20,0.999340132,arm64,200,RoundRobin,1053.3143150000797
1787819010.3417943,arm_faster,0.859621172,amd64,200,RoundRobin,916.7090829996596
1787819010.3475134,amd_faster,0.936320461,arm64,200,RoundRobin,987.08329100009
1787819010.6274738,linpack,1.997686527,arm64,200,RoundRobin,2001.5369669999927
1787819010.819888,readdisk,1.084642332,arm64,200,RoundRobin,1141.2521899997046
1787819011.2478464,arm_faster,0.856529963,amd64,200,RoundRobin,905.7220090003284
1787819011.3757045,amd_faster,0.936995781,arm64,200,RoundRobin,1027.8945720001502
1787819011.9538436,readdisk,1.082689331,arm64,200,RoundRobin,1133.6530429998675
1787819012.0286257,chacha20,2.0229523,arm64,200,RoundRobin,2076.7612549998375
1787819012.1564953,arm_faster,0.857719214,amd64,200,RoundRobin,908.3264920000147
1787819012.2417812,linpack,1.6107734599999999,arm64,200,RoundRobin,1613.9870789997985
1787819012.3665674,amd_faster,0.937641541,arm64,200,RoundRobin,990.5621759999121
1787819013.0663805,readdisk,1.056710375,arm64,200,RoundRobin,1112.0945250004297
1787819013.068796,arm_faster,0.859463574,amd64,200,RoundRobin,911.9371699998737
1787819013.0765164,chacha20,0.997791732,arm64,200,RoundRobin,1047.5875689999157
1787819013.3533356,amd_faster,0.936966661,arm64,200,RoundRobin,986.3602929999615
1787819014.035889,arm_faster,0.859657698,amd64,200,RoundRobin,966.8095349998111
1787819014.181827,linpack,1.936411855,arm64,200,RoundRobin,1939.7366559996954
1787819014.182438,readdisk,1.062166495,arm64,200,RoundRobin,1115.795683000215
1787819014.2315843,chacha20,1.003226852,arm64,200,RoundRobin,1154.7365209999043
1787819014.3435216,amd_faster,0.936876141,arm64,200,RoundRobin,989.852486000018
1787819014.945896,arm_faster,0.859552438,amd64,200,RoundRobin,909.6618040002795
1787819015.2770982,readdisk,1.043380618,arm64,200,RoundRobin,1093.8509800002976
1787819015.3344762,amd_faster,0.937051182,arm64,200,RoundRobin,990.5790970001362
1787819015.8351302,thread,19.422960569,amd64,200,RoundRobin,19480.24746400006
1787819015.8721554,arm_faster,0.867320881,amd64,200,RoundRobin,925.9450799995648
1787819016.100949,linpack,1.914747138,arm64,200,RoundRobin,1918.2079529996372
1787819016.205837,chacha20,1.918780356,arm64,200,RoundRobin,1973.9457450000373
1787819016.320994,amd_faster,0.936833902,arm64,200,RoundRobin,986.1836929999299
1787819016.3660676,readdisk,1.038466738,arm64,200,RoundRobin,1088.5606399997414
1787819016.8114333,arm_faster,0.864076796,amd64,200,RoundRobin,938.7473719998525
1787819017.2679918,chacha20,1.001242891,arm64,200,RoundRobin,1061.8314600001213
1787819017.3116872,amd_faster,0.936495502,arm64,200,RoundRobin,990.3064730001461
1787819017.4623592,readdisk,1.040670818,arm64,200,RoundRobin,1095.7778220004002
1787819017.5855792,linpack,1.480863558,arm64,200,RoundRobin,1484.2184350000025
1787819017.7236302,arm_faster,0.856022961,amd64,200,RoundRobin,911.8465789997572
1787819018.3169184,amd_faster,0.936468661,arm64,200,RoundRobin,1004.9135229996864
1787819018.3284926,chacha20,0.999462212,arm64,200,RoundRobin,1060.1782049998292
1787819018.57991,readdisk,1.058967615,arm64,200,RoundRobin,1117.220771999655
1787819018.6353192,arm_faster,0.862098483,amd64,200,RoundRobin,911.2856609999653
1787819019.3146167,amd_faster,0.94156886,arm64,200,RoundRobin,997.3167799998919
1787819019.5293176,linpack,1.9382985750000001,arm64,200,RoundRobin,1943.3404379997228
1787819019.5434983,arm_faster,0.856062046,amd64,200,RoundRobin,907.8468580000845
1787819019.7234228,readdisk,1.09028577,arm64,200,RoundRobin,1143.1114279998837
1787819020.3088992,amd_faster,0.940926141,arm64,200,RoundRobin,993.9632569999048
1787819020.3450148,chacha20,1.9201112359999999,arm64,200,RoundRobin,2016.1995910002588
1787819020.4549482,arm_faster,0.860632786,amd64,200,RoundRobin,911.1398019999797
1787819020.8506317,readdisk,1.073694253,arm64,200,RoundRobin,1126.8489519998184
1787819020.95716,linpack,1.424227406,arm64,200,RoundRobin,1427.5191669999003
1787819021.2894375,amd_faster,0.929622743,arm64,200,RoundRobin,980.089838999902
1787819021.3698747,arm_faster,0.862761446,amd64,200,RoundRobin,914.6129959999598
1787819021.4185522,chacha20,1.006958731,arm64,200,RoundRobin,1073.1090839999524
1787819021.9611943,readdisk,1.059343615,arm64,200,RoundRobin,1110.25200100039
1787819022.2710295,amd_faster,0.929275302,arm64,200,RoundRobin,981.2491959996805
1787819022.278608,arm_faster,0.856177603,amd64,200,RoundRobin,908.4272280001642
1787819022.4816763,chacha20,1.003247571,arm64,200,RoundRobin,1062.8015239999513
1787819022.8411508,linpack,1.880189863,arm64,200,RoundRobin,1883.5814690000916
1787819023.1061053,readdisk,1.09545029,arm64,200,RoundRobin,1144.483799000227
1787819023.2417922,arm_faster,0.858472094,amd64,200,RoundRobin,962.893169000381
1787819023.2531502,amd_faster,0.932019982,arm64,200,RoundRobin,981.7820210000718
1787819023.8911908,primenumber,50.146089198,amd64,200,RoundRobin,50251.75504300023
1787819024.1589453,arm_faster,0.868020775,amd64,200,RoundRobin,916.8503230002898
1787819024.210128,readdisk,1.051142376,arm64,200,RoundRobin,1103.593956000168
1787819024.2736769,amd_faster,0.932955222,arm64,200,RoundRobin,1020.1263679996373
1787819024.2829103,linpack,1.438003763,arm64,200,RoundRobin,1441.3316840000334
1787819024.4600804,chacha20,1.9208948750000001,arm64,200,RoundRobin,1978.0740539999897
1787819025.0727773,arm_faster,0.864360159,amd64,200,RoundRobin,913.5141850001673
1787819025.2608788,amd_faster,0.929826263,arm64,200,RoundRobin,986.9012290000683
1787819025.3098443,readdisk,1.044455537,arm64,200,RoundRobin,1099.2946870001106
1787819025.5183294,chacha20,0.997799293,arm64,200,RoundRobin,1057.8217509996648
1787819025.9998534,arm_faster,0.857800754,amd64,200,RoundRobin,926.7587909998838
1787819026.0849686,linpack,1.7530683599999999,arm64,200,RoundRobin,1801.7651220002335
1787819026.2423065,amd_faster,0.929078542,arm64,200,RoundRobin,980.9995850000632
1787819026.5102909,readdisk,1.064196935,arm64,200,RoundRobin,1200.127476999569
1787819026.6359477,chacha20,0.994319133,arm64,200,RoundRobin,1117.30404500031
1787819026.9150121,arm_faster,0.860008191,amd64,200,RoundRobin,914.8591580001266
1787819027.2213984,amd_faster,0.928831822,arm64,200,RoundRobin,978.66874500005
1787819027.6035337,readdisk,1.040013858,arm64,200,RoundRobin,1092.9308770000716
1787819027.715978,linpack,1.627006178,arm64,200,RoundRobin,1630.6579460001558
1787819027.8205092,arm_faster,0.85614023,amd64,200,RoundRobin,905.146588000207
1787819028.221749,amd_faster,0.932872262,arm64,200,RoundRobin,1000.0290660000246
1787819028.7142873,readdisk,1.058821935,arm64,200,RoundRobin,1110.3528989997358
1787819028.7277513,arm_faster,0.857833577,amd64,200,RoundRobin,906.9010480002362
1787819028.7713747,chacha20,2.085220011,arm64,200,RoundRobin,2135.007672000029
1787819029.2030256,amd_faster,0.931342502,arm64,200,RoundRobin,980.9690900001442
1787819029.5679843,linpack,1.848494187,arm64,200,RoundRobin,1851.6903380000258
1787819029.6819956,arm_faster,0.863651921,amd64,200,RoundRobin,953.9427960003195
1787819029.8608332,readdisk,1.0916007699999999,arm64,200,RoundRobin,1146.2167059999047
1787819029.8746288,chacha20,1.00737709,arm64,200,RoundRobin,1102.9233039998871
1787819030.1881437,amd_faster,0.929127702,arm64,200,RoundRobin,984.7465019997799
1787819030.6020415,arm_faster,0.868071824,amd64,200,RoundRobin,919.6856769999613
1787819030.9865746,chacha20,1.008591971,arm64,200,RoundRobin,1111.619145000077
1787819030.9945464,readdisk,1.071273133,arm64,200,RoundRobin,1133.4013999999115
1787819031.084839,linpack,1.512263393,arm64,200,RoundRobin,1516.555844999857
1787819031.1713114,amd_faster,0.928533782,arm64,200,RoundRobin,982.6437060000899
1787819031.5128772,arm_faster,0.859214806,amd64,200,RoundRobin,910.4920350000612
1787819031.8099005,thread,15.910045121,amd64,200,RoundRobin,15974.36483499996
1787819032.144012,readdisk,1.042210138,arm64,200,RoundRobin,1149.1578440000012
1787819032.1552804,amd_faster,0.931881142,arm64,200,RoundRobin,983.5878009998851
1787819032.4316323,arm_faster,0.863256284,amd64,200,RoundRobin,918.435565999971
1787819033.002308,linpack,1.89971198,arm64,200,RoundRobin,1917.0624150001458
1787819033.1049159,chacha20,2.056138175,arm64,200,RoundRobin,2118.0162450000353
1787819033.1808553,amd_faster,0.931465062,arm64,200,RoundRobin,1025.2549700003328
1787819033.2861104,readdisk,1.086630012,arm64,200,RoundRobin,1141.7654760002733
1787819033.349009,arm_faster,0.863006799,amd64,200,RoundRobin,917.057972999828
1787819033.8019893,readmemory,26.879324998,amd64,200,RoundRobin,27049.71006400001
1787819034.1615655,amd_faster,0.929001823,arm64,200,RoundRobin,980.3792130001057
1787819034.1657023,chacha20,0.997449332,arm64,200,RoundRobin,1060.3982789998554
1787819034.2679074,arm_faster,0.865063171,amd64,200,RoundRobin,918.5797540003477
1787819034.3806014,readdisk,1.041909338,arm64,200,RoundRobin,1094.1120679999585
1787819034.4433591,linpack,1.4376297230000001,arm64,200,RoundRobin,1440.6470630001422
1787819035.1474123,amd_faster,0.931526302,arm64,200,RoundRobin,985.4454299997997
1787819035.1846118,arm_faster,0.866873992,amd64,200,RoundRobin,916.4139310000792
1787819035.273845,chacha20,1.006741331,arm64,200,RoundRobin,1107.855949000168
1787819035.4987223,readdisk,1.060697495,arm64,200,RoundRobin,1117.7878469998177
1787819036.1045573,arm_faster,0.857463265,amd64,200,RoundRobin,919.6057159997508
1787819036.1295044,amd_faster,0.929013622,arm64,200,RoundRobin,981.7922510001154
1787819036.3436081,linpack,1.8963744999999999,arm64,200,RoundRobin,1899.848579999798
1787819036.6161733,filehandle,35.014775585,amd64,200,RoundRobin,35017.98892000034
1787819036.6320486,readdisk,1.0835770120000001,arm64,200,RoundRobin,1133.0137240001932
1787819037.018933,arm_faster,0.85943515,amd64,200,RoundRobin,913.9673409999887
1787819037.1364787,amd_faster,0.931142942,arm64,200,RoundRobin,1006.6584020000846
1787819037.3609633,chacha20,2.035385499,arm64,200,RoundRobin,2086.807398000019
1787819037.7237496,readdisk,1.040815217,arm64,200,RoundRobin,1091.2955080002575
1787819037.7977588,linpack,1.450007161,arm64,200,RoundRobin,1453.8227510001889
1787819037.9324272,arm_faster,0.858954463,amd64,200,RoundRobin,913.0609429998913
1787819038.1194983,amd_faster,0.931346222,arm64,200,RoundRobin,982.706768999833
1787819038.4168518,chacha20,1.005047371,arm64,200,RoundRobin,1055.5602290000934
1787819038.8226957,readdisk,1.042919737,arm64,200,RoundRobin,1098.631660999672
1787819038.8430781,arm_faster,0.860004178,amd64,200,RoundRobin,910.3264209998088
1787819039.1055853,amd_faster,0.928821942,arm64,200,RoundRobin,985.7666379998591
1787819039.6453998,linpack,1.843379508,arm64,200,RoundRobin,1847.2425969998767
1787819039.7919593,arm_faster,0.868125993,amd64,200,RoundRobin,948.5292160002246
1787819039.9377053,readdisk,1.063695174,arm64,200,RoundRobin,1114.6575369998573
1787819040.0877583,amd_faster,0.928847702,arm64,200,RoundRobin,981.8134679999275
1787819040.724014,arm_faster,0.86303186,amd64,200,RoundRobin,931.7515269999603
1787819041.018299,chacha20,2.550358062,arm64,200,RoundRobin,2601.056702000278
1787819041.066926,amd_faster,0.929541942,arm64,200,RoundRobin,978.770639999766
1787819041.0722885,readdisk,1.079760812,arm64,200,RoundRobin,1134.2204920001677
1787819041.1383457,linpack,1.488871436,arm64,200,RoundRobin,1492.5156079998487
1787819041.6459496,arm_faster,0.858525139,amd64,200,RoundRobin,921.6114259997994
1787819042.047383,amd_faster,0.928772023,arm64,200,RoundRobin,980.018796999957
1787819042.067572,chacha20,0.995458373,arm64,200,RoundRobin,1048.922926999694
1787819042.2219117,readdisk,1.040751658,arm64,200,RoundRobin,1149.3312050001805
1787819042.5550005,arm_faster,0.859578065,amd64,200,RoundRobin,908.7252549998084
1787819043.0270388,amd_faster,0.929082783,arm64,200,RoundRobin,979.3391759999395
1787819043.103966,linpack,1.9220024169999999,arm64,200,RoundRobin,1965.2975970002444
1787819043.1539006,chacha20,0.998821252,arm64,200,RoundRobin,1086.0211409999465
1787819043.3481698,readdisk,1.073908573,arm64,200,RoundRobin,1125.9481289998803
1787819043.465387,arm_faster,0.860017535,amd64,200,RoundRobin,909.9150540000664
1787819044.0109494,amd_faster,0.931356702,arm64,200,RoundRobin,983.4430359996986
1787819044.2090476,chacha20,1.000016852,arm64,200,RoundRobin,1054.8323150001124
1787819044.3891335,arm_faster,0.866774395,amd64,200,RoundRobin,923.3640070001456
1787819044.470817,readdisk,1.070570653,arm64,200,RoundRobin,1122.173266000118
1787819044.5226932,linpack,1.414598686,arm64,200,RoundRobin,1418.42620899979
1787819044.9900308,amd_faster,0.928845182,arm64,200,RoundRobin,978.7440730001435
1787819045.2706463,chacha20,1.00658585,arm64,200,RoundRobin,1061.173590999715
1787819045.298106,arm_faster,0.858971328,amd64,200,RoundRobin,908.5129350000898
1787819045.5655348,readdisk,1.042137977,arm64,200,RoundRobin,1094.3927690000237
1787819045.9705453,amd_faster,0.929701862,arm64,200,RoundRobin,980.2218200002244
1787819046.4081497,linpack,1.882038342,arm64,200,RoundRobin,1885.1101400000516
1787819046.464986,arm_faster,0.866632743,amd64,200,RoundRobin,1166.5364219998082
1787819046.7394369,readdisk,1.090122371,arm64,200,RoundRobin,1173.4633799997027
1787819046.7927046,chacha20,1.453661905,arm64,200,RoundRobin,1521.7421879997346
1787819046.9558249,amd_faster,0.929724022,arm64,200,RoundRobin,984.9307459999181
1787819047.3809812,arm_faster,0.85767859,amd64,200,RoundRobin,915.6893690001198
1787819047.894001,readdisk,1.09599937,arm64,200,RoundRobin,1154.2472040000575
1787819047.9218073,linpack,1.509932553,arm64,200,RoundRobin,1513.223785000264
1787819047.9381788,amd_faster,0.929322102,arm64,200,RoundRobin,982.0510319996174
1787819047.9610898,chacha20,1.114249995,arm64,200,RoundRobin,1168.0683980002868
1787819048.293601,arm_faster,0.864127686,amd64,200,RoundRobin,912.3017169999912
1787819048.3783998,thread,16.513435899,amd64,200,RoundRobin,16568.117469999834
1787819048.9361882,amd_faster,0.931679382,arm64,200,RoundRobin,997.6349670000673
1787819048.9932985,readdisk,1.044090297,arm64,200,RoundRobin,1098.8760209997963
1787819049.0600479,chacha20,1.006326131,arm64,200,RoundRobin,1098.5604890001923
1787819049.2060912,arm_faster,0.855832299,amd64,200,RoundRobin,912.1888009999566
1787819049.7903192,linpack,1.8395854680000001,arm64,200,RoundRobin,1868.0768040003386
1787819049.928027,amd_faster,0.931419022,arm64,200,RoundRobin,991.4433949998056
1787819050.118024,chacha20,1.001289292,arm64,200,RoundRobin,1057.6380590000554
1787819050.1249301,arm_faster,0.868773486,amd64,200,RoundRobin,918.4602109999105
1787819050.1518004,readdisk,1.082639412,arm64,200,RoundRobin,1158.1911680000303
1787819050.9098532,amd_faster,0.933445621,arm64,200,RoundRobin,981.5261110002211
1787819051.0778074,arm_faster,0.858831361,amd64,200,RoundRobin,952.5877150003907
1787819051.181424,chacha20,1.01240961,arm64,200,RoundRobin,1063.000435000049
1787819051.3510184,readdisk,1.080825012,arm64,200,RoundRobin,1198.9122669997414
1787819051.3709335,linpack,1.576290824,arm64,200,RoundRobin,1580.2960860000894
1787819051.9014676,amd_faster,0.936661302,arm64,200,RoundRobin,991.3001260001693
1787819051.9915278,arm_faster,0.862390304,amd64,200,RoundRobin,913.3912160000364
1787819052.2407947,chacha20,1.005114011,arm64,200,RoundRobin,1059.035227000095
1787819052.450073,readdisk,1.042814697,arm64,200,RoundRobin,1098.62525599965
1787819052.892853,amd_faster,0.938491101,arm64,200,RoundRobin,991.0627209997074
1787819052.9036415,arm_faster,0.859189399,amd64,200,RoundRobin,911.8099820002499
1787819053.2275345,linpack,1.819320311,arm64,200,RoundRobin,1856.2851890001184
1787819053.5427039,readdisk,1.041037018,arm64,200,RoundRobin,1092.2096330000386
1787819053.8573525,arm_faster,0.862650181,amd64,200,RoundRobin,953.3088079997469
1787819053.884004,amd_faster,0.940989621,arm64,200,RoundRobin,990.8445750002102
1787819054.2127233,chacha20,1.920319675,arm64,200,RoundRobin,1971.5913959998943
1787819054.685398,readdisk,1.083304292,arm64,200,RoundRobin,1142.3016379999353
1787819054.7486737,linpack,1.517367672,arm64,200,RoundRobin,1520.7535609997649
1787819054.7766142,arm_faster,0.869146734,amd64,200,RoundRobin,918.9461699997992
1787819054.9058664,amd_faster,0.940913461,arm64,200,RoundRobin,1021.5075320002143
1787819055.2645605,chacha20,0.996242173,arm64,200,RoundRobin,1051.4947460001167
1787819055.7023544,arm_faster,0.871538348,amd64,200,RoundRobin,925.2989599999637
1787819055.7806427,readdisk,1.041731218,arm64,200,RoundRobin,1094.930464999834
1787819055.896327,amd_faster,0.939720621,arm64,200,RoundRobin,990.0544229999468
1787819056.313676,chacha20,0.995461932,arm64,200,RoundRobin,1048.7947699998585
1787819056.6218345,arm_faster,0.863142945,amd64,200,RoundRobin,919.1648120004174
1787819056.68565,linpack,1.9334047760000002,arm64,200,RoundRobin,1936.6654109999217
1787819056.8824189,amd_faster,0.937032421,arm64,200,RoundRobin,985.6820039999548
1787819056.9119568,readdisk,1.081014212,arm64,200,RoundRobin,1131.0157220000292
1787819057.5397682,arm_faster,0.859859112,amd64,200,RoundRobin,917.6233299999694
1787819057.8740437,amd_faster,0.937440221,arm64,200,RoundRobin,991.2985099999787
1787819058.0706387,readdisk,1.085498051,arm64,200,RoundRobin,1158.346676000292
1787819058.0965128,linpack,1.407354648,arm64,200,RoundRobin,1410.559316999752
1787819058.426112,chacha20,2.057331375,arm64,200,RoundRobin,2112.1082780000506
1787819058.451557,arm_faster,0.85943935,amd64,200,RoundRobin,911.4830849998725
1787819058.8634148,amd_faster,0.937807782,arm64,200,RoundRobin,988.8405810002041
1787819059.1701756,readdisk,1.044335417,arm64,200,RoundRobin,1099.205998999878
1787819059.3971133,arm_faster,0.862302777,amd64,200,RoundRobin,945.261080000364
1787819059.4858947,chacha20,1.000269331,arm64,200,RoundRobin,1059.3835529998614
1787819059.8641753,amd_faster,0.937275621,arm64,200,RoundRobin,1000.4324500000621
1787819060.1126926,linpack,1.986065448,arm64,200,RoundRobin,2015.8653870003036
1787819060.3070254,readdisk,1.085364011,arm64,200,RoundRobin,1136.5046070000062
1787819060.3157434,arm_faster,0.86186045,amd64,200,RoundRobin,918.1987870001649
1787819060.859015,amd_faster,0.936760141,arm64,200,RoundRobin,994.3974630000412
1787819061.2710736,arm_faster,0.859426889,amd64,200,RoundRobin,954.9994410003819
1787819061.4089825,readdisk,1.043987537,arm64,200,RoundRobin,1101.5678809999372
1787819061.8550673,amd_faster,0.940200261,arm64,200,RoundRobin,995.7061650002288
1787819061.9186506,linpack,1.801611434,arm64,200,RoundRobin,1805.636333000166
1787819062.083086,chacha20,2.538344584,arm64,200,RoundRobin,2596.8967240000893
1787819062.1886628,arm_faster,0.867583987,amd64,200,RoundRobin,917.1700490001058
1787819062.5394611,readdisk,1.077020773,arm64,200,RoundRobin,1130.1540660001592
1787819062.843598,amd_faster,0.938014061,arm64,200,RoundRobin,988.172423999913
1787819063.1079576,arm_faster,0.863375748,amd64,200,RoundRobin,918.9595110001392
1787819063.1636026,chacha20,1.026170688,arm64,200,RoundRobin,1080.101777999971
1787819063.5304675,readmemory,29.678839763,amd64,200,RoundRobin,29728.011824000077
1787819063.6528642,readdisk,1.062936415,arm64,200,RoundRobin,1113.077335000071
1787819063.6764674,linpack,1.75351072,arm64,200,RoundRobin,1757.5067110001328
1787819063.8297603,amd_faster,0.932089462,arm64,200,RoundRobin,985.7982329999686
1787819064.0304341,arm_faster,0.872076355,amd64,200,RoundRobin,922.0307410000714
1787819064.213093,chacha20,0.999190652,arm64,200,RoundRobin,1049.1666809998605
1787819064.3810198,thread,15.951803634000001,amd64,200,RoundRobin,16002.316373000212
1787819064.7481856,readdisk,1.040968578,arm64,200,RoundRobin,1094.9844689998827
1787819064.8121848,amd_faster,0.929180263,arm64,200,RoundRobin,982.1200179999323
1787819064.9404476,arm_faster,0.858931951,amd64,200,RoundRobin,909.6878029999971
1787819065.2633038,chacha20,0.999452852,arm64,200,RoundRobin,1049.695346000135
1787819065.6391754,linpack,1.931107376,arm64,200,RoundRobin,1962.3973600000681
1787819065.7914937,amd_faster,0.928771223,arm64,200,RoundRobin,978.9005930001622
1787819065.8488963,arm_faster,0.858580124,amd64,200,RoundRobin,908.140454000204
1787819065.8734994,readdisk,1.073654373,arm64,200,RoundRobin,1124.7186989999136
1787819066.320075,chacha20,0.997875652,arm64,200,RoundRobin,1056.3839149999694
1787819066.758721,arm_faster,0.857651787,amd64,200,RoundRobin,909.5234459996391
1787819066.7769148,amd_faster,0.934171902,arm64,200,RoundRobin,985.0931020000644
1787819067.0142953,readdisk,1.064780135,arm64,200,RoundRobin,1140.416035999806
1787819067.0430765,linpack,1.400093249,arm64,200,RoundRobin,1403.4808589999557
1787819067.370104,chacha20,0.998611012,arm64,200,RoundRobin,1049.5552729998963
1787819067.6803014,arm_faster,0.863417253,amd64,200,RoundRobin,921.1821069998223
1787819067.8030124,amd_faster,0.937366741,arm64,200,RoundRobin,1025.7893689999946
1787819068.1198225,readdisk,1.040805497,arm64,200,RoundRobin,1105.1847329999873
1787819068.5931792,arm_faster,0.8597178,amd64,200,RoundRobin,912.5378610001462
1787819068.7938545,amd_faster,0.936174141,arm64,200,RoundRobin,990.4893719999563
1787819068.8930037,chacha20,1.460523383,arm64,200,RoundRobin,1522.4548159999358
1787819068.9853098,linpack,1.905041859,arm64,200,RoundRobin,1941.8316739997863
1787819069.2304583,readdisk,1.051261017,arm64,200,RoundRobin,1110.325293999722
1787819069.5010307,arm_faster,0.859169983,amd64,200,RoundRobin,907.4308139997811
1787819069.7809846,amd_faster,0.936719981,arm64,200,RoundRobin,986.8234129999109
1787819069.9539459,chacha20,1.004165491,arm64,200,RoundRobin,1060.6381590000638
1787819070.3291965,readdisk,1.045430377,arm64,200,RoundRobin,1098.40267699974
1787819070.4010108,linpack,1.411785407,arm64,200,RoundRobin,1415.3920220001055
1787819070.4186432,arm_faster,0.862794795,amd64,200,RoundRobin,917.2992670000895
1787819070.7690244,amd_faster,0.937821861,arm64,200,RoundRobin,987.7312080002412
1787819071.0200305,chacha20,1.003815131,arm64,200,RoundRobin,1065.7627199998387
1787819071.3349352,arm_faster,0.862988438,amd64,200,RoundRobin,915.9929359998387
1787819071.4267137,readdisk,1.043491177,arm64,200,RoundRobin,1097.1170520001579
1787819071.5429273,filehandle,34.923107991,amd64,200,RoundRobin,34926.36061599979
1787819071.7531412,amd_faster,0.934259582,arm64,200,RoundRobin,983.7467930001367
1787819072.067774,chacha20,0.997099932,arm64,200,RoundRobin,1047.3295690003397
1787819072.2471263,arm_faster,0.86233771,amd64,200,RoundRobin,911.8712190002043
1787819072.3796883,linpack,1.9745569299999999,arm64,200,RoundRobin,1978.3387980000953
1787819072.524317,readdisk,1.039714218,arm64,200,RoundRobin,1097.212631000275
1787819072.7325861,amd_faster,0.928740543,arm64,200,RoundRobin,978.9700709998215
1787819073.1271837,chacha20,1.006095011,arm64,200,RoundRobin,1059.0514169998642
1787819073.1664743,arm_faster,0.862545432,amd64,200,RoundRobin,918.9135629999328
1787819073.6293714,readdisk,1.039817378,arm64,200,RoundRobin,1104.654558999755
1787819073.712723,amd_faster,0.928574463,arm64,200,RoundRobin,979.7717830001602
1787819074.1007257,arm_faster,0.858913254,amd64,200,RoundRobin,933.8284750001549
1787819074.2089944,primenumber,50.207409399,amd64,200,RoundRobin,50317.40339599992
1787819074.2198176,chacha20,1.033969166,arm64,200,RoundRobin,1092.1901639999305
1787819074.2356074,linpack,1.852175587,arm64,200,RoundRobin,1855.6026530000054
1787819074.6902812,amd_faster,0.928499623,arm64,200,RoundRobin,977.1731999999247
1787819074.7901359,readdisk,1.105265969,arm64,200,RoundRobin,1160.4221020002115
1787819075.0167143,arm_faster,0.862881386,amd64,200,RoundRobin,915.64974000039
1787819075.3085651,chacha20,0.995945412,arm64,200,RoundRobin,1088.4546759998557
1787819075.6729815,amd_faster,0.929538622,arm64,200,RoundRobin,982.3720940003113
1787819075.901443,readdisk,1.060854535,arm64,200,RoundRobin,1110.8938950001175
1787819075.937776,arm_faster,0.86392376,amd64,200,RoundRobin,920.7502969998131
1787819075.9617503,linpack,1.648387054,arm64,200,RoundRobin,1725.83448100022
1787819076.1651747,readmemory,12.577517889,amd64,200,RoundRobin,12634.393944000294
1787819076.362028,chacha20,0.998509452,arm64,200,RoundRobin,1053.1232749999617
1787819076.6558828,amd_faster,0.929858863,arm64,200,RoundRobin,982.5914989996818
1787819076.858282,arm_faster,0.859252765,amd64,200,RoundRobin,920.1443930001005
1787819077.0085292,readdisk,1.055873335,arm64,200,RoundRobin,1106.7707910001445
1787819077.4147675,chacha20,1.001368731,arm64,200,RoundRobin,1052.3012540002128
1787819077.6463265,amd_faster,0.936904461,arm64,200,RoundRobin,990.0563459996192
1787819077.77305,arm_faster,0.862489976,amd64,200,RoundRobin,914.4277039999906
1787819077.9261606,linpack,1.925829617,arm64,200,RoundRobin,1964.063284999611
1787819078.1443927,readdisk,1.0849552120000001,arm64,200,RoundRobin,1135.4795090001062
1787819078.4622972,chacha20,0.994881372,arm64,200,RoundRobin,1047.1400660003383
1787819078.6373534,amd_faster,0.936688701,arm64,200,RoundRobin,990.6061389997376
1787819078.6928875,arm_faster,0.862043256,amd64,200,RoundRobin,919.428512000195
1787819079.2510095,readdisk,1.054706655,arm64,200,RoundRobin,1106.3079460000154
1787819079.3147323,linpack,1.384225211,arm64,200,RoundRobin,1388.1182150003042
1787819079.508839,chacha20,0.995557932,arm64,200,RoundRobin,1046.216238999932
1787819079.6035993,arm_faster,0.857825916,amd64,200,RoundRobin,910.3734189998249
1787819079.6268377,amd_faster,0.936741822,arm64,200,RoundRobin,989.1584260003583
1787819080.3461561,readdisk,1.044971177,arm64,200,RoundRobin,1094.8138089997883
1787819080.5161233,arm_faster,0.859618654,amd64,200,RoundRobin,912.175192000177
1787819080.5599606,chacha20,0.996486293,arm64,200,RoundRobin,1050.8126520003316
1787819080.6455116,amd_faster,0.936102421,arm64,200,RoundRobin,1018.3549359999233
1787819081.3120458,linpack,1.993087567,arm64,200,RoundRobin,1996.9930479996947
1787819081.430614,arm_faster,0.858097153,amd64,200,RoundRobin,914.0839430001506
1787819081.4365416,readdisk,1.039931977,arm64,200,RoundRobin,1089.9697989998458
1787819081.6220748,chacha20,1.001855011,arm64,200,RoundRobin,1061.7561049998585
1787819081.6393225,amd_faster,0.935715822,arm64,200,RoundRobin,993.3825869998145
1787819082.3440523,arm_faster,0.862314303,amd64,200,RoundRobin,913.1277819997194
1787819082.5924273,readdisk,1.062843774,arm64,200,RoundRobin,1155.4867520003427
1787819082.6534593,amd_faster,0.929690183,arm64,200,RoundRobin,1013.7975869997717
1787819082.6741135,chacha20,1.000640011,arm64,200,RoundRobin,1051.6157349998139
1787819082.9297798,linpack,1.613025059,arm64,200,RoundRobin,1617.373015999874
1787819083.2590575,arm_faster,0.864336474,amd64,200,RoundRobin,914.5864160000201
1787819083.6383514,amd_faster,0.929395743,arm64,200,RoundRobin,984.4457709996277
1787819083.6825645,readdisk,1.039980858,arm64,200,RoundRobin,1089.8089719999007
1787819083.7620182,chacha20,0.993598812,arm64,200,RoundRobin,1087.479815000279
1787819084.172652,arm_faster,0.863175368,amd64,200,RoundRobin,913.1719679999151
1787819084.3358262,thread,19.894128279,amd64,200,RoundRobin,19954.473245999907
1787819084.6290836,amd_faster,0.936845141,arm64,200,RoundRobin,990.3891990002194
1787819084.7728512,linpack,1.839081148,arm64,200,RoundRobin,1842.7635279999777
1787819084.816128,chacha20,0.997399252,arm64,200,RoundRobin,1053.783191999628
1787819084.8260903,readdisk,1.081222332,arm64,200,RoundRobin,1143.2183639999494
1787819085.0918777,arm_faster,0.866983484,amd64,200,RoundRobin,918.8995869999417
1787819085.620764,amd_faster,0.937332301,arm64,200,RoundRobin,991.2221640001917
1787819085.873001,chacha20,0.998119132,arm64,200,RoundRobin,1056.4865050000662
1787819085.9640484,readdisk,1.0411931779999999,arm64,200,RoundRobin,1137.5760199998695
1787819086.0020933,arm_faster,0.85761655,amd64,200,RoundRobin,909.8775930001466
1787819086.6079147,amd_faster,0.937901701,arm64,200,RoundRobin,986.8398339999658
1787819086.704141,linpack,1.927691817,arm64,200,RoundRobin,1930.9734720000051
1787819086.9363096,chacha20,0.995886332,arm64,200,RoundRobin,1062.9123660000914
1787819086.961727,arm_faster,0.859319812,amd64,200,RoundRobin,959.1765489999489
1787819087.1894145,readdisk,1.064378694,arm64,200,RoundRobin,1224.9445899997227
1787819087.6045916,amd_faster,0.937084741,arm64,200,RoundRobin,996.3568809998833
1787819087.9109938,arm_faster,0.862713329,amd64,200,RoundRobin,948.9835600002152
1787819087.9990225,chacha20,1.007905251,arm64,200,RoundRobin,1062.390325999786
1787819088.3123765,readdisk,1.071155174,arm64,200,RoundRobin,1122.5568609997936
1787819088.3873155,linpack,1.67909505,arm64,200,RoundRobin,1682.6808949999759
1787819088.5938206,amd_faster,0.937140861,arm64,200,RoundRobin,988.9155850000861
1787819088.8379886,arm_faster,0.875692673,amd64,200,RoundRobin,926.6659979998622
1787819089.4056833,readdisk,1.041839337,arm64,200,RoundRobin,1092.9787119998764
1787819089.585099,amd_faster,0.941029181,arm64,200,RoundRobin,990.9725069996966
1787819089.7543993,arm_faster,0.864913889,amd64,200,RoundRobin,916.0082339999462
1787819089.9871185,chacha20,1.923781196,arm64,200,RoundRobin,1987.7652049999597
1787819090.3368382,linpack,1.9459558540000002,arm64,200,RoundRobin,1949.1977910001879
1787819090.5451279,readdisk,1.083797732,arm64,200,RoundRobin,1139.1186269997888
1787819090.5800261,amd_faster,0.936694742,arm64,200,RoundRobin,994.5061590001387
1787819090.668407,arm_faster,0.861976595,amd64,200,RoundRobin,913.6073829999987
1787819091.0317957,chacha20,0.995775813,arm64,200,RoundRobin,1044.274638999923
1787819091.5737872,arm_faster,0.855772527,amd64,200,RoundRobin,905.0554720001855
1787819091.5918186,amd_faster,0.937171661,arm64,200,RoundRobin,1011.4841849999721
1787819091.6491218,readdisk,1.041105657,arm64,200,RoundRobin,1103.6061970003175
1787819091.7671359,linpack,1.4265674050000001,arm64,200,RoundRobin,1429.9462210001366
1787819092.0797398,chacha20,0.995873453,arm64,200,RoundRobin,1047.637341999689
1787819092.5095704,arm_faster,0.859129138,amd64,200,RoundRobin,935.4601919999368
1787819092.6490695,amd_faster,0.937907861,arm64,200,RoundRobin,1056.908816000032
1787819092.8214386,readdisk,1.057678216,arm64,200,RoundRobin,1171.7462460001116
1787819093.4287696,arm_faster,0.870847715,amd64,200,RoundRobin,918.8967950003644
1787819093.7349582,amd_faster,0.938670341,arm64,200,RoundRobin,1085.5510019996473
1787819093.7504966,linpack,1.97938237,arm64,200,RoundRobin,1983.0294009998397
1787819093.930808,readdisk,1.057490615,arm64,200,RoundRobin,1109.0465110000878
1787819094.2109146,chacha20,2.080773892,arm64,200,RoundRobin,2130.8683699999165
1787819094.352084,arm_faster,0.869344182,amd64,200,RoundRobin,922.9840140001215
1787819094.7259953,amd_faster,0.937999461,arm64,200,RoundRobin,990.6956770000761
1787819095.0263357,readdisk,1.044999617,arm64,200,RoundRobin,1095.0872019998314
1787819095.260468,chacha20,0.997965253,arm64,200,RoundRobin,1049.2343769997206
1787819095.263587,arm_faster,0.862310021,amd64,200,RoundRobin,911.1750880001637
1787819095.5947387,linpack,1.805993393,arm64,200,RoundRobin,1843.9045110003462
1787819095.7129247,amd_faster,0.933500782,arm64,200,RoundRobin,986.5844119999565
1787819096.1161096,readdisk,1.039155858,arm64,200,RoundRobin,1089.41170099979
1787819096.2275996,arm_faster,0.862424774,amd64,200,RoundRobin,963.7080500001503
1787819096.3099892,chacha20,0.998790012,arm64,200,RoundRobin,1049.187159000212
1787819096.7258961,amd_faster,0.933326142,arm64,200,RoundRobin,1012.6511609996669
1787819097.1409369,arm_faster,0.859330639,amd64,200,RoundRobin,913.0186249999497
1787819097.2466502,readdisk,1.076818452,arm64,200,RoundRobin,1130.0912930000777
1787819097.2675397,linpack,1.669065971,arm64,200,RoundRobin,1672.500791999937
1787819097.7272913,amd_faster,0.94059702,arm64,200,RoundRobin,1000.9295610002482
1787819098.0564015,arm_faster,0.86626387,amd64,200,RoundRobin,915.0192170000082
1787819098.3440409,readdisk,1.042737817,arm64,200,RoundRobin,1097.0521230001395
1787819098.4595158,chacha20,2.098543289,arm64,200,RoundRobin,2149.1823020000993
1787819098.718671,amd_faster,0.937158502,arm64,200,RoundRobin,991.0273420000522
1787819098.9733675,arm_faster,0.85998973,amd64,200,RoundRobin,916.5460670001266
1787819099.1288166,linpack,1.82684295,arm64,200,RoundRobin,1860.964394000348
1787819099.4699745,readdisk,1.074806333,arm64,200,RoundRobin,1125.5400330001066
1787819099.5037332,chacha20,0.993464173,arm64,200,RoundRobin,1043.874488000256
1787819099.7067797,amd_faster,0.936710301,arm64,200,RoundRobin,987.7915890001532
1787819099.8950496,arm_faster,0.868034784,amd64,200,RoundRobin,921.3476370000535
1787819100.3848655,thread,15.924448025,amd64,200,RoundRobin,16048.73459700002
1787819100.5694952,chacha20,0.996161012,arm64,200,RoundRobin,1065.4387140002655
1787819100.5945532,readdisk,1.070763533,arm64,200,RoundRobin,1124.1678020001018
1787819100.6517236,linpack,1.5190966320000001,arm64,200,RoundRobin,1522.4933940003211
1787819100.6948733,amd_faster,0.936829221,arm64,200,RoundRobin,987.7937850001217
1787819100.8224423,arm_faster,0.86404081,amd64,200,RoundRobin,927.0079180000721
1787819101.6945043,amd_faster,0.937421781,arm64,200,RoundRobin,999.3034480003189
1787819101.7198107,readdisk,1.041310377,arm64,200,RoundRobin,1124.937012999908
1787819101.7541757,arm_faster,0.862489394,amd64,200,RoundRobin,931.3565129996277
1787819102.5207129,linpack,1.840843069,arm64,200,RoundRobin,1868.659684999784
1787819102.5486217,chacha20,1.9217593549999998,arm64,200,RoundRobin,1978.7930550000965
1787819102.6125822,readmemory,26.286388948,amd64,200,RoundRobin,26447.01147700016
1787819102.680159,amd_faster,0.931892622,arm64,200,RoundRobin,985.3413480000199
1787819102.713689,arm_faster,0.859758833,amd64,200,RoundRobin,959.0748620003069
1787819102.862094,readdisk,1.065144214,arm64,200,RoundRobin,1141.9514750000417
1787819103.599319,chacha20,0.996516933,arm64,200,RoundRobin,1050.2841030001946
1787819103.6510932,arm_faster,0.859661443,amd64,200,RoundRobin,937.0719170001394
1787819103.6690984,amd_faster,0.935904621,arm64,200,RoundRobin,988.4881099997074
1787819103.9905682,readdisk,1.074867292,arm64,200,RoundRobin,1127.9734549998466
1787819104.1938026,linpack,1.668655612,arm64,200,RoundRobin,1672.766505999789
1787819104.5600104,arm_faster,0.859511321,amd64,200,RoundRobin,908.5912650002683
1787819104.6491594,chacha20,0.995316292,arm64,200,RoundRobin,1049.4356590002099
1787819104.6892896,amd_faster,0.936378141,arm64,200,RoundRobin,1019.711271000233
1787819105.088196,readdisk,1.041238217,arm64,200,RoundRobin,1097.3116230002233
1787819105.4735537,arm_faster,0.859981397,amd64,200,RoundRobin,913.2273759996679
1787819105.6886444,amd_faster,0.936453141,arm64,200,RoundRobin,999.0305609999268
1787819105.7073314,chacha20,1.005763411,arm64,200,RoundRobin,1057.6863370001774
1787819106.092815,linpack,1.895112701,arm64,200,RoundRobin,1898.676080000314
1787819106.1821773,readdisk,1.042900178,arm64,200,RoundRobin,1093.5466729997643
1787819106.3833203,arm_faster,0.856621079,amd64,200,RoundRobin,909.3407629998183
1787819106.4536781,filehandle,34.906481446,amd64,200,RoundRobin,34910.44588400018
1787819106.6759107,amd_faster,0.936883941,arm64,200,RoundRobin,986.9551120000324
1787819106.7846103,chacha20,0.995676932,arm64,200,RoundRobin,1076.9340940000802
1787819107.277623,readdisk,1.041410058,arm64,200,RoundRobin,1094.9807130000409
1787819107.3057616,arm_faster,0.871058134,amd64,200,RoundRobin,922.0829730002151
1787819107.6680746,amd_faster,0.938106301,arm64,200,RoundRobin,991.8051609997747
1787819108.0076177,linpack,1.911106499,arm64,200,RoundRobin,1914.475990000028
1787819108.2553105,arm_faster,0.863491886,amd64,200,RoundRobin,949.1478639997695
1787819108.4297235,readdisk,1.086149251,arm64,200,RoundRobin,1151.7679660000795
1787819108.6618154,amd_faster,0.940393861,arm64,200,RoundRobin,993.3929290000378
1787819108.947467,chacha20,2.107796488,arm64,200,RoundRobin,2162.5452769999356
1787819109.172793,arm_faster,0.86327598,amd64,200,RoundRobin,917.1652700001687
1787819109.5715902,readdisk,1.091027651,arm64,200,RoundRobin,1141.555267000058
1787819109.6476083,amd_faster,0.936418541,arm64,200,RoundRobin,985.4705990001094
1787819109.729394,linpack,1.718073725,arm64,200,RoundRobin,1721.3343520002127
1787819109.9995885,chacha20,0.999506572,arm64,200,RoundRobin,1051.7579859997568
1787819110.0863757,arm_faster,0.859869515,amd64,200,RoundRobin,913.1763420000425
1787819110.6349933,amd_faster,0.937248261,arm64,200,RoundRobin,987.0336079998197
1787819110.6924884,readdisk,1.069318733,arm64,200,RoundRobin,1120.4318869999952
1787819111.0116658,arm_faster,0.868109423,amd64,200,RoundRobin,924.9272620004376
1787819111.0652933,chacha20,1.008287691,arm64,200,RoundRobin,1065.3009590000693
1787819111.6116736,linpack,1.878540343,arm64,200,RoundRobin,1881.8837599997096
1787819111.626719,amd_faster,0.939914781,arm64,200,RoundRobin,991.4224309995916
1787819111.7937317,readdisk,1.045444017,arm64,200,RoundRobin,1100.908630000049
1787819111.9177682,arm_faster,0.856498573,amd64,200,RoundRobin,905.7579579998674
1787819112.6218693,amd_faster,0.936259022,arm64,200,RoundRobin,994.850205000148
1787819112.8279774,arm_faster,0.855731764,amd64,200,RoundRobin,909.9101189999601
1787819112.9000423,readdisk,1.0431018970000001,arm64,200,RoundRobin,1106.0036940002647
1787819113.0483873,linpack,1.432493924,arm64,200,RoundRobin,1436.3098129997525
1787819113.174022,chacha20,2.055676256,arm64,200,RoundRobin,2108.4107570000015
1787819113.613611,amd_faster,0.937460421,arm64,200,RoundRobin,991.4247010001418
1787819113.744466,arm_faster,0.85963603,amd64,200,RoundRobin,916.1572059997525
1787819114.047375,readdisk,1.09434721,arm64,200,RoundRobin,1146.893536999869
1787819114.2337453,chacha20,1.008432291,arm64,200,RoundRobin,1059.399420000318
1787819114.608985,amd_faster,0.936166861,arm64,200,RoundRobin,995.0460959998964
1787819114.6568694,arm_faster,0.859821655,amd64,200,RoundRobin,912.0828579998488
1787819114.8641157,linpack,1.811689512,arm64,200,RoundRobin,1815.4176120001466
1787819115.14516,readdisk,1.044029497,arm64,200,RoundRobin,1097.4498430000494
1787819115.2815387,chacha20,0.996477453,arm64,200,RoundRobin,1047.4939840000843
1787819115.5691202,arm_faster,0.859622987,amd64,200,RoundRobin,911.9454100000439
1787819115.5918324,amd_faster,0.929273503,arm64,200,RoundRobin,982.5440469999194
1787819116.2628937,readdisk,1.061795214,arm64,200,RoundRobin,1117.3012240001299
1787819116.296711,linpack,1.428908285,arm64,200,RoundRobin,1432.2212760002913
1787819116.4909017,arm_faster,0.860077043,amd64,200,RoundRobin,921.3750079998135
1787819116.6107018,amd_faster,0.933560982,arm64,200,RoundRobin,1018.5671809999803
1787819117.048659,thread,16.613381428,amd64,200,RoundRobin,16663.443203000043
1787819117.3498645,chacha20,2.016908541,arm64,200,RoundRobin,2068.0213609998646
1787819117.355354,readdisk,1.044001417,arm64,200,RoundRobin,1092.0777339997585
1787819117.3975525,arm_faster,0.857565789,amd64,200,RoundRobin,906.3507199998639
1787819117.5976715,amd_faster,0.931496182,arm64,200,RoundRobin,986.6673189999347
1787819118.0960891,linpack,1.7837790359999999,arm64,200,RoundRobin,1799.0633029999117
1787819118.3087273,arm_faster,0.858693216,amd64,200,RoundRobin,910.8771639998849
1787819118.3954759,chacha20,0.994556453,arm64,200,RoundRobin,1045.2988269998968
1787819118.561346,readdisk,1.059708375,arm64,200,RoundRobin,1205.5983119998928
1787819118.576043,amd_faster,0.928738063,arm64,200,RoundRobin,978.06192500002
1787819119.2156193,arm_faster,0.856176753,amd64,200,RoundRobin,906.5830289996484
1787819119.5950878,amd_faster,0.932068142,arm64,200,RoundRobin,1018.6648829999285
1787819119.657178,readdisk,1.040874898,arm64,200,RoundRobin,1095.508473999871
1787819119.6854846,linpack,1.585480303,arm64,200,RoundRobin,1588.9645510001174
1787819120.1339316,arm_faster,0.85961782,amd64,200,RoundRobin,917.9967149998447
1787819120.586859,amd_faster,0.929774462,arm64,200,RoundRobin,991.3608209999438
1787819120.7697296,readdisk,1.045298977,arm64,200,RoundRobin,1112.1006799999122
1787819120.98546,chacha20,2.539420985,arm64,200,RoundRobin,2589.681810000002
1787819121.0459912,arm_faster,0.859358806,amd64,200,RoundRobin,911.7488279998724
1787819121.5704222,amd_faster,0.933275911,arm64,200,RoundRobin,983.1789920003757
1787819121.6781497,linpack,1.952686293,arm64,200,RoundRobin,1992.346052999892
1787819121.8919141,readdisk,1.068304174,arm64,200,RoundRobin,1121.8609180000385
1787819121.9567778,arm_faster,0.859032864,amd64,200,RoundRobin,910.4075010000088
1787819122.0404832,chacha20,0.998530906,arm64,200,RoundRobin,1054.7161240001515
1787819122.5514238,amd_faster,0.929280956,arm64,200,RoundRobin,980.691251999815
1787819122.8688066,arm_faster,0.859403635,amd64,200,RoundRobin,911.739246000252
1787819123.022094,readdisk,1.079991212,arm64,200,RoundRobin,1129.864527999871
1787819123.099808,chacha20,1.008288545,arm64,200,RoundRobin,1058.9081230000374
1787819123.1323857,linpack,1.450138081,arm64,200,RoundRobin,1453.755332000128
1787819123.5396621,amd_faster,0.936890275,arm64,200,RoundRobin,987.9291469997042
1787819123.7773652,arm_faster,0.858227268,amd64,200,RoundRobin,908.1387950000135
1787819124.1290352,readdisk,1.051180056,arm64,200,RoundRobin,1106.5500680001605
1787819124.1529357,chacha20,1.000537906,arm64,200,RoundRobin,1052.8256200000214
1787819124.41475,primenumber,50.152570196,amd64,200,RoundRobin,50205.40853500006
1787819124.530008,amd_faster,0.936006755,arm64,200,RoundRobin,990.0327179998385
1787819124.7090342,arm_faster,0.871035535,amd64,200,RoundRobin,931.3297180001427
1787819125.0214233,linpack,1.867634225,arm64,200,RoundRobin,1888.631266000175
1787819125.2251208,chacha20,0.995135267,arm64,200,RoundRobin,1071.8581759997505
1787819125.2451158,readdisk,1.061815534,arm64,200,RoundRobin,1115.7485610001459
1787819125.5191164,amd_faster,0.937039755,arm64,200,RoundRobin,988.80400500002
1787819125.615873,arm_faster,0.857794509,amd64,200,RoundRobin,906.5428169997176
1787819126.4051743,readdisk,1.070168694,arm64,200,RoundRobin,1159.638219000044
1787819126.4300833,linpack,1.404852928,arm64,200,RoundRobin,1408.306869000171
1787819126.5125494,amd_faster,0.937147035,arm64,200,RoundRobin,993.0360779999319
1787819126.535573,arm_faster,0.862231077,amd64,200,RoundRobin,919.3948249999266
1787819127.2041626,chacha20,1.9208815430000001,arm64,200,RoundRobin,1978.6488089998784
1787819127.4778225,arm_faster,0.863241697,amd64,200,RoundRobin,941.8693090001398
1787819127.4994338,readdisk,1.040776618,arm64,200,RoundRobin,1093.8195939997968
1787819127.5005946,amd_faster,0.937163475,arm64,200,RoundRobin,987.7476769997884
1787819128.266014,chacha20,1.007974866,arm64,200,RoundRobin,1061.4412859999902
1787819128.364605,linpack,1.904739179,arm64,200,RoundRobin,1934.1116700002203
1787819128.3966694,arm_faster,0.864769384,amd64,200,RoundRobin,918.5470180000266
1787819128.5728042,amd_faster,0.936938115,arm64,200,RoundRobin,1071.5930330002266
1787819128.6616316,readdisk,1.079159693,arm64,200,RoundRobin,1161.8790600000466
1787819129.314386,chacha20,0.998818867,arm64,200,RoundRobin,1047.9884979999952
1787819129.3156488,arm_faster,0.864864173,amd64,200,RoundRobin,918.7039339999501
1787819129.563123,amd_faster,0.936230755,arm64,200,RoundRobin,990.0152459999845
1787819129.8011312,readdisk,1.074905973,arm64,200,RoundRobin,1139.1871310001989
1787819129.8838613,linpack,1.515387193,arm64,200,RoundRobin,1518.9321600000767
1787819130.2795334,arm_faster,0.857986686,amd64,200,RoundRobin,963.2776050002576
1787819130.5599015,amd_faster,0.937213515,arm64,200,RoundRobin,996.3759879997269
1787819130.9363854,readdisk,1.067070854,arm64,200,RoundRobin,1134.8023619998457
1787819131.197688,arm_faster,0.858655499,amd64,200,RoundRobin,917.7411069999835
1787819131.2889307,chacha20,1.919455584,arm64,200,RoundRobin,1974.1873359998863
1787819131.5506418,amd_faster,0.938225075,arm64,200,RoundRobin,990.4306250000445
1787819131.6523557,linpack,1.7647509989999999,arm64,200,RoundRobin,1768.0798780002078
1787819132.0351214,readdisk,1.039477178,arm64,200,RoundRobin,1098.4153049998895
1787819132.126992,arm_faster,0.860599141,amd64,200,RoundRobin,928.9976879999813
1787819132.3369114,chacha20,0.997017947,arm64,200,RoundRobin,1047.6311919996988
1787819132.410422,readmemory,29.746751243,amd64,200,RoundRobin,29797.449010000037
1787819132.5395956,amd_faster,0.936658835,arm64,200,RoundRobin,988.6444230000961
1787819132.9454615,thread,15.845050901,amd64,200,RoundRobin,15896.481371999926
1787819133.047127,arm_faster,0.862960715,amd64,200,RoundRobin,919.8127780000505
1787819133.1776688,readdisk,1.089630531,arm64,200,RoundRobin,1142.057431000012
1787819133.2347476,linpack,1.5786074239999999,arm64,200,RoundRobin,1582.0604400000775
1787819133.3908172,chacha20,0.995858907,arm64,200,RoundRobin,1053.5723950001739
1787819133.5188963,amd_faster,0.929604036,arm64,200,RoundRobin,979.0007940000578
1787819133.974091,arm_faster,0.866437321,amd64,200,RoundRobin,926.5380830001959
1787819134.2697346,readdisk,1.041025898,arm64,200,RoundRobin,1091.7404289998558
1787819134.4363618,chacha20,0.993945947,arm64,200,RoundRobin,1045.145021999815
1787819134.5034494,amd_faster,0.928894396,arm64,200,RoundRobin,984.2402419999416
1787819134.8857272,arm_faster,0.862929536,amd64,200,RoundRobin,911.2413470002139
1787819135.121139,linpack,1.882600222,arm64,200,RoundRobin,1886.0490489996664
1787819135.4053874,readdisk,1.080542652,arm64,200,RoundRobin,1135.2351230002569
1787819135.4965923,amd_faster,0.928624916,arm64,200,RoundRobin,992.7825839999969
1787819135.503018,chacha20,1.008839706,arm64,200,RoundRobin,1066.3450510000985
1787819135.813723,arm_faster,0.872987919,amd64,200,RoundRobin,927.6329539998187
1787819136.4838455,amd_faster,0.931078476,arm64,200,RoundRobin,986.9401549999566
1787819136.5060747,readdisk,1.050123176,arm64,200,RoundRobin,1100.3600740000365
1787819136.5836713,linpack,1.456753521,arm64,200,RoundRobin,1462.163210000199
1787819136.7317338,arm_faster,0.864123367,amd64,200,RoundRobin,917.7094440001383
1787819137.4654808,amd_faster,0.928991356,arm64,200,RoundRobin,981.3233800000489
1787819137.5366771,chacha20,1.922063903,arm64,200,RoundRobin,2033.3501229997637
1787819137.6239293,readdisk,1.040590178,arm64,200,RoundRobin,1117.4562830001378
1787819137.6563523,arm_faster,0.8632787,amd64,200,RoundRobin,924.2231039997932
1787819138.4577217,amd_faster,0.937015955,arm64,200,RoundRobin,991.9389110000338
1787819138.5302782,linpack,1.943033134,arm64,200,RoundRobin,1946.1914120001893
1787819138.5923295,chacha20,1.004679505,arm64,200,RoundRobin,1055.2378860002136
1787819138.602765,arm_faster,0.860212067,amd64,200,RoundRobin,946.082560999912
1787819138.7324753,readdisk,1.040963658,arm64,200,RoundRobin,1108.194739999817
1787819139.445596,amd_faster,0.936832035,arm64,200,RoundRobin,987.5636380002106
1787819139.5628867,arm_faster,0.863206699,amd64,200,RoundRobin,959.8158409999087
1787819139.642477,chacha20,0.995796827,arm64,200,RoundRobin,1049.8232200002349
1787819139.8464084,readdisk,1.058517375,arm64,200,RoundRobin,1113.4572360001584
1787819140.332754,linpack,1.798889274,arm64,200,RoundRobin,1802.1251589998428
1787819140.4380538,amd_faster,0.938286155,arm64,200,RoundRobin,992.1417250002378
1787819140.4753935,arm_faster,0.859681692,amd64,200,RoundRobin,912.0835199996691
1787819140.9494236,readdisk,1.047589377,arm64,200,RoundRobin,1102.5885899998684
1787819141.4056056,arm_faster,0.86673172,amd64,200,RoundRobin,929.9100539997198
1787819141.4305828,amd_faster,0.940724155,arm64,200,RoundRobin,992.1793590001471
1787819141.437857,filehandle,34.980955353,amd64,200,RoundRobin,34983.889546000224
1787819141.6231937,chacha20,1.926702663,arm64,200,RoundRobin,1980.4135319996021
1787819142.0721626,readdisk,1.068928854,arm64,200,RoundRobin,1122.4149049999141
1787819142.098539,linpack,1.762086719,arm64,200,RoundRobin,1765.4647200001818
1787819142.3157213,arm_faster,0.856020558,amd64,200,RoundRobin,909.7570620001534
1787819142.4457982,amd_faster,0.937841315,arm64,200,RoundRobin,1014.861873999962
1787819142.6726906,chacha20,0.995996187,arm64,200,RoundRobin,1049.1155620002246
1787819143.1783893,readdisk,1.042832138,arm64,200,RoundRobin,1105.7004639997103
1787819143.2376573,arm_faster,0.867879333,amd64,200,RoundRobin,921.6373859999294
1787819143.448855,amd_faster,0.936785075,arm64,200,RoundRobin,1002.7460999999676
1787819143.731761,chacha20,0.997705147,arm64,200,RoundRobin,1058.7343820002388
1787819144.0824864,linpack,1.9460834139999998,arm64,200,RoundRobin,1983.6328829997
1787819144.1479902,arm_faster,0.85763168,amd64,200,RoundRobin,910.003426000003
1787819144.3399863,readdisk,1.110947568,arm64,200,RoundRobin,1161.2667730000794
1787819144.4430084,amd_faster,0.938138915,arm64,200,RoundRobin,993.8459679997322
1787819144.8566823,readmemory,12.394510796,amd64,200,RoundRobin,12445.950547000393
1787819145.062058,arm_faster,0.859682231,amd64,200,RoundRobin,913.7156930000856
1787819145.4394197,amd_faster,0.940694155,arm64,200,RoundRobin,996.0132080000221
1787819145.4651618,readdisk,1.071858094,arm64,200,RoundRobin,1124.860457000068
1787819145.5565615,linpack,1.470420479,arm64,200,RoundRobin,1473.7621079998462
1787819145.8899767,chacha20,2.10256716,arm64,200,RoundRobin,2157.888950999677
1787819145.9753492,arm_faster,0.855743236,amd64,200,RoundRobin,912.7699320001739
1787819146.427185,amd_faster,0.936729995,arm64,200,RoundRobin,987.3924220000845
1787819146.60477,readdisk,1.061195015,arm64,200,RoundRobin,1139.214893999906
1787819146.903696,arm_faster,0.860030836,amd64,200,RoundRobin,928.0476179997095
1787819147.0103948,chacha20,1.004453026,arm64,200,RoundRobin,1120.0366530001702
1787819147.4131598,amd_faster,0.936822715,arm64,200,RoundRobin,985.5683030000364
1787819147.529389,linpack,1.96829969,arm64,200,RoundRobin,1972.4341969999841
1787819147.8044658,readdisk,1.042348538,arm64,200,RoundRobin,1199.3843640002524
1787819147.8183749,arm_faster,0.863464773,amd64,200,RoundRobin,914.301099000113
1787819148.0644171,chacha20,1.003093786,arm64,200,RoundRobin,1053.6912730003678
1787819148.403073,amd_faster,0.936772795,arm64,200,RoundRobin,989.5320489999904
1787819148.7657373,arm_faster,0.856359673,amd64,200,RoundRobin,947.0549939997
1787819148.9053524,readdisk,1.045403897,arm64,200,RoundRobin,1100.4790340002728
1787819148.969759,linpack,1.436591803,arm64,200,RoundRobin,1440.0346870002068
1787819149.3941026,amd_faster,0.937237995,arm64,200,RoundRobin,990.6047269996634
1787819149.6774228,arm_faster,0.860176993,amd64,200,RoundRobin,911.2704110002596
1787819150.0191202,readdisk,1.059379415,arm64,200,RoundRobin,1113.4409689998392
1787819150.1674144,chacha20,2.052366406,arm64,200,RoundRobin,2102.5804179998886
1787819150.3913686,amd_faster,0.936993915,arm64,200,RoundRobin,996.7579770000157
1787819150.5931652,arm_faster,0.862108025,amd64,200,RoundRobin,915.3864149998299
1787819150.9366915,linpack,1.9631429310000001,arm64,200,RoundRobin,1966.6138569996292
1787819151.1343727,readdisk,1.061299135,arm64,200,RoundRobin,1114.7804799998084
1787819151.2293606,chacha20,1.000379947,arm64,200,RoundRobin,1061.5488029998232
1787819151.3783784,amd_faster,0.935859435,arm64,200,RoundRobin,986.583397999766
1787819151.5088913,arm_faster,0.862411767,amd64,200,RoundRobin,915.2865040000506
1787819152.2674031,readdisk,1.079390732,arm64,200,RoundRobin,1132.6006369995412
1787819152.343007,linpack,1.402849488,arm64,200,RoundRobin,1406.0133920002045
1787819152.357823,amd_faster,0.929014196,arm64,200,RoundRobin,979.0979830004289
1787819152.4254265,arm_faster,0.860118533,amd64,200,RoundRobin,916.2110030001713
1787819153.342936,arm_faster,0.858808792,amd64,200,RoundRobin,917.1417289999226
1787819153.3442895,amd_faster,0.936550155,arm64,200,RoundRobin,986.139868000464
1787819153.3631442,readdisk,1.044146057,arm64,200,RoundRobin,1095.4055089996473
1787819153.8049808,chacha20,2.524297423,arm64,200,RoundRobin,2575.3157049998663
1787819154.1746569,linpack,1.82772259,arm64,200,RoundRobin,1831.328833999578
1787819154.2047694,arm_faster,0.858288157,amd64,200,RoundRobin,861.5049749996615
1787819154.4175026,amd_faster,0.940057275,arm64,200,RoundRobin,1072.5639339998452
1787819154.5491507,readdisk,1.0848484919999999,arm64,200,RoundRobin,1185.5950720000692
1787819154.8706489,chacha20,1.006905746,arm64,200,RoundRobin,1065.3430880001906
1787819155.1178637,arm_faster,0.860866473,amd64,200,RoundRobin,912.7915110002505
1787819155.4119792,amd_faster,0.937435515,arm64,200,RoundRobin,994.1744219995599
1787819155.6410534,readdisk,1.040395217,arm64,200,RoundRobin,1091.551014000288
1787819155.8218448,linpack,1.643318976,arm64,200,RoundRobin,1646.8726009998136
1787819155.9326413,chacha20,0.999280946,arm64,200,RoundRobin,1061.6818309999871
1787819156.025199,arm_faster,0.857491981,amd64,200,RoundRobin,907.0294249995641
1787819156.4000168,amd_faster,0.936695915,arm64,200,RoundRobin,987.7405549996183
1787819156.7790446,readdisk,1.082678692,arm64,200,RoundRobin,1137.591899000654
1787819156.9263186,thread,23.922893206,amd64,200,RoundRobin,23980.45341599982
1787819156.9457352,arm_faster,0.859660367,amd64,200,RoundRobin,919.965983000111
1787819156.9887106,chacha20,1.000351146,arm64,200,RoundRobin,1055.7659839996631
1787819157.0558374,readmemory,12.140306899,amd64,200,RoundRobin,12198.859031000211
1787819157.3886096,amd_faster,0.936912795,arm64,200,RoundRobin,988.280147000296
1787819157.833322,linpack,2.007330645,arm64,200,RoundRobin,2011.0689180000918
1787819157.87493,readdisk,1.042367338,arm64,200,RoundRobin,1095.5498329994953
1787819157.907666,arm_faster,0.863739211,amd64,200,RoundRobin,961.6509879997466
1787819158.0951726,chacha20,1.002620026,arm64,200,RoundRobin,1106.147301999954
1787819158.378649,amd_faster,0.936680035,arm64,200,RoundRobin,989.7103350003817
1787819158.8530486,arm_faster,0.872362312,amd64,200,RoundRobin,945.0572229998215
1787819158.9751399,readdisk,1.042803977,arm64,200,RoundRobin,1099.908926000353
1787819159.3710103,amd_faster,0.940630034,arm64,200,RoundRobin,992.0527260001109
1787819159.7664297,arm_faster,0.863703301,amd64,200,RoundRobin,912.9362349995063
1787819159.7670414,linpack,1.929403376,arm64,200,RoundRobin,1933.4473959997922
1787819159.768538,chacha20,1.620147944,arm64,200,RoundRobin,1673.0311010005607
1787819160.123314,readdisk,1.080846332,arm64,200,RoundRobin,1147.6923350001016
1787819160.3607485,amd_faster,0.939736434,arm64,200,RoundRobin,989.3876920004914
1787819160.6921713,arm_faster,0.866615847,amd64,200,RoundRobin,924.8566480000591
1787819161.091823,chacha20,1.212001998,arm64,200,RoundRobin,1322.3296319993096
1787819161.2444139,readdisk,1.061697455,arm64,200,RoundRobin,1120.6418120000308
1787819161.298085,linpack,1.471675398,arm64,200,RoundRobin,1530.190558999493
1787819161.351911,amd_faster,0.940199234,arm64,200,RoundRobin,990.8661079998637
1787819161.6182745,arm_faster,0.868102845,amd64,200,RoundRobin,925.5269559998851
1787819162.1698961,chacha20,1.011585425,arm64,200,RoundRobin,1077.732250999361
1787819162.3421485,amd_faster,0.936915435,arm64,200,RoundRobin,989.9110930000461
1787819162.373304,readdisk,1.0750743329999999,arm64,200,RoundRobin,1128.4581760000947
1787819162.5367792,arm_faster,0.860343801,amd64,200,RoundRobin,918.1527979999373
1787819162.9072704,linpack,1.60497954,arm64,200,RoundRobin,1608.7002320000465
1787819163.240009,chacha20,1.018611864,arm64,200,RoundRobin,1069.759107000209
1787819163.3305678,amd_faster,0.936527275,arm64,200,RoundRobin,988.0748870000389
1787819163.455728,arm_faster,0.86845926,amd64,200,RoundRobin,918.6371059995508
1787819163.5217211,readdisk,1.075575093,arm64,200,RoundRobin,1148.0909660003817
1787819164.3025756,chacha20,1.008620305,arm64,200,RoundRobin,1062.22802100001
1787819164.3177505,amd_faster,0.937736915,arm64,200,RoundRobin,986.8769639997481
1787819164.373387,arm_faster,0.866947228,amd64,200,RoundRobin,917.2471269994276
1787819164.626416,readdisk,1.044325737,arm64,200,RoundRobin,1104.2999310002415
1787819164.6494882,linpack,1.737991842,arm64,200,RoundRobin,1741.8766220007456
1787819165.3041368,arm_faster,0.857778604,amd64,200,RoundRobin,930.4351000000679
1787819165.3363574,amd_faster,0.936332915,arm64,200,RoundRobin,1018.1872169996495
1787819165.3678987,chacha20,1.015102184,arm64,200,RoundRobin,1064.9893769996197
1787819165.723916,readdisk,1.041229098,arm64,200,RoundRobin,1097.1318889996837
1787819166.2277849,arm_faster,0.873151073,amd64,200,RoundRobin,923.245319999296
1787819166.3303046,amd_faster,0.929361196,arm64,200,RoundRobin,993.5325020005621
1787819166.5245178,chacha20,1.076180137,arm64,200,RoundRobin,1156.3060689995837
1787819166.572479,linpack,1.888736382,arm64,200,RoundRobin,1922.6705900000525
1787819166.818281,readdisk,1.043886337,arm64,200,RoundRobin,1093.9512540007854
1787819167.1565895,arm_faster,0.873579323,amd64,200,RoundRobin,928.4406220003802
1787819167.3095539,amd_faster,0.929287956,arm64,200,RoundRobin,978.9111489999414
1787819167.5744643,chacha20,0.997961107,arm64,200,RoundRobin,1049.5623430006162
1787819167.9203796,readdisk,1.049740776,arm64,200,RoundRobin,1101.6442179998194
1787819168.0704725,arm_faster,0.858419119,amd64,200,RoundRobin,913.5534999995798
1787819168.2930732,amd_faster,0.929313076,arm64,200,RoundRobin,983.1418269995993
1787819168.4805305,linpack,1.90272898,arm64,200,RoundRobin,1907.723951000662
1787819168.6375654,chacha20,1.000034547,arm64,200,RoundRobin,1062.7882499993575
1787819168.983993,arm_faster,0.860721434,amd64,200,RoundRobin,913.2100460001311
1787819169.0306895,readdisk,1.058419415,arm64,200,RoundRobin,1109.9908770002003
1787819169.277598,amd_faster,0.931805075,arm64,200,RoundRobin,984.122386999843
1787819169.9031909,arm_faster,0.859927869,amd64,200,RoundRobin,918.888786000025
1787819170.1836689,readdisk,1.087527572,arm64,200,RoundRobin,1152.6636019998477
1787819170.208993,linpack,1.724880684,arm64,200,RoundRobin,1728.1568979997246
1787819170.2717087,amd_faster,0.939709955,arm64,200,RoundRobin,993.7044890002653
1787819170.7778866,chacha20,2.086719801,arm64,200,RoundRobin,2140.021752999928
1787819170.822055,arm_faster,0.863395462,amd64,200,RoundRobin,918.4605410000586
1787819171.2595708,amd_faster,0.937801195,arm64,200,RoundRobin,987.5217819999307
1787819171.2956846,readdisk,1.059027375,arm64,200,RoundRobin,1111.6464500000802
1787819171.7397928,arm_faster,0.859127701,amd64,200,RoundRobin,917.412386000251
1787819171.8273523,chacha20,0.996929427,arm64,200,RoundRobin,1049.0867689995866
1787819172.157689,linpack,1.920185137,arm64,200,RoundRobin,1948.2480579999901
1787819172.24758,amd_faster,0.936312515,arm64,200,RoundRobin,987.6777959998435
1787819172.4174325,readdisk,1.049274497,arm64,200,RoundRobin,1121.279859000424
1787819172.6571152,arm_faster,0.869119589,amd64,200,RoundRobin,916.9920229996933
1787819172.8810565,chacha20,0.997442426,arm64,200,RoundRobin,1053.3983920004175
1787819172.9285073,thread,15.936175581,amd64,200,RoundRobin,16001.85508300001
1787819173.2359705,amd_faster,0.936481675,arm64,200,RoundRobin,988.0681000004188
1787819173.534616,readdisk,1.062022336,arm64,200,RoundRobin,1116.8330970003808
1787819173.5754411,arm_faster,0.864640204,amd64,200,RoundRobin,917.9727800001274
1787819174.026423,linpack,1.8643513870000001,arm64,200,RoundRobin,1868.2999060001748
1787819174.229545,amd_faster,0.940624635,arm64,200,RoundRobin,993.2558090004022
1787819174.527891,arm_faster,0.872367951,amd64,200,RoundRobin,952.1319269997548
1787819174.6749227,readdisk,1.071617655,arm64,200,RoundRobin,1139.9649700006194
1787819174.6874833,primenumber,50.207428671,amd64,200,RoundRobin,50272.43054400015
1787819175.02594,chacha20,2.09416348,arm64,200,RoundRobin,2144.473322000522
1787819175.2193477,amd_faster,0.938604674,arm64,200,RoundRobin,989.3924859998151
1787819175.4448557,arm_faster,0.864368395,amd64,200,RoundRobin,916.6367299994818
1787819175.8386428,readdisk,1.10804997,arm64,200,RoundRobin,1163.3731740002986
1787819175.8666494,linpack,1.836449191,arm64,200,RoundRobin,1839.884615000301
1787819176.0799391,chacha20,1.001161187,arm64,200,RoundRobin,1053.6810459998378
1787819176.2056198,amd_faster,0.936356035,arm64,200,RoundRobin,985.9392980006305
1787819176.3620489,arm_faster,0.858423984,amd64,200,RoundRobin,916.7509400003837
1787819176.5918853,filehandle,35.082899763,amd64,200,RoundRobin,35153.726769999594
1787819176.9371097,readdisk,1.040908419,arm64,200,RoundRobin,1098.1273880006484
1787819177.129861,chacha20,0.999297467,arm64,200,RoundRobin,1049.5922330001122
1787819177.199328,amd_faster,0.936190595,arm64,200,RoundRobin,993.3186259995637
1787819177.2724845,arm_faster,0.860303479,amd64,200,RoundRobin,910.0205730001107
1787819177.8021104,linpack,1.904644222,arm64,200,RoundRobin,1935.1131579996945
1787819178.0793417,readdisk,1.0840230929999999,arm64,200,RoundRobin,1141.7936710004142
1787819178.1868634,amd_faster,0.936595675,arm64,200,RoundRobin,987.2089760001472
1787819178.1882281,arm_faster,0.859916337,amd64,200,RoundRobin,915.4292039993379
1787819179.1521857,arm_faster,0.860819337,amd64,200,RoundRobin,963.2180689995948
1787819179.174528,amd_faster,0.937097755,arm64,200,RoundRobin,987.3582410000381
1787819179.1886544,readdisk,1.056460897,arm64,200,RoundRobin,1108.9730159992541
1787819179.2178478,linpack,1.411851489,arm64,200,RoundRobin,1415.2837659994475
1787819179.288278,chacha20,2.107962718,arm64,200,RoundRobin,2157.9709420002473
1787819180.0196,arm_faster,0.864327713,amd64,200,RoundRobin,866.9719399995302
1787819180.1623075,amd_faster,0.937005675,arm64,200,RoundRobin,987.3564580002494
1787819180.3240776,readdisk,1.045241419,arm64,200,RoundRobin,1135.1109810002527
1787819180.3383665,chacha20,0.999366106,arm64,200,RoundRobin,1049.6571929998026
1787819180.9297986,arm_faster,0.860664796,amd64,200,RoundRobin,909.8593519993301
1787819181.1524532,amd_faster,0.936744955,arm64,200,RoundRobin,989.8099459996956
1787819181.2244506,linpack,1.944507137,arm64,200,RoundRobin,2006.2497159997292
1787819181.4197423,chacha20,0.995692267,arm64,200,RoundRobin,1081.0527009998623
1787819181.4487314,readdisk,1.074361494,arm64,200,RoundRobin,1124.3086289996427
1787819181.8421752,arm_faster,0.860134296,amd64,200,RoundRobin,912.0822810000391
1787819182.1399214,amd_faster,0.936935515,arm64,200,RoundRobin,987.1318659997996
1787819182.5841935,readdisk,1.060217816,arm64,200,RoundRobin,1135.1562509998985
1787819182.6635222,linpack,1.434979726,arm64,200,RoundRobin,1438.7273480006115
1787819182.7711492,arm_faster,0.862550644,amd64,200,RoundRobin,928.5336250004548
1787819183.1214724,readmemory,25.96876247,amd64,200,RoundRobin,26065.301300999636
1787819183.1297941,amd_faster,0.937510395,arm64,200,RoundRobin,989.5558949992846
1787819183.5777516,chacha20,2.106355399,arm64,200,RoundRobin,2157.6851259997056
1787819183.692116,arm_faster,0.865052447,amd64,200,RoundRobin,920.5372169999464
1787819183.7044086,readdisk,1.060082456,arm64,200,RoundRobin,1119.6877689999383
1787819184.1668508,amd_faster,0.937844914,arm64,200,RoundRobin,1036.7334150005263
1787819184.5391202,linpack,1.871864626,arm64,200,RoundRobin,1875.223298999117
1787819184.5980363,arm_faster,0.856357158,amd64,200,RoundRobin,905.4980339997201
1787819184.6409433,chacha20,1.009321865,arm64,200,RoundRobin,1062.853494000592
1787819184.8834217,readdisk,1.089585853,arm64,200,RoundRobin,1178.5963020001873
1787819185.158893,amd_faster,0.936447155,arm64,200,RoundRobin,991.7023180005344
1787819185.5149863,arm_faster,0.864752171,amd64,200,RoundRobin,916.5591170003609
1787819186.0357893,readdisk,1.083340653,arm64,200,RoundRobin,1152.0240889994966
1787819186.0631552,linpack,1.520488394,arm64,200,RoundRobin,1523.6137729998518
1787819186.1476061,amd_faster,0.932615315,arm64,200,RoundRobin,988.3738180005821
1787819186.4263852,arm_faster,0.86031864,amd64,200,RoundRobin,910.9722019993569
1787819187.1324558,readdisk,1.042390859,arm64,200,RoundRobin,1096.3258869996935
1787819187.1339202,amd_faster,0.928738196,arm64,200,RoundRobin,986.0284859996682
1787819187.175307,chacha20,2.467260071,arm64,200,RoundRobin,2533.946864000427
1787819187.3517826,arm_faster,0.864487479,amd64,200,RoundRobin,925.0716480000847
1787819188.0914557,linpack,2.000072729,arm64,200,RoundRobin,2027.8036320005413
1787819188.161487,amd_faster,0.928919876,arm64,200,RoundRobin,1026.8773630004944
1787819188.2308326,readdisk,1.044930859,arm64,200,RoundRobin,1097.9519439997603
1787819188.2677093,arm_faster,0.862430012,amd64,200,RoundRobin,915.6196039994029
1787819188.2788694,chacha20,0.996630027,arm64,200,RoundRobin,1103.2434300004752
1787819189.1418881,amd_faster,0.929160556,arm64,200,RoundRobin,980.0653539996347
1787819189.2435467,arm_faster,0.860574385,amd64,200,RoundRobin,975.5087140001706
1787819189.3311567,chacha20,1.000761946,arm64,200,RoundRobin,1051.9822959995508
1787819189.3380623,readdisk,1.056088897,arm64,200,RoundRobin,1106.9287279997297
1787819189.7888598,thread,16.807231693,amd64,200,RoundRobin,16860.02224099957
1787819190.0314107,linpack,1.9358646579999998,arm64,200,RoundRobin,1939.5452349999687
1787819190.1275156,amd_faster,0.936317835,arm64,200,RoundRobin,985.3045099998781
1787819190.1650214,arm_faster,0.871150994,amd64,200,RoundRobin,921.0975559999497
1787819190.38506,chacha20,1.004235386,arm64,200,RoundRobin,1053.5049689997322
1787819190.4764345,readdisk,1.042016858,arm64,200,RoundRobin,1137.9615149999154
1787819191.1000502,arm_faster,0.866630045,amd64,200,RoundRobin,934.6520819999569
1787819191.1186204,amd_faster,0.937705915,arm64,200,RoundRobin,990.7886470000449
1787819191.4417439,chacha20,0.999369107,arm64,200,RoundRobin,1056.3351310001963
1787819191.5753617,readdisk,1.040849339,arm64,200,RoundRobin,1098.5005030006505
1787819191.8879902,linpack,1.8527773490000001,arm64,200,RoundRobin,1856.2496380000084
1787819192.0157576,arm_faster,0.860769655,amd64,200,RoundRobin,915.31510599998
1787819192.1391087,amd_faster,0.936506835,arm64,200,RoundRobin,1020.1622000004136
1787819192.5288305,chacha20,1.032903662,arm64,200,RoundRobin,1086.7383079994397
1787819192.676341,readdisk,1.040364699,arm64,200,RoundRobin,1100.5735250000726
1787819192.9329317,arm_faster,0.85982355,amd64,200,RoundRobin,916.8444450006064
1787819193.1406379,amd_faster,0.936802395,arm64,200,RoundRobin,1001.1702279998644
1787819193.5748808,chacha20,0.995804347,arm64,200,RoundRobin,1045.746859999781
1787819193.683597,linpack,1.791805358,arm64,200,RoundRobin,1795.2719039994918
1787819193.8176863,readdisk,1.076956094,arm64,200,RoundRobin,1141.0102829995594
1787819193.8580637,arm_faster,0.872246179,amd64,200,RoundRobin,924.8473340003329
1787819194.152541,amd_faster,0.936511235,arm64,200,RoundRobin,1011.5537729998323
1787819194.7990837,arm_faster,0.860842827,amd64,200,RoundRobin,940.6207699994411
1787819194.9311354,readdisk,1.043871258,arm64,200,RoundRobin,1113.0762390002928
1787819195.1415205,amd_faster,0.936981155,arm64,200,RoundRobin,988.6627710002358
1787819195.6263132,linpack,1.938492257,arm64,200,RoundRobin,1942.3104290008268
1787819195.6901867,chacha20,2.063351845,arm64,200,RoundRobin,2114.9979769998026
1787819195.7181146,arm_faster,0.863505673,amd64,200,RoundRobin,918.6203549998027
1787819196.0263317,readdisk,1.044706698,arm64,200,RoundRobin,1094.7135599999456
1787819196.1350224,amd_faster,0.937610275,arm64,200,RoundRobin,993.1839080009013
1787819196.6528728,arm_faster,0.863015792,amd64,200,RoundRobin,934.3428739994124
1787819196.7370446,chacha20,0.996680187,arm64,200,RoundRobin,1046.4318929998626
1787819197.1253111,amd_faster,0.936127115,arm64,200,RoundRobin,989.836503999868
1787819197.1630645,readdisk,1.0810420139999999,arm64,200,RoundRobin,1136.3672059997043
1787819197.2056165,linpack,1.575502026,arm64,200,RoundRobin,1578.9646940002058
1787819197.5730667,arm_faster,0.867652975,amd64,200,RoundRobin,919.8662019998665
1787819197.7930808,chacha20,0.996538987,arm64,200,RoundRobin,1055.6708619997153
1787819198.1261396,amd_faster,0.936056715,arm64,200,RoundRobin,1000.4087919996891
1787819198.2850378,readdisk,1.046238938,arm64,200,RoundRobin,1121.6066580000188
1787819198.4945476,arm_faster,0.865190993,amd64,200,RoundRobin,921.1115940006493
1787819199.116897,amd_faster,0.937879995,arm64,200,RoundRobin,990.3368099994623
1787819199.1994388,linpack,1.959874255,arm64,200,RoundRobin,1993.4729619999416
1787819199.201392,readmemory,16.024945824,amd64,200,RoundRobin,16079.600854000091
1787819199.4167025,arm_faster,0.864539636,amd64,200,RoundRobin,921.7402539998147
1787819199.4279406,readdisk,1.083497613,arm64,200,RoundRobin,1142.5499739998486
1787819199.7707455,chacha20,1.921922344,arm64,200,RoundRobin,1977.2733849995348
1787819200.1049645,amd_faster,0.937783954,arm64,200,RoundRobin,987.7347109995753
1787819200.3358035,arm_faster,0.869698538,amd64,200,RoundRobin,918.7834799995471
1787819200.593666,readdisk,1.066831936,arm64,200,RoundRobin,1165.4166260004786
1787819200.6223402,linpack,1.419189368,arm64,200,RoundRobin,1422.479519999797
1787819200.819962,chacha20,1.000073747,arm64,200,RoundRobin,1048.9047439996284
1787819201.097096,amd_faster,0.936912555,arm64,200,RoundRobin,991.7812359999516
1787819201.261355,arm_faster,0.875673954,amd64,200,RoundRobin,925.1725260000967
1787819201.6931612,readdisk,1.048159058,arm64,200,RoundRobin,1099.1891780004153
1787819201.8753467,chacha20,1.001906826,arm64,200,RoundRobin,1054.9854539995067
1787819202.0889337,amd_faster,0.936152115,arm64,200,RoundRobin,991.3717090003047
1787819202.1745224,arm_faster,0.862971274,amd64,200,RoundRobin,912.7796470002068
1787819202.5038192,linpack,1.857834908,arm64,200,RoundRobin,1881.1604170005012
1787819202.8100371,readdisk,1.065528575,arm64,200,RoundRobin,1116.4725750004436
1787819202.9351022,chacha20,1.002057267,arm64,200,RoundRobin,1059.3601820000913
1787819203.0796149,amd_faster,0.936170115,arm64,200,RoundRobin,990.350330000183
1787819203.1180115,arm_faster,0.867157803,amd64,200,RoundRobin,943.1773650003379
1787819203.9574704,readdisk,1.095659372,arm64,200,RoundRobin,1147.0679419999215
1787819203.9856744,chacha20,0.994749028,arm64,200,RoundRobin,1050.1506459995653
1787819204.0174685,linpack,1.508648076,arm64,200,RoundRobin,1513.326399000107
1787819204.0499134,arm_faster,0.868021136,amd64,200,RoundRobin,931.570026999907
1787819204.0651119,amd_faster,0.936057515,arm64,200,RoundRobin,985.1963069995691
1787819205.1937907,arm_faster,0.866983514,amd64,200,RoundRobin,1143.5560919999261
1787819205.2620447,readdisk,1.0427672590000001,arm64,200,RoundRobin,1304.2587150002873
1787819205.3123581,amd_faster,0.936123195,arm64,200,RoundRobin,1246.7458470000565
1787819206.0654387,linpack,1.7905221569999998,arm64,200,RoundRobin,2047.6164900001095
1787819206.111077,arm_faster,0.864343222,amd64,200,RoundRobin,916.8908819992794
1787819206.1928673,chacha20,1.919416584,arm64,200,RoundRobin,2206.873473000087
1787819206.3019423,amd_faster,0.936418635,arm64,200,RoundRobin,989.1894430002139
1787819206.3753848,readdisk,1.060303496,arm64,200,RoundRobin,1112.8181630001563
1787819207.026606,arm_faster,0.866864844,amd64,200,RoundRobin,915.1302200007194
1787819207.2940598,amd_faster,0.936393795,arm64,200,RoundRobin,991.8026219993408
1787819207.3193102,chacha20,0.997932667,arm64,200,RoundRobin,1126.0189590002483
1787819207.469951,readdisk,1.043604258,arm64,200,RoundRobin,1094.2295799995918
1787819207.7087784,linpack,1.639428458,arm64,200,RoundRobin,1642.9849059995831
1787819207.9436111,arm_faster,0.86464677,amd64,200,RoundRobin,916.6069329994571
1787819208.2891555,amd_faster,0.937199955,arm64,200,RoundRobin,994.6327150000798
1787819208.3974245,chacha20,0.997913347,arm64,200,RoundRobin,1077.7839089996633
1787819208.6629214,readdisk,1.058834377,arm64,200,RoundRobin,1192.6455970005918
1787819208.8740456,arm_faster,0.872838619,amd64,200,RoundRobin,930.1299389999258
1787819209.0135174,thread,19.163763279,amd64,200,RoundRobin,19224.335115999565
1787819209.281547,amd_faster,0.941058155,arm64,200,RoundRobin,991.9551409993801
1787819209.6399782,linpack,1.9270879380000001,arm64,200,RoundRobin,1930.8810170005017
1787819209.788609,arm_faster,0.863430042,amd64,200,RoundRobin,914.1858240000147
1787819209.797038,readdisk,1.079519214,arm64,200,RoundRobin,1133.7664170005155
1787819210.2750766,amd_faster,0.940472834,arm64,200,RoundRobin,993.164469000476
1787819210.5231242,chacha20,2.074593483,arm64,200,RoundRobin,2125.351362999936
1787819210.7108252,arm_faster,0.863640959,amd64,200,RoundRobin,921.8589100000827
1787819210.9481876,readdisk,1.043836499,arm64,200,RoundRobin,1150.812921000579
1787819211.22908,linpack,1.584793425,arm64,200,RoundRobin,1588.7704759998087
1787819211.2638354,amd_faster,0.937074115,arm64,200,RoundRobin,988.3794389998002
1787819211.581446,chacha20,1.005312146,arm64,200,RoundRobin,1057.9148360002364
1787819211.6200466,arm_faster,0.860053126,amd64,200,RoundRobin,908.9029579999988
1787819211.6739576,filehandle,35.078160276,amd64,200,RoundRobin,35081.76456900037
1787819212.0453918,readdisk,1.043313418,arm64,200,RoundRobin,1096.788440000637
1787819212.2587497,amd_faster,0.937587114,arm64,200,RoundRobin,994.5538869997108
1787819212.5524786,arm_faster,0.859128558,amd64,200,RoundRobin,932.0020870000008
1787819212.642272,chacha20,0.997571107,arm64,200,RoundRobin,1060.4417430004105
1787819213.094921,linpack,1.862042308,arm64,200,RoundRobin,1865.4450330004693
1787819213.1874535,readdisk,1.085447973,arm64,200,RoundRobin,1141.7411359998368
1787819213.2485116,amd_faster,0.937196675,arm64,200,RoundRobin,989.3985059998158
1787819213.523409,arm_faster,0.864025393,amd64,200,RoundRobin,970.5432820001079
1787819214.2395508,amd_faster,0.937316195,arm64,200,RoundRobin,990.7158299993171
1787819214.2850637,readdisk,1.039331619,arm64,200,RoundRobin,1097.2855580002943
1787819214.4421415,arm_faster,0.859393756,amd64,200,RoundRobin,918.3792710000489
1787819214.787834,chacha20,2.0959112,arm64,200,RoundRobin,2145.192684999529
1787819214.9442995,linpack,1.8453534299999999,arm64,200,RoundRobin,1848.9385860002585
1787819215.3038146,amd_faster,0.936045195,arm64,200,RoundRobin,1063.9268530003392
1787819215.3585021,arm_faster,0.859540835,amd64,200,RoundRobin,915.9682620002059
1787819215.4462857,readdisk,1.068967255,arm64,200,RoundRobin,1160.7441500000277
1787819215.8425338,chacha20,1.004509466,arm64,200,RoundRobin,1054.3725330007874
1787819216.2781136,arm_faster,0.869522745,amd64,200,RoundRobin,919.2881700000726
1787819216.2865665,amd_faster,0.929218916,arm64,200,RoundRobin,982.421871999577
1787819216.584578,readdisk,1.087583973,arm64,200,RoundRobin,1137.9725870001494
1787819216.6351583,linpack,1.686617011,arm64,200,RoundRobin,1690.496334999807
1787819216.9010756,chacha20,0.999542667,arm64,200,RoundRobin,1058.194829999593
1787819217.1170187,readmemory,17.858584696,amd64,200,RoundRobin,17915.319825999177
1787819217.1995404,arm_faster,0.863626811,amd64,200,RoundRobin,921.0040799998751
1787819217.3137686,amd_faster,0.929684276,arm64,200,RoundRobin,1026.8910749991846
1787819217.6917224,readdisk,1.052919298,arm64,200,RoundRobin,1106.8029669995667
1787819218.1207201,arm_faster,0.866967576,amd64,200,RoundRobin,920.841148999898
1787819218.2938826,amd_faster,0.929687636,arm64,200,RoundRobin,979.7965660000045
1787819218.4457314,linpack,1.8056287549999999,arm64,200,RoundRobin,1810.1444439998886
1787819218.7920732,readdisk,1.042096058,arm64,200,RoundRobin,1100.03285699986
1787819219.0289114,chacha20,2.075362323,arm64,200,RoundRobin,2127.4876500001483
1787819219.0365427,arm_faster,0.86628614,amd64,200,RoundRobin,915.5017010007214
1787819219.2795348,amd_faster,0.929707876,arm64,200,RoundRobin,985.2881399992839
1787819219.8883972,readdisk,1.039152459,arm64,200,RoundRobin,1095.8297690003747
1787819219.939812,linpack,1.490204118,arm64,200,RoundRobin,1493.756052000208
1787819220.0033333,arm_faster,0.867373436,amd64,200,RoundRobin,966.3940790005654
1787819220.0783982,chacha20,0.993546748,arm64,200,RoundRobin,1049.0927780001584
1787819220.2590985,amd_faster,0.928519316,arm64,200,RoundRobin,979.2246480001268
1787819220.9300656,arm_faster,0.867347131,amd64,200,RoundRobin,926.3423559996227
1787819220.986074,readdisk,1.043915578,arm64,200,RoundRobin,1097.348652000619
1787819221.2385151,amd_faster,0.928791996,arm64,200,RoundRobin,978.9957109996976
1787819221.7984872,linpack,1.8542365090000001,arm64,200,RoundRobin,1858.3543889999419
1787819221.845604,arm_faster,0.864209229,amd64,200,RoundRobin,915.148944000066
1787819222.110848,readdisk,1.065939016,arm64,200,RoundRobin,1124.341586999435
1787819222.2177932,amd_faster,0.928347036,arm64,200,RoundRobin,978.921874999287
1787819222.5520449,chacha20,2.419279357,arm64,200,RoundRobin,2473.264739000115
1787819222.769883,arm_faster,0.864998134,amd64,200,RoundRobin,923.9544420006496
1787819223.203914,amd_faster,0.928787276,arm64,200,RoundRobin,985.8006670001487
1787819223.2311614,readdisk,1.069400695,arm64,200,RoundRobin,1119.9857870005872
1787819223.2811005,linpack,1.47902744,arm64,200,RoundRobin,1482.3087760005365
1787819223.608089,chacha20,1.0033884259999999,arm64,200,RoundRobin,1055.6764029997794
1787819223.6875818,arm_faster,0.864498086,amd64,200,RoundRobin,917.3480970002856
1787819224.1818588,amd_faster,0.928987516,arm64,200,RoundRobin,977.6176700006545
1787819224.3760104,readdisk,1.067095455,arm64,200,RoundRobin,1144.4299019995015
1787819224.6214044,arm_faster,0.866776363,amd64,200,RoundRobin,933.4024259997022
1787819224.6593523,chacha20,0.995794748,arm64,200,RoundRobin,1050.8086059999187
1787819224.9655633,primenumber,50.179916708,amd64,200,RoundRobin,50277.73222799988
1787819224.966868,linpack,1.655586015,arm64,200,RoundRobin,1685.382462999769
1787819225.1599782,amd_faster,0.928994916,arm64,200,RoundRobin,977.785889000188
1787819225.4710214,readdisk,1.042323459,arm64,200,RoundRobin,1094.5467110004756
1787819225.5601716,arm_faster,0.88986534,amd64,200,RoundRobin,938.4413810003025
1787819225.7208369,chacha20,0.994369947,arm64,200,RoundRobin,1061.1760890005826
1787819226.145691,amd_faster,0.929083956,arm64,200,RoundRobin,985.3856089994224
1787819226.476392,arm_faster,0.864502518,amd64,200,RoundRobin,915.71918200043
1787819226.5881598,readdisk,1.066151855,arm64,200,RoundRobin,1116.675184000087
1787819226.6110752,linpack,1.577145266,arm64,200,RoundRobin,1643.5269749999861
1787819226.7693415,chacha20,0.995415347,arm64,200,RoundRobin,1048.1144289997246
1787819227.1234858,amd_faster,0.928376396,arm64,200,RoundRobin,977.465831999325
1787819227.3979273,arm_faster,0.866569673,amd64,200,RoundRobin,921.2018130001525
1787819227.6921074,readdisk,1.041699939,arm64,200,RoundRobin,1103.5192709996409
1787819227.767342,thread,18.696299931,amd64,200,RoundRobin,18753.41928599937
1787819227.8270016,chacha20,1.000831787,arm64,200,RoundRobin,1057.3330730003363
1787819228.1029954,amd_faster,0.929808076,arm64,200,RoundRobin,979.1877759998897
1787819228.313776,arm_faster,0.864860231,amd64,200,RoundRobin,915.517515000829
1787819228.5114894,linpack,1.859624588,arm64,200,RoundRobin,1900.071576999835
1787819228.7885861,readdisk,1.042144819,arm64,200,RoundRobin,1096.0475510000833
1787819229.101768,amd_faster,0.937517915,arm64,200,RoundRobin,998.43133900049
1787819229.2255974,arm_faster,0.862217166,amd64,200,RoundRobin,911.5044579993992
1787819229.684582,chacha20,1.780114003,arm64,200,RoundRobin,1857.2554439997475
1787819229.8840363,readdisk,1.042586059,arm64,200,RoundRobin,1095.1287029993182
1787819229.9109356,linpack,1.394886011,arm64,200,RoundRobin,1399.062368000159
1787819230.0911295,amd_faster,0.936885675,arm64,200,RoundRobin,989.0028219997475
1787819230.1449103,arm_faster,0.859838381,amd64,200,RoundRobin,918.9940910000587
1787819230.7290347,chacha20,0.995229748,arm64,200,RoundRobin,1044.1367849998642
1787819230.9873307,readdisk,1.040822379,arm64,200,RoundRobin,1102.8476219998993
1787819231.0696974,arm_faster,0.86903513,amd64,200,RoundRobin,924.39640900011
1787819231.0801876,amd_faster,0.937140355,arm64,200,RoundRobin,988.6388649993023
1787819231.7371557,linpack,1.789352837,arm64,200,RoundRobin,1825.7185439997556
1787819231.7785003,chacha20,0.997037786,arm64,200,RoundRobin,1049.1111629999068
1787819231.9868124,arm_faster,0.866698138,amd64,200,RoundRobin,916.7696840004282
1787819232.1114626,amd_faster,0.936793435,arm64,200,RoundRobin,1030.868188000568
1787819232.1287653,readdisk,1.089371572,arm64,200,RoundRobin,1141.0902600000554
1787819232.8337815,chacha20,1.002080427,arm64,200,RoundRobin,1054.9638140000752
1787819232.8999386,arm_faster,0.862624651,amd64,200,RoundRobin,912.5895220004168
1787819233.0987334,amd_faster,0.936342755,arm64,200,RoundRobin,986.9085479995192
1787819233.278103,readdisk,1.065866095,arm64,200,RoundRobin,1148.99965099994
1787819233.3401868,linpack,1.599174023,arm64,200,RoundRobin,1602.5891190001857
1787819233.8107226,arm_faster,0.859915602,amd64,200,RoundRobin,910.4257889994187
1787819233.885827,chacha20,0.998857226,arm64,200,RoundRobin,1051.7405659993528
1787819234.08711,amd_faster,0.936167715,arm64,200,RoundRobin,988.0709420003768
1787819234.3791943,readdisk,1.041113779,arm64,200,RoundRobin,1100.6929799996215
1787819234.728706,arm_faster,0.868110711,amd64,200,RoundRobin,917.6701920005144
1787819235.0415394,chacha20,1.098206293,arm64,200,RoundRobin,1155.398611000237
1787819235.0749002,amd_faster,0.935886316,arm64,200,RoundRobin,987.3732790001668
1787819235.247825,linpack,1.9037693409999998,arm64,200,RoundRobin,1907.2093699996913
1787819235.4906707,readdisk,1.056595817,arm64,200,RoundRobin,1111.0638419995666
1787819235.6388552,arm_faster,0.860545913,amd64,200,RoundRobin,909.8431949996666
1787819236.0790527,amd_faster,0.936138636,arm64,200,RoundRobin,1003.8149390002218
1787819236.5576396,arm_faster,0.867430736,amd64,200,RoundRobin,918.487766999533
1787819236.621333,readdisk,1.076248694,arm64,200,RoundRobin,1130.2298899991001
1787819236.686161,linpack,1.434291045,arm64,200,RoundRobin,1437.9943409994667
1787819237.0654776,amd_faster,0.936741675,arm64,200,RoundRobin,986.0878950003098
1787819237.437098,chacha20,2.340984047,arm64,200,RoundRobin,2395.195626999339
1787819237.4790957,arm_faster,0.872005682,amd64,200,RoundRobin,921.1373549997006
1787819237.7383716,readdisk,1.064930696,arm64,200,RoundRobin,1116.615434999403
1787819238.0539656,amd_faster,0.936483435,arm64,200,RoundRobin,988.1714880002619
1787819238.4107077,arm_faster,0.871426221,amd64,200,RoundRobin,931.2909560003391
1787819238.4969482,chacha20,1.007209586,arm64,200,RoundRobin,1059.4406239997625
1787819238.5550287,linpack,1.8651221470000001,arm64,200,RoundRobin,1868.4015879998697
1787819238.8656235,readdisk,1.074344614,arm64,200,RoundRobin,1126.9219719997636
1787819239.044996,amd_faster,0.936781675,arm64,200,RoundRobin,990.7051670006695
1787819239.327941,arm_faster,0.866766548,amd64,200,RoundRobin,916.9177250005305
1787819239.5492709,chacha20,0.999804106,arm64,200,RoundRobin,1051.9089469999017
1787819240.0203323,readdisk,1.095212011,arm64,200,RoundRobin,1154.2959050002537
1787819240.0307884,amd_faster,0.929702836,arm64,200,RoundRobin,985.4685300006167
1787819240.0619056,linpack,1.5034439160000002,arm64,200,RoundRobin,1506.475156000306
1787819240.2476263,arm_faster,0.867836231,amd64,200,RoundRobin,919.3090999997366
1787819240.6009293,chacha20,0.998175907,arm64,200,RoundRobin,1051.3301310002134
1787819241.0595667,amd_faster,0.936781755,arm64,200,RoundRobin,1028.4607129997312
1787819241.118137,readdisk,1.044151179,arm64,200,RoundRobin,1097.4693899997874
1787819241.16215,arm_faster,0.860111673,amd64,200,RoundRobin,914.192741000079
1787819241.7277083,chacha20,1.076154217,arm64,200,RoundRobin,1126.4212050000424
1787819241.9627717,linpack,1.839217751,arm64,200,RoundRobin,1900.5609790001472
1787819242.0489216,amd_faster,0.936453035,arm64,200,RoundRobin,989.0235350003422
1787819242.093079,arm_faster,0.869075047,amd64,200,RoundRobin,930.5669710001894
1787819242.2591605,readdisk,1.088111853,arm64,200,RoundRobin,1140.5847030000587
1787819242.785684,chacha20,1.001918547,arm64,200,RoundRobin,1057.64764200012
1787819243.0120325,arm_faster,0.862137416,amd64,200,RoundRobin,918.6110079999708
1787819243.0407426,amd_faster,0.937370634,arm64,200,RoundRobin,991.4875719996417
1787819243.3546605,readdisk,1.045171978,arm64,200,RoundRobin,1095.0652989995433
1787819243.4009264,linpack,1.432942286,arm64,200,RoundRobin,1437.8471499994703
1787819243.8426692,chacha20,0.998750186,arm64,200,RoundRobin,1056.6436480003176
1787819243.8846772,thread,16.046570416,amd64,200,RoundRobin,16116.926434000561
1787819243.9296312,arm_faster,0.865083119,amd64,200,RoundRobin,917.2669790004875
1787819244.0405676,amd_faster,0.929223116,arm64,200,RoundRobin,999.521341000218
1787819244.4527655,readdisk,1.042039099,arm64,200,RoundRobin,1097.7784229999088
1787819244.8604462,arm_faster,0.860222254,amd64,200,RoundRobin,930.5169659992316
1787819245.0221167,amd_faster,0.931885516,arm64,200,RoundRobin,981.2440450004942
1787819245.2511857,linpack,1.83930967,arm64,200,RoundRobin,1849.8865030005618
1787819245.5817494,readdisk,1.076296214,arm64,200,RoundRobin,1128.6660850000771
1787819245.7796474,arm_faster,0.863608153,amd64,200,RoundRobin,918.8824910006588
1787819246.013129,chacha20,2.118290597,arm64,200,RoundRobin,2170.0878430001467
1787819246.0155141,amd_faster,0.929384596,arm64,200,RoundRobin,992.9900639999687
1787819246.6768298,readmemory,29.389543711,amd64,200,RoundRobin,29559.447739999996
1787819246.6871305,readdisk,1.054284657,arm64,200,RoundRobin,1105.0756130007358
1787819246.6969616,arm_faster,0.860826088,amd64,200,RoundRobin,916.9816670000728
1787819246.7253864,filehandle,35.030745268,amd64,200,RoundRobin,35051.03033399973
1787819246.8935661,linpack,1.6381137780000001,arm64,200,RoundRobin,1641.960007000307
1787819247.0578341,amd_faster,0.928453756,arm64,200,RoundRobin,1041.9812509999247
1787819247.0826483,chacha20,1.001578906,arm64,200,RoundRobin,1068.9108409997061
1787819247.6964912,arm_faster,0.864059627,amd64,200,RoundRobin,999.2019549999895
1787819247.8353236,readdisk,1.059763616,arm64,200,RoundRobin,1147.6685480001834
1787819248.0370793,amd_faster,0.929147076,arm64,200,RoundRobin,978.879022000001
1787819248.1528416,chacha20,0.996306107,arm64,200,RoundRobin,1069.8886649997803
1787819248.610857,arm_faster,0.864816641,amd64,200,RoundRobin,914.0426779995323
1787819248.7676935,linpack,1.870183307,arm64,200,RoundRobin,1873.820161000367
1787819248.9883735,readdisk,1.081347854,arm64,200,RoundRobin,1152.6029530004962
1787819249.0168748,amd_faster,0.929512036,arm64,200,RoundRobin,979.4370440004059
1787819249.5246487,arm_faster,0.864310194,amd64,200,RoundRobin,913.3899609996661
1787819250.0226827,amd_faster,0.931182956,arm64,200,RoundRobin,1005.483481999363
1787819250.1129053,readdisk,1.067733055,arm64,200,RoundRobin,1124.215006000668
1787819250.1701415,linpack,1.39895397,arm64,200,RoundRobin,1402.1201449995715
1787819250.3351393,chacha20,2.126389276,arm64,200,RoundRobin,2181.9460050001
1787819250.4469047,arm_faster,0.871477574,amd64,200,RoundRobin,921.9410450004943
1787819251.0129251,amd_faster,0.936599635,arm64,200,RoundRobin,989.8990420006157
1787819251.2237883,readdisk,1.052443778,arm64,200,RoundRobin,1110.568177999994
1787819251.370135,arm_faster,0.866465662,amd64,200,RoundRobin,922.8947030005656
1787819251.392909,chacha20,0.997926907,arm64,200,RoundRobin,1057.3478919995978
1787819251.997616,linpack,1.8231221930000001,arm64,200,RoundRobin,1827.0748309996634
1787819252.0074785,amd_faster,0.936511395,arm64,200,RoundRobin,994.1926809997312
1787819252.2889144,arm_faster,0.867279138,amd64,200,RoundRobin,918.3715049994134
1787819252.3420632,readdisk,1.059982576,arm64,200,RoundRobin,1117.93286000011
1787819253.0051641,amd_faster,0.939686875,arm64,200,RoundRobin,997.3275559996182
1787819253.2089987,arm_faster,0.867921373,amd64,200,RoundRobin,919.7629849995792
1787819253.4373662,readdisk,1.043270298,arm64,200,RoundRobin,1094.7941889999129
1787819253.5074623,linpack,1.506075716,arm64,200,RoundRobin,1509.54574699972
1787819253.9847944,chacha20,2.512321345,arm64,200,RoundRobin,2591.5529979993153
1787819253.99236,amd_faster,0.937732075,arm64,200,RoundRobin,986.7063820001931
1787819254.1255357,arm_faster,0.867344018,amd64,200,RoundRobin,916.20264499943
1787819254.5364087,readdisk,1.046401258,arm64,200,RoundRobin,1098.6135170005582
1787819255.0389495,amd_faster,0.936791915,arm64,200,RoundRobin,1046.2973619996774
1787819255.0440567,arm_faster,0.864776554,amd64,200,RoundRobin,918.1676369998968
1787819255.0557516,chacha20,1.002971106,arm64,200,RoundRobin,1070.6362030005039
1787819255.440744,linpack,1.9289936189999999,arm64,200,RoundRobin,1932.9597689993534
1787819255.6333997,readdisk,1.043903739,arm64,200,RoundRobin,1096.5452950003964
1787819256.0013936,arm_faster,0.864210621,amd64,200,RoundRobin,956.820453000546
1787819256.025441,amd_faster,0.936538235,arm64,200,RoundRobin,986.1240479995104
1787819256.195034,chacha20,1.003156866,arm64,200,RoundRobin,1138.9423370001168
1787819256.7313023,readdisk,1.041072059,arm64,200,RoundRobin,1097.4719660007395
1787819256.9173756,arm_faster,0.866600549,amd64,200,RoundRobin,915.5235380003433
1787819257.0455377,amd_faster,0.936632955,arm64,200,RoundRobin,1019.7768580001139
1787819257.2524834,linpack,1.807696795,arm64,200,RoundRobin,1811.433193999619
1787819257.253772,chacha20,0.995297588,arm64,200,RoundRobin,1058.4306549999383
1787819257.8311434,arm_faster,0.864802773,amd64,200,RoundRobin,913.4615089997169
1787819257.8406951,readdisk,1.056704536,arm64,200,RoundRobin,1109.0485970007649
1787819258.031929,amd_faster,0.936691155,arm64,200,RoundRobin,986.0696380001173
1787819258.3179715,chacha20,0.995803427,arm64,200,RoundRobin,1063.521982000566
1787819258.7548113,arm_faster,0.866738149,amd64,200,RoundRobin,923.2446910000363
1787819259.0158353,amd_faster,0.934293836,arm64,200,RoundRobin,983.5823370003709
1787819259.0230787,readdisk,1.086959213,arm64,200,RoundRobin,1182.07368900039
1787819259.0424066,linpack,1.784723399,arm64,200,RoundRobin,1789.5090629999686
1787819259.3699791,chacha20,0.998163267,arm64,200,RoundRobin,1051.6889150003408
1787819259.683345,arm_faster,0.864882465,amd64,200,RoundRobin,928.1179649997284
1787819259.8838942,thread,15.939243904,amd64,200,RoundRobin,15998.908542999743
1787819260.012917,amd_faster,0.936235515,arm64,200,RoundRobin,996.7537490001632
1787819260.1700153,readdisk,1.044242659,arm64,200,RoundRobin,1146.5373449991603
1787819260.413398,chacha20,0.992377508,arm64,200,RoundRobin,1042.977031999726
1787819260.6031826,arm_faster,0.863819792,amd64,200,RoundRobin,919.40840999996
1787819260.8898845,linpack,1.762510561,arm64,200,RoundRobin,1847.1631039992644
1787819261.0016673,amd_faster,0.936819915,arm64,200,RoundRobin,988.4090340001421
1787819261.3000658,readdisk,1.079664933,arm64,200,RoundRobin,1129.5837900006518
1787819261.5231907,arm_faster,0.864080801,amd64,200,RoundRobin,919.5345260004615
1787819261.9906857,amd_faster,0.936543515,arm64,200,RoundRobin,988.693780000176
1787819262.3847349,chacha20,1.918212344,arm64,200,RoundRobin,1970.9747930000958
1787819262.4269817,readdisk,1.074882095,arm64,200,RoundRobin,1126.4792460005992
1787819262.4412785,arm_faster,0.864923678,amd64,200,RoundRobin,917.6657799998793
1787819262.464522,linpack,1.571040907,arm64,200,RoundRobin,1574.315657000625
1787819262.9820418,amd_faster,0.936469315,arm64,200,RoundRobin,991.0567490005633
1787819263.4313323,arm_faster,0.872246847,amd64,200,RoundRobin,989.5915699999023
1787819263.4447014,chacha20,0.996705667,arm64,200,RoundRobin,1059.6102469999096
1787819263.5466886,readdisk,1.041100779,arm64,200,RoundRobin,1119.356792999497
1787819263.96751,amd_faster,0.930120836,arm64,200,RoundRobin,985.0916420000431
1787819264.2880712,linpack,1.728187885,arm64,200,RoundRobin,1823.2194490001348
1787819264.35131,arm_faster,0.866305362,amd64,200,RoundRobin,919.5487130000402
1787819264.5319707,chacha20,0.994908427,arm64,200,RoundRobin,1086.9365409998863
1787819264.684633,readdisk,1.077044534,arm64,200,RoundRobin,1137.6146630000221
1787819264.9578748,amd_faster,0.929184716,arm64,200,RoundRobin,989.9454540000079
1787819265.2647848,arm_faster,0.863323213,amd64,200,RoundRobin,913.130922000164
1787819265.802767,readdisk,1.059512696,arm64,200,RoundRobin,1117.815986000096
1787819265.8306868,linpack,1.538669871,arm64,200,RoundRobin,1542.1333730000697
1787819265.9403968,amd_faster,0.932036235,arm64,200,RoundRobin,982.1082890002799
1787819266.176393,arm_faster,0.859959162,amd64,200,RoundRobin,911.1612870001409
1787819266.5918753,readmemory,19.862125939,amd64,200,RoundRobin,19914.723226000206
1787819266.615556,chacha20,2.029878489,arm64,200,RoundRobin,2083.262252000168
1787819266.9040208,readdisk,1.050524178,arm64,200,RoundRobin,1100.9414090003702
1787819266.9258723,amd_faster,0.932364276,arm64,200,RoundRobin,985.1443409997955
1787819267.0899582,arm_faster,0.863947406,amd64,200,RoundRobin,913.2326680000915
1787819267.6999032,chacha20,1.000924907,arm64,200,RoundRobin,1084.0395170007469
1787819267.7230048,linpack,1.868695547,arm64,200,RoundRobin,1891.9959710001422
1787819267.9436126,amd_faster,0.938678475,arm64,200,RoundRobin,1017.3883699999351
1787819268.0188787,arm_faster,0.863621218,amd64,200,RoundRobin,928.5748780002905
1787819268.051994,readdisk,1.094865651,arm64,200,RoundRobin,1147.6038280006833
1787819268.7613401,chacha20,1.007146826,arm64,200,RoundRobin,1061.0302530003537
1787819268.9332466,arm_faster,0.859953313,amd64,200,RoundRobin,914.006832999803
1787819268.9432664,amd_faster,0.931570876,arm64,200,RoundRobin,999.2915560005713
1787819269.2005978,readdisk,1.070473375,arm64,200,RoundRobin,1148.2617800002117
1787819269.2686083,linpack,1.513230995,arm64,200,RoundRobin,1545.244251999975
1787819269.8468938,arm_faster,0.859985682,amd64,200,RoundRobin,913.3393519996389
1787819269.9741259,amd_faster,0.933000075,arm64,200,RoundRobin,1030.4840349999722
1787819270.3170667,readdisk,1.046316178,arm64,200,RoundRobin,1116.136689999621
1787819270.7677925,arm_faster,0.856515843,amd64,200,RoundRobin,920.5917910003336
1787819270.9162838,chacha20,2.104926079,arm64,200,RoundRobin,2154.583914999421
1787819270.956152,amd_faster,0.931233356,arm64,200,RoundRobin,981.6252130003704
1787819271.202677,linpack,1.930220538,arm64,200,RoundRobin,1933.7325429996781
1787819271.4186268,readdisk,1.045432779,arm64,200,RoundRobin,1101.1825569994471
1787819271.6784685,arm_faster,0.858436142,amd64,200,RoundRobin,910.356098000193
1787819271.9477148,amd_faster,0.930182956,arm64,200,RoundRobin,991.1690680000902
1787819271.9714007,chacha20,1.003042427,arm64,200,RoundRobin,1054.7101610000027
1787819272.5153432,readdisk,1.046084378,arm64,200,RoundRobin,1096.3100110002415
1787819272.5971653,arm_faster,0.862932643,amd64,200,RoundRobin,918.3521100003418
1787819272.9325328,amd_faster,0.931509235,arm64,200,RoundRobin,984.4933140002468
1787819273.0564387,linpack,1.84949803,arm64,200,RoundRobin,1853.4381969993774
1787819273.065033,chacha20,1.014816265,arm64,200,RoundRobin,1093.3007060002637
1787819273.5139167,arm_faster,0.863181871,amd64,200,RoundRobin,916.3199080003324
1787819273.639351,readdisk,1.072270375,arm64,200,RoundRobin,1123.5522430006313
1787819273.9186015,amd_faster,0.931293756,arm64,200,RoundRobin,985.7455790006497
1787819274.4848187,arm_faster,0.862613093,amd64,200,RoundRobin,970.5855430001975
1787819274.7561512,readdisk,1.063802136,arm64,200,RoundRobin,1116.452922999997
1787819274.7790313,linpack,1.718553327,arm64,200,RoundRobin,1722.2670339997421
1787819274.90239,amd_faster,0.929582796,arm64,200,RoundRobin,983.3960149999257
1787819275.120815,chacha20,1.999880493,arm64,200,RoundRobin,2055.3683250000176
1787819275.340732,primenumber,50.260309151,amd64,200,RoundRobin,50374.84585100083
1787819275.3963192,arm_faster,0.859430415,amd64,200,RoundRobin,911.0749219998979
1787819275.8621502,readdisk,1.048963298,arm64,200,RoundRobin,1105.6097350001437
1787819275.9018784,amd_faster,0.929466476,arm64,200,RoundRobin,999.1443019998769
1787819276.175286,chacha20,1.001073427,arm64,200,RoundRobin,1054.0670020000107
1787819276.327988,arm_faster,0.871329294,amd64,200,RoundRobin,931.3395299996046
1787819276.804424,linpack,1.98989785,arm64,200,RoundRobin,2024.9619769992933
1787819276.8957973,amd_faster,0.929944436,arm64,200,RoundRobin,993.6049160005496
1787819276.9929397,readdisk,1.080195934,arm64,200,RoundRobin,1130.335632000424
1787819277.2269437,chacha20,0.999899226,arm64,200,RoundRobin,1051.3380479997068
1787819277.2429678,arm_faster,0.86448094,amd64,200,RoundRobin,914.6706559995437
1787819277.8920527,amd_faster,0.933235315,arm64,200,RoundRobin,995.9527299997717
1787819278.1124377,readdisk,1.065153335,arm64,200,RoundRobin,1119.07988799976
1787819278.1921113,arm_faster,0.867294637,amd64,200,RoundRobin,948.7869780004985
1787819278.5219223,linpack,1.713001088,arm64,200,RoundRobin,1717.1215789994676
1787819278.880715,amd_faster,0.933221116,arm64,200,RoundRobin,988.2858109995141
1787819279.1074169,arm_faster,0.864415164,amd64,200,RoundRobin,914.7907449996637
1787819279.231015,readdisk,1.064075655,arm64,200,RoundRobin,1118.2235010001023
1787819279.3558843,thread,19.406811628,amd64,200,RoundRobin,19471.68675300054
1787819279.3725958,chacha20,2.095262521,arm64,200,RoundRobin,2145.3188289997343
1787819279.8657079,amd_faster,0.931068556,arm64,200,RoundRobin,984.6742009995069
1787819280.022644,arm_faster,0.860459976,amd64,200,RoundRobin,914.8915209998449
1787819280.355636,readdisk,1.061147216,arm64,200,RoundRobin,1124.2981609993876
1787819280.3761184,linpack,1.850122389,arm64,200,RoundRobin,1853.8360270003977
1787819280.4724128,chacha20,1.011584705,arm64,200,RoundRobin,1099.4128600004842
1787819280.8501272,amd_faster,0.932001236,arm64,200,RoundRobin,984.0883339993525
1787819280.9405968,arm_faster,0.862276911,amd64,200,RoundRobin,917.5843449993408
1787819281.4570189,readdisk,1.046788418,arm64,200,RoundRobin,1101.0736930002167
1787819281.529011,chacha20,1.006155546,arm64,200,RoundRobin,1056.2766820003162
1787819281.8391786,filehandle,35.005583148,amd64,200,RoundRobin,35113.46947099992
1787819281.8399875,amd_faster,0.934277476,arm64,200,RoundRobin,989.5016100008434
1787819281.8625424,arm_faster,0.863729228,amd64,200,RoundRobin,921.3205460000609
1787819282.243816,linpack,1.832423672,arm64,200,RoundRobin,1867.3046639996755
1787819282.5826821,readdisk,1.070906815,arm64,200,RoundRobin,1125.267850000455
1787819282.8007874,arm_faster,0.856213428,amd64,200,RoundRobin,937.9060370001753
1787819282.835798,amd_faster,0.940768795,arm64,200,RoundRobin,994.9463610000748
1787819283.686941,chacha20,2.106132719,arm64,200,RoundRobin,2157.62339199955
1787819283.7148695,arm_faster,0.859591218,amd64,200,RoundRobin,913.7536230000478
1787819283.717097,readdisk,1.080289413,arm64,200,RoundRobin,1134.1314159999456
1787819283.7563512,linpack,1.508872835,arm64,200,RoundRobin,1512.1283050002603
1787819283.8446517,amd_faster,0.940144634,arm64,200,RoundRobin,1008.5254709993023
1787819284.6521587,arm_faster,0.859434646,amd64,200,RoundRobin,936.973200000466
1787819284.720071,readmemory,18.075739595,amd64,200,RoundRobin,18127.850609000234
1787819284.7486143,chacha20,1.002121426,arm64,200,RoundRobin,1061.327110000093
1787819284.8434458,amd_faster,0.936901195,arm64,200,RoundRobin,998.3656720005456
1787819284.920988,readdisk,1.080668653,arm64,200,RoundRobin,1203.6032830001204
1787819285.5703251,arm_faster,0.85767128,amd64,200,RoundRobin,917.6768699999229
1787819285.587179,linpack,1.745784644,arm64,200,RoundRobin,1830.4564930003835
1787819285.8427713,amd_faster,0.937764034,arm64,200,RoundRobin,998.9580230003412
1787819286.0205386,readdisk,1.045072658,arm64,200,RoundRobin,1099.2274820000603
1787819286.4847202,arm_faster,0.859712512,amd64,200,RoundRobin,914.0370619998066
1787819286.8310673,amd_faster,0.937373155,arm64,200,RoundRobin,987.9683340004703
1787819287.1742935,readdisk,1.090678133,arm64,200,RoundRobin,1153.3137920005174
1787819287.2457256,linpack,1.6196084609999999,arm64,200,RoundRobin,1658.0173750007816
1787819287.4058301,arm_faster,0.864412298,amd64,200,RoundRobin,920.7952240003578
1787819287.4427435,chacha20,2.601654293,arm64,200,RoundRobin,2693.8202069995896
1787819287.822404,amd_faster,0.940980594,arm64,200,RoundRobin,990.8977260001848
1787819288.3206177,readdisk,1.094585051,arm64,200,RoundRobin,1145.9538350000003
1787819288.3228278,arm_faster,0.858263311,amd64,200,RoundRobin,916.6983060003986
1787819288.5118148,chacha20,0.999038546,arm64,200,RoundRobin,1068.7743680000494
1787819288.8115263,amd_faster,0.937513035,arm64,200,RoundRobin,988.7799480002286
1787819288.9451554,linpack,1.6953428499999998,arm64,200,RoundRobin,1699.0941820004082
1787819289.2873163,arm_faster,0.864417447,amd64,200,RoundRobin,964.1261549995761
1787819289.4235232,readdisk,1.052006978,arm64,200,RoundRobin,1102.561450000394
1787819289.5711043,chacha20,1.003340266,arm64,200,RoundRobin,1058.9737280006375
1787819289.7991893,amd_faster,0.937602074,arm64,200,RoundRobin,987.3290639998231
1787819290.1981258,arm_faster,0.856290469,amd64,200,RoundRobin,910.4512359999717
1787819290.5367527,readdisk,1.056374137,arm64,200,RoundRobin,1112.908373999744
1787819290.5943663,linpack,1.645516937,arm64,200,RoundRobin,1648.6840409997967
1787819290.6286426,chacha20,1.006764386,arm64,200,RoundRobin,1057.1671190000416
1787819290.785774,amd_faster,0.933179156,arm64,200,RoundRobin,986.189258000195
1787819291.1063347,arm_faster,0.85617608,amd64,200,RoundRobin,907.6830770000015
1787819291.647299,readdisk,1.050511217,arm64,200,RoundRobin,1110.1229910000256
1787819291.6939578,chacha20,1.014252305,arm64,200,RoundRobin,1065.003949000129
1787819291.778473,amd_faster,0.935918995,arm64,200,RoundRobin,992.3818520001078
1787819292.020672,arm_faster,0.856263754,amd64,200,RoundRobin,913.9964519999921
1787819292.465747,linpack,1.867297267,arm64,200,RoundRobin,1871.0748039993632
1787819292.7527907,chacha20,1.003308426,arm64,200,RoundRobin,1058.5214920001818
1787819292.7686248,amd_faster,0.937916435,arm64,200,RoundRobin,989.8236670005645
1787819292.7868843,readdisk,1.086802813,arm64,200,RoundRobin,1139.2459190001318
1787819292.9310932,arm_faster,0.86217381,amd64,200,RoundRobin,910.0802429993564
1787819293.79448,amd_faster,0.938072155,arm64,200,RoundRobin,1025.543079000272
1787819293.814139,chacha20,1.009610586,arm64,200,RoundRobin,1061.036356000841
1787819293.8438985,arm_faster,0.859964403,amd64,200,RoundRobin,912.3125969999819
1787819293.953151,readdisk,1.044911979,arm64,200,RoundRobin,1165.952856000331
1787819293.984537,linpack,1.5152133939999999,arm64,200,RoundRobin,1518.467531999704
1787819294.7883513,amd_faster,0.938454875,arm64,200,RoundRobin,993.4606650003843
1787819294.817891,arm_faster,0.858342145,amd64,200,RoundRobin,973.6880569998903
1787819294.9117677,chacha20,1.003272626,arm64,200,RoundRobin,1097.2424699994008
1787819295.0588384,readdisk,1.050771218,arm64,200,RoundRobin,1105.2878700002111
1787819295.7480288,arm_faster,0.857728618,amd64,200,RoundRobin,929.8391640004411
1787819295.7786562,amd_faster,0.937569514,arm64,200,RoundRobin,989.9723359994823
1787819295.8907015,linpack,1.881469185,arm64,200,RoundRobin,1905.8331119995273
1787819295.9714136,chacha20,1.005799386,arm64,200,RoundRobin,1059.2645919996357
1787819296.2120545,readdisk,1.095880971,arm64,200,RoundRobin,1152.9091010006596
1787819296.6703153,arm_faster,0.867638885,amd64,200,RoundRobin,921.7609520001133
1787819296.7894628,amd_faster,0.939934275,arm64,200,RoundRobin,1010.4997169992203
1787819297.031372,chacha20,1.006303385,arm64,200,RoundRobin,1059.5754699997997
1787819297.3439412,readdisk,1.079939014,arm64,200,RoundRobin,1131.534494999869
1787819297.4217498,linpack,1.527009753,arm64,200,RoundRobin,1530.7031060001464
1787819297.585669,arm_faster,0.85939557,amd64,200,RoundRobin,915.0377250007296
1787819297.7767887,amd_faster,0.937365555,arm64,200,RoundRobin,986.994742999741
1787819298.245314,chacha20,1.163512484,arm64,200,RoundRobin,1213.5171199997785
1787819298.4628415,readdisk,1.056133337,arm64,200,RoundRobin,1118.5615639997195
1787819298.5066626,arm_faster,0.867470832,amd64,200,RoundRobin,920.687247999922
1787819298.7647896,amd_faster,0.937711675,arm64,200,RoundRobin,987.6831709998442
1787819299.1085796,thread,19.700427001,amd64,200,RoundRobin,19752.35587899988
1787819299.4023414,linpack,1.976756452,arm64,200,RoundRobin,1980.1876880001146
1787819299.4324803,arm_faster,0.864950774,amd64,200,RoundRobin,925.5069430000731
1787819299.5945866,readdisk,1.078235214,arm64,200,RoundRobin,1131.4113709995581
1787819299.7558684,amd_faster,0.940170995,arm64,200,RoundRobin,990.7627109996611
1787819300.3253798,chacha20,2.02914101,arm64,200,RoundRobin,2079.637444000582
1787819300.3459797,arm_faster,0.859287985,amd64,200,RoundRobin,913.1788680006139
1787819300.7194,readdisk,1.071126255,arm64,200,RoundRobin,1124.402034999548
1787819300.7488449,amd_faster,0.937462355,arm64,200,RoundRobin,992.644069000562
1787819300.9400792,linpack,1.533476312,arm64,200,RoundRobin,1537.4152420008613
1787819301.3132017,arm_faster,0.870653491,amd64,200,RoundRobin,966.8448779993923
1787819301.3577561,readmemory,16.467116515,amd64,200,RoundRobin,16637.338393999926
1787819301.402385,chacha20,1.010271185,arm64,200,RoundRobin,1076.5840759995626
1787819301.7513876,amd_faster,0.934063155,arm64,200,RoundRobin,1002.1493579997696
1787819301.8523464,readdisk,1.082125054,arm64,200,RoundRobin,1132.5265949999448
1787819302.2451591,arm_faster,0.858941258,amd64,200,RoundRobin,931.5198639997107
1787819302.4856079,chacha20,1.002904746,arm64,200,RoundRobin,1082.9216290003387
1787819302.7413895,amd_faster,0.933951555,arm64,200,RoundRobin,989.5777330002602
1787819302.836103,linpack,1.891831863,arm64,200,RoundRobin,1895.5710029995316
1787819302.9875574,readdisk,1.0818367740000001,arm64,200,RoundRobin,1134.8502730006658
1787819303.1599987,arm_faster,0.864572765,amd64,200,RoundRobin,914.4126959999994
1787819303.7320175,amd_faster,0.941824474,arm64,200,RoundRobin,990.2688190004483
1787819304.078516,arm_faster,0.863979783,amd64,200,RoundRobin,918.189773999984
1787819304.1320758,readdisk,1.088926253,arm64,200,RoundRobin,1144.139068000186
1787819304.198958,linpack,1.359267175,arm64,200,RoundRobin,1362.4466320006832
1787819304.5609317,chacha20,2.01927793,arm64,200,RoundRobin,2074.986667000303
1787819304.7193024,amd_faster,0.938220995,arm64,200,RoundRobin,986.9013229999837
1787819304.9984922,arm_faster,0.864078248,amd64,200,RoundRobin,919.6235449999222
1787819305.252303,readdisk,1.066829136,arm64,200,RoundRobin,1119.7825519993785
1787819305.62579,chacha20,1.007852465,arm64,200,RoundRobin,1064.472637000108
1787819305.7099419,amd_faster,0.938371435,arm64,200,RoundRobin,990.2731339998354
1787819305.9136996,arm_faster,0.860591096,amd64,200,RoundRobin,914.8417380001774
1787819306.1981926,linpack,1.995347369,arm64,200,RoundRobin,1998.9237420004429
1787819306.395483,readdisk,1.084323253,arm64,200,RoundRobin,1142.8529939994405
1787819306.695368,chacha20,1.007643066,arm64,200,RoundRobin,1069.1849680006271
1787819306.7016814,amd_faster,0.937357515,arm64,200,RoundRobin,991.4239549998456
1787819306.8330667,arm_faster,0.862970111,amd64,200,RoundRobin,919.0436870003396
1787819307.534307,readdisk,1.080571533,arm64,200,RoundRobin,1138.3777620003457
1787819307.749581,amd_faster,0.941511755,arm64,200,RoundRobin,1047.6021269996636
1787819307.763573,arm_faster,0.862414606,amd64,200,RoundRobin,930.0101659991924
1787819307.8178854,linpack,1.616019701,arm64,200,RoundRobin,1619.2695780000577
1787819308.6379926,readdisk,1.046634378,arm64,200,RoundRobin,1103.3356140005708
1787819308.7130835,arm_faster,0.862538686,amd64,200,RoundRobin,949.1700999997192
1787819308.743789,amd_faster,0.941469994,arm64,200,RoundRobin,993.8311159994555
1787819308.7825322,chacha20,2.033544409,arm64,200,RoundRobin,2086.852583000109
1787819309.627876,arm_faster,0.858181293,amd64,200,RoundRobin,914.4128699999783
1787819309.7686512,amd_faster,0.938812314,arm64,200,RoundRobin,1024.5504710001114
1787819309.7916255,readdisk,1.10284753,arm64,200,RoundRobin,1153.3023720003257
1787819309.8047266,linpack,1.952771615,arm64,200,RoundRobin,1986.541539999962
1787819309.88495,chacha20,1.001471106,arm64,200,RoundRobin,1102.1086529999593
1787819310.5416949,arm_faster,0.862086221,amd64,200,RoundRobin,913.5159340003156
1787819310.7600267,amd_faster,0.937443915,arm64,200,RoundRobin,991.0661880003317
1787819310.9254854,readdisk,1.049951098,arm64,200,RoundRobin,1133.5663059999206
1787819311.451688,arm_faster,0.86013857,amd64,200,RoundRobin,909.6701009993922
1787819311.6993496,linpack,1.8225801929999998,arm64,200,RoundRobin,1894.2110910002157
1787819311.7546635,amd_faster,0.938625714,arm64,200,RoundRobin,994.1794010001104
1787819312.0530407,readdisk,1.0758776939999999,arm64,200,RoundRobin,1127.2348180000336
1787819312.3686385,arm_faster,0.86425704,amd64,200,RoundRobin,916.6360290000739
1787819312.395031,chacha20,2.455759312,arm64,200,RoundRobin,2509.7583359993223
1787819312.742497,amd_faster,0.937783995,arm64,200,RoundRobin,987.4978779998855
1787819313.1999023,readdisk,1.092095412,arm64,200,RoundRobin,1146.5288179997515
1787819313.2649028,linpack,1.5614837480000001,arm64,200,RoundRobin,1565.2433429995654
1787819313.285158,arm_faster,0.862398528,amd64,200,RoundRobin,916.2009739993664
1787819313.4897645,chacha20,1.015584905,arm64,200,RoundRobin,1094.3925299998227
1787819313.733557,amd_faster,0.936754795,arm64,200,RoundRobin,990.7367569994676
1787819314.1951566,arm_faster,0.86069576,amd64,200,RoundRobin,909.6142859998508
1787819314.322935,readdisk,1.070044495,arm64,200,RoundRobin,1122.7151339999182
1787819314.552853,chacha20,1.003348906,arm64,200,RoundRobin,1062.7736199994615
1787819314.7209747,amd_faster,0.937254114,arm64,200,RoundRobin,987.1198700002424
1787819315.1090574,arm_faster,0.859752307,amd64,200,RoundRobin,913.490718000503
1787819315.1119175,linpack,1.8433912700000001,arm64,200,RoundRobin,1846.7379409994464
1787819315.4534674,readdisk,1.078290094,arm64,200,RoundRobin,1130.1970909999
1787819315.6120172,chacha20,1.002420067,arm64,200,RoundRobin,1058.8611240000319
1787819315.711407,amd_faster,0.937557355,arm64,200,RoundRobin,989.961009999206
1787819315.8157399,thread,16.598960637,amd64,200,RoundRobin,16706.833084999744
1787819316.0269418,arm_faster,0.863134559,amd64,200,RoundRobin,917.5103389998185
1787819316.605715,readdisk,1.086082972,arm64,200,RoundRobin,1151.919793000161
1787819316.650672,linpack,1.485490358,arm64,200,RoundRobin,1538.4227710001142
1787819316.6689856,chacha20,0.999406186,arm64,200,RoundRobin,1056.6679099993053
1787819316.6996994,amd_faster,0.936488275,arm64,200,RoundRobin,987.9408229999171
1787819316.7054768,filehandle,34.861170557,amd64,200,RoundRobin,34865.23400100032
1787819316.9386902,arm_faster,0.860680379,amd64,200,RoundRobin,911.3966770000843
1787819317.6993864,readdisk,1.042626098,arm64,200,RoundRobin,1093.2772300002398
1787819317.701822,amd_faster,0.928799556,arm64,200,RoundRobin,1001.85017000058
1787819317.7178516,chacha20,0.998523947,arm64,200,RoundRobin,1048.554619999777
1787819317.855885,arm_faster,0.866223492,amd64,200,RoundRobin,916.9058150000637
1787819318.6129923,linpack,1.954802055,arm64,200,RoundRobin,1961.9983059992592
1787819318.7296233,amd_faster,0.929834956,arm64,200,RoundRobin,1027.5184940001054
1787819318.7791657,arm_faster,0.869290318,amd64,200,RoundRobin,922.9512820002128
1787819318.7953384,readdisk,1.042316379,arm64,200,RoundRobin,1095.5690929995399
1787819318.8451772,chacha20,0.995440987,arm64,200,RoundRobin,1126.9876910000676
1787819319.685597,arm_faster,0.856078381,amd64,200,RoundRobin,905.9767499993541
1787819319.7100224,amd_faster,0.928898156,arm64,200,RoundRobin,980.0954550000824
1787819319.9493637,readdisk,1.068181095,arm64,200,RoundRobin,1153.6480639997535
1787819320.3348122,linpack,1.718071567,arm64,200,RoundRobin,1721.4648409999427
1787819320.6014981,arm_faster,0.862044002,amd64,200,RoundRobin,915.5775829995036
1787819320.7188935,amd_faster,0.931960356,arm64,200,RoundRobin,1008.5738640000272
1787819320.8457987,chacha20,1.9184707840000002,arm64,200,RoundRobin,2000.2227040004072
1787819321.0483072,readdisk,1.042185099,arm64,200,RoundRobin,1098.5583940000652
1787819321.5169597,arm_faster,0.862959127,amd64,200,RoundRobin,915.1368630000434
1787819321.699135,amd_faster,0.929412076,arm64,200,RoundRobin,979.9345880001056
1787819321.8929446,chacha20,0.994073268,arm64,200,RoundRobin,1046.86744799983
