Timestamp,User Count,Type,Name,Requests/s,Failures/s,50%,66%,75%,80%,90%,95%,98%,99%,99.9%,99.99%,100%,Total Request Count,Total Failure Count,Total Median Response Time,Total Average Response Time,Total Min Response Time,Total Max Response Time,Total Average Content Size
1787818722,0,,Aggregated,0.000000,0.000000,N/A,N/A,N/A,N/A,N/A,N/A,N/A,N/A,N/A,N/A,N/A,0,0,0,0.0,0,0,0
1787818723,9,,Aggregated,0.000000,0.000000,950,950,950,950,950,950,950,950,950,950,950,1,0,949.5049619999918,949.5049619999918,949.5049619999918,949.5049619999918,328.0
1787818724,9,,Aggregated,0.000000,0.000000,1400,1400,1500,1500,1600,1600,1600,1600,1600,1600,1600,6,0,1200,1258.1180026666818,919.1601140000785,1550.0734199999897,320.5
1787818725,9,,Aggregated,0.000000,0.000000,1100,1200,1400,1500,1600,1600,1600,1600,1600,1600,1600,10,0,1100,1159.5547439999336,919.1601140000785,1550.0734199999897,318.2
1787818726,9,,Aggregated,0.000000,0.000000,1100,1200,1400,1500,1600,2100,2100,2100,2100,2100,2100,14,0,1100,1191.3672880714005,912.5281990000076,2081.7868110002564,320.92857142857144
1787818727,9,,Aggregated,3.333333,0.000000,1100,1100,1400,1500,2000,2100,2100,2100,2100,2100,2100,18,0,1100,1203.474551277749,909.9695059999249,2081.7868110002564,319.94444444444446
1787818728,9,,Aggregated,3.500000,0.000000,1100,1100,1400,1500,2000,2000,2100,2100,2100,2100,2100,23,0,1100,1204.889438999979,909.9695059999249,2081.7868110002564,319.7826086956522
1787818729,9,,Aggregated,3.500000,0.000000,1100,1100,1200,1400,2000,2000,2100,2100,2100,2100,2100,26,0,1100,1180.4661522692186,909.9695059999249,2081.7868110002564,319.0
1787818730,9,,Aggregated,3.400000,0.000000,1100,1100,1200,1500,2000,2000,2100,2100,2100,2100,2100,30,0,1100,1178.9665775333103,907.7067339999303,2081.7868110002564,320.5
1787818731,9,,Aggregated,3.666667,0.000000,1100,1100,1200,1500,2000,2000,2100,2100,2100,2100,2100,34,0,1100,1188.6066664411535,907.7067339999303,2081.7868110002564,320.02941176470586
1787818732,9,,Aggregated,3.714286,0.000000,1100,1100,1200,1500,2000,2000,2100,2100,2100,2100,2100,39,0,1100,1189.430244384603,907.7067339999303,2081.7868110002564,319.87179487179486
1787818733,9,,Aggregated,3.750000,0.000000,1100,1100,1200,1400,1900,2000,2100,2100,2100,2100,2100,44,0,1100,1179.2601512500014,905.7054959998823,2081.7868110002564,320.0681818181818
1787818734,9,,Aggregated,3.777778,0.000000,1100,1100,1100,1400,1900,2000,2100,2100,2100,2100,2100,48,0,1000,1165.764966395831,905.7054959998823,2081.7868110002564,319.5416666666667
1787818735,9,,Aggregated,4.400000,0.000000,1100,1100,1100,1400,1900,2000,2000,2100,2100,2100,2100,54,0,1000,1165.0942126851883,905.7054959998823,2081.7868110002564,319.6666666666667
1787818736,9,,Aggregated,4.300000,0.000000,1000,1100,1100,1200,1900,2000,2000,2100,2100,2100,2100,57,0,1000,1157.0653716666636,905.7054959998823,2081.7868110002564,319.9824561403509
1787818737,9,,Aggregated,4.300000,0.000000,1100,1100,1100,1400,1900,2000,2100,2100,2100,2100,2100,62,0,1000,1175.772005451621,905.7054959998823,2081.7868110002564,319.9193548387097
1787818738,9,,Aggregated,4.100000,0.000000,1000,1100,1100,1400,1900,2000,2100,2100,2100,2100,2100,65,0,1000,1167.7038227692362,905.7054959998823,2081.7868110002564,319.5692307692308
1787818739,9,,Aggregated,4.400000,0.000000,1000,1100,1100,1400,1900,2000,2100,16000,16000,16000,16000,71,0,1000,1381.4757633098777,905.7054959998823,16206.070198000361,319.59154929577466
1787818740,9,,Aggregated,4.200000,0.000000,1000,1100,1100,1400,1900,2000,2100,16000,16000,16000,16000,75,0,1000,1373.194336853345,905.7054959998823,16206.070198000361,320.02666666666664
1787818741,9,,Aggregated,4.400000,0.000000,1000,1100,1100,1400,1900,2100,2100,16000,16000,16000,16000,79,0,1000,1367.9820223797612,905.7054959998823,16206.070198000361,319.72151898734177
1787818742,9,,Aggregated,4.400000,0.000000,1000,1100,1100,1400,1900,2000,2100,16000,16000,16000,16000,83,0,1000,1361.4490503012191,905.7054959998823,16206.070198000361,320.144578313253
1787818743,9,,Aggregated,4.400000,0.000000,1000,1100,1100,1400,1900,2000,2100,16000,16000,16000,16000,87,0,1000,1345.886091103458,905.7054959998823,16206.070198000361,319.9655172413793
1787818744,9,,Aggregated,4.400000,0.000000,1000,1100,1100,1400,1900,2100,16000,22000,22000,22000,22000,93,0,1000,1556.0039172903419,905.7054959998823,21812.458242000048,320.03225806451616
1787818745,9,,Aggregated,4.300000,0.000000,1000,1100,1100,1400,1900,2100,16000,22000,22000,22000,22000,96,0,1000,1538.6009553437623,905.7054959998823,21812.458242000048,320.1770833333333
1787818746,9,,Aggregated,4.300000,0.000000,1000,1100,1100,1400,1900,2100,2100,16000,22000,22000,22000,101,0,1000,1532.7969310792198,905.7054959998823,21812.458242000048,320.1980198019802
1787818747,9,,Aggregated,4.300000,0.000000,1100,1100,1100,1400,1900,2100,2100,16000,22000,22000,22000,106,0,1100,1515.8355656132164,905.7054959998823,21812.458242000048,320.14150943396226
1787818748,9,,Aggregated,4.300000,0.000000,1100,1100,1100,1400,1900,2100,2100,16000,22000,22000,22000,108,0,1000,1505.4310305833403,905.7054959998823,21812.458242000048,320.2962962962963
1787818749,9,,Aggregated,4.300000,0.000000,1100,1100,1100,1400,1900,2100,2500,16000,22000,22000,22000,113,0,1100,1503.5210761681521,905.7054959998823,21812.458242000048,320.2920353982301
1787818750,9,,Aggregated,4.400000,0.000000,1000,1100,1100,1400,1900,2100,2500,16000,22000,22000,22000,119,0,1000,1479.2471687311004,905.7054959998823,21812.458242000048,320.2352941176471
1787818751,9,,Aggregated,4.200000,0.000000,1100,1100,1100,1400,1900,2100,2500,16000,22000,22000,22000,122,0,1000,1472.7730744590285,905.7054959998823,21812.458242000048,320.5
1787818752,9,,Aggregated,4.200000,0.000000,1100,1100,1100,1400,1900,2100,2500,16000,22000,22000,22000,126,0,1100,1459.4542797857257,905.7054959998823,21812.458242000048,320.3174603174603
1787818753,9,,Aggregated,4.200000,0.000000,1100,1100,1100,1400,1900,2100,2500,16000,22000,22000,22000,131,0,1100,1447.7997587710045,905.7054959998823,21812.458242000048,320.3358778625954
1787818754,9,,Aggregated,4.300000,0.000000,1100,1100,1100,1400,1900,2100,2500,16000,22000,22000,22000,136,0,1100,1436.3263317941312,905.7054959998823,21812.458242000048,320.27941176470586
1787818755,9,,Aggregated,4.400000,0.000000,1100,1100,1100,1400,1900,2100,2500,16000,22000,22000,22000,140,0,1100,1424.566353707155,905.7054959998823,21812.458242000048,320.1
1787818756,9,,Aggregated,4.300000,0.000000,1100,1100,1100,1400,1900,2000,2500,16000,22000,22000,22000,145,0,1100,1417.3374353103538,905.7054959998823,21812.458242000048,320.1034482758621
1787818757,9,,Aggregated,4.400000,0.000000,1000,1100,1100,1200,1900,2000,2500,16000,22000,22000,22000,149,0,1000,1405.7933627382652,905.7054959998823,21812.458242000048,320.0
1787818758,9,,Aggregated,4.300000,0.000000,1100,1100,1100,1400,1900,2100,14000,22000,35000,35000,35000,156,0,1100,1694.343541365397,905.7054959998823,35310.5646150002,320.0576923076923
1787818759,9,,Aggregated,4.400000,0.000000,1100,1100,1100,1400,1900,2100,14000,22000,35000,35000,35000,159,0,1100,1681.5612563836592,905.7054959998823,35310.5646150002,320.1509433962264
1787818760,9,,Aggregated,4.400000,0.000000,1100,1100,1100,1400,2000,2100,16000,22000,35000,35000,35000,164,0,1100,1798.2959079878162,905.7054959998823,35310.5646150002,320.0792682926829
1787818761,9,,Aggregated,4.600000,0.000000,1100,1100,1100,1400,2000,2100,16000,22000,35000,35000,35000,170,0,1100,1773.2134361470694,905.7054959998823,35310.5646150002,320.1
1787818762,9,,Aggregated,4.800000,0.000000,1100,1100,1100,1400,1900,2100,16000,22000,35000,35000,35000,174,0,1100,1755.7912577298964,905.7054959998823,35310.5646150002,319.9655172413793
1787818763,9,,Aggregated,4.800000,0.000000,1100,1100,1100,1400,1900,2100,16000,22000,35000,35000,35000,178,0,1100,1743.793803651698,905.7054959998823,35310.5646150002,320.14606741573033
1787818764,9,,Aggregated,4.700000,0.000000,1100,1100,1100,1400,1900,2100,16000,22000,35000,35000,35000,183,0,1100,1731.6587152185928,905.7054959998823,35310.5646150002,320.1693989071038
1787818765,9,,Aggregated,4.700000,0.000000,1100,1100,1100,1400,1900,2100,16000,22000,35000,35000,35000,187,0,1100,1716.4675084010855,905.7054959998823,35310.5646150002,320.0427807486631
1787818766,9,,Aggregated,4.600000,0.000000,1100,1100,1100,1400,1900,2100,16000,22000,35000,35000,35000,192,0,1100,1703.0350741927216,905.7054959998823,35310.5646150002,320.0520833333333
1787818767,9,,Aggregated,4.600000,0.000000,1100,1100,1100,1400,1900,2100,16000,22000,35000,35000,35000,194,0,1100,1695.310860994858,905.7054959998823,35310.5646150002,320.1340206185567
1787818768,9,,Aggregated,4.600000,0.000000,1100,1100,1100,1400,1900,2100,16000,22000,35000,35000,35000,199,0,1100,1685.226399693479,905.7054959998823,35310.5646150002,320.1758793969849
1787818769,9,,Aggregated,4.600000,0.000000,1100,1100,1100,1400,1900,2000,14000,22000,35000,35000,35000,204,0,1100,1668.6684733186376,905.7054959998823,35310.5646150002,320.1078431372549
1787818770,9,,Aggregated,4.400000,0.000000,1100,1100,1100,1400,1900,2000,14000,22000,35000,35000,35000,209,0,1100,1657.5451059617296,905.7054959998823,35310.5646150002,320.07655502392345
1787818771,9,,Aggregated,4.500000,0.000000,1100,1100,1100,1400,1900,2000,14000,22000,35000,35000,35000,214,0,1100,1644.3474194859893,905.7054959998823,35310.5646150002,320.0841121495327
1787818772,9,,Aggregated,4.300000,0.000000,1100,1100,1100,1400,1900,2100,14000,22000,35000,35000,35000,220,0,1100,1682.5465466090952,905.7054959998823,35310.5646150002,320.03636363636366
1787818773,9,,Aggregated,4.300000,0.000000,1100,1100,1100,1400,1900,2100,16000,22000,50000,50000,50000,224,0,1100,1895.1719398482185,905.7054959998823,50406.7080079999,320.14285714285717
1787818774,9,,Aggregated,4.400000,0.000000,1100,1100,1100,1400,1900,2100,16000,22000,50000,50000,50000,229,0,1100,1881.9773411484778,905.7054959998823,50406.7080079999,320.14410480349346
1787818775,9,,Aggregated,4.500000,0.000000,1100,1100,1100,1400,1900,2100,16000,22000,50000,50000,50000,234,0,1100,1863.7144918205202,905.7054959998823,50406.7080079999,320.0854700854701
1787818776,9,,Aggregated,4.400000,0.000000,1100,1100,1100,1400,1900,2100,16000,22000,50000,50000,50000,239,0,1100,1849.7984261171625,905.7054959998823,50406.7080079999,320.10041841004187
1787818777,9,,Aggregated,4.400000,0.000000,1100,1100,1100,1400,1900,2100,16000,22000,50000,50000,50000,240,0,1100,1845.899759729174,905.7054959998823,50406.7080079999,320.1375
1787818778,9,,Aggregated,4.500000,0.000000,1100,1100,1100,1400,1900,2000,16000,22000,50000,50000,50000,245,0,1100,1831.0987326653121,905.7054959998823,50406.7080079999,320.1387755102041
1787818779,9,,Aggregated,4.500000,0.000000,1100,1100,1100,1400,1900,2000,16000,22000,50000,50000,50000,249,0,1100,1817.962882156632,905.7054959998823,50406.7080079999,320.04417670682733
1787818780,9,,Aggregated,4.600000,0.000000,1100,1100,1100,1400,1900,2100,16000,22000,50000,50000,50000,255,0,1100,1877.0065036588276,905.7054959998823,50406.7080079999,320.05882352941177
1787818781,9,,Aggregated,4.600000,0.000000,1100,1100,1100,1400,1900,2100,16000,22000,50000,50000,50000,260,0,1100,1862.2452283153884,905.7054959998823,50406.7080079999,320.0423076923077
1787818782,9,,Aggregated,4.600000,0.000000,1100,1100,1100,1400,1900,2000,16000,22000,50000,50000,50000,263,0,1100,1852.3994134030454,905.7054959998823,50406.7080079999,320.10266159695817
1787818783,9,,Aggregated,4.800000,0.000000,1100,1100,1100,1400,1900,2000,16000,22000,50000,50000,50000,270,0,1100,1837.0278291703712,905.7054959998823,50406.7080079999,320.13703703703703
1787818784,9,,Aggregated,4.600000,0.000000,1100,1100,1100,1400,1900,2000,16000,22000,50000,50000,50000,274,0,1100,1827.3401786021898,905.7054959998823,50406.7080079999,320.0875912408759
1787818785,9,,Aggregated,4.500000,0.000000,1100,1100,1100,1400,1900,2000,16000,22000,50000,50000,50000,278,0,1100,1815.6365453129474,905.7054959998823,50406.7080079999,320.03956834532374
1787818786,9,,Aggregated,4.500000,0.000000,1100,1100,1100,1400,1900,2000,16000,22000,50000,50000,50000,282,0,1100,1807.3917419219847,905.7054959998823,50406.7080079999,320.1737588652482
1787818787,9,,Aggregated,4.500000,0.000000,1100,1100,1100,1400,1900,2000,16000,22000,50000,50000,50000,286,0,1100,1799.6897108321684,905.7054959998823,50406.7080079999,320.1118881118881
1787818788,9,,Aggregated,4.400000,0.000000,1100,1100,1100,1400,1900,2000,16000,22000,50000,50000,50000,291,0,1100,1787.7385937491424,905.7054959998823,50406.7080079999,320.085910652921
1787818789,9,,Aggregated,4.500000,0.000000,1100,1100,1100,1400,1900,2000,16000,22000,50000,50000,50000,295,0,1100,1777.3010242847477,905.7054959998823,50406.7080079999,320.01355932203387
1787818790,9,,Aggregated,4.500000,0.000000,1100,1100,1100,1400,1900,2000,16000,22000,50000,50000,50000,299,0,1100,1770.1559656923118,905.7054959998823,50406.7080079999,320.0200668896321
1787818791,9,,Aggregated,4.500000,0.000000,1100,1100,1100,1400,1900,2000,16000,22000,50000,50000,50000,306,0,1100,1815.7121319607904,905.7054959998823,50406.7080079999,320.0882352941176
1787818792,9,,Aggregated,4.400000,0.000000,1100,1100,1100,1400,1900,2000,20000,22000,50000,50000,50000,310,0,1100,1914.097102241941,905.7054959998823,50406.7080079999,320.18387096774194
1787818793,9,,Aggregated,4.500000,0.000000,1100,1100,1100,1400,1900,2000,20000,22000,50000,50000,50000,315,0,1100,1905.9527913206405,905.7054959998823,50406.7080079999,320.1968253968254
1787818794,9,,Aggregated,4.500000,0.000000,1100,1100,1100,1400,1900,2000,20000,22000,50000,50000,50000,320,0,1100,1891.6691814000042,905.7054959998823,50406.7080079999,320.153125
1787818795,9,,Aggregated,4.500000,0.000000,1100,1100,1100,1400,1900,2000,20000,22000,50000,50000,50000,324,0,1100,1883.3031904629663,905.7054959998823,50406.7080079999,320.1666666666667
1787818796,9,,Aggregated,4.600000,0.000000,1100,1100,1100,1400,1900,2000,20000,22000,50000,50000,50000,327,0,1100,1875.4753090091772,905.7054959998823,50406.7080079999,320.20183486238534
1787818797,9,,Aggregated,4.600000,0.000000,1100,1100,1100,1400,1900,2000,20000,22000,50000,50000,50000,332,0,1100,1867.5385401596407,905.7054959998823,50406.7080079999,320.2289156626506
1787818798,9,,Aggregated,4.500000,0.000000,1100,1100,1100,1400,1900,2000,20000,22000,50000,50000,50000,337,0,1100,1906.5070199317527,905.7054959998823,50406.7080079999,320.16023738872406
1787818799,9,,Aggregated,4.500000,0.000000,1100,1100,1100,1400,1900,2000,20000,22000,50000,50000,50000,342,0,1100,1896.0992758771952,905.7054959998823,50406.7080079999,320.1608187134503
1787818800,9,,Aggregated,4.400000,0.000000,1100,1100,1100,1400,1900,2000,20000,22000,50000,50000,50000,347,0,1100,1884.5061416887622,905.7054959998823,50406.7080079999,320.1671469740634
1787818801,9,,Aggregated,4.600000,0.000000,1100,1100,1100,1400,1900,2000,18000,22000,50000,50000,50000,351,0,1100,1874.7185986239335,905.7054959998823,50406.7080079999,320.1054131054131
1787818802,9,,Aggregated,4.600000,0.000000,1100,1100,1100,1400,1900,2000,18000,22000,50000,50000,50000,355,0,1100,1867.8549971577497,905.0838180000937,50406.7080079999,320.23943661971833
1787818803,9,,Aggregated,4.400000,0.000000,1100,1100,1100,1400,1900,2000,18000,22000,50000,50000,50000,360,0,1100,1859.8792651361155,905.0838180000937,50406.7080079999,320.225
1787818804,9,,Aggregated,4.500000,0.000000,1100,1100,1100,1400,1900,2000,18000,22000,50000,50000,50000,363,0,1100,1852.8608577658451,905.0838180000937,50406.7080079999,320.26446280991735
1787818805,9,,Aggregated,4.300000,0.000000,1100,1100,1100,1400,1900,2000,18000,22000,50000,50000,50000,367,0,1100,1846.1009623515056,905.0838180000937,50406.7080079999,320.2724795640327
1787818806,9,,Aggregated,4.400000,0.000000,1100,1100,1100,1400,1900,2000,18000,22000,50000,50000,50000,372,0,1100,1835.246306655921,905.0838180000937,50406.7080079999,320.23655913978496
1787818807,9,,Aggregated,4.300000,0.000000,1100,1100,1100,1400,1900,2000,18000,22000,50000,50000,50000,376,0,1100,1827.7414265505392,905.0838180000937,50406.7080079999,320.3404255319149
1787818808,9,,Aggregated,4.500000,0.000000,1100,1100,1100,1400,1900,2000,18000,22000,50000,50000,50000,381,0,1100,1860.0392262204814,905.0838180000937,50406.7080079999,320.28608923884514
1787818809,9,,Aggregated,4.400000,0.000000,1100,1100,1100,1400,1900,2000,18000,22000,50000,50000,50000,386,0,1100,1851.5596935725478,905.0838180000937,50406.7080079999,320.2901554404145
1787818810,9,,Aggregated,4.500000,0.000000,1100,1100,1100,1400,1900,2000,18000,22000,50000,50000,50000,391,0,1100,1841.7671912864544,905.0838180000937,50406.7080079999,320.28900255754473
1787818811,9,,Aggregated,4.500000,0.000000,1100,1100,1100,1400,1900,2000,18000,22000,50000,50000,50000,394,0,1100,1835.4972568020387,905.0838180000937,50406.7080079999,320.3172588832487
1787818812,9,,Aggregated,4.500000,0.000000,1100,1100,1100,1400,1900,2000,18000,22000,50000,50000,50000,399,0,1100,1830.4209276666738,905.0838180000937,50406.7080079999,320.29573934837094
1787818813,9,,Aggregated,4.300000,0.000000,1100,1100,1100,1400,1900,2000,16000,22000,50000,50000,50000,403,0,1100,1822.4307969553424,905.0838180000937,50406.7080079999,320.2406947890819
1787818814,9,,Aggregated,4.400000,0.000000,1100,1100,1100,1400,1900,2000,16000,22000,50000,50000,50000,407,0,1100,1815.3823578059041,905.0838180000937,50406.7080079999,320.22113022113024
1787818815,9,,Aggregated,4.500000,0.000000,1100,1100,1100,1400,1900,2000,16000,22000,50000,50000,50000,411,0,1100,1809.5649618491555,905.0838180000937,50406.7080079999,320.301703163017
1787818816,9,,Aggregated,4.500000,0.000000,1100,1100,1100,1400,1900,2000,16000,22000,50000,50000,50000,415,0,1100,1804.2988694698874,905.0838180000937,50406.7080079999,320.26506024096386
1787818817,9,,Aggregated,4.400000,0.000000,1100,1100,1100,1400,1900,2000,18000,22000,50000,50000,50000,422,0,1100,1834.8340921350812,905.0838180000937,50406.7080079999,320.27251184834125
1787818818,9,,Aggregated,4.400000,0.000000,1100,1100,1100,1400,1900,2000,18000,22000,50000,50000,50000,426,0,1100,1827.1762075657382,905.0838180000937,50406.7080079999,320.2136150234742
1787818819,9,,Aggregated,4.500000,0.000000,1100,1100,1100,1400,1900,2000,18000,22000,50000,50000,50000,430,0,1100,1821.566882100009,905.0838180000937,50406.7080079999,320.30697674418604
1787818820,9,,Aggregated,4.500000,0.000000,1100,1100,1100,1400,1900,2000,18000,22000,50000,50000,50000,435,0,1100,1815.9609025678249,905.0838180000937,50406.7080079999,320.2896551724138
1787818821,9,,Aggregated,4.300000,0.000000,1100,1100,1100,1400,1900,2000,18000,22000,50000,50000,50000,439,0,1100,1808.839208170851,905.0838180000937,50406.7080079999,320.2369020501139
1787818822,9,,Aggregated,4.200000,0.000000,1100,1100,1100,1400,1900,2000,18000,22000,50000,50000,50000,444,0,1100,1801.9087937860445,905.0838180000937,50406.7080079999,320.23873873873873
1787818823,9,,Aggregated,4.400000,0.000000,1100,1100,1100,1400,1900,2000,19000,22000,50000,50000,50000,447,0,1100,1906.3415298322254,905.0838180000937,50406.7080079999,320.2751677852349
1787818824,9,,Aggregated,4.400000,0.000000,1100,1100,1100,1400,1900,2100,18000,22000,50000,50000,50000,452,0,1100,1900.056396659303,905.0838180000937,50406.7080079999,320.2588495575221
1787818825,9,,Aggregated,4.500000,0.000000,1100,1100,1100,1400,1900,2100,18000,22000,50000,50000,50000,455,0,1100,1894.14341402199,905.0838180000937,50406.7080079999,320.2901098901099
1787818826,9,,Aggregated,4.400000,0.000000,1100,1100,1100,1400,1900,2100,18000,22000,50000,50000,50000,460,0,1100,1886.5133038108825,905.0838180000937,50406.7080079999,320.27608695652174
1787818827,9,,Aggregated,4.500000,0.000000,1100,1100,1100,1400,1900,2100,19000,35000,50000,50000,50000,466,0,1100,1949.1247096609563,905.0838180000937,50406.7080079999,320.31974248927037
1787818828,9,,Aggregated,4.500000,0.000000,1100,1100,1100,1400,1900,2100,19000,35000,50000,50000,50000,471,0,1100,1938.9665916964032,905.0838180000937,50406.7080079999,320.28874734607217
1787818829,9,,Aggregated,4.500000,0.000000,1100,1100,1100,1400,1900,2100,19000,35000,50000,50000,50000,476,0,1100,1930.9559064979119,905.0838180000937,50406.7080079999,320.2773109243698
1787818830,9,,Aggregated,4.500000,0.000000,1100,1100,1100,1400,1900,2100,19000,35000,50000,50000,50000,480,0,1100,1924.0613436979297,905.0838180000937,50406.7080079999,320.225
1787818831,9,,Aggregated,4.600000,0.000000,1100,1100,1100,1400,1900,2000,19000,35000,50000,50000,50000,484,0,1100,1918.4727306405096,905.0838180000937,50406.7080079999,320.30785123966945
1787818832,9,,Aggregated,4.600000,0.000000,1100,1100,1100,1400,1900,2000,19000,35000,50000,50000,50000,489,0,1100,1910.9349108977638,905.0838180000937,50406.7080079999,320.28629856850716
1787818833,9,,Aggregated,4.500000,0.000000,1100,1100,1100,1400,1900,2100,19000,35000,50000,50000,50000,494,0,1100,1932.1341518562876,905.0838180000937,50406.7080079999,320.2408906882591
1787818834,9,,Aggregated,4.500000,0.000000,1100,1100,1100,1400,1900,2100,19000,35000,50000,50000,50000,498,0,1100,1926.3145659558356,905.0838180000937,50406.7080079999,320.2550200803213
1787818835,9,,Aggregated,4.500000,0.000000,1100,1100,1100,1400,1900,2100,19000,27000,50000,50000,50000,502,0,1100,1971.5066101992147,905.0838180000937,50406.7080079999,320.2808764940239
1787818836,9,,Aggregated,4.600000,0.000000,1100,1100,1100,1400,1900,2100,19000,27000,50000,50000,50000,507,0,1100,1964.804349443799,905.0838180000937,50406.7080079999,320.2859960552268
1787818837,9,,Aggregated,4.700000,0.000000,1100,1100,1100,1400,1900,2100,19000,27000,50000,50000,50000,511,0,1100,1957.3847887279956,905.0838180000937,50406.7080079999,320.23874755381604
1787818838,9,,Aggregated,4.700000,0.000000,1100,1100,1100,1400,1900,2100,19000,27000,50000,50000,50000,516,0,1100,1950.012936329469,905.0838180000937,50406.7080079999,320.2267441860465
1787818839,9,,Aggregated,4.600000,0.000000,1100,1100,1100,1400,1900,2000,19000,27000,50000,50000,50000,521,0,1100,1941.7954989232364,905.0838180000937,50406.7080079999,320.30134357005755
1787818840,9,,Aggregated,4.600000,0.000000,1100,1100,1100,1400,1900,2100,19000,27000,50000,50000,50000,525,0,1100,1936.8327474019159,905.0838180000937,50406.7080079999,320.2609523809524
1787818841,9,,Aggregated,4.500000,0.000000,1100,1100,1100,1400,1900,2100,19000,27000,50000,50000,50000,530,0,1100,1929.8785322886915,905.0838180000937,50406.7080079999,320.2641509433962
1787818842,9,,Aggregated,4.400000,0.000000,1100,1100,1100,1400,1900,2100,19000,27000,50000,50000,50000,534,0,1100,1924.032181486904,905.0838180000937,50406.7080079999,320.3258426966292
1787818843,9,,Aggregated,4.600000,0.000000,1100,1100,1100,1400,1900,2100,19000,27000,50000,50000,50000,537,0,1100,1921.7211567635136,905.0838180000937,50406.7080079999,320.2849162011173
1787818844,9,,Aggregated,4.400000,0.000000,1100,1100,1100,1400,1900,2100,19000,27000,50000,50000,50000,540,0,1100,1916.6273063481606,905.0838180000937,50406.7080079999,320.3074074074074
1787818845,9,,Aggregated,4.300000,0.000000,1100,1100,1100,1400,1900,2100,19000,27000,50000,50000,50000,545,0,1100,1910.5491870954252,905.0838180000937,50406.7080079999,320.297247706422
1787818846,9,,Aggregated,4.300000,0.000000,1100,1100,1100,1400,1900,2100,19000,27000,50000,50000,50000,550,0,1100,1904.0621673254673,905.0838180000937,50406.7080079999,320.3018181818182
1787818847,9,,Aggregated,4.300000,0.000000,1100,1100,1100,1400,1900,2100,18000,27000,50000,50000,50000,554,0,1100,1897.698008297847,905.0838180000937,50406.7080079999,320.2617328519856
1787818848,9,,Aggregated,4.200000,0.000000,1100,1100,1100,1400,1900,2100,18000,27000,50000,50000,50000,559,0,1100,1891.190393731676,905.0838180000937,50406.7080079999,320.2486583184258
1787818849,9,,Aggregated,4.300000,0.000000,1100,1100,1100,1400,1900,2100,18000,27000,50000,50000,50000,562,0,1100,1886.5401680071302,905.0838180000937,50406.7080079999,320.2758007117438
1787818850,9,,Aggregated,4.300000,0.000000,1100,1100,1100,1400,1900,2100,18000,27000,50000,50000,50000,568,0,1100,1907.9233851690271,905.0838180000937,50406.7080079999,320.26584507042253
1787818851,9,,Aggregated,4.100000,0.000000,1100,1100,1100,1400,1900,2100,18000,27000,50000,50000,50000,572,0,1100,1902.00853292309,905.0838180000937,50406.7080079999,320.23426573426576
1787818852,9,,Aggregated,4.400000,0.000000,1100,1100,1100,1400,1900,2100,18000,27000,50000,50000,50000,577,0,1100,1895.1596800381415,905.0838180000937,50406.7080079999,320.2530329289428
1787818853,9,,Aggregated,4.300000,0.000000,1100,1100,1100,1400,1900,2100,18000,27000,50000,50000,50000,580,0,1100,1890.5330689793236,905.0838180000937,50406.7080079999,320.27758620689656
1787818854,9,,Aggregated,4.500000,0.000000,1100,1100,1100,1400,1900,2100,18000,27000,50000,50000,50000,585,0,1100,1886.415046991467,905.0838180000937,50406.7080079999,320.27008547008546
1787818855,9,,Aggregated,4.400000,0.000000,1100,1100,1100,1400,1900,2100,18000,27000,50000,50000,50000,590,0,1100,1879.860212728828,905.0838180000937,50406.7080079999,320.271186440678
1787818856,9,,Aggregated,4.400000,0.000000,1100,1100,1100,1400,1900,2100,18000,27000,50000,50000,50000,594,0,1100,1874.1538884141548,905.0838180000937,50406.7080079999,320.23400673400675
1787818857,9,,Aggregated,4.300000,0.000000,1100,1100,1100,1400,1900,2100,18000,27000,50000,50000,50000,599,0,1100,1868.4076872520998,905.0838180000937,50406.7080079999,320.2270450751252
1787818858,9,,Aggregated,4.300000,0.000000,1100,1100,1100,1400,1900,2100,16000,22000,50000,50000,50000,603,0,1100,1862.9204709602116,905.0838180000937,50406.7080079999,320.19071310116084
1787818859,9,,Aggregated,4.400000,0.000000,1100,1100,1100,1400,1900,2100,16000,22000,50000,50000,50000,607,0,1100,1858.4517859242285,905.0838180000937,50406.7080079999,320.24217462932455
1787818860,9,,Aggregated,4.200000,0.000000,1100,1100,1100,1400,1900,2100,16000,22000,50000,50000,50000,611,0,1100,1854.0368030442016,905.0838180000937,50406.7080079999,320.23567921440264
1787818861,9,,Aggregated,4.500000,0.000000,1100,1100,1100,1400,1900,2100,16000,22000,50000,50000,50000,615,0,1100,1849.003174572369,905.0838180000937,50406.7080079999,320.1983739837398
1787818862,9,,Aggregated,4.300000,0.000000,1100,1100,1100,1400,1900,2100,18000,27000,50000,50000,50000,620,0,1100,1897.5217110580754,905.0838180000937,50406.7080079999,320.26935483870966
1787818863,9,,Aggregated,4.400000,0.000000,1100,1100,1100,1400,1900,2100,18000,27000,50000,50000,50000,624,0,1100,1893.5897230288563,905.0838180000937,50406.7080079999,320.2291666666667
1787818864,9,,Aggregated,4.400000,0.000000,1100,1100,1100,1400,1900,2100,18000,27000,50000,50000,50000,630,0,1100,1886.6536679698515,905.0838180000937,50406.7080079999,320.24285714285713
1787818865,9,,Aggregated,4.500000,0.000000,1100,1100,1100,1400,1900,2100,19000,30000,50000,50000,50000,635,0,1100,1924.9854807196955,905.0838180000937,50406.7080079999,320.207874015748
1787818866,9,,Aggregated,4.500000,0.000000,1100,1100,1100,1400,1900,2100,19000,30000,50000,50000,50000,640,0,1100,1942.3101089656363,905.0838180000937,50406.7080079999,320.2734375
1787818867,9,,Aggregated,4.600000,0.000000,1100,1100,1100,1400,1900,2100,19000,30000,50000,50000,50000,645,0,1100,1938.0135891457473,905.0838180000937,50406.7080079999,320.2651162790698
1787818868,9,,Aggregated,4.600000,0.000000,1100,1100,1100,1400,1900,2100,19000,30000,50000,50000,50000,649,0,1100,1932.3693787550192,905.0838180000937,50406.7080079999,320.22650231124805
1787818869,9,,Aggregated,4.400000,0.000000,1100,1100,1100,1400,1900,2100,18000,30000,50000,50000,50000,653,0,1100,1927.8129819647888,905.0838180000937,50406.7080079999,320.218989280245
1787818870,9,,Aggregated,4.600000,0.000000,1100,1100,1100,1400,1900,2100,18000,30000,50000,50000,50000,656,0,1100,1923.636219923792,905.0838180000937,50406.7080079999,320.2393292682927
1787818871,9,,Aggregated,4.700000,0.000000,1100,1100,1100,1400,1900,2100,18000,30000,50000,50000,50000,661,0,1100,1919.3451704674846,905.0838180000937,50406.7080079999,320.23146747352496
1787818872,9,,Aggregated,4.600000,0.000000,1100,1100,1100,1400,1900,2100,18000,30000,50000,50000,50000,665,0,1100,1913.935249800011,905.0838180000937,50406.7080079999,320.1984962406015
1787818873,9,,Aggregated,4.500000,0.000000,1100,1100,1100,1400,1900,2100,19000,35000,50000,50000,50000,670,0,1100,1982.0066184164289,905.0838180000937,50406.7080079999,320.2597014925373
1787818874,9,,Aggregated,4.400000,0.000000,1100,1100,1100,1400,1900,2100,19000,35000,50000,50000,50000,674,0,1100,1977.1038261335423,905.0838180000937,50406.7080079999,320.3160237388724
1787818875,9,,Aggregated,4.500000,0.000000,1100,1100,1100,1400,1900,2100,19000,35000,50000,50000,50000,678,0,1100,1973.850551076708,905.0838180000937,50406.7080079999,320.28171091445427
1787818876,9,,Aggregated,4.400000,0.000000,1100,1100,1100,1400,1900,2100,19000,35000,50000,50000,50000,684,0,1100,1966.7446325350998,905.0838180000937,50406.7080079999,320.2938596491228
1787818877,9,,Aggregated,4.400000,0.000000,1100,1100,1100,1400,1900,2100,19000,35000,50000,50000,50000,688,0,1100,1961.2867393997205,905.0838180000937,50406.7080079999,320.26162790697674
1787818878,9,,Aggregated,4.400000,0.000000,1100,1100,1100,1400,1900,2100,19000,35000,50000,50000,50000,693,0,1100,1955.7581943593195,905.0838180000937,50406.7080079999,320.26262626262627
1787818879,9,,Aggregated,4.400000,0.000000,1100,1100,1100,1400,1900,2100,19000,35000,50000,50000,50000,696,0,1100,1951.5789782844947,905.0838180000937,50406.7080079999,320.22701149425285
1787818880,9,,Aggregated,4.400000,0.000000,1100,1100,1100,1400,1900,2100,19000,35000,50000,50000,50000,700,0,1100,1947.2223706200114,905.0838180000937,50406.7080079999,320.28285714285715
1787818881,9,,Aggregated,4.200000,0.000000,1100,1100,1100,1400,1900,2100,18000,30000,50000,50000,50000,704,0,1100,1943.4661025227376,905.0838180000937,50406.7080079999,320.25
1787818882,9,,Aggregated,4.300000,0.000000,1100,1100,1100,1400,1900,2100,18000,30000,50000,50000,50000,710,0,1100,1957.928920316912,905.0838180000937,50406.7080079999,320.24788732394364
1787818883,9,,Aggregated,4.300000,0.000000,1100,1100,1100,1400,1900,2100,18000,30000,50000,50000,50000,715,0,1100,1952.001091865746,905.0838180000937,50406.7080079999,320.23776223776224
1787818884,9,,Aggregated,4.500000,0.000000,1100,1100,1100,1400,1900,2100,18000,30000,50000,50000,50000,718,0,1100,1948.0616325612928,905.0838180000937,50406.7080079999,320.2590529247911
1787818885,9,,Aggregated,4.500000,0.000000,1100,1100,1100,1400,1900,2100,18000,30000,50000,50000,50000,723,0,1100,1944.5276919861815,905.0838180000937,50406.7080079999,320.2544951590595
1787818886,9,,Aggregated,4.500000,0.000000,1100,1100,1100,1400,1900,2100,18000,30000,50000,50000,50000,726,0,1100,1940.6147901611698,905.0838180000937,50406.7080079999,320.2754820936639
1787818887,9,,Aggregated,4.400000,0.000000,1100,1100,1100,1400,1900,2100,19000,30000,50000,50000,50000,733,0,1100,1961.757063338348,905.0838180000937,50406.7080079999,320.2796725784448
1787818888,9,,Aggregated,4.300000,0.000000,1100,1100,1100,1400,1900,2100,19000,30000,50000,50000,50000,738,0,1100,1956.2703004729121,905.0838180000937,50406.7080079999,320.2710027100271
1787818889,9,,Aggregated,4.500000,0.000000,1100,1100,1100,1400,1900,2100,19000,30000,50000,50000,50000,740,0,1100,1953.549755736499,905.0838180000937,50406.7080079999,320.29324324324324
1787818890,9,,Aggregated,4.400000,0.000000,1100,1100,1100,1400,1900,2100,19000,30000,50000,50000,50000,745,0,1100,1950.0425269584018,905.0838180000937,50406.7080079999,320.28456375838925
1787818891,9,,Aggregated,4.400000,0.000000,1100,1100,1100,1400,1900,2100,19000,30000,50000,50000,50000,749,0,1100,1945.036693345807,905.0838180000937,50406.7080079999,320.2550066755674
1787818892,9,,Aggregated,4.400000,0.000000,1100,1100,1100,1400,1900,2100,18000,30000,50000,50000,50000,754,0,1100,1939.5447949098261,905.0838180000937,50406.7080079999,320.2572944297082
1787818893,9,,Aggregated,4.500000,0.000000,1100,1100,1100,1400,1900,2100,18000,30000,50000,50000,50000,757,0,1100,1935.913683492746,905.0838180000937,50406.7080079999,320.28401585204756
1787818894,9,,Aggregated,4.600000,0.000000,1100,1100,1100,1400,1900,2100,18000,30000,50000,50000,50000,762,0,1100,1932.3930535196962,905.0838180000937,50406.7080079999,320.2834645669291
1787818895,9,,Aggregated,4.400000,0.000000,1100,1100,1100,1400,1900,2100,18000,30000,50000,50000,50000,766,0,1100,1927.5893125718137,905.0838180000937,50406.7080079999,320.2532637075718
1787818896,9,,Aggregated,4.500000,0.000000,1100,1100,1100,1400,1900,2100,18000,30000,50000,50000,50000,770,0,1100,1923.9778405233883,905.0838180000937,50406.7080079999,320.3
1787818897,9,,Aggregated,4.400000,0.000000,1100,1100,1100,1400,1900,2100,19000,35000,50000,50000,50000,776,0,1100,1963.200340574754,905.0838180000937,50406.7080079999,320.3144329896907
1787818898,9,,Aggregated,4.500000,0.000000,1100,1100,1100,1400,1900,2100,19000,35000,50000,50000,50000,781,0,1100,1957.057808802829,905.0838180000937,50406.7080079999,320.2957746478873
1787818899,9,,Aggregated,4.300000,0.000000,1100,1100,1100,1400,1900,2100,19000,35000,50000,50000,50000,785,0,1100,1953.3565926611582,905.0838180000937,50406.7080079999,320.29808917197454
1787818900,9,,Aggregated,4.400000,0.000000,1100,1100,1100,1400,1900,2100,19000,35000,50000,50000,50000,789,0,1100,1948.7342436134466,905.0838180000937,50406.7080079999,320.2699619771863
1787818901,9,,Aggregated,4.400000,0.000000,1100,1100,1100,1400,1900,2100,19000,35000,50000,50000,50000,793,0,1100,1944.5649997213227,905.0838180000937,50406.7080079999,320.3203026481715
1787818902,9,,Aggregated,4.400000,0.000000,1100,1100,1100,1400,1900,2100,20000,35000,50000,50000,50000,798,0,1100,1963.3048159273292,905.0838180000937,50406.7080079999,320.29323308270676
1787818903,9,,Aggregated,4.400000,0.000000,1100,1100,1100,1400,1900,2100,19000,30000,50000,50000,50000,804,0,1100,1976.4671823967767,905.0838180000937,50406.7080079999,320.2823383084577
1787818904,9,,Aggregated,4.200000,0.000000,1100,1100,1100,1400,1900,2100,19000,30000,50000,50000,50000,809,0,1100,1971.4047624808516,905.0838180000937,50406.7080079999,320.274412855377
1787818905,9,,Aggregated,4.600000,0.000000,1100,1100,1100,1400,1900,2100,19000,30000,50000,50000,50000,813,0,1100,1966.7251996592975,905.0838180000937,50406.7080079999,320.2472324723247
1787818906,9,,Aggregated,4.400000,0.000000,1100,1100,1100,1400,1900,2100,19000,30000,50000,50000,50000,818,0,1100,1962.1084116271504,905.0838180000937,50406.7080079999,320.2420537897311
1787818907,9,,Aggregated,4.700000,0.000000,1100,1100,1100,1400,1900,2100,19000,30000,50000,50000,50000,822,0,1100,1957.4878641472128,905.0838180000937,50406.7080079999,320.2153284671533
1787818908,9,,Aggregated,4.700000,0.000000,1100,1100,1100,1400,1900,2100,19000,30000,50000,50000,50000,826,0,1100,1954.3513853656284,905.0838180000937,50406.7080079999,320.2191283292978
1787818909,9,,Aggregated,4.800000,0.000000,1100,1100,1100,1400,1900,2100,19000,30000,50000,50000,50000,830,0,1100,1949.8222056433851,905.0838180000937,50406.7080079999,320.19156626506026
1787818910,9,,Aggregated,4.600000,0.000000,1100,1100,1100,1400,1900,2100,19000,30000,50000,50000,50000,835,0,1100,1945.3081442958198,905.0838180000937,50406.7080079999,320.1928143712575
1787818911,9,,Aggregated,4.600000,0.000000,1100,1100,1100,1400,1900,2100,19000,30000,50000,50000,50000,838,0,1100,1941.973689497624,905.0838180000937,50406.7080079999,320.2100238663484
1787818912,9,,Aggregated,4.700000,0.000000,1100,1100,1100,1400,1900,2100,19000,30000,50000,50000,50000,844,0,1100,1937.484111840058,905.0838180000937,50406.7080079999,320.23104265402844
1787818913,9,,Aggregated,4.600000,0.000000,1100,1100,1100,1400,1900,2100,19000,30000,50000,50000,50000,849,0,1100,1932.727134064793,905.0838180000937,50406.7080079999,320.22497055359247
1787818914,9,,Aggregated,4.500000,0.000000,1100,1100,1100,1400,1900,2100,18000,30000,50000,50000,50000,853,0,1100,1928.445015752649,905.0838180000937,50406.7080079999,320.19929660023445
1787818915,9,,Aggregated,4.200000,0.000000,1100,1100,1100,1400,1900,2100,18000,30000,50000,50000,50000,856,0,1100,1926.1110651004783,905.0838180000937,50406.7080079999,320.2359813084112
1787818916,9,,Aggregated,4.400000,0.000000,1100,1100,1100,1400,1900,2100,18000,30000,50000,50000,50000,860,0,1100,1923.0994868744297,905.0838180000937,50406.7080079999,320.2174418604651
1787818917,9,,Aggregated,4.200000,0.000000,1100,1100,1100,1400,1900,2100,18000,30000,50000,50000,50000,865,0,1100,1918.4818515271786,905.0838180000937,50406.7080079999,320.2115606936416
1787818918,9,,Aggregated,4.200000,0.000000,1100,1100,1100,1400,1900,2100,18000,30000,50000,50000,50000,869,0,1100,1931.7611358711272,905.0838180000937,50406.7080079999,320.22899884925204
1787818919,9,,Aggregated,4.200000,0.000000,1100,1100,1100,1400,1900,2100,18000,30000,50000,50000,50000,874,0,1100,1927.5189912700337,905.0838180000937,50406.7080079999,320.2471395881007
1787818920,9,,Aggregated,4.400000,0.000000,1100,1100,1100,1400,1900,2100,18000,30000,50000,50000,50000,878,0,1100,1923.963899972676,905.0838180000937,50406.7080079999,320.2824601366743
1787818921,9,,Aggregated,4.500000,0.000000,1100,1100,1100,1400,1900,2100,18000,30000,50000,50000,50000,882,0,1100,1921.0891870986502,905.0838180000937,50406.7080079999,320.25396825396825
1787818922,9,,Aggregated,4.300000,0.000000,1100,1100,1100,1400,1900,2100,18000,30000,50000,50000,50000,887,0,1100,1917.0150605569438,905.0838180000937,50406.7080079999,320.25366403607666
1787818923,9,,Aggregated,4.300000,0.000000,1100,1100,1100,1400,1900,2100,19000,35000,50000,50000,50000,892,0,1100,1967.634743460772,905.0838180000937,50406.7080079999,320.28923766816143
1787818924,9,,Aggregated,4.500000,0.000000,1100,1100,1100,1400,1900,2100,20000,35000,50000,50000,50000,898,0,1100,1985.5136394298531,905.0838180000937,50406.7080079999,320.2728285077951
1787818925,9,,Aggregated,4.400000,0.000000,1100,1100,1100,1400,1900,2100,19000,30000,50000,50000,50000,902,0,1100,1982.1229651773929,905.0838180000937,50406.7080079999,320.2771618625277
1787818926,9,,Aggregated,4.400000,0.000000,1100,1100,1100,1400,1900,2100,19000,30000,50000,50000,50000,905,0,1100,1978.964386274042,905.0838180000937,50406.7080079999,320.2939226519337
1787818927,9,,Aggregated,4.500000,0.000000,1100,1100,1100,1400,1900,2100,19000,30000,50000,50000,50000,910,0,1100,1974.3988921197888,905.0838180000937,50406.7080079999,320.2857142857143
1787818928,9,,Aggregated,4.600000,0.000000,1100,1100,1100,1400,1900,2100,19000,30000,50000,50000,50000,914,0,1100,1970.321462277908,905.0838180000937,50406.7080079999,320.26148796498904
1787818929,9,,Aggregated,4.600000,0.000000,1100,1100,1100,1400,1900,2100,19000,30000,50000,50000,50000,919,0,1100,1965.9752538868422,905.0838180000937,50406.7080079999,320.2546245919478
1787818930,9,,Aggregated,4.500000,0.000000,1100,1100,1100,1400,1900,2100,19000,30000,50000,50000,50000,924,0,1100,1961.5647616742506,905.0838180000937,50406.7080079999,320.2521645021645
1787818931,9,,Aggregated,4.400000,0.000000,1100,1100,1100,1400,1900,2100,19000,30000,50000,50000,50000,928,0,1100,1957.4941988663875,905.0838180000937,50406.7080079999,320.2273706896552
1787818932,9,,Aggregated,4.500000,0.000000,1100,1100,1100,1400,1900,2100,20000,35000,50000,50000,50000,934,0,1100,1988.767461561035,905.0838180000937,50406.7080079999,320.2355460385439
1787818933,9,,Aggregated,4.600000,0.000000,1100,1100,1100,1400,1900,2100,20000,35000,50000,50000,50000,938,0,1100,1984.7280922302841,905.0838180000937,50406.7080079999,320.21108742004265
1787818934,9,,Aggregated,4.600000,0.000000,1100,1100,1100,1400,1900,2100,20000,35000,50000,50000,50000,942,0,1100,1981.460089997883,905.0838180000937,50406.7080079999,320.25053078556266
1787818935,9,,Aggregated,4.600000,0.000000,1100,1100,1100,1400,1900,2100,20000,35000,50000,50000,50000,945,0,1100,1979.3117793460378,905.0838180000937,50406.7080079999,320.2359788359788
1787818936,9,,Aggregated,4.600000,0.000000,1100,1100,1100,1400,1900,2100,19000,35000,50000,50000,50000,952,0,1100,1990.4703057027373,905.0838180000937,50406.7080079999,320.23949579831935
1787818937,9,,Aggregated,4.600000,0.000000,1100,1100,1100,1400,1900,2100,19000,35000,50000,50000,50000,956,0,1100,1986.398278279296,905.0838180000937,50406.7080079999,320.2154811715481
1787818938,9,,Aggregated,4.600000,0.000000,1100,1100,1100,1400,1900,2100,19000,35000,50000,50000,50000,960,0,1100,1983.284510011465,905.0838180000937,50406.7080079999,320.24895833333335
1787818939,9,,Aggregated,4.600000,0.000000,1100,1100,1100,1400,1900,2100,19000,35000,50000,50000,50000,965,0,1100,1979.7493275160684,905.0838180000937,50406.7080079999,320.24455958549225
1787818940,9,,Aggregated,4.600000,0.000000,1100,1100,1100,1400,1900,2100,19000,35000,50000,50000,50000,969,0,1100,1975.8234891486138,905.0838180000937,50406.7080079999,320.2177502579979
1787818941,9,,Aggregated,4.500000,0.000000,1100,1100,1100,1400,1900,2100,19000,35000,50000,50000,50000,974,0,1100,1971.7157117854272,905.0838180000937,50406.7080079999,320.21868583162217
1787818942,9,,Aggregated,4.500000,0.000000,1100,1100,1100,1400,1900,2100,19000,35000,50000,50000,50000,977,0,1100,1968.7433823080921,905.0838180000937,50406.7080079999,320.23336745138175
1787818943,9,,Aggregated,4.400000,0.000000,1100,1100,1100,1400,1900,2100,19000,35000,50000,50000,50000,981,0,1100,1966.6073709908314,905.0838180000937,50406.7080079999,320.2364933741081
1787818944,9,,Aggregated,4.300000,0.000000,1100,1100,1100,1400,1900,2100,19000,35000,50000,50000,50000,987,0,1100,1980.410603035466,905.0838180000937,50406.7080079999,320.2401215805471
1787818945,9,,Aggregated,4.300000,0.000000,1100,1100,1100,1400,1900,2100,19000,35000,50000,50000,50000,991,0,1100,1976.544191113022,905.0838180000937,50406.7080079999,320.21695257315844
1787818946,9,,Aggregated,4.500000,0.000000,1100,1100,1100,1400,1900,2100,19000,35000,50000,50000,50000,995,0,1100,1973.260907274376,905.0838180000937,50406.7080079999,320.2562814070352
1787818947,9,,Aggregated,4.500000,0.000000,1100,1100,1100,1400,1900,2100,19000,35000,50000,50000,50000,999,0,1100,1970.632318380385,905.0838180000937,50406.7080079999,320.2322322322322
1787818948,9,,Aggregated,4.400000,0.000000,1100,1100,1100,1400,1900,2100,19000,30000,50000,50000,50000,1005,0,1100,1965.8269206517461,905.0838180000937,50406.7080079999,320.24278606965174
1787818949,9,,Aggregated,4.300000,0.000000,1100,1100,1100,1400,1900,2100,19000,30000,50000,50000,50000,1008,0,1100,1962.9741520595285,905.0838180000937,50406.7080079999,320.2559523809524
1787818950,9,,Aggregated,4.200000,0.000000,1100,1100,1100,1400,1900,2100,19000,30000,50000,50000,50000,1013,0,1100,1959.34009393189,905.0838180000937,50406.7080079999,320.2497532082922
1787818951,9,,Aggregated,4.300000,0.000000,1100,1100,1100,1400,1900,2100,19000,30000,50000,50000,50000,1017,0,1100,1955.9584370009882,905.0838180000937,50406.7080079999,320.2792527040315
1787818952,9,,Aggregated,4.300000,0.000000,1100,1100,1100,1400,1900,2100,19000,30000,50000,50000,50000,1021,0,1100,1953.3209148697404,905.0838180000937,50406.7080079999,320.256611165524
1787818953,9,,Aggregated,4.300000,0.000000,1100,1100,1100,1400,1900,2100,19000,30000,50000,50000,50000,1025,0,1100,1950.5215673356145,905.0838180000937,50406.7080079999,320.26048780487804
1787818954,9,,Aggregated,4.400000,0.000000,1100,1100,1100,1400,1900,2100,19000,30000,50000,50000,50000,1028,0,1100,1947.7727089679033,905.0838180000937,50406.7080079999,320.28210116731515
1787818955,9,,Aggregated,4.300000,0.000000,1100,1100,1100,1400,1900,2100,19000,30000,50000,50000,50000,1033,0,1100,1945.0134435208179,905.0838180000937,50406.7080079999,320.2758954501452
1787818956,9,,Aggregated,4.200000,0.000000,1100,1100,1100,1400,1900,2100,19000,30000,50000,50000,50000,1038,0,1100,1951.2902724527985,905.0838180000937,50406.7080079999,320.252408477842
1787818957,9,,Aggregated,4.200000,0.000000,1100,1100,1100,1400,1900,2100,19000,30000,50000,50000,50000,1043,0,1100,1947.7313216375892,905.0838180000937,50406.7080079999,320.2521572387344
1787818958,9,,Aggregated,4.300000,0.000000,1100,1100,1100,1400,1900,2100,19000,30000,50000,50000,50000,1047,0,1100,1944.6706603276084,905.0838180000937,50406.7080079999,320.2893982808023
1787818959,9,,Aggregated,4.300000,0.000000,1100,1100,1100,1400,1900,2100,19000,30000,50000,50000,50000,1052,0,1100,1960.712385065595,905.0838180000937,50406.7080079999,320.31273764258555
1787818960,9,,Aggregated,4.400000,0.000000,1100,1100,1100,1400,1900,2100,19000,30000,50000,50000,50000,1057,0,1100,1958.6188129867598,905.0838180000937,50406.7080079999,320.3055818353832
1787818961,9,,Aggregated,4.300000,0.000000,1100,1100,1100,1400,1900,2100,19000,30000,50000,50000,50000,1061,0,1100,1955.0714527983093,905.0838180000937,50406.7080079999,320.2827521206409
1787818962,9,,Aggregated,4.400000,0.000000,1100,1100,1100,1400,1900,2100,19000,30000,50000,50000,50000,1065,0,1100,1951.9891644422587,905.0838180000937,50406.7080079999,320.28544600938966
1787818963,9,,Aggregated,4.500000,0.000000,1100,1100,1100,1400,1900,2100,19000,30000,50000,50000,50000,1068,0,1100,1949.3256590234132,905.0838180000937,50406.7080079999,320.2968164794008
1787818964,9,,Aggregated,4.500000,0.000000,1100,1100,1100,1400,1900,2100,19000,30000,50000,50000,50000,1073,0,1100,1946.793892072698,905.0838180000937,50406.7080079999,320.2972972972973
1787818965,9,,Aggregated,4.400000,0.000000,1100,1100,1100,1400,1900,2100,19000,30000,50000,50000,50000,1077,0,1100,1943.341581412261,905.0838180000937,50406.7080079999,320.27390900649954
1787818966,9,,Aggregated,4.400000,0.000000,1100,1100,1100,1400,1900,2100,19000,30000,50000,50000,50000,1081,0,1100,1940.9808283487557,905.0838180000937,50406.7080079999,320.30157261794636
1787818967,9,,Aggregated,4.300000,0.000000,1100,1100,1100,1400,1900,2100,19000,35000,50000,50000,50000,1086,0,1100,1968.537205082877,905.0838180000937,50406.7080079999,320.34162062615104
1787818968,9,,Aggregated,4.200000,0.000000,1100,1100,1100,1400,1900,2100,19000,35000,50000,50000,50000,1090,0,1100,1966.4649549733983,905.0838180000937,50406.7080079999,320.3192660550459
1787818969,9,,Aggregated,4.300000,0.000000,1100,1100,1100,1400,1900,2100,19000,35000,50000,50000,50000,1095,0,1100,1962.9623089013749,905.0838180000937,50406.7080079999,320.3205479452055
1787818970,9,,Aggregated,4.400000,0.000000,1100,1100,1100,1400,1900,2100,19000,35000,50000,50000,50000,1100,0,1100,1970.5437871881875,905.0838180000937,50406.7080079999,320.30727272727273
1787818971,9,,Aggregated,4.400000,0.000000,1100,1100,1100,1400,1900,2100,19000,30000,50000,50000,50000,1104,0,1100,1967.4288842137744,905.0838180000937,50406.7080079999,320.30253623188406
1787818972,9,,Aggregated,4.500000,0.000000,1100,1100,1100,1400,1900,2100,19000,30000,50000,50000,50000,1109,0,1100,1964.0060739603316,905.0838180000937,50406.7080079999,320.3038773669973
1787818973,9,,Aggregated,4.500000,0.000000,1100,1100,1100,1400,1900,2100,19000,30000,50000,50000,50000,1114,0,1100,1959.8671079371702,905.0838180000937,50406.7080079999,320.2890484739677
1787818974,9,,Aggregated,4.400000,0.000000,1100,1100,1100,1400,1900,2100,19000,35000,50000,50000,50000,1120,0,1100,1999.2924875616145,905.0838180000937,50406.7080079999,320.2857142857143
1787818975,9,,Aggregated,4.600000,0.000000,1100,1100,1100,1400,1900,2100,19000,35000,50000,50000,50000,1124,0,1100,1995.7830864795446,905.0838180000937,50406.7080079999,320.26423487544486
1787818976,9,,Aggregated,4.600000,0.000000,1100,1100,1100,1400,1900,2100,19000,35000,50000,50000,50000,1129,0,1100,1992.344536472992,905.0838180000937,50406.7080079999,320.2666076173605
1787818977,9,,Aggregated,4.600000,0.000000,1100,1100,1100,1400,1900,2100,19000,35000,50000,50000,50000,1133,0,1100,1989.2117445304582,905.0838180000937,50406.7080079999,320.30008826125334
1787818978,9,,Aggregated,4.700000,0.000000,1100,1100,1100,1400,1900,2100,19000,35000,50000,50000,50000,1137,0,1100,1986.672977546182,905.0838180000937,50406.7080079999,320.2805628847845
1787818979,9,,Aggregated,4.600000,0.000000,1100,1100,1100,1400,1900,2100,20000,35000,50000,50000,50000,1143,0,1100,1998.5505631172432,905.0838180000937,50406.7080079999,320.2782152230971
1787818980,9,,Aggregated,4.500000,0.000000,1100,1100,1100,1400,1900,2100,20000,35000,50000,50000,50000,1146,0,1100,1995.9454135558544,905.0838180000937,50406.7080079999,320.26003490401393
1787818981,9,,Aggregated,4.500000,0.000000,1100,1100,1100,1400,1900,2100,20000,35000,50000,50000,50000,1150,0,1100,1992.9362891269645,905.0838180000937,50406.7080079999,320.2904347826087
1787818982,9,,Aggregated,4.600000,0.000000,1100,1100,1100,1400,1900,2100,19000,35000,50000,50000,50000,1154,0,1100,1990.4422810442018,905.0838180000937,50406.7080079999,320.27036395147314
1787818983,9,,Aggregated,4.600000,0.000000,1100,1100,1100,1400,1900,2100,19000,35000,50000,50000,50000,1160,0,1100,1986.1598362922484,905.0838180000937,50406.7080079999,320.276724137931
1787818984,9,,Aggregated,4.500000,0.000000,1100,1100,1100,1400,1900,2100,19000,35000,50000,50000,50000,1165,0,1100,1982.399943768247,905.0838180000937,50406.7080079999,320.2712446351931
1787818985,9,,Aggregated,4.500000,0.000000,1100,1100,1100,1400,1900,2100,19000,35000,50000,50000,50000,1169,0,1100,1979.0485048802464,905.0838180000937,50406.7080079999,320.2917023096664
1787818986,9,,Aggregated,4.400000,0.000000,1100,1100,1100,1400,1900,2100,19000,35000,50000,50000,50000,1172,0,1100,1977.301163799495,905.0838180000937,50406.7080079999,320.31313993174064
1787818987,9,,Aggregated,4.500000,0.000000,1100,1100,1100,1400,1900,2100,19000,35000,50000,50000,50000,1178,0,1100,1973.66695034381,905.0838180000937,50406.7080079999,320.31494057724956
1787818988,9,,Aggregated,4.400000,0.000000,1100,1100,1100,1400,1900,2100,19000,35000,50000,50000,50000,1182,0,1100,1970.4310505118508,905.0838180000937,50406.7080079999,320.2952622673435
1787818989,9,,Aggregated,4.400000,0.000000,1100,1100,1100,1400,1900,2100,19000,35000,50000,50000,50000,1187,0,1100,1967.139436120478,905.0838180000937,50406.7080079999,320.2965459140691
1787818990,9,,Aggregated,4.500000,0.000000,1100,1100,1100,1400,1900,2100,19000,35000,50000,50000,50000,1189,0,1100,1965.4266740487865,905.0838180000937,50406.7080079999,320.3103448275862
1787818991,9,,Aggregated,4.400000,0.000000,1100,1100,1100,1400,1900,2100,19000,35000,50000,50000,50000,1194,0,1100,1962.9699456733726,905.0838180000937,50406.7080079999,320.3107202680067
1787818992,9,,Aggregated,4.200000,0.000000,1100,1100,1100,1400,1900,2100,20000,35000,50000,50000,50000,1199,0,1100,1976.7913820658935,905.0838180000937,50406.7080079999,320.2927439532944
1787818993,9,,Aggregated,4.200000,0.000000,1100,1100,1100,1400,1900,2100,19000,30000,50000,50000,50000,1204,0,1100,1973.5387608255871,905.0838180000937,50406.7080079999,320.2873754152824
1787818994,9,,Aggregated,4.400000,0.000000,1100,1100,1100,1400,1900,2100,19000,30000,50000,50000,50000,1207,0,1100,1971.1223466826893,905.0838180000937,50406.7080079999,320.2982601491301
1787818995,9,,Aggregated,4.500000,0.000000,1100,1100,1100,1400,1900,2100,19000,30000,50000,50000,50000,1212,0,1100,1968.6015807599065,905.0838180000937,50406.7080079999,320.30445544554453
1787818996,9,,Aggregated,4.400000,0.000000,1100,1100,1100,1400,1900,2100,19000,30000,50000,50000,50000,1219,0,1100,1977.3379401599727,905.0838180000937,50406.7080079999,320.31337161607877
1787818997,9,,Aggregated,4.300000,0.000000,1100,1100,1100,1400,1900,2100,19000,30000,50000,50000,50000,1223,0,1100,1974.1867957391719,905.0838180000937,50406.7080079999,320.29517579721994
1787818998,9,,Aggregated,4.300000,0.000000,1100,1100,1100,1400,1900,2100,19000,30000,50000,50000,50000,1227,0,1100,1971.7417570350506,905.0838180000937,50406.7080079999,320.3333333333333
1787818999,9,,Aggregated,4.500000,0.000000,1100,1100,1100,1400,1900,2100,19000,30000,50000,50000,50000,1230,0,1100,1970.240539239843,905.0838180000937,50406.7080079999,320.3162601626016
1787819000,9,,Aggregated,4.400000,0.000000,1100,1100,1100,1400,1900,2100,19000,30000,50000,50000,50000,1235,0,1100,1966.849895818628,905.0838180000937,50406.7080079999,320.3165991902834
1787819001,9,,Aggregated,4.400000,0.000000,1100,1100,1100,1400,1900,2100,19000,30000,50000,50000,50000,1239,0,1100,1963.7932897941935,905.0838180000937,50406.7080079999,320.29701372074254
1787819002,9,,Aggregated,4.500000,0.000000,1100,1100,1100,1400,1900,2100,20000,35000,50000,50000,50000,1244,0,1100,1988.0473464011297,905.0838180000937,50406.7080079999,320.34003215434086
1787819003,9,,Aggregated,4.400000,0.000000,1100,1100,1100,1400,1900,2100,20000,35000,50000,50000,50000,1249,0,1100,1985.53722915773,905.0838180000937,50406.7080079999,320.33306645316253
1787819004,9,,Aggregated,4.500000,0.000000,1100,1100,1100,1400,1900,2100,19000,35000,50000,50000,50000,1252,0,1100,1983.191107329077,905.0838180000937,50406.7080079999,320.3450479233227
1787819005,9,,Aggregated,4.200000,0.000000,1100,1100,1100,1400,1900,2100,19000,35000,50000,50000,50000,1257,0,1100,1980.1136519395423,905.0838180000937,50406.7080079999,320.35163086714397
1787819006,9,,Aggregated,4.500000,0.000000,1100,1100,1100,1400,1900,2100,19000,35000,50000,50000,50000,1261,0,1100,1977.0493181665383,905.0838180000937,50406.7080079999,320.33386201427436
1787819007,9,,Aggregated,4.500000,0.000000,1100,1100,1100,1400,1900,2100,19000,35000,50000,50000,50000,1267,0,1100,1983.823856056042,904.4840349997685,50406.7080079999,320.370955011839
1787819008,9,,Aggregated,4.600000,0.000000,1100,1100,1100,1400,1900,2100,19000,35000,50000,50000,50000,1271,0,1100,1981.6426187088946,904.4840349997685,50406.7080079999,320.35169158143196
1787819009,9,,Aggregated,4.400000,0.000000,1100,1100,1100,1400,1900,2100,19000,35000,50000,50000,50000,1275,0,1100,1978.9600074352975,904.4840349997685,50406.7080079999,320.34901960784316
1787819010,9,,Aggregated,4.500000,0.000000,1100,1100,1100,1400,1900,2100,19000,35000,50000,50000,50000,1279,0,1100,1975.9684960273687,904.4840349997685,50406.7080079999,320.3291634089132
1787819011,9,,Aggregated,4.600000,0.000000,1100,1100,1100,1400,1900,2100,19000,35000,50000,50000,50000,1283,0,1100,1973.7647016032774,904.4840349997685,50406.7080079999,320.3522992985191
1787819012,9,,Aggregated,4.500000,0.000000,1100,1100,1100,1400,1900,2100,19000,35000,50000,50000,50000,1288,0,1100,1971.3225172375808,904.4840349997685,50406.7080079999,320.35093167701865
1787819013,9,,Aggregated,4.500000,0.000000,1100,1100,1100,1400,1900,2100,19000,35000,50000,50000,50000,1292,0,1100,1968.3602025998484,904.4840349997685,50406.7080079999,320.3328173374613
1787819014,9,,Aggregated,4.200000,0.000000,1100,1100,1100,1400,1900,2100,19000,35000,50000,50000,50000,1297,0,1100,1965.526840894375,904.4840349997685,50406.7080079999,320.32845026985353
1787819015,9,,Aggregated,4.300000,0.000000,1100,1100,1100,1400,1900,2100,19000,35000,50000,50000,50000,1300,0,1100,1963.2941573238497,904.4840349997685,50406.7080079999,320.33923076923077
1787819016,9,,Aggregated,4.200000,0.000000,1100,1100,1100,1400,1900,2100,19000,30000,50000,50000,50000,1306,0,1100,1974.468219828487,904.4840349997685,50406.7080079999,320.33614088820826
1787819017,9,,Aggregated,4.400000,0.000000,1100,1100,1100,1400,1900,2100,19000,30000,50000,50000,50000,1311,0,1100,1971.1871675499654,904.4840349997685,50406.7080079999,320.33104500381387
1787819018,9,,Aggregated,4.300000,0.000000,1100,1100,1100,1400,1900,2100,19000,30000,50000,50000,50000,1315,0,1100,1968.3045899140711,904.4840349997685,50406.7080079999,320.31406844106465
1787819019,9,,Aggregated,4.400000,0.000000,1100,1100,1100,1400,1900,2100,19000,30000,50000,50000,50000,1319,0,1100,1965.9441436497373,904.4840349997685,50406.7080079999,320.3495072024261
1787819020,9,,Aggregated,4.400000,0.000000,1100,1100,1100,1400,1900,2100,19000,30000,50000,50000,50000,1323,0,1100,1963.8282233953162,904.4840349997685,50406.7080079999,320.33560090702946
1787819021,9,,Aggregated,4.300000,0.000000,1100,1100,1100,1400,1900,2100,19000,30000,50000,50000,50000,1328,0,1100,1960.592559932231,904.4840349997685,50406.7080079999,320.3298192771084
1787819022,9,,Aggregated,4.300000,0.000000,1100,1100,1100,1400,1900,2100,19000,30000,50000,50000,50000,1332,0,1100,1957.7549921463983,904.4840349997685,50406.7080079999,320.3123123123123
1787819023,9,,Aggregated,4.400000,0.000000,1100,1100,1100,1400,1900,2100,19000,30000,50000,50000,50000,1336,0,1100,1955.6155613750027,904.4840349997685,50406.7080079999,320.33458083832335
1787819024,9,,Aggregated,4.500000,0.000000,1100,1100,1100,1400,1900,2100,19000,35000,50000,50000,50000,1342,0,1100,1989.1312380216127,904.4840349997685,50406.7080079999,320.3420268256334
1787819025,9,,Aggregated,4.500000,0.000000,1100,1100,1100,1400,1900,2100,19000,35000,50000,50000,50000,1346,0,1100,1986.2345120928712,904.4840349997685,50406.7080079999,320.32540861812777
1787819026,9,,Aggregated,4.500000,0.000000,1100,1100,1100,1400,1900,2100,19000,35000,50000,50000,50000,1350,0,1100,1983.986151297781,904.4840349997685,50406.7080079999,320.35333333333335
1787819027,9,,Aggregated,4.400000,0.000000,1100,1100,1100,1400,1900,2100,19000,35000,50000,50000,50000,1354,0,1100,1981.1558841041392,904.4840349997685,50406.7080079999,320.3360413589365
1787819028,9,,Aggregated,4.500000,0.000000,1100,1100,1100,1400,1900,2100,19000,35000,50000,50000,50000,1357,0,1100,1979.381651198972,904.4840349997685,50406.7080079999,320.3588798820929
1787819029,9,,Aggregated,4.500000,0.000000,1100,1100,1100,1400,1900,2100,19000,35000,50000,50000,50000,1362,0,1100,1977.2436282848792,904.4840349997685,50406.7080079999,320.3590308370044
1787819030,9,,Aggregated,4.400000,0.000000,1100,1100,1100,1400,1900,2100,19000,35000,50000,50000,50000,1367,0,1100,1973.7478688434567,904.4840349997685,50406.7080079999,320.3511338697879
1787819031,9,,Aggregated,4.400000,0.000000,1100,1100,1100,1400,1900,2100,19000,35000,50000,50000,50000,1372,0,1100,1970.6764204373214,904.4840349997685,50406.7080079999,320.347667638484
1787819032,9,,Aggregated,4.500000,0.000000,1100,1100,1100,1400,1900,2100,19000,35000,50000,50000,50000,1376,0,1100,1978.7744148880854,904.4840349997685,50406.7080079999,320.35828488372096
1787819033,9,,Aggregated,4.400000,0.000000,1100,1100,1100,1400,1900,2100,19000,35000,50000,50000,50000,1381,0,1100,1976.7652077950802,904.4840349997685,50406.7080079999,320.3526430123099
1787819034,9,,Aggregated,4.400000,0.000000,1100,1100,1100,1400,1900,2100,19000,35000,50000,50000,50000,1387,0,1100,1991.6774177404518,904.4840349997685,50406.7080079999,320.3547224224946
1787819035,9,,Aggregated,4.300000,0.000000,1100,1100,1100,1400,1900,2100,19000,35000,50000,50000,50000,1391,0,1100,1988.9173843012265,904.4840349997685,50406.7080079999,320.3386053199137
1787819036,9,,Aggregated,4.500000,0.000000,1100,1100,1100,1400,1900,2100,20000,35000,50000,50000,50000,1396,0,1100,2010.412844379661,904.4840349997685,50406.7080079999,320.3789398280802
1787819037,9,,Aggregated,4.500000,0.000000,1100,1100,1100,1400,1900,2100,20000,35000,50000,50000,50000,1399,0,1100,2008.9662358077246,904.4840349997685,50406.7080079999,320.36311651179415
1787819038,9,,Aggregated,4.400000,0.000000,1100,1100,1100,1400,1900,2100,19000,35000,50000,50000,50000,1404,0,1100,2005.7266453668142,904.4840349997685,50406.7080079999,320.35897435897436
1787819039,9,,Aggregated,4.400000,0.000000,1100,1100,1100,1400,1900,2100,19000,35000,50000,50000,50000,1408,0,1100,2003.4674555482998,904.4840349997685,50406.7080079999,320.38210227272725
1787819040,9,,Aggregated,4.600000,0.000000,1100,1100,1100,1400,1900,2100,19000,35000,50000,50000,50000,1411,0,1100,2001.365823978034,904.4840349997685,50406.7080079999,320.3912119064493
1787819041,9,,Aggregated,4.600000,0.000000,1100,1100,1100,1400,1900,2100,19000,35000,50000,50000,50000,1417,0,1100,1998.5794664982398,904.4840349997685,50406.7080079999,320.39308398023996
1787819042,9,,Aggregated,4.500000,0.000000,1100,1100,1100,1400,1900,2100,19000,35000,50000,50000,50000,1421,0,1100,1995.8297693258305,904.4840349997685,50406.7080079999,320.37579169598877
1787819043,9,,Aggregated,4.300000,0.000000,1100,1100,1100,1400,1900,2100,19000,35000,50000,50000,50000,1426,0,1100,1993.0859911002844,904.4840349997685,50406.7080079999,320.3772791023843
1787819044,9,,Aggregated,4.400000,0.000000,1100,1100,1100,1400,1900,2100,19000,35000,50000,50000,50000,1431,0,1100,1989.9670594982572,904.4840349997685,50406.7080079999,320.37316561844864
1787819045,9,,Aggregated,4.500000,0.000000,1100,1100,1100,1400,1900,2100,19000,35000,50000,50000,50000,1435,0,1100,1987.2374115052305,904.4840349997685,50406.7080079999,320.35540069686414
1787819046,9,,Aggregated,4.400000,0.000000,1100,1100,1100,1400,1900,2100,19000,35000,50000,50000,50000,1438,0,1100,1985.8953782280985,904.4840349997685,50406.7080079999,320.38386648122395
1787819047,9,,Aggregated,4.500000,0.000000,1100,1100,1100,1400,1900,2100,19000,35000,50000,50000,50000,1442,0,1100,1983.5737722434153,904.4840349997685,50406.7080079999,320.36685159500695
1787819048,9,,Aggregated,4.500000,0.000000,1100,1100,1100,1400,1900,2100,19000,35000,50000,50000,50000,1448,0,1100,1990.7537218100865,904.4840349997685,50406.7080079999,320.37223756906076
1787819049,9,,Aggregated,4.500000,0.000000,1100,1100,1100,1400,1900,2100,19000,35000,50000,50000,50000,1452,0,1100,1988.098243429067,904.4840349997685,50406.7080079999,320.35537190082647
1787819050,9,,Aggregated,4.400000,0.000000,1100,1100,1100,1400,1900,2100,19000,35000,50000,50000,50000,1457,0,1100,1985.3894708963662,904.4840349997685,50406.7080079999,320.35621139327384
1787819051,9,,Aggregated,4.400000,0.000000,1100,1100,1100,1400,1900,2100,19000,35000,50000,50000,50000,1462,0,1100,1982.5504662859141,904.4840349997685,50406.7080079999,320.35567715458274
1787819052,9,,Aggregated,4.400000,0.000000,1100,1100,1100,1400,1900,2100,19000,35000,50000,50000,50000,1466,0,1100,1979.912096545025,904.4840349997685,50406.7080079999,320.33901773533427
1787819053,9,,Aggregated,4.600000,0.000000,1100,1100,1100,1400,1900,2100,19000,35000,50000,50000,50000,1470,0,1100,1977.8248306530659,904.4840349997685,50406.7080079999,320.35986394557824
1787819054,9,,Aggregated,4.700000,0.000000,1100,1100,1100,1400,1900,2100,19000,35000,50000,50000,50000,1473,0,1100,1976.455020936189,904.4840349997685,50406.7080079999,320.34555329260013
1787819055,9,,Aggregated,4.700000,0.000000,1100,1100,1100,1400,1900,2100,19000,35000,50000,50000,50000,1478,0,1100,1973.5948913978389,904.4840349997685,50406.7080079999,320.3423545331529
1787819056,9,,Aggregated,4.600000,0.000000,1100,1100,1100,1400,1900,2100,19000,35000,50000,50000,50000,1483,0,1100,1970.2977025731664,904.4840349997685,50406.7080079999,320.33243425488877
1787819057,9,,Aggregated,4.500000,0.000000,1100,1100,1100,1400,1900,2100,19000,35000,50000,50000,50000,1487,0,1100,1968.340604830535,904.4840349997685,50406.7080079999,320.3631472763954
1787819058,9,,Aggregated,4.500000,0.000000,1100,1100,1100,1400,1900,2100,19000,35000,50000,50000,50000,1492,0,1100,1966.1570209443742,904.4840349997685,50406.7080079999,320.357908847185
1787819059,9,,Aggregated,4.500000,0.000000,1100,1100,1100,1400,1900,2100,19000,35000,50000,50000,50000,1496,0,1100,1963.6356727687212,904.4840349997685,50406.7080079999,320.3435828877005
1787819060,9,,Aggregated,4.200000,0.000000,1100,1100,1100,1400,1900,2100,19000,35000,50000,50000,50000,1500,0,1100,1961.7799784620047,904.4840349997685,50406.7080079999,320.368
1787819061,9,,Aggregated,4.300000,0.000000,1100,1100,1100,1400,1900,2100,19000,30000,50000,50000,50000,1503,0,1100,1959.8941666520338,904.4840349997685,50406.7080079999,320.377245508982
1787819062,9,,Aggregated,4.300000,0.000000,1100,1100,1100,1400,1900,2100,19000,30000,50000,50000,50000,1508,0,1100,1958.3332200364773,904.4840349997685,50406.7080079999,320.37334217506634
1787819063,9,,Aggregated,4.300000,0.000000,1100,1100,1100,1400,1900,2100,19000,30000,50000,50000,50000,1514,0,1100,1974.076833155884,904.4840349997685,50406.7080079999,320.3678996036988
1787819064,9,,Aggregated,4.100000,0.000000,1100,1100,1100,1400,1900,2100,19000,30000,50000,50000,50000,1518,0,1100,1981.3647150368965,904.4840349997685,50406.7080079999,320.3570487483531
1787819065,9,,Aggregated,4.100000,0.000000,1100,1100,1100,1400,1900,2100,19000,30000,50000,50000,50000,1523,0,1100,1978.7987671845103,904.4840349997685,50406.7080079999,320.3532501641497
1787819066,9,,Aggregated,4.300000,0.000000,1100,1100,1100,1400,1900,2100,19000,30000,50000,50000,50000,1527,0,1100,1976.2794145926716,904.4840349997685,50406.7080079999,320.3385723641126
1787819067,9,,Aggregated,4.400000,0.000000,1100,1100,1100,1400,1900,2100,19000,30000,50000,50000,50000,1533,0,1100,1972.7253208780226,904.4840349997685,50406.7080079999,320.3398564905414
1787819068,9,,Aggregated,4.500000,0.000000,1100,1100,1100,1400,1900,2100,19000,30000,50000,50000,50000,1536,0,1100,1970.8537948365945,904.4840349997685,50406.7080079999,320.34765625
1787819069,9,,Aggregated,4.300000,0.000000,1100,1100,1100,1400,1900,2100,19000,30000,50000,50000,50000,1541,0,1100,1968.6592867222637,904.4840349997685,50406.7080079999,320.3439325113563
1787819070,9,,Aggregated,4.600000,0.000000,1100,1100,1100,1400,1900,2100,19000,30000,50000,50000,50000,1546,0,1100,1965.836039053692,904.4840349997685,50406.7080079999,320.34023285899093
1787819071,9,,Aggregated,4.600000,0.000000,1100,1100,1100,1400,1900,2100,19000,35000,50000,50000,50000,1551,0,1100,1984.639252681501,904.4840349997685,50406.7080079999,320.33462282398455
1787819072,9,,Aggregated,4.600000,0.000000,1100,1100,1100,1400,1900,2100,19000,35000,50000,50000,50000,1556,0,1100,1982.1298071458925,904.4840349997685,50406.7080079999,320.33419023136247
1787819073,9,,Aggregated,4.600000,0.000000,1100,1100,1100,1400,1900,2100,19000,35000,50000,50000,50000,1560,0,1100,1979.6510061083388,904.4840349997685,50406.7080079999,320.3192307692308
1787819074,9,,Aggregated,4.700000,0.000000,1100,1100,1100,1400,1900,2100,19000,35000,50000,50000,50000,1566,0,1100,2007.9256316730582,904.4840349997685,50406.7080079999,320.32247765006383
1787819075,9,,Aggregated,4.800000,0.000000,1100,1100,1100,1400,1900,2100,19000,35000,50000,50000,50000,1570,0,1100,2005.4512342751655,904.4840349997685,50406.7080079999,320.30700636942674
1787819076,9,,Aggregated,4.600000,0.000000,1100,1100,1100,1400,1900,2100,19000,35000,50000,50000,50000,1576,0,1100,2009.508899240489,904.4840349997685,50406.7080079999,320.3032994923858
1787819077,9,,Aggregated,4.600000,0.000000,1100,1100,1100,1400,1900,2100,19000,35000,50000,50000,50000,1580,0,1100,2006.9970240424118,904.4840349997685,50406.7080079999,320.2886075949367
1787819078,9,,Aggregated,4.700000,0.000000,1100,1100,1100,1400,1900,2100,19000,35000,50000,50000,50000,1586,0,1100,2003.7997750327934,904.4840349997685,50406.7080079999,320.2950819672131
1787819079,9,,Aggregated,4.800000,0.000000,1100,1100,1100,1400,1900,2100,19000,35000,50000,50000,50000,1591,0,1100,2000.9218211483412,904.4840349997685,50406.7080079999,320.29101194217475
1787819080,9,,Aggregated,4.800000,0.000000,1100,1100,1100,1400,1900,2100,19000,35000,50000,50000,50000,1595,0,1100,1998.4594194583142,904.4840349997685,50406.7080079999,320.27711598746083
1787819081,9,,Aggregated,4.700000,0.000000,1100,1100,1100,1400,1900,2100,19000,35000,50000,50000,50000,1600,0,1100,1995.9993496987563,904.4840349997685,50406.7080079999,320.271875
1787819082,9,,Aggregated,4.800000,0.000000,1100,1100,1100,1400,1900,2100,19000,35000,50000,50000,50000,1604,0,1100,1993.59911931048,904.4840349997685,50406.7080079999,320.2574812967581
1787819083,9,,Aggregated,4.800000,0.000000,1100,1100,1100,1400,1900,2100,19000,35000,50000,50000,50000,1608,0,1100,1991.5044785752543,904.4840349997685,50406.7080079999,320.2779850746269
1787819084,9,,Aggregated,4.800000,0.000000,1100,1100,1100,1400,1900,2100,19000,35000,50000,50000,50000,1612,0,1100,2000.7969700849933,904.4840349997685,50406.7080079999,320.26612903225805
1787819085,9,,Aggregated,4.800000,0.000000,1100,1100,1100,1400,1900,2100,19000,35000,50000,50000,50000,1617,0,1100,1998.2897975337098,904.4840349997685,50406.7080079999,320.2622139764997
1787819086,9,,Aggregated,4.800000,0.000000,1100,1100,1100,1400,1900,2100,19000,35000,50000,50000,50000,1622,0,1100,1995.842389664617,904.4840349997685,50406.7080079999,320.26695437731195
1787819087,9,,Aggregated,4.800000,0.000000,1100,1100,1100,1400,1900,2100,19000,35000,50000,50000,50000,1626,0,1100,1993.5422794723297,904.4840349997685,50406.7080079999,320.2527675276753
1787819088,9,,Aggregated,4.600000,0.000000,1100,1100,1100,1400,1900,2100,19000,35000,50000,50000,50000,1631,0,1100,1990.9903578473375,904.4840349997685,50406.7080079999,320.2489270386266
1787819089,9,,Aggregated,4.700000,0.000000,1100,1100,1100,1400,1900,2100,19000,35000,50000,50000,50000,1634,0,1100,1989.1774117907019,904.4840349997685,50406.7080079999,320.2582619339045
1787819090,9,,Aggregated,4.600000,0.000000,1100,1100,1100,1400,1900,2100,19000,35000,50000,50000,50000,1640,0,1100,1986.7171306493944,904.4840349997685,50406.7080079999,320.26768292682925
1787819091,9,,Aggregated,4.600000,0.000000,1100,1100,1100,1400,1900,2100,19000,35000,50000,50000,50000,1644,0,1100,1984.3555442566953,904.4840349997685,50406.7080079999,320.2542579075426
1787819092,9,,Aggregated,4.500000,0.000000,1100,1100,1100,1400,1900,2100,19000,35000,50000,50000,50000,1648,0,1100,1982.2514971656597,904.4840349997685,50406.7080079999,320.25546116504853
1787819093,9,,Aggregated,4.500000,0.000000,1100,1100,1100,1400,1900,2100,19000,35000,50000,50000,50000,1651,0,1100,1980.5733866577875,904.4840349997685,50406.7080079999,320.26468806783765
1787819094,9,,Aggregated,4.500000,0.000000,1100,1100,1100,1400,1900,2100,19000,35000,50000,50000,50000,1656,0,1100,1978.9029500875647,904.4840349997685,50406.7080079999,320.2602657004831
1787819095,9,,Aggregated,4.400000,0.000000,1100,1100,1100,1400,1900,2100,19000,35000,50000,50000,50000,1661,0,1100,1976.4896272938033,904.4840349997685,50406.7080079999,320.2558699578567
1787819096,9,,Aggregated,4.400000,0.000000,1100,1100,1100,1400,1900,2100,19000,35000,50000,50000,50000,1665,0,1100,1974.2127501537582,904.4840349997685,50406.7080079999,320.24144144144145
1787819097,9,,Aggregated,4.100000,0.000000,1100,1100,1100,1400,1900,2100,19000,35000,50000,50000,50000,1669,0,1100,1972.3072314421856,904.4840349997685,50406.7080079999,320.2630317555422
1787819098,9,,Aggregated,4.200000,0.000000,1100,1100,1100,1400,1900,2100,19000,35000,50000,50000,50000,1673,0,1100,1970.6712792952826,904.4840349997685,50406.7080079999,320.249252839211
1787819099,9,,Aggregated,4.100000,0.000000,1100,1100,1100,1400,1900,2100,19000,35000,50000,50000,50000,1678,0,1100,1968.335975466036,904.4840349997685,50406.7080079999,320.24374255065555
1787819100,9,,Aggregated,4.100000,0.000000,1100,1100,1100,1400,1900,2100,19000,35000,50000,50000,50000,1684,0,1100,1974.1910586466802,904.4840349997685,50406.7080079999,320.2464370546318
1787819101,9,,Aggregated,4.200000,0.000000,1100,1100,1100,1400,1900,2100,19000,35000,50000,50000,50000,1687,0,1100,1972.4890285358683,904.4840349997685,50406.7080079999,320.25370480142266
1787819102,9,,Aggregated,4.300000,0.000000,1100,1100,1100,1400,1900,2100,19000,35000,50000,50000,50000,1693,0,1100,1985.0910975073893,904.4840349997685,50406.7080079999,320.2610750147667
1787819103,9,,Aggregated,4.500000,0.000000,1100,1100,1100,1400,1900,2100,19000,35000,50000,50000,50000,1697,0,1100,1982.8385525545139,904.4840349997685,50406.7080079999,320.24749558043607
1787819104,9,,Aggregated,4.300000,0.000000,1100,1100,1100,1400,1900,2100,19000,30000,50000,50000,50000,1702,0,1100,1980.4086379794421,904.4840349997685,50406.7080079999,320.24500587544065
1787819105,9,,Aggregated,4.500000,0.000000,1100,1100,1100,1400,1900,2100,19000,30000,50000,50000,50000,1706,0,1100,1978.1493304443204,904.4840349997685,50406.7080079999,320.23094958968346
1787819106,9,,Aggregated,4.500000,0.000000,1100,1100,1100,1400,1900,2100,19000,35000,50000,50000,50000,1711,0,1100,1995.629294126248,904.4840349997685,50406.7080079999,320.2571595558153
1787819107,9,,Aggregated,4.600000,0.000000,1100,1100,1100,1400,1900,2100,19000,35000,50000,50000,50000,1715,0,1100,1993.3571575457786,904.4840349997685,50406.7080079999,320.2437317784257
1787819108,9,,Aggregated,4.500000,0.000000,1100,1100,1100,1400,1900,2100,19000,35000,50000,50000,50000,1719,0,1100,1991.6325246887786,904.4840349997685,50406.7080079999,320.2623618382781
1787819109,9,,Aggregated,4.700000,0.000000,1100,1100,1100,1400,1900,2100,19000,35000,50000,50000,50000,1724,0,1100,1989.8749308033705,904.4840349997685,50406.7080079999,320.26276102088167
1787819110,9,,Aggregated,4.600000,0.000000,1100,1100,1100,1400,1900,2100,19000,35000,50000,50000,50000,1728,0,1100,1987.6254516944505,904.4840349997685,50406.7080079999,320.25
1787819111,9,,Aggregated,4.600000,0.000000,1100,1100,1100,1400,1900,2100,19000,35000,50000,50000,50000,1732,0,1100,1985.8431379561257,904.4840349997685,50406.7080079999,320.25230946882215
1787819112,9,,Aggregated,4.600000,0.000000,1100,1100,1100,1400,1900,2100,19000,35000,50000,50000,50000,1735,0,1100,1984.1393842841555,904.4840349997685,50406.7080079999,320.2651296829971
1787819113,9,,Aggregated,4.300000,0.000000,1100,1100,1100,1400,1900,2100,19000,35000,50000,50000,50000,1741,0,1100,1981.5910672159735,904.4840349997685,50406.7080079999,320.27110855829983
1787819114,9,,Aggregated,4.600000,0.000000,1100,1100,1100,1400,1900,2100,19000,35000,50000,50000,50000,1745,0,1100,1979.4059999621832,904.4840349997685,50406.7080079999,320.2573065902579
1787819115,9,,Aggregated,4.300000,0.000000,1100,1100,1100,1400,1900,2100,19000,35000,50000,50000,50000,1750,0,1100,1977.0961833314345,904.4840349997685,50406.7080079999,320.2537142857143
1787819116,9,,Aggregated,4.300000,0.000000,1100,1100,1100,1400,1900,2100,19000,35000,50000,50000,50000,1754,0,1100,1975.1469700792534,904.4840349997685,50406.7080079999,320.27137970353476
1787819117,9,,Aggregated,4.400000,0.000000,1100,1100,1100,1400,1900,2100,19000,35000,50000,50000,50000,1759,0,1100,1981.8785365867025,904.4840349997685,50406.7080079999,320.25810119386017
1787819118,9,,Aggregated,4.400000,0.000000,1100,1100,1100,1400,1900,2100,19000,35000,50000,50000,50000,1764,0,1100,1979.62769012869,904.4840349997685,50406.7080079999,320.25850340136054
1787819119,9,,Aggregated,4.200000,0.000000,1100,1100,1100,1400,1900,2100,19000,35000,50000,50000,50000,1768,0,1100,1977.7562026719502,904.4840349997685,50406.7080079999,320.2760180995475
1787819120,9,,Aggregated,4.400000,0.000000,1100,1100,1100,1400,1900,2100,19000,35000,50000,50000,50000,1771,0,1100,1976.1120409599139,904.4840349997685,50406.7080079999,320.28345567476003
1787819121,9,,Aggregated,4.400000,0.000000,1100,1100,1100,1400,1900,2100,19000,35000,50000,50000,50000,1775,0,1100,1975.3078198439482,904.4840349997685,50406.7080079999,320.2805633802817
1787819122,9,,Aggregated,4.300000,0.000000,1100,1100,1100,1400,1900,2100,19000,35000,50000,50000,50000,1779,0,1100,1973.1529263732475,904.4840349997685,50406.7080079999,320.2675660483418
1787819123,9,,Aggregated,4.400000,0.000000,1100,1100,1100,1400,1900,2100,19000,35000,50000,50000,50000,1785,0,1100,1970.1341127109283,904.4840349997685,50406.7080079999,320.2694677871148
1787819124,9,,Aggregated,4.300000,0.000000,1100,1100,1100,1400,1900,2100,19000,35000,50000,50000,50000,1790,0,1100,1994.9584010324065,904.4840349997685,50406.7080079999,320.2564245810056
1787819125,9,,Aggregated,4.300000,0.000000,1100,1100,1100,1400,1900,2100,19000,35000,50000,50000,50000,1795,0,1100,1992.7282020462437,904.4840349997685,50406.7080079999,320.2568245125348
1787819126,9,,Aggregated,4.400000,0.000000,1100,1100,1100,1400,1900,2100,19000,35000,50000,50000,50000,1799,0,1100,1990.78793700056,904.4840349997685,50406.7080079999,320.2768204558088
1787819127,9,,Aggregated,4.400000,0.000000,1100,1100,1100,1400,1900,2100,19000,35000,50000,50000,50000,1803,0,1100,1989.1456373006142,904.4840349997685,50406.7080079999,320.2667775929007
1787819128,9,,Aggregated,4.500000,0.000000,1100,1100,1100,1400,1900,2100,19000,35000,50000,50000,50000,1808,0,1100,1987.0448872345175,904.4840349997685,50406.7080079999,320.2638274336283
1787819129,9,,Aggregated,4.500000,0.000000,1100,1100,1100,1400,1900,2100,19000,35000,50000,50000,50000,1811,0,1100,1985.3858993915007,904.4840349997685,50406.7080079999,320.25179458862505
1787819130,9,,Aggregated,4.400000,0.000000,1100,1100,1100,1400,1900,2100,19000,35000,50000,50000,50000,1815,0,1100,1983.5546207614368,904.4840349997685,50406.7080079999,320.2694214876033
1787819131,9,,Aggregated,4.400000,0.000000,1100,1100,1100,1400,1900,2100,19000,35000,50000,50000,50000,1820,0,1100,1981.833449445059,904.4840349997685,50406.7080079999,320.27362637362637
1787819132,9,,Aggregated,4.500000,0.000000,1100,1100,1100,1400,1900,2100,19000,35000,50000,50000,50000,1825,0,1100,1994.9578167715108,904.4840349997685,50406.7080079999,320.26082191780824
1787819133,9,,Aggregated,4.400000,0.000000,1100,1100,1100,1400,1900,2100,19000,35000,50000,50000,50000,1831,0,1100,2000.2026219650504,904.4840349997685,50406.7080079999,320.2605133806663
1787819134,9,,Aggregated,4.300000,0.000000,1100,1100,1100,1400,1900,2100,19000,35000,50000,50000,50000,1835,0,1100,1998.0483185798403,904.4840349997685,50406.7080079999,320.2485013623978
1787819135,9,,Aggregated,4.600000,0.000000,1100,1100,1100,1400,1900,2100,19000,35000,50000,50000,50000,1840,0,1100,1995.875172689134,904.4840349997685,50406.7080079999,320.245652173913
1787819136,9,,Aggregated,4.700000,0.000000,1100,1100,1100,1400,1900,2100,19000,35000,50000,50000,50000,1845,0,1100,1993.3903108861825,904.4840349997685,50406.7080079999,320.2682926829268
1787819137,9,,Aggregated,4.600000,0.000000,1100,1100,1100,1400,1900,2100,19000,35000,50000,50000,50000,1849,0,1100,1991.8125886830753,904.4840349997685,50406.7080079999,320.25419145484045
1787819138,9,,Aggregated,4.600000,0.000000,1100,1100,1100,1400,1900,2100,19000,35000,50000,50000,50000,1854,0,1100,1989.7028705420746,904.4840349997685,50406.7080079999,320.25026968716287
1787819139,9,,Aggregated,4.600000,0.000000,1100,1100,1100,1400,1900,2100,19000,35000,50000,50000,50000,1857,0,1100,1988.1024904060348,904.4840349997685,50406.7080079999,320.23909531502426
1787819140,9,,Aggregated,4.600000,0.000000,1100,1100,1100,1400,1900,2100,19000,35000,50000,50000,50000,1861,0,1100,1986.4192006039802,904.4840349997685,50406.7080079999,320.25577646426655
1787819141,9,,Aggregated,4.600000,0.000000,1100,1100,1100,1400,1900,2100,19000,35000,50000,50000,50000,1866,0,1100,2002.5268560584175,904.4840349997685,50406.7080079999,320.2502679528403
1787819142,9,,Aggregated,4.500000,0.000000,1100,1100,1100,1400,1900,2100,19000,35000,50000,50000,50000,1871,0,1100,2000.3082456055627,904.4840349997685,50406.7080079999,320.2474612506681
1787819143,9,,Aggregated,4.600000,0.000000,1100,1100,1100,1400,1900,2100,19000,35000,50000,50000,50000,1875,0,1100,1998.2216244586707,904.4840349997685,50406.7080079999,320.2357333333333
1787819144,9,,Aggregated,4.600000,0.000000,1100,1100,1100,1400,1900,2100,19000,35000,50000,50000,50000,1879,0,1100,1996.6547604630157,904.4840349997685,50406.7080079999,320.2565194252262
1787819145,9,,Aggregated,4.500000,0.000000,1100,1100,1100,1400,1900,2100,19000,35000,50000,50000,50000,1884,0,1100,2000.3548815939528,904.4840349997685,50406.7080079999,320.27813163481954
1787819146,9,,Aggregated,4.300000,0.000000,1100,1100,1100,1400,1900,2100,19000,35000,50000,50000,50000,1888,0,1100,1998.8696308908934,904.4840349997685,50406.7080079999,320.2648305084746
1787819147,9,,Aggregated,4.400000,0.000000,1100,1100,1100,1400,1900,2100,19000,35000,50000,50000,50000,1894,0,1100,1996.2965339788846,904.4840349997685,50406.7080079999,320.2661034846885
1787819148,9,,Aggregated,4.500000,0.000000,1100,1100,1100,1400,1900,2100,19000,35000,50000,50000,50000,1897,0,1100,1994.7158216510318,904.4840349997685,50406.7080079999,320.2546125461255
1787819149,9,,Aggregated,4.400000,0.000000,1100,1100,1100,1400,1900,2100,19000,35000,50000,50000,50000,1901,0,1100,1992.8554984381942,904.4840349997685,50406.7080079999,320.26985796948975
1787819150,9,,Aggregated,4.500000,0.000000,1100,1100,1100,1400,1900,2100,19000,35000,50000,50000,50000,1905,0,1100,1991.362975490817,904.4840349997685,50406.7080079999,320.2577427821522
1787819151,9,,Aggregated,4.500000,0.000000,1100,1100,1100,1400,1900,2100,19000,35000,50000,50000,50000,1910,0,1100,1989.3148069905787,904.4840349997685,50406.7080079999,320.25916230366494
1787819152,9,,Aggregated,4.300000,0.000000,1100,1100,1100,1400,1900,2100,19000,35000,50000,50000,50000,1914,0,1100,1987.4739834728348,904.4840349997685,50406.7080079999,320.2763845350052
1787819153,9,,Aggregated,4.400000,0.000000,1100,1100,1100,1400,1900,2100,19000,35000,50000,50000,50000,1918,0,1100,1986.235248789367,904.4840349997685,50406.7080079999,320.26381647549533
1787819154,9,,Aggregated,4.400000,0.000000,1100,1100,1100,1400,1900,2100,19000,35000,50000,50000,50000,1922,0,1100,1984.6775234094719,861.5049749996615,50406.7080079999,320.2819979188345
1787819155,9,,Aggregated,4.300000,0.000000,1100,1100,1100,1400,1900,2100,19000,35000,50000,50000,50000,1927,0,1100,1982.4914025059702,861.5049749996615,50406.7080079999,320.2781525687597
1787819156,9,,Aggregated,4.300000,0.000000,1100,1100,1100,1400,1900,2100,19000,35000,50000,50000,50000,1931,0,1100,1980.504907477475,861.5049749996615,50406.7080079999,320.26618332470224
1787819157,9,,Aggregated,4.300000,0.000000,1100,1100,1100,1400,1900,2100,19000,35000,50000,50000,50000,1937,0,1100,1995.616608062986,861.5049749996615,50406.7080079999,320.2653588022716
1787819158,9,,Aggregated,4.200000,0.000000,1100,1100,1100,1400,1900,2100,19000,35000,50000,50000,50000,1941,0,1100,1993.643703387946,861.5049749996615,50406.7080079999,320.25296239052034
1787819159,9,,Aggregated,4.500000,0.000000,1100,1100,1100,1400,1900,2100,19000,35000,50000,50000,50000,1947,0,1100,1991.3810281884969,861.5049749996615,50406.7080079999,320.2552645095018
1787819160,9,,Aggregated,4.500000,0.000000,1100,1100,1100,1400,1900,2100,19000,35000,50000,50000,50000,1950,0,1100,1989.8875890041047,861.5049749996615,50406.7080079999,320.2620512820513
1787819161,9,,Aggregated,4.400000,0.000000,1100,1100,1100,1400,1900,2100,19000,35000,50000,50000,50000,1955,0,1100,1987.8109225703336,861.5049749996615,50406.7080079999,320.25984654731457
1787819162,9,,Aggregated,4.600000,0.000000,1100,1100,1100,1400,1900,2100,19000,35000,50000,50000,50000,1959,0,1100,1985.8522756217465,861.5049749996615,50406.7080079999,320.2516590096988
1787819163,9,,Aggregated,4.400000,0.000000,1100,1100,1100,1400,1900,2100,19000,35000,50000,50000,50000,1964,0,1100,1983.7158198783102,861.5049749996615,50406.7080079999,320.2510183299389
1787819164,9,,Aggregated,4.500000,0.000000,1100,1100,1100,1400,1900,2100,19000,35000,50000,50000,50000,1969,0,1100,1981.6304717653638,861.5049749996615,50406.7080079999,320.2478415439309
1787819165,9,,Aggregated,4.600000,0.000000,1100,1100,1100,1400,1900,2100,19000,35000,50000,50000,50000,1973,0,1100,1979.6964736386212,861.5049749996615,50406.7080079999,320.23568170299035
1787819166,9,,Aggregated,4.600000,0.000000,1100,1100,1100,1400,1900,2100,19000,35000,50000,50000,50000,1978,0,1100,1977.770904056623,861.5049749996615,50406.7080079999,320.2406471183013
1787819167,9,,Aggregated,4.600000,0.000000,1100,1100,1100,1400,1900,2100,19000,35000,50000,50000,50000,1981,0,1100,1976.2684312660278,861.5049749996615,50406.7080079999,320.2291771832408
1787819168,9,,Aggregated,4.500000,0.000000,1100,1100,1100,1400,1900,2100,19000,35000,50000,50000,50000,1986,0,1100,1974.2983958126888,861.5049749996615,50406.7080079999,320.2245720040282
1787819169,9,,Aggregated,4.400000,0.000000,1100,1100,1100,1400,1900,2100,19000,35000,50000,50000,50000,1989,0,1100,1972.8325477094018,861.5049749996615,50406.7080079999,320.23127199597786
1787819170,9,,Aggregated,4.300000,0.000000,1100,1100,1100,1400,1900,2100,19000,35000,50000,50000,50000,1995,0,1100,1970.8350042421052,861.5049749996615,50406.7080079999,320.23308270676694
1787819171,9,,Aggregated,4.400000,0.000000,1100,1100,1100,1400,1900,2100,19000,35000,50000,50000,50000,1999,0,1100,1968.9252130315158,861.5049749996615,50406.7080079999,320.2216108054027
1787819172,9,,Aggregated,4.300000,0.000000,1100,1100,1100,1400,1900,2100,19000,30000,50000,50000,50000,2003,0,1100,1967.4766343414876,861.5049749996615,50406.7080079999,320.23814278582125
1787819173,9,,Aggregated,4.500000,0.000000,1100,1100,1100,1400,1900,2100,19000,30000,50000,50000,50000,2008,0,1100,1972.5766065926298,861.5049749996615,50406.7080079999,320.22709163346616
1787819174,9,,Aggregated,4.400000,0.000000,1100,1100,1100,1400,1900,2100,19000,35000,50000,50000,50000,2013,0,1100,1995.1117283626436,861.5049749996615,50406.7080079999,320.24739195231
1787819175,9,,Aggregated,4.500000,0.000000,1100,1100,1100,1400,1900,2100,19000,35000,50000,50000,50000,2018,0,1100,1993.6638600203182,861.5049749996615,50406.7080079999,320.24727452923685
1787819176,9,,Aggregated,4.400000,0.000000,1100,1100,1100,1400,1900,2100,19000,35000,50000,50000,50000,2022,0,1100,2008.5676397502484,861.5049749996615,50406.7080079999,320.2433234421365
1787819177,9,,Aggregated,4.400000,0.000000,1100,1100,1100,1400,1900,2100,19000,35000,50000,50000,50000,2027,0,1100,2006.5663243971399,861.5049749996615,50406.7080079999,320.2402565367538
1787819178,9,,Aggregated,4.500000,0.000000,1100,1100,1100,1400,1900,2100,19000,35000,50000,50000,50000,2030,0,1100,2005.100675568474,861.5049749996615,50406.7080079999,320.2512315270936
1787819179,9,,Aggregated,4.500000,0.000000,1100,1100,1100,1400,1900,2100,19000,35000,50000,50000,50000,2035,0,1100,2003.4335014437352,861.5049749996615,50406.7080079999,320.24815724815727
1787819180,9,,Aggregated,4.500000,0.000000,1100,1100,1100,1400,1900,2100,19000,35000,50000,50000,50000,2039,0,1100,2001.4841942177545,861.5049749996615,50406.7080079999,320.2363903874448
1787819181,9,,Aggregated,4.300000,0.000000,1100,1100,1100,1400,1900,2100,19000,35000,50000,50000,50000,2045,0,1100,1999.046276105134,861.5049749996615,50406.7080079999,320.2371638141809
1787819182,9,,Aggregated,4.500000,0.000000,1100,1100,1100,1400,1900,2100,19000,35000,50000,50000,50000,2049,0,1100,1997.3348871278672,861.5049749996615,50406.7080079999,320.25231820400194
1787819183,9,,Aggregated,4.500000,0.000000,1100,1100,1100,1400,1900,2100,19000,35000,50000,50000,50000,2054,0,1100,2007.6883890131444,861.5049749996615,50406.7080079999,320.24391431353456
1787819184,9,,Aggregated,4.600000,0.000000,1100,1100,1100,1400,1900,2100,19000,35000,50000,50000,50000,2059,0,1100,2005.7556365114128,861.5049749996615,50406.7080079999,320.24186498300145
1787819185,9,,Aggregated,4.400000,0.000000,1100,1100,1100,1400,1900,2100,19000,35000,50000,50000,50000,2061,0,1100,2004.7351368326056,861.5049749996615,50406.7080079999,320.24987869966037
1787819186,9,,Aggregated,4.600000,0.000000,1100,1100,1100,1400,1900,2100,19000,35000,50000,50000,50000,2065,0,1100,2003.067361207748,861.5049749996615,50406.7080079999,320.2653753026634
1787819187,9,,Aggregated,4.600000,0.000000,1100,1100,1100,1400,1900,2100,19000,35000,50000,50000,50000,2069,0,1100,2001.873114441276,861.5049749996615,50406.7080079999,320.25471242145966
1787819188,9,,Aggregated,4.300000,0.000000,1100,1100,1100,1400,1900,2100,19000,35000,50000,50000,50000,2074,0,1100,2000.0226469392478,861.5049749996615,50406.7080079999,320.2521697203472
1787819189,9,,Aggregated,4.200000,0.000000,1100,1100,1100,1400,1900,2100,19000,35000,50000,50000,50000,2079,0,1100,2005.3013357792206,861.5049749996615,50406.7080079999,320.24242424242425
1787819190,9,,Aggregated,4.200000,0.000000,1100,1100,1100,1400,1900,2100,19000,35000,50000,50000,50000,2084,0,1100,2003.3871837188096,861.5049749996615,50406.7080079999,320.2432821497121
1787819191,9,,Aggregated,4.400000,0.000000,1100,1100,1100,1400,1900,2100,19000,35000,50000,50000,50000,2089,0,1100,2001.4338998903784,861.5049749996615,50406.7080079999,320.24461464815704
1787819192,9,,Aggregated,4.400000,0.000000,1100,1100,1100,1400,1900,2100,19000,35000,50000,50000,50000,2093,0,1100,1999.5786937458195,861.5049749996615,50406.7080079999,320.23268036311515
1787819193,9,,Aggregated,4.400000,0.000000,1100,1100,1100,1400,1900,2100,19000,35000,50000,50000,50000,2099,0,1100,1997.1143864049545,861.5049749996615,50406.7080079999,320.2329680800381
1787819194,9,,Aggregated,4.400000,0.000000,1100,1100,1100,1400,1900,2100,19000,35000,50000,50000,50000,2101,0,1100,1996.1424424593047,861.5049749996615,50406.7080079999,320.24083769633506
1787819195,9,,Aggregated,4.500000,0.000000,1100,1100,1100,1400,1900,2100,19000,35000,50000,50000,50000,2106,0,1100,1994.7639788119661,861.5049749996615,50406.7080079999,320.2383665716999
1787819196,9,,Aggregated,4.500000,0.000000,1100,1100,1100,1400,1900,2100,19000,35000,50000,50000,50000,2110,0,1100,1992.9107164042657,861.5049749996615,50406.7080079999,320.22796208530804
1787819197,9,,Aggregated,4.300000,0.000000,1100,1100,1100,1400,1900,2100,19000,35000,50000,50000,50000,2115,0,1100,1990.8852563030732,861.5049749996615,50406.7080079999,320.2274231678487
1787819198,9,,Aggregated,4.500000,0.000000,1100,1100,1100,1400,1900,2100,19000,35000,50000,50000,50000,2118,0,1100,1989.5020982648723,861.5049749996615,50406.7080079999,320.23418319169025
1787819199,9,,Aggregated,4.500000,0.000000,1100,1100,1100,1400,1900,2100,19000,35000,50000,50000,50000,2124,0,1100,1994.7600839755169,861.5049749996615,50406.7080079999,320.23446327683615
1787819200,9,,Aggregated,4.600000,0.000000,1100,1100,1100,1400,1900,2100,19000,35000,50000,50000,50000,2129,0,1100,1992.6790687858133,861.5049749996615,50406.7080079999,320.2320338186942
1787819201,9,,Aggregated,4.400000,0.000000,1100,1100,1100,1400,1900,2100,19000,35000,50000,50000,50000,2133,0,1100,1990.8508513075467,861.5049749996615,50406.7080079999,320.2198781059541
1787819202,9,,Aggregated,4.500000,0.000000,1100,1100,1100,1400,1900,2100,19000,35000,50000,50000,50000,2137,0,1100,1989.4181797786612,861.5049749996615,50406.7080079999,320.2344408048666
1787819203,9,,Aggregated,4.500000,0.000000,1100,1100,1100,1400,1900,2100,19000,35000,50000,50000,50000,2140,0,1100,1988.0278215252333,861.5049749996615,50406.7080079999,320.22476635514016
1787819204,9,,Aggregated,4.400000,0.000000,1100,1100,1100,1400,1900,2100,19000,35000,50000,50000,50000,2145,0,1100,1986.0171792004658,861.5049749996615,50406.7080079999,320.2223776223776
1787819205,9,,Aggregated,4.400000,0.000000,1100,1100,1100,1400,1900,2100,19000,35000,50000,50000,50000,2148,0,1100,1984.9634124948782,861.5049749996615,50406.7080079999,320.2323091247672
1787819206,9,,Aggregated,4.300000,0.000000,1100,1100,1100,1400,1900,2100,19000,35000,50000,50000,50000,2153,0,1100,1983.731908262888,861.5049749996615,50406.7080079999,320.2336274965165
1787819207,9,,Aggregated,4.300000,0.000000,1100,1100,1100,1400,1900,2100,19000,35000,50000,50000,50000,2158,0,1100,1981.8095295537528,861.5049749996615,50406.7080079999,320.23123262279887
1787819208,9,,Aggregated,4.200000,0.000000,1100,1100,1100,1400,1900,2100,19000,35000,50000,50000,50000,2163,0,1100,1979.5916615210347,861.5049749996615,50406.7080079999,320.2246879334258
1787819209,9,,Aggregated,4.300000,0.000000,1100,1100,1100,1400,1900,2100,19000,35000,50000,50000,50000,2168,0,1100,1986.1862949192798,861.5049749996615,50406.7080079999,320.2440036900369
1787819210,9,,Aggregated,4.400000,0.000000,1100,1100,1100,1400,1900,2100,19000,35000,50000,50000,50000,2171,0,1100,1985.3027462584057,861.5049749996615,50406.7080079999,320.2344541685859
1787819211,9,,Aggregated,4.500000,0.000000,1100,1100,1100,1400,1900,2100,19000,35000,50000,50000,50000,2177,0,1100,1998.561693764814,861.5049749996615,50406.7080079999,320.23840146991273
1787819212,9,,Aggregated,4.400000,0.000000,1100,1100,1100,1400,1900,2100,19000,35000,50000,50000,50000,2181,0,1100,1996.7687269523155,861.5049749996615,50406.7080079999,320.2283356258597
1787819213,9,,Aggregated,4.300000,0.000000,1100,1100,1100,1400,1900,2100,19000,35000,50000,50000,50000,2185,0,1100,1995.3866002013733,861.5049749996615,50406.7080079999,320.2466819221968
1787819214,9,,Aggregated,4.400000,0.000000,1100,1100,1100,1400,1900,2100,19000,35000,50000,50000,50000,2189,0,1100,1994.0937847345817,861.5049749996615,50406.7080079999,320.2352672453175
1787819215,9,,Aggregated,4.300000,0.000000,1100,1100,1100,1400,1900,2100,19000,35000,50000,50000,50000,2194,0,1100,1992.304122683683,861.5049749996615,50406.7080079999,320.2347310847767
1787819216,9,,Aggregated,4.300000,0.000000,1100,1100,1100,1400,1900,2100,19000,35000,50000,50000,50000,2199,0,1100,1990.4063751532515,861.5049749996615,50406.7080079999,320.2341973624375
1787819217,9,,Aggregated,4.500000,0.000000,1100,1100,1100,1400,1900,2100,19000,35000,50000,50000,50000,2203,0,1100,1996.3112287380839,861.5049749996615,50406.7080079999,320.2419428052655
1787819218,9,,Aggregated,4.600000,0.000000,1100,1100,1100,1400,1900,2100,19000,35000,50000,50000,50000,2207,0,1100,1994.8728826125957,861.5049749996615,50406.7080079999,320.2591753511554
1787819219,9,,Aggregated,4.600000,0.000000,1100,1100,1100,1400,1900,2100,19000,35000,50000,50000,50000,2212,0,1100,1993.355477051537,861.5049749996615,50406.7080079999,320.25632911392404
1787819220,9,,Aggregated,4.400000,0.000000,1100,1100,1100,1400,1900,2100,19000,35000,50000,50000,50000,2216,0,1100,1991.5267911096569,861.5049749996615,50406.7080079999,320.2504512635379
1787819221,9,,Aggregated,4.400000,0.000000,1100,1100,1100,1400,1900,2100,19000,35000,50000,50000,50000,2220,0,1100,1990.1230706283782,861.5049749996615,50406.7080079999,320.2707207207207
1787819222,9,,Aggregated,4.400000,0.000000,1100,1100,1100,1400,1900,2100,19000,35000,50000,50000,50000,2224,0,1100,1989.0169511861507,861.5049749996615,50406.7080079999,320.26079136690646
1787819223,9,,Aggregated,4.500000,0.000000,1100,1100,1100,1400,1900,2100,19000,35000,50000,50000,50000,2229,0,1100,1987.0501656204578,861.5049749996615,50406.7080079999,320.26065500224314
1787819224,9,,Aggregated,4.300000,0.000000,1100,1100,1100,1400,1900,2100,19000,35000,50000,50000,50000,2233,0,1100,1985.3296362615315,861.5049749996615,50406.7080079999,320.2507836990596
1787819225,9,,Aggregated,4.300000,0.000000,1100,1100,1100,1400,1900,2100,19000,35000,50000,50000,50000,2239,0,1100,2005.0362405238952,861.5049749996615,50406.7080079999,320.2518981688254
1787819226,9,,Aggregated,4.400000,0.000000,1100,1100,1100,1400,1900,2100,19000,35000,50000,50000,50000,2244,0,1100,2003.1129963957226,861.5049749996615,50406.7080079999,320.25267379679144
1787819227,9,,Aggregated,4.500000,0.000000,1100,1100,1100,1400,1900,2100,19000,35000,50000,50000,50000,2249,0,1100,2008.8032473041355,861.5049749996615,50406.7080079999,320.24321920853714
1787819228,9,,Aggregated,4.500000,0.000000,1100,1100,1100,1400,1900,2100,19000,35000,50000,50000,50000,2253,0,1100,2007.4076021331566,861.5049749996615,50406.7080079999,320.2561029738127
1787819229,9,,Aggregated,4.500000,0.000000,1100,1100,1100,1400,1900,2100,19000,35000,50000,50000,50000,2258,0,1100,2005.7354782630646,861.5049749996615,50406.7080079999,320.25642161204604
1787819230,9,,Aggregated,4.600000,0.000000,1100,1100,1100,1400,1900,2100,19000,35000,50000,50000,50000,2261,0,1100,2004.3798512233523,861.5049749996615,50406.7080079999,320.2459088898717
1787819231,9,,Aggregated,4.600000,0.000000,1100,1100,1100,1400,1900,2100,19000,35000,50000,50000,50000,2266,0,1100,2002.5567326650478,861.5049749996615,50406.7080079999,320.24713150926743
1787819232,9,,Aggregated,4.600000,0.000000,1100,1100,1100,1400,1900,2100,19000,35000,50000,50000,50000,2271,0,1100,2000.3742129841478,861.5049749996615,50406.7080079999,320.24130339057683
1787819233,9,,Aggregated,4.500000,0.000000,1100,1100,1100,1400,1900,2100,19000,35000,50000,50000,50000,2276,0,1100,1998.4844030579957,861.5049749996615,50406.7080079999,320.23813708260104
1787819234,9,,Aggregated,4.700000,0.000000,1100,1100,1100,1400,1900,2100,19000,35000,50000,50000,50000,2279,0,1100,1997.1728545300566,861.5049749996615,50406.7080079999,320.24484422992543
1787819235,9,,Aggregated,4.700000,0.000000,1100,1100,1100,1400,1900,2100,19000,35000,50000,50000,50000,2284,0,1100,1995.4587669750424,861.5049749996615,50406.7080079999,320.2456217162872
1787819236,9,,Aggregated,4.700000,0.000000,1100,1100,1100,1400,1900,2100,19000,35000,50000,50000,50000,2288,0,1100,1993.932845589159,861.5049749996615,50406.7080079999,320.2600524475524
1787819237,9,,Aggregated,4.400000,0.000000,1100,1100,1100,1400,1900,2100,19000,35000,50000,50000,50000,2292,0,1100,1992.8173590837673,861.5049749996615,50406.7080079999,320.2504363001745
1787819238,9,,Aggregated,4.500000,0.000000,1100,1100,1100,1400,1900,2100,19000,35000,50000,50000,50000,2297,0,1100,1991.0803716360447,861.5049749996615,50406.7080079999,320.25380931649977
1787819239,9,,Aggregated,4.400000,0.000000,1100,1100,1100,1400,1900,2100,19000,35000,50000,50000,50000,2300,0,1100,1989.770063255216,861.5049749996615,50406.7080079999,320.24478260869563
1787819240,9,,Aggregated,4.300000,0.000000,1100,1100,1100,1400,1900,2100,19000,35000,50000,50000,50000,2305,0,1100,1987.8906829973957,861.5049749996615,50406.7080079999,320.2459869848156
1787819241,9,,Aggregated,4.400000,0.000000,1100,1100,1100,1400,1900,2100,19000,35000,50000,50000,50000,2310,0,1100,1986.214341704328,861.5049749996615,50406.7080079999,320.24372294372296
1787819242,9,,Aggregated,4.200000,0.000000,1100,1100,1100,1400,1900,2100,19000,35000,50000,50000,50000,2314,0,1100,1984.560480634399,861.5049749996615,50406.7080079999,320.2342264477096
1787819243,9,,Aggregated,4.300000,0.000000,1100,1100,1100,1400,1900,2100,19000,35000,50000,50000,50000,2321,0,1100,1988.2838432908227,861.5049749996615,50406.7080079999,320.23653597587247
1787819244,9,,Aggregated,4.300000,0.000000,1100,1100,1100,1400,1900,2100,19000,35000,50000,50000,50000,2324,0,1100,1987.0200589535282,861.5049749996615,50406.7080079999,320.2431153184165
1787819245,9,,Aggregated,4.300000,0.000000,1100,1100,1100,1400,1900,2100,19000,35000,50000,50000,50000,2328,0,1100,1985.7015876855678,861.5049749996615,50406.7080079999,320.2560137457045
1787819246,9,,Aggregated,4.500000,0.000000,1100,1100,1100,1400,1900,2100,19000,35000,50000,50000,50000,2335,0,1100,2010.3429847537482,861.5049749996615,50406.7080079999,320.2642398286938
1787819247,9,,Aggregated,4.500000,0.000000,1100,1100,1100,1400,1900,2100,19000,35000,50000,50000,50000,2339,0,1100,2008.7253663937583,861.5049749996615,50406.7080079999,320.2539546814878
1787819248,9,,Aggregated,4.400000,0.000000,1100,1100,1100,1400,1900,2100,19000,35000,50000,50000,50000,2344,0,1100,2006.9956763967587,861.5049749996615,50406.7080079999,320.25213310580205
1787819249,9,,Aggregated,4.700000,0.000000,1100,1100,1100,1400,1900,2100,19000,35000,50000,50000,50000,2346,0,1100,2006.0915142706745,861.5049749996615,50406.7080079999,320.25916453537934
1787819250,9,,Aggregated,4.700000,0.000000,1100,1100,1100,1400,1900,2100,19000,35000,50000,50000,50000,2351,0,1100,2004.6475534504473,861.5049749996615,50406.7080079999,320.25648660144617
1787819251,9,,Aggregated,4.700000,0.000000,1100,1100,1100,1400,1900,2100,19000,35000,50000,50000,50000,2355,0,1100,2002.975417400001,861.5049749996615,50406.7080079999,320.24670912951166
1787819252,9,,Aggregated,4.600000,0.000000,1100,1100,1100,1400,1900,2100,19000,35000,50000,50000,50000,2359,0,1100,2001.6382703916922,861.5049749996615,50406.7080079999,320.26367104705383
1787819253,9,,Aggregated,4.600000,0.000000,1100,1100,1100,1400,1900,2100,19000,35000,50000,50000,50000,2365,0,1100,1999.9849343386886,861.5049749996615,50406.7080079999,320.2630021141649
1787819255,9,,Aggregated,4.600000,0.000000,1100,1100,1100,1400,1900,2100,19000,35000,50000,50000,50000,2367,0,1100,1999.146255121672,861.5049749996615,50406.7080079999,320.26615969581746
1787819256,9,,Aggregated,4.400000,0.000000,1100,1100,1100,1400,1900,2100,19000,35000,50000,50000,50000,2373,0,1100,1997.0504056434884,861.5049749996615,50406.7080079999,320.27265065318164
1787819257,9,,Aggregated,4.400000,0.000000,1100,1100,1100,1400,1900,2100,19000,35000,50000,50000,50000,2377,0,1100,1995.4306581745889,861.5049749996615,50406.7080079999,320.26335717290704
1787819258,9,,Aggregated,4.300000,0.000000,1100,1100,1100,1400,1900,2100,19000,35000,50000,50000,50000,2382,0,1100,1993.7241080159517,861.5049749996615,50406.7080079999,320.2615449202351
1787819259,9,,Aggregated,4.400000,0.000000,1100,1100,1100,1400,1900,2100,19000,35000,50000,50000,50000,2385,0,1100,1992.462751197064,861.5049749996615,50406.7080079999,320.25283018867924
1787819260,9,,Aggregated,4.200000,0.000000,1100,1100,1100,1400,1900,2100,19000,35000,50000,50000,50000,2391,0,1100,1996.6363622404847,861.5049749996615,50406.7080079999,320.2513592639063
1787819261,9,,Aggregated,4.100000,0.000000,1100,1100,1100,1400,1900,2100,19000,35000,50000,50000,50000,2397,0,1100,1994.5343307430107,861.5049749996615,50406.7080079999,320.25239883187317
1787819262,9,,Aggregated,4.100000,0.000000,1100,1100,1100,1400,1900,2100,19000,35000,50000,50000,50000,2400,0,1100,1993.3069178695825,861.5049749996615,50406.7080079999,320.25875
1787819263,9,,Aggregated,4.500000,0.000000,1100,1100,1100,1400,1900,2100,19000,35000,50000,50000,50000,2405,0,1100,1991.8990000465694,861.5049749996615,50406.7080079999,320.25530145530143
1787819264,9,,Aggregated,4.500000,0.000000,1100,1100,1100,1400,1900,2100,19000,35000,50000,50000,50000,2409,0,1100,1990.3157930112077,861.5049749996615,50406.7080079999,320.2461602324616
1787819265,9,,Aggregated,4.400000,0.000000,1100,1100,1100,1400,1900,2100,19000,35000,50000,50000,50000,2414,0,1100,1988.6611475492955,861.5049749996615,50406.7080079999,320.2444076222038
1787819266,9,,Aggregated,4.600000,0.000000,1100,1100,1100,1400,1900,2100,19000,35000,50000,50000,50000,2418,0,1100,1987.255251759305,861.5049749996615,50406.7080079999,320.258064516129
1787819267,9,,Aggregated,4.400000,0.000000,1100,1100,1100,1400,1900,2100,19000,35000,50000,50000,50000,2423,0,1100,1993.47025640487,861.5049749996615,50406.7080079999,320.24969046636403
1787819268,9,,Aggregated,4.600000,0.000000,1100,1100,1100,1400,1900,2100,19000,35000,50000,50000,50000,2428,0,1100,1991.76839484061,861.5049749996615,50406.7080079999,320.2520593080725
1787819269,9,,Aggregated,4.600000,0.000000,1100,1100,1100,1400,1900,2100,19000,35000,50000,50000,50000,2432,0,1100,1990.1873335291955,861.5049749996615,50406.7080079999,320.24342105263156
1787819270,9,,Aggregated,4.600000,0.000000,1100,1100,1100,1400,1900,2100,19000,35000,50000,50000,50000,2436,0,1100,1988.8230396395745,861.5049749996615,50406.7080079999,320.25656814449917
1787819271,9,,Aggregated,4.500000,0.000000,1100,1100,1100,1400,1900,2100,19000,35000,50000,50000,50000,2440,0,1100,1987.6827303979524,861.5049749996615,50406.7080079999,320.25040983606556
1787819272,9,,Aggregated,4.700000,0.000000,1100,1100,1100,1400,1900,2100,19000,35000,50000,50000,50000,2445,0,1100,1986.0683078110442,861.5049749996615,50406.7080079999,320.2511247443763
1787819273,9,,Aggregated,4.500000,0.000000,1100,1100,1100,1400,1900,2100,19000,35000,50000,50000,50000,2448,0,1100,1984.8595457651159,861.5049749996615,50406.7080079999,320.2565359477124
1787819274,9,,Aggregated,4.400000,0.000000,1100,1100,1100,1400,1900,2100,19000,35000,50000,50000,50000,2453,0,1100,1983.2484813151264,861.5049749996615,50406.7080079999,320.2551977170811
1787819275,9,,Aggregated,4.500000,0.000000,1100,1100,1100,1400,1900,2100,19000,35000,50000,50000,50000,2457,0,1100,1981.9703810260498,861.5049749996615,50406.7080079999,320.2682132682133
1787819276,9,,Aggregated,4.300000,0.000000,1100,1100,1100,1400,1900,2100,19000,35000,50000,50000,50000,2462,0,1100,2000.4659907863545,861.5049749996615,50406.7080079999,320.26157595450854
1787819277,9,,Aggregated,4.400000,0.000000,1100,1100,1100,1400,1900,2100,19000,35000,50000,50000,50000,2467,0,1100,1998.8980860855308,861.5049749996615,50406.7080079999,320.2590190514795
1787819278,9,,Aggregated,4.300000,0.000000,1100,1100,1100,1400,1900,2100,19000,35000,50000,50000,50000,2470,0,1100,1997.6694493145765,861.5049749996615,50406.7080079999,320.2502024291498
1787819279,9,,Aggregated,4.400000,0.000000,1100,1100,1100,1400,1900,2100,19000,35000,50000,50000,50000,2474,0,1100,1996.3689628387244,861.5049749996615,50406.7080079999,320.26273241713824
1787819280,9,,Aggregated,4.300000,0.000000,1100,1100,1100,1400,1900,2100,19000,35000,50000,50000,50000,2480,0,1100,2001.841290166534,861.5049749996615,50406.7080079999,320.2608870967742
1787819281,9,,Aggregated,4.300000,0.000000,1100,1100,1100,1400,1900,2100,19000,35000,50000,50000,50000,2485,0,1100,2000.2195651267616,861.5049749996615,50406.7080079999,320.25835010060365
1787819282,9,,Aggregated,4.200000,0.000000,1100,1100,1100,1400,1900,2100,19000,35000,50000,50000,50000,2490,0,1100,2011.9386591734956,861.5049749996615,50406.7080079999,320.2550200803213
1787819283,9,,Aggregated,4.300000,0.000000,1100,1100,1100,1400,1900,2100,19000,35000,50000,50000,50000,2494,0,1100,2010.686722635928,861.5049749996615,50406.7080079999,320.2674418604651
1787819284,9,,Aggregated,4.500000,0.000000,1100,1100,1100,1400,1900,2100,19000,35000,50000,50000,50000,2499,0,1100,2009.355281497,861.5049749996615,50406.7080079999,320.2689075630252
1787819285,9,,Aggregated,4.500000,0.000000,1100,1100,1100,1400,1900,2100,19000,35000,50000,50000,50000,2504,0,1100,2014.2599713797943,861.5049749996615,50406.7080079999,320.26078274760386
1787819286,9,,Aggregated,4.600000,0.000000,1100,1100,1100,1400,1900,2100,19000,35000,50000,50000,50000,2508,0,1100,2012.9797795865254,861.5049749996615,50406.7080079999,320.27272727272725
1787819287,9,,Aggregated,4.600000,0.000000,1100,1100,1100,1400,1900,2100,19000,35000,50000,50000,50000,2510,0,1100,2012.133582708767,861.5049749996615,50406.7080079999,320.2792828685259
1787819288,9,,Aggregated,4.700000,0.000000,1100,1100,1100,1400,1900,2100,19000,35000,50000,50000,50000,2515,0,1100,2011.0823606055696,861.5049749996615,50406.7080079999,320.2803180914513
1787819289,9,,Aggregated,4.500000,0.000000,1100,1100,1100,1400,1900,2100,19000,35000,50000,50000,50000,2520,0,1100,2009.4013641119084,861.5049749996615,50406.7080079999,320.284126984127
1787819290,9,,Aggregated,4.300000,0.000000,1100,1100,1100,1400,1900,2100,19000,35000,50000,50000,50000,2524,0,1100,2007.8464453086406,861.5049749996615,50406.7080079999,320.2745641838352
1787819291,9,,Aggregated,4.500000,0.000000,1100,1100,1100,1400,1900,2100,19000,35000,50000,50000,50000,2529,0,1100,2006.1367449533448,861.5049749996615,50406.7080079999,320.27204428627914
1787819292,9,,Aggregated,4.500000,0.000000,1100,1100,1100,1400,1900,2100,19000,35000,50000,50000,50000,2534,0,1100,2004.1472045414403,861.5049749996615,50406.7080079999,320.2651933701657
1787819293,9,,Aggregated,4.500000,0.000000,1100,1100,1100,1400,1900,2100,19000,35000,50000,50000,50000,2539,0,1100,2002.5513046211142,861.5049749996615,50406.7080079999,320.26191413942496
1787819294,9,,Aggregated,4.400000,0.000000,1100,1100,1100,1400,1900,2100,19000,35000,50000,50000,50000,2544,0,1100,2000.8494791088879,861.5049749996615,50406.7080079999,320.2625786163522
1787819295,9,,Aggregated,4.500000,0.000000,1100,1100,1100,1400,1900,2100,19000,35000,50000,50000,50000,2548,0,1100,1999.344879872453,861.5049749996615,50406.7080079999,320.25274725274727
1787819296,9,,Aggregated,4.500000,0.000000,1100,1100,1100,1400,1900,2100,19000,35000,50000,50000,50000,2552,0,1100,1998.1252598428719,861.5049749996615,50406.7080079999,320.2507836990596
1787819297,9,,Aggregated,4.300000,0.000000,1100,1100,1100,1400,1900,2100,19000,35000,50000,50000,50000,2556,0,1100,1996.6198780747295,861.5049749996615,50406.7080079999,320.2421752738654
1787819298,9,,Aggregated,4.300000,0.000000,1100,1100,1100,1400,1900,2100,19000,35000,50000,50000,50000,2560,0,1100,1995.283077510941,861.5049749996615,50406.7080079999,320.25703125
1787819299,9,,Aggregated,4.500000,0.000000,1100,1100,1100,1400,1900,2100,19000,35000,50000,50000,50000,2564,0,1100,1993.8241527032012,861.5049749996615,50406.7080079999,320.2480499219969
1787819300,9,,Aggregated,4.500000,0.000000,1100,1100,1100,1400,1900,2100,19000,35000,50000,50000,50000,2569,0,1100,1999.5894714375272,861.5049749996615,50406.7080079999,320.26041261191125
1787819301,9,,Aggregated,4.500000,0.000000,1100,1100,1100,1400,1900,2100,19000,35000,50000,50000,50000,2574,0,1100,1998.2877349576568,861.5049749996615,50406.7080079999,320.25796425796426
1787819302,9,,Aggregated,4.400000,0.000000,1100,1100,1100,1400,1900,2100,19000,35000,50000,50000,50000,2579,0,1100,2002.484712323384,861.5049749996615,50406.7080079999,320.2500969367972
1787819303,9,,Aggregated,4.500000,0.000000,1100,1100,1100,1400,1900,2100,19000,35000,50000,50000,50000,2584,0,1100,2000.9452451950494,861.5049749996615,50406.7080079999,320.2530959752322
1787819304,9,,Aggregated,4.600000,0.000000,1100,1100,1100,1400,1900,2100,19000,35000,50000,50000,50000,2587,0,1100,1999.7160358998872,861.5049749996615,50406.7080079999,320.262466177039
1787819305,9,,Aggregated,4.600000,0.000000,1100,1100,1100,1400,1900,2100,19000,35000,50000,50000,50000,2592,0,1100,1998.3616829120408,861.5049749996615,50406.7080079999,320.2596450617284
1787819306,9,,Aggregated,4.500000,0.000000,1100,1100,1100,1400,1900,2100,19000,35000,50000,50000,50000,2596,0,1100,1996.8578012977696,861.5049749996615,50406.7080079999,320.251155624037
1787819307,9,,Aggregated,4.200000,0.000000,1100,1100,1100,1400,1900,2100,19000,35000,50000,50000,50000,2601,0,1100,1995.3726572529833,861.5049749996615,50406.7080079999,320.24951941560937
1787819308,9,,Aggregated,4.500000,0.000000,1100,1100,1100,1400,1900,2100,19000,35000,50000,50000,50000,2605,0,1100,1994.126503319773,861.5049749996615,50406.7080079999,320.2618042226488
1787819309,9,,Aggregated,4.400000,0.000000,1100,1100,1100,1400,1900,2100,19000,35000,50000,50000,50000,2609,0,1100,1993.0366924342693,861.5049749996615,50406.7080079999,320.2525871981602
1787819310,9,,Aggregated,4.600000,0.000000,1100,1100,1100,1400,1900,2100,19000,35000,50000,50000,50000,2614,0,1100,1991.5890001786568,861.5049749996615,50406.7080079999,320.2517214996174
1787819311,9,,Aggregated,4.500000,0.000000,1100,1100,1100,1400,1900,2100,19000,35000,50000,50000,50000,2617,0,1100,1990.466868511658,861.5049749996615,50406.7080079999,320.2575468093236
1787819312,9,,Aggregated,4.500000,0.000000,1100,1100,1100,1400,1900,2100,19000,35000,50000,50000,50000,2621,0,1100,1989.3083137375083,861.5049749996615,50406.7080079999,320.2739412438001
1787819313,9,,Aggregated,4.500000,0.000000,1100,1100,1100,1400,1900,2100,19000,35000,50000,50000,50000,2624,0,1100,1988.716075666543,861.5049749996615,50406.7080079999,320.265625
1787819314,9,,Aggregated,4.300000,0.000000,1100,1100,1100,1400,1900,2100,19000,35000,50000,50000,50000,2629,0,1100,1987.106917067709,861.5049749996615,50406.7080079999,320.2647394446558
1787819315,9,,Aggregated,4.100000,0.000000,1100,1100,1100,1400,1900,2100,19000,35000,50000,50000,50000,2633,0,1100,1985.638552176607,861.5049749996615,50406.7080079999,320.25560197493354
1787819316,9,,Aggregated,4.300000,0.000000,1100,1100,1100,1400,1900,2100,19000,35000,50000,50000,50000,2640,0,1100,1989.2992042382593,861.5049749996615,50406.7080079999,320.2594696969697
1787819317,9,,Aggregated,4.300000,0.000000,1100,1100,1100,1400,1900,2100,19000,35000,50000,50000,50000,2646,0,1100,2000.0988213015894,861.5049749996615,50406.7080079999,320.26568405139835
1787819318,9,,Aggregated,4.100000,0.000000,1100,1100,1100,1400,1900,2100,19000,35000,50000,50000,50000,2650,0,1100,1998.6121015090587,861.5049749996615,50406.7080079999,320.25735849056605
1787819319,9,,Aggregated,4.300000,0.000000,1100,1100,1100,1400,1900,2100,19000,35000,50000,50000,50000,2655,0,1100,1997.1589807401147,861.5049749996615,50406.7080079999,320.2557438794727
1787819320,9,,Aggregated,4.500000,0.000000,1100,1100,1100,1400,1900,2100,19000,35000,50000,50000,50000,2658,0,1100,1996.0484628043655,861.5049749996615,50406.7080079999,320.2610985703536
1787819321,9,,Aggregated,4.600000,0.000000,1100,1100,1100,1400,1900,2100,19000,35000,50000,50000,50000,2663,0,1100,1994.833350176494,861.5049749996615,50406.7080079999,320.2628614344724
